"V1","V2","V3","V4","V5","V6","V7","V8","V9","V10","V11","V12","V13","V14","V15","V16","V17","V18","V19","V20","V21","V22","V23","V24","V25","V26","V27","V28","V29","V30","V31","V32","V33","V34","V35","V36","V37","V38","V39","V40","V41","V42","V43","V44","V45","V46","V47","V48","V49","V50","V51","V52","V53","V54","V55","V56","V57","V58","V59","V60","V61","V62","V63","V64","V65","V66","V67","V68","V69","V70","V71","V72","V73","V74","V75","V76","V77","V78","V79","V80","V81","V82","V83","V84","V85","V86","V87","V88","V89","V90","V91","V92","V93","V94","V95","V96","V97","V98","V99","V100","V101","V102","V103","V104","V105","V106","V107","V108","V109","V110","V111","V112","V113","V114","V115","V116","V117","V118","V119","V120","V121","V122","V123","V124","V125","V126","V127","V128","V129","V130","V131","V132","V133","V134","V135","V136","V137","V138","V139","V140","V141","V142","V143","V144","V145","V146","V147","V148","V149","V150","V151","V152","V153","V154","V155","V156","V157","V158","V159","V160"
3000,3000,3000,3000,3000,3000,3000,3000,3000,3000,3000,3000,3000,3000,3000,3000,3000,3000,3000,3000,3000,3000,3000,3000,3000,3000,3000,3000,3000,3000,3000,3000,3000,3000,3000,3000,3000,3000,3000,3000,3000,3000,3000,3000,3000,3000,3000,3000,3000,3000,3000,3000,3000,3000,3000,3000,3000,3000,3000,3000,3000,3000,3000,3000,3000,3000,3000,3000,3000,3000,3000,3000,3000,3000,3000,3000,3000,3000,3000,3000,3000,3000,3000,3000,3000,3000,3000,3000,3000,3000,3000,3000,3000,3000,3000,3000,3000,3000,3000,3000,3000,3000,3000,3000,3000,3000,3000,3000,3000,3000,3000,3000,3000,3000,3000,3000,3000,3000,3000,3000,3000,3000,3000,3000,3000,3000,3000,3000,3000,3000,3000,3000,3000,3000,3000,3000,3000,3000,3000,3000,3000,3000,3000,3000,3000,3000,3000,3000,3000,3000,3000,3000,3000,3000,3000,3000,3000,3000,3000,3000
3000,3000,3000,3000,3000,3000,3000,3000,3000,3000,3000,3000,3000,3000,3000,3000,3000,3000,3000,3000,3000,3000,3000,3000,3000,3000,3000,3000,3000,3000,3000,3000,3000,3000,3000,3000,3000,3000,3000,3000,3000,3000,3000,3000,3000,3000,3000,3000,3000,3000,3000,3000,3000,3000,3000,3000,3000,3000,3000,3000,3000,3000,3000,3000,3000,3000,3000,3000,3000,3000,3000,3000,3000,3000,3000,3000,3000,3000,3000,3000,3000,3000,3000,3000,3000,3000,3000,3000,3000,3000,3000,3000,3000,3000,3000,3000,3000,3000,3000,3000,3000,3000,3000,3000,3000,3000,3000,3000,3000,3000,3000,3000,3000,3000,3000,3000,3000,3000,3000,3000,3000,3000,3000,3000,3000,3000,3000,3000,3000,3000,3000,3000,3000,3000,3000,3000,3000,3000,3000,3000,3000,3000,3000,3000,3000,3000,3000,3000,3000,3000,3000,3000,3000,3000,3000,3000,3000,3000,3000,3000
3000,3000,3000,3000,3000,3000,3000,3000,3000,3000,3000,3000,3000,3000,3000,3000,3000,3000,3000,3000,3000,3000,3000,3000,3000,3000,3000,3000,3000,3000,3000,3000,3000,3000,3000,3000,3000,3000,3000,3000,3000,3000,3000,3000,3000,3000,3000,3000,3000,3000,3000,3000,3000,3000,3000,3000,3000,3000,3000,3000,3000,3000,3000,3000,3000,3000,3000,3000,3000,3000,3000,3000,3000,3000,3000,3000,3000,3000,3000,3000,3000,3000,3000,3000,3000,3000,3000,3000,3000,3000,3000,3000,3000,3000,3000,3000,3000,3000,3000,3000,3000,3000,3000,3000,3000,3000,3000,3000,3000,3000,3000,3000,3000,3000,3000,3000,3000,3000,3000,3000,3000,3000,3000,3000,3000,3000,3000,3000,3000,3000,3000,3000,3000,3000,3000,3000,3000,3000,3000,3000,3000,3000,3000,3000,3000,3000,3000,3000,3000,3000,3000,3000,3000,3000,3000,3000,3000,3000,3000,3000
3000,3000,3000,3000,3000,3000,3000,3000,3000,3000,3000,3000,3000,3000,3000,3000,3000,3000,3000,3000,3000,3000,3000,3000,3000,3000,3000,3000,3000,3000,3000,3000,3000,3000,3000,3000,3000,3000,3000,3000,3000,3000,3000,3000,3000,3000,3000,3000,3000,3000,3000,3000,3000,3000,3000,3000,3000,3000,3000,3000,3000,3000,3000,3000,3000,3000,3000,3000,3000,3000,3000,3000,3000,3000,3000,3000,3000,3000,3000,3000,3000,3000,3000,3000,3000,3000,3000,3000,3000,3000,3000,3000,3000,3000,3000,3000,3000,3000,3000,3000,3000,3000,3000,3000,3000,3000,3000,3000,3000,3000,3000,3000,3000,3000,3000,3000,3000,3000,3000,3000,3000,3000,3000,3000,3000,3000,3000,3000,3000,3000,3000,3000,3000,3000,3000,3000,3000,3000,3000,3000,3000,3000,3000,3000,3000,3000,3000,3000,3000,3000,3000,3000,3000,3000,3000,3000,3000,3000,3000,3000
3000,3000,3000,3000,3000,3000,3000,3000,3000,3000,3000,3000,3000,3000,3000,3000,3000,3000,3000,3000,3000,3000,3000,3000,3000,3000,3000,3000,3000,3000,3000,3000,3000,3000,3000,3000,3000,3000,3000,3000,3000,3000,3000,3000,3000,3000,3000,3000,3000,3000,3000,3000,3000,3000,3000,3000,3000,3000,3000,3000,3000,3000,3000,3000,3000,3000,3000,3000,3000,3000,3000,3000,3000,3000,3000,3000,3000,3000,3000,3000,3000,3000,3000,3000,3000,3000,3000,3000,3000,3000,3000,3000,3000,3000,3000,3000,3000,3000,3000,3000,3000,3000,3000,3000,3000,3000,3000,3000,3000,3000,3000,3000,3000,3000,3000,3000,3000,3000,3000,3000,3000,3000,3000,3000,3000,3000,3000,3000,3000,3000,3000,3000,3000,3000,3000,3000,3000,3000,3000,3000,3000,3000,3000,3000,3000,3000,3000,3000,3000,3000,3000,3000,3000,3000,3000,3000,3000,3000,3000,3000
3000,3000,3000,3000,3000,3000,3000,3000,3000,3000,3000,3000,3000,3000,3000,3000,3000,3000,3000,3000,3000,3000,3000,3000,3000,3000,3000,3000,3000,3000,3000,3000,3000,3000,3000,3000,3000,3000,3000,3000,3000,3000,3000,3000,3000,3000,3000,3000,3000,3000,3000,3000,3000,3000,3000,3000,3000,3000,3000,3000,3000,3000,3000,3000,3000,3000,3000,3000,3000,3000,3000,3000,3000,3000,3000,3000,3000,3000,3000,3000,3000,3000,3000,3000,3000,3000,3000,3000,3000,3000,3000,3000,3000,3000,3000,3000,3000,3000,3000,3000,3000,3000,3000,3000,3000,3000,3000,3000,3000,3000,3000,3000,3000,3000,3000,3000,3000,3000,3000,3000,3000,3000,3000,3000,3000,3000,3000,3000,3000,3000,3000,3000,3000,3000,3000,3000,3000,3000,3000,3000,3000,3000,3000,3000,3000,3000,3000,3000,3000,3000,3000,3000,3000,3000,3000,3000,3000,3000,3000,3000
3000,3000,3000,3000,3000,3000,3000,3000,3000,3000,3000,3000,3000,3000,3000,3000,3000,3000,3000,3000,3000,3000,3000,3000,3000,3000,3000,3000,3000,3000,3000,3000,3000,3000,3000,3000,3000,3000,3000,3000,3000,3000,3000,3000,3000,3000,3000,3000,3000,3000,3000,3000,3000,3000,3000,3000,3000,3000,3000,3000,3000,3000,3000,3000,3000,3000,3000,3000,3000,3000,3000,3000,3000,3000,3000,3000,3000,3000,3000,3000,3000,3000,3000,3000,3000,3000,3000,3000,3000,3000,3000,3000,3000,3000,3000,3000,3000,3000,3000,3000,3000,3000,3000,3000,3000,3000,3000,3000,3000,3000,3000,3000,3000,3000,3000,3000,3000,3000,3000,3000,3000,3000,3000,3000,3000,3000,3000,3000,3000,3000,3000,3000,3000,3000,3000,3000,3000,3000,3000,3000,3000,3000,3000,3000,3000,3000,3000,3000,3000,3000,3000,3000,3000,3000,3000,3000,3000,3000,3000,3000
3000,3000,3000,3000,3000,3000,3000,3000,3000,3000,3000,3000,3000,3000,3000,3000,3000,3000,3000,3000,3000,3000,3000,3000,3000,3000,3000,3000,3000,3000,3000,3000,3000,3000,3000,3000,3000,3000,3000,3000,3000,3000,3000,3000,3000,3000,3000,3000,3000,3000,3000,3000,3000,3000,3000,3000,3000,3000,3000,3000,3000,3000,3000,3000,3000,3000,3000,3000,3000,3000,3000,3000,3000,3000,3000,3000,3000,3000,3000,3000,3000,3000,3000,3000,3000,3000,3000,3000,3000,3000,3000,3000,3000,3000,3000,3000,3000,3000,3000,3000,3000,3000,3000,3000,3000,3000,3000,3000,3000,3000,3000,3000,3000,3000,3000,3000,3000,3000,3000,3000,3000,3000,3000,3000,3000,3000,3000,3000,3000,3000,3000,3000,3000,3000,3000,3000,3000,3000,3000,3000,3000,3000,3000,3000,3000,3000,3000,3000,3000,3000,3000,3000,3000,3000,3000,3000,3000,3000,3000,3000
3000,3000,3000,3000,3000,3000,3000,3000,3000,3000,3000,3000,3000,3000,3000,3000,3000,3000,3000,3000,3000,3000,3000,3000,3000,3000,3000,3000,3000,3000,3000,3000,3000,3000,3000,3000,3000,3000,3000,3000,3000,3000,3000,3000,3000,3000,3000,3000,3000,3000,3000,3000,3000,3000,3000,3000,3000,3000,3000,3000,3000,3000,3000,3000,3000,3000,3000,3000,3000,3000,3000,3000,3000,3000,3000,3000,3000,3000,3000,3000,3000,3000,3000,3000,3000,3000,3000,3000,3000,3000,3000,3000,3000,3000,3000,3000,3000,3000,3000,3000,3000,3000,3000,3000,3000,3000,3000,3000,3000,3000,3000,3000,3000,3000,3000,3000,3000,3000,3000,3000,3000,3000,3000,3000,3000,3000,3000,3000,3000,3000,3000,3000,3000,3000,3000,3000,3000,3000,3000,3000,3000,3000,3000,3000,3000,3000,3000,3000,3000,3000,3000,3000,3000,3000,3000,3000,3000,3000,3000,3000
3000,3000,3000,3000,3000,3000,3000,3000,3000,3000,3000,3000,3000,3000,3000,3000,3000,3000,3000,3000,3000,3000,3000,3000,3000,3000,3000,3000,3000,3000,3000,3000,3000,3000,3000,3000,3000,3000,3000,3000,3000,3000,3000,3000,3000,3000,3000,3000,3000,3000,3000,3000,3000,3000,3000,3000,3000,3000,3000,3000,3000,3000,3000,3000,3000,3000,3000,3000,3000,3000,3000,3000,3000,3000,3000,3000,3000,3000,3000,3000,3000,3000,3000,3000,3000,3000,3000,3000,3000,3000,3000,3000,3000,3000,3000,3000,3000,3000,3000,3000,3000,3000,3000,3000,3000,3000,3000,3000,3000,3000,3000,3000,3000,3000,3000,3000,3000,3000,3000,3000,3000,3000,3000,3000,3000,3000,3000,3000,3000,3000,3000,3000,3000,3000,3000,3000,3000,3000,3000,3000,3000,3000,3000,3000,3000,3000,3000,3000,3000,3000,3000,3000,3000,3000,3000,3000,3000,3000,3000,3000
3000,3000,3000,3000,3000,3000,3000,3000,3000,3000,3000,3000,3000,3000,3000,3000,3000,3000,3000,3000,3000,3000,3000,3000,3000,3000,3000,3000,3000,3000,3000,3000,3000,3000,3000,3000,3000,3000,3000,3000,3000,3000,3000,3000,3000,3000,3000,3000,3000,3000,3000,3000,3000,3000,3000,3000,3000,3000,3000,3000,3000,3000,3000,3000,3000,3000,3000,3000,3000,3000,3000,3000,3000,3000,3000,3000,3000,3000,3000,3000,3000,3000,3000,3000,3000,3000,3000,3000,3000,3000,3000,3000,3000,3000,3000,3000,3000,3000,3000,3000,3000,3000,3000,3000,3000,3000,3000,3000,3000,3000,3000,3000,3000,3000,3000,3000,3000,3000,3000,3000,3000,3000,3000,3000,3000,3000,3000,3000,3000,3000,3000,3000,3000,3000,3000,3000,3000,3000,3000,3000,3000,3000,3000,3000,3000,3000,3000,3000,3000,3000,3000,3000,3000,3000,3000,3000,3000,3000,3000,3000
3000,3000,3000,3000,3000,3000,3000,3000,3000,3000,3000,3000,3000,3000,3000,3000,3000,3000,3000,3000,3000,3000,3000,3000,3000,3000,3000,3000,3000,3000,3000,3000,3000,3000,3000,3000,3000,3000,3000,3000,3000,3000,3000,3000,3000,3000,3000,3000,3000,3000,3000,3000,3000,3000,3000,3000,3000,3000,3000,3000,3000,3000,3000,3000,3000,3000,3000,3000,3000,3000,3000,3000,3000,3000,3000,3000,3000,3000,3000,3000,3000,3000,3000,3000,3000,3000,3000,3000,3000,3000,3000,3000,3000,3000,3000,3000,3000,3000,3000,3000,3000,3000,3000,3000,3000,3000,3000,3000,3000,3000,3000,3000,3000,3000,3000,3000,3000,3000,3000,3000,3000,3000,3000,3000,3000,3000,3000,3000,3000,3000,3000,3000,3000,3000,3000,3000,3000,3000,3000,3000,3000,3000,3000,3000,3000,3000,3000,3000,3000,3000,3000,3000,3000,3000,3000,3000,3000,3000,3000,3000
3000,3000,3000,3000,3000,3000,3000,3000,3000,3000,3000,3000,3000,3000,3000,3000,3000,3000,3000,3000,3000,3000,3000,3000,3000,3000,3000,3000,3000,3000,3000,3000,3000,3000,3000,3000,3000,3000,3000,3000,3000,3000,3000,3000,3000,3000,3000,3000,3000,3000,3000,3000,3000,3000,3000,3000,3000,3000,3000,3000,3000,3000,3000,3000,3000,3000,3000,3000,3000,3000,3000,3000,3000,3000,3000,3000,3000,3000,3000,3000,3000,3000,3000,3000,3000,3000,3000,3000,3000,3000,3000,3000,3000,3000,3000,3000,3000,3000,3000,3000,3000,3000,3000,3000,3000,3000,3000,3000,3000,3000,3000,3000,3000,3000,3000,3000,3000,3000,3000,3000,3000,3000,3000,3000,3000,3000,3000,3000,3000,3000,3000,3000,3000,3000,3000,3000,3000,3000,3000,3000,3000,3000,3000,3000,3000,3000,3000,3000,3000,3000,3000,3000,3000,3000,3000,3000,3000,3000,3000,3000
3000,3000,3000,3000,3000,3000,3000,3000,3000,3000,3000,3000,3000,3000,3000,3000,3000,3000,3000,3000,3000,3000,3000,3000,3000,3000,3000,3000,3000,3000,3000,3000,3000,3000,3000,3000,3000,3000,3000,3000,3000,3000,3000,3000,3000,3000,3000,3000,3000,3000,3000,3000,3000,3000,3000,3000,3000,3000,3000,3000,3000,3000,3000,3000,3000,3000,3000,3000,3000,3000,3000,3000,3000,3000,3000,3000,3000,3000,3000,3000,3000,3000,3000,3000,3000,3000,3000,3000,3000,3000,3000,3000,3000,3000,3000,3000,3000,3000,3000,3000,3000,3000,3000,3000,3000,3000,3000,3000,3000,3000,3000,3000,3000,3000,3000,3000,3000,3000,3000,3000,3000,3000,3000,3000,3000,3000,3000,3000,3000,3000,3000,3000,3000,3000,3000,3000,3000,3000,3000,3000,3000,3000,3000,3000,3000,3000,3000,3000,3000,3000,3000,3000,3000,3000,3000,3000,3000,3000,3000,3000
3000,3000,3000,3000,3000,3000,3000,3000,3000,3000,3000,3000,3000,3000,3000,3000,3000,3000,3000,3000,3000,3000,3000,3000,3000,3000,3000,3000,3000,3000,3000,3000,3000,3000,3000,3000,3000,3000,3000,3000,3000,3000,3000,3000,3000,3000,3000,3000,3000,3000,3000,3000,3000,3000,3000,3000,3000,3000,3000,3000,3000,3000,3000,3000,3000,3000,3000,3000,3000,3000,3000,3000,3000,3000,3000,3000,3000,3000,3000,3000,3000,3000,3000,3000,3000,3000,3000,3000,3000,3000,3000,3000,3000,3000,3000,3000,3000,3000,3000,3000,3000,3000,3000,3000,3000,3000,3000,3000,3000,3000,3000,3000,3000,3000,3000,3000,3000,3000,3000,3000,3000,3000,3000,3000,3000,3000,3000,3000,3000,3000,3000,3000,3000,3000,3000,3000,3000,3000,3000,3000,3000,3000,3000,3000,3000,3000,3000,3000,3000,3000,3000,3000,3000,3000,3000,3000,3000,3000,3000,3000
3000,3000,3000,3000,3000,3000,3000,3000,3000,3000,3000,3000,3000,3000,3000,3000,3000,3000,3000,3000,3000,3000,3000,3000,3000,3000,3000,3000,3000,3000,3000,3000,3000,3000,3000,3000,3000,3000,3000,3000,3000,3000,3000,3000,3000,3000,3000,3000,3000,3000,3000,3000,3000,3000,3000,3000,3000,3000,3000,3000,3000,3000,3000,3000,3000,3000,3000,3000,3000,3000,3000,3000,3000,3000,3000,3000,3000,3000,3000,3000,3000,3000,3000,3000,3000,3000,3000,3000,3000,3000,3000,3000,3000,3000,3000,3000,3000,3000,3000,3000,3000,3000,3000,3000,3000,3000,3000,3000,3000,3000,3000,3000,3000,3000,3000,3000,3000,3000,3000,3000,3000,3000,3000,3000,3000,3000,3000,3000,3000,3000,3000,3000,3000,3000,3000,3000,3000,3000,3000,3000,3000,3000,3000,3000,3000,3000,3000,3000,3000,3000,3000,3000,3000,3000,3000,3000,3000,3000,3000,3000
3000,3000,3000,3000,3000,3000,3000,3000,3000,3000,3000,3000,3000,3000,3000,3000,3000,3000,3000,3000,3000,3000,3000,3000,3000,3000,3000,3000,3000,3000,3000,3000,3000,3000,3000,3000,3000,3000,3000,3000,3000,3000,3000,3000,3000,3000,3000,3000,3000,3000,3000,3000,3000,3000,3000,3000,3000,3000,3000,3000,3000,3000,3000,3000,3000,3000,3000,3000,3000,3000,3000,3000,3000,3000,3000,3000,3000,3000,3000,3000,3000,3000,3000,3000,3000,3000,3000,3000,3000,3000,3000,3000,3000,3000,3000,3000,3000,3000,3000,3000,3000,3000,3000,3000,3000,3000,3000,3000,3000,3000,3000,3000,3000,3000,3000,3000,3000,3000,3000,3000,3000,3000,3000,3000,3000,3000,3000,3000,3000,3000,3000,3000,3000,3000,3000,3000,3000,3000,3000,3000,3000,3000,3000,3000,3000,3000,3000,3000,3000,3000,3000,3000,3000,3000,3000,3000,3000,3000,3000,3000
3000,3000,3000,3000,3000,3000,3000,3000,3000,3000,3000,3000,3000,3000,3000,3000,3000,3000,3000,3000,3000,3000,3000,3000,3000,3000,3000,3000,3000,3000,3000,3000,3000,3000,3000,3000,3000,3000,3000,3000,3000,3000,3000,3000,3000,3000,3000,3000,3000,3000,3000,3000,3000,3000,3000,3000,3000,3000,3000,3000,3000,3000,3000,3000,3000,3000,3000,3000,3000,3000,3000,3000,3000,3000,3000,3000,3000,3000,3000,3000,3000,3000,3000,3000,3000,3000,3000,3000,3000,3000,3000,3000,3000,3000,3000,3000,3000,3000,3000,3000,3000,3000,3000,3000,3000,3000,3000,3000,3000,3000,3000,3000,3000,3000,3000,3000,3000,3000,3000,3000,3000,3000,3000,3000,3000,3000,3000,3000,3000,3000,3000,3000,3000,3000,3000,3000,3000,3000,3000,3000,3000,3000,3000,3000,3000,3000,3000,3000,3000,3000,3000,3000,3000,3000,3000,3000,3000,3000,3000,3000
3000,3000,3000,3000,3000,3000,3000,3000,3000,3000,3000,3000,3000,3000,3000,3000,3000,3000,3000,3000,3000,3000,3000,3000,3000,3000,3000,3000,3000,3000,3000,3000,3000,3000,3000,3000,3000,3000,3000,3000,3000,3000,3000,3000,3000,3000,3000,3000,3000,3000,3000,3000,3000,3000,3000,3000,3000,3000,3000,3000,3000,3000,3000,3000,3000,3000,3000,3000,3000,3000,3000,3000,3000,3000,3000,3000,3000,3000,3000,3000,3000,3000,3000,3000,3000,3000,3000,3000,3000,3000,3000,3000,3000,3000,3000,3000,3000,3000,3000,3000,3000,3000,3000,3000,3000,3000,3000,3000,3000,3000,3000,3000,3000,3000,3000,3000,3000,3000,3000,3000,3000,3000,3000,3000,3000,3000,3000,3000,3000,3000,3000,3000,3000,3000,3000,3000,3000,3000,3000,3000,3000,3000,3000,3000,3000,3000,3000,3000,3000,3000,3000,3000,3000,3000,3000,3000,3000,3000,3000,3000
3000,3000,3000,3000,3000,3000,3000,3000,3000,3000,3000,3000,3000,3000,3000,3000,3000,3000,3000,3000,3000,3000,3000,3000,3000,3000,3000,3000,3000,3000,3000,3000,3000,3000,3000,3000,3000,3000,3000,3000,3000,3000,3000,3000,3000,3000,3000,3000,3000,3000,3000,3000,3000,3000,3000,3000,3000,3000,3000,3000,3000,3000,3000,3000,3000,3000,3000,3000,3000,3000,3000,3000,3000,3000,3000,3000,3000,3000,3000,3000,3000,3000,3000,3000,3000,3000,3000,3000,3000,3000,3000,3000,3000,3000,3000,3000,3000,3000,3000,3000,3000,3000,3000,3000,3000,3000,3000,3000,3000,3000,3000,3000,3000,3000,3000,3000,3000,3000,3000,3000,3000,3000,3000,3000,3000,3000,3000,3000,3000,3000,3000,3000,3000,3000,3000,3000,3000,3000,3000,3000,3000,3000,3000,3000,3000,3000,3000,3000,3000,3000,3000,3000,3000,3000,3000,3000,3000,3000,3000,3000
3000,3000,3000,3000,3000,3000,3000,3000,3000,3000,3000,3000,3000,3000,3000,3000,3000,3000,3000,3000,3000,3000,3000,3000,3000,3000,3000,3000,3000,3000,3000,3000,3000,3000,3000,3000,3000,3000,3000,3000,3000,3000,3000,3000,3000,3000,3000,3000,3000,3000,3000,3000,3000,3000,3000,3000,3000,3000,3000,3000,3000,3000,3000,3000,3000,3000,3000,3000,3000,3000,3000,3000,3000,3000,3000,3000,3000,3000,3000,3000,3000,3000,3000,3000,3000,3000,3000,3000,3000,3000,3000,3000,3000,3000,3000,3000,3000,3000,3000,3000,3000,3000,3000,3000,3000,3000,3000,3000,3000,3000,3000,3000,3000,3000,3000,3000,3000,3000,3000,3000,3000,3000,3000,3000,3000,3000,3000,3000,3000,3000,3000,3000,3000,3000,3000,3000,3000,3000,3000,3000,3000,3000,3000,3000,3000,3000,3000,3000,3000,3000,3000,3000,3000,3000,3000,3000,3000,3000,3000,3000
3000,3000,3000,3000,3000,3000,3000,3000,3000,3000,3000,3000,3000,3000,3000,3000,3000,3000,3000,3000,3000,3000,3000,3000,3000,3000,3000,3000,3000,3000,3000,3000,3000,3000,3000,3000,3000,3000,3000,3000,3000,3000,3000,3000,3000,3000,3000,3000,3000,3000,3000,3000,3000,3000,3000,3000,3000,3000,3000,3000,3000,3000,3000,3000,3000,3000,3000,3000,3000,3000,3000,3000,3000,3000,3000,3000,3000,3000,3000,3000,3000,3000,3000,3000,3000,3000,3000,3000,3000,3000,3000,3000,3000,3000,3000,3000,3000,3000,3000,3000,3000,3000,3000,3000,3000,3000,3000,3000,3000,3000,3000,3000,3000,3000,3000,3000,3000,3000,3000,3000,3000,3000,3000,3000,3000,3000,3000,3000,3000,3000,3000,3000,3000,3000,3000,3000,3000,3000,3000,3000,3000,3000,3000,3000,3000,3000,3000,3000,3000,3000,3000,3000,3000,3000,3000,3000,3000,3000,3000,3000
3000,3000,3000,3000,3000,3000,3000,3000,3000,3000,3000,3000,3000,3000,3000,3000,3000,3000,3000,3000,3000,3000,3000,3000,3000,3000,3000,3000,3000,3000,3000,3000,3000,3000,3000,3000,3000,3000,3000,3000,3000,3000,3000,3000,3000,3000,3000,3000,3000,3000,3000,3000,3000,3000,3000,3000,3000,3000,3000,3000,3000,3000,3000,3000,3000,3000,3000,3000,3000,3000,3000,3000,3000,3000,3000,3000,3000,3000,3000,3000,3000,3000,3000,3000,3000,3000,3000,3000,3000,3000,3000,3000,3000,3000,3000,3000,3000,3000,3000,3000,3000,3000,3000,3000,3000,3000,3000,3000,3000,3000,3000,3000,3000,3000,3000,3000,3000,3000,3000,3000,3000,3000,3000,3000,3000,3000,3000,3000,3000,3000,3000,3000,3000,3000,3000,3000,3000,3000,3000,3000,3000,3000,3000,3000,3000,3000,3000,3000,3000,3000,3000,3000,3000,3000,3000,3000,3000,3000,3000,3000
3000,3000,3000,3000,3000,3000,3000,3000,3000,3000,3000,3000,3000,3000,3000,3000,3000,3000,3000,3000,3000,3000,3000,3000,3000,3000,3000,3000,3000,3000,3000,3000,3000,3000,3000,3000,3000,3000,3000,3000,3000,3000,3000,3000,3000,3000,3000,3000,3000,3000,3000,3000,3000,3000,3000,3000,3000,3000,3000,3000,3000,3000,3000,3000,3000,3000,3000,3000,3000,3000,3000,3000,3000,3000,3000,3000,3000,3000,3000,3000,3000,3000,3000,3000,3000,3000,3000,3000,3000,3000,3000,3000,3000,3000,3000,3000,3000,3000,3000,3000,3000,3000,3000,3000,3000,3000,3000,3000,3000,3000,3000,3000,3000,3000,3000,3000,3000,3000,3000,3000,3000,3000,3000,3000,3000,3000,3000,3000,3000,3000,3000,3000,3000,3000,3000,3000,3000,3000,3000,3000,3000,3000,3000,3000,3000,3000,3000,3000,3000,3000,3000,3000,3000,3000,3000,3000,3000,3000,3000,3000
3000,3000,3000,3000,3000,3000,3000,3000,3000,3000,3000,3000,3000,3000,3000,3000,3000,3000,3000,3000,3000,3000,3000,3000,3000,3000,3000,3000,3000,3000,3000,3000,3000,3000,3000,3000,3000,3000,3000,3000,3000,3000,3000,3000,3000,3000,3000,3000,3000,3000,3000,3000,3000,3000,3000,3000,3000,3000,3000,3000,3000,3000,3000,3000,3000,3000,3000,3000,3000,3000,3000,3000,3000,3000,3000,3000,3000,3000,3000,3000,3000,3000,3000,3000,3000,3000,3000,3000,3000,3000,3000,3000,3000,3000,3000,3000,3000,3000,3000,3000,3000,3000,3000,3000,3000,3000,3000,3000,3000,3000,3000,3000,3000,3000,3000,3000,3000,3000,3000,3000,3000,3000,3000,3000,3000,3000,3000,3000,3000,3000,3000,3000,3000,3000,3000,3000,3000,3000,3000,3000,3000,3000,3000,3000,3000,3000,3000,3000,3000,3000,3000,3000,3000,3000,3000,3000,3000,3000,3000,3000
3000,3000,3000,3000,3000,3000,3000,3000,3000,3000,3000,3000,3000,3000,3000,3000,3000,3000,3000,3000,3000,3000,3000,3000,3000,3000,3000,3000,3000,3000,3000,3000,3000,3000,3000,3000,3000,3000,3000,3000,3000,3000,3000,3000,3000,3000,3000,3000,3000,3000,3000,3000,3000,3000,3000,3000,3000,3000,3000,3000,3000,3000,3000,3000,3000,3000,3000,3000,3000,3000,3000,3000,3000,3000,3000,3000,3000,3000,3000,3000,3000,3000,3000,3000,3000,3000,3000,3000,3000,3000,3000,3000,3000,3000,3000,3000,3000,3000,3000,3000,3000,3000,3000,3000,3000,3000,3000,3000,3000,3000,3000,3000,3000,3000,3000,3000,3000,3000,3000,3000,3000,3000,3000,3000,3000,3000,3000,3000,3000,3000,3000,3000,3000,3000,3000,3000,3000,3000,3000,3000,3000,3000,3000,3000,3000,3000,3000,3000,3000,3000,3000,3000,3000,3000,3000,3000,3000,3000,3000,3000
3000,3000,3000,3000,3000,3000,3000,3000,3000,3000,3000,3000,3000,3000,3000,3000,3000,3000,3000,3000,3000,3000,3000,3000,3000,3000,3000,3000,3000,3000,3000,3000,3000,3000,3000,3000,3000,3000,3000,3000,3000,3000,3000,3000,3000,3000,3000,3000,3000,3000,3000,3000,3000,3000,3000,3000,3000,3000,3000,3000,3000,3000,3000,3000,3000,3000,3000,3000,3000,3000,3000,3000,3000,3000,3000,3000,3000,3000,3000,3000,3000,3000,3000,3000,3000,3000,3000,3000,3000,3000,3000,3000,3000,3000,3000,3000,3000,3000,3000,3000,3000,3000,3000,3000,3000,3000,3000,3000,3000,3000,3000,3000,3000,3000,3000,3000,3000,3000,3000,3000,3000,3000,3000,3000,3000,3000,3000,3000,3000,3000,3000,3000,3000,3000,3000,3000,3000,3000,3000,3000,3000,3000,3000,3000,3000,3000,3000,3000,3000,3000,3000,3000,3000,3000,3000,3000,3000,3000,3000,3000
3000,3000,3000,3000,3000,3000,3000,3000,3000,3000,3000,3000,3000,3000,3000,3000,3000,3000,3000,3000,3000,3000,3000,3000,3000,3000,3000,3000,3000,3000,3000,3000,3000,3000,3000,3000,3000,3000,3000,3000,3000,3000,3000,3000,3000,3000,3000,3000,3000,3000,3000,3000,3000,3000,3000,3000,3000,3000,3000,3000,3000,3000,3000,3000,3000,3000,3000,3000,3000,3000,3000,3000,3000,3000,3000,3000,3000,3000,3000,3000,3000,3000,3000,3000,3000,3000,3000,3000,3000,3000,3000,3000,3000,3000,3000,3000,3000,3000,3000,3000,3000,3000,3000,3000,3000,3000,3000,3000,3000,3000,3000,3000,3000,3000,3000,3000,3000,3000,3000,3000,3000,3000,3000,3000,3000,3000,3000,3000,3000,3000,3000,3000,3000,3000,3000,3000,3000,3000,3000,3000,3000,3000,3000,3000,3000,3000,3000,3000,3000,3000,3000,3000,3000,3000,3000,3000,3000,3000,3000,3000
3000,3000,3000,3000,3000,3000,3000,3000,3000,3000,3000,3000,3000,3000,3000,3000,3000,3000,3000,3000,3000,3000,3000,3000,3000,3000,3000,3000,3000,3000,3000,3000,3000,3000,3000,3000,3000,3000,3000,3000,3000,3000,3000,3000,3000,3000,3000,3000,3000,3000,3000,3000,3000,3000,3000,3000,3000,3000,3000,3000,3000,3000,3000,3000,3000,3000,3000,3000,3000,3000,3000,3000,3000,3000,3000,3000,3000,3000,3000,3000,3000,3000,3000,3000,3000,3000,3000,3000,3000,3000,3000,3000,3000,3000,3000,3000,3000,3000,3000,3000,3000,3000,3000,3000,3000,3000,3000,3000,3000,3000,3000,3000,3000,3000,3000,3000,3000,3000,3000,3000,3000,3000,3000,3000,3000,3000,3000,3000,3000,3000,3000,3000,3000,3000,3000,3000,3000,3000,3000,3000,3000,3000,3000,3000,3000,3000,3000,3000,3000,3000,3000,3000,3000,3000,3000,3000,3000,3000,3000,3000
3000,3000,3000,3000,3000,3000,3000,3000,3000,3000,3000,3000,3000,3000,3000,3000,3000,3000,3000,3000,3000,3000,3000,3000,3000,3000,3000,3000,3000,3000,3000,3000,3000,3000,3000,3000,3000,3000,3000,3000,3000,3000,3000,3000,3000,3000,3000,3000,3000,3000,3000,3000,3000,3000,3000,3000,3000,3000,3000,3000,3000,3000,3000,3000,3000,3000,3000,3000,3000,3000,3000,3000,3000,3000,3000,3000,3000,3000,3000,3000,3000,3000,3000,3000,3000,3000,3000,3000,3000,3000,3000,3000,3000,3000,3000,3000,3000,3000,3000,3000,3000,3000,3000,3000,3000,3000,3000,3000,3000,3000,3000,3000,3000,3000,3000,3000,3000,3000,3000,3000,3000,3000,3000,3000,3000,3000,3000,3000,3000,3000,3000,3000,3000,3000,3000,3000,3000,3000,3000,3000,3000,3000,3000,3000,3000,3000,3000,3000,3000,3000,3000,3000,3000,3000,3000,3000,3000,3000,3000,3000
3000,3000,3000,3000,3000,3000,3000,3000,3000,3000,3000,3000,3000,3000,3000,3000,3000,3000,3000,3000,3000,3000,3000,3000,3000,3000,3000,3000,3000,3000,3000,3000,3000,3000,3000,3000,3000,3000,3000,3000,3000,3000,3000,3000,3000,3000,3000,3000,3000,3000,3000,3000,3000,3000,3000,3000,3000,3000,3000,3000,3000,3000,3000,3000,3000,3000,3000,3000,3000,3000,3000,3000,3000,3000,3000,3000,3000,3000,3000,3000,3000,3000,3000,3000,3000,3000,3000,3000,3000,3000,3000,3000,3000,3000,3000,3000,3000,3000,3000,3000,3000,3000,3000,3000,3000,3000,3000,3000,3000,3000,3000,3000,3000,3000,3000,3000,3000,3000,3000,3000,3000,3000,3000,3000,3000,3000,3000,3000,3000,3000,3000,3000,3000,3000,3000,3000,3000,3000,3000,3000,3000,3000,3000,3000,3000,3000,3000,3000,3000,3000,3000,3000,3000,3000,3000,3000,3000,3000,3000,3000
3000,3000,3000,3000,3000,3000,3000,3000,3000,3000,3000,3000,3000,3000,3000,3000,3000,3000,3000,3000,3000,3000,3000,3000,3000,3000,3000,3000,3000,3000,3000,3000,3000,3000,3000,3000,3000,3000,3000,3000,3000,3000,3000,3000,3000,3000,3000,3000,3000,3000,3000,3000,3000,3000,3000,3000,3000,3000,3000,3000,3000,3000,3000,3000,3000,3000,3000,3000,3000,3000,3000,3000,3000,3000,3000,3000,3000,3000,3000,3000,3000,3000,3000,3000,3000,3000,3000,3000,3000,3000,3000,3000,3000,3000,3000,3000,3000,3000,3000,3000,3000,3000,3000,3000,3000,3000,3000,3000,3000,3000,3000,3000,3000,3000,3000,3000,3000,3000,3000,3000,3000,3000,3000,3000,3000,3000,3000,3000,3000,3000,3000,3000,3000,3000,3000,3000,3000,3000,3000,3000,3000,3000,3000,3000,3000,3000,3000,3000,3000,3000,3000,3000,3000,3000,3000,3000,3000,3000,3000,3000
3000,3000,3000,3000,3000,3000,3000,3000,3000,3000,3000,3000,3000,3000,3000,3000,3000,3000,3000,3000,3000,3000,3000,3000,3000,3000,3000,3000,3000,3000,3000,3000,3000,3000,3000,3000,3000,3000,3000,3000,3000,3000,3000,3000,3000,3000,3000,3000,3000,3000,3000,3000,3000,3000,3000,3000,3000,3000,3000,3000,3000,3000,3000,3000,3000,3000,3000,3000,3000,3000,3000,3000,3000,3000,3000,3000,3000,3000,3000,3000,3000,3000,3000,3000,3000,3000,3000,3000,3000,3000,3000,3000,3000,3000,3000,3000,3000,3000,3000,3000,3000,3000,3000,3000,3000,3000,3000,3000,3000,3000,3000,3000,3000,3000,3000,3000,3000,3000,3000,3000,3000,3000,3000,3000,3000,3000,3000,3000,3000,3000,3000,3000,3000,3000,3000,3000,3000,3000,3000,3000,3000,3000,3000,3000,3000,3000,3000,3000,3000,3000,3000,3000,3000,3000,3000,3000,3000,3000,3000,3000
3000,3000,3000,3000,3000,3000,3000,3000,3000,3000,3000,3000,3000,3000,3000,3000,3000,3000,3000,3000,3000,3000,3000,3000,3000,3000,3000,3000,3000,3000,3000,3000,3000,3000,3000,3000,3000,3000,3000,3000,3000,3000,3000,3000,3000,3000,3000,3000,3000,3000,3000,3000,3000,3000,3000,3000,3000,3000,3000,3000,3000,3000,3000,3000,3000,3000,3000,3000,3000,3000,3000,3000,3000,3000,3000,3000,3000,3000,3000,3000,3000,3000,3000,3000,3000,3000,3000,3000,3000,3000,3000,3000,3000,3000,3000,3000,3000,3000,3000,3000,3000,3000,3000,3000,3000,3000,3000,3000,3000,3000,3000,3000,3000,3000,3000,3000,3000,3000,3000,3000,3000,3000,3000,3000,3000,3000,3000,3000,3000,3000,3000,3000,3000,3000,3000,3000,3000,3000,3000,3000,3000,3000,3000,3000,3000,3000,3000,3000,3000,3000,3000,3000,3000,3000,3000,3000,3000,3000,3000,3000
3000,3000,3000,3000,3000,3000,3000,3000,3000,3000,3000,3000,3000,3000,3000,3000,3000,3000,3000,3000,3000,3000,3000,3000,3000,3000,3000,3000,3000,3000,3000,3000,3000,3000,3000,3000,3000,3000,3000,3000,3000,3000,3000,3000,3000,3000,3000,3000,3000,3000,3000,3000,3000,3000,3000,3000,3000,3000,3000,3000,3000,3000,3000,3000,3000,3000,3000,3000,3000,3000,3000,3000,3000,3000,3000,3000,3000,3000,3000,3000,3000,3000,3000,3000,3000,3000,3000,3000,3000,3000,3000,3000,3000,3000,3000,3000,3000,3000,3000,3000,3000,3000,3000,3000,3000,3000,3000,3000,3000,3000,3000,3000,3000,3000,3000,3000,3000,3000,3000,3000,3000,3000,3000,3000,3000,3000,3000,3000,3000,3000,3000,3000,3000,3000,3000,3000,3000,3000,3000,3000,3000,3000,3000,3000,3000,3000,3000,3000,3000,3000,3000,3000,3000,3000,3000,3000,3000,3000,3000,3000
3000,3000,3000,3000,3000,3000,3000,3000,3000,3000,3000,3000,3000,3000,3000,3000,3000,3000,3000,3000,3000,3000,3000,3000,3000,3000,3000,3000,3000,3000,3000,3000,3000,3000,3000,3000,3000,3000,3000,3000,3000,3000,3000,3000,3000,3000,3000,3000,3000,3000,3000,3000,3000,3000,3000,3000,3000,3000,3000,3000,3000,3000,3000,3000,3000,3000,3000,3000,3000,3000,3000,3000,3000,3000,3000,3000,3000,3000,3000,3000,3000,3000,3000,3000,3000,3000,3000,3000,3000,3000,3000,3000,3000,3000,3000,3000,3000,3000,3000,3000,3000,3000,3000,3000,3000,3000,3000,3000,3000,3000,3000,3000,3000,3000,3000,3000,3000,3000,3000,3000,3000,3000,3000,3000,3000,3000,3000,3000,3000,3000,3000,3000,3000,3000,3000,3000,3000,3000,3000,3000,3000,3000,3000,3000,3000,3000,3000,3000,3000,3000,3000,3000,3000,3000,3000,3000,3000,3000,3000,3000
3000,3000,3000,3000,3000,3000,3000,3000,3000,3000,3000,3000,3000,3000,3000,3000,3000,3000,3000,3000,3000,3000,3000,3000,3000,3000,3000,3000,3000,3000,3000,3000,3000,3000,3000,3000,3000,3000,3000,3000,3000,3000,3000,3000,3000,3000,3000,3000,3000,3000,3000,3000,3000,3000,3000,3000,3000,3000,3000,3000,3000,3000,3000,3000,3000,3000,3000,3000,3000,3000,3000,3000,3000,3000,3000,3000,3000,3000,3000,3000,3000,3000,3000,3000,3000,3000,3000,3000,3000,3000,3000,3000,3000,3000,3000,3000,3000,3000,3000,3000,3000,3000,3000,3000,3000,3000,3000,3000,3000,3000,3000,3000,3000,3000,3000,3000,3000,3000,3000,3000,3000,3000,3000,3000,3000,3000,3000,3000,3000,3000,3000,3000,3000,3000,3000,3000,3000,3000,3000,3000,3000,3000,3000,3000,3000,3000,3000,3000,3000,3000,3000,3000,3000,3000,3000,3000,3000,3000,3000,3000
3000,3000,3000,3000,3000,3000,3000,3000,3000,3000,3000,3000,3000,3000,3000,3000,3000,3000,3000,3000,3000,3000,3000,3000,3000,3000,3000,3000,3000,3000,3000,3000,3000,3000,3000,3000,3000,3000,3000,3000,3000,3000,3000,3000,3000,3000,3000,3000,3000,3000,3000,3000,3000,3000,3000,3000,3000,3000,3000,3000,3000,3000,3000,3000,3000,3000,3000,3000,3000,3000,3000,3000,3000,3000,3000,3000,3000,3000,3000,3000,3000,3000,3000,3000,3000,3000,3000,3000,3000,3000,3000,3000,3000,3000,3000,3000,3000,3000,3000,3000,3000,3000,3000,3000,3000,3000,3000,3000,3000,3000,3000,3000,3000,3000,3000,3000,3000,3000,3000,3000,3000,3000,3000,3000,3000,3000,3000,3000,3000,3000,3000,3000,3000,3000,3000,3000,3000,3000,3000,3000,3000,3000,3000,3000,3000,3000,3000,3000,3000,3000,3000,3000,3000,3000,3000,3000,3000,3000,3000,3000
3000,3000,3000,3000,3000,3000,3000,3000,3000,3000,3000,3000,3000,3000,3000,3000,3000,3000,3000,3000,3000,3000,3000,3000,3000,3000,3000,3000,3000,3000,3000,3000,3000,3000,3000,3000,3000,3000,3000,3000,3000,3000,3000,3000,3000,3000,3000,3000,3000,3000,3000,3000,3000,3000,3000,3000,3000,3000,3000,3000,3000,3000,3000,3000,3000,3000,3000,3000,3000,3000,3000,3000,3000,3000,3000,3000,3000,3000,3000,3000,3000,3000,3000,3000,3000,3000,3000,3000,3000,3000,3000,3000,3000,3000,3000,3000,3000,3000,3000,3000,3000,3000,3000,3000,3000,3000,3000,3000,3000,3000,3000,3000,3000,3000,3000,3000,3000,3000,3000,3000,3000,3000,3000,3000,3000,3000,3000,3000,3000,3000,3000,3000,3000,3000,3000,3000,3000,3000,3000,3000,3000,3000,3000,3000,3000,3000,3000,3000,3000,3000,3000,3000,3000,3000,3000,3000,3000,3000,3000,3000
3000,3000,3000,3000,3000,3000,3000,3000,3000,3000,3000,3000,3000,3000,3000,3000,3000,3000,3000,3000,3000,3000,3000,3000,3000,3000,3000,3000,3000,3000,3000,3000,3000,3000,3000,3000,3000,3000,3000,3000,3000,3000,3000,3000,3000,3000,3000,3000,3000,3000,3000,3000,3000,3000,3000,3000,3000,3000,3000,3000,3000,3000,3000,3000,3000,3000,3000,3000,3000,3000,3000,3000,3000,3000,3000,3000,3000,3000,3000,3000,3000,3000,3000,3000,3000,3000,3000,3000,3000,3000,3000,3000,3000,3000,3000,3000,3000,3000,3000,3000,3000,3000,3000,3000,3000,3000,3000,3000,3000,3000,3000,3000,3000,3000,3000,3000,3000,3000,3000,3000,3000,3000,3000,3000,3000,3000,3000,3000,3000,3000,3000,3000,3000,3000,3000,3000,3000,3000,3000,3000,3000,3000,3000,3000,3000,3000,3000,3000,3000,3000,3000,3000,3000,3000,3000,3000,3000,3000,3000,3000
3000,3000,3000,3000,3000,3000,3000,3000,3000,3000,3000,3000,3000,3000,3000,3000,3000,3000,3000,3000,3000,3000,3000,3000,3000,3000,3000,3000,3000,3000,3000,3000,3000,3000,3000,3000,3000,3000,3000,3000,3000,3000,3000,3000,3000,3000,3000,3000,3000,3000,3000,3000,3000,3000,3000,3000,3000,3000,3000,3000,3000,3000,3000,3000,3000,3000,3000,3000,3000,3000,3000,3000,3000,3000,3000,3000,3000,3000,3000,3000,3000,3000,3000,3000,3000,3000,3000,3000,3000,3000,3000,3000,3000,3000,3000,3000,3000,3000,3000,3000,3000,3000,3000,3000,3000,3000,3000,3000,3000,3000,3000,3000,3000,3000,3000,3000,3000,3000,3000,3000,3000,3000,3000,3000,3000,3000,3000,3000,3000,3000,3000,3000,3000,3000,3000,3000,3000,3000,3000,3000,3000,3000,3000,3000,3000,3000,3000,3000,3000,3000,3000,3000,3000,3000,3000,3000,3000,3000,3000,3000
3000,3000,3000,3000,3000,3000,3000,3000,3000,3000,3000,3000,3000,3000,3000,3000,3000,3000,3000,3000,3000,3000,3000,3000,3000,3000,3000,3000,3000,3000,3000,3000,3000,3000,3000,3000,3000,3000,3000,3000,3000,3000,3000,3000,3000,3000,3000,3000,3000,3000,3000,3000,3000,3000,3000,3000,3000,3000,3000,3000,3000,3000,3000,3000,3000,3000,3000,3000,3000,3000,3000,3000,3000,3000,3000,3000,3000,3000,3000,3000,3000,3000,3000,3000,3000,3000,3000,3000,3000,3000,3000,3000,3000,3000,3000,3000,3000,3000,3000,3000,3000,3000,3000,3000,3000,3000,3000,3000,3000,3000,3000,3000,3000,3000,3000,3000,3000,3000,3000,3000,3000,3000,3000,3000,3000,3000,3000,3000,3000,3000,3000,3000,3000,3000,3000,3000,3000,3000,3000,3000,3000,3000,3000,3000,3000,3000,3000,3000,3000,3000,3000,3000,3000,3000,3000,3000,3000,3000,3000,3000
3000,3000,3000,3000,3000,3000,3000,3000,3000,3000,3000,3000,3000,3000,3000,3000,3000,3000,3000,3000,3000,3000,3000,3000,3000,3000,3000,3000,3000,3000,3000,3000,3000,3000,3000,3000,3000,3000,3000,3000,3000,3000,3000,3000,3000,3000,3000,3000,3000,3000,3000,3000,3000,3000,3000,3000,3000,3000,3000,3000,3000,3000,3000,3000,3000,3000,3000,3000,3000,3000,3000,3000,3000,3000,3000,3000,3000,3000,3000,3000,3000,3000,3000,3000,3000,3000,3000,3000,3000,3000,3000,3000,3000,3000,3000,3000,3000,3000,3000,3000,3000,3000,3000,3000,3000,3000,3000,3000,3000,3000,3000,3000,3000,3000,3000,3000,3000,3000,3000,3000,3000,3000,3000,3000,3000,3000,3000,3000,3000,3000,3000,3000,3000,3000,3000,3000,3000,3000,3000,3000,3000,3000,3000,3000,3000,3000,3000,3000,3000,3000,3000,3000,3000,3000,3000,3000,3000,3000,3000,3000
3000,3000,3000,3000,3000,3000,3000,3000,3000,3000,3000,3000,3000,3000,3000,3000,3000,3000,3000,3000,3000,3000,3000,3000,3000,3000,3000,3000,3000,3000,3000,3000,3000,3000,3000,3000,3000,3000,3000,3000,3000,3000,3000,3000,3000,3000,3000,3000,3000,3000,3000,3000,3000,3000,3000,3000,3000,3000,3000,3000,3000,3000,3000,3000,3000,3000,3000,3000,3000,3000,3000,3000,3000,3000,3000,3000,3000,3000,3000,3000,3000,3000,3000,3000,3000,3000,3000,3000,3000,3000,3000,3000,3000,3000,3000,3000,3000,3000,3000,3000,3000,3000,3000,3000,3000,3000,3000,3000,3000,3000,3000,3000,3000,3000,3000,3000,3000,3000,3000,3000,3000,3000,3000,3000,3000,3000,3000,3000,3000,3000,3000,3000,3000,3000,3000,3000,3000,3000,3000,3000,3000,3000,3000,3000,3000,3000,3000,3000,3000,3000,3000,3000,3000,3000,3000,3000,3000,3000,3000,3000
3000,3000,3000,3000,3000,3000,3000,3000,3000,3000,3000,3000,3000,3000,3000,3000,3000,3000,3000,3000,3000,3000,3000,3000,3000,3000,3000,3000,3000,3000,3000,3000,3000,3000,3000,3000,3000,3000,3000,3000,3000,3000,3000,3000,3000,3000,3000,3000,3000,3000,3000,3000,3000,3000,3000,3000,3000,3000,3000,3000,3000,3000,3000,3000,3000,3000,3000,3000,3000,3000,3000,3000,3000,3000,3000,3000,3000,3000,3000,3000,3000,3000,3000,3000,3000,3000,3000,3000,3000,3000,3000,3000,3000,3000,3000,3000,3000,3000,3000,3000,3000,3000,3000,3000,3000,3000,3000,3000,3000,3000,3000,3000,3000,3000,3000,3000,3000,3000,3000,3000,3000,3000,3000,3000,3000,3000,3000,3000,3000,3000,3000,3000,3000,3000,3000,3000,3000,3000,3000,3000,3000,3000,3000,3000,3000,3000,3000,3000,3000,3000,3000,3000,3000,3000,3000,3000,3000,3000,3000,3000
3000,3000,3000,3000,3000,3000,3000,3000,3000,3000,3000,3000,3000,3000,3000,3000,3000,3000,3000,3000,3000,3000,3000,3000,3000,3000,3000,3000,3000,3000,3000,3000,3000,3000,3000,3000,3000,3000,3000,3000,3000,3000,3000,3000,3000,3000,3000,3000,3000,3000,3000,3000,3000,3000,3000,3000,3000,3000,3000,3000,3000,3000,3000,3000,3000,3000,3000,3000,3000,3000,3000,3000,3000,3000,3000,3000,3000,3000,3000,3000,3000,3000,3000,3000,3000,3000,3000,3000,3000,3000,3000,3000,3000,3000,3000,3000,3000,3000,3000,3000,3000,3000,3000,3000,3000,3000,3000,3000,3000,3000,3000,3000,3000,3000,3000,3000,3000,3000,3000,3000,3000,3000,3000,3000,3000,3000,3000,3000,3000,3000,3000,3000,3000,3000,3000,3000,3000,3000,3000,3000,3000,3000,3000,3000,3000,3000,3000,3000,3000,3000,3000,3000,3000,3000,3000,3000,3000,3000,3000,3000
3000,3000,3000,3000,3000,3000,3000,3000,3000,3000,3000,3000,3000,3000,3000,3000,3000,3000,3000,3000,3000,3000,3000,3000,3000,3000,3000,3000,3000,3000,3000,3000,3000,3000,3000,3000,3000,3000,3000,3000,3000,3000,3000,3000,3000,3000,3000,3000,3000,3000,3000,3000,3000,3000,3000,3000,3000,3000,3000,3000,3000,3000,3000,3000,3000,3000,3000,3000,3000,3000,3000,3000,3000,3000,3000,3000,3000,3000,3000,3000,3000,3000,3000,3000,3000,3000,3000,3000,3000,3000,3000,3000,3000,3000,3000,3000,3000,3000,3000,3000,3000,3000,3000,3000,3000,3000,3000,3000,3000,3000,3000,3000,3000,3000,3000,3000,3000,3000,3000,3000,3000,3000,3000,3000,3000,3000,3000,3000,3000,3000,3000,3000,3000,3000,3000,3000,3000,3000,3000,3000,3000,3000,3000,3000,3000,3000,3000,3000,3000,3000,3000,3000,3000,3000,3000,3000,3000,3000,3000,3000
3000,3000,3000,3000,3000,3000,3000,3000,3000,3000,3000,3000,3000,3000,3000,3000,3000,3000,3000,3000,3000,3000,3000,3000,3000,3000,3000,3000,3000,3000,3000,3000,3000,3000,3000,3000,3000,3000,3000,3000,3000,3000,3000,3000,3000,3000,3000,3000,3000,3000,3000,3000,3000,3000,3000,3000,3000,3000,3000,3000,3000,3000,3000,3000,3000,3000,3000,3000,3000,3000,3000,3000,3000,3000,3000,3000,3000,3000,3000,3000,3000,3000,3000,3000,3000,3000,3000,3000,3000,3000,3000,3000,3000,3000,3000,3000,3000,3000,3000,3000,3000,3000,3000,3000,3000,3000,3000,3000,3000,3000,3000,3000,3000,3000,3000,3000,3000,3000,3000,3000,3000,3000,3000,3000,3000,3000,3000,3000,3000,3000,3000,3000,3000,3000,3000,3000,3000,3000,3000,3000,3000,3000,3000,3000,3000,3000,3000,3000,3000,3000,3000,3000,3000,3000,3000,3000,3000,3000,3000,3000
3000,3000,3000,3000,3000,3000,3000,3000,3000,3000,3000,3000,3000,3000,3000,3000,3000,3000,3000,3000,3000,3000,3000,3000,3000,3000,3000,3000,3000,3000,3000,3000,3000,3000,3000,3000,3000,3000,3000,3000,3000,3000,3000,3000,3000,3000,3000,3000,3000,3000,3000,3000,3000,3000,3000,3000,3000,3000,3000,3000,3000,3000,3000,3000,3000,3000,3000,3000,3000,3000,3000,3000,3000,3000,3000,3000,3000,3000,3000,3000,3000,3000,3000,3000,3000,3000,3000,3000,3000,3000,3000,3000,3000,3000,3000,3000,3000,3000,3000,3000,3000,3000,3000,3000,3000,3000,3000,3000,3000,3000,3000,3000,3000,3000,3000,3000,3000,3000,3000,3000,3000,3000,3000,3000,3000,3000,3000,3000,3000,3000,3000,3000,3000,3000,3000,3000,3000,3000,3000,3000,3000,3000,3000,3000,3000,3000,3000,3000,3000,3000,3000,3000,3000,3000,3000,3000,3000,3000,3000,3000
3000,3000,3000,3000,3000,3000,3000,3000,3000,3000,3000,3000,3000,3000,3000,3000,3000,3000,3000,3000,3000,3000,3000,3000,3000,3000,3000,3000,3000,3000,3000,3000,3000,3000,3000,3000,3000,3000,3000,3000,3000,3000,3000,3000,3000,3000,3000,3000,3000,3000,3000,3000,3000,3000,3000,3000,3000,3000,3000,3000,3000,3000,3000,3000,3000,3000,3000,3000,3000,3000,3000,3000,3000,3000,3000,3000,3000,3000,3000,3000,3000,3000,3000,3000,3000,3000,3000,3000,3000,3000,3000,3000,3000,3000,3000,3000,3000,3000,3000,3000,3000,3000,3000,3000,3000,3000,3000,3000,3000,3000,3000,3000,3000,3000,3000,3000,3000,3000,3000,3000,3000,3000,3000,3000,3000,3000,3000,3000,3000,3000,3000,3000,3000,3000,3000,3000,3000,3000,3000,3000,3000,3000,3000,3000,3000,3000,3000,3000,3000,3000,3000,3000,3000,3000,3000,3000,3000,3000,3000,3000
3000,3000,3000,3000,3000,3000,3000,3000,3000,3000,3000,3000,3000,3000,3000,3000,3000,3000,3000,3000,3000,3000,3000,3000,3000,3000,3000,3000,3000,3000,3000,3000,3000,3000,3000,3000,3000,3000,3000,3000,3000,3000,3000,3000,3000,3000,3000,3000,3000,3000,3000,3000,3000,3000,3000,3000,3000,3000,3000,3000,3000,3000,3000,3000,3000,3000,3000,3000,3000,3000,3000,3000,3000,3000,3000,3000,3000,3000,3000,3000,3000,3000,3000,3000,3000,3000,3000,3000,3000,3000,3000,3000,3000,3000,3000,3000,3000,3000,3000,3000,3000,3000,3000,3000,3000,3000,3000,3000,3000,3000,3000,3000,3000,3000,3000,3000,3000,3000,3000,3000,3000,3000,3000,3000,3000,3000,3000,3000,3000,3000,3000,3000,3000,3000,3000,3000,3000,3000,3000,3000,3000,3000,3000,3000,3000,3000,3000,3000,3000,3000,3000,3000,3000,3000,3000,3000,3000,3000,3000,3000
3000,3000,3000,3000,3000,3000,3000,3000,3000,3000,3000,3000,3000,3000,3000,3000,3000,3000,3000,3000,3000,3000,3000,3000,3000,3000,3000,3000,3000,3000,3000,3000,3000,3000,3000,3000,3000,3000,3000,3000,3000,3000,3000,3000,3000,3000,3000,3000,3000,3000,3000,3000,3000,3000,3000,3000,3000,3000,3000,3000,3000,3000,3000,3000,3000,3000,3000,3000,3000,3000,3000,3000,3000,3000,3000,3000,3000,3000,3000,3000,3000,3000,3000,3000,3000,3000,3000,3000,3000,3000,3000,3000,3000,3000,3000,3000,3000,3000,3000,3000,3000,3000,3000,3000,3000,3000,3000,3000,3000,3000,3000,3000,3000,3000,3000,3000,3000,3000,3000,3000,3000,3000,3000,3000,3000,3000,3000,3000,3000,3000,3000,3000,3000,3000,3000,3000,3000,3000,3000,3000,3000,3000,3000,3000,3000,3000,3000,3000,3000,3000,3000,3000,3000,3000,3000,3000,3000,3000,3000,3000
3000,3000,3000,3000,3000,3000,3000,3000,3000,3000,3000,3000,3000,3000,3000,3000,3000,3000,3000,3000,3000,3000,3000,3000,3000,3000,3000,3000,3000,3000,3000,3000,3000,3000,3000,3000,3000,3000,3000,3000,3000,3000,3000,3000,3000,3000,3000,3000,3000,3000,3000,3000,3000,3000,3000,3000,3000,3000,3000,3000,3000,3000,3000,3000,3000,3000,3000,3000,3000,3000,3000,3000,3000,3000,3000,3000,3000,3000,3000,3000,3000,3000,3000,3000,3000,3000,3000,3000,3000,3000,3000,3000,3000,3000,3000,3000,3000,3000,3000,3000,3000,3000,3000,3000,3000,3000,3000,3000,3000,3000,3000,3000,3000,3000,3000,3000,3000,3000,3000,3000,3000,3000,3000,3000,3000,3000,3000,3000,3000,3000,3000,3000,3000,3000,3000,3000,3000,3000,3000,3000,3000,3000,3000,3000,3000,3000,3000,3000,3000,3000,3000,3000,3000,3000,3000,3000,3000,3000,3000,3000
3000,3000,3000,3000,3000,3000,3000,3000,3000,3000,3000,3000,3000,3000,3000,3000,3000,3000,3000,3000,3000,3000,3000,3000,3000,3000,3000,3000,3000,3000,3000,3000,3000,3000,3000,3000,3000,3000,3000,3000,3000,3000,3000,3000,3000,3000,3000,3000,3000,3000,3000,3000,3000,3000,3000,3000,3000,3000,3000,3000,3000,3000,3000,3000,3000,3000,3000,3000,3000,3000,3000,3000,3000,3000,3000,3000,3000,3000,3000,3000,3000,3000,3000,3000,3000,3000,3000,3000,3000,3000,3000,3000,3000,3000,3000,3000,3000,3000,3000,3000,3000,3000,3000,3000,3000,3000,3000,3000,3000,3000,3000,3000,3000,3000,3000,3000,3000,3000,3000,3000,3000,3000,3000,3000,3000,3000,3000,3000,3000,3000,3000,3000,3000,3000,3000,3000,3000,3000,3000,3000,3000,3000,3000,3000,3000,3000,3000,3000,3000,3000,3000,3000,3000,3000,3000,3000,3000,3000,3000,3000
3000,3000,3000,3000,3000,3000,3000,3000,3000,3000,3000,3000,3000,3000,3000,3000,3000,3000,3000,3000,3000,3000,3000,3000,3000,3000,3000,3000,3000,3000,3000,3000,3000,3000,3000,3000,3000,3000,3000,3000,3000,3000,3000,3000,3000,3000,3000,3000,3000,3000,3000,3000,3000,3000,3000,3000,3000,3000,3000,3000,3000,3000,3000,3000,3000,3000,3000,3000,3000,3000,3000,3000,3000,3000,3000,3000,3000,3000,3000,3000,3000,3000,3000,3000,3000,3000,3000,3000,3000,3000,3000,3000,3000,3000,3000,3000,3000,3000,3000,3000,3000,3000,3000,3000,3000,3000,3000,3000,3000,3000,3000,3000,3000,3000,3000,3000,3000,3000,3000,3000,3000,3000,3000,3000,3000,3000,3000,3000,3000,3000,3000,3000,3000,3000,3000,3000,3000,3000,3000,3000,3000,3000,3000,3000,3000,3000,3000,3000,3000,3000,3000,3000,3000,3000,3000,3000,3000,3000,3000,3000
3000,3000,3000,3000,3000,3000,3000,3000,3000,3000,3000,3000,3000,3000,3000,3000,3000,3000,3000,3000,3000,3000,3000,3000,3000,3000,3000,3000,3000,3000,3000,3000,3000,3000,3000,3000,3000,3000,3000,3000,3000,3000,3000,3000,3000,3000,3000,3000,3000,3000,3000,3000,3000,3000,3000,3000,3000,3000,3000,3000,3000,3000,3000,3000,3000,3000,3000,3000,3000,3000,3000,3000,3000,3000,3000,3000,3000,3000,3000,3000,3000,3000,3000,3000,3000,3000,3000,3000,3000,3000,3000,3000,3000,3000,3000,3000,3000,3000,3000,3000,3000,3000,3000,3000,3000,3000,3000,3000,3000,3000,3000,3000,3000,3000,3000,3000,3000,3000,3000,3000,3000,3000,3000,3000,3000,3000,3000,3000,3000,3000,3000,3000,3000,3000,3000,3000,3000,3000,3000,3000,3000,3000,3000,3000,3000,3000,3000,3000,3000,3000,3000,3000,3000,3000,3000,3000,3000,3000,3000,3000
3000,3000,3000,3000,3000,3000,3000,3000,3000,3000,3000,3000,3000,3000,3000,3000,3000,3000,3000,3000,3000,3000,3000,3000,3000,3000,3000,3000,3000,3000,3000,3000,3000,3000,3000,3000,3000,3000,3000,3000,3000,3000,3000,3000,3000,3000,3000,3000,3000,3000,3000,3000,3000,3000,3000,3000,3000,3000,3000,3000,3000,3000,3000,3000,3000,3000,3000,3000,3000,3000,3000,3000,3000,3000,3000,3000,3000,3000,3000,3000,3000,3000,3000,3000,3000,3000,3000,3000,3000,3000,3000,3000,3000,3000,3000,3000,3000,3000,3000,3000,3000,3000,3000,3000,3000,3000,3000,3000,3000,3000,3000,3000,3000,3000,3000,3000,3000,3000,3000,3000,3000,3000,3000,3000,3000,3000,3000,3000,3000,3000,3000,3000,3000,3000,3000,3000,3000,3000,3000,3000,3000,3000,3000,3000,3000,3000,3000,3000,3000,3000,3000,3000,3000,3000,3000,3000,3000,3000,3000,3000
3000,3000,3000,3000,3000,3000,3000,3000,3000,3000,3000,3000,3000,3000,3000,3000,3000,3000,3000,3000,3000,3000,3000,3000,3000,3000,3000,3000,3000,3000,3000,3000,3000,3000,3000,3000,3000,3000,3000,3000,3000,3000,3000,3000,3000,3000,3000,3000,3000,3000,3000,3000,3000,3000,3000,3000,3000,3000,3000,3000,3000,3000,3000,3000,3000,3000,3000,3000,3000,3000,3000,3000,3000,3000,3000,3000,3000,3000,3000,3000,3000,3000,3000,3000,3000,3000,3000,3000,3000,3000,3000,3000,3000,3000,3000,3000,3000,3000,3000,3000,3000,3000,3000,3000,3000,3000,3000,3000,3000,3000,3000,3000,3000,3000,3000,3000,3000,3000,3000,3000,3000,3000,3000,3000,3000,3000,3000,3000,3000,3000,3000,3000,3000,3000,3000,3000,3000,3000,3000,3000,3000,3000,3000,3000,3000,3000,3000,3000,3000,3000,3000,3000,3000,3000,3000,3000,3000,3000,3000,3000
3000,3000,3000,3000,3000,3000,3000,3000,3000,3000,3000,3000,3000,3000,3000,3000,3000,3000,3000,3000,3000,3000,3000,3000,3000,3000,3000,3000,3000,3000,3000,3000,3000,3000,3000,3000,3000,3000,3000,3000,3000,3000,3000,3000,3000,3000,3000,3000,3000,3000,3000,3000,3000,3000,3000,3000,3000,3000,3000,3000,3000,3000,3000,3000,3000,3000,3000,3000,3000,3000,3000,3000,3000,3000,3000,3000,3000,3000,3000,3000,3000,3000,3000,3000,3000,3000,3000,3000,3000,3000,3000,3000,3000,3000,3000,3000,3000,3000,3000,3000,3000,3000,3000,3000,3000,3000,3000,3000,3000,3000,3000,3000,3000,3000,3000,3000,3000,3000,3000,3000,3000,3000,3000,3000,3000,3000,3000,3000,3000,3000,3000,3000,3000,3000,3000,3000,3000,3000,3000,3000,3000,3000,3000,3000,3000,3000,3000,3000,3000,3000,3000,3000,3000,3000,3000,3000,3000,3000,3000,3000
3000,3000,3000,3000,3000,3000,3000,3000,3000,3000,3000,3000,3000,3000,3000,3000,3000,3000,3000,3000,3000,3000,3000,3000,3000,3000,3000,3000,3000,3000,3000,3000,3000,3000,3000,3000,3000,3000,3000,3000,3000,3000,3000,3000,3000,3000,3000,3000,3000,3000,3000,3000,3000,3000,3000,3000,3000,3000,3000,3000,3000,3000,3000,3000,3000,3000,3000,3000,3000,3000,3000,3000,3000,3000,3000,3000,3000,3000,3000,3000,3000,3000,3000,3000,3000,3000,3000,3000,3000,3000,3000,3000,3000,3000,3000,3000,3000,3000,3000,3000,3000,3000,3000,3000,3000,3000,3000,3000,3000,3000,3000,3000,3000,3000,3000,3000,3000,3000,3000,3000,3000,3000,3000,3000,3000,3000,3000,3000,3000,3000,3000,3000,3000,3000,3000,3000,3000,3000,3000,3000,3000,3000,3000,3000,3000,3000,3000,3000,3000,3000,3000,3000,3000,3000,3000,3000,3000,3000,3000,3000
3000,3000,3000,3000,3000,3000,3000,3000,3000,3000,3000,3000,3000,3000,3000,3000,3000,3000,3000,3000,3000,3000,3000,3000,3000,3000,3000,3000,3000,3000,3000,3000,3000,3000,3000,3000,3000,3000,3000,3000,3000,3000,3000,3000,3000,3000,3000,3000,3000,3000,3000,3000,3000,3000,3000,3000,3000,3000,3000,3000,3000,3000,3000,3000,3000,3000,3000,3000,3000,3000,3000,3000,3000,3000,3000,3000,3000,3000,3000,3000,3000,3000,3000,3000,3000,3000,3000,3000,3000,3000,3000,3000,3000,3000,3000,3000,3000,3000,3000,3000,3000,3000,3000,3000,3000,3000,3000,3000,3000,3000,3000,3000,3000,3000,3000,3000,3000,3000,3000,3000,3000,3000,3000,3000,3000,3000,3000,3000,3000,3000,3000,3000,3000,3000,3000,3000,3000,3000,3000,3000,3000,3000,3000,3000,3000,3000,3000,3000,3000,3000,3000,3000,3000,3000,3000,3000,3000,3000,3000,3000
3000,3000,3000,3000,3000,3000,3000,3000,3000,3000,3000,3000,3000,3000,3000,3000,3000,3000,3000,3000,3000,3000,3000,3000,3000,3000,3000,3000,3000,3000,3000,3000,3000,3000,3000,3000,3000,3000,3000,3000,3000,3000,3000,3000,3000,3000,3000,3000,3000,3000,3000,3000,3000,3000,3000,3000,3000,3000,3000,3000,3000,3000,3000,3000,3000,3000,3000,3000,3000,3000,3000,3000,3000,3000,3000,3000,3000,3000,3000,3000,3000,3000,3000,3000,3000,3000,3000,3000,3000,3000,3000,3000,3000,3000,3000,3000,3000,3000,3000,3000,3000,3000,3000,3000,3000,3000,3000,3000,3000,3000,3000,3000,3000,3000,3000,3000,3000,3000,3000,3000,3000,3000,3000,3000,3000,3000,3000,3000,3000,3000,3000,3000,3000,3000,3000,3000,3000,3000,3000,3000,3000,3000,3000,3000,3000,3000,3000,3000,3000,3000,3000,3000,3000,3000,3000,3000,3000,3000,3000,3000
3000,3000,3000,3000,3000,3000,3000,3000,3000,3000,3000,3000,3000,3000,3000,3000,3000,3000,3000,3000,3000,3000,3000,3000,3000,3000,3000,3000,3000,3000,3000,3000,3000,3000,3000,3000,3000,3000,3000,3000,3000,3000,3000,3000,3000,3000,3000,3000,3000,3000,3000,3000,3000,3000,3000,3000,3000,3000,3000,3000,3000,3000,3000,3000,3000,3000,3000,3000,3000,3000,3000,3000,3000,3000,3000,3000,3000,3000,3000,3000,3000,3000,3000,3000,3000,3000,3000,3000,3000,3000,3000,3000,3000,3000,3000,3000,3000,3000,3000,3000,3000,3000,3000,3000,3000,3000,3000,3000,3000,3000,3000,3000,3000,3000,3000,3000,3000,3000,3000,3000,3000,3000,3000,3000,3000,3000,3000,3000,3000,3000,3000,3000,3000,3000,3000,3000,3000,3000,3000,3000,3000,3000,3000,3000,3000,3000,3000,3000,3000,3000,3000,3000,3000,3000,3000,3000,3000,3000,3000,3000
3000,3000,3000,3000,3000,3000,3000,3000,3000,3000,3000,3000,3000,3000,3000,3000,3000,3000,3000,3000,3000,3000,3000,3000,3000,3000,3000,3000,3000,3000,3000,3000,3000,3000,3000,3000,3000,3000,3000,3000,3000,3000,3000,3000,3000,3000,3000,3000,3000,3000,3000,3000,3000,3000,3000,3000,3000,3000,3000,3000,3000,3000,3000,3000,3000,3000,3000,3000,3000,3000,3000,3000,3000,3000,3000,3000,3000,3000,3000,3000,3000,3000,3000,3000,3000,3000,3000,3000,3000,3000,3000,3000,3000,3000,3000,3000,3000,3000,3000,3000,3000,3000,3000,3000,3000,3000,3000,3000,3000,3000,3000,3000,3000,3000,3000,3000,3000,3000,3000,3000,3000,3000,3000,3000,3000,3000,3000,3000,3000,3000,3000,3000,3000,3000,3000,3000,3000,3000,3000,3000,3000,3000,3000,3000,3000,3000,3000,3000,3000,3000,3000,3000,3000,3000,3000,3000,3000,3000,3000,3000
3000,3000,3000,3000,3000,3000,3000,3000,3000,3000,3000,3000,3000,3000,3000,3000,3000,3000,3000,3000,3000,3000,3000,3000,3000,3000,3000,3000,3000,3000,3000,3000,3000,3000,3000,3000,3000,3000,3000,3000,3000,3000,3000,3000,3000,3000,3000,3000,3000,3000,3000,3000,3000,3000,3000,3000,3000,3000,3000,3000,3000,3000,3000,3000,3000,3000,3000,3000,3000,3000,3000,3000,3000,3000,3000,3000,3000,3000,3000,3000,3000,3000,3000,3000,3000,3000,3000,3000,3000,3000,3000,3000,3000,3000,3000,3000,3000,3000,3000,3000,3000,3000,3000,3000,3000,3000,3000,3000,3000,3000,3000,3000,3000,3000,3000,3000,3000,3000,3000,3000,3000,3000,3000,3000,3000,3000,3000,3000,3000,3000,3000,3000,3000,3000,3000,3000,3000,3000,3000,3000,3000,3000,3000,3000,3000,3000,3000,3000,3000,3000,3000,3000,3000,3000,3000,3000,3000,3000,3000,3000
3000,3000,3000,3000,3000,3000,3000,3000,3000,3000,3000,3000,3000,3000,3000,3000,3000,3000,3000,3000,3000,3000,3000,3000,3000,3000,3000,3000,3000,3000,3000,3000,3000,3000,3000,3000,3000,3000,3000,3000,3000,3000,3000,3000,3000,3000,3000,3000,3000,3000,3000,3000,3000,3000,3000,3000,3000,3000,3000,3000,3000,3000,3000,3000,3000,3000,3000,3000,3000,3000,3000,3000,3000,3000,3000,3000,3000,3000,3000,3000,3000,3000,3000,3000,3000,3000,3000,3000,3000,3000,3000,3000,3000,3000,3000,3000,3000,3000,3000,3000,3000,3000,3000,3000,3000,3000,3000,3000,3000,3000,3000,3000,3000,3000,3000,3000,3000,3000,3000,3000,3000,3000,3000,3000,3000,3000,3000,3000,3000,3000,3000,3000,3000,3000,3000,3000,3000,3000,3000,3000,3000,3000,3000,3000,3000,3000,3000,3000,3000,3000,3000,3000,3000,3000,3000,3000,3000,3000,3000,3000
3000,3000,3000,3000,3000,3000,3000,3000,3000,3000,3000,3000,3000,3000,3000,3000,3000,3000,3000,3000,3000,3000,3000,3000,3000,3000,3000,3000,3000,3000,3000,3000,3000,3000,3000,3000,3000,3000,3000,3000,3000,3000,3000,3000,3000,3000,3000,3000,3000,3000,3000,3000,3000,3000,3000,3000,3000,3000,3000,3000,3000,3000,3000,3000,3000,3000,3000,3000,3000,3000,3000,3000,3000,3000,3000,3000,3000,3000,3000,3000,3000,3000,3000,3000,3000,3000,3000,3000,3000,3000,3000,3000,3000,3000,3000,3000,3000,3000,3000,3000,3000,3000,3000,3000,3000,3000,3000,3000,3000,3000,3000,3000,3000,3000,3000,3000,3000,3000,3000,3000,3000,3000,3000,3000,3000,3000,3000,3000,3000,3000,3000,3000,3000,3000,3000,3000,3000,3000,3000,3000,3000,3000,3000,3000,3000,3000,3000,3000,3000,3000,3000,3000,3000,3000,3000,3000,3000,3000,3000,3000
3000,3000,3000,3000,3000,3000,3000,3000,3000,3000,3000,3000,3000,3000,3000,3000,3000,3000,3000,3000,3000,3000,3000,3000,3000,3000,3000,3000,3000,3000,3000,3000,3000,3000,3000,3000,3000,3000,3000,3000,3000,3000,3000,3000,3000,3000,3000,3000,3000,3000,3000,3000,3000,3000,3000,3000,3000,3000,3000,3000,3000,3000,3000,3000,3000,3000,3000,3000,3000,3000,3000,3000,3000,3000,3000,3000,3000,3000,3000,3000,3000,3000,3000,3000,3000,3000,3000,3000,3000,3000,3000,3000,3000,3000,3000,3000,3000,3000,3000,3000,3000,3000,3000,3000,3000,3000,3000,3000,3000,3000,3000,3000,3000,3000,3000,3000,3000,3000,3000,3000,3000,3000,3000,3000,3000,3000,3000,3000,3000,3000,3000,3000,3000,3000,3000,3000,3000,3000,3000,3000,3000,3000,3000,3000,3000,3000,3000,3000,3000,3000,3000,3000,3000,3000,3000,3000,3000,3000,3000,3000
3000,3000,3000,3000,3000,3000,3000,3000,3000,3000,3000,3000,3000,3000,3000,3000,3000,3000,3000,3000,3000,3000,3000,3000,3000,3000,3000,3000,3000,3000,3000,3000,3000,3000,3000,3000,3000,3000,3000,3000,3000,3000,3000,3000,3000,3000,3000,3000,3000,3000,3000,3000,3000,3000,3000,3000,3000,3000,3000,3000,3000,3000,3000,3000,3000,3000,3000,3000,3000,3000,3000,3000,3000,3000,3000,3000,3000,3000,3000,3000,3000,3000,3000,3000,3000,3000,3000,3000,3000,3000,3000,3000,3000,3000,3000,3000,3000,3000,3000,3000,3000,3000,3000,3000,3000,3000,3000,3000,3000,3000,3000,3000,3000,3000,3000,3000,3000,3000,3000,3000,3000,3000,3000,3000,3000,3000,3000,3000,3000,3000,3000,3000,3000,3000,3000,3000,3000,3000,3000,3000,3000,3000,3000,3000,3000,3000,3000,3000,3000,3000,3000,3000,3000,3000,3000,3000,3000,3000,3000,3000
3000,3000,3000,3000,3000,3000,3000,3000,3000,3000,3000,3000,3000,3000,3000,3000,3000,3000,3000,3000,3000,3000,3000,3000,3000,3000,3000,3000,3000,3000,3000,3000,3000,3000,3000,3000,3000,3000,3000,3000,3000,3000,3000,3000,3000,3000,3000,3000,3000,3000,3000,3000,3000,3000,3000,3000,3000,3000,3000,3000,3000,3000,3000,3000,3000,3000,3000,3000,3000,3000,3000,3000,3000,3000,3000,3000,3000,3000,3000,3000,3000,3000,3000,3000,3000,3000,3000,3000,3000,3000,3000,3000,3000,3000,3000,3000,3000,3000,3000,3000,3000,3000,3000,3000,3000,3000,3000,3000,3000,3000,3000,3000,3000,3000,3000,3000,3000,3000,3000,3000,3000,3000,3000,3000,3000,3000,3000,3000,3000,3000,3000,3000,3000,3000,3000,3000,3000,3000,3000,3000,3000,3000,3000,3000,3000,3000,3000,3000,3000,3000,3000,3000,3000,3000,3000,3000,3000,3000,3000,3000
3000,3000,3000,3000,3000,3000,3000,3000,3000,3000,3000,3000,3000,3000,3000,3000,3000,3000,3000,3000,3000,3000,3000,3000,3000,3000,3000,3000,3000,3000,3000,3000,3000,3000,3000,3000,3000,3000,3000,3000,3000,3000,3000,3000,3000,3000,3000,3000,3000,3000,3000,3000,3000,3000,3000,3000,3000,3000,3000,3000,3000,3000,3000,3000,3000,3000,3000,3000,3000,3000,3000,3000,3000,3000,3000,3000,3000,3000,3000,3000,3000,3000,3000,3000,3000,3000,3000,3000,3000,3000,3000,3000,3000,3000,3000,3000,3000,3000,3000,3000,3000,3000,3000,3000,3000,3000,3000,3000,3000,3000,3000,3000,3000,3000,3000,3000,3000,3000,3000,3000,3000,3000,3000,3000,3000,3000,3000,3000,3000,3000,3000,3000,3000,3000,3000,3000,3000,3000,3000,3000,3000,3000,3000,3000,3000,3000,3000,3000,3000,3000,3000,3000,3000,3000,3000,3000,3000,3000,3000,3000
3000,3000,3000,3000,3000,3000,3000,3000,3000,3000,3000,3000,3000,3000,3000,3000,3000,3000,3000,3000,3000,3000,3000,3000,3000,3000,3000,3000,3000,3000,3000,3000,3000,3000,3000,3000,3000,3000,3000,3000,3000,3000,3000,3000,3000,3000,3000,3000,3000,3000,3000,3000,3000,3000,3000,3000,3000,3000,3000,3000,3000,3000,3000,3000,3000,3000,3000,3000,3000,3000,3000,3000,3000,3000,3000,3000,3000,3000,3000,3000,3000,3000,3000,3000,3000,3000,3000,3000,3000,3000,3000,3000,3000,3000,3000,3000,3000,3000,3000,3000,3000,3000,3000,3000,3000,3000,3000,3000,3000,3000,3000,3000,3000,3000,3000,3000,3000,3000,3000,3000,3000,3000,3000,3000,3000,3000,3000,3000,3000,3000,3000,3000,3000,3000,3000,3000,3000,3000,3000,3000,3000,3000,3000,3000,3000,3000,3000,3000,3000,3000,3000,3000,3000,3000,3000,3000,3000,3000,3000,3000
3000,3000,3000,3000,3000,3000,3000,3000,3000,3000,3000,3000,3000,3000,3000,3000,3000,3000,3000,3000,3000,3000,3000,3000,3000,3000,3000,3000,3000,3000,3000,3000,3000,3000,3000,3000,3000,3000,3000,3000,3000,3000,3000,3000,3000,3000,3000,3000,3000,3000,3000,3000,3000,3000,3000,3000,3000,3000,3000,3000,3000,3000,3000,3000,3000,3000,3000,3000,3000,3000,3000,3000,3000,3000,3000,3000,3000,3000,3000,3000,3000,3000,3000,3000,3000,3000,3000,3000,3000,3000,3000,3000,3000,3000,3000,3000,3000,3000,3000,3000,3000,3000,3000,3000,3000,3000,3000,3000,3000,3000,3000,3000,3000,3000,3000,3000,3000,3000,3000,3000,3000,3000,3000,3000,3000,3000,3000,3000,3000,3000,3000,3000,3000,3000,3000,3000,3000,3000,3000,3000,3000,3000,3000,3000,3000,3000,3000,3000,3000,3000,3000,3000,3000,3000,3000,3000,3000,3000,3000,3000
3000,3000,3000,3000,3000,3000,3000,3000,3000,3000,3000,3000,3000,3000,3000,3000,3000,3000,3000,3000,3000,3000,3000,3000,3000,3000,3000,3000,3000,3000,3000,3000,3000,3000,3000,3000,3000,3000,3000,3000,3000,3000,3000,3000,3000,3000,3000,3000,3000,3000,3000,3000,3000,3000,3000,3000,3000,3000,3000,3000,3000,3000,3000,3000,3000,3000,3000,3000,3000,3000,3000,3000,3000,3000,3000,3000,3000,3000,3000,3000,3000,3000,3000,3000,3000,3000,3000,3000,3000,3000,3000,3000,3000,3000,3000,3000,3000,3000,3000,3000,3000,3000,3000,3000,3000,3000,3000,3000,3000,3000,3000,3000,3000,3000,3000,3000,3000,3000,3000,3000,3000,3000,3000,3000,3000,3000,3000,3000,3000,3000,3000,3000,3000,3000,3000,3000,3000,3000,3000,3000,3000,3000,3000,3000,3000,3000,3000,3000,3000,3000,3000,3000,3000,3000,3000,3000,3000,3000,3000,3000
3000,3000,3000,3000,3000,3000,3000,3000,3000,3000,3000,3000,3000,3000,3000,3000,3000,3000,3000,3000,3000,3000,3000,3000,3000,3000,3000,3000,3000,3000,3000,3000,3000,3000,3000,3000,3000,3000,3000,3000,3000,3000,3000,3000,3000,3000,3000,3000,3000,3000,3000,3000,3000,3000,3000,3000,3000,3000,3000,3000,3000,3000,3000,3000,3000,3000,3000,3000,3000,3000,3000,3000,3000,3000,3000,3000,3000,3000,3000,3000,3000,3000,3000,3000,3000,3000,3000,3000,3000,3000,3000,3000,3000,3000,3000,3000,3000,3000,3000,3000,3000,3000,3000,3000,3000,3000,3000,3000,3000,3000,3000,3000,3000,3000,3000,3000,3000,3000,3000,3000,3000,3000,3000,3000,3000,3000,3000,3000,3000,3000,3000,3000,3000,3000,3000,3000,3000,3000,3000,3000,3000,3000,3000,3000,3000,3000,3000,3000,3000,3000,3000,3000,3000,3000,3000,3000,3000,3000,3000,3000
3000,3000,3000,3000,3000,3000,3000,3000,3000,3000,3000,3000,3000,3000,3000,3000,3000,3000,3000,3000,3000,3000,3000,3000,3000,3000,3000,3000,3000,3000,3000,3000,3000,3000,3000,3000,3000,3000,3000,3000,3000,3000,3000,3000,3000,3000,3000,3000,3000,3000,3000,3000,3000,3000,3000,3000,3000,3000,3000,3000,3000,3000,3000,3000,3000,3000,3000,3000,3000,3000,3000,3000,3000,3000,3000,3000,3000,3000,3000,3000,3000,3000,3000,3000,3000,3000,3000,3000,3000,3000,3000,3000,3000,3000,3000,3000,3000,3000,3000,3000,3000,3000,3000,3000,3000,3000,3000,3000,3000,3000,3000,3000,3000,3000,3000,3000,3000,3000,3000,3000,3000,3000,3000,3000,3000,3000,3000,3000,3000,3000,3000,3000,3000,3000,3000,3000,3000,3000,3000,3000,3000,3000,3000,3000,3000,3000,3000,3000,3000,3000,3000,3000,3000,3000,3000,3000,3000,3000,3000,3000
3000,3000,3000,3000,3000,3000,3000,3000,3000,3000,3000,3000,3000,3000,3000,3000,3000,3000,3000,3000,3000,3000,3000,3000,3000,3000,3000,3000,3000,3000,3000,3000,3000,3000,3000,3000,3000,3000,3000,3000,3000,3000,3000,3000,3000,3000,3000,3000,3000,3000,3000,3000,3000,3000,3000,3000,3000,3000,3000,3000,3000,3000,3000,3000,3000,3000,3000,3000,3000,3000,3000,3000,3000,3000,3000,3000,3000,3000,3000,3000,3000,3000,3000,3000,3000,3000,3000,3000,3000,3000,3000,3000,3000,3000,3000,3000,3000,3000,3000,3000,3000,3000,3000,3000,3000,3000,3000,3000,3000,3000,3000,3000,3000,3000,3000,3000,3000,3000,3000,3000,3000,3000,3000,3000,3000,3000,3000,3000,3000,3000,3000,3000,3000,3000,3000,3000,3000,3000,3000,3000,3000,3000,3000,3000,3000,3000,3000,3000,3000,3000,3000,3000,3000,3000,3000,3000,3000,3000,3000,3000
3000,3000,3000,3000,3000,3000,3000,3000,3000,3000,3000,3000,3000,3000,3000,3000,3000,3000,3000,3000,3000,3000,3000,3000,3000,3000,3000,3000,3000,3000,3000,3000,3000,3000,3000,3000,3000,3000,3000,3000,3000,3000,3000,3000,3000,3000,3000,3000,3000,3000,3000,3000,3000,3000,3000,3000,3000,3000,3000,3000,3000,3000,3000,3000,3000,3000,3000,3000,3000,3000,3000,3000,3000,3000,3000,3000,3000,3000,3000,3000,3000,3000,3000,3000,3000,3000,3000,3000,3000,3000,3000,3000,3000,3000,3000,3000,3000,3000,3000,3000,3000,3000,3000,3000,3000,3000,3000,3000,3000,3000,3000,3000,3000,3000,3000,3000,3000,3000,3000,3000,3000,3000,3000,3000,3000,3000,3000,3000,3000,3000,3000,3000,3000,3000,3000,3000,3000,3000,3000,3000,3000,3000,3000,3000,3000,3000,3000,3000,3000,3000,3000,3000,3000,3000,3000,3000,3000,3000,3000,3000
3000,3000,3000,3000,3000,3000,3000,3000,3000,3000,3000,3000,3000,3000,3000,3000,3000,3000,3000,3000,3000,3000,3000,3000,3000,3000,3000,3000,3000,3000,3000,3000,3000,3000,3000,3000,3000,3000,3000,3000,3000,3000,3000,3000,3000,3000,3000,3000,3000,3000,3000,3000,3000,3000,3000,3000,3000,3000,3000,3000,3000,3000,3000,3000,3000,3000,3000,3000,3000,3000,3000,3000,3000,3000,3000,3000,3000,3000,3000,3000,3000,3000,3000,3000,3000,3000,3000,3000,3000,3000,3000,3000,3000,3000,3000,3000,3000,3000,3000,3000,3000,3000,3000,3000,3000,3000,3000,3000,3000,3000,3000,3000,3000,3000,3000,3000,3000,3000,3000,3000,3000,3000,3000,3000,3000,3000,3000,3000,3000,3000,3000,3000,3000,3000,3000,3000,3000,3000,3000,3000,3000,3000,3000,3000,3000,3000,3000,3000,3000,3000,3000,3000,3000,3000,3000,3000,3000,3000,3000,3000
3000,3000,3000,3000,3000,3000,3000,3000,3000,3000,3000,3000,3000,3000,3000,3000,3000,3000,3000,3000,3000,3000,3000,3000,3000,3000,3000,3000,3000,3000,3000,3000,3000,3000,3000,3000,3000,3000,3000,3000,3000,3000,3000,3000,3000,3000,3000,3000,3000,3000,3000,3000,3000,3000,3000,3000,3000,3000,3000,3000,3000,3000,3000,3000,3000,3000,3000,3000,3000,3000,3000,3000,3000,3000,3000,3000,3000,3000,3000,3000,3000,3000,3000,3000,3000,3000,3000,3000,3000,3000,3000,3000,3000,3000,3000,3000,3000,3000,3000,3000,3000,3000,3000,3000,3000,3000,3000,3000,3000,3000,3000,3000,3000,3000,3000,3000,3000,3000,3000,3000,3000,3000,3000,3000,3000,3000,3000,3000,3000,3000,3000,3000,3000,3000,3000,3000,3000,3000,3000,3000,3000,3000,3000,3000,3000,3000,3000,3000,3000,3000,3000,3000,3000,3000,3000,3000,3000,3000,3000,3000
3000,3000,3000,3000,3000,3000,3000,3000,3000,3000,3000,3000,3000,3000,3000,3000,3000,3000,3000,3000,3000,3000,3000,3000,3000,3000,3000,3000,3000,3000,3000,3000,3000,3000,3000,3000,3000,3000,3000,3000,3000,3000,3000,3000,3000,3000,3000,3000,3000,3000,3000,3000,3000,3000,3000,3000,3000,3000,3000,3000,3000,3000,3000,3000,3000,3000,3000,3000,3000,3000,3000,3000,3000,3000,3000,3000,3000,3000,3000,3000,3000,3000,3000,3000,3000,3000,3000,3000,3000,3000,3000,3000,3000,3000,3000,3000,3000,3000,3000,3000,3000,3000,3000,3000,3000,3000,3000,3000,3000,3000,3000,3000,3000,3000,3000,3000,3000,3000,3000,3000,3000,3000,3000,3000,3000,3000,3000,3000,3000,3000,3000,3000,3000,3000,3000,3000,3000,3000,3000,3000,3000,3000,3000,3000,3000,3000,3000,3000,3000,3000,3000,3000,3000,3000,3000,3000,3000,3000,3000,3000
3000,3000,3000,3000,3000,3000,3000,3000,3000,3000,3000,3000,3000,3000,3000,3000,3000,3000,3000,3000,3000,3000,3000,3000,3000,3000,3000,3000,3000,3000,3000,3000,3000,3000,3000,3000,3000,3000,3000,3000,3000,3000,3000,3000,3000,3000,3000,3000,3000,3000,3000,3000,3000,3000,3000,3000,3000,3000,3000,3000,3000,3000,3000,3000,3000,3000,3000,3000,3000,3000,3000,3000,3000,3000,3000,3000,3000,3000,3000,3000,3000,3000,3000,3000,3000,3000,3000,3000,3000,3000,3000,3000,3000,3000,3000,3000,3000,3000,3000,3000,3000,3000,3000,3000,3000,3000,3000,3000,3000,3000,3000,3000,3000,3000,3000,3000,3000,3000,3000,3000,3000,3000,3000,3000,3000,3000,3000,3000,3000,3000,3000,3000,3000,3000,3000,3000,3000,3000,3000,3000,3000,3000,3000,3000,3000,3000,3000,3000,3000,3000,3000,3000,3000,3000,3000,3000,3000,3000,3000,3000
3000,3000,3000,3000,3000,3000,3000,3000,3000,3000,3000,3000,3000,3000,3000,3000,3000,3000,3000,3000,3000,3000,3000,3000,3000,3000,3000,3000,3000,3000,3000,3000,3000,3000,3000,3000,3000,3000,3000,3000,3000,3000,3000,3000,3000,3000,3000,3000,3000,3000,3000,3000,3000,3000,3000,3000,3000,3000,3000,3000,3000,3000,3000,3000,3000,3000,3000,3000,3000,3000,3000,3000,3000,3000,3000,3000,3000,3000,3000,3000,3000,3000,3000,3000,3000,3000,3000,3000,3000,3000,3000,3000,3000,3000,3000,3000,3000,3000,3000,3000,3000,3000,3000,3000,3000,3000,3000,3000,3000,3000,3000,3000,3000,3000,3000,3000,3000,3000,3000,3000,3000,3000,3000,3000,3000,3000,3000,3000,3000,3000,3000,3000,3000,3000,3000,3000,3000,3000,3000,3000,3000,3000,3000,3000,3000,3000,3000,3000,3000,3000,3000,3000,3000,3000,3000,3000,3000,3000,3000,3000
3000,3000,3000,3000,3000,3000,3000,3000,3000,3000,3000,3000,3000,3000,3000,3000,3000,3000,3000,3000,3000,3000,3000,3000,3000,3000,3000,3000,3000,3000,3000,3000,3000,3000,3000,3000,3000,3000,3000,3000,3000,3000,3000,3000,3000,3000,3000,3000,3000,3000,3000,3000,3000,3000,3000,3000,3000,3000,3000,3000,3000,3000,3000,3000,3000,3000,3000,3000,3000,3000,3000,3000,3000,3000,3000,3000,3000,3000,3000,3000,3000,3000,3000,3000,3000,3000,3000,3000,3000,3000,3000,3000,3000,3000,3000,3000,3000,3000,3000,3000,3000,3000,3000,3000,3000,3000,3000,3000,3000,3000,3000,3000,3000,3000,3000,3000,3000,3000,3000,3000,3000,3000,3000,3000,3000,3000,3000,3000,3000,3000,3000,3000,3000,3000,3000,3000,3000,3000,3000,3000,3000,3000,3000,3000,3000,3000,3000,3000,3000,3000,3000,3000,3000,3000,3000,3000,3000,3000,3000,3000
3000,3000,3000,3000,3000,3000,3000,3000,3000,3000,3000,3000,3000,3000,3000,3000,3000,3000,3000,3000,3000,3000,3000,3000,3000,3000,3000,3000,3000,3000,3000,3000,3000,3000,3000,3000,3000,3000,3000,3000,3000,3000,3000,3000,3000,3000,3000,3000,3000,3000,3000,3000,3000,3000,3000,3000,3000,3000,3000,3000,3000,3000,3000,3000,3000,3000,3000,3000,3000,3000,3000,3000,3000,3000,3000,3000,3000,3000,3000,3000,3000,3000,3000,3000,3000,3000,3000,3000,3000,3000,3000,3000,3000,3000,3000,3000,3000,3000,3000,3000,3000,3000,3000,3000,3000,3000,3000,3000,3000,3000,3000,3000,3000,3000,3000,3000,3000,3000,3000,3000,3000,3000,3000,3000,3000,3000,3000,3000,3000,3000,3000,3000,3000,3000,3000,3000,3000,3000,3000,3000,3000,3000,3000,3000,3000,3000,3000,3000,3000,3000,3000,3000,3000,3000,3000,3000,3000,3000,3000,3000
3000,3000,3000,3000,3000,3000,3000,3000,3000,3000,3000,3000,3000,3000,3000,3000,3000,3000,3000,3000,3000,3000,3000,3000,3000,3000,3000,3000,3000,3000,3000,3000,3000,3000,3000,3000,3000,3000,3000,3000,3000,3000,3000,3000,3000,3000,3000,3000,3000,3000,3000,3000,3000,3000,3000,3000,3000,3000,3000,3000,3000,3000,3000,3000,3000,3000,3000,3000,3000,3000,3000,3000,3000,3000,3000,3000,3000,3000,3000,3000,3000,3000,3000,3000,3000,3000,3000,3000,3000,3000,3000,3000,3000,3000,3000,3000,3000,3000,3000,3000,3000,3000,3000,3000,3000,3000,3000,3000,3000,3000,3000,3000,3000,3000,3000,3000,3000,3000,3000,3000,3000,3000,3000,3000,3000,3000,3000,3000,3000,3000,3000,3000,3000,3000,3000,3000,3000,3000,3000,3000,3000,3000,3000,3000,3000,3000,3000,3000,3000,3000,3000,3000,3000,3000,3000,3000,3000,3000,3000,3000
3000,3000,3000,3000,3000,3000,3000,3000,3000,3000,3000,3000,3000,3000,3000,3000,3000,3000,3000,3000,3000,3000,3000,3000,3000,3000,3000,3000,3000,3000,3000,3000,3000,3000,3000,3000,3000,3000,3000,3000,3000,3000,3000,3000,3000,3000,3000,3000,3000,3000,3000,3000,3000,3000,3000,3000,3000,3000,3000,3000,3000,3000,3000,3000,3000,3000,3000,3000,3000,3000,3000,3000,3000,3000,3000,3000,3000,3000,3000,3000,3000,3000,3000,3000,3000,3000,3000,3000,3000,3000,3000,3000,3000,3000,3000,3000,3000,3000,3000,3000,3000,3000,3000,3000,3000,3000,3000,3000,3000,3000,3000,3000,3000,3000,3000,3000,3000,3000,3000,3000,3000,3000,3000,3000,3000,3000,3000,3000,3000,3000,3000,3000,3000,3000,3000,3000,3000,3000,3000,3000,3000,3000,3000,3000,3000,3000,3000,3000,3000,3000,3000,3000,3000,3000,3000,3000,3000,3000,3000,3000
3000,3000,3000,3000,3000,3000,3000,3000,3000,3000,3000,3000,3000,3000,3000,3000,3000,3000,3000,3000,3000,3000,3000,3000,3000,3000,3000,3000,3000,3000,3000,3000,3000,3000,3000,3000,3000,3000,3000,3000,3000,3000,3000,3000,3000,3000,3000,3000,3000,3000,3000,3000,3000,3000,3000,3000,3000,3000,3000,3000,3000,3000,3000,3000,3000,3000,3000,3000,3000,3000,3000,3000,3000,3000,3000,3000,3000,3000,3000,3000,3000,3000,3000,3000,3000,3000,3000,3000,3000,3000,3000,3000,3000,3000,3000,3000,3000,3000,3000,3000,3000,3000,3000,3000,3000,3000,3000,3000,3000,3000,3000,3000,3000,3000,3000,3000,3000,3000,3000,3000,3000,3000,3000,3000,3000,3000,3000,3000,3000,3000,3000,3000,3000,3000,3000,3000,3000,3000,3000,3000,3000,3000,3000,3000,3000,3000,3000,3000,3000,3000,3000,3000,3000,3000,3000,3000,3000,3000,3000,3000
3000,3000,3000,3000,3000,3000,3000,3000,3000,3000,3000,3000,3000,3000,3000,3000,3000,3000,3000,3000,3000,3000,3000,3000,3000,3000,3000,3000,3000,3000,3000,3000,3000,3000,3000,3000,3000,3000,3000,3000,3000,3000,3000,3000,3000,3000,3000,3000,3000,3000,3000,3000,3000,3000,3000,3000,3000,3000,3000,3000,3000,3000,3000,3000,3000,3000,3000,3000,3000,3000,3000,3000,3000,3000,3000,3000,3000,3000,3000,3000,3000,3000,3000,3000,3000,3000,3000,3000,3000,3000,3000,3000,3000,3000,3000,3000,3000,3000,3000,3000,3000,3000,3000,3000,3000,3000,3000,3000,3000,3000,3000,3000,3000,3000,3000,3000,3000,3000,3000,3000,3000,3000,3000,3000,3000,3000,3000,3000,3000,3000,3000,3000,3000,3000,3000,3000,3000,3000,3000,3000,3000,3000,3000,3000,3000,3000,3000,3000,3000,3000,3000,3000,3000,3000,3000,3000,3000,3000,3000,3000
3000,3000,3000,3000,3000,3000,3000,3000,3000,3000,3000,3000,3000,3000,3000,3000,3000,3000,3000,3000,3000,3000,3000,3000,3000,3000,3000,3000,3000,3000,3000,3000,3000,3000,3000,3000,3000,3000,3000,3000,3000,3000,3000,3000,3000,3000,3000,3000,3000,3000,3000,3000,3000,3000,3000,3000,3000,3000,3000,3000,3000,3000,3000,3000,3000,3000,3000,3000,3000,3000,3000,3000,3000,3000,3000,3000,3000,3000,3000,3000,3000,3000,3000,3000,3000,3000,3000,3000,3000,3000,3000,3000,3000,3000,3000,3000,3000,3000,3000,3000,3000,3000,3000,3000,3000,3000,3000,3000,3000,3000,3000,3000,3000,3000,3000,3000,3000,3000,3000,3000,3000,3000,3000,3000,3000,3000,3000,3000,3000,3000,3000,3000,3000,3000,3000,3000,3000,3000,3000,3000,3000,3000,3000,3000,3000,3000,3000,3000,3000,3000,3000,3000,3000,3000,3000,3000,3000,3000,3000,3000
3000,3000,3000,3000,3000,3000,3000,3000,3000,3000,3000,3000,3000,3000,3000,3000,3000,3000,3000,3000,3000,3000,3000,3000,3000,3000,3000,3000,3000,3000,3000,3000,3000,3000,3000,3000,3000,3000,3000,3000,3000,3000,3000,3000,3000,3000,3000,3000,3000,3000,3000,3000,3000,3000,3000,3000,3000,3000,3000,3000,3000,3000,3000,3000,3000,3000,3000,3000,3000,3000,3000,3000,3000,3000,3000,3000,3000,3000,3000,3000,3000,3000,3000,3000,3000,3000,3000,3000,3000,3000,3000,3000,3000,3000,3000,3000,3000,3000,3000,3000,3000,3000,3000,3000,3000,3000,3000,3000,3000,3000,3000,3000,3000,3000,3000,3000,3000,3000,3000,3000,3000,3000,3000,3000,3000,3000,3000,3000,3000,3000,3000,3000,3000,3000,3000,3000,3000,3000,3000,3000,3000,3000,3000,3000,3000,3000,3000,3000,3000,3000,3000,3000,3000,3000,3000,3000,3000,3000,3000,3000
3000,3000,3000,3000,3000,3000,3000,3000,3000,3000,3000,3000,3000,3000,3000,3000,3000,3000,3000,3000,3000,3000,3000,3000,3000,3000,3000,3000,3000,3000,3000,3000,3000,3000,3000,3000,3000,3000,3000,3000,3000,3000,3000,3000,3000,3000,3000,3000,3000,3000,3000,3000,3000,3000,3000,3000,3000,3000,3000,3000,3000,3000,3000,3000,3000,3000,3000,3000,3000,3000,3000,3000,3000,3000,3000,3000,3000,3000,3000,3000,3000,3000,3000,3000,3000,3000,3000,3000,3000,3000,3000,3000,3000,3000,3000,3000,3000,3000,3000,3000,3000,3000,3000,3000,3000,3000,3000,3000,3000,3000,3000,3000,3000,3000,3000,3000,3000,3000,3000,3000,3000,3000,3000,3000,3000,3000,3000,3000,3000,3000,3000,3000,3000,3000,3000,3000,3000,3000,3000,3000,3000,3000,3000,3000,3000,3000,3000,3000,3000,3000,3000,3000,3000,3000,3000,3000,3000,3000,3000,3000
3000,3000,3000,3000,3000,3000,3000,3000,3000,3000,3000,3000,3000,3000,3000,3000,3000,3000,3000,3000,3000,3000,3000,3000,3000,3000,3000,3000,3000,3000,3000,3000,3000,3000,3000,3000,3000,3000,3000,3000,3000,3000,3000,3000,3000,3000,3000,3000,3000,3000,3000,3000,3000,3000,3000,3000,3000,3000,3000,3000,3000,3000,3000,3000,3000,3000,3000,3000,3000,3000,3000,3000,3000,3000,3000,3000,3000,3000,3000,3000,3000,3000,3000,3000,3000,3000,3000,3000,3000,3000,3000,3000,3000,3000,3000,3000,3000,3000,3000,3000,3000,3000,3000,3000,3000,3000,3000,3000,3000,3000,3000,3000,3000,3000,3000,3000,3000,3000,3000,3000,3000,3000,3000,3000,3000,3000,3000,3000,3000,3000,3000,3000,3000,3000,3000,3000,3000,3000,3000,3000,3000,3000,3000,3000,3000,3000,3000,3000,3000,3000,3000,3000,3000,3000,3000,3000,3000,3000,3000,3000
3000,3000,3000,3000,3000,3000,3000,3000,3000,3000,3000,3000,3000,3000,3000,3000,3000,3000,3000,3000,3000,3000,3000,3000,3000,3000,3000,3000,3000,3000,3000,3000,3000,3000,3000,3000,3000,3000,3000,3000,3000,3000,3000,3000,3000,3000,3000,3000,3000,3000,3000,3000,3000,3000,3000,3000,3000,3000,3000,3000,3000,3000,3000,3000,3000,3000,3000,3000,3000,3000,3000,3000,3000,3000,3000,3000,3000,3000,3000,3000,3000,3000,3000,3000,3000,3000,3000,3000,3000,3000,3000,3000,3000,3000,3000,3000,3000,3000,3000,3000,3000,3000,3000,3000,3000,3000,3000,3000,3000,3000,3000,3000,3000,3000,3000,3000,3000,3000,3000,3000,3000,3000,3000,3000,3000,3000,3000,3000,3000,3000,3000,3000,3000,3000,3000,3000,3000,3000,3000,3000,3000,3000,3000,3000,3000,3000,3000,3000,3000,3000,3000,3000,3000,3000,3000,3000,3000,3000,3000,3000
3000,3000,3000,3000,3000,3000,3000,3000,3000,3000,3000,3000,3000,3000,3000,3000,3000,3000,3000,3000,3000,3000,3000,3000,3000,3000,3000,3000,3000,3000,3000,3000,3000,3000,3000,3000,3000,3000,3000,3000,3000,3000,3000,3000,3000,3000,3000,3000,3000,3000,3000,3000,3000,3000,3000,3000,3000,3000,3000,3000,3000,3000,3000,3000,3000,3000,3000,3000,3000,3000,3000,3000,3000,3000,3000,3000,3000,3000,3000,3000,3000,3000,3000,3000,3000,3000,3000,3000,3000,3000,3000,3000,3000,3000,3000,3000,3000,3000,3000,3000,3000,3000,3000,3000,3000,3000,3000,3000,3000,3000,3000,3000,3000,3000,3000,3000,3000,3000,3000,3000,3000,3000,3000,3000,3000,3000,3000,3000,3000,3000,3000,3000,3000,3000,3000,3000,3000,3000,3000,3000,3000,3000,3000,3000,3000,3000,3000,3000,3000,3000,3000,3000,3000,3000,3000,3000,3000,3000,3000,3000
3000,3000,3000,3000,3000,3000,3000,3000,3000,3000,3000,3000,3000,3000,3000,3000,3000,3000,3000,3000,3000,3000,3000,3000,3000,3000,3000,3000,3000,3000,3000,3000,3000,3000,3000,3000,3000,3000,3000,3000,3000,3000,3000,3000,3000,3000,3000,3000,3000,3000,3000,3000,3000,3000,3000,3000,3000,3000,3000,3000,3000,3000,3000,3000,3000,3000,3000,3000,3000,3000,3000,3000,3000,3000,3000,3000,3000,3000,3000,3000,3000,3000,3000,3000,3000,3000,3000,3000,3000,3000,3000,3000,3000,3000,3000,3000,3000,3000,3000,3000,3000,3000,3000,3000,3000,3000,3000,3000,3000,3000,3000,3000,3000,3000,3000,3000,3000,3000,3000,3000,3000,3000,3000,3000,3000,3000,3000,3000,3000,3000,3000,3000,3000,3000,3000,3000,3000,3000,3000,3000,3000,3000,3000,3000,3000,3000,3000,3000,3000,3000,3000,3000,3000,3000,3000,3000,3000,3000,3000,3000
3000,3000,3000,3000,3000,3000,3000,3000,3000,3000,3000,3000,3000,3000,3000,3000,3000,3000,3000,3000,3000,3000,3000,3000,3000,3000,3000,3000,3000,3000,3000,3000,3000,3000,3000,3000,3000,3000,3000,3000,3000,3000,3000,3000,3000,3000,3000,3000,3000,3000,3000,3000,3000,3000,3000,3000,3000,3000,3000,3000,3000,3000,3000,3000,3000,3000,3000,3000,3000,3000,3000,3000,3000,3000,3000,3000,3000,3000,3000,3000,3000,3000,3000,3000,3000,3000,3000,3000,3000,3000,3000,3000,3000,3000,3000,3000,3000,3000,3000,3000,3000,3000,3000,3000,3000,3000,3000,3000,3000,3000,3000,3000,3000,3000,3000,3000,3000,3000,3000,3000,3000,3000,3000,3000,3000,3000,3000,3000,3000,3000,3000,3000,3000,3000,3000,3000,3000,3000,3000,3000,3000,3000,3000,3000,3000,3000,3000,3000,3000,3000,3000,3000,3000,3000,3000,3000,3000,3000,3000,3000
3000,3000,3000,3000,3000,3000,3000,3000,3000,3000,3000,3000,3000,3000,3000,3000,3000,3000,3000,3000,3000,3000,3000,3000,3000,3000,3000,3000,3000,3000,3000,3000,3000,3000,3000,3000,3000,3000,3000,3000,3000,3000,3000,3000,3000,3000,3000,3000,3000,3000,3000,3000,3000,3000,3000,3000,3000,3000,3000,3000,3000,3000,3000,3000,3000,3000,3000,3000,3000,3000,3000,3000,3000,3000,3000,3000,3000,3000,3000,3000,3000,3000,3000,3000,3000,3000,3000,3000,3000,3000,3000,3000,3000,3000,3000,3000,3000,3000,3000,3000,3000,3000,3000,3000,3000,3000,3000,3000,3000,3000,3000,3000,3000,3000,3000,3000,3000,3000,3000,3000,3000,3000,3000,3000,3000,3000,3000,3000,3000,3000,3000,3000,3000,3000,3000,3000,3000,3000,3000,3000,3000,3000,3000,3000,3000,3000,3000,3000,3000,3000,3000,3000,3000,3000,3000,3000,3000,3000,3000,3000
3000,3000,3000,3000,3000,3000,3000,3000,3000,3000,3000,3000,3000,3000,3000,3000,3000,3000,3000,3000,3000,3000,3000,3000,3000,3000,3000,3000,3000,3000,3000,3000,3000,3000,3000,3000,3000,3000,3000,3000,3000,3000,3000,3000,3000,3000,3000,3000,3000,3000,3000,3000,3000,3000,3000,3000,3000,3000,3000,3000,3000,3000,3000,3000,3000,3000,3000,3000,3000,3000,3000,3000,3000,3000,3000,3000,3000,3000,3000,3000,3000,3000,3000,3000,3000,3000,3000,3000,3000,3000,3000,3000,3000,3000,3000,3000,3000,3000,3000,3000,3000,3000,3000,3000,3000,3000,3000,3000,3000,3000,3000,3000,3000,3000,3000,3000,3000,3000,3000,3000,3000,3000,3000,3000,3000,3000,3000,3000,3000,3000,3000,3000,3000,3000,3000,3000,3000,3000,3000,3000,3000,3000,3000,3000,3000,3000,3000,3000,3000,3000,3000,3000,3000,3000,3000,3000,3000,3000,3000,3000
3000,3000,3000,3000,3000,3000,3000,3000,3000,3000,3000,3000,3000,3000,3000,3000,3000,3000,3000,3000,3000,3000,3000,3000,3000,3000,3000,3000,3000,3000,3000,3000,3000,3000,3000,3000,3000,3000,3000,3000,3000,3000,3000,3000,3000,3000,3000,3000,3000,3000,3000,3000,3000,3000,3000,3000,3000,3000,3000,3000,3000,3000,3000,3000,3000,3000,3000,3000,3000,3000,3000,3000,3000,3000,3000,3000,3000,3000,3000,3000,3000,3000,3000,3000,3000,3000,3000,3000,3000,3000,3000,3000,3000,3000,3000,3000,3000,3000,3000,3000,3000,3000,3000,3000,3000,3000,3000,3000,3000,3000,3000,3000,3000,3000,3000,3000,3000,3000,3000,3000,3000,3000,3000,3000,3000,3000,3000,3000,3000,3000,3000,3000,3000,3000,3000,3000,3000,3000,3000,3000,3000,3000,3000,3000,3000,3000,3000,3000,3000,3000,3000,3000,3000,3000,3000,3000,3000,3000,3000,3000
3000,3000,3000,3000,3000,3000,3000,3000,3000,3000,3000,3000,3000,3000,3000,3000,3000,3000,3000,3000,3000,3000,3000,3000,3000,3000,3000,3000,3000,3000,3000,3000,3000,3000,3000,3000,3000,3000,3000,3000,3000,3000,3000,3000,3000,3000,3000,3000,3000,3000,3000,3000,3000,3000,3000,3000,3000,3000,3000,3000,3000,3000,3000,3000,3000,3000,3000,3000,3000,3000,3000,3000,3000,3000,3000,3000,3000,3000,3000,3000,3000,3000,3000,3000,3000,3000,3000,3000,3000,3000,3000,3000,3000,3000,3000,3000,3000,3000,3000,3000,3000,3000,3000,3000,3000,3000,3000,3000,3000,3000,3000,3000,3000,3000,3000,3000,3000,3000,3000,3000,3000,3000,3000,3000,3000,3000,3000,3000,3000,3000,3000,3000,3000,3000,3000,3000,3000,3000,3000,3000,3000,3000,3000,3000,3000,3000,3000,3000,3000,3000,3000,3000,3000,3000,3000,3000,3000,3000,3000,3000
3000,3000,3000,3000,3000,3000,3000,3000,3000,3000,3000,3000,3000,3000,3000,3000,3000,3000,3000,3000,3000,3000,3000,3000,3000,3000,3000,3000,3000,3000,3000,3000,3000,3000,3000,3000,3000,3000,3000,3000,3000,3000,3000,3000,3000,3000,3000,3000,3000,3000,3000,3000,3000,3000,3000,3000,3000,3000,3000,3000,3000,3000,3000,3000,3000,3000,3000,3000,3000,3000,3000,3000,3000,3000,3000,3000,3000,3000,3000,3000,3000,3000,3000,3000,3000,3000,3000,3000,3000,3000,3000,3000,3000,3000,3000,3000,3000,3000,3000,3000,3000,3000,3000,3000,3000,3000,3000,3000,3000,3000,3000,3000,3000,3000,3000,3000,3000,3000,3000,3000,3000,3000,3000,3000,3000,3000,3000,3000,3000,3000,3000,3000,3000,3000,3000,3000,3000,3000,3000,3000,3000,3000,3000,3000,3000,3000,3000,3000,3000,3000,3000,3000,3000,3000,3000,3000,3000,3000,3000,3000
3000,3000,3000,3000,3000,3000,3000,3000,3000,3000,3000,3000,3000,3000,3000,3000,3000,3000,3000,3000,3000,3000,3000,3000,3000,3000,3000,3000,3000,3000,3000,3000,3000,3000,3000,3000,3000,3000,3000,3000,3000,3000,3000,3000,3000,3000,3000,3000,3000,3000,3000,3000,3000,3000,3000,3000,3000,3000,3000,3000,3000,3000,3000,3000,3000,3000,3000,3000,3000,3000,3000,3000,3000,3000,3000,3000,3000,3000,3000,3000,3000,3000,3000,3000,3000,3000,3000,3000,3000,3000,3000,3000,3000,3000,3000,3000,3000,3000,3000,3000,3000,3000,3000,3000,3000,3000,3000,3000,3000,3000,3000,3000,3000,3000,3000,3000,3000,3000,3000,3000,3000,3000,3000,3000,3000,3000,3000,3000,3000,3000,3000,3000,3000,3000,3000,3000,3000,3000,3000,3000,3000,3000,3000,3000,3000,3000,3000,3000,3000,3000,3000,3000,3000,3000,3000,3000,3000,3000,3000,3000
3000,3000,3000,3000,3000,3000,3000,3000,3000,3000,3000,3000,3000,3000,3000,3000,3000,3000,3000,3000,3000,3000,3000,3000,3000,3000,3000,3000,3000,3000,3000,3000,3000,3000,3000,3000,3000,3000,3000,3000,3000,3000,3000,3000,3000,3000,3000,3000,3000,3000,3000,3000,3000,3000,3000,3000,3000,3000,3000,3000,3000,3000,3000,3000,3000,3000,3000,3000,3000,3000,3000,3000,3000,3000,3000,3000,3000,3000,3000,3000,3000,3000,3000,3000,3000,3000,3000,3000,3000,3000,3000,3000,3000,3000,3000,3000,3000,3000,3000,3000,3000,3000,3000,3000,3000,3000,3000,3000,3000,3000,3000,3000,3000,3000,3000,3000,3000,3000,3000,3000,3000,3000,3000,3000,3000,3000,3000,3000,3000,3000,3000,3000,3000,3000,3000,3000,3000,3000,3000,3000,3000,3000,3000,3000,3000,3000,3000,3000,3000,3000,3000,3000,3000,3000,3000,3000,3000,3000,3000,3000
3000,3000,3000,3000,3000,3000,3000,3000,3000,3000,3000,3000,3000,3000,3000,3000,3000,3000,3000,3000,3000,3000,3000,3000,3000,3000,3000,3000,3000,3000,3000,3000,3000,3000,3000,3000,3000,3000,3000,3000,3000,3000,3000,3000,3000,3000,3000,3000,3000,3000,3000,3000,3000,3000,3000,3000,3000,3000,3000,3000,3000,3000,3000,3000,3000,3000,3000,3000,3000,3000,3000,3000,3000,3000,3000,3000,3000,3000,3000,3000,3000,3000,3000,3000,3000,3000,3000,3000,3000,3000,3000,3000,3000,3000,3000,3000,3000,3000,3000,3000,3000,3000,3000,3000,3000,3000,3000,3000,3000,3000,3000,3000,3000,3000,3000,3000,3000,3000,3000,3000,3000,3000,3000,3000,3000,3000,3000,3000,3000,3000,3000,3000,3000,3000,3000,3000,3000,3000,3000,3000,3000,3000,3000,3000,3000,3000,3000,3000,3000,3000,3000,3000,3000,3000,3000,3000,3000,3000,3000,3000
3000,3000,3000,3000,3000,3000,3000,3000,3000,3000,3000,3000,3000,3000,3000,3000,3000,3000,3000,3000,3000,3000,3000,3000,3000,3000,3000,3000,3000,3000,3000,3000,3000,3000,3000,3000,3000,3000,3000,3000,3000,3000,3000,3000,3000,3000,3000,3000,3000,3000,3000,3000,3000,3000,3000,3000,3000,3000,3000,3000,3000,3000,3000,3000,3000,3000,3000,3000,3000,3000,3000,3000,3000,3000,3000,3000,3000,3000,3000,3000,3000,3000,3000,3000,3000,3000,3000,3000,3000,3000,3000,3000,3000,3000,3000,3000,3000,3000,3000,3000,3000,3000,3000,3000,3000,3000,3000,3000,3000,3000,3000,3000,3000,3000,3000,3000,3000,3000,3000,3000,3000,3000,3000,3000,3000,3000,3000,3000,3000,3000,3000,3000,3000,3000,3000,3000,3000,3000,3000,3000,3000,3000,3000,3000,3000,3000,3000,3000,3000,3000,3000,3000,3000,3000,3000,3000,3000,3000,3000,3000
3000,3000,3000,3000,3000,3000,3000,3000,3000,3000,3000,3000,3000,3000,3000,3000,3000,3000,3000,3000,3000,3000,3000,3000,3000,3000,3000,3000,3000,3000,3000,3000,3000,3000,3000,3000,3000,3000,3000,3000,3000,3000,3000,3000,3000,3000,3000,3000,3000,3000,3000,3000,3000,3000,3000,3000,3000,3000,3000,3000,3000,3000,3000,3000,3000,3000,3000,3000,3000,3000,3000,3000,3000,3000,3000,3000,3000,3000,3000,3000,3000,3000,3000,3000,3000,3000,3000,3000,3000,3000,3000,3000,3000,3000,3000,3000,3000,3000,3000,3000,3000,3000,3000,3000,3000,3000,3000,3000,3000,3000,3000,3000,3000,3000,3000,3000,3000,3000,3000,3000,3000,3000,3000,3000,3000,3000,3000,3000,3000,3000,3000,3000,3000,3000,3000,3000,3000,3000,3000,3000,3000,3000,3000,3000,3000,3000,3000,3000,3000,3000,3000,3000,3000,3000,3000,3000,3000,3000,3000,3000
3000,3000,3000,3000,3000,3000,3000,3000,3000,3000,3000,3000,3000,3000,3000,3000,3000,3000,3000,3000,3000,3000,3000,3000,3000,3000,3000,3000,3000,3000,3000,3000,3000,3000,3000,3000,3000,3000,3000,3000,3000,3000,3000,3000,3000,3000,3000,3000,3000,3000,3000,3000,3000,3000,3000,3000,3000,3000,3000,3000,3000,3000,3000,3000,3000,3000,3000,3000,3000,3000,3000,3000,3000,3000,3000,3000,3000,3000,3000,3000,3000,3000,3000,3000,3000,3000,3000,3000,3000,3000,3000,3000,3000,3000,3000,3000,3000,3000,3000,3000,3000,3000,3000,3000,3000,3000,3000,3000,3000,3000,3000,3000,3000,3000,3000,3000,3000,3000,3000,3000,3000,3000,3000,3000,3000,3000,3000,3000,3000,3000,3000,3000,3000,3000,3000,3000,3000,3000,3000,3000,3000,3000,3000,3000,3000,3000,3000,3000,3000,3000,3000,3000,3000,3000,3000,3000,3000,3000,3000,3000
3000,3000,3000,3000,3000,3000,3000,3000,3000,3000,3000,3000,3000,3000,3000,3000,3000,3000,3000,3000,3000,3000,3000,3000,3000,3000,3000,3000,3000,3000,3000,3000,3000,3000,3000,3000,3000,3000,3000,3000,3000,3000,3000,3000,3000,3000,3000,3000,3000,3000,3000,3000,3000,3000,3000,3000,3000,3000,3000,3000,3000,3000,3000,3000,3000,3000,3000,3000,3000,3000,3000,3000,3000,3000,3000,3000,3000,3000,3000,3000,3000,3000,3000,3000,3000,3000,3000,3000,3000,3000,3000,3000,3000,3000,3000,3000,3000,3000,3000,3000,3000,3000,3000,3000,3000,3000,3000,3000,3000,3000,3000,3000,3000,3000,3000,3000,3000,3000,3000,3000,3000,3000,3000,3000,3000,3000,3000,3000,3000,3000,3000,3000,3000,3000,3000,3000,3000,3000,3000,3000,3000,3000,3000,3000,3000,3000,3000,3000,3000,3000,3000,3000,3000,3000,3000,3000,3000,3000,3000,3000
3000,3000,3000,3000,3000,3000,3000,3000,3000,3000,3000,3000,3000,3000,3000,3000,3000,3000,3000,3000,3000,3000,3000,3000,3000,3000,3000,3000,3000,3000,3000,3000,3000,3000,3000,3000,3000,3000,3000,3000,3000,3000,3000,3000,3000,3000,3000,3000,3000,3000,3000,3000,3000,3000,3000,3000,3000,3000,3000,3000,3000,3000,3000,3000,3000,3000,3000,3000,3000,3000,3000,3000,3000,3000,3000,3000,3000,3000,3000,3000,3000,3000,3000,3000,3000,3000,3000,3000,3000,3000,3000,3000,3000,3000,3000,3000,3000,3000,3000,3000,3000,3000,3000,3000,3000,3000,3000,3000,3000,3000,3000,3000,3000,3000,3000,3000,3000,3000,3000,3000,3000,3000,3000,3000,3000,3000,3000,3000,3000,3000,3000,3000,3000,3000,3000,3000,3000,3000,3000,3000,3000,3000,3000,3000,3000,3000,3000,3000,3000,3000,3000,3000,3000,3000,3000,3000,3000,3000,3000,3000
3000,3000,3000,3000,3000,3000,3000,3000,3000,3000,3000,3000,3000,3000,3000,3000,3000,3000,3000,3000,3000,3000,3000,3000,3000,3000,3000,3000,3000,3000,3000,3000,3000,3000,3000,3000,3000,3000,3000,3000,3000,3000,3000,3000,3000,3000,3000,3000,3000,3000,3000,3000,3000,3000,3000,3000,3000,3000,3000,3000,3000,3000,3000,3000,3000,3000,3000,3000,3000,3000,3000,3000,3000,3000,3000,3000,3000,3000,3000,3000,3000,3000,3000,3000,3000,3000,3000,3000,3000,3000,3000,3000,3000,3000,3000,3000,3000,3000,3000,3000,3000,3000,3000,3000,3000,3000,3000,3000,3000,3000,3000,3000,3000,3000,3000,3000,3000,3000,3000,3000,3000,3000,3000,3000,3000,3000,3000,3000,3000,3000,3000,3000,3000,3000,3000,3000,3000,3000,3000,3000,3000,3000,3000,3000,3000,3000,3000,3000,3000,3000,3000,3000,3000,3000,3000,3000,3000,3000,3000,3000
3000,3000,3000,3000,3000,3000,3000,3000,3000,3000,3000,3000,3000,3000,3000,3000,3000,3000,3000,3000,3000,3000,3000,3000,3000,3000,3000,3000,3000,3000,3000,3000,3000,3000,3000,3000,3000,3000,3000,3000,3000,3000,3000,3000,3000,3000,3000,3000,3000,3000,3000,3000,3000,3000,3000,3000,3000,3000,3000,3000,3000,3000,3000,3000,3000,3000,3000,3000,3000,3000,3000,3000,3000,3000,3000,3000,3000,3000,3000,3000,3000,3000,3000,3000,3000,3000,3000,3000,3000,3000,3000,3000,3000,3000,3000,3000,3000,3000,3000,3000,3000,3000,3000,3000,3000,3000,3000,3000,3000,3000,3000,3000,3000,3000,3000,3000,3000,3000,3000,3000,3000,3000,3000,3000,3000,3000,3000,3000,3000,3000,3000,3000,3000,3000,3000,3000,3000,3000,3000,3000,3000,3000,3000,3000,3000,3000,3000,3000,3000,3000,3000,3000,3000,3000,3000,3000,3000,3000,3000,3000
3000,3000,3000,3000,3000,3000,3000,3000,3000,3000,3000,3000,3000,3000,3000,3000,3000,3000,3000,3000,3000,3000,3000,3000,3000,3000,3000,3000,3000,3000,3000,3000,3000,3000,3000,3000,3000,3000,3000,3000,3000,3000,3000,3000,3000,3000,3000,3000,3000,3000,3000,3000,3000,3000,3000,3000,3000,3000,3000,3000,3000,3000,3000,3000,3000,3000,3000,3000,3000,3000,3000,3000,3000,3000,3000,3000,3000,3000,3000,3000,3000,3000,3000,3000,3000,3000,3000,3000,3000,3000,3000,3000,3000,3000,3000,3000,3000,3000,3000,3000,3000,3000,3000,3000,3000,3000,3000,3000,3000,3000,3000,3000,3000,3000,3000,3000,3000,3000,3000,3000,3000,3000,3000,3000,3000,3000,3000,3000,3000,3000,3000,3000,3000,3000,3000,3000,3000,3000,3000,3000,3000,3000,3000,3000,3000,3000,3000,3000,3000,3000,3000,3000,3000,3000,3000,3000,3000,3000,3000,3000
3000,3000,3000,3000,3000,3000,3000,3000,3000,3000,3000,3000,3000,3000,3000,3000,3000,3000,3000,3000,3000,3000,3000,3000,3000,3000,3000,3000,3000,3000,3000,3000,3000,3000,3000,3000,3000,3000,3000,3000,3000,3000,3000,3000,3000,3000,3000,3000,3000,3000,3000,3000,3000,3000,3000,3000,3000,3000,3000,3000,3000,3000,3000,3000,3000,3000,3000,3000,3000,3000,3000,3000,3000,3000,3000,3000,3000,3000,3000,3000,3000,3000,3000,3000,3000,3000,3000,3000,3000,3000,3000,3000,3000,3000,3000,3000,3000,3000,3000,3000,3000,3000,3000,3000,3000,3000,3000,3000,3000,3000,3000,3000,3000,3000,3000,3000,3000,3000,3000,3000,3000,3000,3000,3000,3000,3000,3000,3000,3000,3000,3000,3000,3000,3000,3000,3000,3000,3000,3000,3000,3000,3000,3000,3000,3000,3000,3000,3000,3000,3000,3000,3000,3000,3000,3000,3000,3000,3000,3000,3000
3000,3000,3000,3000,3000,3000,3000,3000,3000,3000,3000,3000,3000,3000,3000,3000,3000,3000,3000,3000,3000,3000,3000,3000,3000,3000,3000,3000,3000,3000,3000,3000,3000,3000,3000,3000,3000,3000,3000,3000,3000,3000,3000,3000,3000,3000,3000,3000,3000,3000,3000,3000,3000,3000,3000,3000,3000,3000,3000,3000,3000,3000,3000,3000,3000,3000,3000,3000,3000,3000,3000,3000,3000,3000,3000,3000,3000,3000,3000,3000,3000,3000,3000,3000,3000,3000,3000,3000,3000,3000,3000,3000,3000,3000,3000,3000,3000,3000,3000,3000,3000,3000,3000,3000,3000,3000,3000,3000,3000,3000,3000,3000,3000,3000,3000,3000,3000,3000,3000,3000,3000,3000,3000,3000,3000,3000,3000,3000,3000,3000,3000,3000,3000,3000,3000,3000,3000,3000,3000,3000,3000,3000,3000,3000,3000,3000,3000,3000,3000,3000,3000,3000,3000,3000,3000,3000,3000,3000,3000,3000
3000,3000,3000,3000,3000,3000,3000,3000,3000,3000,3000,3000,3000,3000,3000,3000,3000,3000,3000,3000,3000,3000,3000,3000,3000,3000,3000,3000,3000,3000,3000,3000,3000,3000,3000,3000,3000,3000,3000,3000,3000,3000,3000,3000,3000,3000,3000,3000,3000,3000,3000,3000,3000,3000,3000,3000,3000,3000,3000,3000,3000,3000,3000,3000,3000,3000,3000,3000,3000,3000,3000,3000,3000,3000,3000,3000,3000,3000,3000,3000,3000,3000,3000,3000,3000,3000,3000,3000,3000,3000,3000,3000,3000,3000,3000,3000,3000,3000,3000,3000,3000,3000,3000,3000,3000,3000,3000,3000,3000,3000,3000,3000,3000,3000,3000,3000,3000,3000,3000,3000,3000,3000,3000,3000,3000,3000,3000,3000,3000,3000,3000,3000,3000,3000,3000,3000,3000,3000,3000,3000,3000,3000,3000,3000,3000,3000,3000,3000,3000,3000,3000,3000,3000,3000,3000,3000,3000,3000,3000,3000
3000,3000,3000,3000,3000,3000,3000,3000,3000,3000,3000,3000,3000,3000,3000,3000,3000,3000,3000,3000,3000,3000,3000,3000,3000,3000,3000,3000,3000,3000,3000,3000,3000,3000,3000,3000,3000,3000,3000,3000,3000,3000,3000,3000,3000,3000,3000,3000,3000,3000,3000,3000,3000,3000,3000,3000,3000,3000,3000,3000,3000,3000,3000,3000,3000,3000,3000,3000,3000,3000,3000,3000,3000,3000,3000,3000,3000,3000,3000,3000,3000,3000,3000,3000,3000,3000,3000,3000,3000,3000,3000,3000,3000,3000,3000,3000,3000,3000,3000,3000,3000,3000,3000,3000,3000,3000,3000,3000,3000,3000,3000,3000,3000,3000,3000,3000,3000,3000,3000,3000,3000,3000,3000,3000,3000,3000,3000,3000,3000,3000,3000,3000,3000,3000,3000,3000,3000,3000,3000,3000,3000,3000,3000,3000,3000,3000,3000,3000,3000,3000,3000,3000,3000,3000,3000,3000,3000,3000,3000,3000
3000,3000,3000,3000,3000,3000,3000,3000,3000,3000,3000,3000,3000,3000,3000,3000,3000,3000,3000,3000,3000,3000,3000,3000,3000,3000,3000,3000,3000,3000,3000,3000,3000,3000,3000,3000,3000,3000,3000,3000,3000,3000,3000,3000,3000,3000,3000,3000,3000,3000,3000,3000,3000,3000,3000,3000,3000,3000,3000,3000,3000,3000,3000,3000,3000,3000,3000,3000,3000,3000,3000,3000,3000,3000,3000,3000,3000,3000,3000,3000,3000,3000,3000,3000,3000,3000,3000,3000,3000,3000,3000,3000,3000,3000,3000,3000,3000,3000,3000,3000,3000,3000,3000,3000,3000,3000,3000,3000,3000,3000,3000,3000,3000,3000,3000,3000,3000,3000,3000,3000,3000,3000,3000,3000,3000,3000,3000,3000,3000,3000,3000,3000,3000,3000,3000,3000,3000,3000,3000,3000,3000,3000,3000,3000,3000,3000,3000,3000,3000,3000,3000,3000,3000,3000,3000,3000,3000,3000,3000,3000
3000,3000,3000,3000,3000,3000,3000,3000,3000,3000,3000,3000,3000,3000,3000,3000,3000,3000,3000,3000,3000,3000,3000,3000,3000,3000,3000,3000,3000,3000,3000,3000,3000,3000,3000,3000,3000,3000,3000,3000,3000,3000,3000,3000,3000,3000,3000,3000,3000,3000,3000,3000,3000,3000,3000,3000,3000,3000,3000,3000,3000,3000,3000,3000,3000,3000,3000,3000,3000,3000,3000,3000,3000,3000,3000,3000,3000,3000,3000,3000,3000,3000,3000,3000,3000,3000,3000,3000,3000,3000,3000,3000,3000,3000,3000,3000,3000,3000,3000,3000,3000,3000,3000,3000,3000,3000,3000,3000,3000,3000,3000,3000,3000,3000,3000,3000,3000,3000,3000,3000,3000,3000,3000,3000,3000,3000,3000,3000,3000,3000,3000,3000,3000,3000,3000,3000,3000,3000,3000,3000,3000,3000,3000,3000,3000,3000,3000,3000,3000,3000,3000,3000,3000,3000,3000,3000,3000,3000,3000,3000
3000,3000,3000,3000,3000,3000,3000,3000,3000,3000,3000,3000,3000,3000,3000,3000,3000,3000,3000,3000,3000,3000,3000,3000,3000,3000,3000,3000,3000,3000,3000,3000,3000,3000,3000,3000,3000,3000,3000,3000,3000,3000,3000,3000,3000,3000,3000,3000,3000,3000,3000,3000,3000,3000,3000,3000,3000,3000,3000,3000,3000,3000,3000,3000,3000,3000,3000,3000,3000,3000,3000,3000,3000,3000,3000,3000,3000,3000,3000,3000,3000,3000,3000,3000,3000,3000,3000,3000,3000,3000,3000,3000,3000,3000,3000,3000,3000,3000,3000,3000,3000,3000,3000,3000,3000,3000,3000,3000,3000,3000,3000,3000,3000,3000,3000,3000,3000,3000,3000,3000,3000,3000,3000,3000,3000,3000,3000,3000,3000,3000,3000,3000,3000,3000,3000,3000,3000,3000,3000,3000,3000,3000,3000,3000,3000,3000,3000,3000,3000,3000,3000,3000,3000,3000,3000,3000,3000,3000,3000,3000
3000,3000,3000,3000,3000,3000,3000,3000,3000,3000,3000,3000,3000,3000,3000,3000,3000,3000,3000,3000,3000,3000,3000,3000,3000,3000,3000,3000,3000,3000,3000,3000,3000,3000,3000,3000,3000,3000,3000,3000,3000,3000,3000,3000,3000,3000,3000,3000,3000,3000,3000,3000,3000,3000,3000,3000,3000,3000,3000,3000,3000,3000,3000,3000,3000,3000,3000,3000,3000,3000,3000,3000,3000,3000,3000,3000,3000,3000,3000,3000,3000,3000,3000,3000,3000,3000,3000,3000,3000,3000,3000,3000,3000,3000,3000,3000,3000,3000,3000,3000,3000,3000,3000,3000,3000,3000,3000,3000,3000,3000,3000,3000,3000,3000,3000,3000,3000,3000,3000,3000,3000,3000,3000,3000,3000,3000,3000,3000,3000,3000,3000,3000,3000,3000,3000,3000,3000,3000,3000,3000,3000,3000,3000,3000,3000,3000,3000,3000,3000,3000,3000,3000,3000,3000,3000,3000,3000,3000,3000,3000
3000,3000,3000,3000,3000,3000,3000,3000,3000,3000,3000,3000,3000,3000,3000,3000,3000,3000,3000,3000,3000,3000,3000,3000,3000,3000,3000,3000,3000,3000,3000,3000,3000,3000,3000,3000,3000,3000,3000,3000,3000,3000,3000,3000,3000,3000,3000,3000,3000,3000,3000,3000,3000,3000,3000,3000,3000,3000,3000,3000,3000,3000,3000,3000,3000,3000,3000,3000,3000,3000,3000,3000,3000,3000,3000,3000,3000,3000,3000,3000,3000,3000,3000,3000,3000,3000,3000,3000,3000,3000,3000,3000,3000,3000,3000,3000,3000,3000,3000,3000,3000,3000,3000,3000,3000,3000,3000,3000,3000,3000,3000,3000,3000,3000,3000,3000,3000,3000,3000,3000,3000,3000,3000,3000,3000,3000,3000,3000,3000,3000,3000,3000,3000,3000,3000,3000,3000,3000,3000,3000,3000,3000,3000,3000,3000,3000,3000,3000,3000,3000,3000,3000,3000,3000,3000,3000,3000,3000,3000,3000
3000,3000,3000,3000,3000,3000,3000,3000,3000,3000,3000,3000,3000,3000,3000,3000,3000,3000,3000,3000,3000,3000,3000,3000,3000,3000,3000,3000,3000,3000,3000,3000,3000,3000,3000,3000,3000,3000,3000,3000,3000,3000,3000,3000,3000,3000,3000,3000,3000,3000,3000,3000,3000,3000,3000,3000,3000,3000,3000,3000,3000,3000,3000,3000,3000,3000,3000,3000,3000,3000,3000,3000,3000,3000,3000,3000,3000,3000,3000,3000,3000,3000,3000,3000,3000,3000,3000,3000,3000,3000,3000,3000,3000,3000,3000,3000,3000,3000,3000,3000,3000,3000,3000,3000,3000,3000,3000,3000,3000,3000,3000,3000,3000,3000,3000,3000,3000,3000,3000,3000,3000,3000,3000,3000,3000,3000,3000,3000,3000,3000,3000,3000,3000,3000,3000,3000,3000,3000,3000,3000,3000,3000,3000,3000,3000,3000,3000,3000,3000,3000,3000,3000,3000,3000,3000,3000,3000,3000,3000,3000
3000,3000,3000,3000,3000,3000,3000,3000,3000,3000,3000,3000,3000,3000,3000,3000,3000,3000,3000,3000,3000,3000,3000,3000,3000,3000,3000,3000,3000,3000,3000,3000,3000,3000,3000,3000,3000,3000,3000,3000,3000,3000,3000,3000,3000,3000,3000,3000,3000,3000,3000,3000,3000,3000,3000,3000,3000,3000,3000,3000,3000,3000,3000,3000,3000,3000,3000,3000,3000,3000,3000,3000,3000,3000,3000,3000,3000,3000,3000,3000,3000,3000,3000,3000,3000,3000,3000,3000,3000,3000,3000,3000,3000,3000,3000,3000,3000,3000,3000,3000,3000,3000,3000,3000,3000,3000,3000,3000,3000,3000,3000,3000,3000,3000,3000,3000,3000,3000,3000,3000,3000,3000,3000,3000,3000,3000,3000,3000,3000,3000,3000,3000,3000,3000,3000,3000,3000,3000,3000,3000,3000,3000,3000,3000,3000,3000,3000,3000,3000,3000,3000,3000,3000,3000,3000,3000,3000,3000,3000,3000
3000,3000,3000,3000,3000,3000,3000,3000,3000,3000,3000,3000,3000,3000,3000,3000,3000,3000,3000,3000,3000,3000,3000,3000,3000,3000,3000,3000,3000,3000,3000,3000,3000,3000,3000,3000,3000,3000,3000,3000,3000,3000,3000,3000,3000,3000,3000,3000,3000,3000,3000,3000,3000,3000,3000,3000,3000,3000,3000,3000,3000,3000,3000,3000,3000,3000,3000,3000,3000,3000,3000,3000,3000,3000,3000,3000,3000,3000,3000,3000,3000,3000,3000,3000,3000,3000,3000,3000,3000,3000,3000,3000,3000,3000,3000,3000,3000,3000,3000,3000,3000,3000,3000,3000,3000,3000,3000,3000,3000,3000,3000,3000,3000,3000,3000,3000,3000,3000,3000,3000,3000,3000,3000,3000,3000,3000,3000,3000,3000,3000,3000,3000,3000,3000,3000,3000,3000,3000,3000,3000,3000,3000,3000,3000,3000,3000,3000,3000,3000,3000,3000,3000,3000,3000,3000,3000,3000,3000,3000,3000
3000,3000,3000,3000,3000,3000,3000,3000,3000,3000,3000,3000,3000,3000,3000,3000,3000,3000,3000,3000,3000,3000,3000,3000,3000,3000,3000,3000,3000,3000,3000,3000,3000,3000,3000,3000,3000,3000,3000,3000,3000,3000,3000,3000,3000,3000,3000,3000,3000,3000,3000,3000,3000,3000,3000,3000,3000,3000,3000,3000,3000,3000,3000,3000,3000,3000,3000,3000,3000,3000,3000,3000,3000,3000,3000,3000,3000,3000,3000,3000,3000,3000,3000,3000,3000,3000,3000,3000,3000,3000,3000,3000,3000,3000,3000,3000,3000,3000,3000,3000,3000,3000,3000,3000,3000,3000,3000,3000,3000,3000,3000,3000,3000,3000,3000,3000,3000,3000,3000,3000,3000,3000,3000,3000,3000,3000,3000,3000,3000,3000,3000,3000,3000,3000,3000,3000,3000,3000,3000,3000,3000,3000,3000,3000,3000,3000,3000,3000,3000,3000,3000,3000,3000,3000,3000,3000,3000,3000,3000,3000
3000,3000,3000,3000,3000,3000,3000,3000,3000,3000,3000,3000,3000,3000,3000,3000,3000,3000,3000,3000,3000,3000,3000,3000,3000,3000,3000,3000,3000,3000,3000,3000,3000,3000,3000,3000,3000,3000,3000,3000,3000,3000,3000,3000,3000,3000,3000,3000,3000,3000,3000,3000,3000,3000,3000,3000,3000,3000,3000,3000,3000,3000,3000,3000,3000,3000,3000,3000,3000,3000,3000,3000,3000,3000,3000,3000,3000,3000,3000,3000,3000,3000,3000,3000,3000,3000,3000,3000,3000,3000,3000,3000,3000,3000,3000,3000,3000,3000,3000,3000,3000,3000,3000,3000,3000,3000,3000,3000,3000,3000,3000,3000,3000,3000,3000,3000,3000,3000,3000,3000,3000,3000,3000,3000,3000,3000,3000,3000,3000,3000,3000,3000,3000,3000,3000,3000,3000,3000,3000,3000,3000,3000,3000,3000,3000,3000,3000,3000,3000,3000,3000,3000,3000,3000,3000,3000,3000,3000,3000,3000
3000,3000,3000,3000,3000,3000,3000,3000,3000,3000,3000,3000,3000,3000,3000,3000,3000,3000,3000,3000,3000,3000,3000,3000,3000,3000,3000,3000,3000,3000,3000,3000,3000,3000,3000,3000,3000,3000,3000,3000,3000,3000,3000,3000,3000,3000,3000,3000,3000,3000,3000,3000,3000,3000,3000,3000,3000,3000,3000,3000,3000,3000,3000,3000,3000,3000,3000,3000,3000,3000,3000,3000,3000,3000,3000,3000,3000,3000,3000,3000,3000,3000,3000,3000,3000,3000,3000,3000,3000,3000,3000,3000,3000,3000,3000,3000,3000,3000,3000,3000,3000,3000,3000,3000,3000,3000,3000,3000,3000,3000,3000,3000,3000,3000,3000,3000,3000,3000,3000,3000,3000,3000,3000,3000,3000,3000,3000,3000,3000,3000,3000,3000,3000,3000,3000,3000,3000,3000,3000,3000,3000,3000,3000,3000,3000,3000,3000,3000,3000,3000,3000,3000,3000,3000,3000,3000,3000,3000,3000,3000
3000,3000,3000,3000,3000,3000,3000,3000,3000,3000,3000,3000,3000,3000,3000,3000,3000,3000,3000,3000,3000,3000,3000,3000,3000,3000,3000,3000,3000,3000,3000,3000,3000,3000,3000,3000,3000,3000,3000,3000,3000,3000,3000,3000,3000,3000,3000,3000,3000,3000,3000,3000,3000,3000,3000,3000,3000,3000,3000,3000,3000,3000,3000,3000,3000,3000,3000,3000,3000,3000,3000,3000,3000,3000,3000,3000,3000,3000,3000,3000,3000,3000,3000,3000,3000,3000,3000,3000,3000,3000,3000,3000,3000,3000,3000,3000,3000,3000,3000,3000,3000,3000,3000,3000,3000,3000,3000,3000,3000,3000,3000,3000,3000,3000,3000,3000,3000,3000,3000,3000,3000,3000,3000,3000,3000,3000,3000,3000,3000,3000,3000,3000,3000,3000,3000,3000,3000,3000,3000,3000,3000,3000,3000,3000,3000,3000,3000,3000,3000,3000,3000,3000,3000,3000,3000,3000,3000,3000,3000,3000
3000,3000,3000,3000,3000,3000,3000,3000,3000,3000,3000,3000,3000,3000,3000,3000,3000,3000,3000,3000,3000,3000,3000,3000,3000,3000,3000,3000,3000,3000,3000,3000,3000,3000,3000,3000,3000,3000,3000,3000,3000,3000,3000,3000,3000,3000,3000,3000,3000,3000,3000,3000,3000,3000,3000,3000,3000,3000,3000,3000,3000,3000,3000,3000,3000,3000,3000,3000,3000,3000,3000,3000,3000,3000,3000,3000,3000,3000,3000,3000,3000,3000,3000,3000,3000,3000,3000,3000,3000,3000,3000,3000,3000,3000,3000,3000,3000,3000,3000,3000,3000,3000,3000,3000,3000,3000,3000,3000,3000,3000,3000,3000,3000,3000,3000,3000,3000,3000,3000,3000,3000,3000,3000,3000,3000,3000,3000,3000,3000,3000,3000,3000,3000,3000,3000,3000,3000,3000,3000,3000,3000,3000,3000,3000,3000,3000,3000,3000,3000,3000,3000,3000,3000,3000,3000,3000,3000,3000,3000,3000
3000,3000,3000,3000,3000,3000,3000,3000,3000,3000,3000,3000,3000,3000,3000,3000,3000,3000,3000,3000,3000,3000,3000,3000,3000,3000,3000,3000,3000,3000,3000,3000,3000,3000,3000,3000,3000,3000,3000,3000,3000,3000,3000,3000,3000,3000,3000,3000,3000,3000,3000,3000,3000,3000,3000,3000,3000,3000,3000,3000,3000,3000,3000,3000,3000,3000,3000,3000,3000,3000,3000,3000,3000,3000,3000,3000,3000,3000,3000,3000,3000,3000,3000,3000,3000,3000,3000,3000,3000,3000,3000,3000,3000,3000,3000,3000,3000,3000,3000,3000,3000,3000,3000,3000,3000,3000,3000,3000,3000,3000,3000,3000,3000,3000,3000,3000,3000,3000,3000,3000,3000,3000,3000,3000,3000,3000,3000,3000,3000,3000,3000,3000,3000,3000,3000,3000,3000,3000,3000,3000,3000,3000,3000,3000,3000,3000,3000,3000,3000,3000,3000,3000,3000,3000,3000,3000,3000,3000,3000,3000
3000,3000,3000,3000,3000,3000,3000,3000,3000,3000,3000,3000,3000,3000,3000,3000,3000,3000,3000,3000,3000,3000,3000,3000,3000,3000,3000,3000,3000,3000,3000,3000,3000,3000,3000,3000,3000,3000,3000,3000,3000,3000,3000,3000,3000,3000,3000,3000,3000,3000,3000,3000,3000,3000,3000,3000,3000,3000,3000,3000,3000,3000,3000,3000,3000,3000,3000,3000,3000,3000,3000,3000,3000,3000,3000,3000,3000,3000,3000,3000,3000,3000,3000,3000,3000,3000,3000,3000,3000,3000,3000,3000,3000,3000,3000,3000,3000,3000,3000,3000,3000,3000,3000,3000,3000,3000,3000,3000,3000,3000,3000,3000,3000,3000,3000,3000,3000,3000,3000,3000,3000,3000,3000,3000,3000,3000,3000,3000,3000,3000,3000,3000,3000,3000,3000,3000,3000,3000,3000,3000,3000,3000,3000,3000,3000,3000,3000,3000,3000,3000,3000,3000,3000,3000,3000,3000,3000,3000,3000,3000
3000,3000,3000,3000,3000,3000,3000,3000,3000,3000,3000,3000,3000,3000,3000,3000,3000,3000,3000,3000,3000,3000,3000,3000,3000,3000,3000,3000,3000,3000,3000,3000,3000,3000,3000,3000,3000,3000,3000,3000,3000,3000,3000,3000,3000,3000,3000,3000,3000,3000,3000,3000,3000,3000,3000,3000,3000,3000,3000,3000,3000,3000,3000,3000,3000,3000,3000,3000,3000,3000,3000,3000,3000,3000,3000,3000,3000,3000,3000,3000,3000,3000,3000,3000,3000,3000,3000,3000,3000,3000,3000,3000,3000,3000,3000,3000,3000,3000,3000,3000,3000,3000,3000,3000,3000,3000,3000,3000,3000,3000,3000,3000,3000,3000,3000,3000,3000,3000,3000,3000,3000,3000,3000,3000,3000,3000,3000,3000,3000,3000,3000,3000,3000,3000,3000,3000,3000,3000,3000,3000,3000,3000,3000,3000,3000,3000,3000,3000,3000,3000,3000,3000,3000,3000,3000,3000,3000,3000,3000,3000
3000,3000,3000,3000,3000,3000,3000,3000,3000,3000,3000,3000,3000,3000,3000,3000,3000,3000,3000,3000,3000,3000,3000,3000,3000,3000,3000,3000,3000,3000,3000,3000,3000,3000,3000,3000,3000,3000,3000,3000,3000,3000,3000,3000,3000,3000,3000,3000,3000,3000,3000,3000,3000,3000,3000,3000,3000,3000,3000,3000,3000,3000,3000,3000,3000,3000,3000,3000,3000,3000,3000,3000,3000,3000,3000,3000,3000,3000,3000,3000,3000,3000,3000,3000,3000,3000,3000,3000,3000,3000,3000,3000,3000,3000,3000,3000,3000,3000,3000,3000,3000,3000,3000,3000,3000,3000,3000,3000,3000,3000,3000,3000,3000,3000,3000,3000,3000,3000,3000,3000,3000,3000,3000,3000,3000,3000,3000,3000,3000,3000,3000,3000,3000,3000,3000,3000,3000,3000,3000,3000,3000,3000,3000,3000,3000,3000,3000,3000,3000,3000,3000,3000,3000,3000,3000,3000,3000,3000,3000,3000
3000,3000,3000,3000,3000,3000,3000,3000,3000,3000,3000,3000,3000,3000,3000,3000,3000,3000,3000,3000,3000,3000,3000,3000,3000,3000,3000,3000,3000,3000,3000,3000,3000,3000,3000,3000,3000,3000,3000,3000,3000,3000,3000,3000,3000,3000,3000,3000,3000,3000,3000,3000,3000,3000,3000,3000,3000,3000,3000,3000,3000,3000,3000,3000,3000,3000,3000,3000,3000,3000,3000,3000,3000,3000,3000,3000,3000,3000,3000,3000,3000,3000,3000,3000,3000,3000,3000,3000,3000,3000,3000,3000,3000,3000,3000,3000,3000,3000,3000,3000,3000,3000,3000,3000,3000,3000,3000,3000,3000,3000,3000,3000,3000,3000,3000,3000,3000,3000,3000,3000,3000,3000,3000,3000,3000,3000,3000,3000,3000,3000,3000,3000,3000,3000,3000,3000,3000,3000,3000,3000,3000,3000,3000,3000,3000,3000,3000,3000,3000,3000,3000,3000,3000,3000,3000,3000,3000,3000,3000,3000
3000,3000,3000,3000,3000,3000,3000,3000,3000,3000,3000,3000,3000,3000,3000,3000,3000,3000,3000,3000,3000,3000,3000,3000,3000,3000,3000,3000,3000,3000,3000,3000,3000,3000,3000,3000,3000,3000,3000,3000,3000,3000,3000,3000,3000,3000,3000,3000,3000,3000,3000,3000,3000,3000,3000,3000,3000,3000,3000,3000,3000,3000,3000,3000,3000,3000,3000,3000,3000,3000,3000,3000,3000,3000,3000,3000,3000,3000,3000,3000,3000,3000,3000,3000,3000,3000,3000,3000,3000,3000,3000,3000,3000,3000,3000,3000,3000,3000,3000,3000,3000,3000,3000,3000,3000,3000,3000,3000,3000,3000,3000,3000,3000,3000,3000,3000,3000,3000,3000,3000,3000,3000,3000,3000,3000,3000,3000,3000,3000,3000,3000,3000,3000,3000,3000,3000,3000,3000,3000,3000,3000,3000,3000,3000,3000,3000,3000,3000,3000,3000,3000,3000,3000,3000,3000,3000,3000,3000,3000,3000
3000,3000,3000,3000,3000,3000,3000,3000,3000,3000,3000,3000,3000,3000,3000,3000,3000,3000,3000,3000,3000,3000,3000,3000,3000,3000,3000,3000,3000,3000,3000,3000,3000,3000,3000,3000,3000,3000,3000,3000,3000,3000,3000,3000,3000,3000,3000,3000,3000,3000,3000,3000,3000,3000,3000,3000,3000,3000,3000,3000,3000,3000,3000,3000,3000,3000,3000,3000,3000,3000,3000,3000,3000,3000,3000,3000,3000,3000,3000,3000,3000,3000,3000,3000,3000,3000,3000,3000,3000,3000,3000,3000,3000,3000,3000,3000,3000,3000,3000,3000,3000,3000,3000,3000,3000,3000,3000,3000,3000,3000,3000,3000,3000,3000,3000,3000,3000,3000,3000,3000,3000,3000,3000,3000,3000,3000,3000,3000,3000,3000,3000,3000,3000,3000,3000,3000,3000,3000,3000,3000,3000,3000,3000,3000,3000,3000,3000,3000,3000,3000,3000,3000,3000,3000,3000,3000,3000,3000,3000,3000
3000,3000,3000,3000,3000,3000,3000,3000,3000,3000,3000,3000,3000,3000,3000,3000,3000,3000,3000,3000,3000,3000,3000,3000,3000,3000,3000,3000,3000,3000,3000,3000,3000,3000,3000,3000,3000,3000,3000,3000,3000,3000,3000,3000,3000,3000,3000,3000,3000,3000,3000,3000,3000,3000,3000,3000,3000,3000,3000,3000,3000,3000,3000,3000,3000,3000,3000,3000,3000,3000,3000,3000,3000,3000,3000,3000,3000,3000,3000,3000,3000,3000,3000,3000,3000,3000,3000,3000,3000,3000,3000,3000,3000,3000,3000,3000,3000,3000,3000,3000,3000,3000,3000,3000,3000,3000,3000,3000,3000,3000,3000,3000,3000,3000,3000,3000,3000,3000,3000,3000,3000,3000,3000,3000,3000,3000,3000,3000,3000,3000,3000,3000,3000,3000,3000,3000,3000,3000,3000,3000,3000,3000,3000,3000,3000,3000,3000,3000,3000,3000,3000,3000,3000,3000,3000,3000,3000,3000,3000,3000
3000,3000,3000,3000,3000,3000,3000,3000,3000,3000,3000,3000,3000,3000,3000,3000,3000,3000,3000,3000,3000,3000,3000,3000,3000,3000,3000,3000,3000,3000,3000,3000,3000,3000,3000,3000,3000,3000,3000,3000,3000,3000,3000,3000,3000,3000,3000,3000,3000,3000,3000,3000,3000,3000,3000,3000,3000,3000,3000,3000,3000,3000,3000,3000,3000,3000,3000,3000,3000,3000,3000,3000,3000,3000,3000,3000,3000,3000,3000,3000,3000,3000,3000,3000,3000,3000,3000,3000,3000,3000,3000,3000,3000,3000,3000,3000,3000,3000,3000,3000,3000,3000,3000,3000,3000,3000,3000,3000,3000,3000,3000,3000,3000,3000,3000,3000,3000,3000,3000,3000,3000,3000,3000,3000,3000,3000,3000,3000,3000,3000,3000,3000,3000,3000,3000,3000,3000,3000,3000,3000,3000,3000,3000,3000,3000,3000,3000,3000,3000,3000,3000,3000,3000,3000,3000,3000,3000,3000,3000,3000
3000,3000,3000,3000,3000,3000,3000,3000,3000,3000,3000,3000,3000,3000,3000,3000,3000,3000,3000,3000,3000,3000,3000,3000,3000,3000,3000,3000,3000,3000,3000,3000,3000,3000,3000,3000,3000,3000,3000,3000,3000,3000,3000,3000,3000,3000,3000,3000,3000,3000,3000,3000,3000,3000,3000,3000,3000,3000,3000,3000,3000,3000,3000,3000,3000,3000,3000,3000,3000,3000,3000,3000,3000,3000,3000,3000,3000,3000,3000,3000,3000,3000,3000,3000,3000,3000,3000,3000,3000,3000,3000,3000,3000,3000,3000,3000,3000,3000,3000,3000,3000,3000,3000,3000,3000,3000,3000,3000,3000,3000,3000,3000,3000,3000,3000,3000,3000,3000,3000,3000,3000,3000,3000,3000,3000,3000,3000,3000,3000,3000,3000,3000,3000,3000,3000,3000,3000,3000,3000,3000,3000,3000,3000,3000,3000,3000,3000,3000,3000,3000,3000,3000,3000,3000,3000,3000,3000,3000,3000,3000
3000,3000,3000,3000,3000,3000,3000,3000,3000,3000,3000,3000,3000,3000,3000,3000,3000,3000,3000,3000,3000,3000,3000,3000,3000,3000,3000,3000,3000,3000,3000,3000,3000,3000,3000,3000,3000,3000,3000,3000,3000,3000,3000,3000,3000,3000,3000,3000,3000,3000,3000,3000,3000,3000,3000,3000,3000,3000,3000,3000,3000,3000,3000,3000,3000,3000,3000,3000,3000,3000,3000,3000,3000,3000,3000,3000,3000,3000,3000,3000,3000,3000,3000,3000,3000,3000,3000,3000,3000,3000,3000,3000,3000,3000,3000,3000,3000,3000,3000,3000,3000,3000,3000,3000,3000,3000,3000,3000,3000,3000,3000,3000,3000,3000,3000,3000,3000,3000,3000,3000,3000,3000,3000,3000,3000,3000,3000,3000,3000,3000,3000,3000,3000,3000,3000,3000,3000,3000,3000,3000,3000,3000,3000,3000,3000,3000,3000,3000,3000,3000,3000,3000,3000,3000,3000,3000,3000,3000,3000,3000
3000,3000,3000,3000,3000,3000,3000,3000,3000,3000,3000,3000,3000,3000,3000,3000,3000,3000,3000,3000,3000,3000,3000,3000,3000,3000,3000,3000,3000,3000,3000,3000,3000,3000,3000,3000,3000,3000,3000,3000,3000,3000,3000,3000,3000,3000,3000,3000,3000,3000,3000,3000,3000,3000,3000,3000,3000,3000,3000,3000,3000,3000,3000,3000,3000,3000,3000,3000,3000,3000,3000,3000,3000,3000,3000,3000,3000,3000,3000,3000,3000,3000,3000,3000,3000,3000,3000,3000,3000,3000,3000,3000,3000,3000,3000,3000,3000,3000,3000,3000,3000,3000,3000,3000,3000,3000,3000,3000,3000,3000,3000,3000,3000,3000,3000,3000,3000,3000,3000,3000,3000,3000,3000,3000,3000,3000,3000,3000,3000,3000,3000,3000,3000,3000,3000,3000,3000,3000,3000,3000,3000,3000,3000,3000,3000,3000,3000,3000,3000,3000,3000,3000,3000,3000,3000,3000,3000,3000,3000,3000
3000,3000,3000,3000,3000,3000,3000,3000,3000,3000,3000,3000,3000,3000,3000,3000,3000,3000,3000,3000,3000,3000,3000,3000,3000,3000,3000,3000,3000,3000,3000,3000,3000,3000,3000,3000,3000,3000,3000,3000,3000,3000,3000,3000,3000,3000,3000,3000,3000,3000,3000,3000,3000,3000,3000,3000,3000,3000,3000,3000,3000,3000,3000,3000,3000,3000,3000,3000,3000,3000,3000,3000,3000,3000,3000,3000,3000,3000,3000,3000,3000,3000,3000,3000,3000,3000,3000,3000,3000,3000,3000,3000,3000,3000,3000,3000,3000,3000,3000,3000,3000,3000,3000,3000,3000,3000,3000,3000,3000,3000,3000,3000,3000,3000,3000,3000,3000,3000,3000,3000,3000,3000,3000,3000,3000,3000,3000,3000,3000,3000,3000,3000,3000,3000,3000,3000,3000,3000,3000,3000,3000,3000,3000,3000,3000,3000,3000,3000,3000,3000,3000,3000,3000,3000,3000,3000,3000,3000,3000,3000
3000,3000,3000,3000,3000,3000,3000,3000,3000,3000,3000,3000,3000,3000,3000,3000,3000,3000,3000,3000,3000,3000,3000,3000,3000,3000,3000,3000,3000,3000,3000,3000,3000,3000,3000,3000,3000,3000,3000,3000,3000,3000,3000,3000,3000,3000,3000,3000,3000,3000,3000,3000,3000,3000,3000,3000,3000,3000,3000,3000,3000,3000,3000,3000,3000,3000,3000,3000,3000,3000,3000,3000,3000,3000,3000,3000,3000,3000,3000,3000,3000,3000,3000,3000,3000,3000,3000,3000,3000,3000,3000,3000,3000,3000,3000,3000,3000,3000,3000,3000,3000,3000,3000,3000,3000,3000,3000,3000,3000,3000,3000,3000,3000,3000,3000,3000,3000,3000,3000,3000,3000,3000,3000,3000,3000,3000,3000,3000,3000,3000,3000,3000,3000,3000,3000,3000,3000,3000,3000,3000,3000,3000,3000,3000,3000,3000,3000,3000,3000,3000,3000,3000,3000,3000,3000,3000,3000,3000,3000,3000
3000,3000,3000,3000,3000,3000,3000,3000,3000,3000,3000,3000,3000,3000,3000,3000,3000,3000,3000,3000,3000,3000,3000,3000,3000,3000,3000,3000,3000,3000,3000,3000,3000,3000,3000,3000,3000,3000,3000,3000,3000,3000,3000,3000,3000,3000,3000,3000,3000,3000,3000,3000,3000,3000,3000,3000,3000,3000,3000,3000,3000,3000,3000,3000,3000,3000,3000,3000,3000,3000,3000,3000,3000,3000,3000,3000,3000,3000,3000,3000,3000,3000,3000,3000,3000,3000,3000,3000,3000,3000,3000,3000,3000,3000,3000,3000,3000,3000,3000,3000,3000,3000,3000,3000,3000,3000,3000,3000,3000,3000,3000,3000,3000,3000,3000,3000,3000,3000,3000,3000,3000,3000,3000,3000,3000,3000,3000,3000,3000,3000,3000,3000,3000,3000,3000,3000,3000,3000,3000,3000,3000,3000,3000,3000,3000,3000,3000,3000,3000,3000,3000,3000,3000,3000,3000,3000,3000,3000,3000,3000
3000,3000,3000,3000,3000,3000,3000,3000,3000,3000,3000,3000,3000,3000,3000,3000,3000,3000,3000,3000,3000,3000,3000,3000,3000,3000,3000,3000,3000,3000,3000,3000,3000,3000,3000,3000,3000,3000,3000,3000,3000,3000,3000,3000,3000,3000,3000,3000,3000,3000,3000,3000,3000,3000,3000,3000,3000,3000,3000,3000,3000,3000,3000,3000,3000,3000,3000,3000,3000,3000,3000,3000,3000,3000,3000,3000,3000,3000,3000,3000,3000,3000,3000,3000,3000,3000,3000,3000,3000,3000,3000,3000,3000,3000,3000,3000,3000,3000,3000,3000,3000,3000,3000,3000,3000,3000,3000,3000,3000,3000,3000,3000,3000,3000,3000,3000,3000,3000,3000,3000,3000,3000,3000,3000,3000,3000,3000,3000,3000,3000,3000,3000,3000,3000,3000,3000,3000,3000,3000,3000,3000,3000,3000,3000,3000,3000,3000,3000,3000,3000,3000,3000,3000,3000,3000,3000,3000,3000,3000,3000
3000,3000,3000,3000,3000,3000,3000,3000,3000,3000,3000,3000,3000,3000,3000,3000,3000,3000,3000,3000,3000,3000,3000,3000,3000,3000,3000,3000,3000,3000,3000,3000,3000,3000,3000,3000,3000,3000,3000,3000,3000,3000,3000,3000,3000,3000,3000,3000,3000,3000,3000,3000,3000,3000,3000,3000,3000,3000,3000,3000,3000,3000,3000,3000,3000,3000,3000,3000,3000,3000,3000,3000,3000,3000,3000,3000,3000,3000,3000,3000,3000,3000,3000,3000,3000,3000,3000,3000,3000,3000,3000,3000,3000,3000,3000,3000,3000,3000,3000,3000,3000,3000,3000,3000,3000,3000,3000,3000,3000,3000,3000,3000,3000,3000,3000,3000,3000,3000,3000,3000,3000,3000,3000,3000,3000,3000,3000,3000,3000,3000,3000,3000,3000,3000,3000,3000,3000,3000,3000,3000,3000,3000,3000,3000,3000,3000,3000,3000,3000,3000,3000,3000,3000,3000,3000,3000,3000,3000,3000,3000
3000,3000,3000,3000,3000,3000,3000,3000,3000,3000,3000,3000,3000,3000,3000,3000,3000,3000,3000,3000,3000,3000,3000,3000,3000,3000,3000,3000,3000,3000,3000,3000,3000,3000,3000,3000,3000,3000,3000,3000,3000,3000,3000,3000,3000,3000,3000,3000,3000,3000,3000,3000,3000,3000,3000,3000,3000,3000,3000,3000,3000,3000,3000,3000,3000,3000,3000,3000,3000,3000,3000,3000,3000,3000,3000,3000,3000,3000,3000,3000,3000,3000,3000,3000,3000,3000,3000,3000,3000,3000,3000,3000,3000,3000,3000,3000,3000,3000,3000,3000,3000,3000,3000,3000,3000,3000,3000,3000,3000,3000,3000,3000,3000,3000,3000,3000,3000,3000,3000,3000,3000,3000,3000,3000,3000,3000,3000,3000,3000,3000,3000,3000,3000,3000,3000,3000,3000,3000,3000,3000,3000,3000,3000,3000,3000,3000,3000,3000,3000,3000,3000,3000,3000,3000,3000,3000,3000,3000,3000,3000
3000,3000,3000,3000,3000,3000,3000,3000,3000,3000,3000,3000,3000,3000,3000,3000,3000,3000,3000,3000,3000,3000,3000,3000,3000,3000,3000,3000,3000,3000,3000,3000,3000,3000,3000,3000,3000,3000,3000,3000,3000,3000,3000,3000,3000,3000,3000,3000,3000,3000,3000,3000,3000,3000,3000,3000,3000,3000,3000,3000,3000,3000,3000,3000,3000,3000,3000,3000,3000,3000,3000,3000,3000,3000,3000,3000,3000,3000,3000,3000,3000,3000,3000,3000,3000,3000,3000,3000,3000,3000,3000,3000,3000,3000,3000,3000,3000,3000,3000,3000,3000,3000,3000,3000,3000,3000,3000,3000,3000,3000,3000,3000,3000,3000,3000,3000,3000,3000,3000,3000,3000,3000,3000,3000,3000,3000,3000,3000,3000,3000,3000,3000,3000,3000,3000,3000,3000,3000,3000,3000,3000,3000,3000,3000,3000,3000,3000,3000,3000,3000,3000,3000,3000,3000,3000,3000,3000,3000,3000,3000
3000,3000,3000,3000,3000,3000,3000,3000,3000,3000,3000,3000,3000,3000,3000,3000,3000,3000,3000,3000,3000,3000,3000,3000,3000,3000,3000,3000,3000,3000,3000,3000,3000,3000,3000,3000,3000,3000,3000,3000,3000,3000,3000,3000,3000,3000,3000,3000,3000,3000,3000,3000,3000,3000,3000,3000,3000,3000,3000,3000,3000,3000,3000,3000,3000,3000,3000,3000,3000,3000,3000,3000,3000,3000,3000,3000,3000,3000,3000,3000,3000,3000,3000,3000,3000,3000,3000,3000,3000,3000,3000,3000,3000,3000,3000,3000,3000,3000,3000,3000,3000,3000,3000,3000,3000,3000,3000,3000,3000,3000,3000,3000,3000,3000,3000,3000,3000,3000,3000,3000,3000,3000,3000,3000,3000,3000,3000,3000,3000,3000,3000,3000,3000,3000,3000,3000,3000,3000,3000,3000,3000,3000,3000,3000,3000,3000,3000,3000,3000,3000,3000,3000,3000,3000,3000,3000,3000,3000,3000,3000
3000,3000,3000,3000,3000,3000,3000,3000,3000,3000,3000,3000,3000,3000,3000,3000,3000,3000,3000,3000,3000,3000,3000,3000,3000,3000,3000,3000,3000,3000,3000,3000,3000,3000,3000,3000,3000,3000,3000,3000,3000,3000,3000,3000,3000,3000,3000,3000,3000,3000,3000,3000,3000,3000,3000,3000,3000,3000,3000,3000,3000,3000,3000,3000,3000,3000,3000,3000,3000,3000,3000,3000,3000,3000,3000,3000,3000,3000,3000,3000,3000,3000,3000,3000,3000,3000,3000,3000,3000,3000,3000,3000,3000,3000,3000,3000,3000,3000,3000,3000,3000,3000,3000,3000,3000,3000,3000,3000,3000,3000,3000,3000,3000,3000,3000,3000,3000,3000,3000,3000,3000,3000,3000,3000,3000,3000,3000,3000,3000,3000,3000,3000,3000,3000,3000,3000,3000,3000,3000,3000,3000,3000,3000,3000,3000,3000,3000,3000,3000,3000,3000,3000,3000,3000,3000,3000,3000,3000,3000,3000
3000,3000,3000,3000,3000,3000,3000,3000,3000,3000,3000,3000,3000,3000,3000,3000,3000,3000,3000,3000,3000,3000,3000,3000,3000,3000,3000,3000,3000,3000,3000,3000,3000,3000,3000,3000,3000,3000,3000,3000,3000,3000,3000,3000,3000,3000,3000,3000,3000,3000,3000,3000,3000,3000,3000,3000,3000,3000,3000,3000,3000,3000,3000,3000,3000,3000,3000,3000,3000,3000,3000,3000,3000,3000,3000,3000,3000,3000,3000,3000,3000,3000,3000,3000,3000,3000,3000,3000,3000,3000,3000,3000,3000,3000,3000,3000,3000,3000,3000,3000,3000,3000,3000,3000,3000,3000,3000,3000,3000,3000,3000,3000,3000,3000,3000,3000,3000,3000,3000,3000,3000,3000,3000,3000,3000,3000,3000,3000,3000,3000,3000,3000,3000,3000,3000,3000,3000,3000,3000,3000,3000,3000,3000,3000,3000,3000,3000,3000,3000,3000,3000,3000,3000,3000,3000,3000,3000,3000,3000,3000
3000,3000,3000,3000,3000,3000,3000,3000,3000,3000,3000,3000,3000,3000,3000,3000,3000,3000,3000,3000,3000,3000,3000,3000,3000,3000,3000,3000,3000,3000,3000,3000,3000,3000,3000,3000,3000,3000,3000,3000,3000,3000,3000,3000,3000,3000,3000,3000,3000,3000,3000,3000,3000,3000,3000,3000,3000,3000,3000,3000,3000,3000,3000,3000,3000,3000,3000,3000,3000,3000,3000,3000,3000,3000,3000,3000,3000,3000,3000,3000,3000,3000,3000,3000,3000,3000,3000,3000,3000,3000,3000,3000,3000,3000,3000,3000,3000,3000,3000,3000,3000,3000,3000,3000,3000,3000,3000,3000,3000,3000,3000,3000,3000,3000,3000,3000,3000,3000,3000,3000,3000,3000,3000,3000,3000,3000,3000,3000,3000,3000,3000,3000,3000,3000,3000,3000,3000,3000,3000,3000,3000,3000,3000,3000,3000,3000,3000,3000,3000,3000,3000,3000,3000,3000,3000,3000,3000,3000,3000,3000
3000,3000,3000,3000,3000,3000,3000,3000,3000,3000,3000,3000,3000,3000,3000,3000,3000,3000,3000,3000,3000,3000,3000,3000,3000,3000,3000,3000,3000,3000,3000,3000,3000,3000,3000,3000,3000,3000,3000,3000,3000,3000,3000,3000,3000,3000,3000,3000,3000,3000,3000,3000,3000,3000,3000,3000,3000,3000,3000,3000,3000,3000,3000,3000,3000,3000,3000,3000,3000,3000,3000,3000,3000,3000,3000,3000,3000,3000,3000,3000,3000,3000,3000,3000,3000,3000,3000,3000,3000,3000,3000,3000,3000,3000,3000,3000,3000,3000,3000,3000,3000,3000,3000,3000,3000,3000,3000,3000,3000,3000,3000,3000,3000,3000,3000,3000,3000,3000,3000,3000,3000,3000,3000,3000,3000,3000,3000,3000,3000,3000,3000,3000,3000,3000,3000,3000,3000,3000,3000,3000,3000,3000,3000,3000,3000,3000,3000,3000,3000,3000,3000,3000,3000,3000,3000,3000,3000,3000,3000,3000
3000,3000,3000,3000,3000,3000,3000,3000,3000,3000,3000,3000,3000,3000,3000,3000,3000,3000,3000,3000,3000,3000,3000,3000,3000,3000,3000,3000,3000,3000,3000,3000,3000,3000,3000,3000,3000,3000,3000,3000,3000,3000,3000,3000,3000,3000,3000,3000,3000,3000,3000,3000,3000,3000,3000,3000,3000,3000,3000,3000,3000,3000,3000,3000,3000,3000,3000,3000,3000,3000,3000,3000,3000,3000,3000,3000,3000,3000,3000,3000,3000,3000,3000,3000,3000,3000,3000,3000,3000,3000,3000,3000,3000,3000,3000,3000,3000,3000,3000,3000,3000,3000,3000,3000,3000,3000,3000,3000,3000,3000,3000,3000,3000,3000,3000,3000,3000,3000,3000,3000,3000,3000,3000,3000,3000,3000,3000,3000,3000,3000,3000,3000,3000,3000,3000,3000,3000,3000,3000,3000,3000,3000,3000,3000,3000,3000,3000,3000,3000,3000,3000,3000,3000,3000,3000,3000,3000,3000,3000,3000
3000,3000,3000,3000,3000,3000,3000,3000,3000,3000,3000,3000,3000,3000,3000,3000,3000,3000,3000,3000,3000,3000,3000,3000,3000,3000,3000,3000,3000,3000,3000,3000,3000,3000,3000,3000,3000,3000,3000,3000,3000,3000,3000,3000,3000,3000,3000,3000,3000,3000,3000,3000,3000,3000,3000,3000,3000,3000,3000,3000,3000,3000,3000,3000,3000,3000,3000,3000,3000,3000,3000,3000,3000,3000,3000,3000,3000,3000,3000,3000,3000,3000,3000,3000,3000,3000,3000,3000,3000,3000,3000,3000,3000,3000,3000,3000,3000,3000,3000,3000,3000,3000,3000,3000,3000,3000,3000,3000,3000,3000,3000,3000,3000,3000,3000,3000,3000,3000,3000,3000,3000,3000,3000,3000,3000,3000,3000,3000,3000,3000,3000,3000,3000,3000,3000,3000,3000,3000,3000,3000,3000,3000,3000,3000,3000,3000,3000,3000,3000,3000,3000,3000,3000,3000,3000,3000,3000,3000,3000,3000
3000,3000,3000,3000,3000,3000,3000,3000,3000,3000,3000,3000,3000,3000,3000,3000,3000,3000,3000,3000,3000,3000,3000,3000,3000,3000,3000,3000,3000,3000,3000,3000,3000,3000,3000,3000,3000,3000,3000,3000,3000,3000,3000,3000,3000,3000,3000,3000,3000,3000,3000,3000,3000,3000,3000,3000,3000,3000,3000,3000,3000,3000,3000,3000,3000,3000,3000,3000,3000,3000,3000,3000,3000,3000,3000,3000,3000,3000,3000,3000,3000,3000,3000,3000,3000,3000,3000,3000,3000,3000,3000,3000,3000,3000,3000,3000,3000,3000,3000,3000,3000,3000,3000,3000,3000,3000,3000,3000,3000,3000,3000,3000,3000,3000,3000,3000,3000,3000,3000,3000,3000,3000,3000,3000,3000,3000,3000,3000,3000,3000,3000,3000,3000,3000,3000,3000,3000,3000,3000,3000,3000,3000,3000,3000,3000,3000,3000,3000,3000,3000,3000,3000,3000,3000,3000,3000,3000,3000,3000,3000
3000,3000,3000,3000,3000,3000,3000,3000,3000,3000,3000,3000,3000,3000,3000,3000,3000,3000,3000,3000,3000,3000,3000,3000,3000,3000,3000,3000,3000,3000,3000,3000,3000,3000,3000,3000,3000,3000,3000,3000,3000,3000,3000,3000,3000,3000,3000,3000,3000,3000,3000,3000,3000,3000,3000,3000,3000,3000,3000,3000,3000,3000,3000,3000,3000,3000,3000,3000,3000,3000,3000,3000,3000,3000,3000,3000,3000,3000,3000,3000,3000,3000,3000,3000,3000,3000,3000,3000,3000,3000,3000,3000,3000,3000,3000,3000,3000,3000,3000,3000,3000,3000,3000,3000,3000,3000,3000,3000,3000,3000,3000,3000,3000,3000,3000,3000,3000,3000,3000,3000,3000,3000,3000,3000,3000,3000,3000,3000,3000,3000,3000,3000,3000,3000,3000,3000,3000,3000,3000,3000,3000,3000,3000,3000,3000,3000,3000,3000,3000,3000,3000,3000,3000,3000,3000,3000,3000,3000,3000,3000
3000,3000,3000,3000,3000,3000,3000,3000,3000,3000,3000,3000,3000,3000,3000,3000,3000,3000,3000,3000,3000,3000,3000,3000,3000,3000,3000,3000,3000,3000,3000,3000,3000,3000,3000,3000,3000,3000,3000,3000,3000,3000,3000,3000,3000,3000,3000,3000,3000,3000,3000,3000,3000,3000,3000,3000,3000,3000,3000,3000,3000,3000,3000,3000,3000,3000,3000,3000,3000,3000,3000,3000,3000,3000,3000,3000,3000,3000,3000,3000,3000,3000,3000,3000,3000,3000,3000,3000,3000,3000,3000,3000,3000,3000,3000,3000,3000,3000,3000,3000,3000,3000,3000,3000,3000,3000,3000,3000,3000,3000,3000,3000,3000,3000,3000,3000,3000,3000,3000,3000,3000,3000,3000,3000,3000,3000,3000,3000,3000,3000,3000,3000,3000,3000,3000,3000,3000,3000,3000,3000,3000,3000,3000,3000,3000,3000,3000,3000,3000,3000,3000,3000,3000,3000,3000,3000,3000,3000,3000,3000
3000,3000,3000,3000,3000,3000,3000,3000,3000,3000,3000,3000,3000,3000,3000,3000,3000,3000,3000,3000,3000,3000,3000,3000,3000,3000,3000,3000,3000,3000,3000,3000,3000,3000,3000,3000,3000,3000,3000,3000,3000,3000,3000,3000,3000,3000,3000,3000,3000,3000,3000,3000,3000,3000,3000,3000,3000,3000,3000,3000,3000,3000,3000,3000,3000,3000,3000,3000,3000,3000,3000,3000,3000,3000,3000,3000,3000,3000,3000,3000,3000,3000,3000,3000,3000,3000,3000,3000,3000,3000,3000,3000,3000,3000,3000,3000,3000,3000,3000,3000,3000,3000,3000,3000,3000,3000,3000,3000,3000,3000,3000,3000,3000,3000,3000,3000,3000,3000,3000,3000,3000,3000,3000,3000,3000,3000,3000,3000,3000,3000,3000,3000,3000,3000,3000,3000,3000,3000,3000,3000,3000,3000,3000,3000,3000,3000,3000,3000,3000,3000,3000,3000,3000,3000,3000,3000,3000,3000,3000,3000
3000,3000,3000,3000,3000,3000,3000,3000,3000,3000,3000,3000,3000,3000,3000,3000,3000,3000,3000,3000,3000,3000,3000,3000,3000,3000,3000,3000,3000,3000,3000,3000,3000,3000,3000,3000,3000,3000,3000,3000,3000,3000,3000,3000,3000,3000,3000,3000,3000,3000,3000,3000,3000,3000,3000,3000,3000,3000,3000,3000,3000,3000,3000,3000,3000,3000,3000,3000,3000,3000,3000,3000,3000,3000,3000,3000,3000,3000,3000,3000,3000,3000,3000,3000,3000,3000,3000,3000,3000,3000,3000,3000,3000,3000,3000,3000,3000,3000,3000,3000,3000,3000,3000,3000,3000,3000,3000,3000,3000,3000,3000,3000,3000,3000,3000,3000,3000,3000,3000,3000,3000,3000,3000,3000,3000,3000,3000,3000,3000,3000,3000,3000,3000,3000,3000,3000,3000,3000,3000,3000,3000,3000,3000,3000,3000,3000,3000,3000,3000,3000,3000,3000,3000,3000,3000,3000,3000,3000,3000,3000
3000,3000,3000,3000,3000,3000,3000,3000,3000,3000,3000,3000,3000,3000,3000,3000,3000,3000,3000,3000,3000,3000,3000,3000,3000,3000,3000,3000,3000,3000,3000,3000,3000,3000,3000,3000,3000,3000,3000,3000,3000,3000,3000,3000,3000,3000,3000,3000,3000,3000,3000,3000,3000,3000,3000,3000,3000,3000,3000,3000,3000,3000,3000,3000,3000,3000,3000,3000,3000,3000,3000,3000,3000,3000,3000,3000,3000,3000,3000,3000,3000,3000,3000,3000,3000,3000,3000,3000,3000,3000,3000,3000,3000,3000,3000,3000,3000,3000,3000,3000,3000,3000,3000,3000,3000,3000,3000,3000,3000,3000,3000,3000,3000,3000,3000,3000,3000,3000,3000,3000,3000,3000,3000,3000,3000,3000,3000,3000,3000,3000,3000,3000,3000,3000,3000,3000,3000,3000,3000,3000,3000,3000,3000,3000,3000,3000,3000,3000,3000,3000,3000,3000,3000,3000,3000,3000,3000,3000,3000,3000
3000,3000,3000,3000,3000,3000,3000,3000,3000,3000,3000,3000,3000,3000,3000,3000,3000,3000,3000,3000,3000,3000,3000,3000,3000,3000,3000,3000,3000,3000,3000,3000,3000,3000,3000,3000,3000,3000,3000,3000,3000,3000,3000,3000,3000,3000,3000,3000,3000,3000,3000,3000,3000,3000,3000,3000,3000,3000,3000,3000,3000,3000,3000,3000,3000,3000,3000,3000,3000,3000,3000,3000,3000,3000,3000,3000,3000,3000,3000,3000,3000,3000,3000,3000,3000,3000,3000,3000,3000,3000,3000,3000,3000,3000,3000,3000,3000,3000,3000,3000,3000,3000,3000,3000,3000,3000,3000,3000,3000,3000,3000,3000,3000,3000,3000,3000,3000,3000,3000,3000,3000,3000,3000,3000,3000,3000,3000,3000,3000,3000,3000,3000,3000,3000,3000,3000,3000,3000,3000,3000,3000,3000,3000,3000,3000,3000,3000,3000,3000,3000,3000,3000,3000,3000,3000,3000,3000,3000,3000,3000
3000,3000,3000,3000,3000,3000,3000,3000,3000,3000,3000,3000,3000,3000,3000,3000,3000,3000,3000,3000,3000,3000,3000,3000,3000,3000,3000,3000,3000,3000,3000,3000,3000,3000,3000,3000,3000,3000,3000,3000,3000,3000,3000,3000,3000,3000,3000,3000,3000,3000,3000,3000,3000,3000,3000,3000,3000,3000,3000,3000,3000,3000,3000,3000,3000,3000,3000,3000,3000,3000,3000,3000,3000,3000,3000,3000,3000,3000,3000,3000,3000,3000,3000,3000,3000,3000,3000,3000,3000,3000,3000,3000,3000,3000,3000,3000,3000,3000,3000,3000,3000,3000,3000,3000,3000,3000,3000,3000,3000,3000,3000,3000,3000,3000,3000,3000,3000,3000,3000,3000,3000,3000,3000,3000,3000,3000,3000,3000,3000,3000,3000,3000,3000,3000,3000,3000,3000,3000,3000,3000,3000,3000,3000,3000,3000,3000,3000,3000,3000,3000,3000,3000,3000,3000,3000,3000,3000,3000,3000,3000
3000,3000,3000,3000,3000,3000,3000,3000,3000,3000,3000,3000,3000,3000,3000,3000,3000,3000,3000,3000,3000,3000,3000,3000,3000,3000,3000,3000,3000,3000,3000,3000,3000,3000,3000,3000,3000,3000,3000,3000,3000,3000,3000,3000,3000,3000,3000,3000,3000,3000,3000,3000,3000,3000,3000,3000,3000,3000,3000,3000,3000,3000,3000,3000,3000,3000,3000,3000,3000,3000,3000,3000,3000,3000,3000,3000,3000,3000,3000,3000,3000,3000,3000,3000,3000,3000,3000,3000,3000,3000,3000,3000,3000,3000,3000,3000,3000,3000,3000,3000,3000,3000,3000,3000,3000,3000,3000,3000,3000,3000,3000,3000,3000,3000,3000,3000,3000,3000,3000,3000,3000,3000,3000,3000,3000,3000,3000,3000,3000,3000,3000,3000,3000,3000,3000,3000,3000,3000,3000,3000,3000,3000,3000,3000,3000,3000,3000,3000,3000,3000,3000,3000,3000,3000,3000,3000,3000,3000,3000,3000
3000,3000,3000,3000,3000,3000,3000,3000,3000,3000,3000,3000,3000,3000,3000,3000,3000,3000,3000,3000,3000,3000,3000,3000,3000,3000,3000,3000,3000,3000,3000,3000,3000,3000,3000,3000,3000,3000,3000,3000,3000,3000,3000,3000,3000,3000,3000,3000,3000,3000,3000,3000,3000,3000,3000,3000,3000,3000,3000,3000,3000,3000,3000,3000,3000,3000,3000,3000,3000,3000,3000,3000,3000,3000,3000,3000,3000,3000,3000,3000,3000,3000,3000,3000,3000,3000,3000,3000,3000,3000,3000,3000,3000,3000,3000,3000,3000,3000,3000,3000,3000,3000,3000,3000,3000,3000,3000,3000,3000,3000,3000,3000,3000,3000,3000,3000,3000,3000,3000,3000,3000,3000,3000,3000,3000,3000,3000,3000,3000,3000,3000,3000,3000,3000,3000,3000,3000,3000,3000,3000,3000,3000,3000,3000,3000,3000,3000,3000,3000,3000,3000,3000,3000,3000,3000,3000,3000,3000,3000,3000
3000,3000,3000,3000,3000,3000,3000,3000,3000,3000,3000,3000,3000,3000,3000,3000,3000,3000,3000,3000,3000,3000,3000,3000,3000,3000,3000,3000,3000,3000,3000,3000,3000,3000,3000,3000,3000,3000,3000,3000,3000,3000,3000,3000,3000,3000,3000,3000,3000,3000,3000,3000,3000,3000,3000,3000,3000,3000,3000,3000,3000,3000,3000,3000,3000,3000,3000,3000,3000,3000,3000,3000,3000,3000,3000,3000,3000,3000,3000,3000,3000,3000,3000,3000,3000,3000,3000,3000,3000,3000,3000,3000,3000,3000,3000,3000,3000,3000,3000,3000,3000,3000,3000,3000,3000,3000,3000,3000,3000,3000,3000,3000,3000,3000,3000,3000,3000,3000,3000,3000,3000,3000,3000,3000,3000,3000,3000,3000,3000,3000,3000,3000,3000,3000,3000,3000,3000,3000,3000,3000,3000,3000,3000,3000,3000,3000,3000,3000,3000,3000,3000,3000,3000,3000,3000,3000,3000,3000,3000,3000
3000,3000,3000,3000,3000,3000,3000,3000,3000,3000,3000,3000,3000,3000,3000,3000,3000,3000,3000,3000,3000,3000,3000,3000,3000,3000,3000,3000,3000,3000,3000,3000,3000,3000,3000,3000,3000,3000,3000,3000,3000,3000,3000,3000,3000,3000,3000,3000,3000,3000,3000,3000,3000,3000,3000,3000,3000,3000,3000,3000,3000,3000,3000,3000,3000,3000,3000,3000,3000,3000,3000,3000,3000,3000,3000,3000,3000,3000,3000,3000,3000,3000,3000,3000,3000,3000,3000,3000,3000,3000,3000,3000,3000,3000,3000,3000,3000,3000,3000,3000,3000,3000,3000,3000,3000,3000,3000,3000,3000,3000,3000,3000,3000,3000,3000,3000,3000,3000,3000,3000,3000,3000,3000,3000,3000,3000,3000,3000,3000,3000,3000,3000,3000,3000,3000,3000,3000,3000,3000,3000,3000,3000,3000,3000,3000,3000,3000,3000,3000,3000,3000,3000,3000,3000,3000,3000,3000,3000,3000,3000
3000,3000,3000,3000,3000,3000,3000,3000,3000,3000,3000,3000,3000,3000,3000,3000,3000,3000,3000,3000,3000,3000,3000,3000,3000,3000,3000,3000,3000,3000,3000,3000,3000,3000,3000,3000,3000,3000,3000,3000,3000,3000,3000,3000,3000,3000,3000,3000,3000,3000,3000,3000,3000,3000,3000,3000,3000,3000,3000,3000,3000,3000,3000,3000,3000,3000,3000,3000,3000,3000,3000,3000,3000,3000,3000,3000,3000,3000,3000,3000,3000,3000,3000,3000,3000,3000,3000,3000,3000,3000,3000,3000,3000,3000,3000,3000,3000,3000,3000,3000,3000,3000,3000,3000,3000,3000,3000,3000,3000,3000,3000,3000,3000,3000,3000,3000,3000,3000,3000,3000,3000,3000,3000,3000,3000,3000,3000,3000,3000,3000,3000,3000,3000,3000,3000,3000,3000,3000,3000,3000,3000,3000,3000,3000,3000,3000,3000,3000,3000,3000,3000,3000,3000,3000,3000,3000,3000,3000,3000,3000
3000,3000,3000,3000,3000,3000,3000,3000,3000,3000,3000,3000,3000,3000,3000,3000,3000,3000,3000,3000,3000,3000,3000,3000,3000,3000,3000,3000,3000,3000,3000,3000,3000,3000,3000,3000,3000,3000,3000,3000,3000,3000,3000,3000,3000,3000,3000,3000,3000,3000,3000,3000,3000,3000,3000,3000,3000,3000,3000,3000,3000,3000,3000,3000,3000,3000,3000,3000,3000,3000,3000,3000,3000,3000,3000,3000,3000,3000,3000,3000,3000,3000,3000,3000,3000,3000,3000,3000,3000,3000,3000,3000,3000,3000,3000,3000,3000,3000,3000,3000,3000,3000,3000,3000,3000,3000,3000,3000,3000,3000,3000,3000,3000,3000,3000,3000,3000,3000,3000,3000,3000,3000,3000,3000,3000,3000,3000,3000,3000,3000,3000,3000,3000,3000,3000,3000,3000,3000,3000,3000,3000,3000,3000,3000,3000,3000,3000,3000,3000,3000,3000,3000,3000,3000,3000,3000,3000,3000,3000,3000
3000,3000,3000,3000,3000,3000,3000,3000,3000,3000,3000,3000,3000,3000,3000,3000,3000,3000,3000,3000,3000,3000,3000,3000,3000,3000,3000,3000,3000,3000,3000,3000,3000,3000,3000,3000,3000,3000,3000,3000,3000,3000,3000,3000,3000,3000,3000,3000,3000,3000,3000,3000,3000,3000,3000,3000,3000,3000,3000,3000,3000,3000,3000,3000,3000,3000,3000,3000,3000,3000,3000,3000,3000,3000,3000,3000,3000,3000,3000,3000,3000,3000,3000,3000,3000,3000,3000,3000,3000,3000,3000,3000,3000,3000,3000,3000,3000,3000,3000,3000,3000,3000,3000,3000,3000,3000,3000,3000,3000,3000,3000,3000,3000,3000,3000,3000,3000,3000,3000,3000,3000,3000,3000,3000,3000,3000,3000,3000,3000,3000,3000,3000,3000,3000,3000,3000,3000,3000,3000,3000,3000,3000,3000,3000,3000,3000,3000,3000,3000,3000,3000,3000,3000,3000,3000,3000,3000,3000,3000,3000
3000,3000,3000,3000,3000,3000,3000,3000,3000,3000,3000,3000,3000,3000,3000,3000,3000,3000,3000,3000,3000,3000,3000,3000,3000,3000,3000,3000,3000,3000,3000,3000,3000,3000,3000,3000,3000,3000,3000,3000,3000,3000,3000,3000,3000,3000,3000,3000,3000,3000,3000,3000,3000,3000,3000,3000,3000,3000,3000,3000,3000,3000,3000,3000,3000,3000,3000,3000,3000,3000,3000,3000,3000,3000,3000,3000,3000,3000,3000,3000,3000,3000,3000,3000,3000,3000,3000,3000,3000,3000,3000,3000,3000,3000,3000,3000,3000,3000,3000,3000,3000,3000,3000,3000,3000,3000,3000,3000,3000,3000,3000,3000,3000,3000,3000,3000,3000,3000,3000,3000,3000,3000,3000,3000,3000,3000,3000,3000,3000,3000,3000,3000,3000,3000,3000,3000,3000,3000,3000,3000,3000,3000,3000,3000,3000,3000,3000,3000,3000,3000,3000,3000,3000,3000,3000,3000,3000,3000,3000,3000
3000,3000,3000,3000,3000,3000,3000,3000,3000,3000,3000,3000,3000,3000,3000,3000,3000,3000,3000,3000,3000,3000,3000,3000,3000,3000,3000,3000,3000,3000,3000,3000,3000,3000,3000,3000,3000,3000,3000,3000,3000,3000,3000,3000,3000,3000,3000,3000,3000,3000,3000,3000,3000,3000,3000,3000,3000,3000,3000,3000,3000,3000,3000,3000,3000,3000,3000,3000,3000,3000,3000,3000,3000,3000,3000,3000,3000,3000,3000,3000,3000,3000,3000,3000,3000,3000,3000,3000,3000,3000,3000,3000,3000,3000,3000,3000,3000,3000,3000,3000,3000,3000,3000,3000,3000,3000,3000,3000,3000,3000,3000,3000,3000,3000,3000,3000,3000,3000,3000,3000,3000,3000,3000,3000,3000,3000,3000,3000,3000,3000,3000,3000,3000,3000,3000,3000,3000,3000,3000,3000,3000,3000,3000,3000,3000,3000,3000,3000,3000,3000,3000,3000,3000,3000,3000,3000,3000,3000,3000,3000
3000,3000,3000,3000,3000,3000,3000,3000,3000,3000,3000,3000,3000,3000,3000,3000,3000,3000,3000,3000,3000,3000,3000,3000,3000,3000,3000,3000,3000,3000,3000,3000,3000,3000,3000,3000,3000,3000,3000,3000,3000,3000,3000,3000,3000,3000,3000,3000,3000,3000,3000,3000,3000,3000,3000,3000,3000,3000,3000,3000,3000,3000,3000,3000,3000,3000,3000,3000,3000,3000,3000,3000,3000,3000,3000,3000,3000,3000,3000,3000,3000,3000,3000,3000,3000,3000,3000,3000,3000,3000,3000,3000,3000,3000,3000,3000,3000,3000,3000,3000,3000,3000,3000,3000,3000,3000,3000,3000,3000,3000,3000,3000,3000,3000,3000,3000,3000,3000,3000,3000,3000,3000,3000,3000,3000,3000,3000,3000,3000,3000,3000,3000,3000,3000,3000,3000,3000,3000,3000,3000,3000,3000,3000,3000,3000,3000,3000,3000,3000,3000,3000,3000,3000,3000,3000,3000,3000,3000,3000,3000
3000,3000,3000,3000,3000,3000,3000,3000,3000,3000,3000,3000,3000,3000,3000,3000,3000,3000,3000,3000,3000,3000,3000,3000,3000,3000,3000,3000,3000,3000,3000,3000,3000,3000,3000,3000,3000,3000,3000,3000,3000,3000,3000,3000,3000,3000,3000,3000,3000,3000,3000,3000,3000,3000,3000,3000,3000,3000,3000,3000,3000,3000,3000,3000,3000,3000,3000,3000,3000,3000,3000,3000,3000,3000,3000,3000,3000,3000,3000,3000,3000,3000,3000,3000,3000,3000,3000,3000,3000,3000,3000,3000,3000,3000,3000,3000,3000,3000,3000,3000,3000,3000,3000,3000,3000,3000,3000,3000,3000,3000,3000,3000,3000,3000,3000,3000,3000,3000,3000,3000,3000,3000,3000,3000,3000,3000,3000,3000,3000,3000,3000,3000,3000,3000,3000,3000,3000,3000,3000,3000,3000,3000,3000,3000,3000,3000,3000,3000,3000,3000,3000,3000,3000,3000,3000,3000,3000,3000,3000,3000
3000,3000,3000,3000,3000,3000,3000,3000,3000,3000,3000,3000,3000,3000,3000,3000,3000,3000,3000,3000,3000,3000,3000,3000,3000,3000,3000,3000,3000,3000,3000,3000,3000,3000,3000,3000,3000,3000,3000,3000,3000,3000,3000,3000,3000,3000,3000,3000,3000,3000,3000,3000,3000,3000,3000,3000,3000,3000,3000,3000,3000,3000,3000,3000,3000,3000,3000,3000,3000,3000,3000,3000,3000,3000,3000,3000,3000,3000,3000,3000,3000,3000,3000,3000,3000,3000,3000,3000,3000,3000,3000,3000,3000,3000,3000,3000,3000,3000,3000,3000,3000,3000,3000,3000,3000,3000,3000,3000,3000,3000,3000,3000,3000,3000,3000,3000,3000,3000,3000,3000,3000,3000,3000,3000,3000,3000,3000,3000,3000,3000,3000,3000,3000,3000,3000,3000,3000,3000,3000,3000,3000,3000,3000,3000,3000,3000,3000,3000,3000,3000,3000,3000,3000,3000,3000,3000,3000,3000,3000,3000
3000,3000,3000,3000,3000,3000,3000,3000,3000,3000,3000,3000,3000,3000,3000,3000,3000,3000,3000,3000,3000,3000,3000,3000,3000,3000,3000,3000,3000,3000,3000,3000,3000,3000,3000,3000,3000,3000,3000,3000,3000,3000,3000,3000,3000,3000,3000,3000,3000,3000,3000,3000,3000,3000,3000,3000,3000,3000,3000,3000,3000,3000,3000,3000,3000,3000,3000,3000,3000,3000,3000,3000,3000,3000,3000,3000,3000,3000,3000,3000,3000,3000,3000,3000,3000,3000,3000,3000,3000,3000,3000,3000,3000,3000,3000,3000,3000,3000,3000,3000,3000,3000,3000,3000,3000,3000,3000,3000,3000,3000,3000,3000,3000,3000,3000,3000,3000,3000,3000,3000,3000,3000,3000,3000,3000,3000,3000,3000,3000,3000,3000,3000,3000,3000,3000,3000,3000,3000,3000,3000,3000,3000,3000,3000,3000,3000,3000,3000,3000,3000,3000,3000,3000,3000,3000,3000,3000,3000,3000,3000
3000,3000,3000,3000,3000,3000,3000,3000,3000,3000,3000,3000,3000,3000,3000,3000,3000,3000,3000,3000,3000,3000,3000,3000,3000,3000,3000,3000,3000,3000,3000,3000,3000,3000,3000,3000,3000,3000,3000,3000,3000,3000,3000,3000,3000,3000,3000,3000,3000,3000,3000,3000,3000,3000,3000,3000,3000,3000,3000,3000,3000,3000,3000,3000,3000,3000,3000,3000,3000,3000,3000,3000,3000,3000,3000,3000,3000,3000,3000,3000,3000,3000,3000,3000,3000,3000,3000,3000,3000,3000,3000,3000,3000,3000,3000,3000,3000,3000,3000,3000,3000,3000,3000,3000,3000,3000,3000,3000,3000,3000,3000,3000,3000,3000,3000,3000,3000,3000,3000,3000,3000,3000,3000,3000,3000,3000,3000,3000,3000,3000,3000,3000,3000,3000,3000,3000,3000,3000,3000,3000,3000,3000,3000,3000,3000,3000,3000,3000,3000,3000,3000,3000,3000,3000,3000,3000,3000,3000,3000,3000
3000,3000,3000,3000,3000,3000,3000,3000,3000,3000,3000,3000,3000,3000,3000,3000,3000,3000,3000,3000,3000,3000,3000,3000,3000,3000,3000,3000,3000,3000,3000,3000,3000,3000,3000,3000,3000,3000,3000,3000,3000,3000,3000,3000,3000,3000,3000,3000,3000,3000,3000,3000,3000,3000,3000,3000,3000,3000,3000,3000,3000,3000,3000,3000,3000,3000,3000,3000,3000,3000,3000,3000,3000,3000,3000,3000,3000,3000,3000,3000,3000,3000,3000,3000,3000,3000,3000,3000,3000,3000,3000,3000,3000,3000,3000,3000,3000,3000,3000,3000,3000,3000,3000,3000,3000,3000,3000,3000,3000,3000,3000,3000,3000,3000,3000,3000,3000,3000,3000,3000,3000,3000,3000,3000,3000,3000,3000,3000,3000,3000,3000,3000,3000,3000,3000,3000,3000,3000,3000,3000,3000,3000,3000,3000,3000,3000,3000,3000,3000,3000,3000,3000,3000,3000,3000,3000,3000,3000,3000,3000
3000,3000,3000,3000,3000,3000,3000,3000,3000,3000,3000,3000,3000,3000,3000,3000,3000,3000,3000,3000,3000,3000,3000,3000,3000,3000,3000,3000,3000,3000,3000,3000,3000,3000,3000,3000,3000,3000,3000,3000,3000,3000,3000,3000,3000,3000,3000,3000,3000,3000,3000,3000,3000,3000,3000,3000,3000,3000,3000,3000,3000,3000,3000,3000,3000,3000,3000,3000,3000,3000,3000,3000,3000,3000,3000,3000,3000,3000,3000,3000,3000,3000,3000,3000,3000,3000,3000,3000,3000,3000,3000,3000,3000,3000,3000,3000,3000,3000,3000,3000,3000,3000,3000,3000,3000,3000,3000,3000,3000,3000,3000,3000,3000,3000,3000,3000,3000,3000,3000,3000,3000,3000,3000,3000,3000,3000,3000,3000,3000,3000,3000,3000,3000,3000,3000,3000,3000,3000,3000,3000,3000,3000,3000,3000,3000,3000,3000,3000,3000,3000,3000,3000,3000,3000,3000,3000,3000,3000,3000,3000
3000,3000,3000,3000,3000,3000,3000,3000,3000,3000,3000,3000,3000,3000,3000,3000,3000,3000,3000,3000,3000,3000,3000,3000,3000,3000,3000,3000,3000,3000,3000,3000,3000,3000,3000,3000,3000,3000,3000,3000,3000,3000,3000,3000,3000,3000,3000,3000,3000,3000,3000,3000,3000,3000,3000,3000,3000,3000,3000,3000,3000,3000,3000,3000,3000,3000,3000,3000,3000,3000,3000,3000,3000,3000,3000,3000,3000,3000,3000,3000,3000,3000,3000,3000,3000,3000,3000,3000,3000,3000,3000,3000,3000,3000,3000,3000,3000,3000,3000,3000,3000,3000,3000,3000,3000,3000,3000,3000,3000,3000,3000,3000,3000,3000,3000,3000,3000,3000,3000,3000,3000,3000,3000,3000,3000,3000,3000,3000,3000,3000,3000,3000,3000,3000,3000,3000,3000,3000,3000,3000,3000,3000,3000,3000,3000,3000,3000,3000,3000,3000,3000,3000,3000,3000,3000,3000,3000,3000,3000,3000
3000,3000,3000,3000,3000,3000,3000,3000,3000,3000,3000,3000,3000,3000,3000,3000,3000,3000,3000,3000,3000,3000,3000,3000,3000,3000,3000,3000,3000,3000,3000,3000,3000,3000,3000,3000,3000,3000,3000,3000,3000,3000,3000,3000,3000,3000,3000,3000,3000,3000,3000,3000,3000,3000,3000,3000,3000,3000,3000,3000,3000,3000,3000,3000,3000,3000,3000,3000,3000,3000,3000,3000,3000,3000,3000,3000,3000,3000,3000,3000,3000,3000,3000,3000,3000,3000,3000,3000,3000,3000,3000,3000,3000,3000,3000,3000,3000,3000,3000,3000,3000,3000,3000,3000,3000,3000,3000,3000,3000,3000,3000,3000,3000,3000,3000,3000,3000,3000,3000,3000,3000,3000,3000,3000,3000,3000,3000,3000,3000,3000,3000,3000,3000,3000,3000,3000,3000,3000,3000,3000,3000,3000,3000,3000,3000,3000,3000,3000,3000,3000,3000,3000,3000,3000,3000,3000,3000,3000,3000,3000
3000,3000,3000,3000,3000,3000,3000,3000,3000,3000,3000,3000,3000,3000,3000,3000,3000,3000,3000,3000,3000,3000,3000,3000,3000,3000,3000,3000,3000,3000,3000,3000,3000,3000,3000,3000,3000,3000,3000,3000,3000,3000,3000,3000,3000,3000,3000,3000,3000,3000,3000,3000,3000,3000,3000,3000,3000,3000,3000,3000,3000,3000,3000,3000,3000,3000,3000,3000,3000,3000,3000,3000,3000,3000,3000,3000,3000,3000,3000,3000,3000,3000,3000,3000,3000,3000,3000,3000,3000,3000,3000,3000,3000,3000,3000,3000,3000,3000,3000,3000,3000,3000,3000,3000,3000,3000,3000,3000,3000,3000,3000,3000,3000,3000,3000,3000,3000,3000,3000,3000,3000,3000,3000,3000,3000,3000,3000,3000,3000,3000,3000,3000,3000,3000,3000,3000,3000,3000,3000,3000,3000,3000,3000,3000,3000,3000,3000,3000,3000,3000,3000,3000,3000,3000,3000,3000,3000,3000,3000,3000
3000,3000,3000,3000,3000,3000,3000,3000,3000,3000,3000,3000,3000,3000,3000,3000,3000,3000,3000,3000,3000,3000,3000,3000,3000,3000,3000,3000,3000,3000,3000,3000,3000,3000,3000,3000,3000,3000,3000,3000,3000,3000,3000,3000,3000,3000,3000,3000,3000,3000,3000,3000,3000,3000,3000,3000,3000,3000,3000,3000,3000,3000,3000,3000,3000,3000,3000,3000,3000,3000,3000,3000,3000,3000,3000,3000,3000,3000,3000,3000,3000,3000,3000,3000,3000,3000,3000,3000,3000,3000,3000,3000,3000,3000,3000,3000,3000,3000,3000,3000,3000,3000,3000,3000,3000,3000,3000,3000,3000,3000,3000,3000,3000,3000,3000,3000,3000,3000,3000,3000,3000,3000,3000,3000,3000,3000,3000,3000,3000,3000,3000,3000,3000,3000,3000,3000,3000,3000,3000,3000,3000,3000,3000,3000,3000,3000,3000,3000,3000,3000,3000,3000,3000,3000,3000,3000,3000,3000,3000,3000
3000,3000,3000,3000,3000,3000,3000,3000,3000,3000,3000,3000,3000,3000,3000,3000,3000,3000,3000,3000,3000,3000,3000,3000,3000,3000,3000,3000,3000,3000,3000,3000,3000,3000,3000,3000,3000,3000,3000,3000,3000,3000,3000,3000,3000,3000,3000,3000,3000,3000,3000,3000,3000,3000,3000,3000,3000,3000,3000,3000,3000,3000,3000,3000,3000,3000,3000,3000,3000,3000,3000,3000,3000,3000,3000,3000,3000,3000,3000,3000,3000,3000,3000,3000,3000,3000,3000,3000,3000,3000,3000,3000,3000,3000,3000,3000,3000,3000,3000,3000,3000,3000,3000,3000,3000,3000,3000,3000,3000,3000,3000,3000,3000,3000,3000,3000,3000,3000,3000,3000,3000,3000,3000,3000,3000,3000,3000,3000,3000,3000,3000,3000,3000,3000,3000,3000,3000,3000,3000,3000,3000,3000,3000,3000,3000,3000,3000,3000,3000,3000,3000,3000,3000,3000,3000,3000,3000,3000,3000,3000
3000,3000,3000,3000,3000,3000,3000,3000,3000,3000,3000,3000,3000,3000,3000,3000,3000,3000,3000,3000,3000,3000,3000,3000,3000,3000,3000,3000,3000,3000,3000,3000,3000,3000,3000,3000,3000,3000,3000,3000,3000,3000,3000,3000,3000,3000,3000,3000,3000,3000,3000,3000,3000,3000,3000,3000,3000,3000,3000,3000,3000,3000,3000,3000,3000,3000,3000,3000,3000,3000,3000,3000,3000,3000,3000,3000,3000,3000,3000,3000,3000,3000,3000,3000,3000,3000,3000,3000,3000,3000,3000,3000,3000,3000,3000,3000,3000,3000,3000,3000,3000,3000,3000,3000,3000,3000,3000,3000,3000,3000,3000,3000,3000,3000,3000,3000,3000,3000,3000,3000,3000,3000,3000,3000,3000,3000,3000,3000,3000,3000,3000,3000,3000,3000,3000,3000,3000,3000,3000,3000,3000,3000,3000,3000,3000,3000,3000,3000,3000,3000,3000,3000,3000,3000,3000,3000,3000,3000,3000,3000
3000,3000,3000,3000,3000,3000,3000,3000,3000,3000,3000,3000,3000,3000,3000,3000,3000,3000,3000,3000,3000,3000,3000,3000,3000,3000,3000,3000,3000,3000,3000,3000,3000,3000,3000,3000,3000,3000,3000,3000,3000,3000,3000,3000,3000,3000,3000,3000,3000,3000,3000,3000,3000,3000,3000,3000,3000,3000,3000,3000,3000,3000,3000,3000,3000,3000,3000,3000,3000,3000,3000,3000,3000,3000,3000,3000,3000,3000,3000,3000,3000,3000,3000,3000,3000,3000,3000,3000,3000,3000,3000,3000,3000,3000,3000,3000,3000,3000,3000,3000,3000,3000,3000,3000,3000,3000,3000,3000,3000,3000,3000,3000,3000,3000,3000,3000,3000,3000,3000,3000,3000,3000,3000,3000,3000,3000,3000,3000,3000,3000,3000,3000,3000,3000,3000,3000,3000,3000,3000,3000,3000,3000,3000,3000,3000,3000,3000,3000,3000,3000,3000,3000,3000,3000,3000,3000,3000,3000,3000,3000
3000,3000,3000,3000,3000,3000,3000,3000,3000,3000,3000,3000,3000,3000,3000,3000,3000,3000,3000,3000,3000,3000,3000,3000,3000,3000,3000,3000,3000,3000,3000,3000,3000,3000,3000,3000,3000,3000,3000,3000,3000,3000,3000,3000,3000,3000,3000,3000,3000,3000,3000,3000,3000,3000,3000,3000,3000,3000,3000,3000,3000,3000,3000,3000,3000,3000,3000,3000,3000,3000,3000,3000,3000,3000,3000,3000,3000,3000,3000,3000,3000,3000,3000,3000,3000,3000,3000,3000,3000,3000,3000,3000,3000,3000,3000,3000,3000,3000,3000,3000,3000,3000,3000,3000,3000,3000,3000,3000,3000,3000,3000,3000,3000,3000,3000,3000,3000,3000,3000,3000,3000,3000,3000,3000,3000,3000,3000,3000,3000,3000,3000,3000,3000,3000,3000,3000,3000,3000,3000,3000,3000,3000,3000,3000,3000,3000,3000,3000,3000,3000,3000,3000,3000,3000,3000,3000,3000,3000,3000,3000
3000,3000,3000,3000,3000,3000,3000,3000,3000,3000,3000,3000,3000,3000,3000,3000,3000,3000,3000,3000,3000,3000,3000,3000,3000,3000,3000,3000,3000,3000,3000,3000,3000,3000,3000,3000,3000,3000,3000,3000,3000,3000,3000,3000,3000,3000,3000,3000,3000,3000,3000,3000,3000,3000,3000,3000,3000,3000,3000,3000,3000,3000,3000,3000,3000,3000,3000,3000,3000,3000,3000,3000,3000,3000,3000,3000,3000,3000,3000,3000,3000,3000,3000,3000,3000,3000,3000,3000,3000,3000,3000,3000,3000,3000,3000,3000,3000,3000,3000,3000,3000,3000,3000,3000,3000,3000,3000,3000,3000,3000,3000,3000,3000,3000,3000,3000,3000,3000,3000,3000,3000,3000,3000,3000,3000,3000,3000,3000,3000,3000,3000,3000,3000,3000,3000,3000,3000,3000,3000,3000,3000,3000,3000,3000,3000,3000,3000,3000,3000,3000,3000,3000,3000,3000,3000,3000,3000,3000,3000,3000
3000,3000,3000,3000,3000,3000,3000,3000,3000,3000,3000,3000,3000,3000,3000,3000,3000,3000,3000,3000,3000,3000,3000,3000,3000,3000,3000,3000,3000,3000,3000,3000,3000,3000,3000,3000,3000,3000,3000,3000,3000,3000,3000,3000,3000,3000,3000,3000,3000,3000,3000,3000,3000,3000,3000,3000,3000,3000,3000,3000,3000,3000,3000,3000,3000,3000,3000,3000,3000,3000,3000,3000,3000,3000,3000,3000,3000,3000,3000,3000,3000,3000,3000,3000,3000,3000,3000,3000,3000,3000,3000,3000,3000,3000,3000,3000,3000,3000,3000,3000,3000,3000,3000,3000,3000,3000,3000,3000,3000,3000,3000,3000,3000,3000,3000,3000,3000,3000,3000,3000,3000,3000,3000,3000,3000,3000,3000,3000,3000,3000,3000,3000,3000,3000,3000,3000,3000,3000,3000,3000,3000,3000,3000,3000,3000,3000,3000,3000,3000,3000,3000,3000,3000,3000,3000,3000,3000,3000,3000,3000
3000,3000,3000,3000,3000,3000,3000,3000,3000,3000,3000,3000,3000,3000,3000,3000,3000,3000,3000,3000,3000,3000,3000,3000,3000,3000,3000,3000,3000,3000,3000,3000,3000,3000,3000,3000,3000,3000,3000,3000,3000,3000,3000,3000,3000,3000,3000,3000,3000,3000,3000,3000,3000,3000,3000,3000,3000,3000,3000,3000,3000,3000,3000,3000,3000,3000,3000,3000,3000,3000,3000,3000,3000,3000,3000,3000,3000,3000,3000,3000,3000,3000,3000,3000,3000,3000,3000,3000,3000,3000,3000,3000,3000,3000,3000,3000,3000,3000,3000,3000,3000,3000,3000,3000,3000,3000,3000,3000,3000,3000,3000,3000,3000,3000,3000,3000,3000,3000,3000,3000,3000,3000,3000,3000,3000,3000,3000,3000,3000,3000,3000,3000,3000,3000,3000,3000,3000,3000,3000,3000,3000,3000,3000,3000,3000,3000,3000,3000,3000,3000,3000,3000,3000,3000,3000,3000,3000,3000,3000,3000
3000,3000,3000,3000,3000,3000,3000,3000,3000,3000,3000,3000,3000,3000,3000,3000,3000,3000,3000,3000,3000,3000,3000,3000,3000,3000,3000,3000,3000,3000,3000,3000,3000,3000,3000,3000,3000,3000,3000,3000,3000,3000,3000,3000,3000,3000,3000,3000,3000,3000,3000,3000,3000,3000,3000,3000,3000,3000,3000,3000,3000,3000,3000,3000,3000,3000,3000,3000,3000,3000,3000,3000,3000,3000,3000,3000,3000,3000,3000,3000,3000,3000,3000,3000,3000,3000,3000,3000,3000,3000,3000,3000,3000,3000,3000,3000,3000,3000,3000,3000,3000,3000,3000,3000,3000,3000,3000,3000,3000,3000,3000,3000,3000,3000,3000,3000,3000,3000,3000,3000,3000,3000,3000,3000,3000,3000,3000,3000,3000,3000,3000,3000,3000,3000,3000,3000,3000,3000,3000,3000,3000,3000,3000,3000,3000,3000,3000,3000,3000,3000,3000,3000,3000,3000,3000,3000,3000,3000,3000,3000
3000,3000,3000,3000,3000,3000,3000,3000,3000,3000,3000,3000,3000,3000,3000,3000,3000,3000,3000,3000,3000,3000,3000,3000,3000,3000,3000,3000,3000,3000,3000,3000,3000,3000,3000,3000,3000,3000,3000,3000,3000,3000,3000,3000,3000,3000,3000,3000,3000,3000,3000,3000,3000,3000,3000,3000,3000,3000,3000,3000,3000,3000,3000,3000,3000,3000,3000,3000,3000,3000,3000,3000,3000,3000,3000,3000,3000,3000,3000,3000,3000,3000,3000,3000,3000,3000,3000,3000,3000,3000,3000,3000,3000,3000,3000,3000,3000,3000,3000,3000,3000,3000,3000,3000,3000,3000,3000,3000,3000,3000,3000,3000,3000,3000,3000,3000,3000,3000,3000,3000,3000,3000,3000,3000,3000,3000,3000,3000,3000,3000,3000,3000,3000,3000,3000,3000,3000,3000,3000,3000,3000,3000,3000,3000,3000,3000,3000,3000,3000,3000,3000,3000,3000,3000,3000,3000,3000,3000,3000,3000
3000,3000,3000,3000,3000,3000,3000,3000,3000,3000,3000,3000,3000,3000,3000,3000,3000,3000,3000,3000,3000,3000,3000,3000,3000,3000,3000,3000,3000,3000,3000,3000,3000,3000,3000,3000,3000,3000,3000,3000,3000,3000,3000,3000,3000,3000,3000,3000,3000,3000,3000,3000,3000,3000,3000,3000,3000,3000,3000,3000,3000,3000,3000,3000,3000,3000,3000,3000,3000,3000,3000,3000,3000,3000,3000,3000,3000,3000,3000,3000,3000,3000,3000,3000,3000,3000,3000,3000,3000,3000,3000,3000,3000,3000,3000,3000,3000,3000,3000,3000,3000,3000,3000,3000,3000,3000,3000,3000,3000,3000,3000,3000,3000,3000,3000,3000,3000,3000,3000,3000,3000,3000,3000,3000,3000,3000,3000,3000,3000,3000,3000,3000,3000,3000,3000,3000,3000,3000,3000,3000,3000,3000,3000,3000,3000,3000,3000,3000,3000,3000,3000,3000,3000,3000,3000,3000,3000,3000,3000,3000
3000,3000,3000,3000,3000,3000,3000,3000,3000,3000,3000,3000,3000,3000,3000,3000,3000,3000,3000,3000,3000,3000,3000,3000,3000,3000,3000,3000,3000,3000,3000,3000,3000,3000,3000,3000,3000,3000,3000,3000,3000,3000,3000,3000,3000,3000,3000,3000,3000,3000,3000,3000,3000,3000,3000,3000,3000,3000,3000,3000,3000,3000,3000,3000,3000,3000,3000,3000,3000,3000,3000,3000,3000,3000,3000,3000,3000,3000,3000,3000,3000,3000,3000,3000,3000,3000,3000,3000,3000,3000,3000,3000,3000,3000,3000,3000,3000,3000,3000,3000,3000,3000,3000,3000,3000,3000,3000,3000,3000,3000,3000,3000,3000,3000,3000,3000,3000,3000,3000,3000,3000,3000,3000,3000,3000,3000,3000,3000,3000,3000,3000,3000,3000,3000,3000,3000,3000,3000,3000,3000,3000,3000,3000,3000,3000,3000,3000,3000,3000,3000,3000,3000,3000,3000,3000,3000,3000,3000,3000,3000
3000,3000,3000,3000,3000,3000,3000,3000,3000,3000,3000,3000,3000,3000,3000,3000,3000,3000,3000,3000,3000,3000,3000,3000,3000,3000,3000,3000,3000,3000,3000,3000,3000,3000,3000,3000,3000,3000,3000,3000,3000,3000,3000,3000,3000,3000,3000,3000,3000,3000,3000,3000,3000,3000,3000,3000,3000,3000,3000,3000,3000,3000,3000,3000,3000,3000,3000,3000,3000,3000,3000,3000,3000,3000,3000,3000,3000,3000,3000,3000,3000,3000,3000,3000,3000,3000,3000,3000,3000,3000,3000,3000,3000,3000,3000,3000,3000,3000,3000,3000,3000,3000,3000,3000,3000,3000,3000,3000,3000,3000,3000,3000,3000,3000,3000,3000,3000,3000,3000,3000,3000,3000,3000,3000,3000,3000,3000,3000,3000,3000,3000,3000,3000,3000,3000,3000,3000,3000,3000,3000,3000,3000,3000,3000,3000,3000,3000,3000,3000,3000,3000,3000,3000,3000,3000,3000,3000,3000,3000,3000
3000,3000,3000,3000,3000,3000,3000,3000,3000,3000,3000,3000,3000,3000,3000,3000,3000,3000,3000,3000,3000,3000,3000,3000,3000,3000,3000,3000,3000,3000,3000,3000,3000,3000,3000,3000,3000,3000,3000,3000,3000,3000,3000,3000,3000,3000,3000,3000,3000,3000,3000,3000,3000,3000,3000,3000,3000,3000,3000,3000,3000,3000,3000,3000,3000,3000,3000,3000,3000,3000,3000,3000,3000,3000,3000,3000,3000,3000,3000,3000,3000,3000,3000,3000,3000,3000,3000,3000,3000,3000,3000,3000,3000,3000,3000,3000,3000,3000,3000,3000,3000,3000,3000,3000,3000,3000,3000,3000,3000,3000,3000,3000,3000,3000,3000,3000,3000,3000,3000,3000,3000,3000,3000,3000,3000,3000,3000,3000,3000,3000,3000,3000,3000,3000,3000,3000,3000,3000,3000,3000,3000,3000,3000,3000,3000,3000,3000,3000,3000,3000,3000,3000,3000,3000,3000,3000,3000,3000,3000,3000
3000,3000,3000,3000,3000,3000,3000,3000,3000,3000,3000,3000,3000,3000,3000,3000,3000,3000,3000,3000,3000,3000,3000,3000,3000,3000,3000,3000,3000,3000,3000,3000,3000,3000,3000,3000,3000,3000,3000,3000,3000,3000,3000,3000,3000,3000,3000,3000,3000,3000,3000,3000,3000,3000,3000,3000,3000,3000,3000,3000,3000,3000,3000,3000,3000,3000,3000,3000,3000,3000,3000,3000,3000,3000,3000,3000,3000,3000,3000,3000,3000,3000,3000,3000,3000,3000,3000,3000,3000,3000,3000,3000,3000,3000,3000,3000,3000,3000,3000,3000,3000,3000,3000,3000,3000,3000,3000,3000,3000,3000,3000,3000,3000,3000,3000,3000,3000,3000,3000,3000,3000,3000,3000,3000,3000,3000,3000,3000,3000,3000,3000,3000,3000,3000,3000,3000,3000,3000,3000,3000,3000,3000,3000,3000,3000,3000,3000,3000,3000,3000,3000,3000,3000,3000,3000,3000,3000,3000,3000,3000
3000,3000,3000,3000,3000,3000,3000,3000,3000,3000,3000,3000,3000,3000,3000,3000,3000,3000,3000,3000,3000,3000,3000,3000,3000,3000,3000,3000,3000,3000,3000,3000,3000,3000,3000,3000,3000,3000,3000,3000,3000,3000,3000,3000,3000,3000,3000,3000,3000,3000,3000,3000,3000,3000,3000,3000,3000,3000,3000,3000,3000,3000,3000,3000,3000,3000,3000,3000,3000,3000,3000,3000,3000,3000,3000,3000,3000,3000,3000,3000,3000,3000,3000,3000,3000,3000,3000,3000,3000,3000,3000,3000,3000,3000,3000,3000,3000,3000,3000,3000,3000,3000,3000,3000,3000,3000,3000,3000,3000,3000,3000,3000,3000,3000,3000,3000,3000,3000,3000,3000,3000,3000,3000,3000,3000,3000,3000,3000,3000,3000,3000,3000,3000,3000,3000,3000,3000,3000,3000,3000,3000,3000,3000,3000,3000,3000,3000,3000,3000,3000,3000,3000,3000,3000,3000,3000,3000,3000,3000,3000
3000,3000,3000,3000,3000,3000,3000,3000,3000,3000,3000,3000,3000,3000,3000,3000,3000,3000,3000,3000,3000,3000,3000,3000,3000,3000,3000,3000,3000,3000,3000,3000,3000,3000,3000,3000,3000,3000,3000,3000,3000,3000,3000,3000,3000,3000,3000,3000,3000,3000,3000,3000,3000,3000,3000,3000,3000,3000,3000,3000,3000,3000,3000,3000,3000,3000,3000,3000,3000,3000,3000,3000,3000,3000,3000,3000,3000,3000,3000,3000,3000,3000,3000,3000,3000,3000,3000,3000,3000,3000,3000,3000,3000,3000,3000,3000,3000,3000,3000,3000,3000,3000,3000,3000,3000,3000,3000,3000,3000,3000,3000,3000,3000,3000,3000,3000,3000,3000,3000,3000,3000,3000,3000,3000,3000,3000,3000,3000,3000,3000,3000,3000,3000,3000,3000,3000,3000,3000,3000,3000,3000,3000,3000,3000,3000,3000,3000,3000,3000,3000,3000,3000,3000,3000,3000,3000,3000,3000,3000,3000
3000,3000,3000,3000,3000,3000,3000,3000,3000,3000,3000,3000,3000,3000,3000,3000,3000,3000,3000,3000,3000,3000,3000,3000,3000,3000,3000,3000,3000,3000,3000,3000,3000,3000,3000,3000,3000,3000,3000,3000,3000,3000,3000,3000,3000,3000,3000,3000,3000,3000,3000,3000,3000,3000,3000,3000,3000,3000,3000,3000,3000,3000,3000,3000,3000,3000,3000,3000,3000,3000,3000,3000,3000,3000,3000,3000,3000,3000,3000,3000,3000,3000,3000,3000,3000,3000,3000,3000,3000,3000,3000,3000,3000,3000,3000,3000,3000,3000,3000,3000,3000,3000,3000,3000,3000,3000,3000,3000,3000,3000,3000,3000,3000,3000,3000,3000,3000,3000,3000,3000,3000,3000,3000,3000,3000,3000,3000,3000,3000,3000,3000,3000,3000,3000,3000,3000,3000,3000,3000,3000,3000,3000,3000,3000,3000,3000,3000,3000,3000,3000,3000,3000,3000,3000,3000,3000,3000,3000,3000,3000
3000,3000,3000,3000,3000,3000,3000,3000,3000,3000,3000,3000,3000,3000,3000,3000,3000,3000,3000,3000,3000,3000,3000,3000,3000,3000,3000,3000,3000,3000,3000,3000,3000,3000,3000,3000,3000,3000,3000,3000,3000,3000,3000,3000,3000,3000,3000,3000,3000,3000,3000,3000,3000,3000,3000,3000,3000,3000,3000,3000,3000,3000,3000,3000,3000,3000,3000,3000,3000,3000,3000,3000,3000,3000,3000,3000,3000,3000,3000,3000,3000,3000,3000,3000,3000,3000,3000,3000,3000,3000,3000,3000,3000,3000,3000,3000,3000,3000,3000,3000,3000,3000,3000,3000,3000,3000,3000,3000,3000,3000,3000,3000,3000,3000,3000,3000,3000,3000,3000,3000,3000,3000,3000,3000,3000,3000,3000,3000,3000,3000,3000,3000,3000,3000,3000,3000,3000,3000,3000,3000,3000,3000,3000,3000,3000,3000,3000,3000,3000,3000,3000,3000,3000,3000,3000,3000,3000,3000,3000,3000
3000,3000,3000,3000,3000,3000,3000,3000,3000,3000,3000,3000,3000,3000,3000,3000,3000,3000,3000,3000,3000,3000,3000,3000,3000,3000,3000,3000,3000,3000,3000,3000,3000,3000,3000,3000,3000,3000,3000,3000,3000,3000,3000,3000,3000,3000,3000,3000,3000,3000,3000,3000,3000,3000,3000,3000,3000,3000,3000,3000,3000,3000,3000,3000,3000,3000,3000,3000,3000,3000,3000,3000,3000,3000,3000,3000,3000,3000,3000,3000,3000,3000,3000,3000,3000,3000,3000,3000,3000,3000,3000,3000,3000,3000,3000,3000,3000,3000,3000,3000,3000,3000,3000,3000,3000,3000,3000,3000,3000,3000,3000,3000,3000,3000,3000,3000,3000,3000,3000,3000,3000,3000,3000,3000,3000,3000,3000,3000,3000,3000,3000,3000,3000,3000,3000,3000,3000,3000,3000,3000,3000,3000,3000,3000,3000,3000,3000,3000,3000,3000,3000,3000,3000,3000,3000,3000,3000,3000,3000,3000
3000,3000,3000,3000,3000,3000,3000,3000,3000,3000,3000,3000,3000,3000,3000,3000,3000,3000,3000,3000,3000,3000,3000,3000,3000,3000,3000,3000,3000,3000,3000,3000,3000,3000,3000,3000,3000,3000,3000,3000,3000,3000,3000,3000,3000,3000,3000,3000,3000,3000,3000,3000,3000,3000,3000,3000,3000,3000,3000,3000,3000,3000,3000,3000,3000,3000,3000,3000,3000,3000,3000,3000,3000,3000,3000,3000,3000,3000,3000,3000,3000,3000,3000,3000,3000,3000,3000,3000,3000,3000,3000,3000,3000,3000,3000,3000,3000,3000,3000,3000,3000,3000,3000,3000,3000,3000,3000,3000,3000,3000,3000,3000,3000,3000,3000,3000,3000,3000,3000,3000,3000,3000,3000,3000,3000,3000,3000,3000,3000,3000,3000,3000,3000,3000,3000,3000,3000,3000,3000,3000,3000,3000,3000,3000,3000,3000,3000,3000,3000,3000,3000,3000,3000,3000,3000,3000,3000,3000,3000,3000
3000,3000,3000,3000,3000,3000,3000,3000,3000,3000,3000,3000,3000,3000,3000,3000,3000,3000,3000,3000,3000,3000,3000,3000,3000,3000,3000,3000,3000,3000,3000,3000,3000,3000,3000,3000,3000,3000,3000,3000,3000,3000,3000,3000,3000,3000,3000,3000,3000,3000,3000,3000,3000,3000,3000,3000,3000,3000,3000,3000,3000,3000,3000,3000,3000,3000,3000,3000,3000,3000,3000,3000,3000,3000,3000,3000,3000,3000,3000,3000,3000,3000,3000,3000,3000,3000,3000,3000,3000,3000,3000,3000,3000,3000,3000,3000,3000,3000,3000,3000,3000,3000,3000,3000,3000,3000,3000,3000,3000,3000,3000,3000,3000,3000,3000,3000,3000,3000,3000,3000,3000,3000,3000,3000,3000,3000,3000,3000,3000,3000,3000,3000,3000,3000,3000,3000,3000,3000,3000,3000,3000,3000,3000,3000,3000,3000,3000,3000,3000,3000,3000,3000,3000,3000,3000,3000,3000,3000,3000,3000
3000,3000,3000,3000,3000,3000,3000,3000,3000,3000,3000,3000,3000,3000,3000,3000,3000,3000,3000,3000,3000,3000,3000,3000,3000,3000,3000,3000,3000,3000,3000,3000,3000,3000,3000,3000,3000,3000,3000,3000,3000,3000,3000,3000,3000,3000,3000,3000,3000,3000,3000,3000,3000,3000,3000,3000,3000,3000,3000,3000,3000,3000,3000,3000,3000,3000,3000,3000,3000,3000,3000,3000,3000,3000,3000,3000,3000,3000,3000,3000,3000,3000,3000,3000,3000,3000,3000,3000,3000,3000,3000,3000,3000,3000,3000,3000,3000,3000,3000,3000,3000,3000,3000,3000,3000,3000,3000,3000,3000,3000,3000,3000,3000,3000,3000,3000,3000,3000,3000,3000,3000,3000,3000,3000,3000,3000,3000,3000,3000,3000,3000,3000,3000,3000,3000,3000,3000,3000,3000,3000,3000,3000,3000,3000,3000,3000,3000,3000,3000,3000,3000,3000,3000,3000,3000,3000,3000,3000,3000,3000
3000,3000,3000,3000,3000,3000,3000,3000,3000,3000,3000,3000,3000,3000,3000,3000,3000,3000,3000,3000,3000,3000,3000,3000,3000,3000,3000,3000,3000,3000,3000,3000,3000,3000,3000,3000,3000,3000,3000,3000,3000,3000,3000,3000,3000,3000,3000,3000,3000,3000,3000,3000,3000,3000,3000,3000,3000,3000,3000,3000,3000,3000,3000,3000,3000,3000,3000,3000,3000,3000,3000,3000,3000,3000,3000,3000,3000,3000,3000,3000,3000,3000,3000,3000,3000,3000,3000,3000,3000,3000,3000,3000,3000,3000,3000,3000,3000,3000,3000,3000,3000,3000,3000,3000,3000,3000,3000,3000,3000,3000,3000,3000,3000,3000,3000,3000,3000,3000,3000,3000,3000,3000,3000,3000,3000,3000,3000,3000,3000,3000,3000,3000,3000,3000,3000,3000,3000,3000,3000,3000,3000,3000,3000,3000,3000,3000,3000,3000,3000,3000,3000,3000,3000,3000,3000,3000,3000,3000,3000,3000
3000,3000,3000,3000,3000,3000,3000,3000,3000,3000,3000,3000,3000,3000,3000,3000,3000,3000,3000,3000,3000,3000,3000,3000,3000,3000,3000,3000,3000,3000,3000,3000,3000,3000,3000,3000,3000,3000,3000,3000,3000,3000,3000,3000,3000,3000,3000,3000,3000,3000,3000,3000,3000,3000,3000,3000,3000,3000,3000,3000,3000,3000,3000,3000,3000,3000,3000,3000,3000,3000,3000,3000,3000,3000,3000,3000,3000,3000,3000,3000,3000,3000,3000,3000,3000,3000,3000,3000,3000,3000,3000,3000,3000,3000,3000,3000,3000,3000,3000,3000,3000,3000,3000,3000,3000,3000,3000,3000,3000,3000,3000,3000,3000,3000,3000,3000,3000,3000,3000,3000,3000,3000,3000,3000,3000,3000,3000,3000,3000,3000,3000,3000,3000,3000,3000,3000,3000,3000,3000,3000,3000,3000,3000,3000,3000,3000,3000,3000,3000,3000,3000,3000,3000,3000,3000,3000,3000,3000,3000,3000
3000,3000,3000,3000,3000,3000,3000,3000,3000,3000,3000,3000,3000,3000,3000,3000,3000,3000,3000,3000,3000,3000,3000,3000,3000,3000,3000,3000,3000,3000,3000,3000,3000,3000,3000,3000,3000,3000,3000,3000,3000,3000,3000,3000,3000,3000,3000,3000,3000,3000,3000,3000,3000,3000,3000,3000,3000,3000,3000,3000,3000,3000,3000,3000,3000,3000,3000,3000,3000,3000,3000,3000,3000,3000,3000,3000,3000,3000,3000,3000,3000,3000,3000,3000,3000,3000,3000,3000,3000,3000,3000,3000,3000,3000,3000,3000,3000,3000,3000,3000,3000,3000,3000,3000,3000,3000,3000,3000,3000,3000,3000,3000,3000,3000,3000,3000,3000,3000,3000,3000,3000,3000,3000,3000,3000,3000,3000,3000,3000,3000,3000,3000,3000,3000,3000,3000,3000,3000,3000,3000,3000,3000,3000,3000,3000,3000,3000,3000,3000,3000,3000,3000,3000,3000,3000,3000,3000,3000,3000,3000
3000,3000,3000,3000,3000,3000,3000,3000,3000,3000,3000,3000,3000,3000,3000,3000,3000,3000,3000,3000,3000,3000,3000,3000,3000,3000,3000,3000,3000,3000,3000,3000,3000,3000,3000,3000,3000,3000,3000,3000,3000,3000,3000,3000,3000,3000,3000,3000,3000,3000,3000,3000,3000,3000,3000,3000,3000,3000,3000,3000,3000,3000,3000,3000,3000,3000,3000,3000,3000,3000,3000,3000,3000,3000,3000,3000,3000,3000,3000,3000,3000,3000,3000,3000,3000,3000,3000,3000,3000,3000,3000,3000,3000,3000,3000,3000,3000,3000,3000,3000,3000,3000,3000,3000,3000,3000,3000,3000,3000,3000,3000,3000,3000,3000,3000,3000,3000,3000,3000,3000,3000,3000,3000,3000,3000,3000,3000,3000,3000,3000,3000,3000,3000,3000,3000,3000,3000,3000,3000,3000,3000,3000,3000,3000,3000,3000,3000,3000,3000,3000,3000,3000,3000,3000,3000,3000,3000,3000,3000,3000
3000,3000,3000,3000,3000,3000,3000,3000,3000,3000,3000,3000,3000,3000,3000,3000,3000,3000,3000,3000,3000,3000,3000,3000,3000,3000,3000,3000,3000,3000,3000,3000,3000,3000,3000,3000,3000,3000,3000,3000,3000,3000,3000,3000,3000,3000,3000,3000,3000,3000,3000,3000,3000,3000,3000,3000,3000,3000,3000,3000,3000,3000,3000,3000,3000,3000,3000,3000,3000,3000,3000,3000,3000,3000,3000,3000,3000,3000,3000,3000,3000,3000,3000,3000,3000,3000,3000,3000,3000,3000,3000,3000,3000,3000,3000,3000,3000,3000,3000,3000,3000,3000,3000,3000,3000,3000,3000,3000,3000,3000,3000,3000,3000,3000,3000,3000,3000,3000,3000,3000,3000,3000,3000,3000,3000,3000,3000,3000,3000,3000,3000,3000,3000,3000,3000,3000,3000,3000,3000,3000,3000,3000,3000,3000,3000,3000,3000,3000,3000,3000,3000,3000,3000,3000,3000,3000,3000,3000,3000,3000
3000,3000,3000,3000,3000,3000,3000,3000,3000,3000,3000,3000,3000,3000,3000,3000,3000,3000,3000,3000,3000,3000,3000,3000,3000,3000,3000,3000,3000,3000,3000,3000,3000,3000,3000,3000,3000,3000,3000,3000,3000,3000,3000,3000,3000,3000,3000,3000,3000,3000,3000,3000,3000,3000,3000,3000,3000,3000,3000,3000,3000,3000,3000,3000,3000,3000,3000,3000,3000,3000,3000,3000,3000,3000,3000,3000,3000,3000,3000,3000,3000,3000,3000,3000,3000,3000,3000,3000,3000,3000,3000,3000,3000,3000,3000,3000,3000,3000,3000,3000,3000,3000,3000,3000,3000,3000,3000,3000,3000,3000,3000,3000,3000,3000,3000,3000,3000,3000,3000,3000,3000,3000,3000,3000,3000,3000,3000,3000,3000,3000,3000,3000,3000,3000,3000,3000,3000,3000,3000,3000,3000,3000,3000,3000,3000,3000,3000,3000,3000,3000,3000,3000,3000,3000,3000,3000,3000,3000,3000,3000
3000,3000,3000,3000,3000,3000,3000,3000,3000,3000,3000,3000,3000,3000,3000,3000,3000,3000,3000,3000,3000,3000,3000,3000,3000,3000,3000,3000,3000,3000,3000,3000,3000,3000,3000,3000,3000,3000,3000,3000,3000,3000,3000,3000,3000,3000,3000,3000,3000,3000,3000,3000,3000,3000,3000,3000,3000,3000,3000,3000,3000,3000,3000,3000,3000,3000,3000,3000,3000,3000,3000,3000,3000,3000,3000,3000,3000,3000,3000,3000,3000,3000,3000,3000,3000,3000,3000,3000,3000,3000,3000,3000,3000,3000,3000,3000,3000,3000,3000,3000,3000,3000,3000,3000,3000,3000,3000,3000,3000,3000,3000,3000,3000,3000,3000,3000,3000,3000,3000,3000,3000,3000,3000,3000,3000,3000,3000,3000,3000,3000,3000,3000,3000,3000,3000,3000,3000,3000,3000,3000,3000,3000,3000,3000,3000,3000,3000,3000,3000,3000,3000,3000,3000,3000,3000,3000,3000,3000,3000,3000
3000,3000,3000,3000,3000,3000,3000,3000,3000,3000,3000,3000,3000,3000,3000,3000,3000,3000,3000,3000,3000,3000,3000,3000,3000,3000,3000,3000,3000,3000,3000,3000,3000,3000,3000,3000,3000,3000,3000,3000,3000,3000,3000,3000,3000,3000,3000,3000,3000,3000,3000,3000,3000,3000,3000,3000,3000,3000,3000,3000,3000,3000,3000,3000,3000,3000,3000,3000,3000,3000,3000,3000,3000,3000,3000,3000,3000,3000,3000,3000,3000,3000,3000,3000,3000,3000,3000,3000,3000,3000,3000,3000,3000,3000,3000,3000,3000,3000,3000,3000,3000,3000,3000,3000,3000,3000,3000,3000,3000,3000,3000,3000,3000,3000,3000,3000,3000,3000,3000,3000,3000,3000,3000,3000,3000,3000,3000,3000,3000,3000,3000,3000,3000,3000,3000,3000,3000,3000,3000,3000,3000,3000,3000,3000,3000,3000,3000,3000,3000,3000,3000,3000,3000,3000,3000,3000,3000,3000,3000,3000
3000,3000,3000,3000,3000,3000,3000,3000,3000,3000,3000,3000,3000,3000,3000,3000,3000,3000,3000,3000,3000,3000,3000,3000,3000,3000,3000,3000,3000,3000,3000,3000,3000,3000,3000,3000,3000,3000,3000,3000,3000,3000,3000,3000,3000,3000,3000,3000,3000,3000,3000,3000,3000,3000,3000,3000,3000,3000,3000,3000,3000,3000,3000,3000,3000,3000,3000,3000,3000,3000,3000,3000,3000,3000,3000,3000,3000,3000,3000,3000,3000,3000,3000,3000,3000,3000,3000,3000,3000,3000,3000,3000,3000,3000,3000,3000,3000,3000,3000,3000,3000,3000,3000,3000,3000,3000,3000,3000,3000,3000,3000,3000,3000,3000,3000,3000,3000,3000,3000,3000,3000,3000,3000,3000,3000,3000,3000,3000,3000,3000,3000,3000,3000,3000,3000,3000,3000,3000,3000,3000,3000,3000,3000,3000,3000,3000,3000,3000,3000,3000,3000,3000,3000,3000,3000,3000,3000,3000,3000,3000
3000,3000,3000,3000,3000,3000,3000,3000,3000,3000,3000,3000,3000,3000,3000,3000,3000,3000,3000,3000,3000,3000,3000,3000,3000,3000,3000,3000,3000,3000,3000,3000,3000,3000,3000,3000,3000,3000,3000,3000,3000,3000,3000,3000,3000,3000,3000,3000,3000,3000,3000,3000,3000,3000,3000,3000,3000,3000,3000,3000,3000,3000,3000,3000,3000,3000,3000,3000,3000,3000,3000,3000,3000,3000,3000,3000,3000,3000,3000,3000,3000,3000,3000,3000,3000,3000,3000,3000,3000,3000,3000,3000,3000,3000,3000,3000,3000,3000,3000,3000,3000,3000,3000,3000,3000,3000,3000,3000,3000,3000,3000,3000,3000,3000,3000,3000,3000,3000,3000,3000,3000,3000,3000,3000,3000,3000,3000,3000,3000,3000,3000,3000,3000,3000,3000,3000,3000,3000,3000,3000,3000,3000,3000,3000,3000,3000,3000,3000,3000,3000,3000,3000,3000,3000,3000,3000,3000,3000,3000,3000
3000,3000,3000,3000,3000,3000,3000,3000,3000,3000,3000,3000,3000,3000,3000,3000,3000,3000,3000,3000,3000,3000,3000,3000,3000,3000,3000,3000,3000,3000,3000,3000,3000,3000,3000,3000,3000,3000,3000,3000,3000,3000,3000,3000,3000,3000,3000,3000,3000,3000,3000,3000,3000,3000,3000,3000,3000,3000,3000,3000,3000,3000,3000,3000,3000,3000,3000,3000,3000,3000,3000,3000,3000,3000,3000,3000,3000,3000,3000,3000,3000,3000,3000,3000,3000,3000,3000,3000,3000,3000,3000,3000,3000,3000,3000,3000,3000,3000,3000,3000,3000,3000,3000,3000,3000,3000,3000,3000,3000,3000,3000,3000,3000,3000,3000,3000,3000,3000,3000,3000,3000,3000,3000,3000,3000,3000,3000,3000,3000,3000,3000,3000,3000,3000,3000,3000,3000,3000,3000,3000,3000,3000,3000,3000,3000,3000,3000,3000,3000,3000,3000,3000,3000,3000,3000,3000,3000,3000,3000,3000
3000,3000,3000,3000,3000,3000,3000,3000,3000,3000,3000,3000,3000,3000,3000,3000,3000,3000,3000,3000,3000,3000,3000,3000,3000,3000,3000,3000,3000,3000,3000,3000,3000,3000,3000,3000,3000,3000,3000,3000,3000,3000,3000,3000,3000,3000,3000,3000,3000,3000,3000,3000,3000,3000,3000,3000,3000,3000,3000,3000,3000,3000,3000,3000,3000,3000,3000,3000,3000,3000,3000,3000,3000,3000,3000,3000,3000,3000,3000,3000,3000,3000,3000,3000,3000,3000,3000,3000,3000,3000,3000,3000,3000,3000,3000,3000,3000,3000,3000,3000,3000,3000,3000,3000,3000,3000,3000,3000,3000,3000,3000,3000,3000,3000,3000,3000,3000,3000,3000,3000,3000,3000,3000,3000,3000,3000,3000,3000,3000,3000,3000,3000,3000,3000,3000,3000,3000,3000,3000,3000,3000,3000,3000,3000,3000,3000,3000,3000,3000,3000,3000,3000,3000,3000,3000,3000,3000,3000,3000,3000
3000,3000,3000,3000,3000,3000,3000,3000,3000,3000,3000,3000,3000,3000,3000,3000,3000,3000,3000,3000,3000,3000,3000,3000,3000,3000,3000,3000,3000,3000,3000,3000,3000,3000,3000,3000,3000,3000,3000,3000,3000,3000,3000,3000,3000,3000,3000,3000,3000,3000,3000,3000,3000,3000,3000,3000,3000,3000,3000,3000,3000,3000,3000,3000,3000,3000,3000,3000,3000,3000,3000,3000,3000,3000,3000,3000,3000,3000,3000,3000,3000,3000,3000,3000,3000,3000,3000,3000,3000,3000,3000,3000,3000,3000,3000,3000,3000,3000,3000,3000,3000,3000,3000,3000,3000,3000,3000,3000,3000,3000,3000,3000,3000,3000,3000,3000,3000,3000,3000,3000,3000,3000,3000,3000,3000,3000,3000,3000,3000,3000,3000,3000,3000,3000,3000,3000,3000,3000,3000,3000,3000,3000,3000,3000,3000,3000,3000,3000,3000,3000,3000,3000,3000,3000,3000,3000,3000,3000,3000,3000
3000,3000,3000,3000,3000,3000,3000,3000,3000,3000,3000,3000,3000,3000,3000,3000,3000,3000,3000,3000,3000,3000,3000,3000,3000,3000,3000,3000,3000,3000,3000,3000,3000,3000,3000,3000,3000,3000,3000,3000,3000,3000,3000,3000,3000,3000,3000,3000,3000,3000,3000,3000,3000,3000,3000,3000,3000,3000,3000,3000,3000,3000,3000,3000,3000,3000,3000,3000,3000,3000,3000,3000,3000,3000,3000,3000,3000,3000,3000,3000,3000,3000,3000,3000,3000,3000,3000,3000,3000,3000,3000,3000,3000,3000,3000,3000,3000,3000,3000,3000,3000,3000,3000,3000,3000,3000,3000,3000,3000,3000,3000,3000,3000,3000,3000,3000,3000,3000,3000,3000,3000,3000,3000,3000,3000,3000,3000,3000,3000,3000,3000,3000,3000,3000,3000,3000,3000,3000,3000,3000,3000,3000,3000,3000,3000,3000,3000,3000,3000,3000,3000,3000,3000,3000,3000,3000,3000,3000,3000,3000
3000,3000,3000,3000,3000,3000,3000,3000,3000,3000,3000,3000,3000,3000,3000,3000,3000,3000,3000,3000,3000,3000,3000,3000,3000,3000,3000,3000,3000,3000,3000,3000,3000,3000,3000,3000,3000,3000,3000,3000,3000,3000,3000,3000,3000,3000,3000,3000,3000,3000,3000,3000,3000,3000,3000,3000,3000,3000,3000,3000,3000,3000,3000,3000,3000,3000,3000,3000,3000,3000,3000,3000,3000,3000,3000,3000,3000,3000,3000,3000,3000,3000,3000,3000,3000,3000,3000,3000,3000,3000,3000,3000,3000,3000,3000,3000,3000,3000,3000,3000,3000,3000,3000,3000,3000,3000,3000,3000,3000,3000,3000,3000,3000,3000,3000,3000,3000,3000,3000,3000,3000,3000,3000,3000,3000,3000,3000,3000,3000,3000,3000,3000,3000,3000,3000,3000,3000,3000,3000,3000,3000,3000,3000,3000,3000,3000,3000,3000,3000,3000,3000,3000,3000,3000,3000,3000,3000,3000,3000,3000
3000,3000,3000,3000,3000,3000,3000,3000,3000,3000,3000,3000,3000,3000,3000,3000,3000,3000,3000,3000,3000,3000,3000,3000,3000,3000,3000,3000,3000,3000,3000,3000,3000,3000,3000,3000,3000,3000,3000,3000,3000,3000,3000,3000,3000,3000,3000,3000,3000,3000,3000,3000,3000,3000,3000,3000,3000,3000,3000,3000,3000,3000,3000,3000,3000,3000,3000,3000,3000,3000,3000,3000,3000,3000,3000,3000,3000,3000,3000,3000,3000,3000,3000,3000,3000,3000,3000,3000,3000,3000,3000,3000,3000,3000,3000,3000,3000,3000,3000,3000,3000,3000,3000,3000,3000,3000,3000,3000,3000,3000,3000,3000,3000,3000,3000,3000,3000,3000,3000,3000,3000,3000,3000,3000,3000,3000,3000,3000,3000,3000,3000,3000,3000,3000,3000,3000,3000,3000,3000,3000,3000,3000,3000,3000,3000,3000,3000,3000,3000,3000,3000,3000,3000,3000,3000,3000,3000,3000,3000,3000
3000,3000,3000,3000,3000,3000,3000,3000,3000,3000,3000,3000,3000,3000,3000,3000,3000,3000,3000,3000,3000,3000,3000,3000,3000,3000,3000,3000,3000,3000,3000,3000,3000,3000,3000,3000,3000,3000,3000,3000,3000,3000,3000,3000,3000,3000,3000,3000,3000,3000,3000,3000,3000,3000,3000,3000,3000,3000,3000,3000,3000,3000,3000,3000,3000,3000,3000,3000,3000,3000,3000,3000,3000,3000,3000,3000,3000,3000,3000,3000,3000,3000,3000,3000,3000,3000,3000,3000,3000,3000,3000,3000,3000,3000,3000,3000,3000,3000,3000,3000,3000,3000,3000,3000,3000,3000,3000,3000,3000,3000,3000,3000,3000,3000,3000,3000,3000,3000,3000,3000,3000,3000,3000,3000,3000,3000,3000,3000,3000,3000,3000,3000,3000,3000,3000,3000,3000,3000,3000,3000,3000,3000,3000,3000,3000,3000,3000,3000,3000,3000,3000,3000,3000,3000,3000,3000,3000,3000,3000,3000
3000,3000,3000,3000,3000,3000,3000,3000,3000,3000,3000,3000,3000,3000,3000,3000,3000,3000,3000,3000,3000,3000,3000,3000,3000,3000,3000,3000,3000,3000,3000,3000,3000,3000,3000,3000,3000,3000,3000,3000,3000,3000,3000,3000,3000,3000,3000,3000,3000,3000,3000,3000,3000,3000,3000,3000,3000,3000,3000,3000,3000,3000,3000,3000,3000,3000,3000,3000,3000,3000,3000,3000,3000,3000,3000,3000,3000,3000,3000,3000,3000,3000,3000,3000,3000,3000,3000,3000,3000,3000,3000,3000,3000,3000,3000,3000,3000,3000,3000,3000,3000,3000,3000,3000,3000,3000,3000,3000,3000,3000,3000,3000,3000,3000,3000,3000,3000,3000,3000,3000,3000,3000,3000,3000,3000,3000,3000,3000,3000,3000,3000,3000,3000,3000,3000,3000,3000,3000,3000,3000,3000,3000,3000,3000,3000,3000,3000,3000,3000,3000,3000,3000,3000,3000,3000,3000,3000,3000,3000,3000
3000,3000,3000,3000,3000,3000,3000,3000,3000,3000,3000,3000,3000,3000,3000,3000,3000,3000,3000,3000,3000,3000,3000,3000,3000,3000,3000,3000,3000,3000,3000,3000,3000,3000,3000,3000,3000,3000,3000,3000,3000,3000,3000,3000,3000,3000,3000,3000,3000,3000,3000,3000,3000,3000,3000,3000,3000,3000,3000,3000,3000,3000,3000,3000,3000,3000,3000,3000,3000,3000,3000,3000,3000,3000,3000,3000,3000,3000,3000,3000,3000,3000,3000,3000,3000,3000,3000,3000,3000,3000,3000,3000,3000,3000,3000,3000,3000,3000,3000,3000,3000,3000,3000,3000,3000,3000,3000,3000,3000,3000,3000,3000,3000,3000,3000,3000,3000,3000,3000,3000,3000,3000,3000,3000,3000,3000,3000,3000,3000,3000,3000,3000,3000,3000,3000,3000,3000,3000,3000,3000,3000,3000,3000,3000,3000,3000,3000,3000,3000,3000,3000,3000,3000,3000,3000,3000,3000,3000,3000,3000
3000,3000,3000,3000,3000,3000,3000,3000,3000,3000,3000,3000,3000,3000,3000,3000,3000,3000,3000,3000,3000,3000,3000,3000,3000,3000,3000,3000,3000,3000,3000,3000,3000,3000,3000,3000,3000,3000,3000,3000,3000,3000,3000,3000,3000,3000,3000,3000,3000,3000,3000,3000,3000,3000,3000,3000,3000,3000,3000,3000,3000,3000,3000,3000,3000,3000,3000,3000,3000,3000,3000,3000,3000,3000,3000,3000,3000,3000,3000,3000,3000,3000,3000,3000,3000,3000,3000,3000,3000,3000,3000,3000,3000,3000,3000,3000,3000,3000,3000,3000,3000,3000,3000,3000,3000,3000,3000,3000,3000,3000,3000,3000,3000,3000,3000,3000,3000,3000,3000,3000,3000,3000,3000,3000,3000,3000,3000,3000,3000,3000,3000,3000,3000,3000,3000,3000,3000,3000,3000,3000,3000,3000,3000,3000,3000,3000,3000,3000,3000,3000,3000,3000,3000,3000,3000,3000,3000,3000,3000,3000
2997.13705769806,2996.9110875185,2996.97967397132,3003.15750316775,2986.94207221017,3005.9132706385,3003.9116700651,3003.92635529582,3003.63871769376,2999.48158474491,3006.9009913262,2987.75667616509,2986.96026249003,2989.477063989,2994.09407559089,2987.41135633249,2986.94951075639,2988.59781620184,2969.49505056208,2979.52709137222,2974.27399610902,2964.90541275877,2934.1941961303,2940.18593694433,2946.14785056249,2934.75679441885,2963.75647550269,2987.47678566501,2987.17368944035,2987.37262957383,2986.90002088216,2988.12163491073,2960.47279361509,2988.08800998528,3006.75333815393,2998.03806218448,3003.62919987189,3002.7336045131,3005.83395029239,2988.29255671608,2994.00799994326,2997.98951548841,3001.80656581065,2999.50585323776,3002.31892930555,3004.74827721789,2982.66849746933,2986.90415353482,3000.46464249892,2999.70881502519,2998.33034430865,2998.51267330359,3006.71470232728,2988.3907147776,2992.1813748205,2997.15414831641,2998.47309427781,2996.60707544648,2997.98523819574,3003.0808821924,2980.44635141968,2986.9982846151,3003.51468385103,2998.3106095727,2999.73470106607,2997.319290046,2997.98184173512,2984.62651140284,2987.21063147336,3005.32886360536,3001.24315360138,3004.21605131342,2998.98581813564,2999.13391861061,2962.12337588117,2987.6619225516,3004.18009335164,2999.70864579099,3005.83086532101,3001.2417532904,2993.84754842693,2975.46183973704,2987.66652491868,3006.90184626205,3005.33242324431,3004.29853130898,3005.43238006838,2994.77654736782,2960.85239739621,2988.69035380715,3006.8128507079,3006.80274096596,3005.82494960511,3004.22563190409,2994.86188100473,2973.96678280817,2986.91558522788,3006.91904730314,3006.76155623293,3006.89987795225,2966.55714755972,2978.09031142862,2949.56104237853,2988.57018904165,3006.91797555463,3004.31788441898,3005.930978514,3002.00534081392,2997.92771094407,2983.65128431746,2987.22436881317,2997.65772364583,2996.61218005096,2998.38071270653,2996.71542390999,3003.08418949972,2980.47617347355,2987.41331808242,2999.70417327776,2997.69598144062,2996.62584591459,2999.72196080526,2996.98498411781,2983.69832163289,2987.52631647175,2998.96703036305,3000.45994969634,2997.73195670996,2996.93154380532,3000.20051965651,2987.29085793156,2989.80023930345,2996.55143779304,2998.44936936433,3000.06836254265,2998.49583640224,3006.60345593773,2979.45962729495,2987.68490378011,2996.98544613324,3003.47205439445,3001.23283452307,3003.76402344695,3005.75147886452,2988.64355140196,2990.59076309036,3002.01077201841,3004.13125902029,3004.72223973454,3006.71852940946,2988.56420060034,2952.76240419342,2962.39252299455,2955.36944121932,2933.49606499046,2933.38503424936,2944.30282280744,2941.40780602638,2933.96457876694,2947.80666949022
2994.20084210578,2993.74333938715,2993.8823287339,3006.38966747613,2973.52777698034,3011.94814732289,3007.91747486916,3007.94757314535,3007.36430061317,2998.94780561397,3013.96242784029,2975.20153938974,2973.55662607093,2978.64108465959,2987.98819048603,2974.46336267321,2973.53490129836,2976.90156503553,2938.17096997648,2958.51481371739,2947.86217036415,2928.86361317779,2866.58470167931,2878.73521373622,2890.82526741399,2867.7255795518,2926.53368037628,2974.61830794628,2973.99917613634,2974.4045763028,2973.43458006809,2975.94115644903,2919.87469719455,2975.86318591816,3013.66628376621,2996.02676569365,3007.34502862214,3005.53132335026,3011.81376521155,2976.27983947917,2987.81357074939,2995.92841137142,3003.65428222288,2998.99695067698,3004.69164644399,3009.58239648945,2964.88512592935,2973.4480522347,3000.94845947167,2999.41797291092,2996.62619941358,2996.98699872456,3013.57640189464,2976.48629599746,2984.11452701896,2994.23832391868,2996.90691584156,2993.1321490206,2995.91974427995,3006.20013878562,2960.3790296244,2973.64144284158,3007.12289512529,2996.58628113434,2999.47040192225,2994.57768698614,2995.86429140337,2968.85547412293,2974.07387452601,3010.79287383282,3002.52477475955,3008.54221859934,2997.95386634324,2998.19918901096,2923.22191543008,2974.99590769757,3008.46943022902,2999.41770115106,3011.80754545353,3002.52195803594,2987.48821868928,2950.27089704834,2975.00530082283,3013.96160688138,3010.80013292136,3008.70915450424,3011.00233665476,2989.3706386116,2920.64433982991,2977.09113685365,3013.78389102406,3013.7662708176,3011.79560913257,3008.56168941824,2989.54290227666,2947.23922109281,2973.4743196328,3013.99902101379,3013.68542110563,3013.95459118861,2932.21317580977,2955.60130238159,2897.74682878657,2976.84947833013,3013.99125547646,3008.7485274986,3012.01025582451,3004.06795980784,2995.75440669912,2966.87805148521,2974.10487611512,2995.26385146119,2993.14413666812,2996.7198583281,2993.35079135819,3006.20688306031,2960.43950103797,2974.4654806912,2999.4088535478,2995.34124802351,2993.17198982041,2999.44461889376,2993.84427176672,2966.97340964533,2974.69427301891,2997.91587381486,3000.93909602614,2995.41403057403,2993.79179754376,3000.36070557857,2974.25735701695,2979.29421396214,2993.0214308626,2996.85887802675,3000.13548661907,2996.95295782131,3013.35180254084,2958.37773491708,2975.01543655656,2993.90090749996,3007.0266851428,3002.49276126225,3007.61817564029,3011.64680993247,2976.99718763452,2980.89440672394,3004.07885837622,3008.37045470915,3009.56600318849,3013.59319559194,2976.83305581399,2904.23884100916,2923.76772013407,2909.52562668366,2865.16898116013,2864.94382444428,2887.08376942156,2881.21301937325,2866.11906775778,2894.18916648945
2994.11227033709,2993.64778069067,2993.78889301923,3006.48724129676,2973.12340010527,3012.13055208421,3008.03838368861,3008.06894263068,3007.47675990433,2998.93172945904,3014.17563444821,2974.82279147539,2973.15266780831,2978.31474510145,2987.80459726863,2974.07323393913,2973.13061137692,2976.54877156551,2937.22653642731,2957.88115931342,2947.06578283912,2927.77699718299,2864.54669275709,2876.88281980501,2889.15756496841,2865.70499902798,2925.4114715239,2974.23060739657,2973.60200519557,2974.0136038068,2973.02875771324,2975.57370585059,2918.65076342715,2975.49451732673,3013.87497539648,2995.96608399483,3007.45719358804,3005.61578833088,3011.9941898663,2975.91754092376,2987.62730979727,2995.86622743543,3003.71008085476,2998.98162508912,3004.7632876497,3009.72865227041,2964.34878619204,2973.04244968004,3000.96296553415,2999.40910493862,2996.57469332551,2996.94097974181,3013.78368876086,2976.12717168707,2983.87177241963,2994.15033249638,2996.85967397849,2993.02726818216,2995.85742796128,3006.29472343848,2959.77385375273,2973.23880146548,3007.23169444732,2996.53416552079,2999.46233469399,2994.49489208227,2995.80099448024,2968.37978593381,2973.67784410866,3010.9577122757,3002.56335448098,3008.67269180188,2997.92263783773,2998.17155693584,2922.04911491879,2974.6139814295,3008.59879185101,2999.4088292236,3011.98787519279,3002.56049479127,2987.29698762371,2949.51130577635,2974.62351821223,3014.17479392619,3010.96508236787,3008.84217698263,3011.17037366382,2989.20815992112,2919.43216295793,2976.74124461057,3013.99437080204,3013.976489343,3011.97575669387,3008.69246018003,2989.38305298872,2946.43331731541,2973.06912682758,3014.21278656957,3013.89441187875,3014.16766274703,2931.17772890459,2954.92314055332,2896.184862339,2976.495899991,3014.20488703256,3008.88215180089,3012.19368138685,3004.13010700509,2995.68943082945,2966.37215617297,2973.70932792931,2995.19153824166,2993.03944345388,2996.66975968861,2993.24924761312,3006.30157084377,2959.83524893528,2974.07537919966,2999.39984707209,2995.27011662791,2993.06772248565,2999.43615794067,2993.75012047819,2966.46897097773,2974.30766565559,2997.88406521715,3000.95345947021,2995.34401055761,2993.69699828188,3000.36608960086,2973.86418668813,2978.97784567917,2992.9148644538,2996.81090252483,3000.13754771239,2996.90641910022,3013.55566109153,2957.7419857128,2974.63373419969,2993.80777449324,3007.13398789703,3002.53082145938,3007.73451257401,3011.82468491441,2976.64586283354,2980.60247553266,3004.14117174661,3008.49830450016,3009.71210861193,3013.80076383205,2976.47921483876,2902.77604867751,2922.60325752541,2908.1435970283,2863.10934526151,2862.88074898168,2885.35891066723,2879.39847718518,2864.07394567229,2892.57285206093
2994.09903054723,2993.63349589278,2993.7749254021,3006.50184329499,2973.06301320196,3012.15789823806,3008.05647336147,3008.08710021597,3007.49358729816,2998.92933202719,3014.20754835543,2974.76617174027,2973.09236502667,2978.26608136784,2987.77728508771,2974.0150172588,2973.07025887346,2976.49604171575,2937.08546508262,2957.78648153808,2946.94681191705,2927.61470087684,2864.24237121547,2876.60620730567,2888.9085235743,2865.40327924438,2925.24386191197,2974.17269329677,2973.54268941529,2973.95520803305,2972.96817634191,2975.51877388162,2918.46796829852,2975.43942985796,3013.90620647577,2995.95701093584,3007.47397696632,3005.62842999302,3012.02116920007,2975.86339938945,2987.59959955612,2995.85692987032,3003.71843538977,2998.97933988788,3004.77401162996,3009.75061086613,2964.26863597339,2972.98188742032,3000.96511429176,2999.40775834219,2996.56697193676,2996.93410154069,3013.81474116724,2976.07348408859,2983.83561487838,2994.13717174276,2996.85261274261,2993.01157746842,2995.84811061566,3006.30897109998,2959.68342713182,2973.17867451867,3007.24794824174,2996.52635286796,2999.46110780858,2994.4824950331,2995.79166142756,2968.30869062801,2973.61869916829,3010.98235581612,3002.56910349396,3008.69218909785,2997.9179477136,2998.16755170821,2921.87395297311,2974.55692350255,3008.61812285797,2999.40748184454,3012.01484025999,3002.56623732845,2987.26853536817,2949.3978280841,2974.56648156911,3014.20671178709,3010.98974236998,3008.86205571061,3011.19549592021,2989.18400385792,2919.25112332199,2976.68894270463,3014.02587709948,3014.00794888754,3012.00269440361,3008.71200178183,2989.35929155429,2946.31292567328,2973.00861743418,3014.24478397737,3013.92568096287,3014.19957150541,2931.02307111132,2954.82181833232,2895.95160538538,2976.44304237834,3014.23687948402,3008.90212002809,3012.22110943147,3004.13938078296,2995.67984744679,2966.29655089095,2973.6502465178,2995.18070629205,2993.02377634659,2996.66227123051,2993.23405796114,3006.31583380005,2959.74496022764,2974.01717159152,2999.39847900972,2995.25946160299,2993.05211857669,2999.43487213742,2993.73617741805,2966.39358322163,2974.24998061297,2997.87928820822,3000.95558652577,2995.33352190174,2993.68280808489,3000.36701691194,2973.80541275818,2978.93067648259,2992.89891644154,2996.80373157215,3000.13786385767,2996.8994630362,3013.58619903458,2957.64699594716,2974.57678255035,2993.7938335697,3007.15004454984,3002.53652275137,3007.75191944925,3011.8512828558,2976.59334448802,2980.55896214457,3004.1504706413,3008.51740967083,3009.73394679627,3013.83183393692,2976.42632953232,2902.55759654817,2922.4293402612,2907.93720124476,2862.80179518483,2862.57268543895,2885.10133686933,2879.12751526771,2863.76856225609,2892.33148194053
2994.09693180976,2993.63123150332,2993.77271129132,3006.50415796623,2973.05344082522,3012.16223308009,3008.05934088993,3008.08997850974,3007.49625473339,2998.92895199246,3014.21260726599,2974.75719652536,2973.08280598468,2978.25836731784,2987.77295563097,2974.00578890023,2973.0606919497,2976.48768311546,2937.06310281557,2957.77147346042,2946.9279529522,2927.58897408343,2864.1941309467,2876.56235940307,2888.86904617245,2865.3554513996,2925.21729286699,2974.1635129025,2973.53328683023,2973.94595128505,2972.9585731386,2975.51006620706,2918.43899208445,2975.43069753398,3013.9111571462,2995.95557269784,3007.47663742432,3005.63043391682,3012.02544589474,2975.85481701255,2987.59520699989,2995.85545604419,3003.71975972919,2998.97897764366,3004.77571156775,3009.75409168629,2964.25593076669,2972.97228724653,3000.96545490729,2999.40754488319,2996.56574796205,2996.93301122593,3013.81966351491,2976.06497366844,2983.82988327785,2994.13508553392,2996.85149341364,2993.0090902168,2995.84663365398,3006.31122960267,2959.66909293624,2973.16914334956,3007.25052475147,2996.52511442632,2999.46091332586,2994.48052988473,2995.79018197603,2968.29742078282,2973.60932366432,3010.98626224682,3002.57001481273,3008.69527975911,2997.91720424718,2998.16691680982,2921.84618675158,2974.5478788266,3008.62118715952,2999.40726826148,3012.01911469315,3002.56714762069,2987.26402518974,2949.37983989193,2974.55744026701,3014.21177132438,3010.99365141015,3008.86520683548,3011.19947823574,2989.18017470085,2919.22242538411,2976.6806519409,3014.03087139679,3014.0129357737,3012.00696450014,3008.71509946633,2989.35552495276,2946.29384149954,2972.99902564062,3014.24985612423,3013.93063765773,3014.20462959979,2930.99855515535,2954.80575699421,2895.91463009249,2976.43466352542,3014.24195084521,3008.90528534015,3012.22545725462,3004.1408508384,2995.67832831359,2966.28456613593,2973.64088108427,2995.17898923924,2993.021292837,2996.66108417937,2993.23165013654,3006.31809472722,2959.73064789372,2974.00794467105,2999.39826214799,2995.25777259583,2993.04964508514,2999.4346683152,2993.73396719998,2966.38163294826,2974.24083652824,2997.87853096905,3000.95592370115,2995.33185926697,2993.68055869133,3000.3671639069,2973.79609606584,2978.92319934275,2992.89638840362,2996.80259485116,3000.13791397221,2996.89836037881,3013.59103983084,2957.63193841361,2974.56775472124,2993.79162369033,3007.15258980919,3002.53742650553,3007.75467874238,3011.85549909312,2976.58501941484,2980.55206451411,3004.1519446782,3008.52043817339,3009.73740852914,3013.83675909011,2976.41794628945,2902.52296807797,2922.40177134338,2907.90448391551,2862.75304313697,2862.52385199777,2885.06050693276,2879.08456308083,2863.72015366169,2892.29322056928
2991.29263419576,2990.60744939074,2990.81662354829,3009.54525937646,2960.07662180747,3017.70447362922,3011.84060899648,3011.88859200808,3011.0077740793,2998.40352548922,3020.83633853372,2962.77764365613,2960.05657183437,2967.58340609988,2981.57771839875,2961.36259269391,2960.0243791397,2965.300215305,2906.86027736147,2937.58859645639,2921.49864578961,2892.80127900039,2798.73187498823,2817.08412239276,2835.34527015371,2800.45505078183,2889.28189260946,2961.77283009217,2960.80214722297,2961.43009347572,2959.87315461502,2963.89101033882,2879.22346323508,2963.6957763621,3020.41498602917,2994.04100126219,3010.97889485861,3008.25886079478,3017.71099935448,2964.33980265739,2981.31342518727,2993.89317696204,3005.44654761491,2998.47721292689,3007.00036594913,3014.10519518545,2947.20979637285,2959.93380271861,3001.48185707343,2999.18790708876,2994.99963126787,2995.47377389087,3020.18794667649,2964.71026477926,2975.76692463672,2991.37159677738,2995.35422897727,2989.72632339062,2993.88013935542,3008.98879005309,2940.4048767461,2960.24572410819,3010.72333339259,2994.94014055814,2999.26658457843,2991.91962484742,2993.41206047156,2953.20456103158,2960.91326691633,3016.19564333666,3003.84367512327,3012.84364304326,2996.99266415083,2996.92785512994,2884.2794550162,2962.3602975716,3012.73473106906,2999.18806240686,3017.70189141896,3003.83960232362,2980.82219841358,2925.13622330771,2962.37496067729,3020.81487930501,3016.20692875502,3013.09322486006,3016.50840995405,2983.65374936023,2880.3847735318,2965.60172574913,3020.56826808774,3020.56445829286,3017.6843377211,3012.87338902664,2983.9077457935,2920.5580663851,2959.99789736791,3020.89143421381,3020.4634570583,3020.78034727468,2897.8608683426,2933.18880727515,2845.79989008956,2965.25272520905,3020.83544511676,3013.15370287141,3018.00563910084,3006.1552356827,2993.24518605245,2950.21957047735,2960.98497629311,2992.95493435802,2989.7573871738,2995.07391898987,2990.04805128156,3008.99927319007,2940.49618128122,2961.35106912026,2999.17645778483,2993.07036616014,2989.80056947157,2999.22805833554,2990.37275104891,2950.36338063229,2961.69383410213,2996.9361250753,3001.46892597004,2993.17894501948,2990.73586743469,3000.1814043254,2961.35502505278,2968.55224730462,2989.57578828694,2995.28225303395,3000.17974231153,2995.42316773312,3019.85658118231,2937.37941449747,2962.17550423425,2990.89910628016,3010.50066253167,3003.70749411878,3011.38941285345,3017.46109650102,2965.46742852455,2970.94630729729,3006.17078453941,3012.58566814376,3014.36858480242,3020.28480354526,2965.1940397002,2855.6058411236,2885.10390278799,2863.59133474322,2796.59358435881,2796.2535051134,2829.69400494906,2820.82666830025,2798.02859134812,2840.42628251732
2991.09665712714,2990.39602904684,2990.60990507818,3009.76070187294,2959.18025145597,3018.10588148321,3012.10769603966,3012.1567242642,3011.25614448355,2998.36780043546,3021.30689768884,2961.93972617904,2959.16053913746,2966.85811760229,2981.16790172892,2960.49664482163,2959.12761656668,2964.51944687635,2904.76776464703,2936.18541794021,2919.73451448386,2890.39338701498,2794.21371045252,2812.9776631247,2831.64846977927,2795.97554333063,2886.79505134251,2960.9139044519,2959.92188562567,2960.56372552051,2958.9729958124,2963.07811608417,2876.51098403195,2962.87946104192,3020.87577164165,2993.9067975803,3011.2266145618,3008.44532044469,3018.10996072973,2963.5377530654,2980.89768624996,2993.75564801505,3005.56963518781,2998.44314764556,3007.15847233744,3014.42618070989,2946.02246226996,2959.03450569452,3001.514490303,2999.16885976202,2994.88627415716,2995.37192980464,3020.64476874874,2963.91580037714,2975.22625611172,2991.17711449899,2995.24968559132,2989.4946162237,2993.7423172701,3009.1950933348,2939.06487045016,2959.35317924244,3010.96433056972,2994.8254389336,2999.24930859815,2991.73699803857,2993.26849443088,2952.15173633591,2960.03551923144,3016.56028064254,3003.92952816252,3013.132496437,2996.92416984588,2996.86329506854,2881.68039545317,2961.51433878954,3013.02112845854,2999.16901156269,3018.10064492615,3003.92536174815,2980.3954372088,2923.45370287058,2961.52932495334,3021.28520730012,3016.57181525685,3013.38770892939,3016.88010836604,2983.29065426096,2877.69836100989,2964.82753339947,3021.03279376135,3021.02861626567,3018.08269155796,3013.16290555559,2983.55042536444,2918.77283051427,2959.0997359745,3021.36323152423,3020.92508788769,3021.25019683519,2895.56647600248,2931.68691609245,2842.33762067171,2964.47050550746,3021.30653418368,3013.44953119287,3018.41123678471,3006.29318376827,2993.09788761563,2949.09976060577,2960.10852931948,2992.79554654519,2989.52621651915,2994.96305974926,2989.82366693823,3009.20580797541,2939.15822366276,2960.48504495018,2999.15712484094,2992.9135860644,2989.57035377809,2999.20991291933,2990.16085724226,2949.24679964549,2960.83553407101,2996.86635194032,3001.50125411615,2993.02461746836,2990.52664447306,3000.18997172569,2960.48515014634,2967.84891178,2989.34049748176,2995.17608778656,3000.18408269364,2995.32017835426,3020.30587214138,2935.97156974309,2961.32805206128,2990.69356466858,3010.73762166763,3003.79137903121,3011.64636723644,3017.85442360838,2964.69012930527,2970.29696219273,3006.30909273279,3012.86871619837,3014.69191275299,3020.74291363372,2964.41092277979,2852.36354918198,2882.52333774616,2860.52818192449,2792.02745013233,2791.67974172216,2825.87042776355,2816.80416690398,2793.49464951822,2836.84346524071
2990.94684885171,2990.23443243079,2990.45190728708,3009.92492288099,2958.49336772592,3018.41046821063,3012.31140810528,3012.36126203988,3011.44552767245,2998.34033241887,3021.66537415782,2961.29932462781,2958.47330649477,2966.30037573595,2980.85092633515,2959.83187851089,2958.4398300826,2963.92244374734,2903.16529757393,2935.11163609066,2918.38390269904,2888.54903277595,2790.75087836238,2809.83058410059,2828.81557645239,2792.54235872773,2884.89014553777,2960.25620727351,2959.24748550355,2959.90013027355,2958.28260750741,2962.4568699365,2874.43302145692,2962.25485107654,3021.22700029169,2993.80427477033,3011.41550089377,3008.5874094037,3018.4146727434,2962.92422457666,2980.57616361965,2993.65058191222,3005.66333930759,2998.41694739831,3007.27890931725,3014.66883971895,2945.11421452257,2958.34516335086,3001.53998889683,2999.15489171816,2994.80024799581,2995.29405696531,3020.99208548549,2963.30864936631,2974.80930766305,2991.02866617554,2995.1697560521,2989.31786231367,2993.63702685669,3009.34972337425,2938.03954314464,2958.66920478154,3011.14882484196,2994.73838927568,2999.23669417994,2991.59798080317,2993.15512675317,2951.34662925441,2959.36303083368,3016.83892239108,3003.99566098973,3013.35346948437,2996.87243333655,2996.81041646825,2879.68942196716,2960.86675013666,3013.24022772365,2999.15504622594,3018.40520025423,3003.99142451349,2980.06546296304,2922.16567609669,2960.88198861084,3021.64331330437,3016.85065119256,3013.61297590926,3017.1641310856,2983.00939653065,2875.64037887458,2964.23571873926,3021.38665813949,3021.3824165112,3018.38694490164,3013.3843904077,2983.27353729461,2917.40603594484,2958.41149790449,3021.7226559114,3021.27715170372,3021.60770722451,2893.8091727528,2930.5374352827,2839.68460060457,2963.87268723093,3021.66499252186,3013.67583876746,3018.72101798435,3006.39908612823,2992.98164878348,2948.24329643566,2959.43727623656,2992.67434188872,2989.34999786565,2994.87830757433,2989.65244787651,3009.36061839715,2938.13446726302,2959.82007946048,2999.14295995358,2992.79436733772,2989.3948781508,2999.19663567744,2989.99519853929,2948.39280973641,2960.17646572781,2996.81364272039,3001.52653030326,2992.9072667728,2990.36726072565,3000.19307020907,2959.82027245051,2967.3078378694,2989.16115462445,2995.09491992691,3000.18717364781,2995.24143487882,3020.64748817611,2934.89418875515,2960.67727070953,2990.53698937216,3010.91828010513,3003.85516343537,3011.84231646228,3018.15483614853,2964.09600451156,2969.79707700655,3006.41526255661,3013.08525084145,3014.93912131356,3021.09190124656,2963.8120927168,2849.87924194056,2880.54654900697,2858.18126627159,2788.52782844493,2788.17426892221,2822.94030359846,2813.72147892535,2790.01971733243,2834.09799147442
2988.19783103667,2987.27208680059,2987.55642826746,3012.85604295269,2945.59163047168,3023.59915397626,3015.96942384176,3016.039121613,3014.83684453556,2997.80835034075,3028.02484057383,2949.56785295023,2945.45786489488,2955.47893079876,2974.37894332219,2947.134772981,2945.41494936467,2952.93700642493,2873.24341537279,2915.19998698636,2893.23120983579,2854.04603961514,2725.60335218065,2750.66065465534,2775.59394400343,2727.95606736308,2849.2404350734,2947.98951890467,2946.60480973293,2947.48828276782,2945.20898300309,2951.08177453086,2835.50602385647,2950.68625106887,3027.49295754133,2991.93453126571,3014.7977975374,3011.11646894069,3023.95849024637,2951.59011608494,2974.01718306071,2991.73392656554,3007.31478093923,2997.90805307673,3009.41450937428,3018.64142292559,2928.33548598945,2945.3591778926,3002.10479711253,2999.00245693424,2993.33173520939,2993.86143564709,3027.03029094818,2952.19350607893,2966.51224904301,2988.34307020278,2993.7005740557,2986.13922944005,2991.71621510992,3011.64278140288,2919.04615054121,2945.8181956984,3014.58109767441,2993.25184741985,2999.10901971468,2989.15017839969,2990.43334827102,2936.51708310451,2946.75367200884,3021.93404378118,3005.29753347982,3017.43678160756,2996.03228049358,2995.21540479129,2842.40979280567,2948.82024174793,3017.2898017985,2999.00360703725,3023.94653269388,3005.29227488943,2973.34681144692,2898.19683588973,2948.84105702141,3027.96172224693,3021.94998873857,3017.77327523378,3022.35505340851,2977.19328415068,2837.08969580807,2953.37393548752,3027.66152151965,3027.69444395201,3023.92336056725,3017.47795538856,2977.52971354942,2891.94751983505,2945.48752104506,3028.09977116715,3027.59186141355,3027.87453880323,2860.95482218508,2909.19400569648,2789.86858431079,2952.92404027593,3027.94929647505,3017.85751239441,3024.35718353973,3008.42129398639,2990.20399853223,2932.44433600393,2946.89318522909,2990.56183326578,2986.20317378285,2993.32157121338,2986.56432381505,3011.65759028576,2919.17076169991,2947.09441516581,2998.9906866752,2990.71698679016,2986.26397798483,2999.05711516771,2986.30334054682,2932.64032569078,2947.55770985684,2995.9564942619,3002.08915482748,2990.86297768837,2987.53946164704,2999.63879269545,2947.63123247588,2956.77219111161,2985.96145449627,2993.60327301636,3000.20399286918,2993.79369078126,3026.59103556097,2914.91080868703,2948.20963010333,2987.75973001696,3014.14919904276,3004.96596816172,3015.35486481572,3023.62108643896,2953.20321860307,2960.00258761014,3008.44100311415,3017.08700926174,3019.48304302887,3027.28211611848,2952.78753141684,2803.25778024284,2843.53555989126,2814.16128522327,2722.68387569606,2722.21954663039,2767.87784842868,2755.77062902894,2724.64314566075,2782.53157356577
2985.32748549487,2984.18005885641,2984.53451295646,3015.88848147616,2932.01869502893,3028.87722596337,3019.76149556302,3019.85348060356,3018.34921876214,2997.24355367131,3034.58771330013,2937.32463816987,2931.7293874706,2943.97840017774,2967.39565830162,2933.70637814781,2931.67686628837,2941.45605677419,2841.8223155593,2894.33695010856,2866.84045001847,2817.79278049459,2657.02929307146,2688.39083424108,2719.59759392457,2659.97390118094,2811.77765450172,2935.11368894553,2933.31261964337,2934.4482440423,2931.41966815012,2939.21241167099,2794.58646079305,2938.57035392387,3033.97177981187,2989.98638580726,3018.30078674093,3013.73051347194,3029.72857931896,2939.72967359707,2966.94185079557,2989.7367235707,3009.0160239779,2997.36730119692,3011.61907294338,3022.62248718865,2910.77644924489,2931.68485693713,3002.72665379962,2998.87794665292,2991.83545924882,2992.36453462554,3033.21774105367,2940.5960914354,2957.62683182344,2985.55220995609,2992.16590038148,2982.84250008107,2989.71465910813,3013.84836276248,2899.15189496887,2932.29730728661,3018.17924178728,2991.73700096442,2999.01032983512,2986.62928294884,2987.37008273793,2921.01275396642,2933.49565887811,3027.24590714042,3006.68589366101,3021.7082899294,2995.19165901114,2993.33425342167,2803.22782215884,2936.18616418497,3021.52631072746,2998.88045076713,3029.71415972978,3006.67965647824,2966.10320759042,2873.05433466625,2936.21312667998,3034.46995849258,3027.26647728879,3022.12455485538,3027.76594176824,2970.89488362443,2796.56639241884,2942.03170221795,3034.13610416943,3034.22097750565,3029.68606899335,3021.76045977883,2971.30406709419,2865.23438251185,2931.89226502451,3034.68115620319,3034.133065861,3034.31495986887,2826.44054223,2886.82130260748,2737.46408814567,2941.4989252273,3034.40798500405,3022.23186196981,3030.22344707806,3010.55840356626,2987.08130806325,2915.91847781148,2933.71792965102,2988.39378547753,2982.94703089511,2991.6958059522,2983.358370325,3013.8674651884,2899.30780032728,2933.62764914068,2998.86760843173,2988.58517097889,2983.02522769508,2998.94616622262,2982.22369119121,2916.16336912877,2934.20210763395,2995.09841578222,3002.70936678443,2988.7653108309,2984.61976137571,2998.84882501645,2934.90728782249,2945.5631383795,2982.65160420525,2992.04523257027,3000.20812923058,2992.2812887064,3032.68308341963,2893.97092815355,2935.01146496684,2984.89245880196,3017.49401713699,3006.10559987237,3018.99405581204,3029.31065462411,2941.83243527724,2949.56226384875,3010.58133579548,3021.2733481821,3024.22827046565,3033.6699684169,2941.26381649711,2754.22262475974,2804.63695090841,2767.86994320592,2653.3753505312,2652.79419873428,2709.94004168546,2694.78653156848,2655.82753361236,2728.28097748164
2979.91245471169,2978.3493299878,2978.83675379558,3021.54271287934,2906.171143012,3038.50327514637,3026.85037292324,3026.9881282907,3024.90751534698,2996.15586072993,3046.7856034499,2914.24166005785,2905.50099496252,2921.80388049345,2953.68576491265,2907.96742665851,2905.43094578975,2919.77144683264,2782.12117178559,2854.80573417918,2816.74952254595,2748.85957084953,2526.3528807527,2569.75677641101,2612.94742748131,2530.42809857475,2740.53368319249,2910.66204376431,2908.01904130741,2909.65679696942,2905.07629697259,2916.83886241606,2716.73838425673,2915.62603879517,3046.0433529423,2986.32089322159,3024.84145713697,3018.59877606637,3040.57056710643,2917.29248613119,2953.05543306988,2985.97850264721,3012.17067228956,2996.32482285089,3015.71802071908,3029.73702041807,2877.55624566079,2905.6141812561,3003.97615027578,2998.72538872786,2989.10067685326,2989.53805722315,3044.61246826021,2918.7368200206,2940.33675726123,2980.31861558222,2989.26911691167,2976.67576493471,2985.94819475057,3017.56153102003,2861.47205848901,2906.54576083919,3025.00157822111,2988.9677884676,2998.90640598216,2981.95648588261,2981.06571906836,2891.71512217554,2908.26510817384,3037.24781402597,3009.37410534109,3029.78575213118,2993.69276785363,2989.27334482341,2728.69937333458,2912.2187405399,3029.53828510137,2998.73119453472,3040.55181789006,3009.36623254022,2951.89564892496,2825.34715799355,2912.25806989899,3046.53684250608,3037.27763913737,3030.35105164059,3037.95227958851,2958.47721988326,2719.47379567385,2920.63159935984,3046.16753984341,3046.38162959255,3040.51495869444,3029.85935698379,2959.01718945521,2814.52802089407,2906.00474180139,3046.91417151335,3046.34957214385,3046.22076630581,2760.82970955263,2844.40715850874,2637.67540813209,2919.96102971955,3046.34831083823,3030.50366934309,3041.24628159708,3014.6511549551,2980.66225524486,2884.67154537255,2908.67818533412,2984.39320278831,2976.87438124802,2988.62795023005,2977.35403403009,3017.5892246742,2861.68770642117,2907.79600804627,2998.72075365168,2984.65188126483,2976.98720951979,2998.81937569198,2973.99358193063,2885.00957910754,2908.57908383328,2993.56727695211,3003.95726981356,2984.89548758587,2979.18975764674,2996.85721340166,2910.91035532703,2923.9220477848,2976.48120151465,2989.10457938354,3000.18404364037,2989.42625462816,3043.90597948982,2854.29012150273,2909.68462931407,2979.5605546569,3023.73602253501,3008.20759616735,3025.79215640765,3040.00185036549,2920.38754859413,2929.35922161647,3014.67906215373,3029.19009429636,3033.18229204905,3045.54171072105,2919.49398262675,2660.8705776975,2730.64987749049,2679.75954148465,2521.29599964198,2520.49169250212,2599.5812037177,2578.60852593712,2524.68972711706,2624.96576375912
2979.51017350739,2977.91599205974,2978.41324570848,3021.96746251842,2904.26794294752,3039.24154440608,3027.38158479087,3027.52247566244,3025.39951999424,2996.0766329159,3047.70452024251,2912.52576323139,2903.57564948238,2920.19016819334,2952.70487974527,2906.08382947557,2903.50425652844,2918.16226356345,2777.71570174703,2851.88098787263,2813.04953632622,2743.77641114337,2516.73692604425,2561.02494779952,2605.09541171798,2520.89515264061,2735.28089449437,2908.85685661303,2906.15528171297,2907.82847888019,2903.1424247952,2915.17538271174,2711.00079901915,2913.92763742215,3046.95062004101,2986.04790755958,3025.33214677494,3018.9649017565,3041.37894173099,2915.6299818592,2952.06163667596,2985.6986413381,3012.40890354411,2996.24896425079,3016.02677124867,3030.29326502486,2875.0948724773,2903.69664637604,3004.0635307247,2998.70819813005,2988.89127254497,2989.32826850733,3045.47839243319,2917.11146405554,2939.08933612632,2979.92760325771,2989.05403787994,2976.21393038094,2985.66772328323,3017.86874755666,2858.68318236541,2904.64984602178,3025.50588606829,2988.7557836225,2998.89283345507,2981.60347749407,2980.63423573525,2889.54190797377,2906.40613242072,3037.99207000863,3009.56887312645,3030.38436493277,2993.5752404976,2989.00757926878,2723.20547666202,2910.44754346081,3030.13199524315,2998.71419598673,3041.35984862766,3009.5608638887,2950.87825576704,2821.82223106847,2910.4877373657,3047.44799059584,3038.02254537109,3030.96083911682,3038.71040490724,2957.59231681141,2713.79177916503,2919.04193723447,3047.0740855881,3047.29557923571,3041.32230216088,3030.45951330787,2958.14245626531,2810.78282349184,2904.0984222209,3047.83568343449,3047.26569057697,3047.12227789722,2755.99043388853,2841.27069002534,2630.32712709924,2918.35981307161,3047.2523826833,3031.1166951841,3042.06813157441,3014.9508197105,2980.22243362213,2882.35507101258,2906.83094488031,2984.08966311023,2976.41829288469,2988.40010795813,2976.90489117225,3017.89704488347,2858.90321910497,2905.9069522895,2998.70377353825,2984.35341562866,2976.53356463664,2998.80408614918,2973.41962690762,2882.69996225145,2906.7056024227,2993.44730541374,3004.04442467541,2984.6018044593,2978.78084482123,2996.74441194916,2909.12705088678,2922.34911786609,2976.01759841108,2988.88622638268,3000.18451483212,2989.21429589724,3044.75856649553,2851.35458747597,2907.83320819863,2979.15898663409,3024.20454482228,3008.36714462194,3026.301935388,3040.79894524729,2918.79391527682,2927.89397425899,3014.97917468006,3029.77677176096,3033.8472240569,3046.43611621226,2917.87878822563,2653.99482678554,2725.19572119509,2673.26859413039,2511.57704133918,2510.75635061185,2591.45691143862,2570.05701150433,2515.0398963849,2617.35857928636
2976.84868209755,2975.05368923831,2975.61727708338,3024.65787268484,2891.23997593788,3043.51961584242,3030.77883190206,3030.94706636908,3028.5322943247,2995.51315677598,3053.44526009979,2901.19648282819,2890.2430775881,2908.64822120672,2945.24395811202,2892.88853362549,2890.1638729681,2907.46914449754,2747.79735824926,2832.2146966877,2788.01629008051,2709.16468901573,2450.74757051684,2501.15432334046,2551.31425736677,2455.48022684743,2699.49459476364,2896.62312945587,2893.43214318925,2895.38752153709,2889.75309335059,2904.20063676179,2671.85751728993,2902.53313072156,3052.67273066615,2984.25997242673,3028.45636381061,3021.2735643426,3046.64173561123,2904.51831386521,2944.51012882122,2983.86491786935,3013.88675429798,2995.70750819125,3017.96166980046,3033.25050620155,2858.63544622038,2890.51625032689,3004.77599288929,2998.74011676582,2987.66263972697,2987.93640088442,3050.69680625815,2906.39143254817,2929.88078946188,2977.39781045283,2987.62888337082,2973.25352359136,2983.82990850263,3019.08526475845,2839.95877331012,2891.66610253051,3028.89894918701,2987.51102527731,2998.9485312351,2979.41650677358,2976.82509227327,2875.07299089676,2893.71200634453,3042.87502663522,3010.97808034651,3034.37348598437,2992.9521393014,2986.3185090199,2685.74960885974,2898.48944648726,3034.08967645586,2998.74870369673,3046.62093346378,3010.96954335201,2943.16401924645,2797.99940640185,2898.53675073016,3053.08677221967,3042.9107581314,3035.02127727848,3043.68082606892,2950.76643512476,2675.0305272775,2908.51871871795,3052.73329520214,3053.06019185741,3046.57976641016,3034.46007948992,2951.37210851209,2785.43728727846,2891.05369581277,3053.59394711731,3053.09567128656,3052.63731343265,2723.0676891743,2820.14039845408,2580.03277141243,2907.79313513318,3052.78445161721,3035.20169484719,3047.41894954977,3017.039091468,2976.35347352073,2866.8980753788,2894.27716036616,2982.241380806,2973.52702715647,2986.89192717622,2974.01265695266,3019.11844381156,2840.20912660624,2892.63880209672,2998.74241044329,2982.53680031093,2973.66169172255,2998.84889891765,2968.6532879537,2867.2899602662,2893.53845706955,2992.80925971497,3004.75807269492,2982.81511384985,2976.21561934304,2995.08634058167,2897.33882123854,2911.04705890139,2973.08298396763,2987.43979891599,3000.13081744513,2987.80930132715,3049.90354407707,2831.60857856588,2894.81045655616,2976.64089100459,3027.18169101206,3009.33683913846,3029.55324962581,3045.98917221735,2908.26055356346,2917.28194141605,3017.06843026798,3033.68692350178,3038.24387612134,3052.02208572399,2907.13770027862,2606.97168772211,2688.01508291463,2628.90934271803,2444.87490581641,2443.94082880887,2535.79123300995,2511.43440220958,2448.81613472335,2565.27222709255
2976.70120526498,2974.89492282828,2975.46214100542,3024.81108944833,2890.53317773989,3043.77772414155,3030.97113282737,3031.14065533271,3028.71011428758,2995.48328653653,3053.77515954535,2900.56794029096,2889.52487289523,2908.03863389643,2944.86418580369,2892.18274673984,2889.44519802907,2906.87825233435,2746.16630345939,2831.13594929424,2786.64839179057,2707.280829036,2447.17308505213,2497.90956553577,2548.39763062396,2451.93669790931,2697.54746012594,2895.95529817897,2892.74071794875,2894.71008237889,2889.03175529496,2903.59146905673,2669.72954406663,2901.90721289442,3052.99957374398,2984.16026822546,3028.63370466119,3021.40541604886,3046.93637384047,2903.90650128682,2944.12551550742,2983.76268658766,3013.97203777146,2995.67886752811,3018.07260834711,3033.43945619534,2857.72950533962,2889.80299894691,3004.81085627604,2998.73687498932,2987.58915536381,2987.85940477273,3051.0037074912,2905.7962904081,2929.40362508708,2977.25565135012,2987.54998357163,2973.08619400304,2983.72745238244,3019.18097748159,2838.93072932432,2890.96189268044,3029.08505725294,2987.43661012866,2998.94661273627,2979.29019734394,2976.64709883253,2874.27443429499,2893.02228017695,3043.14707913952,3011.05203107391,3034.5935903137,2992.91229319349,2986.20176486173,2683.71253604151,2897.83513302708,3034.3080039971,2998.74556006276,3046.91545743406,3011.04345191486,2942.77061722356,2796.69677104244,2897.88278315207,3053.41277245873,3043.18306889345,3035.24542367808,3043.95787360289,2950.42185308937,2672.92322424711,2907.93583539047,3053.05866484628,3053.38944946156,3046.87405766783,3034.68077547328,2951.03101088592,2784.05254101243,2890.34583455301,3053.92480539723,3053.42678455296,3052.95853367207,2721.27480660208,2818.98271953764,2577.30402114909,2907.2067075989,3053.10661250002,3035.427094597,3047.71850496173,3017.15119124606,2976.17232635255,2866.04616396156,2893.59304068162,2982.13344809625,2973.36245677241,2986.80837767799,2973.84964956476,3019.2143963142,2839.18271813661,2891.93025017319,2998.73935757594,2982.43068803596,2973.49808484356,2998.8463607998,2968.42275669303,2866.44059642061,2892.83557286506,2992.76854320245,3004.79290957712,2982.71071901397,2976.06863722756,2995.02607222101,2896.68529940157,2910.45180157198,2972.9157919376,2987.35970690916,3000.1298003142,2987.73153538008,3050.20586315322,2830.52570266703,2894.11562794096,2976.49657105148,3027.3508960153,3009.39353531949,3029.73760596262,3046.27971769232,2907.67655259542,2916.72569808183,3017.18065284837,3033.90265156843,3038.48764587118,3052.34315220215,2906.54443368817,2604.41918394287,2685.99283489155,2626.50036439506,2441.26200746904,2440.32182031219,2532.77305902782,2508.25689361672,2445.22901624699,2562.44691649534
2974.20074749141,2972.20911074213,2972.83957334804,3027.25466063756,2877.9866563981,3047.36862969887,3034.08043129167,3034.28025059177,3031.56742131833,2994.92645955528,3058.92837372387,2889.93971939347,2876.58095572155,2896.58594638378,2937.17068894445,2879.26999827741,2876.49470212236,2896.79902159919,2717.51407791516,2812.43604952449,2762.7387992777,2674.07162393205,2383.50825534245,2440.18263728278,2496.58061104916,2388.82929059302,2663.19795649162,2884.25744194943,2880.51142794582,2882.779429305,2876.0342752945,2893.30183952298,2632.12097572227,2891.09104011612,3058.17643164508,2982.49339708186,3031.48307257802,3023.49464785159,3051.81900106641,2893.38789531554,2936.34328724631,2982.05259355113,3015.29154261183,2995.14253663828,3019.81480859367,3035.70754885932,2842.14184243248,2877.07276234828,3005.57381377164,2998.86852566862,2986.54457652818,2986.54916890914,3055.545374388,2895.74777504953,2920.07954712714,2974.91918430897,2986.20967785461,2970.37176303128,2982.01347776405,3019.74828755374,2821.14595755867,2878.45411549061,3032.31126860787,2986.37763784257,2999.10048807066,2977.33966712867,2972.39594291339,2860.61605504461,2880.81838740927,3047.70413485685,3012.45979899411,3038.36010229631,2992.4348558236,2983.01945995482,2647.74215350142,2886.43189671698,3038.04568405637,2998.88056251026,3051.79687633835,3012.45098630377,2934.83086949799,2773.96111345144,2886.48720472612,3058.43461815496,3047.74573308075,3039.07710355363,3048.5940842942,2943.32491903402,2635.68370739989,2898.04476735062,3058.13553437738,3058.60502827784,3051.75272744278,3038.45890376644,2943.97797152865,2759.84027477534,2877.78630031628,3059.09473025626,3058.73968243021,3057.8219048129,2689.70545348675,2798.86286747748,2528.87118115797,2897.29786973817,3057.98605099194,3039.28403224064,3052.68302108499,3019.18631873883,2971.86170602042,2851.43110808557,2881.56510300759,2980.50902514303,2970.73474102966,2985.39106801564,2971.18820792961,3019.78691714489,2821.42733056242,2878.9232022992,2998.88104115008,2980.83468097363,2970.89084263544,2998.9903445903,2963.26214739965,2851.87083825847,2879.92197452356,2992.27792474233,3005.55885260006,2981.14162214234,2973.75692775098,2992.82563774702,2885.61670532604,2899.20339178047,2970.25180977507,2985.99968882353,3000.03960150654,2986.40982901199,3054.68896630772,2811.74504024239,2881.33657431003,2974.22811072396,3030.06182091944,3010.24436474181,3032.70692861385,3051.09562899683,2897.78723285023,2906.10971646872,3019.21531786852,3037.59498558159,3042.61499348435,3057.35618806175,2896.41437358071,2559.16157145419,2650.28968810038,2583.82845896145,2376.90551226132,2375.85528900569,2479.1270780174,2451.74118166358,2381.3367339592,2512.27489273263
2973.94699983338,2971.93609511226,2972.57284785475,3027.514307086,2876.7560210944,3047.7924355126,3034.40740334208,3034.60965662507,3031.86931133722,2994.87376776993,3059.48460867203,2888.85898300688,2875.32542946082,2895.50825944999,2936.48486911643,2878.03120767688,2875.2384027628,2895.7807665444,2714.6819255692,2810.56937030272,2760.36668057569,2670.79751060609,2377.27904012651,2434.52971366576,2491.50120823323,2382.65417908093,2659.81323176169,2883.09870332141,2879.3087031677,2881.60235581601,2874.77334660957,2892.25470072716,2628.42012154918,2890.00882997512,3058.72935589759,2982.32245769128,3031.78414299271,3023.71773789045,3052.32301461085,2892.33146129611,2935.64896643658,2981.87729648505,3015.43501991507,2995.09195136966,3020.00211066317,3036.00848526658,2840.57719949067,2875.82910618677,3005.63822133588,2998.86775239152,2986.42332762581,2986.41656907232,3056.05631895024,2894.72485492721,2919.22669220265,2974.67649253461,2986.07385946645,2970.0870210876,2981.83779205727,3019.88570693405,2819.36794966809,2877.22780089882,3032.6332915325,2986.25482321214,2999.10198609343,2977.12726480754,2972.0578437048,2859.23898063001,2879.61849796305,3048.1707691346,3012.59099594423,3038.73968586349,2992.37140059672,2982.78752812271,2644.2002046353,2885.29810477874,3038.42224394482,2998.88000153578,3052.30071208853,3012.58212310798,2934.12120754322,2771.70302552419,2885.35405419095,3058.98245978671,3048.21284344076,3039.46355510799,3049.06917018617,2942.69964413842,2632.01889823631,2897.04164210077,3058.68398763022,3059.16204962776,3052.25619367902,3038.83954617634,2943.35829983542,2757.43872817487,2876.55396529788,3059.65262664607,3059.30159649815,3058.35952345827,2686.59038737081,2796.85827070871,2524.12016610519,2896.28973648218,3058.525291138,3039.6727433713,3053.1954566437,3019.38265096026,2971.51802591937,2849.96088759893,2880.37694782264,2980.32861510005,2970.45577515452,2985.24729669495,2970.91037978067,3019.92477864474,2819.65217944135,2877.67843029504,2998.88076880802,2980.65733999467,2970.61364110843,2998.99079236115,2962.83317134124,2850.40505547343,2878.68688588497,2992.21301254131,3005.6233030243,2980.96717922226,2973.50868196771,2992.69150412672,2884.49255390991,2898.14936188094,2969.96854400855,2985.86183208268,3000.0359717611,2986.27594538662,3055.19252069795,2809.87097977958,2880.11529324217,2973.98439672899,3030.34888020698,3010.339068457,3033.02009559498,3051.59266981324,2896.78271774838,2905.12206274006,3019.41179578636,3037.96704017429,3043.03425178195,3057.89747276765,2895.39176035251,2554.71863015015,2646.77365660377,2579.63639537703,2370.6091621671,2369.5482596734,2473.87018648512,2446.20579903049,2375.0854402828,2507.35510423028
2971.40436537813,2969.20871166897,2969.91082059616,3029.90620471518,2863.65765362389,3050.96446317631,3037.47790313323,3037.71600154443,3034.67977468473,2994.27754089031,3064.45400873129,2878.0671038299,2861.69951455522,2883.1859994619,2927.9009257651,2864.32829847627,2861.60664502187,2885.49418936215,2684.93956042813,2791.30323886802,2735.61694876982,2636.25749851976,2310.68666409769,2374.18539081869,2437.3759331935,2316.64830661787,2624.07287731364,2870.97687380704,2866.56708477979,2869.20156102195,2861.09271641364,2881.81338149039,2589.24900576132,2878.8867368165,3063.76853444397,2980.64203139086,3034.58664465798,3025.7541313342,3057.21571117294,2881.5471609875,2926.97078777587,2980.1527067971,3016.70076304486,2994.51635086895,3021.69022410815,3037.74470029812,2824.5863290108,2862.49897822306,3006.5158411631,2999.11261503506,2985.4815515023,2985.08171677785,3060.269714761,2884.5308707717,2908.99766585016,2972.34540691982,2984.70975908423,2967.40088703348,2980.10921452227,3019.82022321805,2801.06596552746,2864.16570439558,3035.95352339261,2985.29924320924,2999.36930950979,2975.2585136846,2966.98619239935,2845.27585589522,2866.9006312873,3052.7672785946,3014.11318109108,3042.58727051071,2992.0041258391,2978.82086944148,2606.75356590477,2873.51536498932,3042.24130446082,2999.12927419517,3057.19261877999,3014.10435858838,2925.27773984418,2748.1878421846,2873.58018559375,3063.7787623206,3052.81579814589,3043.37538331835,3053.74283024117,2934.72211108204,2593.23434677466,2886.97779086046,3063.57610339396,3064.23924467898,3057.14603048885,3042.69989289065,2935.41618327112,2732.37088919787,2863.44540566552,3064.6392885656,3064.51763705713,3062.94779426334,2653.77678230942,2776.09871422004,2473.55631251817,2886.23307204644,3063.12996724939,3043.61262255237,3058.17049097975,3021.53073988562,2966.3822914209,2834.99332064334,2867.88694234075,2978.80000096403,2967.88165295218,2983.8060086377,2968.26597782337,3019.86528621376,2801.38107943978,2863.85092338237,2999.1399055642,2979.15614756001,2968.06280339765,2999.24843100477,2956.82565797855,2835.48483491646,2864.95277453292,2991.8332800731,3006.50600671324,2979.49202287423,2971.26641827045,2989.73775003901,2873.2425261056,2886.01131879229,2967.36244527884,2984.47799195266,2999.90061448318,2984.93037919181,3059.35797601211,2790.51621754696,2866.51672354837,2971.78497056691,3033.01034432835,3011.13793396327,3035.94514659986,3056.41917116655,2886.73299887843,2893.60932914617,3021.55788704885,3041.73924856646,3047.22415769949,3062.73018685967,2885.0471125248,2507.49662622895,2609.60837572493,2535.13577073316,2303.28904807477,2302.11236115928,2417.82027242584,2387.1360514901,2308.25376019089,2454.96106201169
2971.30440311337,2969.10125829089,2969.80587295859,3030.00598058971,2863.16368014608,3051.1185769688,3037.60424949276,3037.84344391323,3034.79613577902,2994.25596631086,3064.6659172639,2877.6418059353,2861.19240957105,2882.74323450677,2927.61028492094,2863.82486070162,2861.09925824011,2885.0920589829,2683.80755620038,2790.56116499991,2734.6707509942,2634.94697345137,2308.1828009356,2371.91421570072,2435.33633970412,2314.16628784758,2622.71767764183,2870.51428651074,2866.08502830224,2868.73061179277,2860.58347619667,2881.40148507515,2587.76612338649,2878.45708304353,3063.98036970656,2980.57507826316,3034.70268587634,3025.83963516367,3057.4123866502,2881.12861258904,2926.67668973441,2980.08403100436,3016.75522782581,2994.49560038533,3021.76175290919,3037.84796315468,2823.96621464407,2861.99866404432,3006.54399568482,2999.1153350898,2985.43705581245,2985.02940548929,3060.46016806138,2884.12857051968,2908.64156435345,2972.25100472969,2984.65621578922,2967.29071284648,2980.04038450588,3019.85711724991,2800.3597275134,2863.673349075,3036.08150645122,2985.25415326971,2999.37292078282,2975.17794518157,2966.83287085797,2844.73140527272,2866.41963607693,3052.95016550328,3014.16735225321,3042.73733865517,2991.9823430385,2978.70986461432,2605.33486408455,2873.06367110848,3042.39020263743,2999.13210522167,3057.38923607952,3014.1585138723,2924.97745988016,2747.28766527173,2873.12877361857,3063.98630022679,3052.99889263472,3043.52810231805,3053.92895645783,2934.45531864158,2591.76596753503,2886.5824718444,3063.78495449159,3064.45265767451,3057.34252174198,3042.85040391339,2935.15135035895,2731.41282076714,2862.95084436642,3064.85185896166,3064.73405148789,3063.15004226126,2652.53049973692,2775.30097614341,2471.64932456133,2885.8364668922,3063.33285591888,3043.76629650059,3058.37045977357,3021.61025107188,2966.22667371325,2834.41132591893,2867.41188851879,2978.73227010448,2967.77440222061,2983.74936225534,2968.15819761793,3019.90237308426,2800.67599383062,2863.34435607557,2999.1429337506,2979.08958588498,2967.95631482422,2999.25163856737,2956.63623370136,2834.90462280189,2864.44997852005,2991.81094893359,3006.53423383936,2979.42656693871,2971.17155742295,2989.66566653921,2872.79984902523,2885.57724178602,2967.25363358641,2984.42365385172,2999.89799983598,2984.87758788839,3059.54583016361,2789.77106046672,2866.01933336421,2971.69186422496,3033.12085819086,3011.17344595679,3036.06596926129,3056.61314365845,2886.33746821642,2893.20092509483,3021.63741426007,3041.88635143221,3047.38919528956,3062.93636261352,2884.64309304627,2505.71404962536,2608.20014285795,2533.45450726134,2300.75807951437,2299.57708064179,2415.70901066921,2384.91233822787,2305.74098325164,2452.98592426603
2969.06454973141,2966.70480200416,2967.46871846692,3031.96584237646,2851.08219681634,3053.13426430838,3040.16395213471,3040.44254130699,3037.12104371429,2993.6841475007,3068.59816430917,2868.15460743126,2848.44892100185,2870.80616465566,2918.82823149923,2850.83944216973,2848.35198507617,2875.96873325153,2656.62769328838,2773.17977318076,2712.16091668072,2603.27894112079,2246.55068542315,2316.12112675168,2385.35591465484,2253.0822239318,2589.9270840632,2859.47394833009,2854.37219658143,2857.37718407283,2847.79143448182,2872.233549516,2551.76685509826,2868.46137224909,3068.04738315653,2979.11879090941,3037.0207577805,3027.49409818753,3061.59540369931,2871.48631799519,2917.80527163083,2978.58854171622,3017.75024288807,2993.94159944025,3023.1168712101,3038.45453907033,2809.64733640133,2849.64124016626,3007.47332535048,2999.5027248038,2984.7956902766,2983.85053359327,3063.51195122971,2875.18240567768,2898.43248742259,2970.26937384285,2983.45368305613,2965.04241911662,2978.54132063751,3018.76214540629,2783.88142691406,2851.61877561077,3039.06023147088,2984.6019356284,2999.77984340592,2973.71225036397,2961.16115086929,2832.30479076266,2854.72438411203,3056.92846978155,3015.64589892046,3046.14474064205,2991.84274285787,2974.03972817328,2570.9484112621,2862.38489910097,3045.77377950012,2999.52492330107,3061.5722519853,3015.63755462571,2915.95236752268,2725.93066969208,2862.45954555764,3067.70284501409,3056.98405501338,3046.98890203468,3057.9699176616,2926.20664951956,2556.12538856266,2877.70461575658,3067.64988391988,3068.5509450801,3061.52487848025,3046.27053927442,2926.91905823492,2708.60616149317,2850.86526345255,3068.7997275034,3069.01848924455,3066.60831583361,2622.47741125192,2756.52455053319,2424.99796632321,2877.00425476134,3066.8056738507,3047.25542079477,3062.62441553589,3023.6201603313,2960.49275457053,2821.04893173956,2855.99552237419,2977.5790686741,2965.66190416714,2982.48063470363,2965.92762552271,3018.81378477162,2784.22651486143,2850.20326199907,2999.54922685267,2977.95821176399,2965.868157781,2999.65063264564,2950.12308305627,2821.58602457504,2851.38846961512,2991.66186144049,3007.47122539834,2978.31603171216,2969.36749137027,2985.91022751072,2862.89207230084,2873.76460838623,2965.12065234055,2983.2042242584,2999.71048344928,2983.69077511279,3062.57404554961,2772.30121775437,2853.07507751791,2969.92371468888,3035.31439641692,3011.77270751415,3038.49280050785,3060.74055548349,2877.49130080526,2881.91011912486,3023.64315909417,3045.22755414285,3051.05841117733,3066.75772651945,2875.45844810417,2462.18706577417,2574.0769220141,2492.47178034698,2238.44595743495,2237.15675252586,2363.92970132638,2330.31054116116,2243.8852772858,2404.62392318982
2966.76405386869,2964.24669552599,2965.07243199568,3033.9042615861,2838.3967989078,3054.8004430208,3042.71919506733,3043.04211622201,3039.43238985336,2993.0737687437,3072.40276501158,2858.41763337623,2834.98287149846,2857.99268730788,2909.18285809749,2837.0358051773,2834.88274892206,2866.56577588109,2628.20684125971,2755.11403319231,2688.67551407288,2570.11467203833,2181.72958698747,2257.46789372595,2332.84308400066,2188.84001275513,2555.57662157281,2847.94993788898,2842.09308458602,2845.49730910634,2834.27536013115,2862.83005523002,2514.025679614,2858.09347406692,3072.02793241201,2977.63573624875,3039.32517325936,3029.12285989911,3065.82073525888,2861.50969992561,2908.064898947,2977.06509362884,3018.71170551026,2993.34933694033,3024.44204595485,3038.60012861035,2794.81788740707,2836.63580921442,3008.50417117146,2999.98525860829,2984.23087020225,2982.63876589619,3066.30267524131,2866.00890898892,2887.3334928602,2968.27092213661,2982.21867802999,2962.79325408102,2977.01417160536,3017.1022472943,2766.77072411206,2838.95841822423,3042.14214835922,2984.02662573908,3000.28229315927,2972.29758604863,2954.71722223989,2819.47329501433,2842.46160536672,3060.9724891456,3017.23090821235,3049.64829571149,2991.79064671485,2968.63848277862,2534.91153222725,2851.2641944828,3049.25354677933,3000.01379032415,3065.79793356246,3017.22329564333,2906.05009405227,2703.66270629387,2851.34952435097,3071.25358759608,3061.03571784169,3050.54568926093,3062.07559721537,2917.10844009469,2518.76194851817,2868.57845375284,3071.38584331193,3072.56245966851,3065.75047990891,3049.78791963577,2917.83005407644,2684.80737249969,2838.17816075672,3072.62057668138,3073.25384146981,3069.85544843905,2591.0198705709,2736.98527542861,2376.00209750628,2867.94448923556,3070.06778436166,3050.84305565616,3066.9217378169,3025.74029868028,2953.98202473734,2807.23009202898,2844.05905970111,2976.49151973411,2963.57065636215,2981.17857216545,2963.68713897285,3017.16100695284,2767.14624422324,2836.21627185477,3000.05431339576,2976.89190562714,2963.8038067178,3000.14525012322,2942.80661002791,2807.81325096144,2837.48180288438,2991.60076741505,3008.51151884092,2977.27007160224,2967.60086191323,2981.45951172602,2852.71422036566,2861.05946872767,2963.01221294331,2981.9521186024,2999.48379056999,2982.47160484793,3065.35015009662,2754.1393469871,2839.28768167318,2968.19304706951,3037.49082207579,3012.3356397278,3040.9092730742,3064.91019899719,2868.40724135172,2869.72580679294,3025.75781160146,3048.66328149884,3054.81035121331,3070.45339314217,2865.98734223111,2416.49220849916,2538.31826191075,2449.46500667477,2172.90660269536,2171.5030971505,2309.5165537892,2272.91577143367,2178.82802086095,2353.82093599405
2966.62314191498,2964.09525404553,2964.92453123312,3034.04415897222,2837.69770995228,3055.0137939156,3042.89656057651,3043.22106739772,3039.59564907279,2993.04311373493,3072.69927777428,2857.81823137402,2834.26427126742,2857.36305865965,2908.7669859618,2836.32149330975,2834.16375832437,2865.99860596725,2626.60617940143,2754.06592446564,2687.33815305674,2568.26102995056,2178.18497549698,2254.25299327163,2329.95633058555,2185.32635373668,2553.65967305667,2847.29601234456,2841.41107117511,2844.83125395204,2833.55374797966,2862.24959579216,2511.92779673101,2857.4868087336,3072.32471273916,2977.54147394339,3039.48798246705,3029.24267770512,3066.09738405021,2860.91897427672,2907.64412092581,2976.96840126904,3018.7878668629,2993.31984186976,3024.54220120537,3038.74106282764,2793.94259573909,2835.9274178718,3008.54467883026,2999.98998765592,2984.16911906892,2982.56500533135,3066.56785627334,2865.44199467807,2886.82545035164,2968.13821078615,2982.14319151826,2962.63854650551,2976.91726151584,3017.14903990113,2765.77340379713,2838.26158493477,3042.32287321227,2983.96404364754,3000.28827736571,2972.18493937339,2954.49501693083,2818.70519787025,2841.78107114444,3061.22998387782,3017.30799951583,3049.85997357395,2991.76089435496,2968.47607555674,2532.90459708501,2850.62594475545,3049.46358185571,3000.01868387559,3066.07450389466,3017.30036688839,2905.62056030799,2702.39054961084,2850.71168079584,3071.54361898454,3061.29351120056,3050.76108754303,3062.3376312091,2916.72618383287,2516.68460162814,2868.02113908931,3071.67804914054,3072.8614530124,3066.02687844415,3050.00022947947,2917.45048528252,2683.4531941788,2837.47826783257,3072.91802461258,3073.55738913772,3070.13764283186,2589.25726549533,2735.85829779926,2373.30324560799,2867.38556530534,3070.35088241026,3051.05981913126,3067.20302140204,3025.85301244724,2953.7565533497,2806.4088139934,2843.38729732168,2976.39703818952,2963.42026223108,2981.09872042625,2963.53570790481,3017.20807700802,2766.15055654914,2835.49731575436,3000.05950966026,2976.79906030612,2963.65450685899,3000.15066827074,2942.53342320378,2806.99449623134,2836.7681497236,2991.57024973228,3008.55214537268,2977.17877424826,2967.4680179179,2981.35208681121,2852.09023545934,2860.44189635428,2962.85965800508,2981.87551416544,2999.47975211249,2982.39717531246,3065.61176142305,2753.08683929368,2838.58163845434,2968.06266707388,3037.64583760753,3012.38516286962,3041.07882701553,3065.18305091913,2867.84972801304,2869.14427977532,3025.8705356082,3048.87077986922,3055.04293107347,3070.74187227691,2865.41745763979,2413.96964971891,2536.32616230445,2447.08601029686,2169.32358423655,2167.91396878816,2306.52824765811,2269.76812359962,2175.27077909335,2351.02551680664
2966.47983753376,2963.94145002753,2964.77438664545,3034.18136974743,2836.96812466933,3055.20420648172,3043.07195246989,3043.39834260601,3039.75649502976,2993.01032505471,3072.98569452439,2857.20938210397,2833.50807846098,2856.6856435366,2908.3022586125,2835.56369603254,2833.40721514175,2865.41971221618,2624.94486330465,2752.98607296831,2685.95393058242,2566.33346013058,2174.47842440926,2250.89324586398,2326.94176790008,2181.65235774249,2551.66548686455,2846.61856691999,2840.7007187159,2844.13916184996,2832.79447949365,2861.66036401168,2509.7432092697,2856.86305834496,3072.61391275985,2977.44642647737,3039.64837686479,3029.35973353871,3066.37450246361,2860.3133539636,2907.17418601104,2976.87087180835,3018.86118954337,2993.2882208328,3024.63951533892,3038.85287433582,2793.04456757485,2835.18591032665,3008.59130347665,3000.00074799119,2984.1128219987,2982.48987841445,3066.81505551837,2864.86666638712,2886.26773203115,2968.00570710296,2982.06638172889,2962.48526205216,2976.81950847553,3017.16117689454,2764.74704548955,2837.53412123113,3042.50861939862,2983.90694661177,3000.30030584155,2972.076601061,2954.22783375394,2817.91981161685,2841.07210866288,3061.48954507717,3017.39120059266,3050.07597499149,2991.73700005811,2968.27068061919,2530.81571502643,2849.96659972343,3049.67795687942,3000.02966507982,3066.35156641239,3017.38356310304,2905.14144318774,2701.07487702951,2850.05280816531,3071.82127728447,3061.5534166376,3050.98076254056,3062.6016264363,2916.29562050946,2514.52152018516,2867.45396733268,3071.96010968715,3073.15282816869,3066.30380611944,3050.21692504013,2917.02214779377,2682.05130070055,2836.74803205107,3073.20540681799,3073.85558397453,3070.40475975266,2587.4255059745,2734.6955172711,2370.48635329417,2866.81811674559,3070.61892166741,3051.28100832408,3067.48479980622,3025.97176337398,2953.48585121106,2805.56760125741,2842.68993632282,2976.30762307767,2963.27264828666,2981.01753284091,2963.38509841175,3017.22053409025,2765.12591387823,2834.73322132337,3000.07096417933,2976.71122904605,2963.50813832383,3000.16214168666,2942.2138019076,2806.15592084711,2836.00935701011,2991.54562838048,3008.5990010782,2977.09244505079,2967.33881202275,2981.20338430423,2851.45580840063,2859.77544762662,2962.71011177006,2981.79758429643,2999.47328719952,2982.32141964511,3065.85596915223,2752.00215813339,2837.83051251954,2967.93590456764,3037.79829461852,3012.43192726643,3041.24610945687,3065.4563999732,2867.28301957089,2868.51350000406,3025.98921408256,3049.08253641802,3055.27883133888,3071.02044379266,2864.835454163,2411.33823509439,2534.25289488736,2444.60563656697,2165.57663829282,2164.16059614622,2303.40685915631,2266.47912075268,2171.5509446349,2348.10704162825
2964.4401975068,2961.77102219927,2962.66129672452,3035.69381848802,2824.95527772861,3055.56316706503,3045.13332168624,3045.5097233329,3041.59403477173,2992.40532684907,3075.71095014945,2848.5962909521,2820.52435983111,2843.79430041826,2898.01956049288,2822.0340703144,2820.4226096101,2856.99286415323,2598.34924541313,2736.3775639076,2664.11869115425,2535.16224632207,2112.80090817662,2195.15668143471,2277.12073661509,2120.53235318645,2519.35060961008,2835.89015918075,2829.12461318052,2833.00032607326,2819.76597415591,2853.35835702309,2474.15877282552,2847.38991623814,3075.5990330259,2976.16661130337,3041.48002215276,3030.60873723312,3069.92433408434,2851.26542647542,2896.79836451781,2975.55488447379,3019.54625005949,2992.69877512971,3025.63004883537,3037.66076335384,2779.55679657353,2822.78797378421,3009.71653806203,3000.66282347593,2983.87193064307,2981.41284395563,3068.33817706187,2856.77472457593,2874.72957681751,2966.33582437669,2980.97168966266,2960.65720965477,2975.50015803891,3014.20817562716,2749.06136069862,2825.5362854153,3045.303407933,2983.65857052199,3000.97963516876,2971.0733986645,2946.80261713719,2806.35412642938,2829.50571720614,3064.95872267242,3018.9802915775,3053.19298817094,2991.94341760695,2961.80859670249,2496.87462720347,2839.68418377968,3052.77576834944,3000.69945259877,3069.90268018254,3018.97392338655,2894.61082928044,2680.41141440313,2839.78230243019,3074.23203307316,3065.03103042839,3054.14051249229,3066.11801927236,2906.4962043353,2479.29781607038,2859.34082670803,3074.62588959636,3076.16220484995,3069.85650057847,3053.3482632446,2907.20981894032,2659.91462148797,2824.74060270827,3075.94563290895,3077.15376189661,3072.44021756914,2557.90047752172,2716.66785508647,2324.05400085725,2858.81785644751,3072.66776887574,3054.47296698082,3071.0960541434,3028.0059073627,2945.99333357396,2793.05395472521,2831.52322151539,2975.61148782906,2961.63564330959,2979.86596012818,2961.53838949202,3014.27540626125,2749.4695076692,2820.97610277034,3000.76171657385,2976.03067492682,2961.90022821891,3000.8353873856,2933.99193243304,2793.68611730527,2822.31953270157,2991.74613350191,3009.7369790661,2976.42700461824,2966.01129388689,2975.6146629147,2842.42717162255,2846.9262796168,2961.06850750314,2980.68843299408,2999.1779658717,2981.23990650633,3067.39265838997,2735.2937934314,2824.24323191599,2966.63770463597,3039.51623262264,3012.78561791736,3043.17807995321,3068.96079590408,2859.23365333632,2856.08422761157,3028.01514975184,3052.13986761789,3058.55928214004,3073.66282075225,2856.33388047961,2368.08728206616,2500.58022738028,2403.94532832586,2103.20741519163,2101.68127556402,2251.75508910382,2211.9549389892,2109.64602450192,2299.93368660247
2962.57726569346,2959.79359748337,2960.73765078365,3036.96623546927,2813.57402032624,3055.28010412159,3046.90761959309,3047.33519526561,3043.16017307594,2991.81995073172,3077.84045976658,2840.73401025357,2808.10726777129,2831.19948232088,2887.69682010345,2808.98606052319,2808.00575345478,2849.24543180639,2573.29973257504,2720.88212312419,2643.62317417359,2505.73547330402,2054.20791287185,2142.24214674042,2229.86092789789,2062.47219443979,2488.83010259235,2825.81771413177,2818.18296696383,2822.50241359921,2807.30778818939,2845.78893071951,2440.51114811887,2838.58615150536,3078.02166500519,2975.01715091829,3043.04091013914,3031.64654724592,3073.04974775027,2842.89148788534,2886.38586307434,2974.37223510115,3020.08393388746,2992.12732383856,3026.43759822049,3035.85312274672,2767.04692748244,2811.00083769536,3010.85062385308,3001.38694865271,2983.78655723184,2980.42870238802,3069.20738113431,2849.40092322198,2863.27936937406,2964.86536600447,2979.97297498683,2959.07585052372,2974.31439677251,3010.70758173731,2734.44959509895,2814.16484744818,3047.87972569281,2983.56730893886,3001.71927135339,2970.28849866964,2939.09726357813,2795.68112061336,2818.57036423323,3068.05379205461,3020.5225201385,3056.03538009015,2992.26189570189,2955.00284850595,2464.79872188483,2830.06610374559,3055.60166618046,3001.43168439382,3073.02977791316,3020.51763272278,2884.05103140116,2661.03567649083,2830.17640134695,3076.02638000577,3068.13468697399,3057.01959394975,3069.25225933453,2896.61342059743,2445.99361732962,2851.91551927359,3076.70202771495,3078.60523454263,3072.98593028472,3056.20481751702,2897.30387696403,2639.13106033905,2813.36802208629,3078.08910254549,3079.90900058057,3073.83492858499,2530.0484326709,2699.81558070038,2280.0337492447,2851.52344205252,3074.07475350763,3057.38389194917,3074.27617684162,3029.93812386901,2938.22222193051,2781.47585983989,2821.01189332644,2975.11538147084,2960.25508652169,2978.8166870594,2959.92628394147,3010.78283724809,2734.88572399973,2807.68554287683,3001.51649460355,2975.54708678898,2960.54893890237,3001.56993320614,2925.54729723999,2782.14970891604,2809.08825553203,2992.06029074068,3010.88494821798,2975.95568270314,2964.92426709576,2969.62226638845,2834.17167817585,2834.34088417819,2959.68929028682,2979.67689174434,2998.85922700593,2980.25276753801,3068.28855577782,2719.69934806444,2811.10378596754,2965.57608811769,3040.9732627415,3013.03240586562,3044.83101440547,3072.0468946309,2851.88021259068,2843.85935244892,3029.9381173746,3054.92811010469,3061.52014324314,3075.72413085563,2848.51058507851,2327.10887666494,2468.76113987259,2365.44390762778,2043.95334237694,2042.32196871537,2202.74524953576,2160.1993384273,2050.83570830627,2254.24915878064
2962.44199854738,2959.64961098081,2960.59745409112,3037.06766556162,2812.78145918417,3055.30973677903,3047.04543459023,3047.47626620029,3043.28318941101,2991.78018970571,3078.02449196835,2840.16260492209,2807.25181705837,2830.35274121051,2887.02410877952,2808.09572488025,2807.15023363841,2848.68701859395,2571.54328939448,2719.78369997288,2642.18037422063,2503.67756623417,2050.13998134036,2138.56566881737,2226.5742243535,2058.44099809103,2486.69684341524,2825.10895867563,2817.41895582037,2821.76695128401,2806.44937022861,2845.23808016154,2438.16246949696,2837.95939313175,3078.2223762339,2974.93209621117,3043.1635342079,3031.73044732843,3073.28605675063,2842.29250255743,2885.70702442912,2974.28478399842,3020.13028703789,2992.08859687037,3026.50430069557,3035.78098885588,2766.15412876127,2810.18328302973,3010.92401858302,3001.42951467346,2983.76912328064,2980.3573029077,3069.31331598991,2848.86397769677,2862.52323777318,2964.75407584871,2979.9003883573,2958.95371588456,2974.22672312217,3010.51954195307,2733.41196569161,2813.37331981847,3048.06460136752,2983.54936852457,3001.76298334985,2970.22057710277,2938.61391711726,2794.91499351851,2817.80702251528,3068.28432860163,3020.62681319945,3056.24189371044,2992.27415448338,2954.58315742158,2462.55831768185,2829.38644706783,3055.80689669113,3001.47474976853,3073.26616662676,3020.62200648001,2883.36198894481,2659.67009299787,2829.49752139417,3076.19003419288,3068.36577400559,3057.22896637249,3069.48596766432,2895.9727633232,2443.66872528134,2851.37753062074,3076.88211111964,3078.80757095273,3073.22241502148,3056.41226966496,2896.66247524697,2637.66839440974,2812.57578332292,3078.27412432599,3080.13000615505,3073.97426209646,2528.09898525913,2698.62364102161,2276.97032355363,2850.99263370307,3074.21497419639,3057.59537185595,3074.51657076397,3030.07207930502,2937.73445594298,2780.64724839263,2820.27446408984,2975.06772161294,2960.14533371514,2978.74031458098,2959.8030591013,3010.59531122378,2733.85002414254,2806.78046843378,3001.56091321258,2975.50047811755,2960.44108583414,3001.61323720198,2925.01125087369,2781.32398950828,2808.18766386461,2992.0721459606,3010.95916331394,2975.91009245317,2964.83491225611,2969.26032128889,2833.57283986366,2833.49722558474,2959.57917311734,2979.60334247718,2998.84016886559,2980.18105952862,3068.39524947529,2718.59438146805,2810.21001048864,2965.48869148746,3041.08834878758,3013.0566649847,3044.96028519881,3072.28017032539,2851.34630380119,2843.04375747366,3030.07154693849,3055.13066490679,3061.73779478395,3075.90259539166,2847.94729354548,2324.25506819464,2466.53842051593,2362.7607926584,2039.83983324501,2038.2012051892,2199.33791871586,2156.60274435918,2046.75279268534,2251.07101875961
2962.38216265585,2959.58603436728,2960.53558682968,3037.10991004745,2812.42107694622,3055.30840922222,3047.1037941644,3047.53620056637,3043.33490920698,2991.76179897974,3078.09747605494,2839.91003233725,2806.86005064049,2829.95858798901,2886.70434131229,2807.68536889185,2806.75846153911,2848.43882436478,2570.74833733517,2719.29014649123,2641.52908535176,2502.74452633983,2048.28662346307,2136.89150923501,2225.07850713579,2056.6044557517,2485.72929537937,2824.78889989596,2817.07217914778,2821.43386649761,2806.056286153,2844.99480220043,2437.09626238519,2837.67854046935,3078.30406899806,2974.89492799426,3043.21508368052,3031.76508011736,3073.38795372695,2842.02493233738,2885.38443329327,2974.24655156744,3020.14866649191,2992.0706569664,3026.53146382976,3035.73205618667,2765.7547570329,2809.81054924593,3010.95911749268,3001.45127843538,2983.76468957107,2980.32569547618,3069.34787399911,2848.62693421625,2862.1670099142,2964.70615251253,2979.86829323553,2958.90180784746,2974.18839123769,3010.41730067465,2732.94627868673,2813.01330232832,3048.14707793678,2983.54473375972,3001.78524853935,2970.19371234823,2938.3781311251,2794.57358993614,2817.46048068968,3068.38470153387,3020.6752200704,3056.33327532041,2992.28275392066,2954.37601623576,2461.54169802103,2829.08038812027,3055.89773522188,3001.4967606256,3073.36811122249,3020.67045687437,2883.03474130866,2659.05414376739,2829.19183717997,3076.25285946056,3068.46641160995,3057.32155597482,3069.5876486635,2895.66714664022,2442.61337194977,2851.13923499923,3076.95336833417,3078.8899412359,3073.32442326791,3056.50409259081,2896.35625876818,2637.00801499287,2812.21563254241,3078.34755321467,3080.22179136703,3074.02497089571,2527.21562402252,2698.08727511063,2275.57683138687,2850.7581936411,3074.26607669503,3057.68895404136,3074.62024285745,3030.13322328438,2937.49661201345,2780.27727188469,2819.94079563087,2975.05002946759,2960.09954520391,2978.70657787204,2959.75033584913,3010.49331715543,2733.38522017792,2806.36276187964,3001.58360559321,2975.48320964602,2960.39620361039,3001.63533297849,2924.75186521876,2780.95533106479,2807.77188925552,2992.08059302955,3010.99468000905,2975.89323734901,2964.79841638924,2969.07910826705,2833.30781182102,2833.10374392956,2959.53335795651,2979.57083055651,2998.83054712053,2980.14934205139,3068.43048361718,2718.09774665757,2809.7972088783,2965.45302907269,3041.1365621091,3013.06555219928,3045.01478620832,3072.38077668582,2851.11014563821,2842.66214805469,3030.1324159102,3055.22030237347,3061.83337251276,3075.97329362515,2847.69675884194,2322.95755670385,2465.52990217106,2361.54143878241,2037.96561255105,2036.3236635798,2197.78697703789,2154.9651564317,2044.8925762554,2249.62500854107
2962.29239552592,2959.49019234864,2960.44217827959,3037.18379178248,2811.91957371351,3055.36398222196,3047.2017648156,3047.63599308399,3043.42329680831,2991.73743312207,3078.24048862431,2839.5302804062,2806.32571812627,2829.44559876303,2886.31328889984,2807.13577067686,2806.22402110302,2848.07115732274,2569.62750614782,2718.58022409522,2640.60410471175,2501.4354604126,2045.72155536928,2134.57113195264,2223.00173971227,2054.06235255251,2484.3731617443,2824.33488135245,2816.58718050067,2820.96515488726,2805.51999773979,2844.62819184403,2435.6055833981,2837.27159437545,3078.45482853864,2974.83735248378,3043.30320297016,3031.82697268931,3073.55121363121,2841.63392128818,2884.98959812938,2974.18739663365,3020.18475500979,2992.04699372774,3026.58160056059,3035.72656817209,2765.17324988507,2809.29569701014,3011.00116579445,3001.47212287649,2983.74487628651,2980.27838390111,3069.44874922226,2848.26934874017,2861.71951295294,2964.62903612799,2979.82010002368,2958.81545622578,2974.12909117898,3010.33999629243,2732.27426842913,2812.51271532861,3048.26790892129,2983.52452667722,3001.80686682905,2970.14065593807,2938.11217571243,2794.0713215145,2816.97607901923,3068.54156473749,3020.73866265038,3056.4701234514,2992.2828893352,2954.15107919441,2460.11864605757,2828.64285913004,3056.03367102717,3001.51787026571,3073.53139306955,3020.73393332409,2882.63349262817,2658.1774529199,2828.75474579053,3076.38520700894,3068.62358718881,3057.46044321494,3069.74685444944,2895.29743151267,2441.1376513511,2850.78295292294,3077.09371326668,3079.04188211496,3073.4877159967,3056.64149787817,2895.98672423866,2636.07060582779,2811.71412154244,3078.49120467545,3080.38323351677,3074.14457038902,2525.97428556247,2697.31889829283,2273.63959758283,2850.40496594615,3074.38626163614,3057.82908701927,3074.78629194098,3030.21730081038,2937.22798123812,2779.73586190102,2819.47006471384,2975.00988562072,2960.01979353323,2978.65578979294,2959.66409732714,3010.41630387332,2732.71441687315,2805.80545772813,3001.60540461052,2975.44386696207,2960.31754655244,3001.65665292951,2924.4516636061,2780.41574394487,2807.21768645817,2992.08039499234,3011.03713446455,2975.85466361949,2964.7315189934,2968.8915249346,2832.91064906928,2832.59452574219,2959.45302652912,2979.52197600924,2998.82089346419,2980.10175942431,3068.53101323023,2717.38394883263,2809.24763343837,2965.38751312399,3041.21968461727,3013.08627627454,3045.10728682874,3072.54189669871,2850.75573335527,2842.17289997384,3030.216250801,3055.35450714738,3061.97943244665,3076.11217114389,2847.32631091399,2321.15129530383,2464.11789120424,2359.84183068974,2035.37205091654,2033.72556740827,2195.63481770561,2152.69470655377,2042.31813987691,2247.61607990348
2959.43726597772,2956.49522952854,2957.53977571212,3038.37259868875,2791.60110800122,3050.58099687256,3049.16102272071,3049.71137365338,3045.03874414283,2990.61522728344,3078.92104739795,2827.48834519388,2783.3713592838,2804.36713834286,2863.92514516007,2782.28229975109,2783.27741770944,2835.83110217457,2525.86190262997,2692.50100553289,2605.26841831377,2449.56759472471,1939.99771542686,2039.32180798797,2138.18713413425,1949.32108535622,2430.48352001056,2806.97384579549,2797.22783310232,2802.59690384196,2782.50152565276,2833.09837503417,2375.93304377335,2822.7100594831,3079.97774642901,2973.215622733,3044.91154047269,3032.6988350081,3077.47054964529,2828.02087996707,2862.43101055683,2972.51391259709,3020.3959396097,2990.94412614412,3027.14187471397,3027.85092124979,2744.62357748155,2787.97456519866,3013.45966094341,3003.39746287292,2984.54305621322,2978.77132804894,3067.0556394233,2837.06772168795,2837.74432742049,2962.76136744687,2978.3015593886,2957.01088477514,2972.45057025728,2999.27884540321,2707.83676206321,2792.1817456081,3052.34290552435,2984.32025547903,3003.754102749,2969.8498497488,2919.77673710438,2776.91149156555,2797.60811593571,3072.72104687663,3023.71004572446,3060.75173360515,2993.66358387251,2937.33124603682,2403.35236978811,2812.30766394437,3060.29748424108,3003.46286594076,3077.45688986301,3023.7098033741,2859.80798377987,2624.90665075869,2812.44734848873,3076.21483181476,3072.82240828591,3061.78196083768,3073.95869572402,2873.57138407221,2382.09006683254,2839.28308068125,3077.70003995676,3080.58351045997,3077.42305314614,3060.95228457846,2874.14488148755,2600.20358077279,2791.43526835345,3079.19511053305,3082.74437674282,3072.961490489,2477.02045428845,2668.73235634063,2194.80497383784,2839.29664301781,3073.222243556,3062.21574920725,3078.77924735092,3033.66705964046,2918.76173437669,2760.91101126053,2801.16649743722,2975.21702602384,2958.70389728621,2977.0696437091,2957.717609424,2999.37330962924,2708.32856219555,2780.33559458104,3003.60833837238,2975.65825621408,2959.06497850441,3003.59939045324,2904.90408280925,2761.66648184022,2781.82299242153,2993.46195411314,3013.53231070328,2976.07714463404,2963.93879266133,2953.42535859456,2820.16797752516,2807.32470450967,2958.17752092442,2977.98646738524,2997.99376226807,2978.59770911715,3066.27984860673,2691.0982319268,2783.98034558638,2964.62412891083,3042.66933824144,3012.93443387066,3046.85915375438,3076.4166626885,2839.45960245512,2817.29140704204,3033.63966856771,3059.55616215967,3066.22413467443,3076.74164285077,2834.91662164873,2247.93492918966,2407.82724409756,2291.20027957346,1928.42926150608,1926.58865553695,2107.59081979923,2059.58400203459,1936.19368034234,2165.71013443374
2956.5856027493,2953.51428179462,2954.65424835657,3039.35420631639,2770.51500681613,3044.56247833514,3050.91067565277,3051.58666218186,3046.43924245685,2989.4366120313,3078.84558173934,2815.44243651651,2759.36352982879,2777.72056597745,2839.73605526463,2756.11930188661,2759.27940287425,2823.4958610191,2480.63038411473,2665.77760638345,2568.85794657326,2395.85859595446,1829.97748457937,1940.25058909599,2050.02441168757,1840.32785670585,2374.65999751308,2789.10200227794,2777.17764824669,2783.62169663357,2758.42949360018,2821.58300729849,2314.06047774404,2807.86688178137,3080.85274214709,2971.63663215401,3046.30519438567,3033.37587052247,3081.10626547811,2814.20352282598,2838.06278664497,2970.88311682725,3020.44272835199,2989.78424924442,3027.51939262833,3018.53703341383,2723.68861853521,2765.78224251765,3016.09188544078,3005.52595934263,2985.58203669259,2977.26960148196,3063.59479169971,2825.88954446605,2812.01346893677,2961.0029131717,2976.7912862214,2955.37732485085,2970.81468153337,2986.62367195767,2682.83273684294,2771.07541072705,3056.41610246872,2985.3585244463,3005.90384685738,2969.80127735594,2899.63803934252,2759.52315951233,2777.54419521957,3076.70272322811,3026.82076188975,3064.97375752596,2995.27168266581,2918.74156525626,2344.51972591211,2795.55035216716,3064.50390605543,3005.61279551903,3081.09972388809,3026.82557828498,2835.16213729335,2590.65513030077,2795.72030764976,3075.19619275889,3076.82508538213,3066.03947830991,3077.96517020556,2850.03870711993,2320.86934617024,2827.75200222151,3077.55321173457,3081.4735803202,3081.07745924713,3065.20542067167,2850.47410249903,2563.23727254725,2770.39606023762,3079.14345218609,3084.54736498509,3070.82068496548,2426.36018895967,2639.38547001575,2112.89429810931,2828.20564817336,3071.1004989697,3066.54226928476,3082.48532814899,3037.22011736713,2898.48420564904,2741.78155109112,2782.27980506277,2975.67848993556,2957.60506633909,2975.49462680849,2955.91743723185,2986.73788277663,2683.37858220046,2753.48936607757,3005.82217746246,2976.123757526,2958.03412113059,3005.7455716383,2883.53508515515,2742.61587000366,2755.04724438462,2995.07289777142,3016.2051187077,2976.54786320396,2963.38030228034,2936.21492076832,2807.39352149717,2780.42934277063,2957.12910375659,2976.46000162536,2997.07890393964,2977.10100908198,3062.98900018616,2664.15355526324,2757.32779985,2964.09231363072,3043.90502079064,3012.64149526909,3048.39649757222,3080.01244183737,2828.15607699892,2790.73668463724,3037.1631839077,3063.69955147875,3070.34762279981,3076.6304391229,2822.39736646425,2171.8990464174,2349.49235075759,2219.94805910245,1817.13499158191,1815.09146746568,2016.05206808263,1962.74851327137,1825.75474971651,2080.58863426495
2955.21165008632,2952.08568511315,2953.2738254076,3039.68353616845,2759.7934042269,3040.75910939085,3051.60805117822,3052.35102008957,3046.96487703539,2988.83004902583,3078.24997247402,2809.61317922391,2747.02929189398,2763.74460526862,2826.77526154728,2742.56276407754,2746.95137674873,2817.46893983412,2457.738293347,2652.403338335,2550.50147595866,2368.60835388083,1773.80978792273,1889.7031723527,2005.0773090575,1784.68727266006,2346.32345197634,2780.11263496381,2767.01004300318,2774.03198369252,2746.06428254721,2816.02377803436,2282.61557501592,2800.49987343628,3080.79286448628,2970.90586121712,3046.82771247545,3033.56707580791,3082.6388273109,2807.38562647029,2825.00946553692,2970.12737461821,3020.35150986025,2989.18629330831,3027.57473296968,3013.00059233302,2713.29317179127,2754.45346008687,3017.47325560072,3006.68642897296,2986.24602019333,2976.55017027692,3061.14406841975,2820.50033280144,2798.34300655717,2960.23166893448,2976.06977296128,2954.70880455403,2970.05644767596,2979.3659200589,2670.34362227954,2760.33848748984,3058.36329216699,2986.02335441999,3007.07405576326,2969.94396020779,2888.62585792206,2750.95203706572,2767.36628200008,3078.46391558459,3028.40723650238,3066.95072235073,2996.19942602155,2908.49936743987,2314.63683229255,2787.16124291132,3066.47495503573,3006.78476281368,3082.63638732327,3028.4148806677,2821.96741346452,2573.40761808799,2787.34755451205,3074.07985191309,3078.59758124534,3068.03052536879,3079.73303892563,2837.38989741476,2289.7583822063,2822.15681121941,3076.92557184535,3081.41831934717,3082.62094343536,3067.19872450351,2837.74266766214,2544.5949547714,2759.70228728835,3078.55963293973,3084.99910538559,3069.08498613291,2400.67704558573,2624.66191170802,2071.15735845313,2822.85520251724,3069.37397405327,3068.56904024426,3084.04935926851,3038.99317808329,2887.39938489678,2732.31526002545,2772.7499132828,2976.07450544342,2957.225475199,2974.74391831596,2955.1517086508,2979.49078649542,2670.91727165416,2739.5556481022,3007.02899742813,2976.51949677467,2957.69042444985,3006.91473382701,2871.91739684573,2733.19001721714,2741.14407719023,2996.00337069746,3017.60867553804,2976.94413380633,2963.27235708612,2926.6553035362,2801.19200093643,2766.29212839764,2956.78066871101,2975.73122831491,2996.57767564364,2976.38539641749,3060.64040310377,2650.66205359055,2743.48091955874,2963.9953647188,3044.35199908384,3012.40280548611,3048.98830221672,3081.52914834451,2822.68660151944,2776.72905923716,3038.91978490565,3065.6397090406,3072.23259332026,3076.02875415967,2816.27151443844,2133.17929844662,2319.86542735478,2183.68508253798,1760.31341116709,1758.1657248882,1969.3717392467,1913.34890558875,1769.37218038458,2037.20325217346
2955.13666715891,2952.00712218505,2953.19771982991,3039.71294949276,2759.25280050491,3040.62247786749,3051.65768268656,3052.40378523919,3047.00543008383,2988.80007426516,3078.26111385414,2809.29672562871,2746.41691396333,2763.07187079853,2826.17113881434,2741.89822994219,2746.33922078778,2817.14649654327,2456.57543255124,2651.71241142776,2549.56354900312,2367.22930926158,1770.99412084885,1887.16688813972,2002.81935605839,1781.89781264642,2344.89047072825,2779.65199429082,2766.49531453265,2773.54403318228,2745.45021960129,2815.72094467822,2281.02831040969,2800.11480039963,3080.82709200459,2970.86363318551,3046.8680810637,3033.58827143593,3082.7392351698,2807.0261530305,2824.40078831749,2970.08378659053,3020.35561636758,2989.15682129904,3027.58784906891,3012.78092197829,2712.74981210516,2753.88560010001,3017.53934370726,3006.73877306754,2986.26909031849,2976.51062680966,3061.07170443918,2820.20620414507,2797.69759362946,2960.18356272932,2976.02995354972,2954.66289712505,2970.01272683722,2979.06118752293,2669.69651422541,2759.79748683754,3058.47028683071,2986.04637536097,3007.12696924576,2969.93843961814,2888.12817831477,2750.49912668677,2766.8512818565,3078.57191776249,3028.48649202196,3067.06263238641,2996.23767820242,2908.04179836351,2313.12710370236,2786.72833505602,3066.58641702605,3006.83763868247,3082.73696545281,3028.49425906047,2821.35162950461,2572.52477282859,2786.91539878906,3074.06782250884,3078.70610614681,3068.14344520879,3079.84182478946,2836.80311752533,2288.18777517813,2821.8543739616,3076.93478936237,3081.45300612867,3082.72179540206,3067.31141802618,2837.15264821528,2543.64285111962,2759.1627886428,3078.57139170157,3085.05614788162,3069.04538370767,2399.37575063012,2623.90408249821,2069.05891793532,2822.56347437387,3069.33487235949,3068.6837047232,3084.15167207942,3039.08468009502,2886.89819793232,2731.8179302443,2772.26387305479,2976.08216991651,2957.19280764382,2974.70234800872,2955.10185692663,2979.18654501132,2670.27154183706,2738.87432967349,3007.08344750914,2976.52732352544,2957.65946108638,3006.96753740356,2871.38771371887,2732.69470236065,2740.46469190716,2996.04166291943,3017.67576129404,2976.95214795097,2963.2535823675,2926.23352150573,2800.85688865031,2765.61385829025,2956.74914991484,2975.69096995619,2996.55517788926,2976.34594962219,3060.57201651501,2649.96557107137,2742.80484397146,2963.97733742267,3044.3882054174,3012.39757957693,3049.03244266576,3081.62842648529,2822.38972423418,2776.06056804689,3039.01056681966,3065.74953067799,3072.34298778654,3076.03868959452,2815.94448770422,2131.23073012579,2318.36839035454,2181.85855122274,1757.46523267764,1755.3123686252,1967.02764673471,1910.86966607755,1766.54582834976,2035.02288806756
2953.9837583682,2950.82377763325,2952.05924396346,3039.70836600734,2749.14587569853,3035.62071176567,3051.95689213565,3052.77148810089,3047.1542309711,2988.21726020754,3076.63041972609,2804.34107521532,2734.55228620806,2749.09445073349,2812.70533010783,2728.64404812148,2734.48275153318,2811.91744027457,2435.17115541422,2639.48305212368,2532.53006469706,2341.62714089273,1717.60158976267,1839.17087212804,1960.20233396085,1729.01128529963,2318.2434853215,2771.3598090387,2756.96115832741,2764.61274254699,2733.5596121007,2811.02135324836,2251.39008071255,2793.50397202533,3079.79997855235,2970.31086947582,3047.01462352238,3033.48493793384,3083.56835662572,2800.98351316293,2810.8451617527,2969.51012540331,3020.05746503812,2988.58038405052,3027.38735289352,3006.03918649962,2703.39672317133,2743.12282543411,3018.90805969313,3007.96673633297,2987.1396941772,2975.91688924327,3057.44174649061,2815.66520739901,2783.70451050813,2959.68657715112,2975.43844485841,2954.33460417929,2969.43690727535,2970.65702239484,2658.32222899675,2749.66661614582,3060.05413102643,2986.91998953231,3008.36205715798,2970.37987655802,2876.28640473893,2742.90657617029,2757.30113311237,3079.71615667279,3029.97541740031,3068.58740379735,2997.30734898838,2896.89131612988,2284.99185711169,2779.06416363858,3068.10945389283,3008.07744130834,3083.57084144713,3029.98630665755,2807.66246163831,2556.55789611842,2779.2684419155,3071.86909472057,3079.86215864588,3069.67416083563,3080.98132975609,2823.58972277661,2258.86930112176,2817.07304429343,3075.28229348458,3080.42444805567,3083.56386305033,3068.85250760986,2823.83797281931,2526.33365047259,2749.08959771326,3076.9511909954,3084.58582887666,3066.17137176905,2375.28261607956,2610.37331769988,2029.52603980438,2818.04977129432,3066.46851019341,3070.24893328592,3085.00218327555,3040.67620444557,2874.98417970838,2723.36212361787,2763.41693151618,2976.74957967573,2957.16671595625,2974.09031801909,2954.65935974416,2970.79357311557,2658.92409712171,2725.20882428804,3008.36025861395,2977.1901720265,2957.66946510054,3008.20308133186,2859.01403253653,2724.27774376074,2726.81792955528,2997.11625457568,3019.06810543736,2977.61158441632,2963.47625892039,2915.69002748613,2795.54588327769,2751.41886536876,2956.76244458287,2975.09444573508,2996.01806080804,2975.75812947539,3057.06790075548,2637.61691477959,2729.19901892681,2964.20558858844,3044.47271946405,3012.00768824891,3049.23702981664,3082.45108637693,2817.74451328447,2761.90495350566,3040.58396073242,3067.24578721765,3073.70178851614,3074.42523825925,2810.61222033351,2094.59807556443,2290.47987852923,2147.58735614127,1703.44504575629,1701.19216376013,1922.74588309451,1863.9761137488,1712.94708185993,1993.90664261261
2952.99391639697,2949.81743647414,2951.09420312578,3039.52941673039,2739.77660792589,3030.19680104219,3052.0355619048,3052.91659930985,3047.0998762044,2987.6709978925,3074.52424872267,2800.0460517962,2723.42175383929,2735.69144752196,2799.5291407848,2716.09360745776,2723.36106114954,2807.32090797108,2415.42545321085,2628.35533934757,2516.88906207325,2317.94015024722,1667.85779247187,1794.48438081375,1920.5576317808,1679.74161879577,2293.57638654618,2763.7737150528,2748.15089059907,2756.39357932768,2722.40678533796,2806.96457879207,2223.91611925248,2787.56082991123,3078.30805993027,2969.87406489484,3046.95855208745,3033.23190877104,3083.99436658023,2795.59512312582,2797.58427321374,2969.05541873502,3019.66348147283,2988.03906857356,3027.06141651673,2998.94336496855,2694.97330816571,2733.09923891727,3020.21327707702,3009.17898944734,2988.08220980084,2975.41345561585,3053.34317265813,2811.75456064862,2770.11828891627,2959.35356577694,2974.93940183531,2954.19779099392,2968.98030573286,2961.99808327579,2647.9986700847,2740.26987157079,3061.38190362477,2987.86652160209,3009.57977112747,2970.95921293566,2864.49737233811,2736.1379255045,2748.4725544646,3080.48960079735,3031.35141320703,3069.81200068446,2998.4068254581,2885.72388926741,2258.92813857262,2772.09473782785,3069.33457792962,3009.30122022009,3084.00175124878,3031.36544932084,2794.27764942014,2541.91745459497,2772.31597104263,3069.19351613728,3080.64719650273,3070.90020326575,3081.74426824151,2810.62435340446,2231.69452513236,2812.91410908557,3073.16058733954,3078.9279693378,3084.00334494551,3070.0927378119,2810.76572379649,2510.43357120967,2739.75576642532,3074.85440192106,3083.65142750973,3062.8190361699,2353.01217708173,2598.02278575765,1992.77260114438,2814.15933480339,3063.12271094128,3071.50741998059,3085.44342053386,3042.10657233847,2863.12608515462,2715.78240725025,2755.2914891213,2977.53120802544,2957.3265244473,2973.57613783245,2954.40418481668,2962.14564770611,2648.62577085493,2712.24612116837,3009.62063996861,2977.96518749989,2957.86397921522,3009.42201919463,2846.75354613955,2716.73444746509,2713.86701346733,2998.22159357751,3020.39672473169,2978.38126761192,2963.86256541979,2905.06499899809,2790.91893900444,2737.77775485156,2956.96431092869,2974.59176827532,2995.48442446376,2975.26146577923,3053.10240619062,2626.37373689211,2716.27931508193,2964.59440432772,3044.36425310743,3011.55489761887,3049.23072227999,3082.87582165845,2813.7214968281,2748.25435392811,3041.99607355861,3068.44739108921,3074.72850802513,3072.34781375325,2805.9144882173,2060.56429024651,2264.64790977586,2115.76796577929,1653.11315157205,1650.76653689352,1881.54079462155,1820.32298188367,1663.01008728261,1955.66905840216
2952.00752152984,2948.82399252848,2950.144636127,3039.19030641312,2729.79032293404,3023.70088221167,3051.94889965365,3052.90276977888,3046.87776697128,2987.08666223781,3071.73081865991,2795.70984947059,2711.4441706765,2721.01489019197,2784.87132031963,2702.48753961978,2711.3940325992,2802.6310707771,2394.43297588335,2616.64894308035,2500.31846993366,2292.7031838603,1614.59643827146,1746.65957807342,1878.1536111487,1626.98988296711,2267.28484105384,2755.77376246981,2738.78409838479,2747.68417322605,2710.40710297154,2802.88434039818,2194.60344185009,2781.38240447862,3076.21730100894,2969.47549503429,3046.73493907477,3032.82915250808,3084.12129736923,2790.03111196149,2782.83506300564,2968.63913831793,3019.14517830061,2987.45915189057,3026.59604904223,2990.61597548133,2686.18417920812,2722.37559523598,3021.61877400246,3010.51988193403,2989.19279732694,2974.9197903905,3048.3052862533,2807.83055297476,2755.09513695168,2959.10947366708,2974.45237869873,2954.1954744795,2968.5621064221,2951.98813776131,2637.15964430506,2730.24961587063,3062.65056632788,2988.98239370739,3010.92541198228,2971.71644291116,2851.20870707712,2729.13412275179,2739.08315370776,3081.0359906575,3032.79501155052,3070.92714160958,2999.65876174989,2873.0791619943,2231.13325095963,2764.78117852786,3070.4522162656,3010.65472543654,3084.13431397025,3032.81259406743,2779.39650000874,2526.42385141149,2765.02133667874,3065.75586624657,3081.20648575435,3072.01346816515,3082.27424468415,2796.16998580816,2202.70349005876,2808.70773795801,3070.35518734515,3076.82944065238,3084.14590404373,3071.22491092584,2796.18594764102,2493.58354342215,2729.81091286058,3072.0706333735,3082.19089106358,3058.61583630404,2329.30047214496,2584.99788114174,1953.47765070402,2810.25390407065,3058.92596020379,3072.65521397837,3085.58232662931,3043.57084242958,2849.76207635955,2707.90357706107,2746.69573275414,2978.49583378652,2957.65213091691,2973.07638916445,2954.26586800389,2952.14799074982,2637.81397399045,2698.17375359391,3011.01483252385,2978.92076695704,2958.22736742805,3010.7696737281,2832.98282450705,2708.89488779555,2699.80215848186,2999.48084155,3021.82823054286,2979.32935156611,2964.42415439879,2892.97900406508,2786.22551303044,2722.81517367588,2957.33916499758,2974.1017603147,2994.88805299561,2974.77607548917,3048.22087415957,2614.54011006702,2702.24160314955,2965.15637638339,3044.08950197942,3010.99667070239,3049.05639280359,3083.00567716345,2809.66702656695,2733.24032313747,3043.43972582586,3069.54130627278,3075.5934905025,3069.59651000108,2801.11211218327,2024.19471263957,2237.10271106657,2081.78024396826,1599.21970597268,1596.77232806989,1837.45908817186,1773.60922567367,1609.54110418657,1914.77836384415
2951.87854175295,2948.689659732,2950.0147614001,3039.22541857407,2728.80024115084,3023.37020819589,3052.01862036676,3052.97858990075,3046.93146838495,2987.03085202033,3071.69121678857,2795.1633483321,2710.30868790666,2719.7361049088,2783.69276173997,2701.24268464546,2710.25908966065,2802.06772333974,2392.31604118772,2615.40796455971,2498.61897962307,2290.18511657933,1609.41590073068,1741.99657174972,1874.00627484825,1621.85788513031,2264.66676814957,2754.94093160537,2737.84441979385,2746.79699275503,2709.26871381632,2802.36276849916,2191.69923258408,2780.69710661481,3076.22571947856,2969.40601709702,3046.78834263442,3032.85104641145,3084.2715474101,2789.39575884526,2781.64800009562,2968.56731654915,3019.13993937155,2987.40416196418,3026.60494194683,2990.12685430986,2685.21729445068,2721.33068147567,3021.74513359012,3010.62486892236,2989.25034791738,2974.85213358122,3048.09807709506,2807.32472191368,2753.84899109983,2959.03485194528,2974.38446693798,2954.12925198907,2968.49005185841,2951.34068446147,2636.00010299865,2729.25825853943,3062.83378942119,2989.03998898326,3011.03132774331,2971.72497993631,2850.21315613805,2728.3351247915,2738.14261518851,3081.20589505538,3032.9413670122,3071.11438353481,2999.74137670599,2872.15520160558,2228.37283295956,2764.0028485882,3070.63885612026,3010.76075747097,3084.28492941205,3032.95920356626,2778.19638620239,2524.82645729681,2764.24449043054,3065.66931683811,3081.3774166493,3072.20212032599,3082.44492986996,2795.02083925861,2199.83004932565,2808.18362410035,3070.31251022851,3076.83836972785,3084.29712342476,3071.41364723997,2795.02951430971,2491.8577457203,2728.82329068323,3072.03212894092,3082.24545405293,3058.47344249079,2326.92664937106,2583.63272696066,1949.62589068749,2809.75180800689,3058.78442785964,3072.84714706268,3085.73560175909,3043.73548758571,2848.75987434021,2707.02218738123,2745.81366656381,2978.52792946252,2957.61211614119,2973.00567831174,2954.19101527216,2951.50150440815,2636.65699128939,2696.89489249478,3011.1240175613,2978.95290163289,2958.19063023607,3010.87547167024,2831.9308043719,2708.01722285104,2698.52626475208,2999.5636730114,3021.95659584986,2979.36159407176,2964.40930909725,2892.11859299673,2785.64468485346,2721.52245902785,2957.3018742036,2974.03315119206,2994.84276650876,2974.70873631917,3048.02266178068,2613.28843643001,2700.97108296982,2965.14261758681,3044.13579759082,3010.97711424818,3049.11629895666,3083.15433999268,2809.15424353183,2731.96078154242,3043.60289089532,3069.72506156155,3075.77339599802,3069.55601257915,2800.53977766747,2020.62074107913,2234.36585078334,2078.43246472286,1593.97895429213,1591.52198488363,1833.15215870802,1769.05190799439,1604.34077915207,1910.77481829052
2949.39335013984,2946.28769402707,2947.75260335958,3036.6532837589,2696.679627675,2995.28106665633,3050.03529429646,3051.24905319407,3044.57687020347,2985.13402849122,3057.17374039091,2783.61149291406,2670.64230275288,2668.6120795464,2730.38626540822,2655.18583458174,2670.63799207052,2789.06769168757,2325.29241045405,2579.26206753743,2446.28825471462,2209.07208035179,1435.65232910735,1586.17988907635,1736.09364231636,1449.77596118813,2180.06256079482,2730.06482268568,2707.95250607141,2719.29247080528,2669.54803995165,2791.65610212773,2097.08340074975,2762.38054624084,3064.4490645986,2968.79623195656,3044.4321694241,3030.22767554687,3081.3671253431,2773.28533838835,2728.03659116307,2967.91439978819,3016.49252057634,2985.5129865897,3023.93155871548,2955.65407593048,2658.8061013567,2686.43892149542,3026.38703797825,3015.4065900815,2993.8686633058,2973.69643452068,3025.15169232064,2797.12698443577,2700.08941955836,2959.35915403032,2973.26970579933,2955.55570201893,2967.8319829433,2911.29430566709,2602.74707321974,2696.98136297752,3065.4158465106,2993.6852720492,3015.81748877601,2975.54912129662,2800.20737471866,2707.88474540877,2708.14695249407,3080.14400480276,3037.32945667202,3072.76475160371,3004.55201894158,2824.03193303052,2138.78565110701,2741.62479431093,3072.31673669809,3015.58613888397,3081.40269752059,3037.36059099151,2724.16239192046,2476.0655942574,2741.93583303259,3048.70608344382,3080.36242346251,3073.81239331396,3081.27815328689,2742.15457138864,2106.27676925382,2796.90600820362,3055.80313512869,3065.00745641426,3081.45566378089,3073.1224061687,2741.64459017602,2438.59488385597,2696.87264265685,3057.54229305345,3072.8562222767,3038.60498462034,2250.87395842672,2543.0930350457,1821.9868145043,2799.58603903041,3038.93148533731,3074.56739920906,3082.82677425951,3047.81443505009,2798.49451105931,2683.65027716814,2718.81274020919,2982.93436538135,2960.20788526555,2971.88414915679,2955.08275614444,2911.5001466891,2603.49492804471,2649.06909640971,3016.09662573475,2983.31033145102,2960.91546813627,3015.67522624888,2780.58131460821,2684.77627409202,2650.67382187842,3004.40839089464,3026.6925279178,2983.6768652699,2967.70736397534,2845.59612275207,2772.90773184656,2669.15500237401,2960.09979134862,2972.91769766914,2992.65243338246,2973.59018608818,3025.72476119389,2576.69175341423,2653.14428487856,2968.41898702756,3041.66259592893,3008.42905676937,3046.88072831522,3080.30244420359,2798.4337373277,2679.01229218063,3047.60402716357,3071.34038178743,3076.22493248656,3055.28953578242,2787.13114211286,1902.65674643589,2145.60863391852,1968.3455724084,1418.1298306306,1415.34021059882,1689.69832866553,1616.90494234428,1429.89236081884,1777.86488434118
2947.61700350618,2944.61113670409,2946.18771514177,3034.18301732445,2671.07043976845,2970.56861350022,3047.96078145392,3049.37950503979,3042.22995107081,2983.63453897444,3043.76714276394,2775.00113081108,2638.68242779105,2626.67019168393,2685.99164913613,2617.78628880623,2638.71769721054,2779.26801919566,2271.82281951542,2550.72418601694,2404.67704513537,2144.23804251746,1296.23723927398,1461.2012517686,1625.52048106831,1311.71333096018,2112.41651462261,2710.47307333843,2684.18598095006,2697.50616119259,2637.55051585718,2783.73366127167,2021.36894264508,2748.20854768126,3053.37261594979,2968.51666534351,3042.08495420067,3027.76291362122,3077.89251347153,2760.93285520399,2683.39645005086,2967.60509217101,3014.11312339551,2984.01536860835,3021.47290181005,2925.71671079243,2638.1446672966,2658.50399153724,3030.01983368602,3019.26523383925,2997.79055869353,2972.9152503398,3004.66638872093,2789.61975983639,2655.56723419867,2959.94558630176,2972.52662495451,2957.10550785461,2967.51892211487,2876.8812947771,2576.54767991455,2671.2330591157,3066.88300865989,2997.63125822824,3019.67599098463,2978.96105392288,2758.07805969444,2692.05133637804,2684.28813948946,3078.29112361143,3040.63624030794,3073.35037260342,3008.53755841351,2783.33613297255,2067.12333240931,2724.1054462202,3072.93055039444,3019.47961007912,3077.94687586977,3040.67837546039,2679.1874248793,2437.33344499625,2724.47426031449,3033.2382423987,3078.54843827282,3074.35663325814,3079.32679190705,2698.04073910277,2031.41982090672,2788.5137530846,3042.41995839637,3053.87840758471,3078.03496187667,3073.75522801414,2697.08186276742,2396.22902834759,2671.41009005473,3044.15648518118,3063.79029103157,3020.68892672629,2190.12044297197,2511.00146260699,1719.6814977724,2792.10488388386,3021.02603446188,3075.19635063027,3079.3343832055,3050.75207759026,2756.15363205519,2665.44904806556,2697.47041794914,2986.77359882578,2962.70869589574,2971.14599096374,2956.18344075144,2877.12463211961,2577.36923782986,2610.17961448102,3020.11041748499,2987.10502935104,2963.51968154757,3019.54675512049,2737.45194930105,2666.68142172336,2611.74686286823,3008.42382850883,3030.40195535008,2987.43303159244,2970.74014491526,2806.10778938592,2763.334197973,2626.12235967953,2962.7723608422,2972.17674742784,2990.845403266,2972.8414067245,3005.80108008117,2547.78262573967,2614.21786859665,2971.42779081228,3039.23773073835,3006.19619696258,3044.6169958533,3076.88361200407,2790.49731473694,2635.38502141636,3050.47680729659,3071.90966022527,3075.73188744265,3042.11968250454,2776.99264345572,1808.14099029552,2074.61625218407,1880.17163476961,1277.03752993642,1273.98032036136,1574.666746982,1494.87897287232,1289.92659415929,1671.31855881018
2947.53163170663,2944.52606423435,2946.10670431366,3034.13873910893,2670.14474163589,2969.90127445408,3047.93786417345,3049.3634792288,3042.19509038728,2983.58040052687,3043.45757499461,2774.61916025082,2637.56213576522,2625.27503144518,2684.57800384878,2616.50486548756,2637.59848450194,2778.85110722215,2269.87945758898,2549.65064370438,2403.14776308794,2141.89736473619,1291.27700031074,1456.74892993728,1621.57469241299,1306.8006972013,2109.97721603319,2709.73891242606,2683.31974409758,2696.70322343873,2636.4283296987,2783.37568636418,2018.64701298044,2747.6492269297,3053.1324396834,2968.48571020301,3042.04998276058,3027.71409525183,3077.87334588084,2760.43243697705,2681.97424499701,2967.57262257385,3014.05666905564,2983.96156345867,3021.41962318174,2924.87536957475,2637.34475017047,2657.50644667486,3030.15014354311,3019.39272853644,2997.9020114392,2972.87341510097,3004.13811904405,2789.27639917315,2654.12627612365,2959.93271590778,2972.48557433156,2957.11779005051,2967.4862841429,2875.88272266136,2575.55546218877,2670.30379233346,3066.9859434305,2997.74328493873,3019.80382577038,2979.04298309779,2756.78122670711,2691.41894447223,2683.41953001405,3078.31524627847,3040.76664793919,3073.43513239194,3008.65968507553,2782.09721543545,2064.54338284057,2723.43741420314,3073.01571799936,3019.60829214983,3077.92826511671,3040.80912685639,2677.75302089082,2435.90494283757,2723.80805682232,3032.86566302949,3078.57380329681,3074.44092615759,3079.34894041031,2696.6440007055,2028.72797358449,2788.14297559484,3042.10972281507,3053.63724678899,3078.01735420896,3073.84159415667,2695.67247247895,2394.67353407303,2670.48855803414,3043.84778046832,3063.61170895255,3020.24147823753,2187.92251376646,2509.80430004347,1716.02627562331,2791.76308895296,3020.57913562962,3075.28380817131,3079.31593238668,3050.88098144721,2754.84966825217,2664.73453338402,2696.67924598669,2986.87388818374,2962.75223140097,2971.10406337449,2956.18232029643,2876.12724721812,2576.37957568289,2608.85259950376,3020.24299600224,2987.20430927918,2963.5667683069,3019.67484000682,2736.11235141028,2665.97059408722,2610.42008528563,3008.54672187612,3030.53475332385,2987.53146214673,2970.80494427193,2804.91882989996,2762.91871984724,2624.69780349685,2962.8208226978,2972.13549895861,2990.78792627613,2972.80042789979,3005.28859991786,2546.6969285069,2612.89304802989,2971.49242500274,3039.19845262203,3006.13804482727,3044.58624471013,3076.86510630722,2790.14113457592,2633.95195588316,3050.60370459614,3071.99276246581,3075.78992806306,3041.81506037674,2776.56489671219,1804.75925068675,2072.05968699485,1877.01256224628,1272.01824740167,1268.9516237351,1570.56419024485,1490.53047129982,1284.9469626741,1667.5142226405
2947.4357293337,2944.43071348552,2946.01597949555,3034.08610479109,2669.09188799479,2969.12732000208,3047.90903543997,3049.34247777412,3042.1528517376,2983.51904805947,3043.09329695071,2774.187326016,2636.28604158873,2623.68119592178,2682.95861863333,2615.04347834587,2636.32363898649,2778.37979022754,2267.66750487816,2548.42993376244,2401.40764664517,2139.23274108499,1285.62908041755,1451.67937207377,1617.08194771579,1301.20698308088,2107.2002646763,2708.90521402445,2682.33486809715,2695.79075514869,2635.1501191987,2782.97128657279,2015.54811096234,2747.01534778623,3052.84794670843,2968.45176450995,3042.00762364422,3027.65657314571,3077.84338997563,2759.86584340242,2680.3451167454,2967.53698584954,3013.99108109008,2983.90057403778,3021.35730407823,2923.9028108029,2636.43601048914,2656.37121708297,3030.29712061954,3019.53725919777,2998.02960072914,2972.82674832392,3003.5230154115,2788.88873669999,2652.47734157105,2959.91997568306,2972.4398289284,2957.13405556738,2967.45045839458,2874.73127804837,2574.42744693757,2669.24679083947,3067.09839774646,2997.87153911388,3019.94871806986,2979.13788398124,2755.29225622564,2690.70126911066,2682.43189686233,3078.33546620404,3040.9129208231,3073.52603771321,3008.79879745194,2780.67363270762,2061.60620914925,2722.67935548745,3073.10712738519,3019.75416612779,3077.89894803049,3040.95579173378,2676.11004269126,2434.27965370382,2723.05209138424,3032.4290671198,3078.59544420192,3074.53125132436,3079.36683348495,2695.04338298369,2025.66336300206,2787.72420528307,3041.74480913527,3053.35157444265,3077.98919363665,3073.93432683672,2694.05724973258,2392.90352524951,2669.44050941255,3043.48447494818,3063.39789504355,3019.71895713062,2185.42051731745,2508.44265168861,1711.86442685009,2791.37728137041,3020.05722772941,3075.37769401859,3079.28669643399,3051.02474047285,2753.35256474883,2663.923175502,2695.78041909207,2986.98936133556,2962.80402896798,2971.05738200742,2956.18325844346,2874.97716198866,2575.25447530237,2607.33889682827,3020.39330329271,2987.31860616871,2963.6225937985,3019.82003010695,2734.57523554615,2665.16344584402,2608.906548905,3008.6867188933,3030.68455857292,2987.64476792332,2970.88067448347,2803.55158271091,2762.44860763664,2623.06992827707,2962.87826557444,2972.08954445143,2990.72236606569,2972.75474862863,3004.69172538431,2545.46232891726,2611.3816087987,2971.56792940004,3039.1512991517,3006.07091496458,3044.54860031641,3076.83599296046,2789.73896519284,2632.31357316657,3050.74516973807,3072.08186403871,3075.84968209054,3041.45663927171,2776.08118688225,1800.9088694995,2069.14915987792,1873.41577394073,1266.30309808583,1263.22575460809,1565.89292631129,1485.57913877301,1279.27696228108,1663.18256995257
2947.13841547485,2944.1973030937,2945.81504748604,3032.96822069283,2661.7842515628,2959.58829761763,3046.82383787962,3048.31621598132,3041.01709731122,2983.11677569407,3037.26874614895,2772.26194932656,2626.82857907743,2610.49705458713,2668.31598703095,2603.68119020366,2626.8810815865,2776.12039556387,2252.24890138131,2540.45426789989,2389.52247772813,2120.43677196471,1244.84997689079,1415.14329793443,1584.78389184594,1260.82508276631,2087.57345226707,2703.55167925682,2675.61690154869,2689.71300963555,2625.68810792924,2781.26187445593,1993.53188376116,2743.38889026473,3047.83743305901,2968.58722019895,3040.87275590831,3026.58801129047,3075.54812508378,2756.81485500415,2665.63054446998,2967.66906486608,3013.05425525185,2983.49609406352,3020.33802707805,2912.74280263552,2630.83269987865,2648.28307222625,3031.19092731988,3020.61984082823,2999.3428759412,2972.75493698544,2995.31406220671,2787.31276824663,2638.04981600006,2960.42000135385,2972.38420963664,2957.98693576585,2967.58186382921,2862.27303332463,2567.15273322045,2661.88428870055,3066.81143710729,2999.19406492773,3021.02718308286,2980.44630439647,2740.89571301369,2686.56013613976,2675.67760008338,3076.66284153972,3041.57940631204,3072.84014406587,3010.03057819254,2766.60952207571,2040.78941613868,2717.99552662232,3072.4359839106,3020.84606968636,3075.61008464554,3041.62570770458,2661.3031631442,2423.2505137429,2718.38717914223,3025.90279705538,3076.93538141182,3073.82445681892,3077.65141109061,2680.40473113866,2003.90380806673,2785.89021866167,3035.94641473448,3048.31608137604,3075.71304965203,3073.26226139094,2679.2536726477,2380.79023574332,2662.18620119824,3037.66442565971,3059.07014520356,3012.35945378077,2167.83584260824,2499.39776702624,1682.00086643726,2789.81558536755,3012.69880711626,3074.69017548621,3076.9707582588,3051.45313734484,2738.89132869577,2659.06239205749,2689.87366474689,2988.37378366337,2963.93657169406,2971.01379700339,2956.88903822405,2862.53122658026,2568.00211215936,2595.47065992845,3021.5211818674,2988.68507188302,2964.78392253257,3020.90449436399,2719.97284869208,2660.33542750926,2597.01028323424,3009.92952609343,3031.60093105143,2988.99553953077,2972.12872969936,2789.75451986253,2760.22438095867,2609.47098896507,2964.06891247505,2972.03729095497,2990.15895868455,2972.69478195389,2996.68940737455,2537.36902346547,2599.4641075614,2972.80241515068,3038.01131017471,3005.24423116368,3043.42366087897,3074.57157409163,2788.04077727896,2618.40555222781,3051.15259620628,3071.40434259891,3074.72679856458,3035.73858160808,2773.71237922479,1773.34297796099,2048.53207444882,1847.72032133402,1225.0315175678,1221.87551982937,1532.28321654138,1449.9117719575,1238.33625816766,1632.07120388664
2946.88082865269,2944.0239138756,2945.67824193993,3031.59742694393,2653.64136065319,2947.99149808875,3045.45754058871,3047.01364571603,3039.6065930696,2982.68851121259,3029.96544029978,2770.19883287119,2616.18301136895,2595.39181749076,2651.29724709557,2590.79544961064,2616.25339665917,2773.73359801027,2234.87546365753,2531.48859099721,2376.13668418706,2099.25692390733,1198.98660299989,1374.03814229336,1548.43332723625,1215.40699575417,2065.45975821453,2697.65336480204,2668.14832722095,2682.97887532126,2615.04005292731,2779.45187671808,1968.72958174196,2739.45906271617,3041.49230125852,2968.81345023768,3039.46356401753,3025.28876402602,3072.41875834286,2753.53832577496,2648.53170830933,2967.89360991297,3011.93870593712,2983.06439071733,3019.1103428607,2899.30587791685,2624.55876700204,2639.23406995793,3032.0571253158,3021.74654482225,3000.81478260719,2972.73239567087,2985.23396742024,2785.66242692087,2621.36952666909,2961.085283144,2972.38123094495,2959.06259497656,2967.80583106324,2847.39587740664,2558.97992142391,2653.67481862609,3066.14131884966,3000.67679381653,3022.147579109,2981.97647326632,2723.98712954606,2681.95104764718,2668.16496349579,3074.28524288425,3042.13827216198,3071.66963470143,3011.36925283761,2750.03668690571,2017.33642443653,2712.86456783125,3071.28451412258,3021.98226838525,3072.48811176491,3042.18836906097,2644.10383192808,2410.83052271588,2713.27802333573,3017.77976580672,3074.57218555958,3072.62814851069,3075.22167506594,2663.35989083408,1979.39293193952,2783.97248195812,3028.68114481438,3041.93928752839,3072.60618691299,3072.10694898805,2662.01194345027,2367.14492099415,2654.10669052448,3030.36547649421,3053.52192538755,3003.26310448332,2148.02043987295,2489.21900647636,1648.38258655981,2788.19053729833,3003.60284815591,3073.51166909434,3073.81196814656,3051.69377793413,2721.90965874718,2653.63191734405,2683.34584798953,2989.96421976423,2965.31490148416,2971.02790817256,2957.79907959073,2847.66829388691,2559.85476433897,2581.99493627323,3022.69654771405,2990.2540803462,2966.19274996101,3022.03239656018,2702.86928874875,2654.94270792519,2583.4966731253,3011.28101534547,3032.49142696407,2990.54581974172,2973.61508049712,2773.44496845157,2757.81438901984,2593.86674179051,2965.51319923145,2972.03900954033,2989.5281474565,2972.68605750394,2986.85602380328,2528.26886587782,2585.91847049447,2974.27147796955,3036.60317243396,3004.27407594461,3042.01991042376,3071.48241098086,2786.26913998341,2602.40441746415,3051.36950096452,3070.24885638589,3073.02185072467,3028.56872182421,2771.20015820773,1742.30543444829,2025.3044888418,1818.78355302139,1178.61609884313,1175.37189339234,1494.46111945018,1409.78123544983,1192.29178256341,1597.05297360684
2946.73674650747,2943.96808626169,2945.65491248688,3030.22827503894,2646.47557989932,2936.7953948517,3044.06025540201,3045.67248834282,3038.18135080841,2982.32262286245,3022.74157880495,2768.59355545407,2606.6805628244,2581.61528360817,2635.53474319543,2579.18134122316,2606.76812213367,2771.84636629796,2219.51898562267,2523.66282098852,2364.3493759637,2080.4968323313,1158.22340455653,1337.51181170444,1516.14220232171,1175.04018020475,2045.86646948315,2692.55702612823,2661.60132628973,2677.10805828468,2605.53788364156,2778.07729166003,1946.73536743511,2736.16667668021,3035.17091257977,2969.09842913649,3038.0398604016,3024.00152309689,3069.14433887849,2750.84316070123,2632.69798069138,2968.17915220247,3010.85573353582,2982.6943859846,3017.90496174797,2886.43888733628,2619.15181306572,2631.22443381107,3032.76092651685,3022.72913371313,3002.18593900642,2972.77315200266,2975.4217066622,2784.43440641854,2606.00504195529,2961.80300809857,2972.44130301342,2960.17209991464,2968.09102353099,2833.25324560399,2551.86537078225,2646.4444099661,3065.26902505672,3002.05840752601,3023.12299070479,2983.45512714944,2708.16206359149,2678.04308749274,2661.57520884148,3071.73597148071,3042.51810642031,3070.29834046572,3012.58339858908,2734.47651682214,1996.54692213446,2708.47462947986,3069.93264449048,3022.97294831185,3069.22060911366,3042.57165539839,2628.18296927631,2399.90697243884,2708.90823808963,3009.78942665844,3072.03616813866,3071.23056121728,3072.62070804063,2647.54408094675,1957.65999947891,2782.5073197835,3021.49854818334,3035.58606730408,3069.35305352325,3070.74916281332,2646.00822290761,2355.12410100399,2647.00125542117,3023.14487778392,3047.94515394362,2994.36274417734,2130.47988531036,2480.30357449556,1618.52609264069,2786.98761445974,2994.70205672856,3072.12774993225,3070.5054374413,3051.74068546497,2706.01856353722,2648.983462681,2677.67422404113,2991.47744806133,2966.69371905096,2971.10723999402,2958.75546323396,2833.53881789211,2552.76315177004,2569.82949917632,3023.72230433599,2991.74638176368,2967.59808302605,3023.01532024402,2686.90434511735,2650.32844812036,2571.29099274182,3012.50741804632,3033.21685651187,2992.01978735376,2975.07433775695,2758.08558354935,2755.89417568061,2579.60986500119,2966.95361157945,2972.10431046629,2988.95497935848,2972.73999367925,2977.27931023593,2520.3200952346,2573.67608677533,2975.71285772805,3035.18721078427,3003.34613036083,3040.59543554882,3068.24931551758,2784.93471733224,2587.74277103421,3051.39455647499,3068.895988644,3071.12886016726,3021.47779054527,2769.19749523272,1714.75006332657,2004.71677048453,1793.10127213618,1137.36152352956,1134.03877254026,1460.85920688654,1374.12307599344,1151.3674208959,1565.94941135444
2946.69715540491,2944.13317262315,2945.88171617049,3027.25678863714,2633.09144553671,2912.9823216787,3040.9412522331,3042.65480577135,3035.04479952331,2981.68817270301,3006.84995516848,2765.97893138395,2588.5841891465,2554.57712028283,2603.91524016694,2556.76665485808,2588.70778962163,2768.79954345623,2190.40196455637,2508.96877149139,2342.05838533087,2044.88338598678,1080.85645897048,1268.16864164425,1454.82505633979,1098.42351122436,2008.66936672434,2683.266998649,2649.43300628632,2666.27480976684,2587.44958329143,2775.92564305107,1904.9670756782,2730.40682583295,3021.12571796577,2969.86575409497,3034.90721405601,3021.23494979853,3061.38489104654,2746.24574353334,2600.94477148495,2968.95366209124,3008.58669612562,2982.04921553653,3015.34322896545,2859.38504333893,2609.12055684494,2616.14507346748,3033.76784259488,3024.40519094291,3004.84610109839,2973.02307735967,2954.31203574149,2782.58372257897,2575.42407540759,2963.49113630682,2972.7324663286,2962.65795565912,2968.86537813017,2803.81990578605,2538.53652033666,2632.92274159992,3062.67250429031,3004.74009391198,3024.78063067111,2986.49716658848,2675.9429209343,2670.91525960399,2649.31596122644,3065.50939114814,3042.759877084,3066.60067595864,3014.82710536145,2702.65350441671,1957.07149930144,2700.57758621577,3066.27907307182,3024.6621578544,3061.4750198643,3042.81994675952,2596.27288280364,2379.26669939318,2701.05125118765,2992.34584737255,3065.8357381918,3067.47513441179,3066.28284083687,2615.73445797901,1916.39513548954,2780.24956756113,3005.7092121759,3021.46988536365,3061.63723603254,3067.07647939347,2613.80696891667,2332.38137883272,2633.74225994368,3007.25748406492,3035.40595592915,2975.07669934831,2097.19225109901,2463.50955506981,1561.82557974765,2785.20456269974,2975.4128252033,3068.38877180294,3062.66721032634,3051.20333353338,2673.67234649287,2640.41674262014,2667.26194310963,2994.51803133968,2969.66910795063,2971.44591125051,2960.94399364675,2804.13170140152,2539.47877003814,2546.3007314082,3025.47598214262,2994.74294050317,2970.6196890605,3024.68952666036,2654.5232746111,2641.82899192237,2547.66700859115,3014.77608687866,3034.26285786285,2994.97773826271,2978.1451394271,2726.53932773426,2752.65471614973,2551.56034996749,2970.05023188671,2972.40821767928,2987.85833318297,2973.01682068913,2956.66067857415,2505.38485434734,2549.95851557116,2978.74327512676,3032.08915472426,3001.43890637065,3037.44472657973,3060.5845126775,2782.91369099726,2558.777950366,3050.81463788016,3065.24913066062,3066.31131892173,3005.87917541214,2765.922972554,1662.41841281696,1965.62734312271,1744.32557062465,1059.06462994679,1055.59312065793,1397.05801725557,1306.42521952587,1073.69559151746,1506.88547061608
2946.8988092162,2944.65824419843,2946.49208011576,3022.74776829558,2614.88997913638,2877.35027294985,3036.12497876706,3037.97250747327,3030.24349117932,2980.88044801764,2982.56226296614,2762.88882936399,2563.57754363633,2516.32648212802,2558.45634450587,2525.46250564939,2563.75463407581,2765.21491345599,2150.34580109881,2488.93613846162,2311.46862951626,1995.83159059214,974.247767827154,1172.60328123548,1370.31193823921,992.847021597142,1957.43174684646,2670.89711734592,2632.95455200679,2651.69520466336,2562.46231323985,2773.4999581042,1847.41185986492,2723.02567692762,2999.5308426011,2971.17608842817,3030.11237417991,3017.06306178065,3049.00952864912,2740.50093148419,2555.30305856557,2970.28065032719,3005.22219949289,2981.22349752842,3011.50843378257,2819.20683722146,2595.59315099095,2595.50211501526,3034.81117427681,3026.52410509776,3008.59102012421,2973.5599079965,2922.49306187735,2780.59652571683,2531.70752972374,2966.18218042919,2973.3312575442,2966.5103204069,2970.19270807116,2760.40500086188,2520.4025302558,2614.51526838281,3058.07788587166,3008.51659572472,3026.86892371646,2990.96193730433,2629.13085956721,2661.45270427366,2632.70136351945,3055.41938363766,3042.58404647366,3060.31902176131,3017.86871777271,2656.27123627072,1902.68426683462,2690.1872935376,3060.06612248566,3026.79690099315,3049.1195868723,3042.65309500343,2550.42407406975,2350.96474076056,2690.71820415637,2965.81121398837,3055.78289623868,3061.10503877349,3056.02475033043,2569.91593085398,1859.54179656629,2777.74288658489,2981.58856299919,2999.76555734095,3049.32560140583,3060.82860081249,2567.41003588342,2301.1597795875,2615.72504038539,2982.97348780839,3015.98976354639,2945.87466771504,2051.3590003424,2440.54790426021,1483.67284565684,2783.33080600063,2946.20381385457,3062.03127166895,3050.16375643615,3049.79230537868,2626.68308536484,2628.93501504042,2653.31002445961,2998.90839501681,2974.17471408111,2972.12231392703,2964.37817291229,2760.75433908009,2521.40707830448,2513.38550662603,3027.69755515852,2999.06778651762,2975.18472546558,3026.80319868365,2607.60111131035,2630.44248158828,2514.59983049161,3017.85404956386,3035.35810932517,2999.24508145993,2982.72062480405,2680.42471775175,2748.67489002013,2511.80549830841,2974.72810471538,2973.02770030776,2986.33704193445,2973.59286313169,2925.56706419477,2485.01101859788,2516.7360646988,2983.25593262969,3027.36397094556,2998.64803123258,3032.6066750224,3048.35738645078,2780.72263917646,2517.59954894631,3049.34363378283,3059.05476347923,3058.34327923488,2982.04008010632,2762.01469797013,1590.29049662817,1911.7755060013,1677.10115698158,951.176696914945,947.500438162208,1309.12423854394,1213.12560996842,966.66763349437,1425.47802110413
2947.35674993383,2945.48077050243,2947.4001372477,3017.89823136565,2597.0237874884,2838.83345404805,3030.85592856408,3032.82566371943,3025.03522230116,2980.17184696101,2955.71658074457,2760.05542220389,2538.65878355468,2477.31171134769,2511.3165509178,2493.94733779132,2538.89293634789,2762.11242327635,2110.20744830051,2468.86384204893,2280.80248074981,1946.71125538301,867.998782160573,1077.29297219879,1285.95659296934,887.619914171809,1906.13835887303,2658.98071720295,2616.83670081089,2637.51169294054,2537.57215262165,2771.36855097474,1789.82657494732,2716.14610858478,2975.50953913994,2972.73212240761,3024.91158725558,3012.60331822559,3034.71503581691,2735.26374020081,2507.98471384437,2971.86074904357,3001.68562438752,2980.49372752963,3007.43883940764,2776.11744567584,2582.08415076554,2575.11345375437,3035.29690875894,3028.25060017553,3012.2406441989,2974.29799301647,2887.83454646772,2778.94004093646,2486.64011219407,2969.20196137188,2974.13522499271,2970.72115475325,2971.77378982929,2714.17382065425,2502.23647142749,2596.42731491361,3052.22119041205,3012.19873392988,3028.55894969167,2995.55885790886,2580.05588067069,2652.06699892608,2616.43702460134,3043.57662718836,3041.67389583775,3052.60328912407,3020.6696401073,2607.48730851417,1848.25290576672,2680.28373881011,3052.42734665815,3028.53508545843,3034.84548335588,3041.75153391778,2502.911990214,2322.58728235637,2680.87331494498,2936.62697930815,3043.97796422657,3053.29423602117,3044.00187011346,2522.31064874572,1802.66610028133,2775.66861644293,2954.94054310719,2975.62285945552,3035.09782206719,3053.14494136182,2519.19004344682,2269.8534765754,2598.05377339498,2956.12893708029,2994.2338623483,2913.91434804892,2005.44962635878,2417.52038469336,1405.62582547545,2781.82569462027,2914.23360930031,3054.21781570473,3035.71989330832,3047.47501643854,2577.43107311332,2617.49355921136,2639.79923464585,3003.33717698345,2978.98318902577,2973.01552419911,2968.17734773649,2714.56176621807,2503.3042686891,2480.19720023755,3029.51622124251,3003.42762928464,2980.04461224186,3028.52108037811,2558.54668720593,2619.09932523571,2481.23809404206,3020.69218623277,3035.89071228991,3003.5444725204,2987.51621509007,2631.77473672394,2744.91339884582,2471.18234554716,2979.70802914357,2973.85533212111,2984.84893770297,2974.371340963,2891.67942972249,2464.59228387679,2483.19127635095,2987.98233195067,3022.25652054388,2995.75385851733,3027.3426253911,3034.22975175343,2778.93290729413,2475.38844211095,3046.96664527136,3051.44608305896,3048.80080160141,2955.6884892845,2758.58285482699,1518.22654636333,1857.87995470584,1609.9063661474,843.661447626994,839.782367642504,1221.37833957147,1120.06120380072,860.003804480567,1344.20475452409
2948.02552159529,2946.50808880758,2948.50155295309,3013.43391302876,2581.98242148791,2802.28395652774,3025.89973422098,3027.95513617021,3020.18834377205,2979.70157973068,2929.4933823682,2757.46523067093,2517.33204794157,2442.96441356494,2468.93034509838,2466.65351852285,2517.61908559526,2759.7085271729,2075.02769521295,2450.99592547261,2253.77364481596,1903.83079491694,776.620640023425,995.169465425963,1213.1118626245,797.105579356896,1861.40836760588,2649.12198428112,2603.30666797839,2625.66306314777,2516.28127138058,2769.44368987125,1739.72514440847,2710.59787879969,2951.85125025009,2974.32387981664,3020.07216420442,3008.52924451448,3019.95762462698,2731.10556226982,2465.45203888093,2973.48197634862,2998.52488982429,2980.00185120481,3003.75610011695,2735.64858322737,2569.94379219106,2557.83402660486,3034.82483484573,3029.0448988132,3015.05379852588,2975.15621451012,2854.62038920128,2777.48439744105,2446.42372099958,2972.10973926625,2975.0529996888,2974.64762951986,2973.39666163439,2671.1524113824,2486.0172580833,2581.17810863951,3045.4615071569,3015.03966491355,3029.31461213642,2999.48043629233,2535.30366435706,2643.56000284474,2602.7697933946,3031.11167859199,3039.78836552782,3044.04679669276,3022.57127154645,2562.81044610181,1800.84230957984,2672.1675229763,3043.94672441644,3029.33256351235,3020.10571852127,3039.87250519222,2460.23121845388,2297.52872476103,2672.80858237283,2908.30212940896,3031.54586075772,3044.65149313137,3031.3718545134,2479.39830314432,1753.18825699569,2774.04576495178,2928.92740634321,2951.84627292251,3020.40055310464,3044.61300061604,2475.70966859,2242.26163430378,2583.19108204758,2929.90342151064,2972.60866404111,2883.09459888864,1965.31821902372,2397.0723304424,1338.12966893711,2780.56733224632,2883.40178924102,3045.54939028794,3020.80808554374,3044.17348906764,2532.52859882268,2607.16297086543,2628.57772438679,3006.98430127427,2983.32127348073,2974.02213209398,2971.77474775406,2671.57449062959,2487.14086736184,2451.40654890371,3030.37071386017,3007.01338225112,2984.41356018325,3029.3034059955,2513.97391499152,2608.85813409168,2452.27346787706,3022.62546626451,3035.4495898236,3007.07660549017,2991.72632436618,2587.04592880232,2741.46294953634,2435.33970276459,2984.18545687675,2974.79651278278,2983.6485182672,2975.26450131473,2859.17741860532,2446.4234567402,2454.03669027634,2992.12690233714,3017.52496198809,2993.21355779021,3022.42512124817,3019.63779604486,2777.49422940384,2437.99306481233,3043.61586885461,3043.00673670326,3038.51602519864,2929.94267183338,2755.89323276689,1455.81385531973,1810.9305097619,1551.63020023685,751.213170639685,747.162477679894,1145.6618421721,1039.84009660895,768.275308487104,1273.97576775857
2948.67122294382,2947.46225137247,2949.51627079461,3009.707099354,2569.93861257973,2771.35276432198,3021.72238671434,3023.83911600644,3016.12240150102,2979.37915986767,2907.03995025553,2755.337357753,2500.1085007846,2414.84028688363,2433.88388934293,2444.47977882501,2500.4398739981,2757.88759734207,2046.30968153523,2436.32165621475,2231.6598229206,1868.88413994458,702.631418356279,928.618429239978,1154.02244128305,723.810330128023,1824.97091269625,2641.30471949449,2592.4909553132,2616.21721701652,2499.09113684512,2767.87795754462,1698.95182080696,2706.2671014086,2931.52841108284,2975.71638207834,3016.01265150988,3005.14003684277,3007.05328202581,2727.89324035671,2430.28967313951,2974.90184344186,2995.92226118212,2979.66058782541,3000.70577880885,2701.54723244568,2559.94052126214,2543.94954905384,3034.1031473552,3029.42630483388,3017.21202791891,2975.94282470641,2826.39795737162,2776.32161269692,2413.28599442874,2974.59074672918,2975.88897933458,2977.95183348223,2974.81817197455,2635.04108336931,2472.68204716557,2568.95922370655,3039.3234527542,3017.22033002735,3029.66190270035,3002.65033033592,2498.06765258526,2636.5329151833,2591.83854290935,3020.13579380423,3037.83913058822,3036.37640166232,3023.9207382183,2525.56753981744,1762.24039900984,2665.76730251553,3036.34154522043,3029.71388883888,3007.21571551533,3037.92819529933,2424.95605955405,2277.01156698647,2666.45049043067,2884.11100609053,3020.59670823597,3036.90944991532,3020.25828001196,2443.87659262041,1712.92504683238,2772.81920525922,2906.65965662028,2931.42221526309,3007.54600688319,3036.961323537,2439.71252215034,2219.68704264439,2571.29635910539,2907.44683882129,2953.96578669289,2856.84062719104,1932.59363070065,2380.29345991927,1283.34347483845,2779.58949463103,2857.13665645945,3037.77751872684,3007.76861960208,3040.99740854423,2495.17162782437,2598.6376747574,2619.65893746176,3009.88161049204,2986.91937685213,2974.93480985343,2974.82200668658,2635.49117694555,2473.85140259287,2427.9972397285,3030.79351238189,3009.86016174248,2988.03150405033,3029.67334560121,2476.94611314482,2600.40708703437,2428.71354752535,3024.00043788442,3034.74936084583,3009.87930872302,2995.17551444967,2549.69603387593,2738.61483612921,2405.9603114963,2987.89332470713,2975.65265384809,2982.71133620828,2976.07948276494,2831.5509749368,2431.50416273008,2430.31021274483,2995.5206519027,3013.56380273701,2991.14002704157,3018.29295228206,3006.87599600967,2776.3943140131,2407.28281023683,3040.40069790186,3035.44095419905,3029.3845756253,2907.89629688551,2753.83972522167,1405.12172316703,1772.70227457761,1504.26929507703,676.364314583674,672.17568543567,1084.2630652479,974.818945408926,694.004740762631,1216.99185551932
2948.70174635919,2947.51892801056,2949.57919599602,3009.36452725824,2568.63857764266,2768.56281199397,3021.34954758405,3023.47468245299,3015.75419889851,2979.32973722161,2905.08841293408,2755.09913948711,2498.30272790673,2412.02147352836,2430.47932696728,2442.20043146824,2498.63820402014,2757.64068663462,2043.35951054881,2434.82652949671,2229.39621042416,1865.28334056183,694.897704365193,921.675748558654,1147.87206978042,716.150506580655,1821.21286444379,2640.43049009975,2591.3160187789,2615.18071356086,2497.28745405712,2767.69184820847,1694.73826904263,2705.7522663425,2929.7800051742,2975.8264848448,3015.6449761165,3004.82512234509,3006.00464182722,2727.49530564055,2426.87231611732,2975.01369098802,2995.67284048911,2979.60965933417,3000.41857949049,2698.42915664971,2558.92221273086,2542.46870360338,3034.12182908048,3029.5350584775,3017.46090772463,2975.99539538133,2823.88493108377,2776.1711899546,2410.03116401374,2974.80376047597,2975.94618899499,2978.24805680456,2974.93009328399,2631.69794318236,2471.32513614452,2567.64323782463,3038.88309871453,3017.47146807726,3029.76799175413,3002.96951963308,2494.52234721563,2635.81480532982,2590.65307107958,3019.26374763826,3037.75650449672,3035.80186864585,3024.10751283484,2522.04265316994,1758.25515561573,2665.03692556606,3035.77257676045,3029.82334388375,3006.16852007695,3037.84615998347,2421.52484886865,2274.91394792236,2665.7243176278,2881.99137857128,3019.72736845739,3036.32828498965,3019.37349775156,2440.43833135128,1708.7632392468,2772.64364075285,2904.7227097604,2929.66503866218,3006.50214208167,3036.38904025041,2436.23000436531,2217.37683587418,2570.01032854444,2905.49536691918,2952.3801832794,2854.52145193573,1929.22537796528,2378.58355453375,1277.6494011519,2779.45163290067,2854.81675766537,3037.19577169382,3006.70911508323,3040.8127662293,2491.6136232904,2597.76966077619,2618.67081631852,3010.18726724254,2987.2562020318,2974.99835294992,2975.08969293896,2632.15080978777,2472.49909741695,2425.59779241225,3030.90845172492,3010.1609739436,2988.3717707602,3029.78143448387,2473.40271509371,2599.54628508605,2426.30158991967,3024.18980454045,3034.77118837877,3010.17588293337,2995.51004917506,2546.18031218289,2738.30815026894,2403.02581335475,2988.24203688961,2975.71154192119,2982.60685781403,2976.13488823768,2829.09343427811,2429.9841611705,2427.88503410846,2995.85029073956,3013.20285969259,2990.93609184494,3017.9206966323,3005.83942716624,2776.23767228938,2404.23388810196,3040.21186163497,3034.87429029161,3028.67842211957,2905.98042842217,2753.56925569562,1399.86053249487,1768.75586583623,1499.36038901683,668.53904133893,664.33574497202,1077.867475242,968.038699479189,686.241033017919,1211.06444555595
2949.12147826515,2948.0930066324,2950.17918322164,3007.70242637509,2563.76613108839,2753.51872145146,3019.41880999847,3021.55354567192,3013.90753948749,2979.29800216826,2893.69671803441,2753.81362915308,2491.17976367185,2399.86417072729,2414.80188963419,2432.86812283227,2491.53583549944,2756.84342746835,2030.58692998517,2427.95444119037,2219.38248419087,1849.93019923767,663.72141731925,893.490962212775,1122.69579137635,685.252774883152,1805.25208350381,2637.31385259121,2586.94623931047,2611.37778209494,2490.18565674027,2766.69071226358,1676.99797629669,2704.02581925663,2919.34870770802,2976.54140429678,3013.80151011018,3003.333154341,2998.95897090495,2726.20214678457,2411.15226682017,2975.74551122407,2994.57143347805,2979.56818186533,2999.0980148768,2682.09975509489,2554.06144517817,2536.80327334151,3033.11360967227,3029.11360306786,3018.01669448615,2976.45406747001,2809.95771216591,2775.38781087409,2395.38920130729,2975.98061612687,2976.42607520009,2979.7372852688,2975.66312294746,2614.64725654966,2465.01812690281,2562.68808854617,3035.09728439316,3018.03562870351,3029.32754306847,3004.14660201338,2477.48643490947,2632.26290621045,2586.22877803448,3013.12849943741,3036.10106771301,3031.25724486091,3024.20647366196,2504.88799106186,1741.40478048793,2662.5003495598,3031.26113381517,3029.39624541245,2999.12860997137,3036.19194056369,2405.77104152707,2265.56870155442,2663.20553490858,2869.83026098128,3013.60316149437,3031.75324353279,3013.17724602395,2424.48398358759,1691.24701321871,2772.00079824551,2893.43600479567,2919.1830225405,2999.47845704133,3031.84965848615,2420.05517901191,2207.1612372301,2565.20590559833,2894.10014262262,2942.69079539983,2841.44683700159,1914.78999274913,2370.80372367809,1254.2121832059,2778.80195413819,2841.73517960729,3032.5901214857,2999.59042948686,3038.51583864974,2474.52966474563,2593.54947809086,2615.11491553545,3011.15710841565,2988.77971767582,2975.5166237607,2976.49888217054,2615.11217336149,2466.2122620559,2415.72408920345,3030.48790517656,3011.10976811854,2989.89265643382,3029.35196788706,2456.55896831525,2595.3609265894,2416.34999546399,3024.29825270163,3033.76382183373,3011.10653117633,2996.88597812198,2528.87122117167,2736.67223660056,2390.28233485274,2989.80148582881,2976.20142865888,2982.29382795823,2976.60470857047,2815.44235949785,2423.01008828801,2417.84393494693,2997.20035010027,3011.41737382763,2990.08860317405,3016.03217167791,2998.86682982721,2775.59427098063,2390.82366475521,3037.9011157406,3030.39004892409,3023.43227443686,2894.79027679224,2752.67621650642,1378.08572298545,1752.06162821136,1478.93785540874,637.017889344057,632.759105484512,1051.76008017245,940.470861600772,654.952048622945,1186.74096373719
2950.93609342314,2950.50302735961,2952.6802487959,3001.66822595424,2547.30368429819,2696.46333580948,3012.26488974179,3014.39681907439,3007.13215997206,2979.42377854856,2849.57169370641,2748.57618669401,2466.70260664625,2356.79921102993,2358.06492329008,2400.39391789181,2467.13496615026,2754.0957587214,1984.74283071346,2402.605023405,2183.08503293086,1795.20504361881,555.352752835241,795.209652485266,1034.57725190569,577.822095535368,1748.4587450817,2626.92732538933,2572.20576751078,2598.59365720785,2465.79862278084,2762.54854346814,1614.11923620622,2698.31831419671,2878.71895479197,2979.34084588444,3007.03843317361,2997.95856441418,2970.74017074,2721.92332603579,2354.28089721399,2978.61632658341,2990.69994651319,2979.6557249156,2994.38906846906,2620.67476715721,2535.80838425052,2517.53162872251,3028.03224596045,3026.35820312064,3019.19235180479,2978.3522869234,2756.74384317825,2772.10996694335,2342.79733242723,2980.40853843534,2978.39964688228,2985.18478568228,2978.53934312232,2550.99366993683,2441.63727239203,2545.91644553975,3019.19101740606,3019.2383176014,3026.49535854445,3007.93252255125,2415.00702850715,2618.68749180384,2571.28462675158,2988.31111337832,3028.46461626009,3012.44386192597,3023.52406111594,2441.72802093238,1681.56635646656,2654.1017828434,3012.57658250169,3026.60872663469,2970.92934016983,3028.55785659712,2348.81348876275,2231.58747456299,2654.86920118418,2822.93462440655,2988.82383076537,3012.83239273023,2988.13926094992,2366.60430847768,1629.16808378943,2769.5803440541,2849.73767866306,2878.3578172071,2971.33876564414,3013.04866273639,2361.35992765275,2170.14399377547,2548.99287930973,2849.95777057918,2904.72840338906,2791.26160470413,1863.21673887553,2342.24851991291,1171.97772579168,2776.11266304648,2791.5204729615,3013.52228897986,2971.08017525597,3028.3564506003,2411.88929203768,2577.56568520199,2603.250358807,3014.01188523111,2994.14892891958,2977.63850438675,2981.72829075549,2551.50120618217,2442.90362566089,2381.31212353814,3027.6991562622,3013.89123768835,2995.22826205989,3026.56143869816,2394.99013106707,2579.50621621555,2381.63303044018,3023.6463557128,3028.66736576788,3013.82524938707,3001.54930261616,2464.9210981702,2730.1109541094,2345.03990400484,2995.27392251018,2978.21347222694,2981.38275577587,2978.54022471447,2763.24954043241,2397.30763870558,2382.77019439743,3001.76729798396,3004.89488588872,2987.17752580921,3009.07848984003,2970.93278745633,2773.05345492505,2343.01068762389,3027.69927145004,3011.82438017126,3001.97377380049,2851.43730844253,2749.59901712924,1301.49463185296,1692.76359152831,1406.93642993983,527.488398013084,523.042481181692,960.496242771042,844.273851165785,546.204452148252,1101.51233954169
2951.56673657779,2951.34009228952,2953.54879867116,2999.62961392038,2541.53314621613,2676.40087069117,3009.83135326024,3011.95754279553,3004.83516270522,2979.48739988017,2833.94674088505,2746.36920154235,2458.19074614469,2341.85850422478,2338.3328127686,2389.13170581586,2458.64952921378,2752.90120668382,1968.30937486873,2393.29972740701,2169.9672209187,1775.69354261622,517.345051716668,760.673821026401,1003.54127988514,540.13708491272,1728.23325659136,2623.21328325279,2567.01639009513,2594.06600447165,2457.31907322117,2760.73977441548,1591.78930467929,2696.16652746135,2864.30238688484,2980.29666545225,3004.74565164623,2996.14714530993,2960.62209075701,2720.24298427363,2334.50409712059,2979.59742169557,2989.40503685586,2979.70612414448,2992.80711415611,2599.12861106956,2528.98561298106,2510.8020978587,3026.02912790759,3025.17930459978,3019.41347172511,2979.00981768507,2737.98962407984,2770.61954018793,2324.52787122587,2981.90293719521,2979.0822378861,2987.00237560456,2979.52239756697,2528.71115361116,2433.01684209348,2540.03857521477,3013.37225269393,3019.46784701455,3025.28903525247,3009.09851333665,2393.22459884079,2613.51013625183,2566.02456679195,2979.37717368271,3025.55676467698,3005.60612499589,3023.08037577334,2419.68960010018,1660.28745475991,2651.0570335006,3005.78418720646,3025.41672821728,2960.81772744508,3025.65044955709,2329.01001481534,2219.27530967554,2651.84562606815,2806.35467768324,2979.90278261473,3005.95957133009,2979.13110159946,2346.4667557419,1607.12026982364,2768.45744064677,2834.26651358572,2863.87259935548,2961.24777678273,3006.21426252235,2340.93913291873,2156.77317472816,2543.30845000249,2834.32637851217,2891.23068545001,2773.547683913,1844.79683683282,2331.82077457011,1142.96919819182,2774.84878526331,2773.79597499,3006.59279262045,2960.85854647547,3024.55662191104,2390.05243043922,2571.53806285149,2599.04161168022,3014.83151231021,2995.90502794133,2978.37210735367,2983.48469362245,2529.23330901973,2434.30861300144,2369.38516436127,3026.50239858909,3014.68673428718,2996.9688966852,3025.36959916183,2373.53998881633,2573.52472602836,2369.59896985454,3023.21221271105,3026.65584502621,3014.60023371017,3003.03815318675,2442.59052438278,2727.42664205693,2329.34415746143,2997.05998173807,2978.90926604563,2981.09594762486,2979.20984393664,2744.84977294269,2387.88204877782,2370.61035289997,3003.22339312848,3002.68687423188,2986.21058821874,3006.71822324879,2960.91503532934,2771.86589377001,2326.41566790746,3023.88615893089,3005.07564096731,2994.21329809153,2836.08302484232,2748.29320397565,1274.43279201892,1671.67236099706,1381.45769664414,489.081392486194,484.571064995134,928.377099236973,810.455841363741,508.066450798621,1071.47265299827
2954.25401531269,2954.80697272342,2957.12079627731,2992.66165013906,2523.50929730607,2601.90868542819,3001.22434767091,3003.25452942085,2996.84193276114,2980.18034762845,2774.23002629376,2737.04696137173,2430.96655990587,2291.75906872967,2269.92779061894,2352.42059089057,2431.51984072369,2748.60813491127,1911.12753654509,2359.35333095208,2123.51889409831,1708.64860775911,392.710601085217,646.735215131976,900.422808734957,416.494005979261,1658.94824767009,2611.73775076585,2550.8078410188,2579.95415572604,2430.23218392575,2752.94459892385,1515.84137305866,2689.38197471638,2808.79577758282,2983.95959464986,2996.7681789102,2990.03874678641,2920.26006426624,2714.80611012546,2265.98233504172,2983.36681131675,2985.23115577685,2980.34817875252,2987.56930760855,2520.04846002227,2503.35950854732,2489.58941634827,3016.16368869889,3018.55139141847,3018.38554315856,2981.71370462648,2667.63383750908,2764.09277306835,2261.92539701268,2987.30421903319,2981.86829921787,2993.27095453774,2983.3005165206,2447.81237968972,2401.31377855852,2521.62560997399,2988.84179584608,3018.46147647904,3018.55071859491,3012.04432622737,2316.17611901882,2593.52220212511,2549.56001806999,2943.30772691741,3012.15510630436,2977.24882650185,3019.35712328053,2341.28208711419,1587.66104953575,2641.67019749656,2977.60027124966,3018.71939961617,2920.47521102242,3012.24606768659,2260.46437121236,2175.44300565681,2642.5276401306,2743.36708044423,2943.87408341619,2977.48956966696,2942.80946944271,2276.39642541681,1532.13878918403,2763.93525130481,2775.17435774903,2808.10607009275,2920.97807349846,2977.85526150667,2269.85687222863,2109.46115899952,2525.58776838513,2774.57864596102,2838.8628137713,2706.67569140784,1781.23610429997,2294.10509800436,1046.13878815534,2769.32875644836,2706.87928816518,2977.8529071175,2920.08618975611,3007.68579850029,2312.84051236789,2548.59568460126,2586.0786871559,3016.21930763501,3001.54357844521,2981.35029413584,2989.69361811705,2448.38312591338,2402.69288292147,2330.4222765012,3019.73697543564,3015.99849242278,3002.50480430798,3018.68479602806,2298.04629222622,2550.74988808413,2330.2225898231,3019.5133441335,3016.72367229806,3015.84849048796,3007.41068983976,2362.73615161536,2716.32164611898,2276.53256641012,3002.74441984203,2981.74474237615,2980.56122437089,2981.94859586326,2675.75928400735,2353.55071923439,2330.73753076916,3007.47909113526,2995.05951580024,2983.23391046115,2998.4561080673,2920.93849180132,2766.87313148144,2270.20157654254,3006.9852284891,2977.08293178446,2962.46724695828,2777.38278733217,2743.64989541322,1183.67926910622,1599.65364017822,1295.64420333648,363.221131703326,358.512312613108,821.909965034931,698.736959186288,383.032863017744,971.453598105406
2954.88010005841,2955.6069757956,2957.94304608609,2991.2035187408,2519.76752716661,2585.2191593922,2999.38376523185,3001.3831784978,2995.14997875849,2980.38641915418,2760.64050469312,2734.63698126864,2425.29311276283,2281.110352882,2255.14465960746,2344.72060722757,2425.86701367876,2747.51662292068,1898.44074435736,2351.55407144428,2113.0796595103,1693.91052321946,366.223074103571,622.414078333576,878.298528810938,390.206895275103,1643.75082032125,2609.32240895564,2547.42899529155,2576.9986481604,2424.59133321371,2750.88900318011,1499.26917818136,2687.87315299026,2796.11348049805,2984.77231847218,2995.0796939029,2988.77154792367,2910.86167319543,2713.54629315122,2251.17876535516,2984.2045567714,2984.39121751835,2980.54283650946,2986.49582997704,2502.4409583215,2497.34164860884,2485.18221822827,3013.61536209498,3016.74718134728,3017.88063610773,2982.33565838377,2651.78421573008,2762.3376053699,2248.47659153263,2988.46319937561,2982.50685326688,2994.57427997273,2984.14037604589,2429.9034522648,2393.98757720628,2517.79831078093,2982.96049945962,3017.95990398332,3016.72079080124,3012.48552108023,2299.35088211872,2588.72870001559,2546.12493812289,2934.85491969818,3008.79579513439,2970.50856646455,3018.22221961711,2324.10780332162,1571.77333194216,2639.67116892259,2970.89930180571,3016.89676871217,2911.08056397248,3008.88553754927,2245.66399889742,2165.55309741951,2640.54277931625,2729.07973700754,2935.42950429374,2970.7272244524,2934.30421837463,2261.22454547483,1515.77692692875,2762.72393508039,2761.73158932892,2795.3651683251,2911.59922165866,2971.1128044403,2254.46380859205,2098.83478221385,2521.91154568252,2760.9813691286,2826.84900537719,2691.55953049729,1767.22078355303,2285.49753063633,1025.29398190435,2767.82522988459,2691.75252783081,2971.02199956092,2910.59304062278,3003.53308032849,2295.9832434685,2543.1549795374,2583.37488938345,3016.27684195459,3002.65088892959,2982.03140582671,2991.00730089819,2430.48438019609,2395.38567674326,2322.24623152696,3017.8921618505,3016.04115779474,3003.58305273669,3016.86673277458,2281.60378415235,2545.3468740474,2321.95266968897,3018.38223498459,3014.15548367741,3015.87896167281,3008.19955896433,2345.19850726899,2713.503953903,2265.29044508146,3003.85257474487,2982.39419666521,2980.50727833544,2982.57687884335,2660.18603784063,2345.67276572915,2322.35371913873,3008.24289522889,2993.45254672046,2982.65436072595,2996.70070422212,2911.62767266377,2765.52317547013,2258.19468659201,3002.82840185274,2970.42839434559,2954.97549014774,2764.02145350858,2742.48804156428,1164.0764480631,1583.89317732683,1277.05075686523,336.485924192541,331.73689323356,799.105803339398,674.866574617582,356.46480922586,949.961295706202
2956.12834982866,2957.18086878852,2959.55508470623,2988.73720929996,2513.39774977394,2553.54395306886,2996.15474455696,2998.07061457688,2992.23174098293,2980.90821559533,2734.25378877329,2728.99396846781,2415.63349735415,2262.45775151561,2228.57757368419,2331.50453400493,2416.24487338092,2744.94631536644,1874.44298500977,2335.98457405719,2092.92703265175,1666.44560181931,319.585079887417,579.262925503901,838.699560560773,343.89030064879,1615.52924312289,2605.06450767958,2541.62222138542,2571.86167780924,2414.99854225224,2745.95788964133,1468.7569843077,2684.91889181349,2771.345360129,2986.26954045371,2992.16783097548,2986.66043185246,2892.01132717628,2710.91157657709,2224.58878278007,2985.75215845933,2983.06777580506,2981.04310414132,2984.74593039644,2469.33158078087,2484.93772155553,2477.69159466186,3007.7945401221,3012.38925862399,3016.1109056328,2983.54224981062,2621.45914891716,2758.02686413149,2224.52928947166,2990.48869685228,2983.73955384513,2996.72734342905,2985.69241967814,2396.51660165148,2379.23713249097,2511.27132641749,2970.69081573961,3016.19209672412,3012.31134763786,3012.66725257881,2268.62670032159,2578.55172348772,2540.21490832845,2917.75115550467,3001.38536449671,2956.60694922306,3015.18462921651,2292.59969217822,1542.39899517292,2636.05427767943,2957.0733820263,3012.49561973665,2892.23551065241,3001.47103584619,2219.10370465761,2146.34523561311,2636.94915481202,2701.46834462068,2918.33879670373,2956.79328230492,2917.11313410072,2233.87880394197,1485.64901864241,2759.72615728396,2735.64269589198,2770.48495831144,2892.78264363745,2957.20185338644,2226.71439314075,2078.34295496837,2515.65912540177,2734.57770960511,2803.25068253201,2662.49321907327,1740.97186141043,2268.48761231084,987.772403189751,2764.07032048382,2662.66450399019,2956.93463237327,2891.55515754605,2994.57367100751,2265.21109713588,2531.78425423735,2578.69824167369,3015.63245371003,3004.27414008158,2983.3428983227,2993.24871765186,2397.11485850125,2380.66986915937,2308.20901851634,3013.42896990262,3015.37496673213,3005.13376806475,3012.47939345051,2251.69914524342,2534.04856044462,2307.73440372414,3015.34695357976,3008.28281181048,3015.19565386403,3009.11989408861,2312.89417974905,2707.05856740013,2245.55464740956,3005.44998653724,2983.64693698424,2980.58183964688,2983.79117527544,2630.3648016615,2329.97536861032,2307.91255541674,3009.11913445305,2990.70275084926,2981.79945172888,2993.65404085285,2892.946646181,2762.16437854955,2237.00511986592,2993.86879179454,2956.7007036805,2939.67171779148,2738.06838027171,2739.80764980709,1128.58824208629,1554.73656280545,1243.21429404742,289.451135440234,284.637357015622,758.407543982594,632.44448487738,309.698180186664,911.392477117758
2957.4082738597,2958.78489981487,2961.19532083601,2986.45400093867,2507.26206340246,2521.50109487189,2993.08444243729,2994.90066655413,2989.49082403666,2981.50773795553,2707.19904915493,2722.43487978097,2406.40847296013,2244.43867024819,2202.54455375317,2318.86845542888,2407.05663278526,2741.87999675013,1849.83691227965,2319.47521133867,2071.99507187926,1638.55400202238,273.968787693573,536.837863315344,799.536516122564,298.567370228637,1586.93346077146,2600.81142525057,2535.97790671224,2566.81150668364,2405.84380051939,2740.1495841555,1438.01202880042,2681.72286397762,2745.86328519679,2987.73163144301,2989.43315927775,2984.72830050341,2872.3154323492,2707.94222546673,2198.54186651847,2987.26653003695,2981.90953601095,2981.62115773446,2983.17138228571,2436.02092561017,2471.52968953264,2470.51189867151,3001.26690713695,3007.36887241114,3013.77758316254,2984.75976894292,2590.63633053785,2752.88263545942,2201.18678582148,2992.39536170592,2984.97971489365,2998.66481880643,2987.21152238129,2363.09660717624,2363.51636949521,2504.98026256834,2957.57990819132,3013.85772668007,3007.2372812112,3012.40077078195,2238.24107670777,2567.35831196404,2534.46861051679,2899.78938592864,2993.22245549771,2941.8482107867,3011.52698508819,2261.35365376193,1512.71991136288,2632.35597102035,2942.39171438794,3007.42617092443,2872.54379424447,2993.30286953814,2193.10037442916,2126.31974287525,2633.27212430696,2673.23640961847,2900.38865760608,2942.00872624144,2899.0716878368,2207.03777905762,1455.28782144771,2756.09780213392,2708.90115774485,2744.88923776033,2873.11876302483,2942.43045933238,2199.47547181335,2057.07438142798,2509.63750540474,2707.50455619599,2778.89079023348,2632.8625025194,1714.22889099333,2250.56417883467,950.522799346812,2759.54201953435,2633.01094388326,2941.97993153751,2871.66527552063,2984.82112762676,2234.78454071825,2519.39326903544,2574.10165029123,3014.46977763855,3005.57435969573,2984.6606785408,2995.32045986212,2363.71117987236,2364.98360399671,2294.7942834922,3008.28391884968,3014.19465057081,3006.34955820856,3007.42733774839,2222.19345089071,2521.73202173364,2294.13555201403,3011.68835405688,3001.69358760306,3014.002177129,3009.64821466917,2280.78393071128,2699.66291229368,2226.469244532,3006.70596981205,2984.90673993142,2980.76334342693,2985.01361971978,2600.03818386741,2313.34960431025,2294.08518317164,3009.60551095866,2988.13503879483,2981.09395571802,2990.77946666676,2873.42350206777,2758.10616391476,2216.45361186216,2984.12093468512,2942.12453167646,2923.51255619748,2711.45161518359,2736.64461487202,1093.22285098501,1525.26551265164,1209.37894727882,243.472934205447,238.599880237271,718.235033891439,590.689082852567,263.964814268242,873.181002049804
2959.35670540586,2961.1993251784,2963.65686568543,2983.58454368655,2499.43005659177,2474.83420151846,2989.01224578534,2990.64513589573,2985.94203090262,2982.58368146059,2666.9167121585,2711.33549532134,2394.63001256483,2220.51001635745,2166.83905413525,2302.54722713393,2395.32931709892,2736.70746985343,1814.14829768396,2294.32917002963,2041.03768304971,1598.70817578128,212.916435602633,479.512378025378,746.052083451944,237.855351261393,1546.23175193031,2595.1246638667,2528.67642276372,2560.1787076202,2394.17505941562,2730.20154081465,1394.64976964289,2676.96214868759,2707.71875829876,2989.80201360073,2985.89313712483,2982.35953254745,2842.13262311795,2703.28638507476,2162.83966142847,2989.41747097946,2980.63360616263,2982.66601301639,2981.31402151903,2387.96346297391,2450.58305974005,2461.36818886635,2990.30644716888,2998.67874708498,3009.18233129398,2986.58030288098,2545.38541910217,2743.97567772283,2169.53064118167,2994.92170519448,2986.82519613643,3001.01845637601,2989.36999237181,2315.31604387966,2339.40277131985,2496.9294176966,2936.84834612579,3009.25440082368,2998.4649519109,3011.04699724537,2195.77792658848,2549.49444800178,2527.02365437848,2872.06121844126,2979.80545712008,2918.71406710959,3004.89583856671,2217.45722197258,1470.67238248089,2627.25781382334,2919.37149452502,2998.65230882874,2842.36437942731,2979.87560336294,2157.49663258833,2096.53837827111,2628.19962629156,2631.38707647681,2872.67363894677,2918.85121923794,2871.24561245178,2170.09449445521,1412.46248413442,2749.81206384583,2669.10365946329,2706.5779062495,2842.97766629203,2919.27022369907,2161.97648916942,2025.65029775411,2501.96130481837,2667.19210638901,2742.23430482752,2589.15062923358,1675.82640152614,2223.49673379213,899.30787005751,2751.64733204494,2589.26343750582,2918.54004227142,2841.18851852825,2969.02485496606,2192.28075888465,2499.83622833223,2568.10406121092,3011.66531942924,3006.76552798272,2986.61630623568,2997.97173582792,2315.95142870502,2340.91816475531,2277.46006960659,2999.37032450387,3011.37404346394,3007.39195251371,2998.68644982614,2181.15010342599,2502.28469695566,2276.52880937285,3005.04854302851,2990.62239684767,3011.17136398773,3009.5688845801,2235.47072907997,2687.30307090031,2201.05050389399,3007.79193535173,2986.77988083624,2981.29929063532,2986.83490408508,2555.47934511879,2288.06560589032,2276.13551494444,3009.47026420551,2984.84948051493,2980.43926712351,2987.0238120696,2843.49691995127,2751.05021572485,2188.89526672564,2968.3427655615,2919.2729570791,2898.37441144773,2671.8080255659,2731.36568296487,1044.27485389749,1483.48589554411,1162.27027255449,182.001505863384,177.05917733402,663.562018105554,534.152557882438,202.777621148737,820.832931244899
2961.40252179032,2963.70857451752,2966.2078042547,2981.12178317822,2492.06806911709,2426.99971755206,2985.28513823921,2986.69688951249,2982.78358649019,2983.83570969075,2624.78156089528,2697.88410263026,2383.78859176026,2197.94019427407,2132.19287125018,2287.49306863524,2384.53762547995,2730.24168115201,1776.69686858792,2266.68364274058,2007.93300648614,1557.51337628253,153.890114977369,423.520336580319,693.222401862031,179.103592168061,1504.3027992769,2589.36157227734,2521.67359592062,2553.66409178333,2383.45229472152,2718.00325473375,1350.38616148304,2671.52979595762,2667.62340082303,2991.7845535563,2982.74323048015,2980.39029926527,2809.72888667582,2697.7333023087,2128.21841656334,2991.48531422073,2979.72979083855,2983.88696408559,2979.84992784495,2339.1303540632,2427.00788156829,2452.87452020794,2977.57075339184,2988.33322099733,3003.19312620294,2988.42147759515,2498.66227603421,2732.93125466538,2139.12495645097,2997.16225592434,2988.68317449682,3002.85360366472,2991.44609893938,2267.16555007529,2312.72238971906,2489.35192860263,2913.96143202747,3003.24995722276,2988.03155441176,3008.59518477167,2153.86770230341,2528.99179300706,2519.87972197422,2842.09648846833,2964.48916002715,2893.37229858579,2996.72324763601,2173.92201114236,1427.55739766165,2621.87657396035,2894.14761700391,2988.20856754508,2809.96138668627,2964.54613593143,2123.00780565327,2064.52442889745,2622.8393419408,2587.7900009285,2842.71870728799,2893.50159650681,2841.20074755725,2134.13364521994,1368.7380070054,2741.89878573089,2627.49306290887,2666.31102948082,2810.6116781536,2893.89423996016,2125.47060839476,1992.08222243287,2494.74792372592,2625.02313011275,2703.52113293906,2543.81517840522,1635.92082077647,2193.98144060093,848.364838504654,2741.76764860623,2543.88942444329,2892.86622076276,2808.473622011,2951.21769313321,2150.34657829276,2477.62030494454,2562.21150627984,3007.58623358976,3007.17385117402,2988.58215035033,3000.21619867945,2267.81943037844,2314.28591118386,2261.49080092474,2988.75354011628,3007.28867450587,3007.62211982585,2988.28445910023,2140.8125901936,2480.18412883013,2260.27823076173,2996.85942055998,2977.75198140078,3007.08519917108,3008.53381747381,2190.34752362023,2672.50015302995,2177.02381980053,3008.05036812249,2988.66468691107,2982.07809489223,2988.67022481489,2509.43396121677,2260.30929862444,2259.52669622047,3008.38410309259,2981.96639360491,2980.12238131845,2983.6454828497,2811.35915613704,2742.19446816668,2162.68840792207,2950.56552668077,2894.23614732576,2871.02107824832,2630.32576776511,2724.82544545631,995.251701993086,1440.61703912567,1114.80322047268,122.637971191863,117.639186472324,609.753856102587,478.810551336917,143.643613877418,768.956414985566
2963.11482655322,2965.77243597091,2968.29524748948,2979.67866425802,2486.55794982589,2388.23242688932,2982.80156296497,2984.00066109969,2980.78820016116,2984.95926501543,2589.62234167842,2683.98701387755,2376.17319495645,2181.77983639578,2106.32262016151,2277.03130103772,2376.95895652574,2723.17365581214,1744.55791496974,2241.39773942994,1978.76227184631,1522.91764393249,109.265563309801,380.46157141189,651.84678668967,134.617037472519,1469.27372816026,2584.39863083884,2516.22538126002,2548.36591606946,2375.93980658456,2705.22058039482,1313.90579567167,2666.06371329784,2633.9325430344,2993.13773264495,2980.75419758778,2979.3176734637,2781.69434948561,2691.88433904178,2102.39341337492,2992.90936975718,2979.44105077312,2984.98673799678,2979.15694053848,2300.05655037386,2404.77879623043,2446.71533343998,2965.37745324914,2978.14534423511,2996.7135637989,2989.80238569803,2460.39326674883,2721.19832400196,2116.76891737536,2998.4618310137,2990.06674110968,3003.54367633343,2992.87744915157,2229.10774951122,2288.11664809425,2483.67925263752,2893.40891006845,2996.74942929455,2977.76836940975,3005.2312652248,2121.75786222267,2509.17628095338,2514.32530818558,2815.94015977632,2950.13689190739,2870.84700081497,2988.36436905856,2140.32182479313,1391.78414942714,2616.94642987775,2871.71884024981,2977.92615338677,2781.92412306283,2950.17999075561,2097.32625736863,2036.11278733097,2617.91951305384,2551.62046956185,2816.56590811897,2870.99047932602,2815.00514018745,2107.15357525275,1332.68690957086,2733.27135294996,2592.79133828721,2632.48102429596,2782.60159535483,2871.33229796068,2098.07946333881,1962.54954654112,2489.34378054606,2589.83310576354,2670.77746402721,2506.44325455804,1602.15734989752,2167.28156113387,808.019610686973,2731.1428511913,2506.48397320289,2870.05034784186,2780.17600932216,2934.79173720813,2118.23812213923,2456.42746147765,2557.37827103176,3002.73773377156,3006.42387117808,2990.04558718181,3001.36453102583,2229.77321871408,2289.71812969622,2250.44260858934,2978.29490653496,3002.44785018439,3006.6969624552,2978.04561006212,2110.1059433135,2459.08926652832,2249.00160810578,2988.47772794202,2965.42387099851,3002.25576026771,3006.44722916731,2155.31014652396,2657.42413425252,2159.77670634934,3007.12757580694,2990.06774186795,2982.92144339664,2990.03839392171,2471.6748194055,2234.97114899727,2247.95415182094,3006.26420945019,2980.19600679118,2980.24213829831,2981.46640973044,2783.54335054839,2732.60869391601,2143.70486473081,2934.17757840741,2871.97560541112,2846.92224867483,2595.69156668286,2717.74023473214,956.005689907939,1405.01182199767,1076.44584446299,77.8452183106242,72.8172196272917,567.857580380476,436.098459245773,98.9665512873453,728.113547353735
2964.89388427337,2967.91208759206,2970.45811681778,2978.36003038339,2481.06580973255,2348.00355949401,2980.39101639598,2981.35707277913,2978.89624349564,2986.19251557162,2552.87931296918,2668.9666499834,2368.66273326207,2165.6124362159,2080.07236684298,2266.69689545218,2369.48582604841,2715.52027187876,1710.9139035628,2214.59273041826,1948.06047887702,1486.86749003149,63.9047672036986,336.504217347373,609.418010525192,89.3784968317977,1432.81397014587,2579.29683922745,2510.74284307179,2542.98074582516,2368.53801825521,2691.38026521518,1276.0493764281,2660.25585418715,2598.66671076483,2994.51331341248,2978.86864237731,2978.37655734678,2752.15358707882,2685.61103166659,2076.19667876165,2994.35954223407,2979.29475212846,2986.19556511192,2978.60337689517,2259.63960106194,2381.0850793547,2440.61231994112,2952.26206332061,2967.13024413458,2989.59561362449,2991.24481153025,2420.57783402629,2708.47481249753,2094.19421060505,2999.71302215407,2991.50902364953,3004.0879130067,2994.33535999982,2189.86630596876,2261.99209406422,2478.02095107273,2871.57840449203,2989.60744425598,2966.67399890397,3001.41370285069,2088.92894883553,2487.96725154515,2508.73427532938,2788.32445918488,2934.76191866347,2846.9721832302,2979.26622516063,2105.89886493306,1354.60600423302,2611.81297897504,2847.94450902431,2966.80895512081,2752.37965643053,2934.78976465321,2071.28795863134,2006.16751775115,2612.79519033256,2513.87326949378,2788.95273131954,2847.13567150925,2787.35531207637,2079.73713907351,1295.27375997436,2723.90684849095,2556.53190198561,2597.070654817,2753.0846292027,2847.41710013793,2070.24401938751,1931.47567971837,2483.95838305376,2553.05721281495,2636.45065236387,2467.50067694942,1566.91807413605,2139.03484119979,766.536485062381,2719.60869160124,2467.50599185925,2845.86818492111,2750.35921796763,2917.24902408287,2085.41602435057,2433.79255397867,2552.46722025263,2997.33511604674,3005.39822887471,2991.56906340846,3002.41804583618,2190.54293511421,2263.63269368807,2239.53585098801,2966.9852545389,2997.05657560653,3005.48132386341,2966.97621427381,2078.76897147314,2436.55708816817,2237.85710348495,2979.35341096264,2952.16174777519,2996.87948039506,3003.98988609048,2119.35442482461,2641.16052537458,2142.50202307242,3005.90897187155,2991.52975048886,2983.89084790281,2991.46539883649,2432.37870086616,2208.12088238905,2236.50040361761,3003.7744068979,2978.53976203438,2980.50275301865,2979.38089991566,2754.23055462749,2722.20296543298,2124.63118841772,2916.67794365779,2848.38032595483,2821.42805303962,2559.49268900287,2710.07926723355,915.549996793007,1368.00022702895,1036.81995029696,32.3359213436088,27.2817062573049,524.956007249561,392.456203428082,53.5598785799243,686.178180422906
2966.37043027815,2969.6700593017,2972.2298989788,2977.62939917064,2476.90079718096,2315.1447899635,2978.75500231897,2979.50901274353,2977.70248365295,2987.28649547315,2522.28021636964,2655.04162795784,2363.25546890917,2153.673358604,2059.92900262318,2259.30461516136,2364.10704689811,2708.28366220313,1682.46321642893,2191.10359002825,1921.69622353092,1456.78129301338,28.7451900941228,301.979436451756,575.638060036335,54.2703762607389,1402.48571125101,2575.02328669393,2506.45469512193,2538.63185776856,2363.22351127289,2678.47613670605,1244.83246795391,2654.96455081312,2569.16705400727,2995.50956226992,2977.67974830112,2977.93719452388,2726.99574535382,2679.77641400372,2056.11165216795,2995.41805173251,2979.45867527833,2987.27036826951,2978.46368666742,2226.92004968573,2359.99971044224,2436.10092331277,2940.46812552076,2957.09235669581,2982.84598443735,2992.37985589002,2387.82256991056,2696.5489212014,2077.10258542688,3000.45310028605,2992.63748195895,3004.08492894345,2995.40054528079,2158.37708649554,2239.00053011927,2473.72694688514,2852.58610208077,2982.83310477666,2956.5689445044,2997.50650718822,2063.20074028546,2468.86840837546,2504.36205129895,2764.68222825209,2921.08218469019,2826.31926777766,2970.83433344776,2078.76641159468,1323.81509854987,2607.35552447646,2827.3742701621,2956.67885886995,2727.21683383549,2921.09568438331,2051.35349040622,1980.34987653134,2608.3413885358,2482.55525656103,2765.30998914788,2826.51115139841,2763.70026416081,2058.61386949997,1264.41466011974,2715.05087447919,2526.34698193204,2567.45281421344,2727.94263946533,2826.72596892939,2048.79620688058,1904.81518527458,2479.87240579764,2522.42928866108,2607.61755223117,2435.32613203284,1537.37266146344,2114.42568444462,733.243477335375,2708.74869023437,2435.30119523018,2824.95157659772,2724.9694621928,2901.7659013155,2059.70549520218,2413.53495179083,2548.48369847815,2992.0355358598,3003.94583310992,2992.75952741881,3002.90567195635,2159.06085624566,2240.67249663937,2231.76434129461,2956.67675669855,2991.77379080163,3003.8555961569,2956.89090628778,2054.33549555482,2416.38600489524,2229.89084658856,2970.89458780849,2940.23284654432,2991.61603741727,3001.26979883968,2090.88134610961,2626.17170182094,2129.71122088436,3004.26870791079,2992.67303942183,2984.83017254388,2992.58308648218,2400.02481119514,2184.61620539694,2228.27794346837,3001.03257814617,2977.54052683687,2980.95966596564,2978.02503112078,2729.26083521955,2712.38479987282,2110.3861826577,2901.23809767098,2827.96613497836,2799.48504671632,2529.33581770312,2702.86110950681,882.834780134752,1337.32740030122,1004.56931142931,-2.88476717335016,-7.95092445041337,490.945807011807,358.085653794522,18.3827388876812,652.664013219329
2969.67221042368,2973.52904734257,2976.09723490188,2977.2096744428,2468.72088503774,2243.97534984601,2976.34770730259,2976.5737481255,2976.30728235983,2989.86987589784,2453.89927289526,2618.47904586246,2353.88308853508,2132.18004669665,2020.85380126277,2246.82544459636,2354.78881527892,2688.66806280049,1616.84121452648,2134.00374820402,1859.46346065075,1388.79541712877,-41.1600621218945,231.615469718403,505.082053260455,-15.6969457863552,1334.30680828671,2565.04144089484,2497.52883301093,2529.06049756084,2354.06583920687,2644.33534977672,1175.63094587264,2641.16394428158,2502.78111147257,2997.11590039624,2976.2938674033,2978.08427392039,2668.80492036132,2664.20205818867,2017.21466895584,2997.162453383,2980.74057256639,2989.81531139813,2979.19506504909,2157.09646826241,2307.62159838504,2427.73261732251,2910.99519652288,2931.56263792034,2964.80435808517,2994.58674783235,2316.04090232808,2664.76992391592,2044.78868069713,3000.95026817067,2994.80698372977,3002.38204469421,2997.16063241458,2092.1767025025,2182.77089943644,2465.29330443589,2807.25800266334,2964.71982353114,2930.88529242246,2986.13751176929,2011.31301889681,2420.64711330203,2495.27138896119,2709.56646362902,2887.38672976236,2777.43222621883,2948.92212607219,2023.48084171804,1255.07817286856,2596.39609538615,2778.66819541731,2930.91814036788,2669.00824361588,2887.36244561212,2012.85729246677,1919.04743087241,2597.37591817657,2412.98143601701,2710.18391665845,2777.72908416779,2708.61098613085,2017.32741527881,1195.97486248868,2691.1168272379,2458.93054836964,2500.81079862607,2669.77328059853,2777.73755380675,2006.87113220922,1841.96706342519,2471.8332254514,2453.97889927917,2542.31422618647,2364.32807211445,1470.12359118144,2055.10210423103,662.719228756421,2679.62479390856,2364.23293909124,2775.44893416266,2666.25394328821,2864.05260351705,2007.89924179974,2362.81985529974,2539.62072867852,2977.30529729778,2998.50986492566,2995.04697651415,3002.53070641916,2092.86885319511,2184.50883715488,2218.78904676285,2930.45431223593,2977.10683387928,2997.97982183595,2931.24763095345,2005.51563220191,2365.86811042565,2216.49344635542,2948.90424926927,2910.41393285765,2977.01632888931,2992.74046037653,2032.38369178398,2587.12566386651,2106.57165475954,2998.31809356882,2994.86979692058,2987.29775596626,2994.73560430849,2329.02974408662,2127.56098181356,2214.31481730565,2992.47337989222,2976.56909167851,2982.73253294573,2976.26836537446,2671.48376968262,2685.9575742335,2084.1652054625,2863.64733909458,2779.63262359878,2747.92430712311,2461.90337157222,2683.37577907616,812.625624887454,1268.7821574957,934.602713874419,-72.7066144117925,-77.7646872036512,420.449950822332,287.68609241405,-51.489168209509,582.192007983691
2969.86682860329,2973.76094082557,2976.33096188529,2977.09486742697,2468.09829827985,2239.57791887862,2976.11546081859,2976.3149345639,2976.13182402623,2990.00349178657,2449.83317612852,2616.62277167316,2353.07932770379,2130.48840441183,2018.07472368623,2245.74523832625,2353.98891636287,2687.68579807604,1612.96661190012,2130.84242859891,1855.89220467185,1384.67791342631,-46.1277946518467,226.766665609497,500.366568416717,-20.6545903110646,1330.15057045025,2564.42128804126,2496.8951370756,2528.42430035552,2353.27419413615,2642.61474658099,1171.3380667584,2640.42507567031,2498.86687227495,2997.24370908843,2976.11906945714,2978.00830789289,2665.48570534908,2663.39686094071,2014.44256145139,2997.29831888404,2980.74530841371,2989.94639362156,2979.15893468518,2152.70203949194,2304.79546715404,2427.05796934845,2909.45826088666,2930.25764235538,2963.93240355092,2994.73002487569,2311.669556907,2663.17870067277,2042.41117014527,3001.04911482344,2994.94960623935,3002.3880049641,2997.29736564893,2087.93139170177,2179.68073380357,2464.65334267446,2804.76627483687,2963.84475501873,2929.57145964488,2985.63763828373,2007.80460177535,2418.09378395464,2494.62636334633,2706.45188550707,2885.60050684731,2774.71896648074,2947.82904775576,2019.79151932082,1250.85125129664,2595.75753838084,2775.96591483563,2929.60120043826,2665.68844618617,2885.57438589971,2010.10405493625,1915.55505603815,2596.73800156715,2408.81443847502,2707.06939405905,2775.01926082656,2705.49421537431,2014.42010065834,1191.73105822695,2689.925877206,2454.9188787013,2496.88082808406,2666.45633667305,2775.01943428321,2003.919707049,1838.35504149155,2471.22145361312,2449.90906528814,2538.49384873773,2360.040887095,1466.08719851743,2051.7849147806,658.08807747447,2678.17343021506,2359.94179686003,2772.70112733256,2662.90414307931,2862.02776050484,2004.39253609682,2360.10852285786,2539.03388059559,2976.62405988551,2998.32941299563,2995.1978660066,3002.59910070254,2088.62459444922,2181.42297282079,2217.65478296955,2929.11445065704,2976.42756823622,2997.77701817741,2929.93644995748,2002.17494406666,2363.16839823332,2215.33342552375,2947.80778552086,2908.8596106929,2976.3393938508,2992.39535159907,2028.52118370347,2585.1273921441,2104.76478094855,2998.11376318658,2995.01439945367,2987.40899705302,2994.87676568891,2324.71298748498,2124.39662471611,2213.12105081548,2992.12524478473,2976.41889712903,2982.77711894918,2976.07194770887,2668.18951009861,2684.64163445401,2082.16513538592,2861.62792841435,2776.95070109799,2745.03771105812,2457.89626713382,2682.3950005098,808.089572442159,1264.57240141321,930.143319647201,-77.6865021382723,-82.7468024685204,415.693239822176,282.864820131481,-56.4605626571365,577.521359456058
2973.12499405491,2977.44875666132,2979.98897018227,2978.43930874435,2460.94870836218,2172.47443762191,2975.59208581952,2975.2026334399,2976.6213585255,2992.63459957427,2382.19138971472,2571.44235125164,2347.13435935486,2116.34871045244,1987.81134894929,2238.73885916536,2348.08294265888,2662.3633387249,1543.4225397827,2066.24847353821,1787.96373755396,1314.56913183934,-105.048244526415,164.776485640015,435.601570017121,-79.8833205460328,1260.33336554993,2553.15409293998,2488.30483809158,2518.43290802611,2347.55103672577,2600.06183520435,1101.84002250047,2623.06467012166,2432.51742201712,2997.75943955232,2976.61546458518,2979.7771393991,2605.01035713309,2643.44101728119,1984.42361368391,2997.94587192542,2983.29342614266,2992.54694118277,2981.36562404063,2088.42169318405,2244.01993225172,2420.60281089108,2875.59685196435,2900.30937744094,2941.56895999647,2996.27649427667,2242.74038897904,2623.24351133286,2018.68862556038,2999.65467039557,2996.42483534601,2998.01007325379,2997.96143362374,2028.47803772325,2115.61901280084,2457.30625694648,2755.62251649371,2941.3857232341,2899.46579894074,2970.32607084891,1964.49050113713,2361.08738820889,2485.90880028768,2648.54994865369,2847.56566751965,2722.29245025801,2921.48641842178,1972.76530432041,1181.13889120405,2582.6734603391,2723.71210484217,2899.38761618884,2605.18569893547,2847.49370589857,1980.57205025585,1848.15344185897,2583.62670092746,2340.59989638809,2649.14386709944,2722.76024797812,2647.70242383908,1981.96002948515,1122.94532544125,2659.26820776673,2388.28699826199,2430.29088152592,2605.98151699939,2722.46934121296,1970.95692607341,1769.87526523202,2464.1563692217,2382.19157895589,2472.6180769555,2291.13638470729,1396.05794214026,1985.35360386481,591.884831601043,2641.290510355,2290.96443285272,2719.62901320775,2601.90228049599,2820.05187460836,1961.21939385719,2300.73689968807,2529.57660862407,2957.62656252943,2989.53047939507,2996.75625717348,2999.87786280026,2029.16847401381,2117.42156585952,2210.68528072559,2898.35113061269,2957.53144749329,2988.46602344382,2899.86495018203,1962.12489756562,2303.999940443,2207.96941347449,2921.36099799805,2874.59043024653,2957.54602044681,2980.15964809445,1978.02839629417,2537.30621300356,2089.39086035523,2988.66464152497,2996.50703888317,2990.27832519206,2996.3464350386,2256.39758793601,2059.96402518127,2205.21249390262,2979.88890032831,2977.30156135341,2985.55432168573,2976.21327405227,2608.11201112802,2650.99198070538,2064.01929199543,2819.81139203018,2725.09952497167,2690.28421404904,2391.13060927309,2657.3346942632,740.842711527396,1194.95111278409,862.031528826852,-136.217684921419,-141.221537594239,351.787911613983,220.31003251148,-115.246746428647,512.130652279245
2974.27755886765,2978.73365203461,2981.25702633119,2979.15119485185,2458.46103236619,2149.23865723584,2975.66483592833,2975.06024356736,2977.0499110746,2993.55205209154,2358.30093235691,2554.0678459541,2345.41970427046,2112.30154192013,1978.2713182397,2236.94397380363,2346.37990502602,2652.46078905292,1518.00527243789,2042.1123703455,1762.88280702873,1289.19301878656,-124.681142365042,143.700463514283,413.191086451652,-99.6589898324105,1235.12619197694,2548.87336752654,2485.20662349384,2514.72931161967,2345.91587893527,2583.65112718707,1076.92690850886,2616.29578121265,2408.98653617043,2997.76479737744,2977.0461124279,2980.61825848266,2583.23556579712,2635.63324400231,1974.97931758378,2997.99664689569,2984.35789613924,2993.45477762016,2982.33983037869,2066.39127810188,2221.12132627239,2418.48866950989,2862.95455632815,2889.04905341949,2933.00916043299,2996.70819474555,2218.68898759696,2607.79998765214,2011.42976250936,2998.86840230844,2996.82646380351,2996.05513042682,2998.01816659629,2008.32396393748,2091.626698971,2454.75681374184,2737.64706586785,2932.78863236538,2888.14922567919,2964.31803496849,1950.30167280778,2339.47851758419,2482.77097413098,2627.61646413956,2833.45181707427,2703.1929320951,2911.50162556934,1957.21936797733,1156.05819238612,2577.62761565029,2704.67260377581,2888.02840193879,2583.39983840437,2833.36247022869,1971.3120922874,1823.20596401552,2578.56816123181,2316.59318804097,2628.20016376862,2703.72914475932,2626.81998538635,1971.64572901074,1098.27941401851,2647.32562608177,2364.76085179245,2406.67699030423,2584.20396504142,2703.32291351745,1960.48357311945,1744.60666509444,2461.69048051788,2358.27343618828,2449.16987970962,2266.98783426886,1370.62168883103,1960.61537970152,568.764989615508,2626.98842320814,2266.78970716059,2700.29656116162,2579.94071633862,2804.55272109026,1947.08876605073,2278.30314005579,2526.03688394021,2950.26667655767,2985.91154514419,2997.18214207345,2998.556529116,2009.01186322638,2093.44996343926,2208.98017551204,2886.78465787649,2950.21291487495,2984.65542777101,2888.55959725511,1949.11809279562,2281.63934459401,2206.12874307669,2911.33559048712,2861.79488296319,2950.26896475412,2975.27460964847,1961.22056248917,2518.96978985767,2084.96610672287,2984.79605693321,2996.91335685411,2991.3311361085,2996.7477859479,2232.53940927249,2035.90174983102,2203.18229491472,2975.00784796007,2977.8638343694,2986.66182585377,2976.5213740955,2586.47591389658,2637.91524490048,2058.65863142631,2804.37390388129,2706.20691247833,2670.40906298826,2367.54034780299,2647.54406452088,717.16884611581,1169.88928172994,837.900999417116,-155.670982090406,-160.648250666581,329.790772701639,198.962012159153,-134.818312912203,489.402116860027
2976.57605557208,2981.25353219582,2983.72975561991,2981.11645688288,2453.68776348747,2104.03771139863,2976.39815083875,2975.34692272558,2978.49053155905,2995.37034067714,2310.73115715955,2516.36853880282,2342.97196642533,2106.47206782722,1961.9447004937,2235.00179188303,2343.95045456844,2630.66635022088,1465.65238853661,1991.20759306594,1710.6479495056,1237.48686149251,-160.767071221805,103.903741331787,369.910141755591,-136.108236717461,1183.91060181952,2539.76191631209,2478.98687145922,2507.05348519739,2343.62926290376,2547.94939407533,1026.72144941904,2601.46843911934,2361.91156548252,2997.39351231448,2978.49015971438,2982.7951877805,2538.93109140386,2618.46064027953,1958.86509862654,2997.71362703716,2986.86464482003,2995.25648456424,2984.73433558311,2024.07009667605,2172.41399132576,2414.74948195995,2836.23700516364,2865.08492280253,2914.47525694656,2997.32724441564,2171.47110631823,2574.1184899054,1999.58706685738,2996.65616825635,2997.37450925602,2991.25455389305,2997.74731289078,1970.13606925578,2040.90400118518,2449.87844042673,2700.44978069385,2914.17246333783,2864.07152164991,2951.00747099191,1924.61417070888,2293.23546514178,2476.48430109222,2584.83389562287,2803.80777861816,2663.83652028298,2890.08386004008,1928.72052048149,1105.30395369245,2566.7130830646,2665.43354521207,2863.8555215404,2539.07014730569,2803.68108672147,1955.5936727447,1771.1123600733,2567.62136514707,2268.9887199283,2585.39292347764,2664.52980322366,2584.16648021643,1953.77814309235,1048.55436485627,2621.11812901807,2317.93411867939,2359.4410410538,2539.88727659469,2663.86560873084,1942.34136577108,1692.01561421846,2456.94244248199,2310.64631795055,2402.06603348213,2219.3338812483,1318.58886534625,1908.62456546729,523.60147563795,2595.72140111075,2219.0825781853,2660.46483530079,2535.2622360648,2772.1635258913,1921.53654893339,2230.44642804442,2518.63177570046,2934.14913202984,2977.56325707518,2997.76719805324,2995.12820408796,1970.81534154174,2042.7670162979,2207.39058335713,2862.16915383099,2934.1902957315,2975.90076376559,2864.50233473174,1925.85437657471,2233.93122338835,2204.27734490901,2889.82825544217,2834.75108940607,2934.34069388972,2964.28491874847,1930.11964061291,2479.29194563371,2078.51591256435,2975.90508848419,2997.46751833467,2993.53431630332,2997.29902887903,2185.65268845642,1985.18234063158,2200.95925569411,2964.03556445595,2979.56036232528,2989.16957513524,2977.726804086,2542.4436477347,2609.27544794581,2050.43962868354,2772.1197955156,2667.27116799436,2629.61266006648,2320.54764327173,2626.01630083398,670.468941994542,1119.14130750513,789.938603545773,-191.301083577545,-196.209911616586,287.588902327921,158.454306777688,-170.749689600363,445.261215898889
2979.26121820687,2984.13100533345,2986.53060277225,2984.07346167488,2448.11728256251,2053.2323041584,2978.00796329243,2976.42353008148,2980.90455443984,2997.36473358427,2255.69472794776,2467.95906887128,2341.23359060412,2102.68018315888,1946.69705800365,2234.8186741601,2342.22610936468,2602.14626561995,1402.15637409326,1927.84845277955,1646.51764458453,1175.529842842,-198.775899302896,60.4250765752308,321.238343965208,-174.64849017502,1122.73756865987,2528.06320383407,2471.41021712231,2497.43041936634,2342.08077247264,2501.96633228319,967.312479421668,2582.05807888346,2307.13599641599,2996.33548683256,2980.90719490163,2985.9307645677,2486.33522228661,2595.93781588681,1943.89314144685,2996.7531578579,2990.21462244567,2997.2355908122,2988.0513958314,1977.26269279071,2111.22905134085,2410.79639662115,2803.11528814467,2835.14587705448,2890.88275997171,2997.61040768529,2117.785195141,2530.6105297232,1989.42034158498,2993.09873691203,2997.5600668654,2984.34083327593,2996.80129877281,1928.65707737176,1977.60995288131,2444.21288735125,2655.41954644814,2890.47367905046,2833.99908635566,2933.64783277624,1898.43015292706,2234.76219789721,2468.84794544723,2533.78050155334,2767.31098521368,2616.42349348932,2863.09517750479,1899.14077369608,1044.95840320275,2552.52444531456,2618.15304471901,2833.65873826084,2486.44069807323,2767.1373323798,1941.11882012865,1706.97217331263,2553.38530657037,2214.18860227587,2534.30495707447,2617.32783663464,2533.30092765974,1936.75761972856,989.686216299671,2586.98564352267,2263.78069608709,2304.48557514758,2487.26787045947,2616.32554006277,1925.06280568047,1627.49681505516,2451.37454148951,2255.54054059888,2346.98524712418,2164.80372435533,1255.96404257993,1844.16421606339,472.091251215683,2555.21250173578,2164.48952072087,2612.48666707123,2482.23142048184,2732.5145577668,1895.5359721018,2170.14264246763,2509.23975026753,2913.38564459163,2966.22285048257,2997.97897456458,2989.95437793647,1929.32135891743,1979.5169668527,2207.86741979335,2831.41914748014,2913.55410194408,2964.05627470775,2834.45084754326,1902.56395744971,2173.80380323986,2204.46429350961,2862.72391055229,2801.22296945607,2913.82999111711,2949.72483586387,1897.41322564898,2428.49963729399,2074.19876387825,2963.87390124094,2997.65539473836,2996.1358729293,2997.49373185762,2132.27400011877,1922.09282920764,2200.72633312864,2949.50894666653,2982.2514064467,2992.40028133583,2979.87916553849,2490.15663475661,2572.07723043102,2044.22196816854,2732.64410698431,2620.35619965849,2580.68309023351,2266.14871459252,2597.86801051094,616.572908667245,1058.75925284503,734.086011522766,-228.644500423516,-233.452354515151,240.525274614534,113.915081593433,-208.534120195246,395.276163625244
2981.15811701565,2986.12444254164,2988.45697726256,2986.4486805528,2444.03879501005,2018.6532111608,2979.49957556836,2977.54063139091,2982.94102106908,2998.64010588322,2217.38051480759,2431.45069979885,2340.45202002812,2101.50791980441,1937.95750574277,2235.65703211556,2341.45032721336,2580.30595513086,1356.0992326789,1881.08035294878,1599.61397546813,1130.96079026849,-223.562239136247,31.2072621410498,287.789604971914,-199.863673510116,1078.82878821904,2519.11025617437,2465.75309177915,2490.15040243452,2341.43295263747,2467.21201812543,924.946236904688,2567.13461555541,2268.83698848177,2995.21211450356,2982.94530448735,2988.39357372392,2449.00447525814,2578.62884460608,1935.36107414528,2995.69435650189,2992.73398315353,2998.50257770549,2990.60087749369,1945.81695897278,2065.78464173752,2408.07566246989,2778.85689066265,2813.09847456118,2873.28151409977,2997.52303896676,2080.91260089552,2497.65614269321,1984.1466036398,2990.03962445095,2997.39660543112,2978.75548856671,2995.75273458158,1901.20476177902,1930.81077984086,2440.08314836898,2622.99779623329,2872.79259933338,2811.85789059326,2920.48068609354,1882.0440922601,2191.13673560803,2463.15923244566,2497.40560312556,2740.71202081911,2582.40671899526,2843.10111876961,1880.32050392046,1001.78076351976,2541.61660203466,2584.22666887789,2811.42349961739,2449.08425937862,2740.50371986322,1932.95296217016,1659.97102566091,2542.43891514856,2176.18604499949,2497.9028090462,2583.47368465449,2497.07734563324,1926.79433217059,947.689739467921,2560.95990567366,2226.09281051682,2266.0648919447,2449.91574621559,2582.21495127169,1914.9519923285,1580.33444404862,2447.2830412007,2217.17651562388,2308.32911932464,2127.1632433497,1210.7772152774,1796.70916139039,436.316742417688,2524.45975139056,2126.80458025317,2578.06890321646,2444.59711485638,2703.73697818723,1879.29175055455,2125.25895801274,2502.07447164667,2897.76882853028,2957.38829647524,2997.82445811372,2985.65960709024,1901.85594892618,1932.74744879255,2209.30389038265,2808.77739582772,2898.03509768215,2954.85320770572,2812.32277582023,1888.23450517767,2129.04553554867,2205.70680498503,2842.64302289094,2776.6666083411,2898.40695187417,2938.56481726477,1876.35997560508,2390.27898754835,2072.76851592651,2954.52555336691,2997.49086969084,2997.92018328928,2997.33965001981,2095.57449106812,1875.54251849677,2201.68310553973,2938.37934979591,2984.46785627916,2994.77144846099,2981.74139245296,2453.03735847438,2543.77864599362,2041.55376740328,2703.99604236794,2586.69172130633,2545.69176390001,2228.26160227322,2576.3212035276,578.815567913757,1015.53320772558,694.704120280328,-252.894426557247,-257.620437751754,208.386672960231,83.8328621871101,-233.140071188858,360.744646963294
2982.83173052,2987.85086987353,2990.11323326505,2988.6941219557,2440.19566522625,1989.4157122426,2981.0355593864,2978.75514628557,2984.92947340369,2999.58324828836,2184.2557795399,2397.34399761909,2340.00596618305,2101.63942372849,1931.92381677884,2237.08076739614,2341.00577354111,2559.57242332304,1314.61344532631,1838.26218139394,1557.03704294786,1091.12969069569,-243.561581886314,6.83076006448073,259.215952750749,-220.28530325601,1039.66908972129,2510.52778334376,2460.38826058451,2483.21140461922,2341.10360631371,2434.67493270864,887.396997434632,2552.87284468021,2235.58595733085,2993.86238927521,2984.93488329324,2990.68430775886,2416.12956272873,2562.11709722634,1929.51952512036,2994.39698061599,2994.99624452113,2999.44043340982,2992.9328404748,1919.57835315447,2023.93811499094,2405.60750965584,2756.86523595087,2793.01211754638,2857.05743353166,2997.15032158561,2049.45301945566,2466.73885561461,1981.03733351823,2986.85862389457,2996.95158460295,2973.23873348746,2994.46433710562,1878.65172437767,1887.89772447734,2436.20895723926,2594.06289850019,2856.49483114176,2791.68977949749,2908.16352801356,1869.39065642074,2150.79668767927,2457.77593531859,2465.25742273585,2716.70696134728,2552.14761602824,2824.78742712424,1865.5082530101,963.389776402694,2531.15311802236,2554.04407828163,2791.16810729437,2416.18526035653,2716.46714658185,1927.44438064502,1617.22911737564,2531.93731464867,2143.45376369354,2465.72844113046,2553.3678906589,2465.07668164629,1919.71583949346,910.453120512274,2536.37165461447,2193.51822573483,2232.71176250704,2417.01823538081,2551.87040390047,1907.7730260395,1537.54500973971,2443.41566225618,2184.00747328392,2274.64845946365,2094.88955710867,1170.27712014353,1753.36994904585,405.425791744344,2495.54130407755,2094.49193250768,2547.45731750676,2411.45946011839,2677.86391474369,1866.77264740525,2083.848771617,2495.19387405915,2883.27088177392,2948.92900814176,2997.37931346067,2981.32178905738,1879.28937069614,1889.85908519269,2211.36526089875,2788.15353962904,2883.62907689869,2946.06133552005,2792.16480225761,1877.39032292968,2087.74579909355,2207.60785330494,2824.24922685993,2754.40541086548,2884.09078468423,2928.02860870221,1859.57421692721,2354.64885585882,2072.77182137301,2945.59580396821,2997.04265268908,2999.37287753254,2996.90526352385,2064.23023078737,1832.93869905187,2203.34360222052,2927.87519931188,2986.59921448732,2996.85245476545,2983.58757850974,2420.34210891325,2517.10822336332,2040.56457961997,2678.24209950321,2556.74137397776,2514.65885008082,2195.49174707195,2555.87132743843,545.927854074824,977.079976487538,660.181587637915,-272.365980891147,-277.011123810896,181.112650565647,58.5985884548609,-252.96231529907,331.087076582196
2985.54540124983,2990.574260262,2992.69787290441,2992.85512097745,2433.69062290147,1944.64859141195,2984.18156693716,2981.38692321276,2988.76110165319,3000.84186215261,2131.78085571468,2337.76366905834,2340.12237713445,2104.71934516986,1926.04295051962,2241.21819452144,2341.11671622671,2522.79377484979,1245.23617271587,1765.17936998446,1485.13042224794,1025.19741121089,-271.931472080855,-29.7049855799196,214.815105153162,-249.440473570209,975.026622600129,2495.31648456362,2451.11399039809,2471.05277874522,2341.40794907416,2377.70844833266,825.927183410496,2527.47884020789,2182.58440088202,2990.95501622254,2988.76743370423,2994.84525303586,2362.64614545971,2532.72796408155,1923.97357657694,2991.56579018554,2998.93060525273,3000.69511330031,2997.08127138356,1880.24910859484,1952.01814667728,2401.73742870677,2719.67077168769,2758.82660703257,2829.04462158081,2995.99003227491,2000.60007824799,2412.48935759879,1979.64755107048,2980.66817291818,2995.66087705002,2962.97799138137,2991.64770845523,1845.71833239292,1814.51351189427,2429.6841640556,2546.11875854708,2828.35389407853,2757.37294382567,2886.52529687522,1852.9601572563,2081.12608333162,2448.49208407505,2412.69378470721,2676.34092328475,2502.23088179422,2793.40880178042,1845.52031881071,900.271543656547,2512.52560697114,2504.24489699205,2756.69842205867,2362.659162949,2676.04736954513,1922.46542622632,1544.88190336437,2513.23851310655,2091.88932560699,2413.11708076607,2503.72466446987,2412.78687217985,1912.20098700251,849.464980963357,2492.93877493267,2141.93738010108,2179.55545988834,2363.48924428522,2501.80780634664,1900.16203297978,1465.32514804669,2436.84300936529,2131.45934932124,2220.68245266934,2044.3933621276,1102.98288373798,1679.61972019479,356.6630375678,2444.68205610303,2043.93269933338,2496.96744239109,2357.55835223216,2634.56987156983,1850.58269877166,2012.51547826088,2483.03684101509,2858.0217658872,2933.6799028289,2996.07016107831,2973.0834051171,1846.32930939798,1816.51204261493,2216.78608850446,2753.05843245453,2858.54351951979,2930.2510365368,2757.86117311936,1863.9084568056,2016.5926229344,2212.79022711637,2792.7313981403,2716.7546083494,2859.16434850345,2909.32526973176,1836.34970216441,2292.55045452436,2075.86092347867,2929.53722880071,2995.74162524162,3001.60695228969,2995.63730776256,2015.4799307128,1760.25475642955,2208.15791098911,2909.23654350337,2990.63146256515,3000.37245863053,2987.20985259321,2367.13634596319,2470.10414171429,2042.2495081863,2635.15411624092,2507.32460000829,2463.6755724424,2143.5462275694,2519.61035146771,493.365909339293,913.817672983894,604.511291814555,-299.75522697904,-304.249449945674,139.147105463914,20.4549370382415,-281.003910403732,284.636176000291
2988.26806049148,2993.24175658688,2995.2035445479,2997.19771427092,2426.46060379624,1902.54209522018,2987.66799293764,2984.38646163167,2992.86478177622,3001.62939816328,2080.79909753216,2274.18598092269,2340.51271435589,2109.99630536227,1923.46904353072,2246.53799693183,2341.49405799226,2482.84344202903,1174.08434575138,1688.85784269226,1410.73677317889,958.194785594213,-296.516355857982,-63.4075137025852,172.301148672111,-274.90003975506,909.495602906675,2478.49267048973,2440.85479721096,2457.62154738708,2341.98275282655,2316.7818531127,764.080770459248,2499.64633181547,2130.79571414436,2987.24518169637,2992.87150940814,2999.12339785502,2309.41163631428,2500.61013332958,1921.75158061196,2987.92152648886,3002.82422201008,3001.48312162747,3001.27471125337,1844.03356875044,1876.4447230354,2397.50375670888,2681.35431057894,2723.41641085356,2799.66200277643,2994.14373233385,1954.02156220975,2354.33695755434,1981.26492383868,2973.44299752773,2993.67448148247,2951.48719430474,2988.01783213383,1816.20146274396,1737.75035213632,2422.46415124445,2497.61454042951,2798.83722355859,2721.83393825277,2863.48160387009,1840.14873045877,2007.58852322926,2438.24306357849,2360.14041799937,2634.96886605261,2451.92858551182,2760.71669380825,1829.14531939362,836.518607020926,2491.97049538952,2454.0531873877,2720.99865714789,2309.37931016707,2634.6199164517,1920.82803285478,1469.88371422834,2492.60377110667,2042.05210623625,2360.51184119305,2453.71447575184,2360.53423669624,1908.07459043017,788.070057050029,2446.01804071253,2091.84098849528,2127.62318191682,2310.20183223828,2451.35486037797,1895.99983332264,1390.65228706423,2429.51887103401,2080.40392088125,2167.70135882375,1995.90157508237,1034.36328848323,1602.81111511103,309.245973895746,2390.02631196033,1995.37862707253,2446.0968570972,2303.91796620895,2590.38982423161,1838.02951096717,1937.40453443967,2469.51741519981,2831.3429314995,2917.07019055316,2994.04901258367,2963.68648149107,1816.78184342903,1739.78284501777,2223.61453669381,2716.71631948937,2832.03871579589,2913.06758541397,2722.33244958453,1854.02089947552,1941.660759973,2219.40386400291,2759.89372997304,2677.97047319283,2832.82828574477,2889.22495302744,1816.74629471083,2226.43664221197,2081.35476460606,2912.08731415243,2993.74030424365,3003.48602952852,2993.67839285746,1968.9282054801,1684.37716263449,2214.42928173992,2889.2109986453,2994.90004669866,3003.75257070773,2991.13066256766,2314.16454876705,2419.46354633327,2046.55408296161,2591.18897601988,2457.516116876,2412.48396493671,2093.0477136549,2480.22757381644,441.644244968645,849.88023718035,549.269573357844,-323.248521011276,-327.574186595622,99.3613859390985,-15.0493931081005,-305.223999894387,239.809629091445
2989.12413725442,2994.08081758131,2995.99158166536,2998.4533019336,2424.05685968694,1889.4924684375,2988.66891104449,2985.24335564594,2994.0492499435,3001.81023197468,2065.05180941113,2254.43615700626,2340.45476739758,2111.44889550049,1922.51868225537,2247.99844294711,2341.43209615083,2470.36992296263,1151.97080931817,1665.16942255114,1387.63304334115,937.351235593535,-304.347796406155,-74.0370056033357,158.967896127111,-282.999928392579,889.103326614013,2473.13675234016,2437.5190937285,2453.30981781614,2341.98142386613,2297.84899253484,744.817681585382,2490.90254936921,2114.80729698432,2986.05877794278,2994.0562070857,3000.36042501422,2293.00224012286,2490.54746055191,1920.90877868245,2986.75462511513,3003.94544898994,3001.66412929703,3002.48609376022,1832.78166178779,1852.99214411225,2396.0223012934,2669.56002001158,2712.51709459404,2790.61692622286,2993.5240247531,1939.60791779501,2336.25878694383,1981.59800212291,2971.18519976082,2993.01215487638,2947.9275210904,2986.85534023224,1806.99806149582,1713.9275350021,2420.06361909531,2482.67780097736,2789.75121875913,2710.89501720332,2856.38286931526,1836.06097658312,1984.76627968696,2434.91057907386,2343.94601904847,2622.23351696768,2436.43523380949,2750.65428679735,1823.96606879732,816.671158411057,2485.46627121758,2438.59397239881,2710.01069506594,2292.95608217947,2621.86762814539,1920.16412794124,1446.59580648778,2486.07504637324,2026.65075550562,2344.30161700607,2438.3103204399,2344.43137556732,1906.64946221681,768.946622197028,2431.39858846899,2076.36550596587,2111.59038978722,2293.77639807113,2435.81541009325,1894.56229464895,1367.46204463815,2427.08609814919,2064.63401279332,2151.35213115156,1980.90679982059,1013.02457536405,1578.97022678001,294.408393715714,2373.02509350231,1980.36470024411,2430.42895195479,2287.38366155702,2576.78926915592,1834.02063310879,1914.09608795755,2465.17820370661,2823.12960377615,2911.94425968024,2993.3761388269,2960.76656723396,1807.56913376434,1715.97053832026,2225.53909782514,2705.53186242186,2823.87840366306,2907.76604071469,2711.39677805601,1850.82896726172,1918.40754001829,2221.26262886217,2749.78689113435,2666.03309876988,2824.71940512112,2883.02914967763,1810.57796470435,2205.90507255573,2082.87435785868,2906.70466177076,2993.07340511271,3003.99792932551,2993.02446263596,1954.52462265953,1660.82527611835,2216.18319680815,2883.03780718057,2996.1334205627,3004.71889777072,2992.26061908289,2297.8362079727,2403.69869020558,2047.7098020572,2577.65408278918,2442.17446959809,2396.71303823449,2077.44998499288,2467.92870001572,425.486335339696,829.97643111292,532.031955011301,-330.744935128474,-335.018873789616,86.8652859857293,-26.2317578015486,-312.943472312938,225.766936821245
2990.51429347812,2995.38731311087,2997.19591920345,3000.67111469612,2419.64257861401,1870.70194882983,2990.60685997194,2986.96973258612,2996.22804838092,3001.73025756828,2040.89490616786,2219.20196860966,2340.68053485381,2115.74588760454,1923.86677319841,2251.44943686522,2341.64499213304,2447.59859872921,1114.81589263834,1624.2184802084,1348.26919125761,902.850373749763,-313.671119768108,-88.6955616395512,139.131173753792,-292.833485956593,855.487093694926,2463.19610950248,2431.37731846744,2445.34580838755,2342.29585611504,2263.96680708645,713.463732889537,2474.78344644329,2090.01960954688,2983.48167438979,2996.23489233301,3002.49315768441,2266.70564784705,2472.04975076012,1922.44550125755,2984.20026986554,3005.75609701829,3001.58816578083,3004.51596700252,1817.28852542987,1812.06805465018,2393.40576778686,2649.54988318647,2693.86621864275,2774.84036577604,2991.96414219057,1918.27923692229,2303.80660964815,1984.76949284414,2966.67548537984,2991.37499609765,2941.14381833613,2984.30797142853,1795.07933601296,1672.63961775408,2415.67972422812,2458.06800233322,2773.90335733286,2692.18224610389,2843.72378271718,1832.5957806043,1944.67845384528,2428.79073213017,2317.79215422784,2600.80097855901,2411.07515335772,2733.28068360846,1818.72874821238,784.152304150291,2473.40166795014,2413.28311693899,2691.21178838594,2266.63482575762,2600.40626379042,1922.00545711579,1406.79420365116,2473.96375112937,2003.25442611337,2318.11859163013,2413.11044520493,2318.44866706457,1907.29779269009,737.792534223164,2404.8897487825,2052.64077203511,2086.7405169686,2267.44756546675,2410.37665196626,1895.24237217865,1327.98745627703,2422.6024169008,2040.44012250538,2125.78507219612,1958.40619490218,977.505610446494,1537.92695887588,271.678089191354,2342.40406129459,1957.83376703377,2404.79071245898,2260.89519480378,2554.0604933354,1830.69822238346,1873.29883565294,2457.09371990879,2808.64679848697,2902.51477220673,2991.70804034548,2955.07932322235,1795.63198133156,1674.69686619315,2229.93167364945,2686.4005481328,2809.49037167962,2898.04169754949,2692.68674606868,1848.79280877133,1877.69864845804,2225.56875353762,2732.33594454629,2645.7817592605,2810.4228465733,2871.83784319028,1803.74655578102,2169.39218543133,2087.45579995161,2896.8334660898,2991.42493899737,3004.55329083181,2991.40491088414,1933.14705701281,1620.13336139985,2220.34148636332,2871.89175072461,2998.36158884979,3006.19394716988,2994.37318016001,2271.65787055004,2375.21207116834,2051.88438109806,2555.03912752544,2417.05448328255,2371.05629828186,2053.49531074367,2445.48208059779,400.190403153548,797.331959524728,504.63932893331,-339.432017600031,-343.607289256704,68.6317929677639,-41.9494922630429,-322.054654519718,204.55936252454
2992.66476996641,2997.37035945801,2999.00762873078,3004.09023096014,2412.33053956599,1843.51518982888,2993.70126252837,2989.76329570342,2999.64322755134,3001.28002885136,2004.87006564401,2162.9462590556,2341.03184915806,2123.43787459784,1927.72000793641,2257.25324030265,2341.97225909923,2410.84838896948,1056.8805330344,1559.65914720051,1286.55807409067,849.365892391902,-325.964532504796,-109.673927945533,109.710764024215,-305.956564644721,803.456230292335,2446.93420781341,2421.27801312558,2432.29839011516,2342.78028229827,2209.79733306044,665.176825373281,2448.61216198826,2052.87525202224,2979.0443225297,2999.64969457109,3005.74591230086,2226.717936285,2442.07957985809,1926.59576000982,2979.79070202281,3008.42725490541,3001.14667400269,3007.56981608698,1795.38296446606,1747.31553643037,2389.04780092327,2618.37246502639,2664.70275167456,2749.97591704203,2989.1401245581,1887.0059063138,2251.85382521202,1991.22360484675,2959.16398860972,2988.42790705506,2930.05951070489,2979.90894026552,1778.79185349233,1607.48640055132,2408.43154394922,2420.19600448207,2748.92698328371,2662.92586725089,2823.58978739336,1829.30009965347,1881.08268685008,2418.73649970112,2277.88759178763,2567.52094876699,2372.15766824644,2706.01408044912,1812.73065236156,733.940656768418,2453.71506830245,2374.43674441871,2661.81979690373,2226.60804871865,2567.08139558235,1926.62978105475,1344.32210584485,2454.20104766895,1968.52089102905,2278.16724806701,2374.44758267665,2278.81998964977,1910.13376020528,689.793969695729,2362.25096167205,2017.26945389029,2049.50765079731,2227.40661449271,2371.3365978694,1898.16076937449,1266.12640870921,2415.16895548769,2004.35863248137,2087.32417626885,1925.19427126611,922.322307012102,1473.32838201737,237.533216152854,2293.30865528272,1924.57603339727,2365.45206850148,2220.62170022947,2518.87234230252,1827.63015889419,1808.66990526769,2443.80975362906,2785.72053229924,2887.32670459595,2988.70431773079,2945.70503164463,1779.314191602,1609.5635951017,2237.30340787503,2656.49271247447,2786.7142889174,2882.39741030892,2663.43291587744,1847.65917279292,1813.2040997621,2232.82268652851,2704.94798467222,2614.23056765216,2787.7914575626,2853.94508145197,1795.32534833752,2111.17306739822,2095.70327298715,2880.95537188677,2988.45791494435,3005.13558017379,2988.48739902117,1901.75647759503,1555.99544190085,2227.38538522215,2854.07354324637,3001.82923985885,3008.29804197153,2997.70466273423,2231.84200337058,2329.46783804855,2059.63857287032,2520.02932765556,2378.49939935971,2331.78630145775,2017.75274706168,2409.25640411694,361.842079081619,746.905640005663,462.856594090324,-350.691174433759,-354.705810967174,41.825118627472,-64.6548386687214,-334.003495674428,172.897236185386
2995.33772695338,2999.79561586278,3001.20396435909,3008.03657366906,2402.0420142864,1812.22665598556,2997.41464294089,2993.15401635487,3003.66800780086,3000.03860271224,1961.91003121718,2090.11820009859,2340.96925974276,2134.03481310603,1934.64354329264,2264.64264098252,2341.87370341293,2362.51508344581,984.05934067072,1477.42229648627,1208.48228697554,782.613907535763,-338.071805106996,-133.237038907768,74.9929186175564,-319.156816244856,738.642152962738,2424.95152082646,2407.36231532004,2414.53480857081,2342.87664255845,2139.54273556163,605.394233314147,2413.82063881709,2008.33438261571,2972.72408558181,3003.67403218631,3009.44138408589,2177.96756886131,2402.40122663506,1933.89390510839,2973.49313101749,3011.29265691435,2999.91963458855,3010.9648125705,1770.87748435188,1664.46151711868,2382.68010544621,2579.3014598477,2628.00597076421,2718.40276477017,2984.86051123994,1850.43973579127,2184.34974428063,2001.03840360699,2948.93743285529,2983.99187863435,2915.34954086458,2973.62403600253,1761.3601433432,1524.39742561359,2398.24736229379,2373.40141801952,2717.21351831911,2626.11791470665,2797.74545277427,1827.81382063697,1799.44018443723,2404.89333793709,2229.05467502479,2525.97850981714,2324.22287426872,2671.56001988347,1807.95842061349,671.576089109914,2427.27927399681,2326.58325327982,2624.84134986776,2177.80819275159,2525.48324122619,1934.51827908595,1265.16815436915,2427.66511484608,1927.3153768497,2229.2741599488,2326.83628979546,2230.34243820241,1915.89762117299,630.334192948542,2306.46213558435,1975.09703795532,2004.86751000749,2178.58590401084,2323.24906287997,1904.07181626544,1187.89947559306,2404.70889249134,1961.32917726268,2041.00265379739,1886.05713314308,853.266454381273,1391.21008754913,196.562194511769,2229.37971196654,1885.38363030423,2317.00838775958,2171.53239542708,2475.09799974052,1826.43488370072,1725.8519882835,2425.67795383818,2756.46249853102,2867.53169355747,2984.1863280092,2933.12503948678,1761.84248953278,1526.49594848479,2246.80253911679,2618.8748228016,2757.64626151472,2862.03849967646,2626.62592873695,1848.77668711584,1730.54880074238,2242.19968135997,2670.34186356893,2574.69698683154,2758.90617297361,2830.8336024237,1787.61784112187,2035.93866250426,2107.16010696289,2860.29932167785,2983.99384160121,3005.23223401255,2984.09114713833,1864.98893234565,1474.31231044928,2236.53011795453,2831.05990340903,3005.8817904985,3010.40145628977,3001.65558440328,2183.28955398525,2269.76361492506,2070.68780543486,2476.47840908461,2331.00085219352,2283.55776945748,1975.10121652493,2361.60657587499,315.285610740072,684.242406454081,411.737697368981,-361.436404948516,-365.239126288303,10.5608274773026,-90.5001443490946,-345.657414206845,135.207059144081
2997.64214322346,3001.85615088532,3003.05572838179,3011.2434180407,2392.50729554497,1787.17166199354,3000.53779731682,2996.03565646898,3006.99849553363,2998.54911923874,1926.40764664259,2025.92370388134,2340.64882564745,2143.8520727252,1942.04464651884,2271.14546449573,2341.51846999001,2319.45825689732,921.201007046695,1405.75100530979,1140.76825227407,725.29308291454,-346.420506415659,-151.81302342592,46.4468372326328,-328.480446878625,683.063768747296,2405.03240084778,2394.61600823261,2398.37425822872,2342.68790913439,2077.53953972191,554.3636905927,2382.61402593353,1971.35214422689,2966.80532625602,3007.00414174444,3012.40351211426,2136.9296063473,2366.90300963076,1941.61921297441,2967.58572453239,3013.47165913497,2998.44485690041,3013.63366433937,1751.77339020178,1592.02201948815,2376.6653737889,2545.68838586695,2596.33719687845,2690.96930292171,2980.71182002916,1820.73591170638,2124.69898492903,2010.68740732618,2939.61833658721,2979.70701349574,2902.16534370252,2967.72717341422,1748.37000666264,1451.9240266339,2388.81846071268,2333.58299493046,2689.65918189152,2594.35693385773,2775.1116067271,1828.33424337498,1727.89420867085,2392.22003235468,2187.82097841335,2490.34668802559,2283.53624283881,2641.73245430522,1805.71539103625,618.214511974645,2403.41929199077,2285.96140469588,2592.93317068943,2136.72726071761,2489.80375861276,1942.74953068809,1196.44708535408,2403.71577418068,1893.41462249041,2187.98762456015,2286.43124659511,2189.42125219078,1922.37548956786,579.557598413483,2256.93301203657,1940.25193525543,1967.80757596478,2137.48495250662,2282.43148943851,1910.70570080041,1120.0783963058,2395.01374377323,1925.76807176022,2002.39997293075,1854.04511333674,793.850936585817,1319.74662703816,162.420659208486,2172.80572682585,1853.32545745154,2275.89621649872,2130.21542685124,2437.65088305703,1827.209729851,1653.36867050751,2409.1532102753,2730.94631788386,2850.00722767867,2979.82346817896,2921.76637734591,1748.81657802752,1454.03860939751,2255.2170881807,2586.42068384066,2732.29492310984,2844.03368609814,2594.86428755396,1851.46981071161,1658.2019291089,2250.52580755773,2640.38335772446,2540.68946790529,2733.71316663752,2810.50221359859,1782.91382354456,1969.70517923016,2117.82538651688,2842.03582563574,2979.68276114861,3004.92488306281,2979.84236287798,1835.07538491323,1403.13454852099,2244.67658115722,2810.81574749851,3009.21067497883,3011.8895657033,3004.94333346152,2142.41035450215,2216.84578456029,2081.14042156733,2439.22362697231,2290.67788652734,2242.71706251898,1939.83424453784,2319.15549067113,276.133012872447,630.604880722717,368.492530062227,-368.57045098288,-372.183965190753,-14.8985009684238,-111.116122648421,-353.602073866153,103.998133122366
2997.84285271055,3002.04461155796,3003.22921768933,3011.52494749605,2391.80809762605,1784.54865533475,3000.78573560713,2996.25639237201,3007.27688660405,2998.50357679399,1923.01825592267,2020.82781590411,2340.62266010798,2144.439877014,1942.24465517898,2271.59184475231,2341.49033560875,2316.12931757488,915.888468098505,1399.87117970045,1135.12890030782,720.369626989311,-347.695527751929,-153.859380271916,43.6513330483181,-329.829197489814,678.268759374701,2403.53826152271,2393.66871595408,2397.1649613167,2342.67409308588,2072.63414358238,549.898266389744,2380.23472425724,1967.87099868225,2966.40897751933,3007.28254986753,3012.6724906768,2133.22558930531,2364.18354003916,1941.8458420439,2967.19215807502,3013.69364762375,2998.39996114647,3013.88713914273,1749.61802494991,1586.13617084009,2376.22637380724,2542.85047966968,2593.6887078645,2688.72203798422,2980.45808621959,1817.75238226018,2119.99548401443,2011.13563403003,2938.94996864363,2979.44242346994,2901.17770083382,2967.33458114286,1746.71908323964,1445.99362235451,2388.12418694793,2330.10642878816,2687.40190714139,2591.69980170077,2773.30046831836,1827.86792985494,1722.12062510551,2391.2762556833,2184.13425306695,2487.31071431363,2279.9563652994,2639.26208370161,1805.00142944305,613.579505700258,2401.6201824584,2282.38835373725,2590.26394494643,2133.01976926035,2486.76374112944,1943.01901708892,1190.74240318745,2401.90993055509,1890.13466210579,2184.29676445604,2282.87395396125,2185.75870098642,1922.47976945961,575.119468966258,2253.07262363454,1936.92287723001,1964.31783397383,2133.7763461381,2278.84054961989,1910.81514755496,1114.42431636246,2394.30422417777,1922.3734847762,1998.80682423697,1850.89403502944,788.778581507052,1313.85812380011,159.206242181523,2168.3615073774,1850.1701312011,2272.27743168855,2126.48464976277,2434.43453135957,1826.76365098502,1647.49768516099,2407.92502307715,2728.87979227624,2848.6484796658,2979.55431146328,2920.93252357364,1747.16302157229,1448.11012771225,2255.8004355427,2583.70484153343,2730.24171170739,2842.63359362116,2592.20751676153,1851.20266939637,1652.34331272516,2251.09757958973,2637.90213214147,2537.81774978768,2731.67280468757,2808.89661098039,1781.97729292111,1964.42952866265,2118.45751572057,2840.61509133322,2979.41651201069,3004.9689074283,2979.58030630403,1832.08412522012,1397.29206884525,2245.22824394786,2809.21653547731,3009.49475815338,3012.06383438587,3005.21347336506,2138.72275686356,2212.70459188883,2081.7204040655,2436.02327431798,2287.13155826661,2239.09752889792,1936.47270209629,2315.87320961418,272.546568439198,625.951292330575,364.602086670494,-369.753547256451,-373.352795974907,-17.4620608151818,-113.315723037816,-354.846456056123,101.004023946856
3001.20286741214,3004.95312493253,3005.79415938499,3015.11884868521,2374.76976953455,1754.97548579692,3004.71726571718,2999.98966030931,3011.26504713311,2994.49067575233,1876.85388633756,1921.37813312069,2338.53311231918,2160.75866129566,1957.93898525535,2280.97140880793,2339.33556236675,2247.50643833066,823.688848656453,1292.06901037141,1034.56203835696,637.448559617116,-351.879647476141,-174.336930913136,7.24566106393968,-335.563318530781,598.170853822057,2370.21573482674,2371.62894783988,2369.78112826373,2340.75577174209,1976.26403462598,477.259866197892,2329.53722989817,1919.12761498072,2955.80902641579,3011.27055280269,3015.80920258527,2077.02576484942,2306.93616380741,1958.01536468022,2956.57643743534,3015.44848124125,2994.41706061334,3016.47166425547,1729.06683302963,1476.27538663368,2364.85097720151,2494.07047219763,2547.35738852571,2647.87547982311,2972.45528181796,1781.06267414748,2026.97307887589,2029.15641900191,2923.30921685875,2971.23789692155,2879.94200340797,2956.73277782572,1735.1023046752,1336.75527800351,2371.30093228141,2273.97124102859,2646.38070397967,2545.24793076407,2738.90970242546,1834.97562979384,1612.95904289364,2369.38303564145,2127.19398769748,2436.00868637935,2222.97933110018,2595.26778945294,1808.35950105849,537.128108590466,2362.16852381375,2225.48601949748,2543.59826576784,2076.75655741752,2435.39402206708,1959.91174586279,1088.39977815276,2362.31651275381,1846.62385328213,2127.27622925302,2226.31462087458,2129.29332220567,1937.12891634845,502.752987632186,2174.85865461152,1891.63191148031,1915.49043038751,2077.47658863268,2221.67626037388,1925.7978275296,1013.79435634395,2376.98406020144,1876.12790202472,1947.39607124833,1810.51438862031,702.37524089198,1206.77950782058,113.837017916066,2079.79336708425,1809.7288693687,2214.73092711594,2069.92796225093,2380.89435146197,1834.25397697434,1537.27468157114,2379.83112680287,2690.5306525998,2821.28220875956,2971.20959196797,2902.30133590511,1735.48948430189,1338.88588881162,2268.32033359404,2536.26749158382,2692.13481806163,2814.59228379097,2545.74932904706,1861.19214868136,1542.30393407153,2263.55373700698,2593.71885701719,2488.48214208664,2693.79785982996,2777.65046722934,1782.02504110242,1862.15463397961,2136.41992756503,2812.19049272408,2971.16635158004,3002.76831130322,2971.43474535147,1794.95743415771,1290.27105248024,2257.50221561596,2778.1068848023,3013.38056723244,3012.69666809399,3009.22203387907,2082.71018997843,2129.50948689437,2099.90741249534,2382.76081200675,2230.6367988761,2182.25897970569,1890.53860101489,2248.19578119506,219.099893762851,549.024571867672,304.561085297161,-372.007591000891,-375.305337613792,-48.9364975829603,-137.052994303852,-358.38953182069,60.3206230585347
3004.00614280845,3007.36624137661,3007.91321554497,3017.55566341369,2359.45850765982,1732.20741464313,3007.57021524218,3002.73296623057,3014.08661289323,2990.51597255044,1840.10408835941,1837.35832825414,2335.96896889993,2174.37826195384,1971.84778431861,2288.28608851014,2336.7136528833,2188.90312541892,747.20424178719,1201.90734875312,950.797952600912,568.971127025825,-353.246683423755,-189.552194912745,-21.5190580721537,-338.246901751985,532.105353504638,2341.15799498935,2352.10456243718,2345.74803986714,2338.327089762,1894.74984929961,417.591125175413,2285.89595389679,1880.15339497865,2946.41362040787,3014.09239985581,3017.84752898689,2031.54178788847,2257.81217970123,1972.31548872186,2947.15819199924,3016.29416979932,2990.46930182472,3018.02471825643,1713.80493074549,1384.14117036202,2354.35679560601,2453.86584154303,2509.07308922002,2613.93352680597,2965.18808960589,1752.35679689237,1948.19524335309,2044.71736513179,2909.76325259169,2963.80483589062,2861.82064628891,2947.32560485326,1727.19322929613,1245.33107499196,2356.18381114663,2228.12641039127,2612.2960145136,2506.86791192918,2710.14071602224,1842.21006373039,1521.22481738777,2349.99057473907,2080.99067984002,2393.83241218321,2176.54401286567,2558.82172242018,1812.58417293375,474.192302839244,2327.94986695167,2179.10738541616,2505.04327339837,2031.22039545264,2393.1626642302,1974.80285923169,1003.08042029035,2327.9777708137,1812.134858903,2081.00613039079,2180.22357741866,2083.48392850296,1950.26213323661,443.279357918892,2108.30383982911,1855.57834788551,1876.45416278226,2031.9085902343,2175.08803450948,1939.23132193604,930.005470737118,2361.42714265971,1839.31233234086,1906.15295632245,1778.69343834292,630.899657374172,1117.33789231044,77.4409403653885,2004.67868493883,1777.85857974053,2167.83995028252,2024.16266290074,2336.97638443681,1841.8060821589,1444.75444260279,2355.16305883377,2658.57070858024,2798.17899859735,2963.65472482159,2886.30139277682,1727.53257083016,1247.47059554265,2278.32191291131,2497.08540352118,2660.3737179167,2790.94129804579,2507.36291200104,1870.72073475498,1449.93064099775,2273.52081615504,2557.11839766201,2447.82652855869,2662.22700053328,2751.41307607084,1783.6005450455,1775.84836528796,2151.50622022448,2788.22422340049,2963.69386684784,3000.29764811586,2964.05173817776,1765.8602333335,1200.77087041209,2267.34126897129,2751.98334422036,3016.08792681166,3012.59675260133,3012.08564215531,2037.36958277589,2058.83651564202,2115.32692001451,2339.07005060597,2184.58610042425,2136.02488127755,1853.9509726704,2190.38944357363,175.813680714165,485.675293147545,255.650530818497,-371.735528675595,-374.777002129323,-73.5064367646255,-155.041352326662,-359.212424742861,27.9107801095911
3006.81852448199,3009.80144147979,3010.04916437116,3018.96319649115,2341.20453363036,1710.24359528635,3009.58064954748,3004.70692781745,3015.96123905241,2985.24298777869,1803.49630020816,1747.66249262466,2331.35958055909,2187.72017769855,1986.56108641729,2294.37916258956,2332.03969187803,2125.22542781928,667.677160428407,1107.08478881506,863.210871723481,498.213554855278,-351.736782252675,-202.896599743873,-49.4145999469779,-338.147954698994,463.953335662205,2308.37090789123,2329.40771074103,2318.28768210328,2333.84912954632,1807.56804118473,356.385013133786,2237.80412490157,1841.16113658788,2935.63191063726,3015.96818681432,3018.82667293503,1985.48948611141,2203.98725739285,1987.42818291331,2936.34035334503,3015.99804743169,2985.22646523605,3018.47408472708,1699.59509363033,1286.86658330303,2341.24367261193,2412.31756032462,2469.38513596611,2578.49761334062,2956.55870175956,1724.23836612708,1863.778689985,2060.76793175759,2894.75417610527,2955.00696148903,2842.18434426933,2936.51866321273,1720.48579504339,1149.09201103004,2338.15147583177,2181.25850450073,2576.71586070266,2467.08595811136,2679.83583664,1850.61953089777,1424.08396917093,2327.44389071611,2034.08407411937,2350.38168867846,2129.18235503692,2520.92126434324,1818.01935170968,409.442675579877,2289.72444280616,2131.79852365033,2465.0842915985,1985.11486014676,2349.65647701169,1990.51333655518,913.755016940803,2289.62482571974,1777.92171006452,2034.03046688915,2133.21317531415,2036.98176481414,1964.29930974522,382.226685873129,2036.42013848043,1819.65615704484,1837.40611908419,1985.76861032911,2127.57158682067,1953.60356898371,842.435637185594,2342.90335241929,1802.63843031032,1864.76106182677,1747.30633883855,556.868781394951,1023.44694640163,41.3404018266301,1923.99808332414,1746.42251454326,2120.02692889195,1977.83624688194,2291.85382271773,1850.5430801634,1346.94767246089,2326.98500385675,2625.08203177321,2773.53232747407,2954.72545816118,2868.80235513812,1720.77498459515,1151.23641011981,2287.30257940828,2456.4958378174,2627.08677921351,2765.74446228435,2467.57321892056,1881.37229082718,1352.26745087958,2282.49015778689,2519.0619843465,2405.825395942,2629.13292466864,2723.6318011731,1786.42778798147,1683.87764575205,2166.50065186311,2762.70690949077,2954.85361083186,2996.56624978432,2955.30666196048,1737.30743965593,1106.65108775302,2276.2089178076,2724.31930217599,3017.80731905358,3011.31629493852,3014.03589250891,1991.45230250048,1982.72015123443,2130.86075305951,2294.17770212245,2137.60389764696,2088.96266157012,1817.47954649302,2127.55281433269,132.285498296157,420.467972497228,206.060249417605,-368.469403738249,-371.235958711062,-96.8971491556576,-171.364117769549,-357.119877445106,-3.90858352349596
3010.10652803315,3012.64049338198,3012.53229888451,3019.77211763479,2318.65885733316,1687.02862422474,3011.25283345305,3006.41214259036,3017.3754300954,2978.32763780498,1763.27668148987,1642.78691174421,2324.87640370406,2202.91721603454,2004.30011740526,2300.60622030891,2325.47810059,2049.99020930762,576.365798594274,997.311424537596,762.23109721734,417.349369225358,-347.45236239877,-216.06870025106,-79.7005743763821,-335.520685411569,386.165641406057,2268.87354919278,2301.68999179938,2285.01664592914,2327.50878699745,1705.51447728693,286.826214143862,2180.5517604711,1798.11747994117,2922.49103498878,3017.38443495066,3019.12626157698,1934.00363551148,2140.10147195619,2005.62095102521,2923.14560903353,3014.79039870351,2978.34802645648,3018.13716020765,1685.27882034133,1173.95030578101,2324.73655260868,2365.00642692465,2424.07785760625,2537.82079073709,2945.83934460179,1693.94083658429,1764.84556439823,2079.70526482252,2876.82773453104,2944.0972985241,2819.05449129738,2923.33583914742,1714.68876037468,1037.60512870755,2315.8787938493,2128.37724013389,2535.87694235456,2421.67600706174,2644.81919094057,1861.67206811881,1311.0964428939,2299.91077630449,1981.50333250955,2301.02961925992,2075.8561014847,2477.54666893004,1825.78528323021,335.688927199185,2243.89880874369,2078.52678681287,2419.47517307461,1933.56868450746,2300.24230793915,2009.37994749287,810.678293484726,2243.64996808201,1740.50932505018,1981.37051275049,2080.28516373813,1984.86227799007,1981.37454086373,312.805591453118,1951.78167305658,1780.18764972877,1794.30717308854,1934.18133656465,2074.07119600059,1971.08873891594,741.510033072744,2320.03406039337,1762.34492581573,1818.90823564619,1713.20725023907,472.112951661297,914.891809493969,1.39693274638648,1829.30936528921,1712.2693536107,2066.20343617707,1926.05337426366,2240.71800707808,1861.97080057644,1233.31427349445,2292.83593416384,2586.53248671135,2744.79926407195,2943.65941954694,2848.06694393181,1714.91969435889,1039.75164146312,2296.93880012342,2410.1816048167,2588.76481178069,2736.39695928401,2422.15321113959,1894.87820559253,1238.79201254105,2292.13544409638,2475.51220251759,2358.00854728155,2591.02836976646,2691.41259230188,1791.32182628891,1576.46445328824,2183.7155425479,2732.99720506116,2943.89367744958,2991.40710287998,2944.45863609614,1706.48065365257,997.699991907867,2285.76538926738,2692.23423187,3019.0066054055,3008.97126080595,3015.5688672716,1940.10758646046,1893.24566016202,2148.87038546376,2243.30114306762,2084.69402166592,2036.07484766315,1777.38379755625,2053.29732352259,83.5841781083054,346.165266221242,150.211959855436,-362.122642164799,-364.566096425422,-121.884951257867,-188.03932671529,-352.151553391249,-38.8166760747163
3012.1936690877,3014.46364901008,3014.12874722803,3019.40242539013,2301.91754415175,1672.58212168894,3011.56726974761,3006.80402336098,3017.44830979292,2972.88811688245,1737.57406531047,1571.69695624417,2319.00336087072,2212.11060376822,2015.88580163656,2303.41432160101,2319.55028365843,1998.18307748427,515.909255188468,923.886236944535,695.034087767955,364.114411835322,-342.629334408792,-223.109594222557,-98.3840993422232,-331.823072176419,335.033855537158,2240.77720736935,2281.49144525021,2261.10026307281,2321.72382053896,1636.2234615814,241.343688568312,2140.63678992497,1770.51387905355,2913.04784092979,3017.45941127083,3018.41486320978,1900.67205952878,2095.78494869023,2017.50062749985,2913.65847628981,3013.06872145449,2972.93414325773,3016.99192656115,1676.65882931939,1098.16190982591,2312.07131393694,2333.85083967735,2394.16186171711,2510.79873048271,2937.94662198355,1674.84360671994,1697.55864934152,2091.82750547074,2864.29699722349,2936.08219579042,2803.18597700997,2913.85618552723,1711.58898984178,962.973635149414,2299.33092142995,2093.87175427071,2508.75098410465,2391.69568958015,2621.37510387154,1869.26768534026,1235.05928988654,2279.84278692901,1947.38916867261,2268.61690874299,2041.12710111891,2448.83099515392,1831.31605832265,287.329162771923,2211.57533874758,2043.83011939463,2389.36709150135,1900.19808434371,2267.78988208903,2021.69279371318,742.00857620817,2211.22617113103,1716.68054959404,1947.2044430183,2045.81362725536,1951.0477551355,1992.61045040539,267.378408039988,1893.80912286432,1754.95605803615,1766.67223480918,1900.78290670571,2039.23016208616,1982.60792778885,674.379594676012,2303.06944912391,1736.59497426256,1789.43141663183,1691.59003377165,416.194604812132,842.402446653581,-23.8629492172881,1764.77368850388,1690.61788789678,2031.16042275746,1892.53705155152,2207.21221674597,1869.81174690281,1156.95859929957,2268.30145680747,2560.84476415257,2725.34988353738,2935.53867140922,2833.72992562506,1711.78131552491,965.118411046381,2302.06074504909,2379.6230394253,2563.22336765607,2716.55530908328,2392.16570557435,1903.99727853643,1162.53411014806,2297.27971596528,2446.6842805953,2326.53030486194,2565.62659210083,2669.74443653397,1795.05526536656,1503.7714624149,2194.32575166133,2712.9224406691,2935.84464057977,2987.10477627709,2936.48452850678,1687.01901287486,924.828089846744,2290.87197153085,2670.65321669692,3018.91316699801,3006.50411727897,3015.74174460499,1906.86078432138,1832.11465243425,2160.13386042193,2209.9621191635,2050.22690647607,2001.68648619892,1751.74405196207,2002.14547237271,52.3474596669289,297.422870488926,114.09842807903,-355.89929826056,-358.123146544893,-136.964153695614,-197.463571547413,-346.864413510301,-60.6508150719615
3013.54393896278,3015.65411211461,3015.17485103216,3018.92067088478,2290.72115846043,1663.22379396017,3011.54341991356,3006.84289436893,3017.25549672917,2969.19931568073,1721.02571258099,1525.59160481903,2314.8204275789,2217.69397688507,2023.08907730713,2304.84233554716,2315.33183143667,1964.42476310501,476.906072098521,876.420725614223,651.640034136036,329.806454622801,-339.304693624628,-227.469507760332,-110.28687180882,-329.227273228516,302.089916411858,2222.26590293949,2268.06867168551,2245.28266789917,2317.59677590349,1591.26439867654,212.067095665845,2114.52071159886,1752.75132378422,2906.82898344229,3017.26821730402,3017.7171447292,1879.25136520534,2066.83843821915,2024.89143189053,2907.40996402063,3011.72915392146,2969.26183322058,3016.01709880372,1671.02110638308,1049.13178214413,2303.50420286448,2313.82386712575,2374.92648137518,2493.41011947579,2932.70692960789,1662.51459094709,1653.87898550493,2099.34459011534,2856.1215754224,2930.76511862789,2792.89474884622,2907.61243477427,1709.47409218195,914.720763304594,2288.26031169919,2071.70409840075,2491.29652287916,2372.41929511075,2606.26626811051,1873.95945050141,1185.83759830402,2266.50487606368,1925.46918511597,2247.78755183719,2018.8156591308,2430.3624621097,1834.69602602648,256.185133617834,2190.34234096319,2021.5393640771,2370.00975608967,1878.75259251072,2246.93530977442,2029.35975874252,697.653369927396,2189.92850020964,1701.32917860662,1925.25133546265,2023.66555337512,1929.31777677889,1999.600906632,238.131599238274,1856.09578550896,1738.70706644522,1748.88961911321,1879.31965808589,2016.84738996575,1989.77936473011,631.03318795787,2291.72850011929,1720.01636159426,1770.47221889582,1677.65128495314,380.14296976302,795.559371513372,-40.0272164614948,1722.85423142591,1676.65723805373,2008.6487985776,1870.99845306392,2185.68481775486,1874.66022215961,1107.54905268899,2252.08239841624,2544.30842735065,2712.78383304445,2930.15422198496,2824.4102489595,1709.64173829105,916.863932343572,2304.98241130052,2359.97962116048,2546.7796297842,2703.73998230292,2372.88481143163,1909.65508638121,1113.18639597195,2300.21760834873,2428.14460897266,2306.29847587188,2549.2712845206,2655.76657892378,1797.29387689904,1456.64700862504,2200.82831843544,2699.9596263939,2930.50585956385,2984.13437663007,2931.19359739128,1674.45735989004,877.719457313307,2293.78811919982,2656.73035654186,3018.60964842145,3004.69364109669,3015.61687156965,1885.49431017014,1792.37706173831,2167.07087780167,2188.54068740169,2028.08231544131,1979.59161221412,1735.23606583577,1968.8091783794,32.3083010567966,266.029606676059,90.8976395998516,-351.667822637075,-353.749424205555,-146.53181795325,-203.367601392017,-343.239252973827,-74.5956444357489
3013.77782037808,3015.85941345923,3015.3569585993,3019.13849371168,2289.48092246534,1661.08204878918,3011.78366126968,3007.07003301121,3017.49965418811,2968.90148763065,1717.74641758591,1518.63154570186,2314.614263955,2218.75385588628,2024.09386214443,2305.4280452585,2315.12119265509,1959.6065287099,470.451578219841,868.88017127816,644.603109519609,323.997831885034,-339.631200085309,-228.930549976175,-112.856978943758,-329.661711157791,296.477838430028,2219.89713641748,2266.48167685806,2243.3252738895,2317.40261558685,1584.51841005421,206.974320517755,2110.94674798983,1749.29720417419,2906.0797208815,3017.51240490687,3017.90455491993,1875.29493620426,2062.80999318669,2025.92909533916,2906.65965950665,3011.8234926939,2968.9660243713,3016.16736800044,1669.50143879215,1041.44795993701,2302.65587224887,2310.41500681613,2371.69108769844,2490.56141450082,2932.13591271203,1659.88261572488,1647.36569280229,2100.51474111972,2855.02587028142,2930.18026180374,2791.41309977053,2906.8631068277,1708.57312706098,907.080297500316,2287.0347870452,2067.76889659016,2488.43576888856,2369.1754195512,2603.86958958483,1874.36159951966,1178.20234438172,2264.92791082588,1921.46582711628,2244.19986646505,2014.81788466569,2427.29247521743,1834.83678589457,250.826909594959,2187.54865565028,2017.54696337337,2366.75114642122,1874.7917940367,2243.34293596849,2030.44760991725,690.492760729871,2187.1249963422,1698.23087567302,1921.24244601027,2019.69651757835,1925.3469610142,2000.53219422692,233.057647711788,1850.61132092873,1735.48892355721,1745.42938742581,1875.35639808418,2012.83662913908,1990.73277866647,623.991889487055,2290.46885149925,1716.73138895277,1766.83600716144,1674.76651695091,374.091941598762,788.069224745051,-43.2214330519951,1716.6504708326,1673.76813971325,2004.6111045792,1867.01681522739,2181.93804850015,1875.08879060938,1099.84001706674,2250.07634249898,2541.63575648256,2710.87702504905,2929.55990474521,2823.10875306134,1708.73687802187,909.224446957369,2305.78514531487,2356.66751556573,2544.12361379098,2701.78631319677,2369.64056264764,1910.25852667255,1105.4901266832,2301.0156412172,2425.0615826374,2302.85108629074,2546.63122535366,2653.58949358414,1797.20364914467,1449.49055658243,2202.00070767789,2697.97964879314,2929.91790198282,2983.96018091073,2930.61276526855,1671.79634923293,870.233060512706,2294.57316351145,2654.56254813203,3018.84693582437,3004.71204697715,3015.8623104052,1881.55129951444,1786.54655161491,2168.25670050741,2184.81312008296,2024.11837925285,1975.5998326001,1731.97384706291,1964.05648189814,28.5516984617543,260.63829845443,86.6819110526239,-351.859930935861,-353.920538529468,-148.758566824695,-205.055615696991,-343.521120426251,-77.463592330666
3014.93935827905,3016.91802040082,3016.2917980406,3017.35611517671,2276.41625491152,1653.59012694444,3010.59065858855,3006.01789146251,3016.04576685032,2964.2168578927,1703.57192564489,1473.21443192431,2308.42132553388,2222.67077472464,2030.51515700737,2304.84306101876,2308.89112281859,1925.23267239734,433.998568013164,823.473926221296,603.571528202433,292.358973733463,-333.753767893375,-230.661420827003,-122.071635803944,-324.504759265248,266.206222292363,2199.82173663501,2251.29318176135,2225.84434942733,2311.25275648978,1540.0733737315,180.410917970674,2083.68548016429,1733.95164110137,2899.21909287255,3016.06116785347,3015.91676835352,1856.36162633734,2032.8936651145,2032.51601548151,2899.75940166959,3009.22464023422,2964.29840256493,3013.90536801385,1665.38107006572,994.182512397008,2292.15406961302,2291.98555568314,2353.87973838808,2474.23377405398,2926.10755396466,1649.68015626162,1604.02767800889,2106.86863995728,2846.46516192381,2924.08532547543,2781.0402458832,2899.96670781144,1707.5654221038,860.837599808152,2274.10523396802,2047.8052601002,2472.05184707247,2351.33092374859,2589.42886000605,1879.05256192506,1130.47358813018,2249.83025505915,1901.99080693014,2225.15200113652,1994.81598154669,2410.08702790299,1838.46072933429,222.378841467689,2164.8810648812,1997.55923180699,2348.83734975912,1855.83674816358,2224.27361309746,2037.27364303152,648.444591700171,2164.39491273709,1685.18989001161,1901.737380059,1999.83743091547,1906.03995863869,2006.88123021516,206.471401184733,1812.63095874249,1721.5563268288,1730.07226455451,1856.38402018541,1992.7729600957,1997.26611688376,583.048128797086,2277.25664744911,1702.53088711096,1750.35982342206,1663.06311051727,340.674191967601,743.426560541387,-56.6728200822899,1674.8724318317,1662.04644866285,1984.44387725256,1847.99004126161,2162.3600795525,1879.92134432552,1052.08983287429,2232.16940513,2526.00030404842,2698.57114513265,2923.39957953603,2813.56232950579,1707.70616497222,862.975823810504,2306.67314741929,2338.5108762556,2528.56779908305,2689.26912072384,2351.79122472438,1915.70883640702,1057.78805687043,2301.94162681953,2407.79539304918,2284.24838453056,2531.15136584808,2640.09514748375,1799.9093536076,1403.23082228217,2206.88799231612,2685.33524367399,2923.80190323554,2979.9040399162,2924.54235349473,1661.35877999181,825.172343427341,2295.50843456243,2641.11667103216,3017.25519992984,3001.68887672881,3014.50270566621,1862.65672981272,1746.73794368272,2173.72716171412,2165.326727299,2004.25269763114,1955.86663828346,1717.81115775736,1930.08573783268,11.2301254425283,231.930452376895,66.2034552904302,-345.086442007494,-347.006189823768,-155.656463063523,-208.318746140434,-337.347087053582,-88.7127105406107
3016.34027435623,3018.25548073331,3017.48205726315,3013.54553498428,2255.07573994933,1643.22344140321,3007.72902441141,3003.41493758196,3012.74173219894,2956.35715293029,1683.77529879063,1406.09908200545,2297.10992884824,2226.51702795753,2038.69770490003,2301.79901141355,2297.52381067808,1873.40096982184,381.707422757223,757.503577500067,544.336896602533,247.3043303292,-323.262454443588,-231.39221426597,-133.85373446193,-315.075220984118,223.181895442184,2168.36686112962,2226.89601938732,2198.14194774843,2299.99558991324,1474.25503100459,142.919398105155,2041.94517458923,1712.47592223029,2888.39747786722,3012.76184497436,3011.81361909695,1829.70585871308,1987.36906265517,2040.92615575639,2888.87322781141,3004.247932165,2956.46391472256,3009.40298565632,1659.7134767817,925.213877852757,2274.54398361504,2265.57466615572,2328.27305291208,2450.58666267753,2916.41177717842,1635.52115641092,1539.70772586903,2114.67351567731,2833.31468666382,2914.29887636849,2765.42463295793,2889.08565132817,1706.17864744031,793.586971698957,2252.97073672576,2019.49491850513,2448.32825796397,2325.6803391417,2568.31075156417,1885.25212728392,1060.59461546163,2225.57137743714,1874.52358852823,2197.94242020382,1966.50774900902,2385.27388367435,1843.2667281883,182.078211251974,2129.69960690992,1969.26805395756,2323.09253275126,1829.15105968939,2197.03491617713,2046.0087644804,587.656537935699,2129.12289137397,1667.00646175572,1874.22812998589,1971.72555849024,1878.80482976018,2015.06243602632,168.902242345534,1755.74520819485,1702.07969386671,1708.58438059171,1829.67334565481,1964.38014182697,2005.71731716809,523.97675729717,2255.69641948208,1682.69875856348,1727.27610332999,1646.78288509224,292.952679260835,678.70445916483,-74.7183098953169,1612.69856830435,1645.74164353631,1955.9142713791,1821.21169862303,2134.47135384463,1886.3180657286,982.316068296778,2203.82094718063,2503.27291963033,2680.3337469654,2913.51877311682,2799.06751478137,1706.28683844218,795.712861379117,2305.78613227243,2312.4369079809,2505.94890336884,2670.74541976879,2326.1334289759,1922.87694729395,988.074309154677,2301.12641751085,2382.8997511984,2257.60311696018,2508.63588549953,2620.25219932822,1803.52472186073,1335.01213623881,2212.20181432364,2666.6380406517,2913.98502434354,2972.90685761074,2914.79079559678,1646.85642297081,759.703665859969,2294.72947720653,2621.34044553521,3013.73141213833,2996.12172205367,3011.35382144381,1836.04886171438,1687.30585344113,2180.00894373321,2137.56322084524,1976.12578117835,1927.97796549555,1698.01605673788,1878.83454214548,-12.5513984923318,191.235964708897,37.7438272287504,-333.274910915984,-334.986873215644,-164.017453786192,-211.312420922023,-326.419055084323,-103.505946508726
3016.82194338771,3018.71306522488,3017.88975257535,3012.30561268008,2248.21377109496,1639.87873115728,3006.79714993388,3002.56867071425,3011.66521923235,2953.82503267805,1677.39128861875,1384.43083201232,2293.48720415123,2227.78388899027,2041.3556132274,2300.84520244102,2293.88305709481,1856.68122883246,364.81097142554,736.192460753244,525.198990147534,232.744667314842,-319.874757007694,-231.631036580421,-137.663705945216,-312.030657861884,209.278161130274,2158.23624808623,2219.04612483708,2189.22387375763,2296.39050625343,1453.00735157368,130.802812040849,2028.48931396151,1705.55164694352,2884.9187141499,3011.68690548808,3010.48057711622,1821.11620834773,1972.68950724121,2043.65758218111,2885.37347208891,3002.63577017455,2953.93989539103,3007.94209180756,1657.88520515722,902.936946340853,2268.88704332175,2257.0781536005,2320.03736035838,2442.9851368423,2913.29282674576,1630.95300441089,1518.94564279327,2117.21293930679,2829.09008268815,2911.15093035422,2760.40973491845,2885.58754824924,1705.7334746654,771.862730774964,2246.17517118436,2010.3789254833,2440.70221808897,2317.4304559245,2561.52526270604,1887.26298076169,1038.026148554,2217.76605822144,1865.6740661903,2189.1868496692,1957.3904978018,2377.29552255019,1844.8259803287,169.05422105652,2118.36446264362,1960.15638984851,2314.81245713545,1820.55180167573,2188.26999445216,2048.84527012858,568.017260346043,2117.75848688093,1661.1418974885,1865.36507116801,1962.67123319416,1870.02963364546,2017.71874472245,156.761032998516,1737.38990176577,1695.79875326186,1701.65605655797,1821.06606137506,1955.23566552674,2008.46034280575,504.891217406768,2248.7635570306,1676.30326816621,1719.83404299512,1641.53115900238,277.531752010125,657.795278087551,-80.5521567482642,1592.63152018428,1640.48195200673,1946.72554358516,1812.58235180929,2125.4952029965,1888.39256260892,959.780035487473,2194.69458946599,2495.96917035744,2674.47630590971,2910.34061390572,2794.41231618453,1705.83117352155,773.984676495226,2305.52879148963,2304.05108376638,2498.67988387612,2664.79593299123,2317.88126902806,1925.20208290196,965.557791112017,2300.89203796107,2374.89494484356,2249.03131206847,2501.39997791825,2613.87776457067,1804.6979321534,1312.98585013574,2213.94167949293,2660.63304892232,2910.82731279964,2970.65009690298,2911.65404155663,1642.1780251289,738.554648343912,2294.50650509972,2614.98728732348,3012.58362983669,2994.3213227241,3010.32779970582,1827.47485231282,1668.12630921858,2182.05976199858,2128.62729751161,1967.06706398265,1918.99434965889,1691.63303350506,1862.30242025098,-20.2385280055373,178.084831960019,28.5452172175769,-329.460553993616,-331.105368905799,-166.72191873879,-212.282474523456,-322.89021786668,-108.288854445925
3018.03284850706,3019.96789358714,3019.0245396212,3005.90181297432,2221.94969677375,1631.15239628149,3001.61146761496,2997.79011829451,3005.85880930985,2943.67113236147,1659.46884938712,1313.1856502598,2277.72686900361,2228.7478915436,2048.30501855824,2293.91690622889,2278.06053907117,1799.74487543713,312.502361428076,668.386940963316,465.122909090728,188.408224920337,-304.660236406847,-228.363872190336,-146.187483588608,-297.944712094738,167.130261570356,2121.62519430411,2189.67113884049,2156.47211771923,2280.66863636387,1382.87474820118,94.6702463708093,1981.52548560425,1685.92820988611,2872.20559354851,3005.88751768246,3003.79090663264,1796.16160314863,1921.94975966717,2050.81515508894,2872.57570100736,2995.08258821049,2943.81331903181,3000.83901442193,1653.60804229779,831.434735420999,2246.50903415988,2231.1927668146,2294.76084573126,2419.26943777609,2901.53412636461,1618.60435337136,1450.14479267406,2123.17355897836,2814.3211395254,2899.31371425241,2743.50654020746,2872.7938961578,1705.37861273619,702.602216674581,2220.14548129045,1983.31661468966,2416.9205483244,2292.11870029897,2539.91728642101,1893.29118198438,965.107972865322,2188.54795256111,1839.81362458417,2162.71348358959,1930.46980848001,2352.63445479188,1849.74425471386,129.873188107816,2077.96815606767,1933.24489374107,2289.41928812037,1795.57027921813,2161.77155291806,2056.29184501595,506.181216084018,2077.26869732674,1644.82433169252,1839.46480250331,1935.9258119991,1844.37924261157,2024.8854146464,120.459652467489,1675.58980899956,1678.13056548075,1682.03119609669,1796.05897689914,1928.23977447238,2015.91445673458,445.055330761129,2222.26013841141,1658.34928852313,1698.61439500373,1627.10649060073,230.271093644604,591.558906993306,-95.7723655936065,1525.81262788184,1626.03634035403,1919.62073367189,1787.53242682877,2098.53645900495,1894.60693020882,887.243005675136,2161.21500609842,2473.00193536346,2655.31653908689,2898.40769052845,2778.47181305235,1705.4444090774,704.70395460692,2300.87403622396,2278.37529833644,2475.8068068324,2645.39040959221,2292.56172248502,1931.94652138529,893.063146818932,2296.34721189672,2350.16281424642,2222.94592427526,2478.61652525776,2593.3493819766,1808.68849025592,1240.83975875681,2216.55045542243,2641.07653873813,2898.95907241907,2961.2587832012,2899.85104794818,1629.46661638507,671.268580766971,2290.04787830732,2594.51834837136,3006.50039962094,2986.22587881483,3004.72854324233,1802.54979675597,1603.90840074834,2185.92981873312,2101.77903925966,1940.29411875824,1892.58092212887,1673.67429203565,1805.95770222381,-41.6199774087972,138.463387485791,2.14033010557796,-312.84336114282,-314.266922565987,-171.595723266329,-211.430022827602,-307.212263594176,-120.038816085732
3019.657693075,3021.93180874533,3020.83995284722,2989.55185705286,2161.9288810307,1614.47763562996,2987.97629967141,2985.12185390423,2990.79887881495,2920.12058094766,1624.79681462313,1164.7403422365,2239.2396509548,2225.59463071445,2059.19343314729,2273.75164374219,2239.44135771221,1678.43740570253,207.539684977621,529.999683693092,343.528154132091,100.362778771116,-268.403005647451,-216.936420296452,-159.297771507117,-264.030596575039,83.6682760590115,2040.69904424928,2123.38477201197,2083.36868098773,2242.23781638701,1236.38856189131,23.8723382395374,1879.90414260692,1647.85235533847,2843.95570091717,2990.84415725417,2986.87497395195,1747.32175646255,1812.82505622257,2062.09343504123,2844.13576036884,2976.44678415067,2920.31963706953,2983.08007196922,1645.47371833824,684.705842196233,2194.42887253946,2179.22719419492,2243.79695985406,2370.98569957825,2875.01416274899,1594.9327756374,1306.07915082419,2131.30866889795,2782.24691948918,2872.64939561741,2707.51531684581,2844.36110908348,1704.60211893234,561.071526389278,2160.62812314986,1929.78961139674,2368.51602385162,2241.09387989695,2495.3849268644,1903.70015379662,814.851662938773,2122.59804822496,1789.0689772865,2109.80390212414,1877.37686951442,2302.70358905684,1858.30345416138,52.664538649597,1989.43005759817,1880.16172585153,2238.24520543341,1746.67986123321,2108.81616882811,2068.10011564756,380.789708426739,1988.54062091142,1613.33188192046,1788.64321492065,1883.16117159211,1794.03140589031,2036.49093085682,49.1974650528155,1544.86198487995,1643.89619360034,1643.96414849351,1747.11704087452,1875.00685141234,2028.11043913182,324.046648446122,2161.73722491082,1623.61887183757,1657.37891168375,1599.36294009784,136.037704419111,456.746889506248,-122.836332647685,1385.46572548457,1598.25522190688,1866.200748884,1738.53204482659,2044.86943546535,1905.37273832795,738.131388807001,2086.55620967854,2426.02408551156,2615.20671945167,2871.55035982753,2744.23683514449,1704.60522676428,563.122008373779,2285.38879925953,2226.68614408528,2429.00220718092,2604.83298775937,2241.5206083556,1943.46078220871,744.011373640289,2281.12988440165,2300.10196353581,2170.61734157642,2431.97664990852,2550.7612992521,1815.73438122569,1090.88216353596,2216.9026642353,2600.24070091777,2872.23207598991,2939.13077004521,2873.25447399127,1605.05251755184,533.939664963906,2275.06625815239,2552.04176539459,2990.82746881661,2966.55359461397,2990.13637345398,1753.74888304813,1468.54476446625,2189.17147894421,2048.31699966111,1887.45982233958,1840.59387189868,1638.88889780958,1685.84271135868,-81.5595176213051,60.311953735099,-48.2951673600332,-273.674727904959,-274.638414628669,-177.110307205618,-205.028246940972,-269.993853627278,-139.880550426014
3019.96433153725,3022.46662916237,3021.35364316062,2982.18510448204,2135.91996864041,1607.40483464786,2981.72792017281,2979.27886924403,2983.95911899069,2909.91446847478,1610.62992626606,1103.74242263832,2221.94145873346,2222.78878371165,2062.40139301904,2263.9065551345,2222.08893203793,1627.95552266315,165.225852809371,473.751983070085,294.306257216978,65.0430828615354,-252.768421273022,-211.456927011883,-163.861002296852,-249.353813562506,50.2306738361881,2006.29322201065,2094.86286137725,2052.10956678313,2224.95822479076,1176.11379389778,-4.35081739844736,1837.23199566676,1632.33321666921,2831.92256016889,2984.01144272571,2979.28335627671,1727.51282076945,1767.16546982588,2065.45193457459,2832.02418012451,2968.16914796943,2910.13650176054,2975.14969853157,1641.73922935158,624.903504829291,2171.62699601561,2158.03394437854,2222.9784498834,2351.18543069653,2863.65065014784,1585.11619030375,1246.71737247273,2133.26606641632,2768.72037616978,2861.22972544688,2692.46604283512,2832.25226572835,1703.71269535397,503.512525077064,2134.82721969094,1908.0632385578,2348.66884207547,2220.25216139383,2477.02773408392,1906.97758454593,753.479104425884,2094.21505278054,1768.49202983775,2088.26061582472,1855.84018531065,2282.27433468225,1860.9126530981,21.8032921070717,1951.97443616728,1858.62797063505,2217.34548263545,1726.85112578239,2087.25510665383,2071.66112362038,329.984573243985,1951.00846141454,1600.42439524195,1768.03594695638,1861.75298711066,1773.61010149958,2040.04201624227,20.7593340779017,1490.68300651358,1629.89592773179,1628.44980851579,1727.26776309236,1853.41554967194,2031.89801785538,275.08341143374,2135.52302607335,1609.42931468767,1640.60812858011,1587.93981433642,98.1633856629733,402.029824929956,-133.114323635552,1327.53549957546,1586.8176990281,1844.53836056351,1718.66252665228,2023.04833407879,1908.78963699316,677.304110590801,2054.65587904395,2406.72266874503,2598.55945312384,2860.05343267834,2729.86896007268,1703.69102065363,505.540024626982,2277.44086342571,2205.58666604119,2409.76819946262,2588.01217530613,2220.6723024675,1947.11730710955,683.202358602987,2273.29831466641,2279.62223528878,2149.28349534096,2412.80670575759,2533.15505701126,1817.80424682606,1029.34522809821,2215.54016954438,2583.31148957771,2860.78729805402,2929.48055531967,2861.86178007478,1594.93883421435,478.11920051592,2267.34110227647,2534.47916986887,2983.73545504588,2957.86786691046,2983.48982752665,1733.95319957154,1412.55743510259,2189.03501690987,2026.57583643146,1866.02210023091,1819.50759232408,1624.67235293297,1635.83921955005,-97.1186886617897,29.0591857840791,-68.1590698242876,-256.850210116958,-257.625802501777,-178.564824346851,-201.60575286767,-253.966577167464,-147.202566587308
3019.97823354962,3022.92038393285,3021.83071365695,2970.57367704119,2098.40229306251,1598.67384678681,2971.69771058981,2969.86258240611,2973.06553292978,2895.00361019412,1593.22737510402,1022.78017216074,2195.7615195702,2216.04213043794,2064.45067827258,2247.54468780462,2195.8359989802,1559.45757541437,111.308159999929,400.701406684084,230.966489786884,20.5837133393866,-229.423695519721,-201.566381310336,-167.293851322067,-227.276757688351,8.28404568485803,1958.01339208465,2054.13525015887,2007.87673045954,2198.79026136295,1095.91183286461,-39.299607902858,1778.48214035189,1613.23924200226,2815.01516166419,2973.12864189159,2967.40186799018,1703.00614579772,1704.65757680451,2067.675478716,2815.00496155825,2955.44812194245,2895.25557930452,2962.83945402169,1636.99956549333,546.778979994206,2138.26931710865,2131.17044784833,2196.47406382629,2325.72684127691,2847.45966872065,1573.07906449604,1167.5302200891,2133.28758543393,2750.13609574067,2844.97712191765,2672.20072893102,2815.23589868387,1702.27750380401,428.658972240605,2097.59274535792,1880.92977795406,2323.15869499114,2193.72377118902,2453.12376404982,1909.89400226905,672.94967676191,2053.67631056402,1742.97992080135,2061.07803076543,1829.01701251939,2256.15735149122,1863.19778311701,-16.6819451811666,1899.80598799923,1831.80421527449,2190.75329615296,1702.32169944198,2060.05291626585,2074.11239769983,264.469982417043,1898.74129874164,1584.58141271929,1742.48738385116,1835.07585031328,1748.27667161994,2042.68957076615,-14.5377630890202,1417.67748240411,1612.66173504747,1609.36758128595,1702.71251026465,1826.52998424977,2034.84917061195,212.134579984908,2097.73195940786,1592.00072087335,1619.96547309751,1573.93407649425,50.2586196432339,331.181291390267,-144.138604013156,1250.019488946,1572.79606686744,1817.57987317282,1694.0955585901,1995.62632442028,1911.87266499292,597.693165561418,2009.55410805374,2381.79153386825,2576.53007671731,2843.70435597594,2710.35180153867,1702.225357308,430.650883836327,2263.55807014005,2178.77466278806,2384.91139698679,2565.79154393823,2194.13557215725,1950.32518614738,603.5998455318,2259.59021499108,2253.44984381111,2122.26633321243,2388.02046269928,2510.07229728882,1819.60410547199,947.870276624425,2210.74319625419,2560.97121388243,2844.50310556966,2915.18979445518,2845.64227078693,1582.52206927881,405.621531831367,2253.80385488703,2511.44531790076,2972.48751237655,2944.677135841,2972.87317150816,1709.45313318734,1337.37634875642,2185.99950644292,1999.24416789954,1839.30290110228,1793.29070986949,1607.18777289819,1567.95280909814,-115.178744310758,-9.95991284121919,-91.9530212851828,-231.931013374181,-232.457377168665,-177.873509357895,-194.444442983382,-230.102656928286,-154.305023489246
3019.0342609307,3022.68847481264,3021.72903466294,2956.0046436874,2053.90411022406,1589.35985458043,2958.89168825583,2957.76610886019,2959.28001817184,2877.2457743419,1575.43173679654,935.452818979152,2163.14462134291,2204.50620562408,2063.33613027182,2225.36499451699,2163.13953491221,1483.61215588394,55.8649733753068,323.910146463071,165.088601949446,-24.4852558992343,-201.505510590954,-188.055453124175,-168.073345139243,-200.714382608459,-34.0695265151785,1902.4494125998,2006.35030234524,1956.49136761114,2166.1706718471,1009.14689600754,-74.045112109437,1712.31644955798,1593.73901811606,2795.4639625705,2959.3556800118,2952.56159524567,1677.98930473659,1634.7209278273,2066.718426618,2795.32852281098,2939.75736296344,2877.52941829482,2947.55366440496,1631.46909303221,464.088599802379,2098.11245732416,2103.03498912883,2168.57580607164,2298.63000094957,2828.53572089697,1560.59549645874,1081.60419288643,2129.55525870301,2729.04372623446,2825.99767827865,2649.60097414705,2795.56173581548,1699.74681088565,349.852902881642,2053.40701342088,1852.98407900752,2296.0158437116,2165.80675348267,2427.3331606807,1910.6403710962,587.269827171627,2006.09941535074,1716.89372443902,2032.7548083337,1801.47345417772,2228.53533301719,1863.57018209429,-55.267365958437,1840.27048226312,1804.25502862227,2162.77917848235,1677.28364075327,2031.71228406491,2073.35172983364,196.164554823127,1839.10347659694,1568.33837861268,1716.36592659177,1807.66805072992,1722.35873508074,2042.38935622284,-49.7371264100648,1337.50088798222,1594.99629400415,1589.88603104639,1677.64813323363,1798.92922583058,2034.86423212198,146.736887759056,2052.93945122952,1574.18161071514,1598.92428298831,1559.51857109138,1.42224203533397,256.970434120533,-153.073108319985,1165.59638240204,1558.36717773737,1789.92317989485,1669.03522098496,1967.18526625566,1912.77670847533,513.246929698535,1957.21485422165,2355.11693235612,2552.36645693423,2824.62592752659,2688.41513945444,1699.66462573785,351.80014695432,2243.99020577768,2150.60619374486,2358.30379913437,2541.45908096443,2166.20962198775,1951.13182548036,519.142555683662,2240.23429723684,2225.77845803577,2093.99609619014,2361.47632093732,2484.98983229313,1819.73029178162,860.250361284068,2201.34199536113,2536.53046540157,2825.49120938287,2898.00500834699,2826.69605896267,1569.64563101736,329.405803186685,2234.66695972256,2486.4084832877,2958.30832889669,2928.53526368854,2959.39873311207,1684.4311829919,1255.14982068663,2178.65069051101,1970.88560310324,1811.8433669663,1766.41356380343,1589.28540720277,1492.73408342682,-131.697301507003,-49.1363986792462,-114.651001208199,-202.329439377231,-202.588883614858,-174.22959936125,-183.861191309229,-201.629874670273,-159.032769808641
3018.46835882325,3022.43488423046,3021.54435469916,2950.2524292483,2036.03916658921,1585.39855113542,2953.81879775304,2952.95960420673,2953.83434272146,2870.16214381344,1568.11320907185,900.827094338689,2149.95467445209,2199.62873082356,2062.5844234871,2216.28594643149,2149.91818625882,1453.44849412821,33.9211051938582,293.514997037855,139.016603078673,-42.3285014910871,-190.54993063583,-182.781737219309,-168.436310445556,-190.2934362326,-50.840938539116,1880.23648326033,1987.19419081423,1935.92062768501,2152.97933507255,974.733937836224,-87.8117457525332,1685.94374390436,1585.74520200008,2787.61723552859,2953.91470459429,2946.69681201692,1667.80861951539,1606.86989524319,2066.02881402485,2787.43369617494,2933.54464143112,2870.45837727976,2941.50926794222,1629.00248104574,431.349721547582,2081.95518349614,2091.63099030698,2157.27005344941,2287.65314835779,2820.9583513427,1555.38103714382,1047.51321898805,2127.7647909177,2720.55286810619,2818.3967801503,2640.47866487316,2787.66785055843,1698.46234250134,318.659984375707,2035.66540690814,1841.64370821006,2285.01966913154,2154.49326452935,2416.89276440526,1910.63605628285,553.336770574654,1987.02541995067,1706.28918472997,2021.27131636001,1790.29196372372,2217.34251673961,1863.42158077735,-70.5503801538903,1816.49810078191,1793.07139420786,2151.4416809506,1667.09425213933,2020.22154991011,2072.73932376445,169.131542340563,1815.29086118083,1561.63507653325,1705.74728549282,1796.5429659769,1711.82392768248,2041.96163570323,-63.6856787892916,1305.6465374929,1587.73321329965,1581.89950216979,1667.44826971251,1787.72444311862,2034.56128711436,120.856525135583,2034.95848678038,1566.85374843836,1590.31953747252,1553.53928034543,-17.9097253316568,227.601133100751,-156.653198940223,1132.08793618244,1552.3825901253,1778.69537255154,1658.83656861687,1955.65107406901,1912.83465464348,479.809517874315,1936.26764966539,2344.31129649059,2542.5953823447,2816.98499067503,2679.56997010942,1698.36826320292,320.589371955058,2235.93978135031,2139.18788964237,2347.52639965609,2531.6180448284,2154.89244251752,1951.14819887621,485.700057710267,2232.26787281959,2214.56490811934,2082.53588804026,2350.72565790151,2474.84018795041,1819.48777595385,825.518494921676,2197.30757796377,2526.64369804184,2817.87727992288,2891.16414758004,2819.10860789887,1564.27540534611,299.237064062744,2226.78747101546,2476.27820756127,2952.71058333288,2922.1329470924,2954.07228284725,1674.24869965208,1222.496911723,2175.42835546534,1959.38538233948,1800.69660650836,1755.49690734209,1581.92484267409,1462.81659282413,-138.27025756122,-64.6532431995829,-123.662470189587,-190.71007370614,-190.86425010455,-172.84781035578,-179.742274411297,-190.455628514936,-160.953543383269
3017.86799631714,3022.0925570656,3021.27345377326,2946.20695921836,2024.085431502,1582.86612506467,2950.19201488409,2949.50449568873,2949.97311409909,2865.42176255391,1563.7766914156,879.687562801975,2140.75182531814,2195.49109449797,2061.16700061678,2209.53824638198,2140.69611999497,1434.53447501723,21.1924973779996,275.455278917385,123.702690516131,-52.5133281898343,-183.204645186553,-178.876479307718,-167.949466593259,-183.271429009798,-60.370736700243,1865.77620649115,1974.49946040194,1922.41127713541,2143.77197800458,953.659532174429,-95.493906634279,1669.1271356146,1581.03448131334,2782.50940051934,2950.05659978325,2942.59066511242,1661.87260475561,1589.22488431375,2064.64148473715,2782.2960587353,2929.24692460259,2865.72530166902,2937.30115904815,1627.24391678633,411.754667964743,2071.00184981877,2084.86617748596,2150.53443497123,2281.04838827773,2815.97612289718,1552.1901385796,1026.5709612858,2125.61583280979,2715.12440211452,2813.40316149566,2634.74421135549,2782.53061864451,1697.28144007749,300.09640587676,2023.78804489856,1835.0076944707,2278.40561477818,2147.75447946408,2410.53105377964,1909.89045007601,532.914871695613,1974.38146239738,1700.10671975899,2014.48976808895,1783.76196912566,2210.64658209048,1862.66199562969,-79.1637560934505,1801.14570967917,1786.53920018615,2144.69130957969,1661.15379748112,2013.43651789411,2071.38680784913,153.211040121698,1799.9150679374,1557.63555043373,1699.55729989166,1790.04143949572,1705.67713798383,2040.78144586037,-71.4984340645924,1285.8361475795,1583.41884723946,1577.19419688489,1661.50194711076,1781.18274686195,2033.45224101957,105.674075960393,2022.93458306115,1562.51261233667,1585.27414692451,1549.93583616345,-29.0152442182457,210.218179564916,-158.120518591485,1111.42542534706,1548.77675363226,1772.14450361564,1652.89411231268,1948.86648257664,1912.12126507891,459.750503528574,1922.52627144728,2337.77962567434,2536.54903120472,2811.96895536227,2673.96831489629,1697.18089567561,302.013338411708,2229.80070598938,2132.39882239944,2341.00844820731,2525.53819356256,2148.15153462448,1950.35463867987,465.632901393386,2226.18523039207,2207.85901150106,2075.74444203228,2344.22065998218,2468.61454620064,1818.73737750539,804.379507600847,2193.6879343415,2520.54156422284,2812.876321453,2886.54433311516,2814.1223880614,1560.9960499141,281.309797597641,2220.76570299479,2470.06226449597,2948.75591975658,2917.73722307435,2950.28508466951,1668.30932948373,1202.27462222579,2172.33665160264,1952.6177123499,1794.1815323673,1749.12486970786,1577.56017787844,1444.04395873617,-141.561938991303,-73.4130127044568,-128.440276245281,-182.963552179458,-183.053986354983,-171.302870265039,-176.537441306555,-182.978293893845,-161.414489104236
3012.77191202409,3018.81031288671,3018.58169003444,2921.5902369711,1956.27717039907,1570.69362432732,2927.75117539746,2928.01793435792,2926.27261392394,2838.35569400174,1544.86573469856,776.356431929155,2085.57349706062,2165.32584160875,2046.44753338598,2165.99646506198,2085.42204015788,1337.52049404315,-34.6855907139407,191.844883714648,54.5452338004918,-95.5464410202248,-140.814032900956,-153.07358245932,-158.684675236251,-142.435750649589,-100.187321718898,1786.98124048232,1903.4782653851,1847.82885724073,2088.5355462743,850.047656752657,-126.131671836981,1580.42409338007,1560.58665326047,2754.53561357269,2926.3737230496,2917.73213987798,1636.23160003583,1497.12997700698,2049.99760714915,2754.16600814487,2903.5986863667,2838.69311916009,2911.99125679222,1617.62246612967,319.643164532532,2007.74217591703,2053.90401879051,2119.37017122055,2249.76821361708,2788.25908926564,1537.73722784007,923.010660607343,2106.32563933331,2686.23943528748,2785.65744271092,2605.10568578327,2754.40069959897,1689.16012663564,213.858431858116,1956.36887918927,1805.76603187261,2247.10333060356,2116.59131168982,2379.57059660099,1900.59746162052,435.839381159227,1903.61822532512,1673.30872816116,1983.80502999048,1755.18571573991,2179.35107935816,1854.01438978284,-114.416453469738,1718.50930464301,1757.94093954766,2113.50001400765,1635.49911844282,1982.74372463093,2056.79799120101,80.895917847379,1717.17399088974,1540.05930631672,1672.73224227739,1761.55092296872,1678.99314388134,2027.6134289016,-102.956989951704,1185.6742403889,1564.49498049075,1556.78621257482,1635.82242165125,1752.57333233984,2020.60067650452,37.2957520206644,1954.78496093239,1543.58981741835,1563.50249760304,1533.92393862879,-76.6714169755237,130.395477139889,-158.339372171377,1008.53615279065,1532.76183017748,1743.54288349603,1627.27131367205,1918.48809444033,1902.93383200164,365.014845875761,1846.77233047706,2306.51810148572,2506.19722368604,2784.12723954653,2644.63229930937,1689.03473118719,215.69983759434,2189.08710256543,2101.12081708726,2309.78175005872,2495.11205629213,2116.97839464874,1940.23742672918,370.810564460384,2185.80163254744,2176.54004219835,2044.72631362237,2313.02635051643,2437.90098055823,1810.77860184964,701.656803604677,2166.12473035293,2490.05755906338,2785.09896024584,2859.82796822335,2786.40658349036,1546.15329142209,198.29827464453,2180.75983372599,2439.37811154187,2924.57319711156,2891.75252384161,2926.97484725088,1642.62425306009,1100.78887227266,2147.70425665517,1922.28610074538,1765.61249606348,1721.33969268335,1558.47168054196,1347.64432620653,-150.695179802593,-109.417271793372,-144.832158813056,-138.644342028224,-138.427328518747,-156.919294715597,-154.123983273134,-139.954180941612,-156.763899717642
3001.82344706362,3011.27050668288,3012.26316634918,2880.91827225187,1845.41977748193,1550.94206602261,2890.28882535072,2891.96376843534,2886.9513235309,2794.32404686412,1516.90338238545,622.435395170415,1992.56678521828,2109.51755401749,2015.54070516188,2089.82246941987,1992.27193910079,1188.32809609667,-112.029148298604,71.8094979039513,-43.0790726584858,-153.486732286138,-72.7776013070172,-109.319275221287,-139.196645459695,-76.6714659850115,-153.358767525108,1661.14969701456,1788.27993807469,1727.78691913747,1995.40774779925,695.104939117457,-165.5870148333,1441.56283871438,1530.58335170778,2709.5214689738,2887.07855464918,2876.70632466827,1599.14932258947,1353.91587734229,2019.13819905279,2708.921353293,2861.43588409446,2794.71077043147,2870.30837852706,1600.56072132172,186.029308183426,1903.26623970033,2007.78677851163,2072.67111572724,2202.30089877968,2743.47587238764,1515.42811039424,767.54256015585,2067.71300737433,2640.18368657452,2740.8431880574,2558.31617527454,2709.15488306892,1673.11989923533,89.7713708936562,1846.10189017731,1763.12638783473,2199.61517554479,2069.90650015992,2331.94692933325,1879.7547033324,293.951494549351,1788.81061991764,1634.53279671665,1938.38882510593,1713.67408822558,2132.18791425701,1834.79460417641,-160.756727291107,1587.52045797198,1716.3867745487,2066.78765960392,1598.40122605515,1937.32079774336,2025.91448748135,-21.5909419663271,1586.04009885229,1513.81758120027,1633.92346256353,1720.14037235308,1640.35807845702,1999.37508676042,-143.810251456169,1033.07337931382,1536.43447635265,1526.85392016446,1598.69036029428,1711.02871900297,1992.80754394715,-59.0382780635975,1843.42478902875,1515.61915011352,1531.79236102375,1509.69306055216,-141.569466838104,16.4458878445982,-152.797199364315,853.355823757406,1508.53427663691,1702.05079650269,1590.25554937427,1873.79064573435,1882.20120990812,227.160050320067,1724.9625073314,2258.80267115701,2458.83873732196,2739.17512014425,2598.09872374736,1672.96339477646,91.4862642420778,2116.950501326,2054.34062955172,2262.1029966542,2447.69849126669,2070.27776967613,1917.61956392311,232.780115372287,2114.20511383773,2129.35506258611,1998.56975353654,2265.38103502219,2390.34997409531,1793.18328930137,549.248833387187,2114.23622915618,2442.58059565893,2740.2398465283,2816.23076387487,2741.63365455976,1523.29699714058,79.0996868974519,2109.79858064282,2391.86533971568,2884.54068652402,2849.12697718167,2888.22926028153,1605.45256480489,946.927511043285,2100.48620576279,1877.63658064932,1724.06363744964,1681.03822723705,1530.2087636593,1199.28320886902,-158.324281544764,-156.905007885087,-163.18303714673,-67.7911087203199,-67.1239462671936,-129.920728212828,-115.343828337041,-70.9937591506152,-144.076111982569
2995.9207967576,3007.05602854478,3008.68887881691,2862.60695598735,1795.08352924221,1541.70137167254,2873.31281199252,2875.55788354414,2869.21186963228,2774.46606126592,1504.54977995832,556.388087588869,1949.60681800327,2082.46170536751,1999.65258391467,2053.93032541902,1949.25034817214,1123.01029314723,-143.706230023591,21.4998290589342,-83.5638551934758,-176.79546469535,-42.6024995351593,-89.4019375706634,-129.546683655952,-47.4550448588438,-174.635628530095,1604.78710979023,1736.20803291535,1673.76868742977,1952.38656517017,628.453727159603,-180.989587599959,1380.10057828022,1517.40355407019,2689.206488488,2869.34962719957,2858.230519441,1583.05018023307,1290.78378657575,2003.25440862549,2688.51081711615,2842.4508808116,2774.87393905123,2851.54437509303,1592.20915246654,129.660604470023,1855.55314488948,1987.49400967812,2052.06219116136,2181.22953817355,2723.27203791972,1505.28747999583,700.500069888153,2048.28842379569,2619.41850451367,2720.62521964195,2537.25163983096,2688.74357791899,1664.90603143782,37.691341322208,1796.02132443236,1744.55792839844,2178.53529597183,2049.30633767821,2310.68755465878,1868.6995158645,233.801372030028,1736.90772998002,1617.7030303682,1918.4639457286,1695.63127590883,2111.31534835841,1824.60567836089,-179.104812877948,1529.10620902199,1698.32310852438,2046.17595340729,1582.29582636247,1917.39355029726,2009.99367044666,-64.1981092626211,1527.56674710482,1502.14608981344,1617.08101633083,1702.1407255457,1623.58931665635,1984.72358923133,-159.858832974003,966.651090173544,1524.02673261704,1513.70781272211,1582.57069955085,1692.97433098159,1978.34298427953,-98.935476034364,1792.87487836318,1503.26423075188,1517.93545434533,1498.81695881724,-167.871874657834,-31.1390306738342,-149.056656794486,786.239695156063,1497.66161422032,1684.02788000171,1574.19387137685,1854.23738314838,1871.18189849224,168.886101892444,1670.1812373868,2237.56071458195,2437.58606220517,2718.89673273566,2577.12911876065,1664.7374994809,39.3482599140207,2082.73946891623,2033.70635447161,2240.87706299979,2426.42907890227,2049.67012069026,1905.66131029899,174.418169186018,2080.2383283099,2108.47363192964,1978.26467469295,2244.16959401252,2369.06940304562,1783.84579995914,484.016478859454,2088.87210420275,2421.28279593766,2720.00260989328,2796.57674857812,2721.43343019855,1512.92627467967,29.1328948739633,2076.12312055416,2370.6030258756,2866.50463079458,2829.92492104436,2870.72801044804,1589.30884954067,880.162518497275,2077.20348783157,1858.10155733984,1705.99552926226,1663.5325783518,1517.71547971532,1134.29812266605,-160.182753041154,-175.751337446183,-169.598384616275,-36.4279138757436,-35.5705647373964,-117.09302374581,-97.531359651347,-40.429293971717,-137.311956479021
2987.12499847283,3000.57624634416,3003.14182733194,2840.282941463,1733.67407044184,1530.2023478145,2852.4038439367,2855.23716697758,2847.50389136422,2750.43000198486,1490.61717629382,483.580549163055,1895.73492750298,2046.03735222021,1976.6197335673,2007.53170551479,1895.31021843105,1048.21009067569,-175.228579372836,-31.319201157148,-125.061267343767,-198.963546731149,-6.78464284690926,-64.5949731243904,-115.796146410635,-12.6637352942023,-194.585259909279,1537.58000036201,1673.15496714979,1608.85006417205,1898.42696191087,554.621985160535,-194.460453861066,1308.31721023166,1502.69051324186,2664.74979024336,2847.65252119454,2835.71537690893,1565.45229108106,1217.58169672367,1980.18949471317,2663.95321028378,2819.36768058471,2750.86074174193,2828.71127364571,1581.06965797685,69.6368415587658,1796.79337320806,1964.61622653118,2028.68142844657,2157.01915419188,2698.90163207883,1493.26290433316,625.878590758363,2020.84289662114,2594.56366346132,2696.24216119545,2512.20616110077,2664.18443129312,1653.23035059863,-17.1551743038235,1734.89938492525,1724.0980087392,2154.31980326173,2025.94184893115,2285.94957156378,1852.1376139531,169.096640276997,1674.04431822039,1599.30705421862,1896.14886109034,1675.83441043715,2087.49524302418,1809.3790738437,-195.817565693131,1459.97989042602,1678.49762148624,2022.80359364398,1564.69299879086,1895.07804643251,1986.82741269921,-108.122032262442,1458.38190466679,1488.82273066206,1598.67486812929,1682.38263252396,1605.25178013312,1963.25905707986,-174.144101537517,891.401097648644,1509.99758134849,1499.03873342695,1564.95348470786,1673.17249484092,1957.07168250137,-139.709735761741,1731.23388573744,1489.33537877973,1502.61692482695,1486.19970477968,-193.371240517274,-80.6990440294492,-141.688550173977,711.112283071214,1485.0526395001,1664.28252003654,1556.65856169382,1832.47719023172,1854.6330916175,106.570361097831,1604.41012133899,2213.01144718095,2412.5457340296,2694.447684424,2552.11160734416,1653.05178167669,-15.5703344779315,2038.08602830239,2010.33510356728,2216.34088475249,2401.39482838496,2026.29639258546,1887.78850927802,111.9779160984,2035.88197320555,2084.64843601725,1955.39185027723,2219.64480160458,2344.16252569342,1769.90249396797,412.467044357535,2054.33551666946,2396.22338041402,2695.59908798892,2772.75492448244,2697.06885166393,1500.66393654686,-23.342089229918,2032.12964018558,2345.71628676486,2844.48159590857,2806.59707211506,2849.27108386781,1571.64821776801,804.960499104919,2045.13479477022,1836.35222720899,1686.14635940203,1644.35450643195,1503.60711452007,1059.81381745443,-158.900258673091,-193.02817712929,-173.266914040765,0.661295218458918,1.72284924320934,-99.9206718792041,-74.9915452972666,-4.19557617991813,-126.687426923659
2980.54315613784,2995.64652431706,2998.90180942566,2825.70622549198,1693.28432553266,1522.42523893466,2838.63663145397,2841.79459358942,2833.28750633111,2734.77585601179,1481.81802841931,439.083499673492,1859.65893468188,2020.56288685227,1959.82721973015,1975.86225865416,1859.19244741351,1001.15055635481,-192.886834645897,-62.342971797181,-148.937036411088,-210.848975057942,16.2602844526798,-48.1288760612481,-105.953516854543,9.76909411714428,-205.126689992824,1494.05858479254,1631.8917051529,1566.58285775633,1862.28782871054,509.327154864227,-201.045235989251,1262.50564040321,1493.47557714676,2648.84432358408,2833.44221045714,2821.01632463388,1554.63106288519,1171.10725604515,1963.3601709644,2647.99029267494,2804.31719677853,2735.22012243659,2813.81917513725,1573.22242948735,33.9617560554639,1757.90410473016,1950.28466544082,2013.97552192641,2141.6689553856,2683.04600538214,1485.38211727401,579.929159358418,2001.11498272983,2578.44085391905,2680.37918977384,2496.00935294534,2648.22030762158,1644.73370825174,-49.4532354790313,1694.68771986888,1711.46887748355,2138.96778999509,2011.24868867459,2270.1438639375,1839.83382708845,130.317231551763,1632.89832938512,1588.00264087329,1882.2287568006,1663.64733139512,2072.4559734404,1798.06933263276,-204.37896349593,1415.45192270466,1666.29058125165,2008.10699348156,1553.86945977586,1881.1584674769,1969.90783326956,-133.52095124505,1413.8214065432,1480.32947070376,1587.36590625801,1670.21645030297,1593.9806221332,1947.5208287543,-181.27528054049,844.436458330071,1501.12516091196,1489.85363543679,1554.12175438599,1660.98552860939,1941.44524864775,-163.107730615017,1690.70482070049,1480.54087647732,1493.09730930736,1478.05836430679,-207.305345954587,-109.610330117284,-135.678691233524,664.649577356302,1476.9184092102,1652.13935543659,1545.88471240773,1818.9590225426,1842.32494924301,69.4037815583501,1561.61748984882,2197.38857278809,2396.4305950609,2678.54486042391,2535.90622527626,1644.55050315702,-47.9163308057766,2007.42974338488,1995.6486075177,2200.72495541549,2385.29262160483,2011.59704997905,1874.53601926118,74.7220853631625,2005.4201334812,2069.60746947233,1941.06998629282,2204.03469370159,2328.19418401582,1759.53838522195,368.911174351889,2030.02381774788,2380.10690235004,2679.72408025693,2757.23551295541,2681.21666591764,1492.64544319195,-54.1721830983327,2001.90894627143,2329.76095028958,2830.0842671152,2791.38982730301,2835.1971313762,1560.78268256507,758.230048046261,2022.41091135029,1822.83729770783,1673.91719092261,1632.55730911547,1494.69104979805,1012.92261137634,-156.563824490743,-201.94108338381,-173.918120456535,24.4638695174549,25.6474597123904,-88.02823681212,-59.8838650080368,19.0967871305315,-118.7265538728
2960.86517393811,2980.56472148165,2985.83347142259,2789.86250936947,1592.07467719976,1502.20603063064,2804.43970814081,2808.17698477162,2798.22735841556,2695.9677509234,1460.92544971827,340.137785633109,1766.90064405503,1951.22563069057,1911.86578098384,1892.29482859037,1766.34048808452,891.135393161603,-225.913827504665,-126.376104553673,-196.218965979495,-230.87042284313,71.4773454202575,-6.85787535294821,-78.7962649740321,63.6938376124394,-222.221487448493,1387.51492608685,1529.25963666805,1462.25804062148,1769.35019585784,407.922597303726,-209.39422874637,1152.88660074059,1471.83656828231,2609.26218333045,2798.39247176748,2784.83468424464,1529.81279853649,1060.82833487756,1915.25160177212,2608.29302547789,2767.23469643973,2696.44287154591,2777.16883411879,1551.78275676173,-41.3748252234625,1659.56558308155,1916.17872857298,1978.74700418668,2104.43623426411,2643.64908397876,1465.72107834962,476.38281790652,1945.65208797825,2538.31605214143,2640.96058555065,2455.74549019151,2608.51918257253,1620.6215897872,-116.450802633507,1593.88525465569,1682.18484676951,2101.73153768792,1976.05983346069,2231.39254798551,1804.01810824487,47.1222062736897,1530.53364381664,1562.06738237676,1849.3313195923,1635.54093936127,2036.20546990019,1765.17120648202,-217.083887564368,1307.33052884283,1638.12808972238,1972.91001347388,1529.04749439285,1848.26401866759,1921.48873307334,-184.336420609097,1305.64042920891,1459.90596897025,1561.42600135334,1642.15956445367,1568.12663347742,1902.28843511982,-191.029728571462,736.111210633292,1480.01998634767,1468.29575050016,1529.28273676524,1632.88946012511,1896.45068029352,-209.186990722856,1589.19284964215,1459.6680609528,1470.98876001985,1458.1637054531,-231.913307706188,-168.478004009168,-116.727469301168,559.146766074621,1457.04812518605,1624.17908025418,1521.21045477847,1787.23357048862,1806.45359321515,-9.60261083794944,1456.10153362074,2159.27346035288,2356.5554402425,2639.02932155821,2495.57552901224,1620.43322313653,-115.035746515448,1925.91088677146,1960.49789991493,2162.62856820673,2345.47242748549,1976.39109145123,1836.01985034109,-4.53502229060155,1924.38706913583,2033.35394423218,1907.00216552454,2165.95382145797,2288.86561472276,1729.38707686461,272.74398558985,1963.32355833376,2340.2463683285,2640.27780116058,2718.82375883068,2641.82295654864,1472.68965885845,-117.840763492248,1921.49165251177,2290.47105527796,2794.65265852978,2753.86156610681,2800.42033296945,1535.83813511902,651.244365418484,1959.57506283776,1791.11082250236,1645.67785016327,1605.41312844463,1473.48831430414,903.183650502463,-145.556095897131,-215.451590524084,-169.367129976051,81.2787763737977,82.7211771558682,-56.5033900930771,-21.5085429120891,74.8340345885831,-95.6170258714012
2949.34358405664,2971.61218409043,2978.04126078354,2771.61772996109,1539.29012251331,1491.26111102114,2786.89916670198,2790.83623595264,2780.34781637999,2675.94615132188,1450.16387914521,292.650768834596,1717.74752142803,1913.24667718614,1884.89432627842,1847.32499611495,1717.14212911966,836.35714786376,-239.547369467729,-155.317183042195,-216.829419763718,-238.222119730902,99.1830585155085,14.4370260674273,-64.0181804554163,90.8075616638537,-228.197131148829,1332.7749780753,1475.98515785672,1408.37130039436,1720.0967509493,359.004356430935,-211.207934458263,1097.41818416148,1460.76474785645,2588.68135453331,2780.51624657305,2766.39224752594,1517.30027204896,1005.34467372023,1888.18706117926,2587.66400137792,2748.2911910012,2676.43657921731,2758.47913515631,1539.89475175566,-76.0807148817041,1607.98591374193,1898.63259770965,1960.56139724181,2085.09866675122,2623.22717903408,1455.30551676417,426.184605237608,1914.72982682885,2517.38226610978,2620.52311548627,2434.6827559315,2587.88795487292,1607.02560288185,-146.858588287314,1541.30010795498,1667.32942163344,2082.39020015285,1957.89686853802,2211.17860662683,1783.65641031836,8.30112865906131,1477.3898319614,1548.99066149881,1832.46630975554,1621.32815149058,2017.43136552584,1746.46189526232,-220.965499133197,1252.07830675648,1623.88400951425,1954.74009540254,1516.53303283445,1831.40038765002,1894.2366631777,-206.691101821517,1250.36434207497,1449.30767973727,1548.34853520031,1627.97714785443,1555.09832059878,1876.76466179889,-193.586448004942,682.690197225546,1469.14517840203,1457.26849534818,1516.76017037214,1618.68382579019,1871.04021669276,-229.169895393889,1536.26605692249,1448.9192254525,1459.75216973334,1447.7444741763,-241.469616574399,-194.773986074297,-105.753707392934,507.709539962523,1446.64366598918,1610.05120480823,1508.78006490623,1771.02887285359,1786.04961371178,-46.1955962416748,1401.63510808312,2139.41832439571,2335.6939401604,2618.54025411051,2474.49330560178,1606.83638230737,-145.507505950038,1881.84883999944,1942.35096067733,2142.78714703559,2324.64047773822,1958.21830443059,1814.1503693921,-41.2674082581741,1880.57753874781,2014.57622865445,1889.47459332174,2146.12410528846,2268.31674482568,1712.22649405749,226.841463341586,1926.62974749319,2319.38601031986,2619.82624099054,2699.06068621187,2621.39844946293,1462.13243726526,-146.631616925996,1878.00640759485,2269.94702190634,2776.61219199658,2734.64545609682,2782.65810180257,1523.25477037665,598.768241483343,1924.856710867,1774.90547599552,1631.38953707624,1591.70671900883,1462.55809823743,848.501580553306,-138.295705139409,-219.727377246381,-165.123620325958,109.715732745456,111.277150191687,-39.7087378285271,-1.55109811576972,102.777152404709,-82.7228457128397
2928.93202725811,2955.50030154752,2963.93929718044,2744.2535162091,1456.94085096603,1473.37665251015,2760.40088800281,2764.45770316842,2753.51036207453,2645.01140721566,1433.24211340813,225.559209721079,1639.75618410988,1850.96111967189,1839.57385253299,1774.83851473662,1639.08609991966,755.313174326596,-254.910000525093,-192.979783698886,-242.243750012498,-244.690414899273,139.908204026312,46.704898853232,-40.4054906289005,130.755904318171,-232.78844492494,1248.77577030726,1393.29904945747,1325.18869000384,1641.9369825835,289.42944184124,-210.025089844985,1013.77067573953,1443.43711253332,2556.37155248704,2753.67947340112,2738.64524801477,1497.89870847805,922.232877757202,1842.6971422824,2555.29760499129,2719.62121844157,2645.52633626367,2730.30507287352,1520.10623416377,-122.482759130173,1527.02296216156,1870.81131274844,1931.64139748755,2054.20215182476,2591.35950034645,1438.57691128667,354.33738076523,1863.17681958694,2484.24151639092,2588.6169820503,2401.0957088204,2555.51777082731,1584.0979585496,-186.664468100321,1459.24076274205,1644.08770217336,2051.47969144047,1929.01514230266,2178.8190957916,1749.11646322022,-44.5302234187002,1394.89319903713,1528.69172080753,1805.80323619549,1599.17193762488,1987.48967905519,1714.71147409542,-222.642002034335,1167.80694249892,1601.67431153884,1925.8368077266,1497.12701310699,1804.73775077193,1848.41455490687,-234.645031968063,1166.06793394612,1432.54968367576,1528.05010187089,1605.88974548143,1534.90159477856,1833.74108900998,-193.575686875652,604.574213735562,1452.05315359774,1440.0162027405,1497.3417824307,1596.53897676753,1828.18681571685,-253.60773235366,1453.72052216498,1432.02128997513,1442.25701676498,1431.15730465485,-251.038988165486,-228.408156014872,-87.2242327589829,433.558435746482,1430.08320731195,1588.03901847714,1489.51897466188,1745.49276216866,1751.42445712414,-95.4860640513705,1317.6162525189,2107.6140138932,2302.3011141084,2586.54332297698,2440.9607988569,1583.90977821437,-185.413625422481,1810.51051130136,1913.46635493,2111.01853106019,2291.28332204463,1929.31865260401,1777.09433416668,-90.7896611574618,1809.63251412416,1984.62037654876,1861.66893396266,2114.38708289752,2235.40817552387,1683.08253961285,162.448463139164,1866.20506252967,2285.95898806916,2587.89642406011,2668.69588726828,2589.51503277923,1445.18781690615,-184.12797762351,1807.5732879627,2237.09176101711,2749.57206664298,2705.41923468625,2755.95549227172,1503.7317471106,522.545141461293,1867.45272498201,1749.37385333832,1609.10790932053,1570.38644097466,1445.35277101866,767.526442941428,-124.789001946295,-221.971598936871,-155.69470729145,151.398991137382,153.117508285438,-13.417985149918,28.9396238012246,143.812035955205,-61.64202034961
2915.39299404622,2944.67282543586,2954.41962495632,2728.92158815109,1408.54393702613,1462.33542324943,2745.4233417789,2749.42456440271,2738.45875580172,2627.05582018238,1423.14188355627,190.309716143549,1593.13862625231,1812.54060517946,1810.99634393435,1730.8453995568,1592.43402870307,710.324290307061,-260.434144692949,-210.649184559484,-253.17004475636,-245.536033573165,162.265127952507,65.0245019860747,-26.2590737502533,152.744965337763,-232.694080976218,1200.24683206878,1344.95981543979,1276.83196097776,1595.21333870718,252.571203489367,-206.972175633715,966.338550545609,1433.13889041121,2537.26852392139,2738.625370115,2723.04044423672,1486.46468927366,875.45022306199,1814.00612598548,2536.17363794641,2703.38223617793,2627.58552413624,2714.42271515295,1507.69964085797,-145.131831927053,1479.14573315239,1854.08159336471,1914.20810075763,2035.50806145854,2572.64790929845,1428.401904297,315.979401259365,1830.89763779949,2464.45769681147,2569.87317548303,2380.87729544962,2536.39140570385,1569.57244290129,-205.505485925142,1411.00157713401,1630.27444894702,2032.77172174459,1911.60588737874,2159.22249221025,1727.14962887559,-70.9605509834123,1346.6567197727,1516.71579944841,1789.80846862089,1586.04799359148,1969.39628752666,1694.50772136811,-221.047649335356,1119.43328174534,1588.51614202835,1908.40744374381,1485.68926555711,1788.7419512265,1819.50531306009,-246.953480950074,1117.68684164513,1422.49694930223,1516.07528430763,1592.82091721937,1523.00402356346,1806.53531037516,-191.218753758623,561.790734076591,1441.85929605516,1429.76578355296,1485.89680798073,1583.42127901283,1801.0781790723,-263.962100574369,1405.22359284743,1421.93734719405,1431.90818772311,1421.14669171618,-253.502283299442,-243.770827030838,-75.5503873618195,393.624983498443,1420.09044928333,1575.00546604142,1478.17440005301,1730.21617269855,1729.39652020936,-119.798006504452,1268.80879006167,2088.32950842365,2282.10287239655,2567.73947034234,2420.83622187117,1569.38619466164,-204.313772014116,1767.03216055294,1896.03479510758,2091.76481291526,2271.09744089376,1911.89717414198,1753.55284275678,-115.246313361291,1766.38485081113,1966.51268277574,1844.93830990158,2095.16108570996,2215.4810689088,1664.52207147962,128.919754116324,1828.79255221234,2265.71467911306,2569.13757292839,2651.18627739131,2570.78625964819,1434.88730656434,-201.740481684486,1764.62990198251,2217.20562013727,2734.43344315096,2688.76740287237,2740.95116494914,1492.21983641359,481.124365110035,1831.77847024177,1734.10423536777,1595.9067738926,1557.78445411852,1435.07326759015,722.529447122131,-115.601293599273,-220.682249765998,-148.523383130121,174.20862278584,176.002200492921,2.01954537281631,46.4017652764321,166.314362119328,-48.7374563799144
2896.61775854886,2929.54548122942,2941.08323979104,2709.69056584144,1345.73267050225,1447.57777801909,2726.55714195566,2730.39052606655,2719.58425654044,2603.87869120003,1409.76523892254,147.463502046445,1532.09865160696,1761.43892069401,1772.59371331487,1672.79378652044,1531.35158473012,653.769955842339,-265.25469454213,-230.515772384251,-264.626817827999,-244.689290589507,189.907039403305,88.1085153455822,-7.92330332188976,179.974230917719,-230.746901122735,1137.84433342599,1282.40068549047,1214.4401532687,1534.03059418371,207.534512227108,-201.504768395644,905.977915173639,1419.50905666799,2512.26270639473,2719.74522199208,2703.40555694188,1471.3335645057,816.165129140755,1775.44807265346,2511.1485952349,2682.82246292501,2604.42866882309,2694.39342064448,1491.0373986306,-171.338329091333,1416.80556587128,1831.73121852514,1890.90057215928,2010.49659442188,2548.28002848752,1414.86563172592,268.882852558355,1787.66271081246,2438.36437007364,2545.45378201354,2354.03515301873,2511.36312259455,1549.99592854822,-226.827165358673,1348.38657681373,1611.90075817774,2007.73620575779,1888.33046505029,2133.03115281784,1697.51728148186,-102.068054974501,1284.22520617214,1500.85036673786,1768.45341712136,1568.61946349861,1945.18679292254,1667.24469971835,-217.310322826913,1057.45091944635,1571.04073637466,1885.09809791502,1470.55190764294,1767.38404961631,1780.64975791592,-260.121376149789,1055.69986765201,1409.16864217993,1500.21132794949,1575.48006252314,1507.26012816491,1769.92669514856,-186.657792562835,508.435994427712,1428.37019024341,1416.20128822012,1470.74963806906,1565.999327985,1764.59867953189,-274.679304479445,1342.29292094713,1408.58335037632,1418.22564275488,1407.85687243336,-254.604181851533,-260.692430068977,-60.0470349809423,344.330222949723,1406.82536889186,1557.69679484125,1463.16428245385,1709.83762672597,1699.67865503749,-148.134218590033,1205.85925129293,2062.51120386711,2255.17039721055,2543.23382609576,2394.18448324695,1549.81277816179,-225.712216751848,1709.53958820183,1872.70679936283,2065.99658608445,2244.1698083241,1888.60425098056,1721.81258140419,-143.776063735253,1709.19167746813,1942.27826156292,1822.57490800459,2069.43832828364,2188.86903465551,1639.46593189357,88.3989472402961,1778.94351342346,2238.69348083363,2544.69688796816,2628.6992295478,2546.38863805227,1421.18243855677,-221.561702787176,1707.83427208244,2190.65632776414,2715.46527603937,2667.58489537593,2722.11723135069,1476.98203814482,429.712089451913,1784.16247979758,1713.74023617169,1578.37694671706,1541.07115822661,1421.4514217226,665.930918603329,-102.983493213878,-217.319528040349,-138.244183082722,202.357438226404,204.235812583729,21.8242199941947,68.5096406657608,194.118226342025,-31.8332918708359
2867.96643632692,2906.17758795491,2920.39536145633,2685.85973642304,1261.87110197121,1426.71240670307,2702.87628639062,2706.19417459311,2696.17540567693,2573.4343332998,1391.48093016727,99.5972874721826,1448.86648466569,1689.2049612913,1717.06440027226,1592.20065310204,1448.07035535915,584.157307375084,-263.924320924821,-247.086576636699,-271.007376339674,-237.03889173907,223.04672396066,117.279467130327,16.9805113374739,212.764118311203,-221.997424717117,1056.39502347604,1199.44585928076,1132.32007025155,1450.59158612981,156.410155449648,-189.04275092325,829.241979262284,1400.95177002566,2478.51728230228,2696.32193440544,2678.91249132184,1450.86756993478,741.612729967903,1719.68149434142,2477.40471808099,2656.85292730238,2574.01299112254,2669.29950224947,1467.11517468251,-196.01345401644,1332.91738967544,1800.72567021367,1858.48117251071,1975.57643073684,2515.7180654109,1396.01713562283,214.640854137094,1725.58587925143,2402.6692248718,2512.79861126645,2316.892844852,2477.61452244292,1521.59259680075,-245.140579154237,1264.75948355652,1586.75380871747,1972.76928725921,1855.95733430791,2096.45631772944,1654.32531098022,-133.287199633753,1201.42202260222,1479.34861738244,1738.90481628372,1544.86646814942,1911.42349138935,1627.49122482516,-206.654507084577,977.265530148021,1547.21827459353,1852.66050153541,1450.07450808252,1737.82818507729,1724.43586146214,-268.534740275051,975.524535532247,1390.86108532145,1478.71284619615,1551.88256645137,1485.96841523754,1716.842737012,-175.420627911531,444.179834548721,1409.95389604248,1397.74013652318,1450.25874632614,1542.25300855269,1711.68614018591,-280.077744589288,1258.3056755563,1390.33435459833,1399.68408763994,1389.49548230917,-249.090251645477,-273.472026188744,-37.7567999408182,286.657786566256,1388.50194779087,1534.1156784276,1442.87575341543,1681.72607128711,1656.34921405476,-175.572214030076,1123.08342402135,2026.3833061853,2217.64976958783,2510.44507120549,2357.45886247339,1521.41620443642,-244.128526834073,1629.33894863544,1840.20864555782,2029.96067169569,2206.63159111287,1856.20349358411,1675.5910347792,-171.491363600188,1629.3905725639,1908.46620708361,1791.52490627826,2033.48659897369,2151.72654404919,1602.90807370104,43.9384072694252,1708.19690861049,2200.98602687073,2512.00985391681,2599.45766571694,2513.76732548812,1402.10486939984,-238.163058452655,1628.57251360723,2153.62196417056,2692.00093784713,2640.56532278435,2698.69177743863,1456.35772830561,368.609347649648,1716.32120026363,1685.66015544337,1554.48180955199,1518.35991250176,1402.80712048059,596.150987485461,-83.4889771774838,-207.098713352613,-121.009415887803,235.923515726775,237.875932640871,48.0476628122767,96.8015047464617,227.39104232968,-8.28240640127274
2854.64981195952,2895.26195941238,2910.71039739522,2675.38784285894,1223.8411314033,1417.10313357116,2692.49628219598,2695.55990101313,2685.92296502438,2559.56601354782,1382.83352532018,77.9989636862836,1411.11141573,1656.44663668762,1691.90498144226,1555.63959822962,1410.29289323154,552.659331763538,-263.414517308267,-254.560679874361,-273.928361482178,-233.729325314834,237.423908718357,129.955732223922,27.8190810180336,226.992025713422,-218.207377814804,1019.47802432888,1161.83339251459,1095.09251356283,1412.74219588618,133.332771741414,-183.618813995327,794.486722883977,1392.1288242818,2462.91778925556,2686.06201694058,2668.10317902519,1440.99733738644,707.857137579611,1694.41750135589,2461.80482699392,2645.28851238795,2560.15952563677,2658.18260362903,1456.19662996359,-207.127376064306,1294.87071250445,1785.83912395101,1842.94360052604,1958.90486987389,2500.74220107453,1387.25664398034,190.146819215767,1697.4540197343,2386.02784959004,2497.77366589231,2299.44941595472,2462.01246409174,1508.69126676717,-253.393008608574,1226.83625508389,1574.60651228968,1956.07179886271,1840.44041402423,2079.07897510295,1634.76693361052,-147.350413801982,1163.87858092873,1468.96295637919,1724.68862177645,1533.38492464153,1895.26654998977,1609.48500350654,-202.024512115188,940.929504319844,1535.70403455094,1837.10838048423,1440.1977223122,1723.6073272927,1698.97208285201,-272.361418207268,939.193208090665,1382.24637828609,1468.32757139194,1540.48487190346,1475.69403404376,1692.78959237656,-170.5484086547,415.12547787215,1401.25675366227,1388.96272366406,1440.37484279417,1530.77182274712,1687.72156023885,-282.5563495901,1220.21859857596,1381.70286201204,1390.82565449574,1380.9074507527,-246.725306846797,-279.242906447866,-28.0482055428029,260.602945494104,1379.93133951474,1522.70910165236,1433.08648385617,1668.17524966298,1636.73132605176,-187.928571734681,1085.55738671898,2009.16022926637,2199.92117393037,2495.35133303773,2340.26175609818,1508.51726581197,-252.427347485425,1592.95604159631,1824.61429765709,2012.78674208178,2188.88346564635,1840.67299484238,1654.6614947121,-183.973328992443,1593.1895123537,1892.28219774564,1776.60742485958,2016.35788973516,2134.12119067992,1586.34683297527,23.8846664791683,1676.11910833085,2183.14838478463,2496.9682757998,2586.21192937391,2498.76016348076,1393.22597819596,-245.652420404235,1592.61666288508,2136.07215973743,2681.71731133568,2628.4632284008,2688.43429113285,1446.41322661401,340.991851184357,1685.56578421619,1672.12911631373,1542.93854217898,1507.38738266364,1393.98796824264,564.57598113957,-74.9973847313349,-202.662274474455,-113.501155917946,250.482436751744,252.466600817652,59.4545251138568,109.099063257213,241.824754465028,1.96923750653809
2853.33231580925,2894.2172537212,2909.79379277207,2673.65727632285,1218.49289401157,1415.93457955502,2690.82891032975,2693.90013731332,2684.23144381395,2557.55248539267,1381.65798998296,73.3970298388151,1406.09368956094,1652.51562609667,1689.08701133238,1551.01747379143,1405.27071533169,547.241924523104,-264.657237812524,-257.284357329647,-275.842058252752,-234.373499601342,240.029586327515,131.973602678392,29.2372323653681,229.543581367984,-218.723053396606,1013.97318060951,1156.44826987996,1089.65897159452,1407.71389516499,128.578817255111,-183.742300660385,788.952958574621,1390.9133978626,2460.78225231088,2684.3704822972,2666.34335119508,1439.60376698619,702.338764590091,1691.59011323712,2459.66517953259,2643.45768137424,2558.14786319918,2656.39028394709,1454.93739955219,-210.421024704012,1289.63030696599,1783.87795513354,1840.91407770287,1956.75636969985,2498.64762653736,1386.13650578632,185.255232695508,1694.23389181881,2383.81463151365,2495.67562107348,2297.18379491916,2459.87259270712,1507.25720378596,-256.258951998401,1221.50771859352,1572.9410441173,1953.92164802462,1838.41314068784,2076.8512368267,1632.63119016779,-151.057461428452,1158.50635167244,1467.50277869119,1722.79973556359,1531.79299839341,1893.17366590209,1607.52045311491,-202.342511582389,935.38850511716,1534.10861067617,1835.07878155417,1438.80360503008,1721.71822012989,1696.12533226703,-274.443644138153,933.650146480599,1381.09389965921,1466.8671189267,1538.89941627505,1474.24289983198,1690.11863514216,-170.746748925457,409.870256072898,1400.07245194303,1387.75230835443,1438.97970578643,1529.18000142223,1685.06405074678,-284.407152017342,1214.85662542498,1380.5286803897,1389.58706353588,1379.78076354546,-247.578793783875,-281.704527529105,-26.9813028864544,255.574847063911,1378.80627252714,1521.12521880879,1431.70149425665,1666.35752543972,1634.59139493128,-191.409762255542,1080.0667638541,2006.95692670835,2197.64647029665,2493.24627075018,2338.00962194174,1507.0830378851,-255.299728176704,1588.41870849242,1822.58315113723,2010.58686732168,2186.60877636987,1838.64443706455,1652.3695055312,-187.468995387105,1588.67784682601,1890.18760437291,1774.6452880657,2014.16112119561,2131.86631956155,1584.54305230736,19.4493580765838,1672.31559260116,2180.86731443203,2494.86836783057,2584.24565678733,2496.66395889906,1392.08871455354,-248.362993941234,1588.13809015476,2133.82158623696,2680.01100015114,2626.5885519283,2686.75257864637,1445.01177985702,335.844970658599,1681.96152035278,1670.31273465033,1541.33955529782,1505.85514497692,1392.7932474635,559.165898943539,-74.2756099897681,-203.018181420091,-113.059668299075,253.154913685953,255.149993832122,61.0582478254255,110.993821751016,244.452069004889,3.21290325239647
2841.50882956622,2884.37676187462,2901.01197066196,2666.6417729482,1189.27675582693,1407.95939251222,2683.81469132495,2686.57139335578,2677.40832085632,2546.9459457605,1374.37944637648,60.0051495465284,1376.50566298812,1626.03249940026,1668.3882409289,1521.89984535126,1375.66780357358,525.068273477597,-261.858915731919,-259.719936751596,-275.212870853519,-229.922844375654,248.947707738237,140.412115516477,37.0746449375786,238.425558250249,-214.04884994069,986.249028617667,1127.74805724518,1061.46325134991,1378.04742556783,113.939776540797,-178.203825681581,763.572755199273,1383.45092480369,2448.24948464583,2677.53814359818,2658.97737489483,1431.1210140932,677.983920316093,1670.80540186205,2447.13889275764,2635.31458479994,2547.55588221648,2648.71477800935,1445.89303609547,-215.486003597801,1260.18022631968,1770.92200675724,1827.39945726441,1942.29529512347,2486.81900418878,1378.85019609743,169.404091497204,1671.21713611965,2370.10562583236,2483.7921372662,2282.51634341112,2447.34446228053,1496.56398149009,-259.210597396227,1192.36506056213,1562.38335279321,1939.42950014864,1824.91508351318,2061.88060047738,1616.44708489744,-158.362747518413,1129.85334349582,1458.54366272388,1710.41450180488,1521.83593879987,1879.12342803111,1592.60854904056,-197.214840673869,908.35137022452,1524.12253623145,1821.53938518993,1430.3129558688,1709.32643722491,1675.17496282154,-274.405715649416,906.622118590644,1373.87048917362,1457.90724911893,1529.03747109312,1465.40662603538,1670.2819691882,-165.631712477922,389.94805048479,1392.7750850382,1380.33038754891,1430.48210525853,1519.21895687568,1665.3098564811,-283.444025831282,1185.60754459431,1373.26389392598,1382.06764861402,1372.61283730994,-243.668474551195,-282.899874292835,-19.5545425728687,238.355834453452,1371.65363160775,1511.22575115731,1423.28690425737,1654.54630291808,1618.35780481615,-197.388306868232,1051.66949766745,1992.02358203909,2182.52342896122,2481.29249774548,2323.6613743621,1496.39159699576,-258.286766046752,1559.32210875681,1808.97987630668,1995.70949782999,2171.44740685213,1825.13313496373,1635.06576343162,-193.549994047871,1559.7217013273,1876.10484508179,1761.64228584677,1999.33565465535,2116.75748978455,1570.81656773156,7.34240812223516,1646.30248793256,2165.60547697541,2482.96793200797,2574.31379107526,2484.79906688778,1384.69039489382,-250.842042204467,1559.37387035023,2118.7722192972,2673.17666753813,2617.87713056456,2679.90741231349,1436.46335498587,317.218833023208,1656.94539115003,1658.52803702865,1531.33638416562,1496.36736361373,1385.36045632699,536.896035562044,-67.3687248635092,-198.012805331727,-106.569508511093,262.114904821232,264.119066302804,69.0812919433251,119.307350508525,253.38119615306,10.8183957983451
2806.79650977286,2855.23287150741,2874.92571451566,2650.77163294515,1113.19906763544,1385.90594951722,2667.63790637745,2669.25419695137,2662.02133493454,2519.82389258413,1354.44757082312,33.8082390625568,1297.86753351882,1553.44101590603,1610.68026765444,1443.25793152237,1296.99756699875,472.80468134014,-247.661912430731,-256.937520815007,-265.50785559577,-212.668830952246,267.644317049628,159.95338779966,57.1013616957484,257.226928229459,-196.579815327464,915.783557357021,1053.54229144621,989.137106040185,1299.18932066434,84.1887888952006,-159.466484553155,701.057701501808,1363.01015503761,2414.90696155514,2662.11904148049,2642.02169851995,1407.79814969573,618.834355255247,1612.85185094927,2413.83935716788,2615.97664327912,2520.47583611901,2630.83124745729,1420.72242551475,-219.164182681636,1182.89067649634,1734.74862762571,1789.63578158279,1901.87316496497,2455.77122955046,1358.82657005023,136.157326561865,1607.37807088724,2332.96657049734,2452.56696090302,2242.20937038332,2414.03980301912,1466.64940669932,-257.570050611158,1116.45453410979,1533.07939233948,1898.9046107421,1787.19681315953,2020.15007847068,1571.08000698211,-167.845180994864,1055.75401570783,1433.85256460481,1675.85480688187,1494.27133717352,1839.82562001307,1550.79245393195,-179.0465141785,840.326632011398,1496.47424241528,1783.68521323859,1406.96419750635,1674.74401811713,1616.74981419456,-265.984122816701,838.636044363306,1354.07735355357,1433.21338174666,1501.77865006563,1441.10697980081,1614.86124835106,-148.004106334388,344.558551257226,1372.83025493805,1360.00641110802,1407.11315327643,1491.63707842571,1610.12140274247,-272.879181373628,1109.47442295357,1353.37218899272,1361.48272714646,1352.95699978665,-227.357401846663,-277.042509333582,0.559227255794212,201.087321283814,1352.04237794313,1483.81556468416,1400.15607282109,1621.62118669259,1572.84564609621,-203.354801623891,978.896925246142,1950.25144341272,2140.58565514852,2449.85462300984,2284.43933737148,1466.48286694029,-256.73830744871,1480.41450323873,1770.89960171543,1954.11942163227,2129.36643543376,1787.3746572871,1586.59165688954,-199.800271321207,1481.1809742327,1836.69925922302,1725.30183768933,1957.91479384552,2074.71944955886,1532.30699912096,-15.2340409517165,1574.77832633245,2123.19961381639,2451.69214246482,2549.34088188573,2453.63054572112,1364.34667044043,-248.257943440916,1481.34199023666,2076.92263080751,2657.82291040854,2596.75490964419,2664.39452852819,1412.95119182427,275.725399657532,1587.95802918596,1625.69310009881,1503.65123383315,1470.16558786784,1364.98338686183,484.28158934477,-47.5611062185344,-180.09743869443,-86.9920861604771,280.672983723532,282.662047103529,88.9565693992909,138.942931818289,272.024326409273,30.7943666936324
2787.49804182469,2838.94620819708,2860.3169181361,2642.93475505419,1072.66674575069,1373.8483112801,2659.64773844779,2660.60327095547,2654.4798212039,2505.30221916812,1343.33005578292,21.0926362810949,1255.75419335394,1514.29892503167,1579.47523900209,1400.98154712973,1254.86781075639,445.745660738179,-239.310269839599,-254.231464800374,-259.326295942605,-202.923440939864,276.293326050029,169.433163077379,67.2133726919642,265.967876599353,-186.787314730725,878.485543529789,1014.08261139336,950.759036473412,1256.95612308848,69.5383488278787,-149.18064369897,668.261144860672,1351.55968725888,2396.66654143813,2654.55845914078,2633.54134771923,1394.57884538248,587.931252900082,1581.51640972182,2395.62226662111,2606.08125302597,2505.97941839073,2621.79854885319,1407.04474074642,-219.810706953106,1141.62983394823,1714.24335974678,1768.25093539804,1879.03878351864,2438.9040735892,1347.80914602154,119.597384487883,1572.88877695067,2312.43912371389,2435.59359724567,2219.75381562487,2395.81986536745,1450.4385765211,-255.432935134824,1076.00866063913,1516.41984597455,1876.00764781942,1765.83626342981,1996.66111823324,1546.53628591951,-171.559759566152,1016.34923681459,1419.8354764379,1656.24062569872,1478.60086704543,1817.59083804815,1528.164703389,-168.971068965869,804.421841485701,1480.7566595283,1762.24230273259,1393.72896131394,1655.11557864101,1585.16112386209,-260.435194130639,802.75393678964,1343.08112487235,1419.19355415457,1486.29324255313,1427.32517819153,1584.87771073308,-138.306249921631,321.308788192814,1361.72030433716,1348.62196219452,1393.86577631203,1475.95378521707,1580.27620734773,-266.244135661903,1068.91633044751,1342.27659511506,1349.9088404211,1342.08975418457,-218.027364823055,-272.736096112756,10.9286626969533,182.319524443891,1341.19978581608,1468.22545407418,1387.04205367597,1602.91492684433,1548.22559261912,-205.197051592971,940.289753766715,1926.67438961016,2117.0866023254,2432.75432560482,2262.65400328797,1450.27456779511,-254.649941849987,1437.95540042977,1749.31328210613,1930.65193495852,2105.77365984932,1765.99078888447,1560.36979405171,-201.79574538149,1438.91832574719,1814.39885135869,1704.69068519336,1934.54934433835,2051.1014291418,1511.46576982213,-25.9851141777581,1536.19160060548,2099.41195223384,2434.68833513782,2536.098581759,2436.69128206951,1353.13860015095,-245.670107100955,1439.35246212037,2053.4164589307,2650.29543401877,2585.80109362119,2656.78431807911,1399.62557742864,254.626326466995,1550.72133619455,1607.04333680529,1487.91877149171,1455.28137738925,1353.61295398698,457.021380798355,-37.162723873829,-170.144157388141,-76.559653554142,289.203233800063,291.177205795539,98.8722530561502,148.549440211998,280.629941436457,40.9805012976231
2779.83856921046,2832.480319005,2854.51480035903,2639.66276478852,1056.14349774771,1368.99770184567,2656.35311483826,2657.05999345438,2651.34264252756,2499.30534181607,1338.75874472376,15.2547758390565,1238.71114798016,1498.63785980339,1567.07740982298,1383.97079942257,1237.81747003879,434.301873752821,-236.493252418828,-253.843051779771,-257.461764072277,-199.463435744369,279.936509133983,173.284822659491,71.1954385231859,269.636158228132,-183.285484796989,863.149035244502,997.956554944604,935.030798820756,1239.86523436622,62.9355845154071,-145.417787939226,654.620606969484,1346.83497901927,2389.16403779618,2651.41383208967,2630.00634467078,1389.08032705684,575.010386208061,1569.06825836784,2388.12632983811,2601.96441296151,2499.99328630124,2618.03393885534,1401.58906468078,-220.806841137112,1124.85650748269,1705.77212667431,1759.42680913146,1869.63636358571,2431.95607717793,1343.33905052651,112.242200541107,1559.15683924401,2304.00465671886,2428.60257008672,2210.53412322138,2388.32277070497,1444.00403833437,-255.288176206354,1059.52281866355,1509.50300588227,1866.57973745901,1757.02179690926,1987.00418923167,1536.81250739218,-173.80227686504,1000.2470264609,1414.00381312411,1648.12764843195,1472.08700567782,1808.42630226701,1519.201001679,-165.324590915404,789.603848124959,1474.22373171698,1753.39434571771,1388.22387370109,1646.99675237073,1572.6140166927,-258.843009977757,787.944038104425,1338.57624502886,1413.36043690064,1479.85517961823,1421.58970665163,1572.97391791256,-134.781141397964,311.342470308813,1357.15256098673,1343.92408702025,1388.35552136542,1469.4343048484,1568.43168511838,-264.195054929715,1052.3800538841,1337.71385910203,1345.11717364476,1337.6576600176,-214.764718913702,-271.688842124893,14.9439827836918,174.099066235624,1336.77745886395,1461.74314157864,1381.58567740824,1595.16750096237,1538.47304222932,-206.684020789045,924.461215631659,1916.97609148257,2107.43660269442,2425.71063564419,2253.70778886734,1443.84070952097,-254.524963450584,1420.89616265988,1740.40638386055,1920.99811892366,2096.08483951743,1757.16687204317,1549.97755378288,-203.343771777563,1421.93943675528,1805.20760805929,1696.17601113783,1924.93698074947,2041.39738632553,1503.21192624388,-31.0439221640434,1520.77220573793,2089.64404960726,2427.68453045304,2530.62065550334,2429.71445747781,1348.5873640846,-245.323571806409,1422.48455826161,2043.75776589363,2647.15541983698,2581.25369626359,2653.62669153786,1394.08410898079,245.497673083955,1535.85965988563,1599.31923361078,1481.38046532196,1449.09134384906,1348.93851257632,445.503201648236,-33.2002750720321,-166.551332990964,-72.6361172475276,292.813419862363,294.783648955472,102.813704264269,152.426704234539,284.260553600777,44.9585556382908
2739.89960022815,2798.37009782568,2823.77619637605,2628.72613722495,982.278599501547,1345.27369640691,2645.0679217664,2644.23739193073,2641.09372481766,2472.68400930142,1316.15407048795,0.713611501271544,1160.42245491924,1423.89425456799,1506.74791583872,1304.21880796468,1159.50447735815,390.447712193553,-215.177375374678,-240.152285805016,-238.727124566047,-177.066062032232,288.627780144872,185.886011089604,87.2982422159109,278.722408840506,-161.225067673409,796.886097807109,926.571258102715,866.176832819705,1161.3408877121,44.5735223758309,-123.597088570396,598.404206146003,1323.37172748211,2353.68813165622,2641.11919001678,2617.56783023722,1361.39289236527,522.940004940679,1508.49297811407,2352.7040089716,2586.22135521052,2473.43122634727,2604.30748359216,1374.92005056938,-212.708858130835,1049.07706961929,1662.55706825229,1714.41979825214,1821.76423184738,2399.76037022581,1321.45812574553,90.0686898566769,1492.7310940527,2263.02527378836,2396.15341427375,2164.82847825939,2352.89460860071,1412.49508007821,-242.392577811773,985.79465731953,1474.30469724442,1818.55401381398,1712.06069394818,1938.09953351787,1489.21611902199,-171.18809510108,928.94749770273,1384.5391962381,1606.71870252659,1439.01185006141,1761.67891222414,1475.29543019523,-143.30762827365,726.526950142386,1441.04922507575,1708.23270295172,1360.49692651515,1605.55115354314,1511.5515441616,-240.950370145807,724.923144059513,1316.37274850494,1383.88567520074,1447.22809055884,1392.68808363521,1514.90017387876,-114.022488581881,275.444701218479,1334.63160207398,1320.60094681037,1360.60020088813,1436.3190868238,1510.67435356802,-244.656166915074,978.496172631699,1315.15314283586,1321.25163165551,1315.90097827465,-192.582909265115,-255.296588525188,32.8422130166555,147.44714910885,1315.07135361761,1428.81005218202,1354.10867673672,1555.62228684847,1490.73397741613,-200.634357048102,855.258264923923,1867.60270989761,2058.97105724368,2392.96379730673,2209.68557475735,1412.33466557269,-241.716959712694,1340.51017692438,1694.87002002912,1871.88841111996,2047.36340554791,1712.15344854185,1499.1496604439,-197.588683917612,1341.91579664291,1758.29916120253,1652.68433914039,1876.07363968324,1992.40892949603,1462.75602279406,-41.7461499888204,1446.9198132593,2040.4562380619,2395.16336903066,2507.01939447385,2397.34635891372,1326.26866563151,-231.934439685404,1342.97048448286,1995.031928043,2636.9393598702,2563.03173451312,2643.22153568316,1366.17341860697,214.039123880021,1464.43540881182,1559.91837720042,1448.19982056005,1417.74466082169,1325.7922950508,401.182919137699,-14.0443741418283,-144.679329066277,-52.435000059148,301.005225760432,302.903607022378,117.831460926601,165.739816934437,292.778886743039,61.831691522345
2703.90009522872,2767.43566690969,2795.8245593736,2620.15123147817,918.228716993214,1323.91858125724,2636.39868435084,2634.19712389565,2633.27527504993,2448.83754171578,1295.1922342642,-9.72441896948112,1092.15559664829,1358.26979019325,1453.63633642499,1234.40239388157,1091.21763769213,353.81023457919,-195.583318666191,-226.260340615826,-220.910557001353,-157.013130635617,293.070774626885,194.476310658915,99.668627977627,283.579642627795,-141.599505102365,739.860186893205,864.805016862299,806.747517101036,1092.86489423417,30.7555004126425,-104.547383008823,550.560380827711,1301.49506742675,2321.26632671068,2633.25756970684,2607.52529690341,1335.22686231656,478.868759319696,1455.17281914969,2320.3162204549,2572.93280914074,2449.64526099544,2592.9852152163,1351.17494566934,-203.464503100186,983.221203431231,1621.80187986171,1672.02609320936,1776.79016648895,2370.50793257307,1301.55181020912,72.8675287880185,1434.30922011975,2225.22648967611,2366.65530619071,2122.39902268088,2320.50123623566,1384.60585250833,-229.10783974675,921.859005482935,1440.97750795226,1773.42918073248,1669.70746119928,1892.30712899691,1447.28247522874,-166.628000681251,867.252614734168,1356.65383926324,1567.61416041307,1407.68213007165,1717.6922751104,1436.59030553924,-123.900842241479,672.428041639873,1409.62698979935,1665.68345399978,1334.29186922286,1566.41012339249,1457.8096280767,-223.756837275231,670.876475202449,1295.89213138898,1355.98835798171,1416.33986616336,1365.35371842189,1463.74063214517,-95.8823527289212,245.963348821567,1313.77143779662,1298.85542050224,1334.3670047278,1404.94660021624,1459.82845806478,-226.154743937833,914.436290005578,1294.23047252453,1298.8957511169,1295.96556542942,-172.540171870335,-239.149356623006,47.1901716909263,126.251715097308,1295.18176812419,1397.60090483796,1328.13344225399,1518.23082557061,1448.68170039886,-193.110937147959,795.540966505016,1821.26500217403,2013.76648782784,2363.17010492097,2168.91568375788,1384.44617838541,-228.507199499866,1270.07353507538,1651.94591066412,1825.80726278116,2001.89919477888,1669.7504847548,1454.38235468484,-190.32356582059,1271.795191267,1714.15470256713,1611.65258126522,1830.23267483246,1946.6133340919,1427.07542435307,-48.7998904611832,1382.04992533704,1994.53882167335,2365.5927900588,2486.09964509018,2367.92918471892,1305.92978816548,-218.326862660475,1273.29508820537,1949.49043204802,2629.10126782822,2547.33569462561,2635.29848441738,1339.80002146067,188.53695036132,1401.66955450425,1522.67074701827,1416.78187153001,1388.06502952907,1304.32106480896,364.116004921142,1.77825342003325,-125.372227260619,-35.3927191278988,304.925871471467,306.747939996923,129.030765009302,175.09972878542,297.042359281956,75.0720091990997
2657.14038392044,2727.04216135781,2759.24308020685,2610.56834323966,838.16377237809,1296.27580592086,2626.91677254699,2622.94257487896,2624.81749292919,2418.19271075233,1267.45042181113,-19.6574201449346,1006.26605598912,1275.0359376242,1386.04449290567,1146.16328897812,1005.30489101651,309.999199471745,-169.276655497207,-205.90292940908,-196.225855461884,-130.760302248575,294.886648703635,202.478976345022,113.38105410747,286.008389594772,-116.059366989933,669.195877015076,787.785955648421,732.853377073632,1006.70733755476,16.4980814613509,-80.2113951384304,492.046358411423,1272.42374855342,2278.83875017055,2624.74142538114,2595.91290438284,1300.09890259279,425.324076960854,1387.32307893668,2277.91843386554,2556.8167316013,2419.08651148742,2579.58366712625,1320.68899072888,-188.66428849667,900.687553744472,1567.10354254814,1615.17325321157,1716.5845058496,2332.42815983028,1275.58210433976,54.2665779639622,1360.04406184991,2175.36597452463,2328.23778333813,2066.12446882895,2278.09583831069,1348.95392732935,-209.402678748175,841.930020058471,1396.14351267966,1713.01438462516,1612.90627805563,1831.15507155869,1393.86506550619,-157.604100540507,790.318034975161,1319.17249213667,1515.0848643635,1365.53077432791,1658.74271301021,1387.26110302615,-98.8723583128169,605.658017759552,1367.35229825705,1608.61119553848,1299.10959916638,1513.82973540418,1389.42966055703,-199.712644949383,604.177056018432,1268.89454337218,1318.48863929561,1374.80248581317,1328.63484758473,1398.58848536364,-72.6717410008096,211.464999772568,1286.19004782672,1269.95954438961,1299.14557457944,1362.73274158549,1395.11237498363,-200.628343392034,834.368524736698,1266.53919558677,1269.08595716285,1269.81822799559,-146.068164020167,-216.080667425329,63.9312315464024,102.497180591253,1269.09430909087,1355.59854408285,1293.25469260296,1467.96280777517,1395.11992650085,-180.394287488708,721.309614328211,1759.27441058577,1953.58003411367,2324.33948200808,2114.94952670254,1348.79337712639,-208.894700769565,1180.95437823826,1594.34702064944,1764.17033229181,1941.34455479412,1612.88194315663,1397.37101010341,-177.93440524994,1183.07320665766,1654.98649945416,1556.56577751111,1768.92729928562,1885.53273127859,1381.58317386164,-54.418188858157,1299.72557835329,1933.35999551744,2327.07308578774,2459.4780230826,2329.6251803474,1279.359699127,-198.357134125942,1185.13411437728,1888.75873570461,2620.56783289836,2527.90506693191,2626.74137615293,1304.39612058407,159.199172689205,1321.96863258172,1472.60413100075,1374.52305139026,1348.1525556733,1275.89527694068,319.731959390351,20.8701652044151,-100.434461391545,-14.3622215686203,305.970522207786,307.678639858273,140.974555488437,184.266009968517,298.594637523511,90.1389000963661
2607.69197227568,2684.06873647943,2720.22625817928,2602.54559718075,757.015371397202,1267.39141822863,2619.22416716249,2613.36478276613,2618.13811358101,2386.43085942826,1237.63465423297,-26.6485317454631,918.695774958722,1189.61337756065,1316.56403191322,1055.8387026627,917.712350924331,267.546301112289,-140.990097062938,-182.372947277806,-168.936740877597,-103.202335902319,292.400853056371,207.337612509555,125.08137725198,284.245590800665,-89.4149275201721,598.176017244372,709.911075158161,658.343259947431,918.857968276839,5.02596509669092,-55.3068982038892,434.001958828009,1241.01480308228,2233.81562499169,2617.9973770081,2585.59972791728,1261.64683022679,372.566544846165,1317.58733600514,2232.91280373209,2541.40498794163,2387.42412177036,2567.23264781028,1289.15475516791,-170.489105993692,816.837505100527,1507.21177037527,1552.98019507061,1650.86560679248,2292.29349372471,1248.17988991064,38.2782440153057,1283.74158655572,2121.92717337998,2287.72269710283,2005.39989645077,2233.08186130126,1312.25195605827,-186.418948613907,760.914499853543,1346.92294544986,1647.05772290299,1550.76629268362,1764.60264071522,1338.98558078301,-145.190164852552,712.525315296816,1278.07846627634,1457.50846057118,1319.25314316712,1594.30791719182,1336.57458419716,-73.0020461533863,538.814568590207,1320.94061812274,1546.16390931862,1260.59541967835,1456.19456447886,1319.15660033826,-172.922496888352,537.410243411132,1240.0257247792,1277.37131531535,1329.22336637222,1288.4045970706,1331.58440009365,-48.8928233627903,178.818341937258,1256.58102948969,1238.74214489307,1260.58657229458,1316.37973306502,1328.60677905588,-172.502834170711,753.225558976341,1236.77609143273,1236.73978606821,1242.03885550955,-118.039060535417,-189.922407470465,79.2974528363854,81.1251973270103,1241.37844364282,1309.46690275578,1255.06649109991,1412.81388568547,1340.10129134318,-164.255651965238,646.474914700665,1691.66210503807,1888.32305943551,2283.35381031698,2056.8616313261,1312.08792889766,-186.003616208488,1089.6433356753,1531.29171429844,1696.9575491375,1875.65807682912,1550.66732588569,1338.79521528824,-162.13205919495,1092.16889981825,1590.30333127525,1496.22573423218,1702.08954553188,1819.16082367254,1334.84180908032,-56.9540127007724,1215.20720256816,1866.96931493502,2286.44067648113,2432.24178724729,2289.23996811546,1251.27259654578,-175.251836992337,1094.80518153832,1822.77874929498,2613.75785037635,2508.76352314937,2619.99232688402,1265.64484192179,131.969232383212,1240.1194285224,1417.68704563741,1328.14231071534,1304.36210073139,1245.32937267743,276.663097364212,39.1628546035679,-74.6196054533305,6.33889883934853,302.576372592603,304.149118439488,150.555863393653,190.519946018068,295.799699961984,103.498107774351
2590.74221506421,2669.31933283003,2706.82205242919,2599.21243578377,728.238318484009,1257.1780215353,2616.16554402971,2609.71833526004,2615.33836189595,2374.70486238168,1226.9499183982,-30.1858007831495,887.831710183853,1159.75364171913,1292.37272735286,1024.14475519167,886.839567603973,251.833465129528,-131.929649132383,-175.200686158834,-160.338443030341,-94.2795072983236,291.705210197372,209.031494905176,128.991538325111,283.785871826964,-80.7790371063231,572.784195353263,682.231716988831,631.789445552493,887.896846804122,-0.0599931759809351,-47.1904557436817,412.989896312678,1229.74170876335,2217.46806089377,2615.17584780024,2581.45077605003,1247.8082376407,353.345547432016,1293.30977487298,2216.55982186232,2535.4303534672,2375.73512345942,2562.34412995555,1278.08123425734,-165.241038799058,787.174448188959,1485.7423659838,1530.694884058,1627.32792823804,2277.64173758219,1238.43106768918,31.6344975273819,1257.14795091067,2102.63077356113,2272.93838275077,1983.56502814378,2216.72575526918,1299.42716474529,-179.45874988373,732.187467893369,1329.24116420618,1623.43703344377,1528.4999380617,1740.75683843705,1319.89140808618,-141.974867384581,684.877068274972,1263.29237824549,1436.86195577463,1302.61626526533,1571.22917627065,1318.93174069322,-64.5930083946446,514.825692420033,1304.25620593994,1523.7904365276,1246.73513136313,1435.52764123973,1294.69519481099,-164.524254757785,513.446757389165,1229.69890440194,1262.57673078023,1312.83311937405,1273.92261289142,1308.26095452487,-41.171963016556,166.459160547343,1245.96509865459,1227.53710358996,1246.71017128095,1299.71654761732,1305.46415251199,-163.608918157413,724.44679270194,1226.10963646335,1225.1132288126,1232.124963376,-108.994555206312,-181.809275213862,84.3895941110161,72.6302229602657,1231.48671153571,1292.8825539668,1241.3216748643,1393.02913061452,1320.96116947038,-159.733964654871,619.796590548143,1667.45446925649,1864.91393014834,2268.39928998522,2035.94157803913,1299.26143894285,-179.076068532938,1057.63847858613,1508.70725125315,1672.88919272224,1852.10011941145,1528.37477952166,1318.41775266876,-157.727198163339,1060.30802510583,1567.13807560541,1474.60081588903,1678.15204454967,1795.37054554993,1318.56626122574,-58.9484842948775,1185.68828678998,1843.16554016479,2271.61348890786,2422.10147418228,2274.5025983951,1241.27648529757,-168.22026805476,1063.14697146096,1799.12590744178,2610.87813793991,2501.47299568837,2617.19786558934,1251.70019369048,121.466446590726,1211.5534718629,1397.98306200737,1311.46774560772,1288.61093611739,1234.37798433576,260.743828974545,45.186621639536,-66.2363865633615,13.1300679595404,301.584098377358,303.112815964647,153.779567233799,192.665670847803,295.002900047498,107.940266928117
2568.94486447626,2650.16032925984,2689.33307830336,2595.74247925032,693.40426413344,1243.80393901253,2613.36352189236,2606.21506991307,2612.73033390385,2359.24073848047,1212.4063979334,-31.9434104679499,850.010880577367,1122.59254493347,1262.04042316769,984.972633155352,849.009704262475,234.441752208523,-119.663582690998,-164.177128082351,-148.104229647781,-82.727502752017,287.374413515955,208.453587000416,131.942202861301,279.822181689761,-69.7284246144513,542.559597902317,648.883878554006,599.971971649028,849.953429168841,-3.76794811135392,-37.1884539111113,388.618148123351,1214.30452370833,2195.48235775464,2612.53823428172,2576.80618842725,1228.59473994815,331.348919533383,1262.87744453534,2194.546026689,2528.14070128777,2360.32705597207,2556.61172902666,1263.83028970546,-156.312839358174,751.092541391986,1456.01225330123,1499.87173835209,1594.85450142617,2258.03806532829,1225.46906219356,25.9520398083046,1223.89439814739,2076.44151110993,2253.14755903922,1953.76009251765,2194.70740336455,1283.10255034802,-168.597193458577,697.407924245781,1304.65703274217,1590.84498049586,1497.70112091914,1707.95726129006,1295.86593924929,-135.423953468534,651.562733758196,1242.73697182386,1408.23412504089,1279.47311544831,1539.34191644162,1296.69405292007,-54.0236549782526,486.492967463588,1281.04815162909,1492.83926599921,1227.49058956922,1406.87040841499,1264.04040448552,-152.409825347736,485.149154761714,1215.72879984821,1242.00791833252,1290.04564212688,1253.80225581828,1278.96933705864,-31.6357684825766,153.422775794023,1231.53113911143,1212.19333726255,1227.44237163032,1276.53387652657,1276.43408291798,-151.031507763458,689.618888153676,1211.58967789549,1209.11181139568,1218.82082917811,-97.0933739874158,-169.747664664848,89.249660771563,64.58006617558,1218.21174359057,1269.80335495601,1222.23274339248,1365.56260442784,1296.88500511297,-151.620897796601,587.848311623143,1634.08913437255,1832.82552212872,2248.35861155204,2007.44290511603,1282.93294340575,-168.252879936574,1018.00303935775,1477.45131637323,1639.72117608502,1819.79471521134,1497.53960233698,1292.80534798896,-149.758742315491,1020.84787011804,1535.12755392055,1444.64606548948,1645.16984805563,1762.69486181574,1298.01975010262,-58.775982555579,1148.91079125477,1810.511959406,2251.75883280635,2408.88317120655,2254.78090995913,1227.95789622761,-157.393883505472,1023.93470572876,1766.64470302793,2608.09754184385,2492.30873662035,2614.65049347067,1232.34225658799,110.826337343714,1175.91863009608,1370.63285307983,1288.27965577066,1266.70610753184,1219.46666728365,243.072416662518,51.6117477159416,-55.6684906100534,20.8408450891066,296.792824421854,298.252318457506,155.637485415449,192.807895649301,290.516071798959,111.76475349085
2522.59999872536,2609.11221516278,2651.7360069171,2589.67118328935,621.864396300321,1215.17537495873,2609.22949293053,2600.6784729385,2608.78199362091,2325.6549708305,1180.18377876025,-33.1859668909735,771.939687368302,1045.48812540279,1199.04705932229,903.847638805815,770.920594363872,200.254696054194,-93.8066007539649,-139.566233606164,-121.659109348245,-59.0066870988769,273.378814665111,203.196100151117,134.945648978666,266.678111705862,-47.2229387512041,480.956622597429,580.542995877748,534.928926092553,771.624272245798,-9.08022291944417,-17.3455365355123,339.555451520728,1179.91722019318,2147.04394018327,2608.52444109345,2568.02936444552,1185.26324506304,287.360586031507,1199.69184903836,2146.01323079895,2513.24498966001,2326.87452497999,2545.29482257179,1233.78753200895,-135.692049131839,676.83616524567,1389.0595305476,1430.52350682847,1521.9409679399,2215.00932734831,1197.34795286401,16.5053363580355,1154.86668781561,2018.36252026729,2209.69236392217,1887.38723683793,2146.16412180755,1248.99333924914,-144.201239064848,625.977041492376,1249.121671364,1517.65890483612,1428.40431429494,1634.48663878353,1245.98274542115,-119.552272925635,583.288520523858,1196.32199484076,1343.69849852759,1227.17474779159,1467.6611432042,1250.49104325588,-32.7574460190226,428.955342235551,1228.60523429883,1423.19345093151,1184.08746322738,1342.26676669939,1200.4072462233,-126.056061047564,427.687606386346,1184.94627831334,1195.55958675196,1238.5685662556,1208.38737487023,1218.0981715858,-12.7255545810356,128.464260205907,1199.57759055951,1178.0150887046,1183.98499124484,1224.14095990695,1216.17443031949,-123.904097847623,618.097545703126,1179.41682141694,1173.30979144949,1189.71706630665,-72.4093041659471,-143.142796481515,96.7490120691234,50.1532575891863,1189.17091217477,1217.6332321754,1179.17228327069,1303.58570188367,1246.91087016758,-132.585289635178,522.547492510109,1559.23524192702,1761.14258525406,2204.32064987484,1944.07409154122,1248.81202879994,-143.933812260174,935.858620531286,1407.09886464221,1565.3180598148,1747.6051310103,1428.16083233747,1239.6384017455,-131.022040579413,939.067274345781,1463.16404094794,1377.17271618622,1571.19183966496,1689.58665424451,1255.31210483776,-56.0057033022256,1072.59394070121,1737.52733503631,2208.15341212164,2380.42187175364,2211.48740695716,1199.00562516058,-133.2141109062,942.6684864239,1693.97991182701,2603.66753558853,2473.12179712194,2610.91925927219,1188.68980811184,90.9303253144556,1101.96197311852,1308.92541731075,1235.89274953115,1217.22202937244,1186.41760568026,208.283303755044,62.8516537158046,-34.3684224452124,35.1503778806214,281.730155678438,283.028401528273,156.082819456407,189.237054415091,276.15985299829,116.83900955368
2513.37590131224,2600.9718492716,2644.28788129572,2587.76550220177,606.598572016636,1209.21036904418,2607.77274607738,2598.98052811444,2607.31875087976,2318.3589627398,1173.56780625245,-34.4324883642039,755.445955446786,1029.38237209399,1185.92931071103,886.823459817852,754.422547056487,192.345232810662,-88.964908983839,-135.308486737161,-116.855954520521,-54.4466154259655,271.293542912334,202.688028671633,135.918647449031,264.747255476656,-42.8716084784003,467.621810301039,565.901219310252,520.928634749124,755.07774025478,-11.160847858004,-13.4261609184887,328.688979067227,1172.87979434934,2136.88026534758,2607.04888392556,2565.58993541391,1176.47261474045,277.498146846484,1186.53342018733,2135.82599331047,2509.59504868562,2319.60544182758,2542.3485444435,1227.50291755781,-132.34736844947,661.05425014113,1375.52576771539,1416.49953663213,1507.1752535612,2205.88550938842,1191.51233535574,13.5810659082376,1140.48256903564,2006.33460279068,2200.48627318398,1873.76918379539,2135.97467041028,1241.85687552777,-140.018036566609,610.736263211141,1237.89979806949,1502.84083046997,1414.39134827122,1619.56553594942,1235.58160702074,-117.234115592059,568.662217491554,1186.9200632301,1330.66061723302,1216.60075707145,1453.16086669151,1240.85154282267,-28.6036997204096,416.415772293498,1218.00211267629,1409.11343270056,1175.2831483045,1329.21599806227,1187.15576995105,-121.309762392525,415.16266186125,1178.60697615297,1186.15143468863,1228.15421444062,1199.17970952027,1205.42726219263,-9.00665394121552,122.407094973589,1193.00756458477,1171.01969952953,1175.17005106367,1213.54953586983,1203.62433600152,-118.952647986362,602.832898010412,1172.81108334164,1166.00083266717,1183.7000263144,-67.7083780837279,-138.433763441893,98.5224082073728,46.2190319366323,1183.16663925465,1207.08848375258,1170.43769326149,1291.06959298956,1236.49010148519,-129.594476349071,508.486073745019,1544.07026740396,1746.52356563192,2194.99864664522,1931.02700745439,1241.67342448916,-139.767169490242,918.648338489252,1392.88547098688,1550.23990582329,1732.89128428434,1414.13176010823,1228.55816675582,-128.093224890631,921.933459299049,1448.609564979,1363.5406511967,1556.1955780678,1674.71471584728,1246.3948586636,-56.4260391732939,1056.66545487892,1722.65998119105,2198.91731726953,2374.12159042106,2202.31335704549,1193.00617507581,-129.038703231915,925.642295633701,1679.19430024766,2602.09494768902,2468.63199152639,2609.51153588958,1179.83438640574,85.8934146980725,1086.53538112382,1296.46043865685,1225.29776041975,1207.20704049309,1179.63601066488,200.256448342637,65.2789054504451,-30.2167200549613,38.1148763695921,279.451150513848,280.720307237654,156.597149797156,189.031222135026,274.00889543887,118.177773894389
2476.56184370841,2567.88360725988,2613.77061973258,2582.40022255593,550.715817511412,1184.74475198306,2605.24047796616,2595.67825999354,2604.29499406744,2287.62735982659,1144.53932893842,-33.5208614609926,694.10385412203,968.399836889677,1135.93880908468,822.836967830526,693.067013064204,166.941935017876,-69.2500740325208,-114.98955555631,-95.9065137615487,-37.1765045913628,253.440807324948,192.793097487252,133.594424280259,247.666609103034,-26.7587050020497,419.912487279922,512.645155547121,470.383970881044,693.529657310083,-13.4545715896345,0.0290180946960845,291.219865852642,1141.6916887652,2092.85328820979,2603.97131175892,2557.69206823363,1136.62663444378,244.157763650209,1136.41640702728,2091.63490351817,2495.90875440281,2289.00882722806,2531.98573467787,1202.54998589986,-114.723098705107,602.912190916965,1314.34560149312,1353.21444704246,1440.79253958291,2166.65137711645,1166.91801775618,8.01441978330831,1085.80967788636,1953.54576542193,2160.87034988859,1813.50654349609,2091.7730448346,1214.09730731783,-119.723907778131,554.935136511765,1186.88204675978,1436.21113975733,1351.15023026028,1552.78555771338,1195.85186983048,-103.102863635526,515.455762565613,1144.20857328009,1271.61128360808,1168.49866486833,1387.82880549589,1203.94354451511,-13.7445520915758,372.037652513761,1169.77100732676,1345.55791557736,1135.37225475028,1270.1051178111,1136.71166989907,-100.244976928626,370.847453789693,1151.07818899102,1143.40653852283,1180.81276496583,1157.38530538663,1157.03687938834,3.76044115082232,104.432714999509,1164.22751028794,1140.01941977109,1135.20799702219,1165.35907054978,1155.81735069841,-97.5054820491359,546.970276661404,1143.82337703721,1133.34475369736,1157.92823994079,-49.4026496414474,-116.746358454134,100.345350628291,36.684594819111,1157.44793404859,1159.0916972713,1130.82901890908,1234.28360093458,1196.71117599779,-113.083198970333,457.752041261494,1475.99515877071,1681.43243393276,2154.820088473,1873.46026743734,1213.89925648573,-119.529887439327,853.807535801115,1328.69014531317,1482.56968688484,1667.33923355955,1350.81757471557,1186.28395286333,-111.814056459466,857.377905845546,1383.02272381801,1301.88914512827,1488.90839178068,1608.30062158604,1212.18803823003,-52.3709611799973,996.301726050732,1656.39255637574,2159.15345857704,2348.0256262993,2162.85367755478,1167.62439601914,-109.081287070171,861.48918594826,1613.18153216703,2598.40419762958,2451.00937095119,2606.88785006356,1139.70267742288,71.9774897256857,1028.01139845027,1239.91900429278,1177.12258101178,1161.67488389427,1149.86186093669,174.358795348245,70.6100284167742,-15.2874373778195,46.3217172632826,260.631989251352,261.754223376563,151.928740522385,180.682751149393,255.830561229095,117.777584352858
2445.98366459717,2540.19159927959,2588.13788881769,2577.32607468702,504.17646120834,1163.45554779295,2603.15443523051,2593.13295666672,2601.48050402022,2259.90514392116,1118.73583541902,-32.2715008097398,642.912152851096,917.378821590805,1094.034579918,769.364329368482,641.864281764835,146.151463040791,-53.2798244931655,-97.9334218641873,-78.6246892661204,-23.5220794856002,235.856860093188,182.231158665043,129.727974496833,230.762879706009,-14.1413924896638,380.298756564519,468.33012061085,428.366044057092,642.165369867696,-14.8736611480786,10.2271870716468,260.259709244421,1113.90155708376,2053.44554639058,2601.11164762711,2550.33899730694,1100.95904935574,216.681727787591,1094.41714208026,2052.04688225235,2483.32166065711,2261.4124731834,2522.37720677257,1181.11417087299,-99.7460021547631,554.450891763926,1259.75190312234,1296.77036852776,1381.63192319085,2131.432819076,1145.30361331476,3.86457299069775,1040.03202862775,1906.38123734158,2125.31625850464,1759.7602526917,2052.17516405252,1190.48902187745,-102.635398041398,508.462518716374,1141.25797512722,1376.83237385894,1294.74460643015,1493.28739627072,1162.46599596191,-90.943076446038,471.181178198103,1105.9727660426,1218.89411208306,1125.45690113901,1329.58674808516,1172.87519211044,-2.27329928535187,335.242586991821,1126.61531440663,1288.87536128385,1099.64741059676,1217.33374008005,1094.45063479113,-82.7981349316037,334.105796880255,1126.67422100475,1105.14012782285,1138.45072084579,1119.96519309207,1116.43599315967,13.4029480890958,89.884692288588,1138.64197013951,1112.39557471748,1099.43710206697,1122.23868724919,1115.74474451923,-79.8238372668056,500.44944805609,1118.05459637274,1104.18674819436,1135.16683466397,-34.7840933536238,-98.6251049159578,100.155112123795,29.2151182935397,1134.73224535741,1116.14140694228,1095.37005925713,1183.56083253901,1163.29363744776,-98.9830069602917,415.580492817199,1415.34999964928,1623.42727350093,2118.75248900397,1822.08030413583,1190.276597881,-102.487344486242,799.607170847107,1271.44426144787,1422.2808103097,1608.92787793522,1294.34770283967,1150.79681058756,-97.9058859517909,803.414788365988,1324.55629463175,1246.88041655177,1428.95707531654,1549.12772218508,1183.34712152339,-48.5109319387807,945.798430678971,1597.35093324949,2123.46318285619,2324.40177171982,2127.44215509841,1145.29914072445,-92.3339116971993,807.860331655943,1554.36363653192,2594.89643422127,2434.91614192238,2604.51800800243,1103.78298440003,60.8338135723043,979.034978802843,1189.41191071475,1134.01671284973,1120.92009518016,1123.39733373278,153.149700802331,73.547688974244,-3.74181055888698,51.8223810452721,242.196961144961,243.189526616328,145.989166782609,171.488725830784,237.960197689137,115.621015586094
2416.85780327284,2513.61634529975,2563.44858109223,2571.45869078601,459.400537476939,1142.00635241142,2600.82446180531,2590.57337447679,2598.10140497212,2230.88908992907,1092.28087812081,-30.8070980989771,593.583077401338,868.096250846927,1053.45027711821,717.778742254979,592.52477457643,126.379062174161,-38.5254173611916,-81.627844992063,-62.3648825645987,-11.232659288783,216.460312620506,169.911581279562,124.168733264744,212.050983632886,-2.91041203377267,342.265984132526,425.718656822422,387.990831215635,592.670018531766,-15.9664124007811,18.9589830376426,230.632342729659,1085.3628014697,2012.68925477964,2597.68943636189,2542.12295583633,1064.23261152538,190.434323429901,1053.75162730174,2011.07078545025,2469.68539820973,2232.53069811431,2511.79769691794,1159.77138821853,-85.2888896251322,507.796981019948,1203.74424733102,1238.88838623339,1320.9974165293,2094.85960448802,1123.3357182121,0.149658576414595,995.762116644574,1857.77503736146,2088.40600914979,1704.53519637089,2011.188456813,1167.22197253617,-86.2523576203257,463.749408030366,1094.35599208834,1315.97777126251,1236.90165604211,1432.2985460943,1130.01532858716,-79.1064034805875,428.607683664525,1066.60965369121,1164.79108827983,1081.18049292019,1269.88535278046,1142.61345743969,7.7698157745217,299.950802155291,1082.22326835648,1230.75377930181,1062.86334018846,1163.17628638702,1053.54448245235,-66.3197675069086,298.866100289619,1101.70379286382,1065.74519693808,1094.86891464738,1081.43178638562,1077.07142212115,21.6172926119862,76.1450748547134,1112.40238372997,1084.02594308956,1062.60564190034,1077.88285113064,1076.92739457534,-63.1936157138625,455.692867546453,1091.63375919163,1074.19921262168,1111.94140070051,-21.4814366850924,-81.3637571828544,98.3146804304524,22.3046250284503,1111.55214501662,1071.95833210748,1058.8552940752,1131.48145174073,1130.82147644002,-85.3227338695021,375.061794064739,1353.21321120626,1563.92246694685,2081.30558078957,1769.2243134097,1166.99367654193,-86.1471643303234,747.309839362164,1212.75748463298,1360.50225931673,1549.01561675484,1236.44003412103,1116.35041118706,-84.4285668250468,751.344430228579,1264.62926135234,1190.45628708522,1367.51845772413,1488.45749352019,1155.19783332199,-44.5502201887084,897.014353244771,1536.80395544781,2086.40944479354,2299.53069713702,2090.6807986333,1122.59716001732,-76.3310522423162,756.109315962647,1494.05273328763,2590.70564574227,2417.70480572617,2601.68538814221,1066.80079571594,50.3790521793276,931.708701348391,1137.5493871927,1089.67387727049,1078.97681767596,1096.26956264155,132.969934914571,74.8862962572207,6.38657787506304,55.7650850832947,221.944074578425,222.8059371516,138.336772648153,160.550502806296,218.275730516697,111.795039782955
2370.86619394702,2471.07530285535,2523.67165287324,2559.97188680945,387.894554575519,1105.11261903166,2596.78047235568,2586.70811891202,2591.45606115092,2178.4112101079,1045.52842228297,-27.1459146682278,514.498569219402,788.670069537176,987.748805843953,634.852912276625,513.424337392902,95.8058788786732,-16.1836794374979,-55.2431003196605,-36.8589274281119,6.42358625116731,178.224993966613,144.026486834287,110.117804345439,175.007855746283,12.8599551721431,281.860680000526,357.771334110731,323.723675179453,513.317782688381,-16.3835134082567,30.1889029439035,183.994318353699,1034.79030583346,1939.91071220588,2590.97512403064,2526.43038682641,998.838384115148,149.318319665964,987.947745872982,1937.81629692062,2444.22389877141,2180.3043369805,2491.77868368197,1123.72658056628,-61.4086003723037,433.175696569785,1104.46849121301,1136.35210697815,1213.67916278326,2029.25117047896,1085.04450843943,-4.46586460194044,924.266298729288,1771.27880662444,2022.21493245778,1606.57049507074,1937.91392925192,1128.5399964255,-59.6010271206203,392.339131123381,1010.98749977849,1208.27637462506,1134.43313519298,1324.36111183594,1077.19698628362,-59.1602899043007,360.717843320382,996.52631596281,1068.83731162316,1002.41424704097,1164.1878552127,1093.19807798121,21.37100935685,244.045954950811,1003.25495833246,1127.80219881397,997.369113976531,1067.1283085423,987.3847831347,-40.279939490536,243.047315018498,1057.71498633498,995.604027738471,1017.33317198971,1012.80849260395,1013.23137248008,32.0679678022957,55.352550731068,1066.01748876941,1033.74989516648,997.026775323224,998.977647000606,1014.0728202441,-37.1361675840942,384.223414701385,1044.93799400382,1020.93459849023,1071.20761075003,-1.93522495058482,-53.6546775726911,90.7941124126805,12.5475721966343,1070.89483351941,993.354103214283,993.829776112479,1039.05788259131,1077.99314423221,-62.5790938746245,310.58015666664,1243.28645702887,1458.53894879017,2014.13543576732,1675.34055779841,1128.28059992981,-59.5605151034201,663.19755006843,1108.82855640317,1251.19582399133,1442.92721764735,1133.85938441075,1060.39899271188,-61.9734287770516,667.592262460641,1158.54078423737,1090.46017284858,1258.80198325034,1381.06396575774,1109.09061976422,-36.9247300337454,818.381418255482,1429.61418849488,2019.95377664427,2254.28650950776,2024.76117625632,1082.9892334219,-50.4509575933287,672.86288125861,1387.28690305812,2582.37167667063,2385.93379832236,2596.2323758291,1000.96009212846,34.8960453885256,855.377605871204,1045.50177443808,1010.79028953113,1004.32263897435,1048.33614444372,101.726949684886,72.9917180961095,20.1667852467613,58.4766587992278,182.218453242138,182.852165672875,120.621860802608,137.08407114211,179.540122574885,100.798213340554
2332.92566427819,2435.53704068663,2490.22495454372,2545.06645374949,325.739628799933,1070.11905891487,2590.17163233917,2580.96740105321,2581.55052001041,2125.67787571831,1000.87945857862,-23.9018175343808,445.567354015683,718.940850519218,929.451435705051,562.385487479974,444.480926353597,69.4938585849025,1.5092614112184,-33.1343964106172,-15.9941717439949,19.6497452687745,140.414483006353,117.418665466725,94.2654071037302,138.277266714054,24.3533308478106,229.486802574918,298.745769306082,267.939054852966,444.157682071435,-16.6309763755978,37.4623623612945,143.679486446357,986.539987140607,1869.10753525213,2581.01505730183,2507.58089688773,936.721361161807,113.827923370523,929.581337752612,1866.4690182936,2416.14301110449,2127.81984997988,2468.76070309806,1089.90656794606,-41.1695766938035,368.247588349341,1010.92483610789,1039.7629911512,1112.5668938181,1964.7452468531,1048.4876285713,-8.31828118985982,861.139555545391,1688.11041799184,1957.19090116501,1513.22709792467,1866.54616612644,1092.75890722255,-37.1760336114583,330.259063979912,932.224513149847,1106.82170880998,1037.90950822676,1222.46482154437,1029.74851437503,-42.1367754213895,301.736748266863,930.057194785489,978.407771246756,927.901500705962,1064.65195937924,1048.57815698309,30.8423639938826,195.625920279627,928.555054935826,1030.84896737512,935.163667349405,976.616051720505,928.734302620765,-18.8467102511236,194.703455498944,1015.68888571327,929.082237807387,943.950425050984,947.669305416508,956.436336794399,38.7016478803992,37.5222711252118,1021.66453016594,985.774337785557,934.743148013026,924.344065281619,958.199929724021,-15.8236003839609,322.106487991568,1000.34032583463,970.136318124034,1032.27635738613,13.0740876631432,-30.5352420775646,80.8884299126553,4.26337340063628,1032.03259790557,919.007414210894,932.060401537863,951.923221411879,1030.55196848028,-43.2298614499844,254.633325523717,1139.72592851647,1358.69378491247,1948.1727046102,1585.56903991613,1092.46925787661,-37.1886000462453,589.660835749571,1011.02043503762,1148.18718933998,1342.46909499177,1037.23461053556,1010.32688509062,-42.8691023189858,594.357570459828,1058.6579569319,996.285810803632,1156.31973049282,1279.54381380397,1067.23699458104,-30.2973282742669,749.301920725694,1328.17193391497,1954.67306930104,2208.08919591769,1959.99659702125,1045.20588185684,-28.7905079314321,600.052483344459,1286.33531733697,2570.60264712199,2352.05369659445,2587.69829503972,938.429268172366,21.6593660569222,788.21357703223,958.697801130679,936.152546723301,933.602761709151,1002.59426492894,74.8256633817273,68.2336751622117,29.8175181335853,57.9318165889242,143.058469529754,143.485198045992,101.439540806134,112.674753834927,141.277047534473,87.7328332041454
2292.17141260199,2396.78673212488,2453.4728326015,2521.21723505548,253.924820653352,1026.01295832849,2578.20208702547,2570.93476069163,2564.44867613569,2055.84357767504,944.538291298668,-20.13779299571,365.670738123237,637.415091805597,860.426656411946,478.130810398814,364.572735306829,39.39249722828,19.9422741626754,-8.61475831355392,6.55988931646539,32.5004833954811,91.7698895128397,82.1926224423073,71.9446576219682,90.9245865972171,35.1046764130015,169.13746947253,230.590310245843,203.580201173212,364.002441547084,-16.8328461480255,43.0503977159033,97.3680577963644,925.756968757998,1778.15788991353,2563.85833380761,2478.85643762791,858.935398183426,73.1163126737208,860.498065223346,1774.72622260327,2375.92271780586,2058.30911394968,2434.74689712377,1047.60120505022,-18.4624176925913,293.142395846734,894.696703593587,919.768761656571,986.896022008164,1881.04201999463,1002.22581693849,-12.6270343918754,786.816405776153,1582.51456769114,1872.88299177846,1395.79766304276,1774.77585349153,1048.5416900558,-12.197603731722,258.518665476379,834.142735593619,980.749300370784,917.999432417381,1095.53074170283,972.785749601966,-22.9081448423967,233.624715510051,846.960651306826,866.043889921704,834.995483348343,941.020526767068,994.724874278223,39.1134267824029,139.895565096547,835.420126769121,910.437755487906,857.275413681322,864.157246405812,859.350908308217,4.47717790818183,139.062876064515,962.595647393231,845.92327038334,852.409926776751,866.16601734013,888.999833763337,43.593263141265,17.1839809331295,965.624570271998,925.327354333315,856.76015402525,831.301708992449,891.895887987279,7.21148004142606,250.344449158363,944.06103092685,906.206940624478,983.021926130376,28.134394544192,-5.00666225740201,65.7155631323365,-5.11455373595231,982.860759393322,826.328004001153,854.708896839866,843.62727207988,973.613956212968,-21.438686613792,190.122108421574,1011.00783313479,1233.82512752339,1862.67937758518,1472.22576986899,1048.21396713568,-12.2678385933038,504.116307228691,889.632981970712,1020.11337453232,1216.90608241948,917.20445270004,950.459796653648,-21.3536942727478,509.146170187421,934.6229521219,879.336482290471,1028.86236284131,1152.88855144438,1016.44288961406,-22.702608082873,668.461966026248,1201.45418233246,1870.03747339266,2146.02255240476,1876.01521426439,997.444449200656,-4.80014506601447,515.30987258057,1160.3577021879,2550.85208388075,2304.81257112729,2572.6041596456,860.136672736372,6.59588243104622,709.463812152116,850.78189983387,843.070447493506,845.301775916082,944.919366001697,44.0348282860209,59.2743583695144,38.321605260689,54.0567240691259,92.8000262270793,92.9787947102143,75.1233290130042,80.0870015180483,92.0917133500325,68.7683255336558
2276.33530304917,2381.57955631164,2438.96302771032,2507.60758941231,223.234725895946,1005.75361150483,2570.43294574126,2564.36857995763,2554.0078765777,2022.60461471675,919.055643826156,-18.8407641310798,331.44823047297,602.157083060261,830.113768353002,441.935625091229,330.346753950113,26.4549934305307,27.12428238302,1.25910101612953,15.5348208951257,37.2815714816029,70.4217304024569,66.5338312540532,61.7611587598547,70.1239323156735,38.9918734808932,143.362646112178,201.464324151684,176.080516420495,329.673680623564,-17.1950085580793,44.7321391684591,77.567564367856,898.378568990572,1736.29435473769,2553.39905625402,2463.12908372789,824.307247371547,55.6926803351637,830.163335918979,1732.46767940143,2355.16775128167,2025.21732861082,2416.66494715096,1028.13909765101,-9.29961662593178,261.022330726605,843.410742272604,866.813637139348,931.370447583402,1842.08580539923,981.036191824735,-14.7095917851714,754.384815071825,1534.58818600296,1833.68023951545,1343.0833437097,1732.50428560589,1028.32032959927,-2.11716946712772,227.853846354856,790.7935694035,925.059660288289,865.083650885599,1039.26121918569,947.373130435388,-15.1731784150397,204.513027279967,810.058286915838,816.475986828478,793.877951252676,886.456431054731,970.577726759844,41.9403392912886,116.094050257563,794.203040654095,857.318303660398,822.606285034913,814.551750021424,828.894702750248,13.7896508944893,115.300076473447,938.494455216256,808.995781587263,811.869794893549,829.931602750898,859.30392158637,44.9870910689324,8.36052528763707,940.236922388885,898.094772722486,822.051000528187,790.13226143466,862.685608896696,16.3834145352985,219.681090917132,918.605716673052,877.49465595498,960.55581662848,33.8632261086329,5.26888356952236,58.5666154010401,-9.32536751641692,960.430313961252,785.324409638611,820.27599807069,795.854783161854,948.213082641834,-12.6444249136216,162.575906665709,954.117755299324,1178.18368403731,1822.95150190976,1421.1276751324,1027.97648971448,-2.21110858849966,467.347366053067,836.129872603708,963.485733465292,1160.99567447474,864.23844535814,923.864248038644,-12.6743767938306,472.510290264167,879.895515863707,827.766509931884,972.486652051005,1096.62876419746,993.543136058275,-19.8050085472953,633.453410437257,1145.07031268281,1830.68819931446,2116.01946424989,1836.95645219834,975.614306593392,4.84648762545953,478.862264556454,1104.38127669457,2539.11596337743,2281.07235591238,2563.16611057355,825.287715644791,-0.00775792656963858,675.277952223009,803.160084837953,801.861930217445,806.153440726867,918.860373465178,30.8023515522211,54.7672019543543,41.2499340957183,51.7110027358144,70.7680126040732,70.8416420830799,63.2446868503757,65.5475973834373,70.5144978974588,60.0106228414586
2252.84141218515,2358.28117450263,2416.37330314229,2476.06960921788,169.962986202448,966.483284853115,2551.61339904018,2548.72735649951,2529.03861827357,1954.91475409749,869.763971083183,-16.7760752389381,271.774496138387,539.854665893177,775.52801161961,378.530163751456,270.670111681034,4.214096524659,37.3620828610638,17.1020418035532,29.3105716613272,42.9674864781623,28.5987329423629,34.9807024390939,40.1127246007993,29.2877071214509,43.0416554145916,98.7766140477418,150.946057294463,128.433166400943,269.823269709777,-17.9272212213368,44.6985502564803,43.4277885195058,845.54759607026,1653.66254837919,2528.40819056798,2427.60138527813,758.027392758054,25.6907451034788,775.560405189619,1648.96436018102,2310.07974843219,1957.82157122248,2376.55732020199,990.663465208451,5.65815297998029,205.177976048959,746.162427034172,766.40859516866,826.008701255649,1764.35640018744,939.83615435534,-18.3543999557285,696.458798773975,1441.22298453403,1755.52466958404,1241.50127506103,1648.97404008047,989.87475769663,14.1739422706173,174.611329033887,708.394470226296,819.412271306409,764.756614906096,932.1601555391,900.720940292144,-2.44652134951548,154.009955189018,739.575646316669,722.490335011808,715.602501857652,783.015383595349,925.943507031102,44.0213541823423,74.9772428413908,715.742333319471,756.63978937407,756.256890452255,720.503249347095,774.109856251697,28.2572095004609,74.2522364064073,891.79006449501,738.46912043364,734.648020683537,760.65241153116,805.620560336647,44.4979058335871,-6.80881456028101,891.053030803523,845.534953243608,755.628484903814,711.773609015083,809.906099572069,30.4633942295989,166.466140414515,869.364414246377,822.175009661836,916.920189216483,41.3292199344924,21.6492910041136,42.4193980181492,-16.5947587780729,916.859402225032,707.288624459587,754.370494075215,705.255474299701,901.596430146719,1.78767549824715,114.890124109129,846.151690990444,1071.74073374957,1743.78028631842,1322.23399136152,989.500270824164,14.0427008255949,402.884196227309,734.816368671906,855.973338520583,1054.11542401595,763.822013813217,875.306313965372,1.56642972956001,408.258437147242,776.174023954333,730.046794144519,865.412076931642,989.336304089334,950.916717528591,-15.054694152424,571.500018410887,1037.36434125994,1752.24568052894,2054.09299156242,1759.07816410363,933.228970668706,20.2843441258319,414.910927228541,997.595840319296,2511.34181488965,2230.51762554125,2540.41594814975,758.596289531069,-11.3747407581745,614.600979439695,712.813219086711,723.390324898965,731.496315770227,868.50067214169,8.04167297049275,43.4336768322103,43.5310567000413,44.3145994464137,27.7129997496802,27.5968095228163,38.5298312269717,36.0197296615913,28.2792991730289,40.9528433025962
2243.04661413919,2348.17602995045,2406.3717230702,2453.78819308355,141.666336278595,943.224307557379,2537.40979084242,2536.84710247284,2510.74865148021,1913.29811329463,841.161178213573,-15.9620525946843,239.904273488263,505.973992142563,745.0860016891,344.462718448607,238.80093816865,-7.57214660193813,41.7909557193727,24.7420827200831,35.713959299736,44.9085288351509,5.20433573238529,17.0379350324331,27.4350743204234,6.41659410557349,44.1063826070269,75.1663959474604,124.126947218031,103.160809718558,237.8658031442,-18.5472032742448,43.5616814480782,25.375913041355,815.058312398915,1604.69703875377,2510.11481323142,2403.12535488089,720.381014928645,9.82892300981644,745.11446977735,1599.43917064123,2280.29112614978,1916.37724752536,2349.47155742837,968.408641338009,12.9509861770862,175.459118588593,691.597209432873,710.059801185057,766.777199377611,1717.70556711143,915.531817733744,-20.4725216737459,664.481238102703,1386.8281663759,1708.66504443266,1183.14497943034,1599.43234029527,967.197346278502,22.0770553839122,146.318814825115,662.058647928813,760.040026222276,708.454953474612,871.669626772858,874.086891565569,3.76383257691668,127.191460712955,699.676292811188,669.776346135139,671.502215629325,724.955453623364,900.281136929923,44.0228444990705,53.2265749534295,671.540244411976,700.167001617952,718.577762506736,667.760440755864,743.578022480153,35.0520008688209,52.5391873026913,864.558511752734,698.548774584057,691.102478931752,721.376658680359,775.555613954485,43.135830329624,-14.9079713637971,862.453945270204,815.194149393064,717.911044949107,667.639119742221,780.326684355647,37.0132164014904,138.207365742541,840.789998839856,790.373990429335,891.318914719251,44.2380463739871,29.5184266303449,32.6700883883027,-20.5870408319686,891.293310997982,663.344069557464,716.939684694456,654.443283336279,874.983262897938,8.84397135046856,89.6300680750846,785.426907023823,1011.19078226126,1696.3457746372,1265.10524709435,966.806749099076,21.9276290940454,368.209285103702,678.058080020065,795.470435476041,993.376400708316,707.474332254843,847.752131688991,8.52557883779286,373.680468108365,717.978776946823,675.268432265005,805.124875156995,928.566557284551,926.22633574663,-12.8682623217437,537.729236452672,976.215800697941,1705.22156165389,2015.42667709969,1712.37449282537,908.292003841345,27.7050681746064,380.472891953752,937.087479057946,2491.27880824149,2197.82465275157,2523.55449744266,720.72300266971,-17.4972794321111,581.390335726567,662.117035029621,679.159806857335,689.331340069034,839.316855426574,-4.02394841120508,36.2548431707487,43.6442830168207,39.2377351258333,3.66544189252818,3.44847643847015,24.2221433213824,19.1536454215634,4.66653187320753,29.6561760622053
2228.23396219052,2331.19553444206,2388.67362102447,2374.26762868969,70.8621973044053,874.574659027005,2483.33233725946,2491.11290985051,2443.19409987205,1785.07660544349,759.06269324118,-14.601389992333,159.321409668882,417.599830954396,662.460447646431,257.386013430632,158.232226467834,-36.6150840930416,49.0339853869416,41.1300294156995,48.3638044696263,45.5619726098432,-58.5230456529082,-32.9470316322095,-9.24504161890377,-55.9940582904212,42.5161810502955,16.503639878676,57.115312109293,40.1465128858981,157.092186298305,-20.574249988329,36.270506557559,-19.2264862426546,728.213507878788,1460.54739314376,2442.58455169286,2317.83393952452,615.57428605759,-29.2849957148833,662.500658144609,1453.50599614886,2180.81957314704,1788.64978822829,2256.9652699462,902.478555970175,29.0106257415503,100.821494572328,542.497987933215,556.052246487831,604.515522750802,1578.15166316172,844.185968179602,-26.0609645427885,579.038206005248,1230.26249805077,1568.66215909297,1018.35532540199,1453.44906719142,900.591971024438,39.2401336175958,75.4746386764887,534.977461499206,597.472713973113,554.589139499484,704.86196578392,799.266661488493,17.54951285382,60.1483330803667,589.14643962882,525.802277593703,550.203522939351,566.256466678565,827.47090234772,39.6717286836249,-0.67208719618975,549.972653437168,545.938358397642,613.70648058073,523.733306894555,660.793905253284,48.7963073609233,-1.26024107249759,785.877219415143,587.976337015783,571.164160384626,612.336424665411,693.437149212245,35.3514446663451,-34.9582527897271,780.14022971443,728.739430928593,612.946091130426,546.296378535945,699.445431803259,49.964958624591,67.5329137860895,758.769311171871,700.290497049957,816.716444854808,47.4327545307199,46.2330969087891,3.40765617065381,-30.6756396919977,816.782284486701,542.553305021306,612.741978588387,515.657596695224,800.223358664972,24.4969211720245,26.7917814732798,618.973176775613,842.534817214178,1554.76826674412,1102.55449614645,900.161809631998,39.0520830154203,279.39829559882,523.331003909084,629.491894457827,824.427461062985,553.499418011412,771.017990560872,23.9533197014287,285.046139062692,558.998415988572,525.791437425128,639.6150766854,760.322909905287,855.450827025656,-8.28633092694145,449.296903860293,806.364691624967,1564.76036783277,1894.10646378243,1572.79489211566,835.350647722687,43.5215101944202,292.104242654725,769.463085010027,2418.16739629313,2091.11488152507,2460.56312555508,615.313937202761,-32.7533985270538,493.848368586188,523.546381564387,557.426876046461,572.931341497388,755.707286474071,-33.7860062270931,13.5395781168361,39.5993677404929,21.8744428767377,-61.7046927067927,-62.1757439263931,-16.5770251504978,-28.110122665473,-59.6093523645011,-3.51713452915305
2223.93989329255,2326.02989834569,2383.12045812554,2336.10697678223,42.0776529454522,844.584837445441,2456.11905001537,2467.71033555269,2410.05235506894,1728.62656905727,724.344478709808,-14.1754142903137,126.335347003818,380.677101751504,627.100614616515,221.484708028936,125.255397561075,-48.3209125832163,51.861767127655,47.5091466534345,53.2938741366859,45.8247981554196,-83.2744472230254,-52.3629393435663,-23.4938388672006,-80.2343572779434,41.9063051983742,-7.24125888194135,29.8949183713257,14.5825077689556,124.036395987411,-21.4918913117381,33.4431423076248,-37.2233293580182,691.754423718704,1398.8607277466,2409.46107115752,2277.4364326011,572.48732277096,-45.0503228061475,627.139716931703,1391.04751903855,2134.87338242316,1732.4017327984,2213.68029642536,873.36458669629,35.2550866338847,70.4049524931206,482.054183581981,493.592771727913,538.563540151612,1517.8359704604,813.316435921343,-28.3922425519106,542.788159978283,1164.29697377697,1508.20018834943,949.837265480867,1390.96918882393,871.114598043306,45.9235946403176,46.6594617780167,483.354272875852,531.421049202974,492.191705158459,636.705125828528,766.658459669122,22.8934508854954,32.9057343254956,543.89517751579,467.469654419701,500.82664390813,501.874665195589,795.608979503582,37.9879314014236,-22.4531466262736,500.489202709035,483.425307895655,570.600930370738,465.386953600317,625.362963404751,54.1467929744706,-22.999631396412,752.386913027217,542.713229696635,522.284677928752,567.618967692531,658.195082638718,32.3239617184063,-43.0640352335065,745.265247933058,692.433931003398,569.806543792608,496.917383711478,664.668461322426,55.0149940368774,38.8109655755302,724.083888086447,662.678330747915,784.696417614377,48.684576327965,52.7462121136236,-7.95965586878901,-34.7988055674687,784.798944101227,493.409994027116,569.909878983547,459.437858887409,767.631408991,30.579824211603,1.34071465373904,551.272399143227,773.101112499699,1493.68019058733,1034.61346664578,870.670921394661,45.7202744643148,242.728696684233,460.701274724596,561.94475851098,754.94335112678,491.062514885048,737.711178098745,29.9470841233556,248.43024083988,494.529106310194,465.256539994457,572.221664105507,691.371048200753,824.340235258055,-6.58328832753864,412.245149344099,736.579797592972,1504.11439184695,1840.09744131737,1512.49992974893,803.885579952848,49.6645097525648,255.574092595067,700.732934303985,2382.64029874631,2042.47027364898,2429.39806061978,571.987116550358,-38.9431260655083,457.01684081656,467.382739395476,507.848544760417,525.413184817809,720.399844679873,-45.7890626718608,4.71656768380331,38.0347746397858,15.1312243482478,-87.0937051569342,-87.6634082497487,-32.4255433612964,-46.4692160071966,-84.5736109042325,-16.4034168160658
2224.08502253946,2325.14441772679,2381.6346680097,2297.84236708603,19.6977242844871,817.779384508167,2427.91435724784,2443.29539201196,2376.22970246765,1677.00221744405,694.351245292675,-14.0344863098069,100.361920292115,350.562675318943,597.107719242604,192.854286408125,99.2938382071021,-57.2428370210494,53.2279771374045,51.7585909299436,56.3293463908809,45.194545964914,-102.813256728003,-67.8938234104926,-35.1355647920077,-99.3898011265692,40.6122853253439,-25.5427337370945,8.76748491208969,-5.20818744486814,98.0194686345873,-22.3335068527281,30.4495859928049,-50.9964655959743,660.529791765321,1344.48211113148,2375.66509826516,2237.43711057597,536.552608118956,-57.0839715218069,597.146082290027,1335.95385880046,2090.49424501454,1680.94925349538,2171.31041062896,847.122611127844,39.510304436859,46.6489843465863,432.649678782651,442.514789349111,484.462624076385,1463.94769493648,785.960031207023,-30.2732568820641,512.479267284281,1107.32799751068,1454.23705944963,891.749559853553,1335.85627790707,844.602124942973,50.4269405622084,24.2358404142342,441.018377626095,477.268167075004,441.169810048025,580.364429614161,738.180222863443,26.5529827001124,11.7480104405681,506.368583892499,419.827354183548,460.207300611856,449.206152254958,767.5807771093,35.8692876822523,-39.1846543429074,459.785856647864,432.347824176853,534.660422160889,417.743066333892,595.322950142651,57.5170118394003,-39.6967604406984,723.236202559337,505.183151951583,482.011717780831,530.447140328679,628.146928075229,29.1893249521456,-49.2678974514547,715.058547911813,661.329260560798,533.842791355191,456.31546709649,634.961070331819,58.1287401964172,16.4934890939546,694.118382633264,630.676931913543,756.561377202864,48.819691741909,57.0499646053352,-17.428409315678,-38.0110619201007,756.69285355508,453.014774892269,534.192650163149,413.530228903208,739.161661742522,34.7499300702137,-18.3048309908534,495.686289103199,715.067637611126,1439.20832834003,976.582659016034,844.149845940155,50.2134363179068,213.413859363718,409.634227022546,506.435752828406,696.953152100312,440.014397740419,708.819624846823,34.0530734059539,219.131771134806,441.821932564489,415.854369857426,516.793545841444,634.119237886483,796.767207892132,-5.5134377339316,381.891772968783,678.423957821558,1449.99912394105,1790.03772799975,1458.67095383732,776.099196641147,53.7229082412248,226.310461972077,643.627119229235,2346.63339357228,1996.15050423557,2397.4096628409,535.862003352424,-43.7082153179438,426.636623071515,421.4824984326,467.033609478816,486.162336342749,689.953222450303,-54.9497960485987,-2.82548044005944,36.0109215699089,9.16371479330701,-107.110581911573,-107.754403376595,-45.2713594280651,-61.2045704361663,-104.271843690313,-27.0157029914858
2225.66462181745,2326.04487145918,2382.07790823859,2271.05019575381,6.3980993863629,800.33325527732,2407.64219271582,2425.61034643919,2352.23936721053,1643.12908590652,675.46497418214,-14.0047732668565,84.7611519281924,331.956037245719,578.032704391579,175.476840468489,83.7025553835433,-62.4466371779235,53.9059319242688,54.0860316792811,57.9576801438908,44.7408728714,-113.867400703182,-76.70748593861,-41.7729956406215,-110.229799842426,39.7852736517922,-36.3371979412302,-3.76936061505353,-16.9257910655042,82.3981941296639,-22.8636501357923,28.6644683749199,-59.0680572357146,641.026602818953,1309.77715949788,2351.69663236007,2209.66656052739,514.660837030656,-64.1182586911132,578.067354663978,1300.78284988462,2060.21270070258,1647.18124227712,2142.13213235256,829.872603526623,41.8555967774728,32.4772815508652,403.092350077349,411.93828788105,451.978183059988,1429.20327243536,768.319321230591,-31.3971647915707,493.395652171317,1071.56966807883,1419.47176541487,855.84389990584,1300.67290783677,827.142349835821,52.9025145310352,10.9001721459613,415.622655441255,444.768683207738,410.629944270145,546.296066235852,719.71114049428,28.5697545444034,-0.813439768051694,483.627151186872,391.347477002571,435.773885080614,417.663581979751,749.327604733108,34.5771286129839,-49.0238930206542,435.303774990772,401.795688334489,512.770282073192,389.267455252396,576.216932738984,59.3333290489103,-49.5145646466644,704.751238465794,482.443244676354,457.751175490895,507.872495234368,608.975040264827,27.3223053733201,-52.8915361540655,695.998094097512,641.894859303705,511.941380066669,431.903055611446,615.969174222234,59.8002626302498,3.23798371675389,675.249513651857,610.813637767699,738.564609378443,48.7990162131101,59.4035905632592,-22.8488146596983,-39.900608796014,738.713118440932,428.734131661408,512.436450899117,386.095351892113,720.692611693007,37.0519438867492,-29.9070774048728,462.27902225794,679.630719368883,1404.14375601944,940.488454690882,826.686563684,52.6833925446642,195.584352167777,379.14561427289,473.048569267341,661.588008741569,409.462040076191,690.161303677934,36.3188224529277,201.299387204011,410.273961704334,386.340013024474,483.430599868265,599.361966947531,778.730339495642,-4.95550794750238,363.070026002385,643.002925665042,1415.14302008483,1756.86640347821,1423.98368569084,758.234978550734,55.9335567550872,208.483265153563,608.937994052215,2321.23080419368,1964.8575745743,2374.61611089384,513.859125438829,-46.4982647021791,407.700060211858,394.031167751805,442.466002432853,462.463394563921,670.811079682672,-60.2994471557568,-7.16488539272746,34.7728321878207,5.70762917118986,-118.431715608046,-119.116974059105,-52.5825768700231,-69.5730667827165,-115.414972411054,-33.0760992880491
2229.77475615168,2329.38448992226,2384.80303708042,2238.71267424691,-5.50000619069795,781.380441506895,2382.39023769264,2403.38119183153,2322.8224991594,1605.63027117542,655.816148681979,-14.0329132427096,70.463229577327,313.879867086461,558.460930903233,159.189977144048,69.4178501859502,-66.8544219487571,53.952308299329,55.6804316754677,58.8674997154633,43.7904541875967,-123.684039703783,-84.6727807365692,-47.9329746968237,-119.870006718138,38.5188445638479,-45.81550263245,-14.942954943702,-27.3115033063493,68.09230075173,-23.339939798605,26.5761521851575,-66.0285316069305,620.975044601694,1272.8971513752,2322.31094369165,2176.50113428806,493.010102446041,-70.1370155398249,558.490530242647,1263.39212555217,2024.8456703271,1609.78657552862,2107.64398145224,810.936231302225,43.5542914273373,19.6861464672224,374.805129550407,382.654560771523,420.718163414446,1391.71018503123,749.358720028654,-32.3540496434753,474.181656733176,1034.54162129818,1382.00011080097,819.573021834697,1263.26899279891,807.999221136915,54.6420164170274,-1.05008896346556,391.173119025329,413.521960901433,381.386179590605,513.120179458064,700.079861769788,30.0609770064665,-12.0221027973673,461.334015389638,364.121926899988,412.130557656832,387.440416078782,729.769936734385,32.9103907990947,-57.5970441663753,411.616928536715,372.576380987519,491.129774118227,362.054890324071,556.621435785725,60.4133571876151,-58.066412172019,685.328157014125,460.157397440715,434.213283447939,485.660036037259,589.177833270241,25.1716496908333,-55.9491718603315,676.103799886628,621.903680912684,490.294413405933,408.29749624856,596.305718666957,60.736437551648,-8.60668350484525,655.618269321758,590.579472863854,719.425381715017,48.2263365045887,60.982021539043,-27.9954349978966,-41.4908648394351,719.589295512035,405.267243091952,490.92350351001,359.873564039386,701.055677592532,38.7448675795345,-40.1320531848028,430.087769116453,644.551092108783,1366.39580928182,903.65629570348,807.542513365258,54.4192736475366,178.802962509534,350.084711055877,440.831527547784,626.654951221563,380.211910546662,670.482823440647,37.9837093858044,184.490459572588,380.076156082225,358.164867069201,451.194987498949,565.288321070761,759.246046923864,-4.56533208653502,344.661435962639,608.091251950228,1377.58517676185,1719.63007921734,1386.58255038855,739.115392315085,57.4154116540545,191.647881566653,574.895937656825,2290.28460758695,1928.78734251581,2346.51264028009,492.107687275836,-48.8511222766253,388.993014541378,367.758165079677,418.666133985472,439.379207550877,650.94467313044,-64.8465322671168,-11.4042930869994,33.1553668804632,2.20917232848183,-128.468149865999,-129.187660285551,-59.3015288878926,-77.1689907795603,-125.304707713532,-38.7538748726708
2238.76247286125,2337.20466613645,2391.59699276026,2190.13131508288,-18.8539492622805,755.248863444265,2343.65838699008,2369.11554372464,2278.14539686301,1553.04550405375,629.841716251625,-14.222044666615,53.9249151447644,291.506152277586,532.819521050715,139.838492654201,52.9013432289306,-71.4859563533882,53.1719435030296,56.6924657629963,59.0499199182769,41.9406053298587,-134.375415127811,-93.5522762225551,-55.0347161847612,-130.389515815593,36.3480983961784,-56.2050463845781,-27.4262841576865,-38.8343859287538,51.5605262131015,-23.9523801258755,23.554884667418,-73.4882943341809,594.784947136252,1223.07648663302,2277.68638016284,2127.06335763119,465.875815867079,-76.5260177836524,532.839986247626,1212.85621910012,1973.00758522812,1557.33395617828,2056.62692546035,784.565128643747,44.8009012396294,5.16824888792485,340.629485771273,347.239972105883,382.691189273385,1340.3245699075,723.483761377067,-33.4287643281421,449.480279934268,985.760386808447,1330.69944230756,772.988794125733,1212.7150638231,781.353233282469,55.8308241286969,-14.4918628315157,361.44343753882,375.550435737514,346.027053978165,472.197627731325,673.483363434681,31.1964019367305,-24.5639947369343,433.667098731951,331.277394276769,383.21391571029,350.864617965916,703.081871639101,30.3235209570237,-66.9018658852051,382.651882742284,337.298417710819,464.020277019391,329.238798593105,530.957498644158,60.7836361885559,-67.3443073946944,659.397004771048,432.507720835293,405.340364949199,457.979469386685,563.080148132558,22.0954299570686,-59.168406034124,649.719731093632,595.778979693645,463.183325357563,379.451951589825,570.314463261804,60.9312939897686,-21.8802145922197,629.666550747581,564.403536226004,693.571324498407,46.776589163695,61.9237061246878,-34.0935090027247,-43.1965658799525,693.752694581845,376.60788380827,463.967856896195,328.251606842853,674.443597048987,40.0299258117758,-51.3899411031791,390.861527701371,600.470276940559,1314.77232191517,855.84778747583,780.898966527356,55.6060056666979,158.765331880698,315.138071362267,401.509950603405,582.863011946772,344.853047980852,644.012583616164,39.2438348295501,164.38501251483,343.574562857961,324.226267479204,411.791511972804,522.935706835457,732.464368801271,-4.36631405736762,321.707545367999,564.431670744284,1326.18032979181,1666.78441607714,1335.36206099942,713.127052509173,58.2901154791476,171.466805313564,532.534078359203,2243.4885308387,1876.46731822598,2303.67741845535,464.859317236158,-51.3444015526363,365.415149721458,336.023435324412,389.519451573845,410.933915098864,624.745587431382,-69.6465355187067,-16.5930343882084,30.6236740911368,-2.23742872161347,-139.373360293775,-140.126411147313,-66.9537563870831,-85.684637088782,-136.066949741338,-45.3753888146271
2246.43991249247,2344.13219211319,2397.74297452582,2150.59193393599,-27.7084037721199,735.058808373664,2311.50521639301,2340.45303861323,2241.45129045925,1512.20663420357,610.384568799209,-14.3115205241859,42.6466411851737,275.381492044419,513.577879175839,126.333307923383,41.6417889807964,-74.2967170294968,52.3720280237625,57.0891453786033,58.8746848291504,40.4680984560213,-141.034958625805,-99.1697676940147,-59.6229367217264,-136.950721186015,34.6837480747694,-62.9243422796059,-35.6627704963524,-46.3816575435264,40.2956654707928,-24.2824701771666,21.3729380896349,-78.1790197229735,575.344351293637,1185.34537659135,2241.0367965994,2087.03926097943,446.382020323201,-80.4891250087168,513.589083143279,1174.58593521499,1931.53615586831,1516.58741209464,2015.55679033557,764.035695640086,45.4100239368425,-4.56182835452898,316.85247952352,322.585635284055,356.098027734797,1301.0314906427,703.643635764187,-34.0267613859146,431.180644793087,949.490624532703,1291.50009038929,739.000690657172,1174.43135422623,760.596972760882,56.3506818938873,-23.4223604499192,340.626337296256,349.019358124728,321.415344077426,443.259728990472,653.087128353522,31.7925300055239,-32.8509931315263,413.951554007142,308.449264896729,362.863051760358,325.392372037912,682.526490534813,28.4048786224025,-72.8525622256408,362.270048835035,312.773604958016,444.550939165084,306.437883892686,511.700876502033,60.7281244268551,-73.2751713899269,639.828971698497,412.809130364084,384.965690307564,438.185187017885,543.418629597283,19.8835677641906,-61.0883165340734,629.911865698257,576.379075221906,443.716609872051,359.165264831485,550.692930607292,60.7558447888269,-30.6687724774829,610.22605675306,545.116360262635,673.893146444391,45.5528589667921,62.2488375997816,-38.0970475934976,-44.1740528493657,674.085983459492,356.460863628884,444.604700719347,306.274309732313,654.030542555479,40.6866843512952,-58.7100003884376,363.396862998383,568.844560970235,1275.36374535054,820.6924297374,760.146603189217,56.1254857577308,144.722899395206,290.925077762663,373.941211153125,551.503103507319,320.246188819267,623.803309198552,39.8873738716835,150.275576371766,318.179564308266,300.673380448564,384.130568110481,492.806526564624,711.74633868391,-4.23938442069948,305.07188738134,533.227012161884,1286.91129554656,1625.4121064076,1296.2131575067,693.256099395836,58.5883415949206,157.279935640099,502.36940117976,2205.20876727499,1834.90014069697,2268.37283842033,445.291185162887,-52.8129488279495,348.192380549364,313.938153596485,368.985475452787,390.787114416666,605.155958901909,-72.5774804653068,-20.0602713596642,28.740987538374,-5.26729496216024,-146.155083083317,-146.92743554182,-71.8607283224652,-91.0913997097804,-142.766827765768,-49.6822464128634
2268.32626234895,2364.76208070711,2416.47348759623,2045.76107197407,-42.12798012693,686.348059403093,2223.63539159752,2261.24490333678,2142.77671739375,1412.15749216066,565.964910602569,-14.6690168043742,22.6500811306556,242.273709703492,470.230523203829,100.798944548438,21.6984572423748,-77.6923053168201,48.8488797107231,55.651490645733,56.3336935933143,36.0168245989954,-150.388551389049,-107.67238781273,-67.240574626663,-146.227287205507,30.0284943339367,-73.0168827848587,-48.8764872672551,-58.2117337751575,20.3708970670305,-24.7917440859077,16.1083800190055,-84.5783292857086,531.741093990825,1097.14129452481,2142.48778043976,1981.81476726697,405.537396861483,-85.6374801414154,470.214951256456,1085.13089648842,1824.59819947389,1416.71937433417,1908.561738303,713.921022392169,44.6711617989889,-20.9461993649901,270.69193889533,274.655030545878,303.828900593994,1207.47428176479,656.37352143089,-34.7404248331738,391.115164119846,867.740966142331,1198.29466286194,665.367185311137,1084.94597096799,709.968784411652,55.1544721991438,-38.0613169874528,299.542295534909,296.985889747329,273.586898608633,384.842110832144,604.978110699122,31.399984497627,-46.2096260655522,373.390304497716,264.235147221318,322.198452071028,275.83401061163,633.594424122548,23.4436004650596,-81.4524263195598,321.558743046599,265.26291132077,403.788944614978,262.312881658584,468.341658745929,58.3671651315344,-81.8326110124851,594.533686915878,372.30449805364,343.988954231001,397.131939550606,498.73472032005,14.6137115942535,-63.3290724567137,584.490230638808,532.831241800421,402.977573563463,318.696592191525,505.924998072728,58.1628906769199,-44.9140948900476,565.842299538336,502.484683979112,627.617949729667,41.4275379131019,60.5382521090856,-45.1887807729272,-45.2680943527868,627.829257680777,316.311668102828,404.043622711883,263.706706974033,605.86381284854,40.1608212951351,-69.8940682606782,309.264894485167,502.826792721681,1181.82779762433,743.250378170862,709.536143509376,54.9346764495247,117.882098392481,244.416766745934,319.42220971655,486.317565786744,272.450067610475,576.579613341599,39.3597519599425,123.205786443301,268.89661596509,255.237162517443,329.25992948311,431.124408349891,661.979343513717,-4.48980289140673,270.457669684549,468.652594501425,1193.58432274162,1522.59918340276,1203.07951269065,646.155226942946,56.9529099903723,129.934890810047,440.475565756448,2102.90857690016,1728.95430790862,2172.92703891852,404.327403018927,-54.5082762175975,311.682449737015,271.016957627802,327.853796854362,349.919004310371,560.595297624675,-76.2107164742537,-26.6270260342317,23.8370325271798,-11.4079979708638,-155.603255680603,-156.391446393296,-79.7526359967262,-99.4123673062024,-152.150622312535,-57.036399891145
2291.84307811855,2387.07281179088,2436.91541439282,1948.75961947278,-52.2835212169446,643.021654878563,2141.79315857663,2187.42237030957,2051.11345622787,1322.7816753024,527.918263605385,-14.882800691289,7.56135153682453,214.782619068013,432.448099522026,80.6401866571802,6.66113702621305,-79.2898987614908,45.5374680840689,53.725524243821,53.6154152345118,32.2247688223764,-155.033730972435,-112.317585457973,-71.828571690304,-150.876697834471,26.1755253358763,-79.5879695992401,-58.0548745473789,-66.2500250585197,5.36232455202912,-24.9813436173761,12.0176902104766,-88.2868920956553,494.837329797453,1020.37271155721,2050.94638462816,1884.77160232585,372.607794870377,-88.4146359726526,432.399562851769,1007.23866036957,1726.72026786491,1327.49209477402,1810.20982991006,668.933115424712,43.393288780837,-32.8189801766287,235.454006740688,237.993522108414,263.433394627607,1125.16441980173,614.718220561575,-34.9466003867554,356.669473878321,798.064589950407,1116.35778846543,604.163571709512,1007.02688732297,664.411753962916,53.4082460068739,-48.4292665954312,267.863085064442,256.840254901849,237.016582037392,338.698492879371,562.170165722409,30.5481749784067,-55.5280501162428,341.126946397731,230.577937234461,290.552738959923,237.872405389086,589.902758789729,19.4655122147611,-86.8177012644721,289.884571871337,229.026733656713,370.944648687035,228.746426339216,430.542724454705,55.7466643187746,-87.1616763236085,555.374167061801,340.100023390408,311.955443638503,364.294808199316,459.636653362852,10.5373158303656,-64.272056021288,545.477030591041,495.956441877351,370.162297826028,287.246435938921,466.658613672074,55.3830071421158,-54.9060864410544,527.826413339276,466.775358099542,587.193997767142,37.7915196711547,58.3523412388114,-49.7145116251404,-45.6121450306545,587.417960458122,285.139990745187,371.353484715592,231.331870893697,562.9908694287,39.0963087731859,-77.3098815205148,267.303148890105,449.336736951475,1099.66018736076,678.168707145438,663.999704934744,53.1952743688145,96.5354475498821,209.195304358093,277.051297340457,433.662560463746,235.918453151908,534.720564044187,38.3046235034406,101.626373301846,231.222594308707,220.733261247522,286.515159577989,381.865168784904,617.384987505526,-4.76107018691857,241.49110068385,416.652773465334,1111.55535292915,1430.09039164265,1121.18788002263,604.776340063816,54.8646929991464,108.073449383878,390.970832251473,2008.01221007841,1632.48669197517,2084.16663967038,371.31967073777,-55.1695040538252,280.817927973102,238.281227582689,295.777366712918,317.747647308318,522.509286866625,-78.0023771196905,-31.0413972669243,19.8942339842607,-15.7342004344969,-160.241730049251,-161.030018757064,-84.3586385944886,-104.045271767731,-156.792270313736,-61.5811598945198
2310.89852172832,2405.71496842612,2454.21001896531,1866.87043478781,-58.0314592016251,608.077066459341,2071.36721347579,2123.38953636009,1973.06998443311,1250.62301757691,498.424458204503,-14.8802158932403,-2.12545404881735,194.475254352889,402.810910193079,66.7533670321758,-2.98081876678134,-79.2534408058908,42.801066020439,51.7000921668434,51.1150559265421,29.3982527151974,-155.535876715068,-113.469132642944,-73.5604865951061,-151.444645366198,23.4035420026005,-82.6887281733684,-63.1019846344146,-70.4610301181438,-4.24550703481782,-24.8212418199549,9.31586642732736,-89.4574103182083,466.617389509405,960.172070790132,1973.00720814487,1803.21689553362,348.88695263642,-88.9951352381379,402.729818574526,946.181830218118,1645.35332333454,1255.4299998915,1727.98619062064,632.330036440814,41.9121882852327,-39.9197359260479,212.10796438202,213.660167434928,236.262283826172,1059.86246697202,581.426015995319,-34.6564532044545,330.092892937483,744.830254480482,1051.40827816383,558.83577365725,945.949869778189,627.288883341327,51.4971205470542,-54.3631442586958,246.45672746494,229.906599780665,212.755864621136,306.719991738488,527.77073404375,29.5119331002672,-60.697530710699,318.306231878894,208.345478148758,268.86264294613,212.650000897966,554.646797092957,16.7192507633278,-89.0564046936584,268.184012460119,205.080136052161,347.302206601275,206.59666431931,400.891790253407,53.2715773305893,-89.3726495244331,524.705303498669,317.333483325258,289.838706945565,340.879574737203,428.827954302947,7.86369083560658,-64.0337672078576,515.143067046993,467.740812114858,346.550532668699,265.73055687451,435.632899250802,52.8197568006634,-60.5150944057718,498.355651816699,439.791722128538,555.178404260187,34.9754370413021,56.1027629910803,-51.7443699711202,-45.2586800801442,555.408768382389,263.838994333359,347.810200205836,209.946712570186,528.528853394195,37.80749825871,-80.9785158639418,238.985064747999,411.006666900772,1034.61266475635,629.315576183817,626.897333116038,51.2913856713527,81.6730288531054,186.167892798527,248.34718835223,396.082540965366,211.697560494366,501.235311571828,37.0328454182065,86.5508617461423,206.268758498425,198.053439445805,257.455864780277,347.229025533192,581.251795546315,-4.93713229290961,219.880629947999,379.699611832719,1046.55591281988,1354.77404514763,1056.24993558163,571.815590210607,52.7209055094464,92.7377155260175,356.082519859005,1927.53136598986,1552.80421036571,2008.33713011484,347.562730731248,-54.8816457168567,257.493276855095,216.567344848252,273.732271951097,295.328920762451,493.062863623025,-78.1066198649412,-33.2869555858053,17.1628577189803,-18.1584771807449,-160.660572595561,-161.436937875936,-85.9111481980103,-105.315028243637,-157.265507231949,-63.4423508531219
2335.38279004267,2430.51283412872,2477.50133081708,1753.25021357532,-62.8616758478951,561.428658133355,1971.89243079541,2032.24711199977,1863.93843939619,1154.35831744964,460.432573313037,-14.5978350421618,-12.1740554980818,169.528651197531,364.219493856928,50.9656268550001,-12.9656251673101,-77.623909576081,39.1745602801319,48.5505440925757,47.5234702156685,25.9940369258452,-152.386166124394,-111.929563679992,-73.5129155545775,-148.454166638226,20.1909812096141,-84.2588818224325,-67.0950867004965,-73.4317928046261,-14.1721969168606,-24.1725278342545,6.49766512472183,-88.8782314813581,430.735781434564,881.943268490825,1864.02092457883,1690.50302828099,320.5180938591,-87.8105546540157,364.088117518958,866.887771738257,1533.97487799488,1159.2631956427,1614.87882759636,583.100490108086,39.5103486214048,-46.5211887884947,186.893924183448,187.325467816946,206.363795245879,974.105571876169,537.334227013946,-33.6718567371793,296.014249320205,677.370262548736,966.181544294089,503.169717800819,866.631002045812,577.297018617359,48.4643848669467,-59.458536755852,222.714094103856,200.367072216447,186.516652215578,270.22921594214,482.002293399148,27.8165810926959,-64.8649251177631,291.56401462947,184.419634592484,244.373663964389,185.324486394844,507.568389054115,13.6864789805762,-89.6001274269352,243.695992124071,179.31196913784,319.04893986689,182.792077997851,362.28173256838,49.6515915296211,-89.8809972244356,484.823054085071,290.671163951145,264.642186292603,313.186421458085,388.546442127113,5.10158056457885,-62.5042646589669,475.961233514096,431.842281564643,318.34665194248,241.492666560665,394.96653783676,49.129581989026,-65.1516409141407,460.392268055614,405.876412839489,513.119029585943,31.4524025295621,52.6391582138968,-52.4932374637556,-43.9919834349979,513.353370912924,239.875016935063,319.658702673596,186.924413724004,482.665199027025,35.6841892202095,-83.1784743552174,207.702956236209,365.569718192231,949.368146518904,568.491673751527,576.937320200504,48.270242993024,64.5617818661091,161.741646251763,216.484909749942,351.733750154079,185.521507013649,456.85952718923,34.9429525431536,69.1258424305366,179.344109136563,173.813559077673,225.057012080307,307.035535742512,532.829622585113,-5.04269070328451,193.063758784872,336.302280291701,961.294198722772,1253.54771236626,971.00685276254,528.292980666828,49.4274776336482,74.9274517764793,315.488097236932,1815.40191550304,1444.33783755957,1901.9626683264,319.177948079351,-53.4871778683753,228.17600418275,193.063372747609,248.762512457027,269.509950413038,455.227982659563,-76.6471111335782,-34.6738623502417,14.1342581887761,-20.0702323091651,-157.310528685792,-158.057239641338,-85.4020671546471,-104.079945570511,-154.047390873169,-63.7553864219134
2366.59315593967,2463.27750297425,2508.67072855585,1598.89632986838,-65.123777618827,500.566406873996,1834.4709383285,1905.46674239682,1714.57081036289,1028.8257061386,412.875838001175,-13.8473867194239,-21.1923292257674,140.032293658586,315.213508627349,34.2654148619355,-21.8949951833844,-73.2558427930721,34.4865886811449,43.795964453488,42.4736652690718,22.0927089365669,-142.750541488645,-105.467895800899,-70.0337031999682,-139.129366072749,16.7115094807301,-82.6558512448228,-68.4048876055642,-73.5408617947209,-23.0078016590526,-22.7212904019694,3.96780118799643,-85.0799414896593,386.526196420576,782.930604313116,1714.85202355528,1537.9768206723,288.291640741859,-83.4823019820057,315.006085666106,766.586821811075,1384.70828876879,1033.8157799379,1462.53179377377,518.329839646379,35.7577138686185,-51.0461980040756,162.58984130427,161.838583684209,176.539380045472,864.228169226736,480.322625047128,-31.5505766770491,253.506901662926,594.512259289562,857.081935308336,437.487904054549,766.300531994719,511.422063375567,43.8098919540205,-62.0910541336112,198.734763717379,171.071311251363,161.152424741296,231.539529635073,422.462256115823,25.1446109694715,-66.4178873897636,262.072867200168,161.515509569746,218.893107878859,158.821986643214,446.083736035218,10.6520847543343,-86.8347460057078,218.238018024774,154.636860833984,286.989176571263,160.06189527767,313.249519349276,44.4741359911909,-87.0717759807424,434.332600092591,261.295330534055,238.042817870042,282.230260370082,337.155053740854,2.67074663558799,-58.79463863397,426.752641701384,387.578148767179,286.363534046978,216.366763674295,342.935611300479,43.9305724723449,-67.1491685191334,412.869607525868,364.691380294232,459.237138910313,27.2037600464298,47.455366854055,-50.6290411908004,-41.2203624596417,459.470190363656,215.088663223528,287.68827105697,164.876011529114,422.983633859614,32.3250561890248,-82.2144108734567,176.279342637237,314.519963197308,840.402457830253,495.424391998796,511.110468062581,43.6336068380401,46.1030793935408,138.983963262013,184.210828059293,302.229956103489,160.254097317561,399.38127935422,31.6426449506565,50.2157312327722,153.425706128689,150.903326139354,191.993009993731,263.284694541753,469.346790779324,-5.01167787451129,160.938390688548,288.20480460734,852.192768723118,1120.47403122197,861.841635797193,472.207104799532,44.5052815649482,55.4604979228501,271.122284610594,1662.46055109741,1299.81115335912,1755.93321675266,286.976773088107,-50.2412132729289,192.483877831318,170.324305601032,222.643788864586,241.779509286718,408.010573558306,-72.4755817391458,-34.1480149738691,11.0824832031623,-20.6428157920427,-147.284848183662,-147.973032632508,-81.0000889274348,-98.2273859804045,-144.279475922368,-61.0183074563
2394.45583406255,2494.28869224677,2538.67517524516,1435.64889732653,-64.8079148542112,437.875236202456,1686.6824604343,1768.07228902245,1555.48469871908,900.082677784001,365.193251571868,-12.5902163964431,-27.8204902324006,111.626309257387,265.616896162194,19.5882911086085,-28.4279273907243,-67.1708369880256,30.0387143677342,38.8144513590754,37.3842985869085,18.776103778999,-128.984105425211,-95.643112835726,-63.930900770689,-125.747594820385,13.938109429669,-78.5837767213475,-67.1905996415771,-71.1673711946573,-29.4328683895399,-20.6114653894783,2.44976939057301,-79.1062427420457,342.68433107583,683.449096389258,1555.97328636765,1377.15351980972,258.24033024053,-77.1166432269885,265.32464734437,665.915846677349,1228.54767104993,905.117972255025,1302.53136176686,451.2672592845,31.8071238662195,-53.0377678296634,143.404242416088,141.655987839725,152.174924299145,752.926889644023,421.925372342726,-28.613919131475,210.996190379045,513.134951078534,746.637480807212,374.954872728006,665.602606632051,443.15751312297,38.8953407973119,-62.1725406751128,178.70203310931,147.291990483647,141.093405221828,197.956629260432,361.262430839688,22.3913895302252,-65.4642768190902,235.255018553945,143.547984940023,196.943526712107,137.81398415734,382.728250298962,8.4715051879532,-81.6686719755309,196.327230614343,135.336317831189,257.11923387622,142.28327615913,263.625325440628,39.1927483693385,-81.8618541794591,383.323171647436,234.602874367772,214.791196483459,253.740301652944,284.990919501519,1.26800020281826,-53.7019246811705,377.310269040302,343.656779622986,256.580523458243,194.797996493144,290.019696255481,38.6769031216897,-66.5529112837769,365.219316494644,324.262509750892,404.373863745378,23.4057953244821,42.0278927360673,-46.5516563427636,-37.4467894027044,404.600791670105,193.852001923157,257.876905397884,147.540288276719,361.627147363299,28.7924675027841,-78.6918827550408,150.44806151562,267.8537561747,730.238255691123,424.888280569457,442.899650039363,38.7389178010009,29.5919785031,121.76022542441,157.442736579706,257.231946466303,140.304264813192,340.463290006651,28.179473805067,33.2127262613573,133.058863899241,133.229348373018,164.351748897033,224.384686324573,403.774614492537,-4.62014386902752,129.703595162277,244.765099238278,741.787554627543,983.211375724029,751.290180550331,414.886100963156,39.3630786188357,37.8491219950253,231.523342000739,1500.12569498426,1149.25359188757,1599.9321788939,256.98536834783,-45.796679340158,157.37974925881,152.239408125607,200.036722960687,217.161887668085,360.772515829554,-66.5782460479642,-31.7681865918754,8.86893438631864,-19.6551988882786,-133.036134287102,-133.651605168288,-73.7456234549575,-89.1629429078755,-130.349869859756,-55.8508980274323
2407.56115704987,2510.06111421417,2554.23128477609,1338.60198870957,-64.0789381521756,401.025667016187,1597.68603345138,1684.80767444604,1460.42214776689,824.856020651102,337.456622710268,-11.6164872856383,-31.1827850710253,95.313244196228,236.628726898823,11.4591704685189,-31.733488816547,-63.2014171574991,27.7400132814568,36.0791591606255,34.6428369566952,17.2149391297002,-119.8682024037,-88.9771796679445,-59.5822694370534,-116.87049948419,12.7186940088244,-75.6759762476458,-65.9452486877417,-69.2510047943797,-32.6729234668029,-19.1189515762917,2.02738443349176,-75.1321771524632,317.296785620999,625.848477271198,1461.03117589028,1281.72385758734,241.297155662503,-72.9345392659606,236.28508538978,607.689590392909,1136.33741106856,829.899557000505,1207.83910464678,411.771305900759,29.6611732299236,-53.6653934403815,133.579650047425,131.317441870413,139.490228312857,688.271224427154,387.670707827481,-26.6164472458681,186.251016777486,466.554438864437,682.497438036837,339.696601305321,607.362234778811,402.939798958132,36.1891715046249,-61.6804091579072,168.034352822179,134.960957507072,130.825993746226,179.884898789612,325.303704937077,20.9516220610718,-64.3742846320534,220.314598581901,134.365672294025,185.051367865544,127.062687161507,345.472359309286,7.62942448131344,-78.1317635508815,184.462271423983,125.525496480246,240.284394156479,133.213836909021,234.620472503951,36.322948330013,-78.2993158796143,353.562316248134,219.737277599563,202.087388674067,237.770881442123,254.475457926482,0.913284800164547,-50.3622046965535,348.530238767286,318.216069329832,239.798571893417,183.131838793182,259.03955045974,35.8388873790724,-65.6573565511405,337.500611732333,300.946918087374,372.26586842952,21.5343443239827,39.0374618539162,-43.4661745893061,-34.9335910745224,372.487818056195,182.373588442572,241.066088064973,138.651118494756,325.573975257696,26.8889760753144,-76.0910080174602,136.968297344454,242.07157973202,666.318430495561,384.857771208083,402.714417278918,36.0444878659281,20.3784780589042,113.188495820239,143.399027367224,232.443166465695,130.10315400543,305.877244608172,26.3178599907585,23.7047009820759,122.692965804543,124.307509134266,149.781107574353,203.192132437926,365.184297268413,-4.17138126932866,111.703200742262,220.917793381495,677.687236208031,902.777462815078,687.072164001496,381.293368093024,36.5351677161834,27.9765393945102,209.902157920718,1403.37746965926,1060.56055628267,1506.49332323961,240.087166305803,-42.8627536801972,137.065622961641,142.903220519238,187.762201603037,203.614856573004,333.322555068865,-62.7171431524694,-29.745541751035,8.00378673419766,-18.5039914303081,-123.620916992642,-124.191185590847,-68.6799548613436,-82.9704420030668,-121.132783965144,-52.086635823555
2415.92401109017,2522.71297323064,2567.31255680475,1233.33580322291,-61.9664894814173,361.976330763851,1499.10834103386,1591.66013585907,1356.42163659322,745.780097077471,308.667913348106,-10.2280663354112,-33.3959860766142,79.0566719341506,206.415601674715,4.13341080463226,-33.8848900609444,-58.1473537934818,25.6906317733336,33.31908185501,31.9852681481582,16.108314256714,-108.149077333853,-80.175120842466,-53.5468344181293,-105.435157417808,12.026971585487,-71.3618349797483,-63.3250190747251,-65.9567539463612,-34.7494086245971,-17.1238715326484,2.3163993985894,-69.855297280344,291.189644119349,566.406832704549,1357.15671853223,1178.54449732275,224.852691118759,-67.5081651562199,206.015312314513,547.715148409982,1037.48987935268,750.798434866939,1105.91944110589,369.76844955803,27.5116593495668,-52.9786299031819,126.184025309631,123.519095269281,129.41664280715,621.088210420571,351.513504300661,-24.0262774416439,160.725220349005,419.593333105675,615.887868961957,305.289391802061,547.375942971234,360.159906461003,33.439939481134,-59.8263494388275,159.04777947554,125.283296939394,123.100390109973,164.133612665559,287.330680317937,19.5795488406361,-61.9234774118827,206.207020285689,127.506369136909,174.564173469736,118.969643191273,306.04514414775,7.40372623002816,-73.1992916702301,174.012871425778,118.307784331868,223.958877423482,126.478488542367,204.391773615827,33.497747509915,-73.3403342196164,322.483693164878,205.71162993518,190.646962521211,222.47779760409,222.593636122071,1.27847344984502,-46.1172987989272,318.612267547348,292.039401932406,223.532960764015,172.889850133404,226.617745617643,33.0755767383373,-63.3647589380408,308.728793261034,277.175033004267,338.527967328457,20.0373570224833,36.011336521091,-38.9429122205212,-31.7227653150632,338.741756960105,172.316737677288,224.745278334092,131.947203131991,287.496460296398,24.9978035617787,-72.0510375794345,126.180849715971,218.060338818703,600.047303241694,345.226321925425,359.970831798606,33.3082212146641,11.8946812895092,107.328035818944,131.984152343978,209.516298657986,122.452497692481,269.439340716218,24.4747995548274,14.8958501695693,115.027547709952,117.902307581011,137.777667907732,184.122736673286,324.261487395934,-3.39291672158708,93.603223477303,199.044639930189,611.151019221333,817.763545499873,620.351291653786,345.899403992288,33.6827730161014,18.7644564630471,190.341353287602,1297.9894909472,965.889910592857,1403.87775529859,223.710187839484,-39.1243728021069,116.420452669617,135.709506576886,176.87568765523,191.191234591286,304.890084716093,-57.7708692579487,-26.5025161409221,7.74584092517114,-16.3102333254488,-111.546290313131,-112.062725818994,-61.7884157222642,-74.7336962984467,-109.293647616472,-46.7526963319144
2422.70271852536,2540.45821759657,2587.07104843076,1025.40086393339,-54.6637427139611,286.913664123409,1300.58707358047,1402.45261501367,1149.30882509185,594.871191500525,254.859489612659,-6.86782278086991,-34.3811114694613,50.2768603629264,149.500523363564,-6.83255464780905,-34.7469665427726,-46.4577273093682,22.4233700224123,28.0906893025184,27.2108381159762,15.0506126057028,-80.7536538906984,-59.196808555441,-38.6705767495381,-78.6628416598604,11.8989049964363,-60.1013214906567,-55.1465474164588,-56.5772744035035,-35.4538061806988,-12.4471086723364,4.41259496798887,-57.1743266097118,243.01012140881,455.599841578132,1150.28601420692,975.405877231023,197.001688127447,-54.7228877077721,148.984772766421,436.125693847044,844.595046551351,599.773905166972,906.173510758446,288.636486605078,23.4376637400779,-48.3853562585233,119.212314769937,116.08080534989,118.034963958699,494.690014266563,282.383136360575,-18.0477806617538,113.292790399773,334.652796334236,490.659136396421,245.865962241253,435.769590547861,277.481328520146,28.1851444058933,-53.0388772549707,147.447649431104,114.713380920093,115.797066539583,141.819966070599,214.582860125584,17.0867191784815,-54.0826887173314,183.363675305241,121.253663358655,159.605772854948,111.273072766036,230.311085268777,8.33605050618689,-60.8745701463296,159.147529224355,112.039949982303,196.347523359839,120.475341971226,147.449159060595,28.3245538760908,-60.9663008779995,263.910738926538,183.033052546732,173.651224909636,197.139909937693,162.342033941475,3.53465380191449,-36.3515273223807,262.568293420623,243.695935835146,196.046347640113,158.419319805199,165.21341395674,28.0872766099723,-55.7066055319744,254.948566342949,233.83634762936,274.413471841463,18.0769634298987,30.2750793607372,-27.4105302675295,-24.3571399995836,274.60512939144,158.174600442052,197.097323271436,125.652071505859,214.535813167797,21.4294893094409,-61.186924488945,113.693318272462,179.541748356874,475.683823945203,275.313147717187,277.366896843148,28.0798846724587,-1.32087197188991,103.785717254291,118.216861913363,173.167458735695,115.304756475946,199.837642346115,21.0089713080839,1.02323726588145,108.200690173201,112.922336829794,122.805685888225,155.352511757942,245.455735004786,-1.34764177149793,61.1392494338098,164.856964724457,486.126386512831,654.467777129224,494.849654952629,278.38643443553,28.2916497008059,4.07484682553218,160.541076434089,1088.95699728358,782.012763262356,1198.80466567823,196.033729032493,-30.5316205403925,78.8311449531349,128.429999934011,161.156554430889,172.073569375895,251.888365750353,-46.2705270976465,-17.8175930363454,8.59720935547921,-9.95818310567233,-83.3706742029837,-83.7686577676396,-45.023862191876,-55.0024092095493,-81.6351958435655,-33.4316828434614
2417.58992087035,2543.70602635629,2592.41914719817,900.841904253451,-49.9225494431763,242.424075020446,1179.25439301164,1285.67410117023,1024.25263025537,506.295864740815,222.954562944045,-4.58408470971733,-34.5287001324483,33.6484298996245,116.117841507981,-12.8828716752564,-34.8216273977782,-39.2084641795943,20.9116073034315,25.3377354653701,24.7681824251079,14.8846019003963,-63.8275190853842,-46.1173186717508,-29.251259724279,-62.1100447502024,12.2926761162781,-53.0458727138353,-49.8971024901773,-50.6267637013364,-35.433733450139,-9.38291367519435,6.15000721134061,-49.3084256296712,214.466915720553,390.967159747375,1025.36625447441,854.005781247005,180.619882172035,-46.8063557496134,115.536534200802,371.198393881415,730.081799695295,511.093603709921,787.253748376025,240.588778233798,21.344359632459,-45.2407580956968,115.862270618734,112.55550598405,112.372319222041,420.86999978378,241.377881140427,-14.2107930149905,85.5695931109153,285.689805024062,417.536446547437,212.103648576594,370.836115357416,228.57704926626,25.4087993608958,-48.6035297326889,140.965345658466,109.538504281258,112.348353936042,129.853662645556,171.720744943153,15.9166043249104,-49.0336793557374,170.007306934468,118.225856606181,151.050491031175,107.699000909762,185.646318366713,9.37093392958991,-53.1993702483794,150.652027923306,109.209654372447,180.107073309916,117.595209081163,114.05840403003,25.6368010372946,-53.2621712080305,229.173754425266,169.773303169963,163.825878889516,182.253140362648,126.978102717312,5.36483133211868,-30.2550326690859,229.345405285405,215.049344696244,179.880281046483,150.149732715117,129.154776542007,25.5200364821624,-50.754881629596,223.058229434676,208.166028412038,236.380517939247,17.3629932726569,27.2318400594032,-19.9982580910055,-19.6945391872337,236.55727467106,150.085340674827,180.821586667898,122.497117016518,171.549677302351,19.6283393694006,-54.3556408574594,107.490995170743,158.148949632415,403.174727832476,235.366834313268,228.506690763923,25.3190088885287,-8.69779450429064,102.565322557611,111.250749953334,153.053468484894,111.949170679982,158.867345073531,19.2683678824659,-6.74518612110694,105.145129596142,110.750783150768,115.117913524163,139.650405139545,198.940450768195,0.157626560904305,42.3273864848569,146.038975696974,413.156024765048,558.357506750123,421.538389787426,238.352726951736,25.4440171606325,-4.18107799411428,144.21006346027,963.268667671515,673.1479516885,1074.51997269119,179.766143152995,-25.1358748565336,56.9688012418774,124.694472169801,152.165114827542,160.998941483283,220.483672281842,-39.1316198213816,-12.1169389518702,9.58196853273932,-5.65969397398123,-65.9771412236383,-66.3041164641712,-34.4718879278319,-42.6709455895934,-64.5515384187447,-24.9464623439522
2414.47992753014,2543.69990179792,2593.23904638739,856.407808653276,-48.6811997825539,226.327148063646,1135.88030585163,1243.84661637398,979.627323700696,474.292486482841,211.091836448001,-3.81224554963956,-35.0481979377355,27.3254011514132,103.959639706237,-15.4998879982802,-35.315592357239,-36.8642141417099,20.3371664989386,24.4094209080858,23.9124275554759,14.7302831478613,-58.4623485536408,-42.0009566631703,-26.3212069628185,-56.8662225086151,12.317999318012,-50.930433030951,-48.4578094505227,-48.9210030811271,-35.8955593259775,-8.35590120375787,6.60328565202281,-46.8333927346367,203.732902762307,367.21863493272,980.787982887073,810.66536724399,173.969377411786,-44.2837867448359,103.357200433629,347.352128468083,689.127431446967,479.053318910491,744.776056868646,223.301245925619,20.6535063222236,-44.577936708098,113.450725504324,110.053365453715,109.07842634265,393.955657839424,226.452472984427,-12.9324664706005,75.3818095165791,267.353486492782,390.862537096876,199.018984955253,346.987740628988,211.016098070479,24.4791663444829,-47.469300821724,137.602926510725,106.413299068775,109.873751437909,124.341403603454,156.274697292921,15.5412385218157,-47.6646187911149,164.367175868796,115.958190108233,147.004880910419,105.153022741868,169.572119321946,9.60004119345865,-50.8415332491236,146.625533297414,106.948674179156,173.505300088443,115.378660484653,101.90037953251,24.7050359278013,-50.8936977686157,216.357462055821,164.166309449959,159.340293753655,176.084567871609,114.125868819233,5.84897979567188,-28.2647727171365,217.020872338951,204.281885396278,173.303643161566,146.20303635567,116.070475308456,24.6215487296801,-49.4392707618592,211.200893466419,198.401105391679,222.45534372324,17.0362157811581,26.1998048262884,-17.7176517065777,-18.151709336001,222.627371855937,146.204555975304,174.211561783778,120.217159727958,156.062085581399,19.0400549275588,-52.3411177152261,103.987927155535,149.350586903029,376.714141179016,220.14433215313,210.960631783621,24.3946505510692,-11.7867967679339,100.861934294241,107.484128661193,144.698506142842,109.506284851236,144.078424804762,18.7001321830622,-9.97030452845854,102.778343557411,108.747585737224,111.102115779068,132.83252092533,182.223185389811,0.673819063769542,35.242469236585,138.131166950691,386.535259621618,523.75530780448,394.798919611152,223.752906620792,24.4794163052873,-7.57563337941247,137.175352245539,918.436237827279,634.143634469475,1030.15039654892,173.151653416101,-23.3646378787053,48.8211602603719,122.213912718533,147.96525020169,156.111048572789,208.785005621298,-36.8298138384797,-10.3881611583405,9.79604175833606,-4.38308312201741,-60.4600013753263,-60.7639271954936,-31.1747354202178,-38.7970071347526,-59.1351077055267,-22.3181733977751
2409.19900730142,2541.87359151294,2592.44703702923,814.366804198002,-47.2454300557374,211.310838380379,1094.14355539978,1203.28814727381,937.111902121987,444.680692653642,200.106998740984,-2.99263336899651,-35.2477622570743,21.6653407510335,92.7641261501489,-17.6616563781105,-35.4910978744854,-34.4950660966463,19.9218690901815,23.615374686269,23.2082994562769,14.7365586912033,-53.0445062969526,-37.8030935988579,-23.2835633526694,-51.5668315556919,12.5011474702122,-48.7025960233882,-46.8457104454518,-47.0683377380213,-36.0400128821993,-7.28917361501237,7.20998714061488,-44.3025270289644,193.832744905591,345.476975823154,938.314992968496,769.755004561422,168.00014334914,-41.7218828747377,92.1422741439749,325.568171302666,650.721191129417,449.395705613155,704.823182620701,207.161568516717,20.0756399022993,-43.6778008873989,111.770243561892,108.32710669796,106.680095780022,369.231824852175,212.542492229961,-11.6215756846511,66.0601521739394,250.83698090733,366.367652167027,187.495481950379,325.202952300929,194.63222123456,23.6797450374587,-46.1346125124596,134.86489013969,104.176570772278,108.17218539199,119.909864156261,141.938479447077,15.2604843086935,-46.118782367061,159.381454024548,114.372397078595,143.585478532566,103.425273735721,154.63164393653,9.9851591824654,-48.3974050588132,143.226087664586,105.450698298992,167.581999396524,113.841136268839,90.7070710214207,23.9240173365947,-48.4398122141383,204.461252581644,159.211685472601,155.485854856231,170.582898723891,102.274511296851,6.48497984461153,-26.2504226859515,205.603100853068,194.347511334173,167.404420938408,142.876100022841,103.993802832283,23.8772901733689,-47.9337405390984,200.220390827002,189.42527492037,209.498453019071,16.8704044684744,25.3110170477005,-15.3158754930768,-16.5817455804272,209.665326434673,142.934531826295,168.275120473634,118.579144587251,141.686932411923,18.5571202914907,-50.1973338537531,101.433921900901,141.872865360821,352.451391165772,206.608360886739,194.590879049454,23.6002052117698,-14.388624459928,99.8894927370384,104.679012794931,137.637681356089,107.835147133902,130.372448049442,18.2364666699843,-12.701406678632,101.221073664938,107.452543152922,108.058827044469,127.197858368162,166.664857549654,1.2465383445408,28.8637296953856,131.498269319197,362.100050057004,491.623947932973,370.233957048363,210.157773127297,23.6527709405159,-10.4679148649598,131.329756229104,875.87508348474,597.675731153851,987.747232423962,167.220812322374,-21.5676560619256,41.4349533497962,120.386962079252,144.405452392272,151.869970729004,197.964728191552,-34.4987899737305,-8.52802093234084,10.1656468020846,-2.96668705562035,-54.8938495410476,-55.1752558364848,-27.7780595890968,-34.8362503777363,-53.6672684061997,-19.5763126117454
2396.26781494292,2534.69632219078,2587.21109844969,757.450238184964,-45.047428897167,191.278910794838,1036.16558427582,1146.27391517848,878.951907636367,405.637371640995,185.37839562788,-1.76849700538298,-35.200780575405,14.4508297936911,78.1259864069068,-20.2103902080503,-35.4121454281443,-31.155271849071,19.5263877634024,22.6862429051355,22.4132622377458,14.9181024090418,-45.5438869144284,-31.9492065591389,-18.9967353399227,-44.2260244747808,12.9224826631102,-45.4827337143128,-44.4236764694649,-44.337009458672,-35.9186930798601,-5.73140938367533,8.20702924212196,-40.7133207626014,180.551202537787,316.998515945188,880.20698448432,714.53743769556,159.978398150264,-38.1039871226083,77.4811754071027,297.138865741008,599.338245907642,410.268812463812,651.170060429337,185.68230861155,19.4281855461974,-42.1826937743191,109.806909928256,106.361682153264,103.938937004153,336.824528957325,193.944293529882,-9.73349754874721,53.9460526265715,229.511965051431,334.267144784703,172.852875980109,296.774931744117,172.884312881741,22.7404402793021,-44.0713177499665,131.275439122608,101.654303124115,106.237596405691,114.571524009885,123.04678471964,15.0076862216441,-43.785049466346,152.694123716123,112.47510962234,139.045293991729,101.519118308474,134.908755727333,10.6812090286389,-44.9014544822616,138.715046509352,103.789555699774,159.620830096483,112.007848236799,76.0795112994805,23.0235506017448,-44.9311678862125,188.525087875436,152.564912911892,150.328581331602,163.177847377045,86.7577069698199,7.52138206964639,-23.4002664292406,190.302536699147,181.017035762641,159.475374873337,138.456582366404,88.1725665848296,23.0290072651958,-45.6431484501878,185.496209348927,177.366150523486,192.155915065556,16.8170623318896,24.2580179485855,-11.8884173377051,-14.3413300263308,192.314838479733,138.582221981827,160.288603317012,116.553815004819,122.745645318501,18.0345072283794,-47.0783996193954,98.5551994192389,132.594565787271,320.722042969443,189.312124392685,172.861492318442,22.6675151739229,-17.5163808795786,98.9233924824941,101.463363181451,128.909026752365,105.941488159853,112.341278247888,17.7397470966693,-16.0027040370699,99.5433494023169,106.000277124074,104.521949560188,120.31584745167,146.095463968074,2.13791104608936,20.6942422495483,123.347570515373,330.09835760041,449.112853048986,338.023636579446,191.983351423118,22.6818299645976,-13.9861631251346,124.156061993662,817.969248947443,549.057063493756,929.463909947459,159.256233325939,-19.0156018098463,31.9158147661541,118.112417231083,139.68739696849,146.210147541444,183.466923809152,-31.2078494354678,-5.8335594074166,10.8401780805273,-0.8726942108392,-47.1931582944949,-47.4441659177756,-23.0062951202189,-29.3026222811797,-46.0992244456248,-15.6894732044857
2397.08402266733,2535.94442790485,2588.49768810618,746.227887266611,-44.9810827635624,187.022296582058,1025.71950500912,1136.42004826724,867.89851420903,396.995562836466,182.130244903038,-1.64850426527153,-35.6027019278114,12.572448727587,74.8031516332463,-21.1564198596079,-35.8076179424406,-30.7061689834126,19.2691041899145,22.3877665816875,22.1101788278015,14.7396245216867,-44.5535582779271,-31.2279220187733,-18.5296855802255,-43.2619381347095,12.7812774948805,-45.1648149969154,-44.2974756309577,-44.1332756290849,-36.3067201836136,-5.55368950658169,8.15229154837624,-40.2693310653418,177.564440766538,310.353946035914,869.166809322577,703.514949650819,157.932754140706,-37.6344023682187,74.153027421843,290.433209008012,588.723756963766,401.625903532463,640.256682102969,181.136599580794,19.1977885549088,-42.271811276923,108.563467838252,105.06166637688,102.377786717293,329.38732507891,189.97277356493,-9.49971383151103,51.1078719571913,224.129507683073,326.88831844774,168.752800278166,290.0678911913,168.265761892218,22.445969642064,-44.0319389036006,129.93373505464,100.133460642212,104.945570272901,112.406402473275,118.926749738753,14.8573471807794,-43.6765407536137,150.872542661694,111.302957106015,137.565500213539,100.174554356045,130.638602269649,10.580879769349,-44.5103986669723,137.238362567107,102.54932639621,157.587362980407,110.848438312884,72.7559673501874,22.7069351312983,-44.5371700962945,185.052042177657,150.751678145948,148.753645356078,161.237360294432,83.260307720266,7.47432695790661,-23.0193474884384,186.936084742858,178.024251483003,157.447817026995,137.002133476742,84.6232936130129,22.7149538472721,-45.5578164419112,182.250004180846,174.609652348812,188.422148717316,16.6052143517535,23.9300827713705,-11.5598171952126,-14.0506204556136,188.580462107409,137.148675287147,158.257642634463,115.413526809271,118.615334511701,17.831873251916,-46.7967322856362,96.9075710736058,129.564807552544,313.373643234058,184.674889493137,168.246540495598,22.3743737431521,-18.5859239737491,97.8229337500547,99.7518237315805,125.99123330681,104.656934468086,108.379115348339,17.5417971646245,-17.1058013603774,98.2424671367299,104.858801191458,102.750527250386,117.801383836443,141.671478750016,2.19937776837264,18.6243629610388,120.536804124454,322.725759268299,439.873317746712,330.634520104591,188.085734870621,22.3726223627789,-15.1308487068937,121.592274859246,806.753972564091,538.855793105579,918.569085792336,157.215778305429,-18.6790017315922,29.5823914555511,116.921822702362,138.164757875387,144.544638854304,180.251103504357,-30.7712933328812,-5.62119135899354,10.7374804752174,-0.755640895851457,-46.1699325960591,-46.4159767175049,-22.46057862855,-28.6332757793588,-45.0977697541177,-15.2864105157716
2370.30371090705,2517.94131875266,2573.83485632476,682.491224424771,-41.7957619951875,165.346884072076,957.566229434818,1067.978284088,801.442876242124,355.756920385025,166.155348158468,-0.0293719397815835,-34.6771227494537,5.63365552481451,59.6567614573594,-23.0033180964767,-34.8474017890491,-26.5999874905946,19.2035834541927,21.6345050053244,21.5541448118618,15.3618043702186,-35.4979397129964,-24.0590692481342,-13.1595171374898,-34.3891891392085,13.6816010083612,-40.9684522205429,-40.9010370539155,-40.4340029978266,-35.2976901642245,-3.55415432190364,9.72542286640373,-35.7797364004593,163.191144581617,280.863121600899,802.757945207434,642.067260132383,149.415227313393,-33.1544683232554,58.9873079248633,261.230270073469,532.583804210169,360.245721682694,581.16412927848,157.970581982839,18.7319012632461,-39.8197127389789,107.553166872099,104.192770552269,100.948663453108,295.691992568734,169.790478271062,-7.12143500206082,38.7766960987126,202.897718511292,293.532900720668,154.902562614039,260.871692848711,144.921943599826,21.6713005724416,-40.9933977789564,126.605525939136,98.9518651465407,104.105382168796,108.400394950321,98.9796974007916,14.8202703240781,-40.3762955304719,143.883528893218,110.217532355986,133.087401409754,99.5182502246861,109.72665816655,11.8028950020831,-40.0511347674305,132.798490832725,102.013365161439,149.134792806627,109.832331926951,57.636821299457,22.0243671403775,-40.0649822191048,167.760070905634,143.805203991228,143.51685772411,153.394924620867,67.1461873981529,9.09141750630016,-19.5050137733245,170.348585476476,163.589001244429,149.030732967268,132.65038192873,68.163246703983,22.1013006336682,-42.2726701958442,166.276784219015,161.563728259269,169.593698334529,16.9496369021492,23.0492088176613,-7.17776654077875,-11.2625058797507,169.740726637026,132.849779611301,149.758224089632,114.044576862043,98.6185302637357,17.4973860226664,-42.6760255059164,95.4930589254851,121.522919110452,280.562181081221,167.982359252716,144.922472012736,21.6069105613179,-21.0440005760621,98.0356953154656,97.9631075936792,118.537375116752,103.86260166408,89.4180982376541,17.2364451675867,-19.7562257161723,97.8390717283082,104.40191126524,100.601427060684,112.244182243238,119.783400209988,3.4408843177024,10.6499498330066,113.733257713756,289.521425819106,394.589495545516,297.122328375739,168.380995712597,21.5788211090908,-18.0230420685117,115.691832777301,741.275931972783,486.148154903291,851.373171640363,148.775650720462,-15.5192486431775,20.119177963213,115.285702097935,133.513917794959,138.77400563245,164.55818000781,-26.7123633206439,-2.0851819326212,11.932895931732,2.08746250318484,-36.8854556350512,-37.0966645169553,-16.5337768069456,-21.8320517856631,-35.9650969811156,-10.376946403753
2366.69618803056,2515.9743917291,2572.41212304694,665.542464074706,-41.1977406807877,159.340641689634,940.401899256722,1051.13825623525,784.168250705853,343.989560119115,161.692416113351,0.30104911062449,-34.7198049528749,3.43721261666064,55.2628834137844,-23.8172488984421,-34.8806140242436,-25.6497011800971,19.0325377029792,21.3203782903107,21.2721413153192,15.354240939158,-33.3919876421016,-22.430001317526,-11.9838701117325,-32.3295462607819,13.7430648089464,-40.0633849572402,-40.2352732972968,-39.6751793312221,-35.3184241399292,-3.1253027614319,9.95186502837629,-34.7604690758749,159.148495174991,272.205967132201,785.498973326501,625.606530806064,146.90021496878,-32.1249084171675,54.5869449486706,252.58060947385,517.220189463694,348.455220789036,565.145295117398,151.544561671762,18.5051366124011,-39.4312812740686,106.7592420146,103.389658077951,99.9005174747417,285.873208303031,164.201450481677,-6.59530365102819,35.1301700092397,196.337876390339,283.804471712034,150.312731219539,252.222245132443,138.420964930338,21.3555268420951,-40.4352869271975,125.367147762236,97.9680914291438,103.311670751441,106.572261828921,93.3276531814885,14.7123375701124,-39.7366950799877,141.754421248769,109.452205105564,131.576763049144,98.7244087018616,103.828090042337,11.9429884647619,-39.0626319526367,131.296035801854,101.300196703322,146.637679511669,109.085927077122,53.2466481609846,21.7129019030037,-39.0726826615517,162.945619026198,141.688063318733,141.826595732494,151.056220863725,62.4908951769947,9.32986885097591,-18.6972842658459,165.715513686926,159.532506596683,146.542989924143,131.175538695442,63.4199074578175,21.8032093296815,-41.6471784376139,161.815281148305,157.877418271529,164.370103135604,16.8752146767314,22.6966456499372,-6.25055959192201,-10.63293770831,164.514906328576,131.395900174391,147.254765288955,113.25033919092,92.9520934135828,17.3087542583594,-41.8023383485105,94.3962224423866,118.519720807247,270.939055161149,162.607240961127,138.426899377241,21.2931246329945,-22.0300086507683,97.5281980560267,96.7670455744733,115.697007529223,103.08087284145,84.0208574620539,17.055486701778,-20.7935782576098,97.1125633163209,103.759156363843,99.3108563953807,109.95428252622,113.63408767968,3.67295851553706,8.1708684583835,111.062829118281,279.820849637825,381.80712984255,287.362610562007,162.914848125162,21.2520535853851,-19.1245850265888,113.316663525816,724.05527757163,471.587268411139,834.080244672139,146.276558772304,-14.7986282760222,17.240621109023,114.417756300808,131.949624287072,136.939465091398,160.16113377301,-25.7768045992303,-1.36945540995777,12.0670325862881,2.62992222622597,-34.7215188849369,-34.9239251318725,-15.2178163899831,-20.295644330662,-33.8395954347474,-9.31683108319476
2346.39440230682,2501.50181866042,2560.28227890057,630.228009117467,-39.3969194733206,147.499661691622,901.347467810973,1011.35359637651,746.829462354173,321.862415730017,152.766846881255,1.26021537491692,-34.11988104694,-0.170592356093209,47.227866365268,-24.6946427271856,-34.262235241145,-23.3707978806488,19.1035402283329,21.0274525378563,21.0839644061265,15.7882617435625,-28.516469903693,-18.5476252735705,-9.04845515220256,-27.5502718340243,14.3236806028962,-37.7299243847617,-38.3245041166057,-37.6053197983428,-34.6733538445213,-1.96482588588975,10.8872058842795,-32.2750861623667,151.061705290353,256.391667351826,748.180767921174,591.689859102272,141.895732217986,-29.6458682599012,46.5451055803688,237.019533197515,486.593488116047,326.231531569349,532.752751847711,138.975533065578,18.3631445201771,-38.0197764452502,105.95585304485,102.703916139183,99.0065486224203,267.868404355805,153.101473467732,-5.23426674715137,28.6238934243011,185.093029784245,265.981825039872,143.020401890477,236.666997103744,125.82177197091,21.0510041184261,-38.71305703232,123.18387120714,97.2091399856524,102.639712765724,104.395891314268,82.6691751477,14.7964123246021,-37.8774389770674,137.569967715499,108.566360325902,128.756037748084,98.197671303181,92.6292695136722,12.6932272245498,-36.5906807351163,128.49737241997,100.792021298001,141.667102256005,108.236685669088,45.2347544001197,21.4580117943038,-36.5939201690982,153.337216266654,137.525293792526,138.567020425278,146.389871671272,53.9327272433065,10.2885578928207,-16.7332255259438,156.466059758988,151.41061447821,141.591072286147,128.419699470309,54.6773400707199,21.5846470022292,-39.7930710068234,152.889474384382,150.477303431344,153.964545959037,17.1626804640597,22.3365421151118,-3.83545559813234,-9.05459469308289,154.102506649694,128.661614990403,142.253604243787,112.172407718149,82.269930949202,17.2358840895769,-39.507060425818,93.5658624819121,114.29634813898,253.463933041756,153.829068225382,125.837775380101,20.99240084568,-23.2302940415211,97.4138495974528,95.7356639285039,111.781495744915,102.433465474471,73.9080629421075,16.9980153650086,-22.0976856523899,96.7215194707966,103.248181786168,98.0842897991985,107.0024469618,101.892337605336,4.43239026104783,4.01228228805093,107.50011277087,262.096767644722,357.427590647574,269.441089546192,152.068386207189,20.9378180364778,-20.55971622352,110.172580736363,687.535042082841,442.954560514683,796.088664167015,141.317394458501,-13.022891033125,12.2802601266174,113.200128660972,129.044153665174,133.420352859856,151.392545571383,-23.5227363175621,0.600009000137959,12.8032055125011,4.23441527006378,-29.7255590835168,-29.9096286548635,-11.989344892141,-16.606816015905,-28.9235304576061,-6.62404385601837
2322.10681274638,2483.74872344872,2545.22255791463,594.319510648686,-37.5401480113155,135.575721066273,860.791573671994,969.681788114609,708.524666472481,299.82674610699,143.640873993794,2.263145145397,-33.447443364176,-3.67303786228644,39.3050077405322,-25.48303190511,-33.5715370080366,-21.0584295849181,19.2288720507959,20.7943256156674,20.9540407781781,16.2710821383686,-23.6653711625067,-14.6729610920679,-6.1049432432834,-22.793787805294,14.9507545129792,-35.3527228241397,-36.3614610885454,-35.4872235266027,-33.955722810472,-0.762765242369596,11.8633825274175,-29.7534873925891,142.75501518587,240.642469988449,709.893353148829,557.286387778776,136.610882251747,-27.1325483504419,38.6179769969833,221.589045054832,455.761750079586,304.085889539773,500.041636476208,126.378288590852,18.278615555384,-36.5465762334525,104.960781262869,101.853499288942,98.0103443885262,249.984324526802,141.872074023938,-3.83370705375836,22.2347076391422,173.983011047275,248.278807725354,135.837125214714,221.243798572456,113.240714606413,20.8062828038758,-36.9343245961484,120.726927483603,96.3487503833001,101.801935876298,102.190858867047,72.1025828242127,14.934880559243,-35.9655511064099,133.099789186004,107.46147039656,125.651906982046,97.5352701157038,81.5090640870712,13.4872424442453,-34.0785155707558,125.416203019062,100.117554639419,136.415339869531,107.167814224794,37.3409280609028,21.262543539986,-34.0750861557619,143.549108978887,133.075902783096,135.004816780669,141.424092621942,45.4864160444685,11.2879799120186,-14.7341147191098,147.020970902822,143.06780044342,136.357596959081,125.378154959583,46.0486703160555,21.4247362283352,-37.8835220132251,143.762496030813,142.835479968582,143.403081748817,17.5012091416662,22.0371215207685,-1.4036285402849,-7.43864687846258,143.533705663554,125.636987232965,136.96781655032,110.850099776695,71.6819091306623,17.2194471541487,-37.1653028452487,92.6701966099213,110.134347570607,236.144261716125,145.194025636836,113.266360622485,20.7514263638427,-24.3359675393369,97.1258712755143,94.6398524369916,107.920633454475,101.620067668123,63.8961386604167,16.9967932541522,-23.3070750927864,96.1941113570404,102.540990181646,96.7930712817268,104.06406463638,90.218385807438,5.23783200924055,-0.0345000201539847,103.992832954393,244.503635420211,333.095868673158,251.629732652959,141.089020570965,20.6839124330941,-21.9003684395661,107.037493403767,650.24347785043,414.209392881555,756.961623787665,136.080113500984,-11.2108330664186,7.43386931465761,111.741316559176,125.861006033132,129.618914499981,142.42636959075,-21.2345609282428,2.59349967657243,13.583359424191,5.86891954106875,-24.7560597076753,-24.9221008235302,-8.75766611008459,-12.9224685953065,-24.0325746527399,-3.91915897855654
2256.9032525346,2434.62228572834,2502.99451108707,521.991336923478,-33.253912628085,112.326336590068,775.067335292219,879.96658744736,629.731274517918,258.144735179501,125.505901362071,4.51314017032121,-31.3658120512644,-9.59399247341656,24.7289023508306,-26.1629222287866,-31.4550120089064,-16.1627808399041,19.8580100979239,20.6638255197297,21.0570648796071,17.6238354718305,-13.6707793855101,-6.60214466314767,0.12888090205638,-12.9854249625031,16.590287222185,-30.1544747390453,-31.9001034630726,-30.7576159502078,-31.7844752129296,1.88064628892823,14.2004100918826,-24.3677042379844,126.185050491245,211.280110223231,631.11948081964,488.435295532744,125.862430646989,-21.795650862818,24.0433635026789,193.160369091364,395.288444694754,262.12402464865,435.320561106646,102.005824815705,18.4171553323982,-32.9696970666618,103.387712653095,100.724325522976,96.9411928030526,216.655028113029,119.817958289301,-0.796460227167472,10.6947779270814,154.120046186067,215.302751749618,123.614933696996,192.836382096958,89.0856428517456,20.6459075363605,-32.7984420811032,115.741799900513,95.551635327941,100.69126321848,99.1192915596843,52.2281704092186,15.4982636608728,-31.6027452874627,123.974520064396,105.508969291104,119.306845558479,96.9418435327123,60.4874842430704,15.4607610937086,-28.6524613237142,119.122364978922,99.327506460447,125.728567712596,105.283662625951,22.8456726135563,21.232584592956,-28.6370325646045,124.17380667617,123.987813964422,127.66514973735,131.254403375838,29.8856002634408,13.6705811575798,-10.4837381336669,128.284382974153,126.419234497834,125.705847592781,119.145826315494,30.0881618756441,21.470769707754,-33.4966533004907,125.62160800482,127.504462800959,122.57643000727,18.5633801476278,21.7852957752812,3.81943939332018,-3.96949712832691,122.689826915916,119.412589829361,126.193538721483,108.315920929045,51.7739949819261,17.4844629641544,-32.005815676956,91.9965116089284,103.647317933305,204.093009043742,130.263698023267,89.1287502986259,20.5982018726061,-25.6057107455323,97.0638924304548,93.5743311587931,101.99566398547,100.557253753073,45.1536170084905,17.2915690885597,-24.7803442354358,95.8641754459895,101.514439223489,95.3400990397103,99.7559695977499,68.058770652346,7.09904931324195,-6.99481376821257,98.7710894197514,211.797479531393,286.665602766634,218.395446375531,119.523921331655,20.5177527261073,-23.6329495721067,102.319159602532,574.35637399538,358.297244137942,675.757285503268,125.439863430122,-7.34149501262425,-1.08765750320737,108.952300566459,119.390343515647,121.870366069807,124.629777955998,-16.3802907004422,6.94833435927688,15.5281769139059,9.51281469872282,-14.5284824049832,-14.6589994937345,-1.95532330095403,-5.2271347498081,-13.9596080113598,1.84271224711426
2238.24024270136,2420.74857530439,2491.12980936122,497.550808338094,-31.9545051146371,104.291571393188,746.974864498086,850.898367290166,603.464193680308,243.413732720109,119.270187745381,5.1921376149748,-30.8447447567522,-11.8467739449085,19.5139923558609,-26.6073308784053,-30.9218353992761,-14.5946582718965,19.9431742825294,20.5116412900005,20.9727355357956,17.9467994256833,-10.4426218206295,-4.02321847718133,2.08861266418955,-9.82017087183078,17.0092388926026,-28.5203092200462,-30.5337692209793,-29.2919948830752,-31.2329844469327,2.693889203541,14.85159994351,-22.6490428536006,120.485788449998,200.750213345299,604.862160764724,465.067483542316,122.149442112988,-20.0867444351153,18.8273162823039,182.882832116707,374.482528119871,247.311344682154,413.187089179828,93.556020161782,18.3648283559652,-31.9217768296708,102.600964630222,100.050543490797,96.2066526800297,204.725952528905,112.218291539203,0.150730917765657,6.51280439352553,146.742877700388,203.494478028835,118.856249422971,182.564597068176,80.6781135439577,20.4859496010301,-31.5509770161726,113.926879719807,94.9086595662544,100.025280828229,97.6177157567694,45.2238949036706,15.595758376282,-30.2704593840386,120.803853635778,104.632480885513,117.052482386908,96.4113512513497,53.1023121909923,15.9907633941188,-26.9325918016308,116.883923556501,98.7707812714998,122.037282341858,104.430985259832,17.6542722303897,21.1049800233461,-26.9128341663952,117.507616254585,120.830536400165,125.092202572396,127.743259449093,24.318719043242,14.3377513144891,-9.12969774958884,121.837408384939,120.69516283725,122.026586983832,116.932060123747,24.400455384176,21.3662657281782,-32.1622558868084,119.384747551085,122.236900257559,115.407267788715,18.790352940257,21.5883459303847,5.43887995923131,-2.87645734561073,115.515438300646,117.207423545359,122.477403190594,107.278741496505,44.7568523230069,17.4778466613514,-30.3914668049535,91.3513617057945,100.886696000953,192.562979361164,124.551444550569,80.7274099562526,20.4407597113666,-26.2583519049059,96.7620375530306,92.7954545315358,99.4330266169202,99.9075193256755,38.5280239335362,17.295189212356,-25.5025369424096,95.4238120591474,100.918091011485,94.4300257814945,97.7875637347199,60.2942668153711,7.64499037253211,-9.60831036724653,96.4460778871789,200.069582438522,270.368754442107,206.5089263007,112.089559127227,20.3522570609874,-24.4434297794723,100.216182061966,548.883653225426,338.945514511343,648.838854374167,121.760091622064,-6.1148115658753,-4.23627207915143,107.825470230996,117.086375143169,119.149494990459,118.502797282453,-14.8276001282444,8.27623289861418,16.0489672568007,10.601948679338,-11.2216096945112,-11.3401394985905,0.196035249511226,-2.7747643169414,-10.7049544714354,3.64373866500353
2205.06525336269,2395.16511363724,2468.88691951175,467.496629787424,-30.1696392742408,94.8073360488811,710.018290749289,811.685015504616,570.193235158736,226.738500110906,111.582677991892,6.11290118595628,-29.9057683114227,-14.0373738733599,13.8804479069884,-26.7376133409459,-29.9693078134732,-12.622681051774,20.2067693827919,20.4930470932693,21.0383147844089,18.4850850593068,-6.60721564292493,-0.922051990118746,4.48867807071309,-6.05584153409467,17.6569529146192,-26.3980027502309,-28.6870080460855,-27.3469307215418,-30.2581125776159,3.76966365877809,15.7649719819252,-20.4706169487114,113.378840716053,188.931540654427,571.593357095279,436.582049103289,117.225430549514,-17.9333689267807,13.199489993005,171.549130459381,349.818019403427,230.501511694407,386.636174606306,83.7346569450444,18.4541420908132,-30.4080943683132,101.429944140029,99.0975309164362,95.3760983637727,191.424957919767,103.117269172444,1.38183187286694,2.10146899838537,138.82567668438,190.332159539114,113.936512275784,171.241871781253,71.0356604610817,20.4564715988141,-29.8250555617016,111.280571942046,94.1878031252141,99.0778452932742,96.1101821501756,37.4354726961378,15.8528911769312,-28.4623400799125,116.508853630267,103.269082548732,113.854505853144,95.7170009477313,44.8297598872545,16.7656263931989,-24.7275029126984,113.70760143373,97.9501714150229,117.136388682931,103.093804703907,12.0647694985934,21.1209160760941,-24.7032512050905,109.369229445705,116.548702630524,121.46500592274,123.008998850523,18.2737373813858,15.2698959761481,-7.41602510659544,113.917400207455,113.555604090498,117.138854492899,113.774997187019,18.2177584251439,21.4092435049847,-30.338225596781,111.693580694753,115.578713497228,106.740768774521,19.2181696203458,21.5206754113237,7.45320758411577,-1.47431112395049,106.841272878544,114.04614590504,117.536436648915,105.645828862461,36.9595749163244,17.6173868182902,-28.2782168416363,90.738162817183,98.1699507489855,179.830628035736,118.612005068916,71.0910594995997,20.4141010672378,-26.6129868178624,96.2188545558787,92.0278203934524,96.9287045565238,98.9787594209378,31.2091101929756,17.4464359151206,-25.9382318941066,94.8331632505899,99.9570317041162,93.5077854311717,95.8579597175714,51.5461572654003,8.41263742704245,-12.2013229119746,94.2229760574771,187.034258926622,251.728799248985,193.227463775941,103.174767727375,20.3205386034092,-24.983129643385,98.1156636660654,517.106449728514,316.2557881324,614.315048623416,116.882398096368,-4.55299618678652,-7.44842887647224,106.096630808518,113.847655182436,115.400632560757,110.953108494126,-12.8707142186085,9.9593455542709,16.8130182429184,12.0138424115447,-7.29728198294259,-7.40225338562965,2.81308580610511,0.183100027958631,-6.83963590541691,5.86372024108005
2167.21028593697,2365.57160559555,2442.99381089199,438.131743679036,-28.3879714112928,85.7179535275067,672.683666710148,771.600857064057,537.196232056757,211.090467999369,103.981969743958,7.02059475016705,-28.8891438979448,-15.9127246679529,8.76715832340841,-26.6983903474078,-28.9402415913765,-10.723496471035,20.4963121934809,20.5275152484377,21.1479902195052,19.0249210467215,-3.0654996700822,1.95157131134999,6.72419117878695,-2.57878520145726,18.2965330852953,-24.3246055872962,-26.8549938808846,-25.4309553724576,-29.2074742670851,4.82203355896951,16.646597523369,-18.3640258983073,106.290475465783,177.819701373614,538.593164676992,408.868615302629,112.085671156359,-15.8564686827206,8.09605567987558,161.000041518375,326.160648139367,214.704951796962,361.0175923877,74.4229048647736,18.5888669816615,-28.8706153750019,99.9530341751473,97.8679658406242,94.3596628976437,179.005190769398,94.3085488295123,2.57940094114468,-1.84940179695201,131.504648368454,178.041376249624,109.400405172205,160.70547930608,61.9735038627275,20.4808959545303,-28.098016915091,108.288831908798,93.2760931769446,97.8517551252912,94.5718227923319,30.2522297407114,16.1433957159369,-26.6661430605197,111.950526462588,101.568647781416,110.329201164134,94.7765681413991,37.1662615780036,17.5210443596444,-22.5843492357506,110.204065164346,96.8429073777042,112.017100254044,101.417154465743,7.00336107390302,21.1859403427715,-22.5561467382466,101.379795184831,112.00130545364,117.504019373859,118.014500968197,12.7707730637494,16.1695885032992,-5.76265879972505,106.104729626186,106.434998408741,112.031320559504,110.284558468875,12.5890102100751,21.4978859374557,-28.5205474234328,104.088184145431,108.875430923961,98.2953813611683,19.6573380221545,21.5091491593024,9.33756057656728,-0.116030913845179,98.3878670314896,110.544465838627,112.374048388012,103.652375732067,29.7719021976428,17.7986769728124,-26.2066993178782,89.9849773773581,95.6349179494843,168.00289720326,113.169120307017,62.0339192456192,20.4411397253817,-26.7750371195483,95.3614400583471,91.1304372513212,94.5832242591241,97.7699764062731,24.4848418280403,17.638616791956,-26.1766193272168,93.9893895995422,98.6708655455404,92.4642704745375,93.9886922066394,43.4147756524363,9.17757263086986,-14.4451331357482,92.1439024823875,174.881439681386,234.158216032413,180.809104608345,94.5350732558661,20.343775256176,-25.3201186988638,96.0780940457728,485.831525615187,294.609179602056,579.863880223432,111.78972184721,-3.04339078493564,-10.272814929461,104.017878182413,110.292957457089,111.359833677979,103.486270336839,-10.9843275241255,11.5420935487371,17.5585987433873,13.3496206359133,-3.67467782657491,-3.76731190517791,5.24609470530703,2.92629711268728,-3.27071420404047,7.93527010510178
2110.83798832035,2321.05414002819,2403.87025199615,400.426456103579,-26.0585530682299,74.2917913077753,622.981564322258,717.584427809138,494.123916331488,191.917755246975,94.0799422534682,8.20137174965731,-27.4555195161752,-17.9546825263313,2.75103317465062,-26.4239781676857,-27.4917918052428,-8.32801221899661,20.9193392008181,20.6549186228253,21.3609509968732,19.7416838511038,1.17374536092586,5.40734743878568,9.43143403744756,1.58465245642134,19.1304924382694,-21.6726925434442,-24.4747002556815,-22.9594056097438,-27.7317474284027,6.1780096897636,17.7647370026892,-15.6975489942986,96.9662922793929,164.165590570605,495.509171146056,373.454098817151,104.994644008786,-13.2343987627095,2.09873861574249,148.196444853658,296.416987986143,195.317072396715,328.586756680403,62.8660492862687,18.8374423974844,-26.8256019184034,97.5532868270222,95.8348641681179,92.7344910243853,163.875680965339,83.1070173382432,4.11151806033274,-6.41950946584996,122.684023624978,163.06795649272,103.945467448056,147.921026978623,50.8447969266537,20.5964310618075,-25.8344722360324,103.840788402535,91.7817545987273,95.8202723396913,92.478094607236,21.6313405033692,16.5796390265414,-24.3290464147586,105.55732843775,98.831078234219,105.204752323651,93.1667530780371,27.9187739390733,18.4909839388481,-19.8578573045916,105.108413620277,94.9565411513157,104.949280210582,98.7074579986705,1.0665713121594,21.3473840273487,-19.8251952672503,91.0539917212092,105.619336178499,111.796957300331,111.051540089553,6.27230445933321,17.3104159669862,-3.67127960918822,95.9526174540167,97.0689254976429,104.976981891606,105.197467808149,5.94188353762456,21.6854265520483,-26.148120298478,94.178535757853,99.9680823872014,87.4714713370979,20.2559203403532,21.5803983354689,11.6327747656752,1.61215324147571,87.5529121351282,105.432699132803,105.245268525791,100.49628761064,21.1514252850018,18.1033230793017,-23.5480820722681,88.7708575716435,92.5290392196464,153.685701678135,106.680028450205,50.9102806117133,20.559819935828,-26.7335545953482,93.7650282148017,89.7409680454332,91.6945784552922,95.7593368940878,16.4531641699023,17.9564045479681,-26.2289779349778,92.4968649992587,96.4950743824448,90.8944132807428,91.5879407416535,33.5623389868706,10.185672426839,-16.9245081939868,89.5850081170144,160.105105204772,212.514417850355,165.655856654961,83.5316505207348,20.458926653929,-25.4946628386623,93.4594968560492,445.348113656169,267.563097153957,534.593264721662,104.761711089053,-1.12884481202224,-13.4622558386462,100.764515863091,105.14580379333,105.607102087827,93.7547821725405,-8.60262658600067,13.4833389769452,18.5170260820095,15.0010202761788,0.659394208822675,0.581228579057836,8.18501817086189,6.22907886885514,1.0004189082706,10.4501043731469
2107.1584177448,2318.33313763504,2401.54482679778,395.103795096913,-25.7837794353433,72.5275829554923,616.96584273581,711.400222720521,488.445025809714,188.639991029877,92.7176860456299,8.33634983143406,-27.3526592148234,-18.463326661541,1.59131397975597,-26.5342640094075,-27.386256971691,-7.99447914648641,20.9181463510803,20.6028042021844,21.3229059572076,19.7926288018803,1.86712169159472,5.95696089209878,9.84399359912402,2.2640954851172,19.2026316604779,-21.3239060975245,-24.1850764412228,-22.6478084904211,-27.6222064399851,6.34300242803124,17.8880501361598,-15.3302825311373,95.7223908601528,161.810829107236,489.832777711907,368.353595008068,104.187966708929,-12.8694111532458,0.938585450432754,145.889250132459,291.844193367233,192.023004679395,323.736715033583,61.0069830418823,18.8082535137219,-26.6063767217049,97.3681628124689,95.6703723554576,92.5477027228886,161.207984003489,81.4415793923817,4.30643760387301,-7.35275509354329,121.011541659403,160.426842160057,102.849681306927,145.614917080436,48.9915178613251,20.5427735228345,-25.5711476901999,103.444340226945,91.6149339265728,95.6576567756464,92.1133766401697,20.080366132621,16.5842741296395,-24.0469267594576,104.868753437298,98.6305493357025,104.714301861701,93.0294046720384,26.2852038439891,18.5875801032298,-19.4901827267656,104.621294914258,94.8179156154955,104.147450208344,98.5122175964506,-0.0884281038518111,21.2999253151307,-19.4565618047044,89.596174798257,104.933786053334,111.238981212776,110.29003476374,5.03503823405572,17.4373720231725,-3.38551083194932,94.5433076390449,95.8197858003953,104.177807061265,104.716184767791,4.67823551068665,21.642818371353,-25.8656259759566,92.8161238075676,98.8201998202721,85.9020828126139,20.285776631811,21.5180037493665,11.9700449123182,1.83964196880072,85.9824452767406,104.953958514084,104.43852330036,100.264548027132,19.5974618866009,18.0845346534294,-23.2036878623501,88.5986118026794,91.8769779477287,151.101289021787,105.371237242724,49.0583891445812,20.5067297248553,-26.8899832028367,93.6831488694077,89.5393314106461,91.0867326098925,95.6002872574911,14.9846217803432,17.939908827944,-26.4006886910067,92.3793459389648,96.3522352173978,90.6640667281624,91.1155283150021,31.8463399369956,10.2908778573492,-17.512884397121,89.0291072943434,157.480258126558,208.898975953456,162.99872230102,81.90242815328,20.4038597283939,-25.6857415648757,92.9581506143804,439.820309605088,263.297737023689,528.791668242511,103.961933985074,-0.871509025900252,-14.1683172294885,100.512760366547,104.643699151443,105.015339333763,92.4157145509976,-8.27250438354349,13.7561666913501,18.611621596023,15.2210682845973,1.37020757890332,1.2946962623609,8.6399926628099,6.75068086041904,1.69966592303973,10.8275652493678
2020.95843363913,2248.85250152565,2339.87234318127,351.261971895733,-22.9967265457336,59.8883358606463,554.690359631515,642.100879273488,436.581111560998,168.537213471554,80.7491828988574,9.62052551716147,-25.3566160363754,-19.8379027524278,-3.89559935295142,-25.6131801581314,-25.3761925489775,-5.41428015866194,21.3597196612664,20.8038374931123,21.583489207721,20.4961852686151,5.76123297916331,9.14123434798023,12.3498661838253,6.08954692993706,20.0125667859287,-18.3193476136102,-21.3809778944288,-19.7877269540594,-25.5814586991998,7.80760875667693,18.9542206612891,-12.4027447748705,84.1931186146292,147.260921441276,437.935154763918,327.592993293634,94.4693523607613,-10.0175002488591,-4.50912342513038,132.653817683579,258.823267445417,171.608479328941,287.180774467157,48.6529970749623,19.1389394686452,-24.0650541906339,92.9201447457689,91.7625267151034,89.442583716879,145.493289319463,68.6813915755629,5.95326219608603,-11.2866492822579,111.939688329572,144.866963280255,97.1063149072888,132.408921888004,37.4373805598597,20.7343935403324,-22.8487318903389,96.4147093179325,88.6510633171092,91.7446110509482,88.9817049146678,11.71055996577,17.1080742983625,-21.2852287733936,95.811214238757,93.6720889542187,96.9408557362501,89.7359675458306,17.1583202480692,19.5199249461562,-16.4458488563121,96.8826700481239,91.0525526937543,94.4474870863936,93.5789363285324,-5.44733054380242,21.5183657999493,-16.4088430330515,77.3505522750215,95.8816820060197,102.733703504266,100.551195894332,-0.966072177288311,18.5302622844214,-1.13917676250162,82.3420165601722,84.24183306535,94.4888942894597,96.9664349298503,-1.4567023876308,21.8768962513755,-23.0376857422477,80.8346989208654,87.5548380563795,73.3278655335059,20.8833980683652,21.6571466680987,14.1024457356077,3.69287410988113,73.393628290124,97.1502647602344,94.6550236414548,94.7247362107086,11.2452701867793,18.4736115821505,-20.1615285777028,86.1502566835149,88.2683575196759,136.458251247432,98.7755724408673,37.5062780241512,20.7015656655711,-26.1673174279057,90.1717172834835,86.9146700139652,87.6605908495618,91.7074973712957,7.30016820149558,18.3424025048284,-25.7755637847146,89.2032307685853,92.1078892307751,87.8505907949514,87.9330100098765,22.0037869371098,11.3976471607254,-19.2965817682049,85.9504454044564,142.199489539291,185.945229403581,147.18984612908,69.3162456725902,20.5971619615886,-25.1904564994734,89.5203563847592,391.927371955352,233.684397619561,473.529464549042,94.321356814736,1.18385226442234,-16.6792619169726,94.8929045836395,96.8821364803104,96.617561198425,80.6367401782196,-5.70020631401809,15.5680099382695,19.5339864853621,16.7704017152957,5.3501953175836,5.28779356952833,11.3558668317049,9.79630654819016,5.62264789081655,13.1590904570846
1926.37336755072,2172.34281785764,2271.84239424206,305.489154311422,-20.1008572266201,46.8224011079573,488.712155609018,568.354157339057,382.054830846781,147.950122321413,68.0974713254246,10.8972627342509,-23.223905430363,-21.0563875210944,-9.27936895818675,-24.5346026850339,-23.2296469489636,-2.80778119049853,21.7474580775643,20.974055359655,21.8015572948697,21.1345486947335,9.48993998294651,12.1815818015801,14.7324845173437,9.75166353442904,20.7539261927411,-15.2360149862845,-18.4778822713461,-16.8387798714148,-23.4031539226169,9.26787952393238,19.9426691120564,-9.42410035112852,71.9374088240994,132.245493988761,383.369164228035,285.12021407635,83.8908541930549,-7.12422669395738,-9.84757124177389,119.08055022701,224.662279762646,150.683002420203,249.249747823833,35.9967035004187,19.4449115834881,-21.4044579445597,87.7380336555448,87.1642922781446,85.7479060497718,129.394959016573,55.3917291998202,7.59902953136589,-15.0815324227097,102.586427559592,128.923372330513,91.0783626651029,118.8679191599,25.6919964109729,20.8966447000058,-20.0173513168599,88.5211620175319,85.1007450466542,87.1394737094662,85.374222425425,3.35511936365583,17.6117950064208,-18.4244397594495,85.8790981878704,87.9365849504445,88.2888948500585,85.8012279649689,8.00572125403255,20.3792042515238,-13.3329342666462,88.2669985590962,86.596089177368,83.8864306939396,87.867950005229,-10.6884701827298,21.6977577031992,-13.2928435609961,64.4661712246852,85.9533836838445,93.3081893452418,89.9065064526758,-6.87596069962132,19.5471266543778,1.12241980820306,69.4607546387811,71.9358589741281,83.9381488272317,88.3345405955204,-7.49518794227811,22.0676915828278,-20.1014085016778,68.168630663078,75.5171402496347,60.1664837067058,21.4200677504075,21.7621256657479,16.1230755031759,5.54968067511243,60.2166955404124,88.4569228621566,84.0047259380066,88.3673224470335,2.91255984451084,18.8399114674642,-17.0313478919771,83.1769060044911,84.3233586283223,121.503498728743,91.9422719851258,25.7620184573089,20.8671016882195,-25.2778938407733,85.9601858422493,83.7644311562436,83.8892845712296,87.1224352548612,-0.340090722452487,18.7223336655121,-24.9850504567351,85.3860710784619,87.1245670915974,84.5089007797454,84.3416649508893,12.1013770205631,12.4939530188564,-20.917346928993,82.5320282412227,126.557658580756,162.399768342384,130.978133115036,56.192566755976,20.7609116610039,-24.5323889250839,85.6632089265302,341.752471163151,203.128509368426,415.274625390883,83.8246022587982,3.2489263342523,-19.0345192277059,88.459939210585,88.2509138450048,87.3457026137822,68.1787003590931,-3.0999055287283,17.278272093474,20.3838946066579,18.226478629154,9.16219236130019,9.11250344941578,13.9420968410861,12.7022378263808,9.37935827993596,15.3727983096434
1897.38450456871,2148.82188438988,2250.887909075,291.469460511614,-19.2196255371874,42.8210926020615,468.536835248156,545.811769387963,365.36833955701,141.603074043859,64.2113951732022,11.2656693503911,-22.5727682242456,-21.4247984776312,-10.9197227602011,-24.2030787928617,-22.5743004246013,-2.02544379613613,21.8349311522013,20.9974261227784,21.8380880297126,21.2980338210184,10.597987697791,13.0790085487558,15.4287224461182,10.8393319845514,20.9488620631547,-14.300736654676,-17.5954139918906,-15.943354837302,-22.7380650333057,9.69330378338316,20.2128989229126,-8.52430762416128,68.1693697629626,127.596885730371,366.670502077765,272.105544081109,80.6249151403694,-6.25186457878482,-11.473887410844,114.871298021792,214.179704718478,144.232870631591,237.618738407595,32.1249993570773,19.5111804835644,-20.5939539684496,86.099788553931,85.7021303162856,84.5577211710365,124.415988794004,51.3184585443643,8.08207455441169,-16.2361105171947,99.6637756610206,123.991582343536,89.1700865226834,114.668486696774,22.1018178361552,20.9178001187558,-19.1557642209675,86.0647628034972,83.9545820825217,85.6752776095246,84.2077178074481,0.805525515638237,17.7398363940315,-17.5548577670338,82.8077381673823,86.1317445036631,85.6034192630556,84.539610891604,5.21167426004007,20.6100536173064,-12.3898508823524,85.5924872447297,85.1772356370181,80.6258108094789,86.0705976331434,-12.284828299512,21.7227624082907,-12.3488455257252,60.5113203713263,82.8831674310879,90.3869544432377,86.6180257905971,-8.67761362372045,19.8263276711877,1.79722606187369,65.5042346608818,68.1526449573967,80.6806315960579,85.6552081333566,-9.33543230475902,22.0956885737497,-19.2078959396688,64.2781901490436,71.8135317261248,56.1297814218816,21.5526492886152,21.7648655999047,16.708620984268,6.09834877961754,56.1752691097018,85.759100440228,80.717151136098,86.3749327564134,0.37007607599503,18.9251241275617,-16.0807345717263,82.2050997590586,83.0514465741825,116.872937496897,89.7879350658118,22.1721490172156,20.8892821988253,-25.0034905507385,84.6161778155265,82.738688069861,82.6704946725006,85.6643372782642,-2.67058143567095,18.8117828423106,-24.7408571717196,84.1603213960387,85.5470578903433,83.4247842685525,83.1788568563651,9.07752411332024,12.8062875396328,-21.4081645912306,81.4208134413449,121.717798732331,155.151281095627,125.964655220381,52.169147525623,20.7824371638559,-24.3286733903602,84.419419157131,326.391733648125,193.74417590611,397.452305030018,80.5833625566148,3.86251036079818,-19.7495338157472,86.4444825747914,85.5715035024783,84.4731174243802,64.351091905703,-2.31927459671311,17.7689850452553,20.6119305153323,18.6395214611535,10.2957314531394,10.2499322639816,14.7006167318228,13.5585498293943,10.4959778552371,16.0174029440768
1885.96530423139,2139.53366155837,2242.59383263681,285.490146952106,-18.8585338441519,41.0811462546588,460.174339189015,536.545325826831,358.349246233779,138.747968292021,62.558392076341,11.4058633031188,-22.318587555934,-21.6299740000458,-11.6861430974042,-24.0950774931306,-22.3182041737723,-1.6996906913073,21.8451192678404,20.9791580280587,21.8252982414405,21.3428008922027,11.0782171383453,13.4618685951788,15.7186637527665,11.3101332348318,21.0080749101519,-13.9115567298361,-17.2324676535331,-15.5732792913761,-22.4777728754553,9.85936191963401,20.3066160023477,-8.14799477272004,66.5737270239648,125.495575378848,359.647142248672,266.529256255449,79.2663226808621,-5.88689445626056,-12.2349636808817,112.939837569255,209.615248173778,141.337248824506,232.59047841289,30.4245758033911,19.513070818959,-20.2659594069032,85.4150698614624,85.0841706302644,84.0353595977315,122.150455166617,49.5617227279096,8.27420540620653,-16.7906896573416,98.2950949796348,121.74711945905,88.2555283411889,112.74081706445,20.5099835529474,20.8987046744541,-18.8034934428752,85.0543396319596,83.4512564732777,85.0568633193797,83.6685107855817,-0.35352802786781,17.7702428510287,-17.1976962390469,81.5351395484106,85.3846443727426,84.497043722849,83.9985380106837,3.94961633366711,20.6857134926555,-11.9959790251602,84.4905538424969,84.5788788318791,79.2698368538882,85.3269920645417,-13.0338429395607,21.7046933710486,-11.9545215366118,58.8218724563336,81.6113755108077,89.1838827068835,85.2550177887672,-9.51503264150767,19.9240823927493,2.07520191479233,63.8184317100736,66.550781328579,79.3261290873313,84.5523435313531,-10.1902004557462,22.0789624145035,-18.8412323692888,62.6235511574954,70.2528733584753,54.3972637410545,21.583318406137,21.7369975161371,16.9474853067831,6.32000404066724,54.4408640566335,84.6498756306137,79.3506925906941,85.5555161150701,-0.786580751769407,18.9358512529684,-15.6858065307241,81.764795918047,82.4332966776609,114.748047125793,88.753353239312,20.5805853965464,20.8706599460779,-24.9225231258077,84.053290396059,82.2744227783147,82.0780725863501,85.0486444247328,-3.73637056956591,18.8244425502343,-24.6731988000907,83.6352324540584,84.890622618827,82.9349938259272,82.6259375448354,7.71810678088298,12.9209935214732,-21.6692959492968,80.8752876811018,119.509696812748,151.916260054019,123.68767388829,50.4351336760275,20.763162411656,-24.2787193826044,83.8325613444262,319.886224597636,189.628807925872,389.994212798215,79.2346990489786,4.11314203134009,-20.1099121246342,85.6138202818797,84.4656531586904,83.285253825448,62.722449441111,-1.99450037956808,17.9641651094142,20.6863264195463,18.7989194783509,10.7877565184502,10.7437553626055,15.0193214803781,13.9224215518165,10.9801758627916,16.2835376626748
1818.47993507594,2083.75298808919,2192.43138722444,260.295083383957,-17.2935139203013,34.3429388025132,420.758553652804,491.44622378298,327.114898524272,128.713467818647,55.1299655884653,11.8886937519479,-20.9665176660858,-21.5742825171454,-13.5075902886794,-23.0995560738285,-20.9611306134755,-0.548412993620104,21.8097669433111,20.9270476419235,21.7557677596852,21.3749889543727,12.0661343554632,14.2344424887793,16.2858712372803,12.2771983834614,21.0720308086304,-12.3765182578007,-15.6991831232751,-14.0571368983019,-21.1040578436687,10.4288462917335,20.443532240322,-6.75483500745895,59.1622932556891,117.805495508182,328.375911306129,243.417361130137,72.0932926265467,-4.56369807551016,-14.0173748864808,106.268879028563,191.825351332404,131.074839038588,212.46941461917,24.2707699431937,19.5364947357871,-18.7599374084934,80.8661009956802,80.9195172907642,80.5760207113657,114.291620795086,42.3875839371641,8.93182103956246,-17.8431410882804,93.542194661683,113.951434799936,84.8550803940251,106.092514282538,15.100989366044,20.847739959305,-17.2642264522482,78.9644833094687,80.061482170262,80.8837296944614,80.6233341704838,-3.68707843209114,17.8905548511405,-15.6813153491634,74.5769690282334,80.4664322705821,78.0485574580439,80.2688803430785,0.155776802512207,20.7840961173633,-10.4852640233779,78.0617971826942,80.4699871118193,72.0999169961465,80.4166239532101,-14.7479609611651,21.6303941712174,-10.4436019567337,51.4472416659959,74.6493641319402,82.2786736238376,77.9001703576004,-11.5913691275127,20.0784387225443,3.04489829454269,56.3065221594759,59.1135251931029,72.1579507950628,78.099974970283,-12.3015333171417,21.9956493369817,-17.2614205955514,55.184459361609,62.776844950239,47.0822615108421,21.5869541300768,21.6471077121601,17.4019652100138,7.08112883789909,47.1163234330747,78.1473831652913,72.1252684289985,80.2479397328329,-4.09368729683467,18.9904113130336,-14.0987531931283,78.8159185079276,79.7142457857909,107.598666915289,85.1796231758206,15.1690303966209,20.8212784056419,-23.9721660214899,80.0147900711877,79.2511171591217,79.4009401753443,80.8831244775617,-6.67754091248349,18.8853708239258,-23.7678094371097,79.9546267615743,80.4068639077466,79.8244226233676,79.8104828318737,3.5032353103561,13.3187818988227,-21.7544605929672,78.3608288225852,111.913549346035,140.310518317654,115.718036421917,43.3019481870137,20.7129203733308,-23.4361508413274,80.8730126664751,291.711137377602,173.976723590892,356.125038599994,72.1074443006174,4.98201469811056,-20.5189953842869,80.2902688974442,78.0551156223516,76.5983012660246,55.3869781197507,-0.839706131129049,18.3230306276279,20.7827622226899,19.0794150959857,11.8017593375077,11.7617351626894,15.6501353110054,14.6530481164266,11.9768688534065,16.7983797362423
1780.00723162146,2051.81630306606,2163.63773492531,246.029035624658,-16.4512926331183,30.5146263337855,398.463347730514,465.936008589126,309.442177905389,122.940425877982,50.8631996839815,12.1191509571428,-20.23827965539,-21.55809853137,-14.5335410539521,-22.5652197882793,-20.2301660229296,0.0560609968296717,21.7316135347634,20.8518488187847,21.6646222647748,21.3283942689926,12.5052974126147,14.5631655502601,16.5095211601353,12.7056499912492,21.0414592791473,-11.5543468575747,-14.8755999557771,-13.2441904111669,-20.3637787344696,10.7078482513716,20.448990413828,-6.01406676947101,54.892389992112,113.317655516436,310.682038961226,230.320753364767,67.9128929853212,-3.86264131594709,-15.0206556778447,102.356550973843,181.719645224313,125.173392814034,201.056073495779,20.7896713931321,19.5066247365671,-17.9489728843985,78.0938826419164,78.3585907461101,78.4058642663199,109.722810273939,38.2982951612623,9.26011996100209,-18.4397108471248,90.6879146509292,109.41717861438,82.7421479979134,102.192956872949,12.0505966712156,20.7742005520968,-16.4361720712571,75.353259491162,77.929885591075,78.3181140360593,78.6880573726419,-5.55948986566608,17.9165219734407,-14.8670317510961,70.5058720727705,77.4917643044593,74.2446225193309,77.9482551130241,-1.97685019673071,20.7704260858409,-9.67768687838424,74.2686033837879,77.9397202597437,67.9210516167481,77.4461908073875,-15.7121133804723,21.5381634556938,-9.63594812913601,47.2211577438407,70.5758942610696,78.2188875411872,73.6077235082983,-12.7606721681901,20.0940893571601,3.54780829486037,51.9932778176154,54.8296583735682,67.979834437339,74.2934745914551,-13.4877630399508,21.8965202278707,-16.4111119301789,50.9117009047416,58.4604444019692,42.9020697247463,21.5266811403764,21.5493182188232,17.568085383848,7.46730894157571,42.9308338809121,74.3130463190112,67.9159009817522,77.0599578515632,-5.95054118610153,18.9788656261051,-13.246855627942,76.9301320690007,77.9705422923827,103.427998882788,82.9772335107775,12.1170354915665,20.7486485032139,-23.4614343182994,77.5222289450804,77.3244907098876,77.6793818635503,78.3215871759765,-8.32902332683693,18.8774091278572,-23.2820461572044,77.6609428444712,77.6699933099927,77.8496362744333,78.0071650957952,1.133154777073,13.5015029719147,-21.8146817088551,76.7290576396057,107.491621893397,133.663207481329,111.08593474857,39.2321008546523,20.6388590285353,-22.9853838741982,78.9894446485927,275.765736860759,165.067584413214,336.964496277676,67.9520284075348,5.42852103750329,-20.7587097539436,77.0940933468042,74.2725134076494,72.6693048365389,51.1701611661458,-0.233095483441673,18.4406929985092,20.7683444923771,19.1573401736537,12.2543277177223,12.2163428098449,15.9063316696979,14.9603143278851,12.4205469017423,16.9953855929269
1722.90318130393,2003.81053554593,2120.07952014757,228.780636336668,-15.4186446724066,26.2162785370371,369.365514298017,431.982605175206,287.228481153384,116.908699203579,45.4344828993076,12.2677866240562,-19.2033510207314,-21.0188873088233,-14.9816002899513,-21.6146264904457,-19.1936746348777,0.621265195996841,21.4957316770349,20.6809871779089,21.4488346971202,21.0875790202969,12.3853093049639,14.4124911439386,16.330173550705,12.5826581052756,20.8045008070241,-10.6376944741974,-13.8902709029092,-12.3009708010076,-19.3165088850546,10.9062082936188,20.2165443564587,-5.25552247730116,49.3299487974223,108.371879044546,288.432501140031,214.675229210797,62.0172532435409,-3.16878943337719,-15.4319832690956,98.2622252875746,170.21716157513,118.957431162912,187.789193130833,17.147314530803,19.389595429863,-16.9062851253503,73.7103193965462,74.2772803194507,74.9442828717612,104.962708649821,33.4785960929614,9.50946807647489,-18.4373405684791,87.6136969297928,104.68454602926,80.2528432067201,98.117456455094,9.09060601364104,20.608385602174,-15.4141928256236,69.9021969005991,74.5086853176415,74.2278702319655,75.7603937469483,-6.95256917639261,17.8585716612259,-13.8887133134712,64.6533605875543,72.8153051819346,68.5945862447504,74.2087976989613,-3.69970214522112,20.5350477220588,-8.80691544829341,68.6316436583929,73.880829790315,62.0229689420895,72.7711171679964,-16.0662903467589,21.331222263312,-8.76610365563721,41.9600007007536,64.7165685850323,72.2364856287283,67.4824121387056,-13.3588892477671,19.8750898218307,3.99357547068138,46.5371234391,49.2512028676102,62.0801084484422,68.6303561783985,-14.0836782602197,21.6719841182568,-15.3736578384933,45.4738192686011,52.7213737364705,37.8343320378674,21.2861852078783,21.3505463879333,17.3734266700142,7.77916720212602,37.8559574191516,68.6048060190032,61.9760213616839,72.0891631596525,-7.31561032054265,18.8822088773059,-12.2756903401698,73.8927353189862,75.6201003890309,99.2064519962542,80.5590317232434,9.15302140351599,20.5837772001193,-22.4997608038564,73.4662234755788,74.2525854329241,75.3200061887585,74.2340669320684,-9.45496868718436,18.7843580622704,-22.3443607906049,73.9438683414885,73.2999300664233,74.7311030193895,75.388818226996,-0.883223169647977,13.6014187623655,-21.3144656658615,74.4581115087375,102.918163178768,126.603688863962,106.216486396019,34.4036570740352,20.4731543751117,-22.0834503396729,76.2747294813277,256.09959365925,155.125897662004,312.549671453407,62.0876895423796,5.80989458279646,-20.4226857729465,72.1303753210185,68.6664891759929,66.932361858464,45.7941075678769,0.33948935201613,18.234463808547,20.5339956422287,18.9415405449009,12.138104879862,12.1006864752175,15.7359044202535,14.8038124119939,12.3018343757396,16.8092482366261
1687.72414522765,1974.17355485486,2093.15491273291,218.256482482449,-14.7730858252467,23.6150853065704,351.559815157083,411.191090539993,273.654029958645,113.256442783103,42.1289477141102,12.3449825872148,-18.5493380783716,-20.6549012096213,-15.2146177095894,-21.005857206462,-18.5387598175124,0.962473666789208,21.3341389377509,20.558421638451,21.2989922730159,20.923735714599,12.3028960799929,14.3097339982684,16.2083387825757,12.4982579917797,20.6432897965483,-10.069489746843,-13.2755315125646,-11.7140633361018,-18.654962200293,11.0147397291532,20.0587685581247,-4.79020128751353,45.9398961750485,105.374634674781,274.835881765053,205.133849728997,58.4142869727029,-2.74527666049875,-15.6423088576464,95.7882321712084,163.217437258887,115.192049166551,179.707896765162,14.9527537687916,19.3002807123862,-16.2520201588559,71.0279923011244,71.7806627186505,72.8293844877723,102.084178635022,30.5539232658186,9.6501662436682,-18.3963803393407,85.7583702182665,101.822544847345,78.749245323045,95.6550258969714,7.31743044568481,20.4887968468495,-14.7749560035585,66.5661601295987,72.4183466327817,71.7257274663151,73.9766273290465,-7.76268962290663,17.806083115066,-13.2781267389212,61.0749525423292,69.9529737051025,65.1375520878573,71.9221723452894,-4.71218582960472,20.3751281862763,-8.26908815629025,65.1826062111406,71.3976375272293,58.4184301352799,69.9095629777422,-16.2413960571761,21.186770255952,-8.22890269928484,38.7594365249003,61.1339167240945,68.5759138047304,63.7372033199523,-13.683305146135,19.7257578872572,4.25884871627795,43.2153670169116,45.8513767417629,58.4745140571378,65.1651370052514,-14.4062026129647,21.5166901700572,-14.7253438580024,42.162639223772,49.2207812213068,34.754979267653,21.1222379213022,21.2106780453703,17.2413616775685,7.95941200444423,34.7722211080304,65.1117836989459,58.3458324266458,69.0461741892873,-8.1083837083176,18.8055202453158,-11.6723059577976,72.0386736953664,74.1956177724814,96.6580974868583,79.1021757516171,7.37734016300453,20.4647767752019,-21.882584609973,70.9840006231003,72.3777067642696,73.8893972068623,71.7335502552008,-10.1014270371954,18.7099346024342,-21.7417125437627,71.6707332421425,70.6253087364948,72.8279434041031,73.7969248431546,-2.07569514325087,13.6479409484326,-20.9728015113359,73.0811737876833,100.15386829256,122.323879201238,103.270530426839,31.4729732148043,20.3540268312461,-21.5025282141149,74.6239577326823,244.090698647935,149.082050283042,297.622621123518,58.5038818353033,6.03428790774757,-20.1800774505905,69.0920269098592,65.236703231592,63.4234525610435,42.5206179517832,0.685574078727768,18.0945527038677,20.3746728614945,18.7951471992375,12.0581809011255,12.0211381471378,15.6200030284544,14.6971760754611,12.2202631459371,16.6828498670187
1616.27172839626,1913.47194247429,2037.77865756608,200.023434754924,-13.6652780102805,19.4256130056299,318.619201352284,372.127011824429,249.311955784193,107.803061584232,36.0948513930607,12.3175198923798,-17.2832294827859,-19.5158457473535,-14.8282964450033,-19.6640965639346,-17.2728707947684,1.35816635044739,20.8693055234727,20.2298129135622,20.8937979024432,20.4084826290675,11.4371347436771,13.5166140317154,15.4855031116861,11.6394787594595,20.1161669657985,-9.18966230214494,-12.2464573251605,-10.7631452571376,-17.3781032125232,11.0328297037259,19.4959954555729,-4.14987506558634,39.6227414350303,100.567737054456,250.44518744471,188.783114848296,51.2628359228626,-2.19455867251588,-15.2070629581746,92.039984259452,151.774001414098,109.514569546273,166.218079154295,11.7121588805105,19.0303350287908,-15.0800893693576,65.2337693639759,66.3503610301904,68.2003311310383,97.7716485988279,25.5912064097698,9.71555597447201,-17.606578865648,82.8083596507948,97.5237704001705,76.0857328951867,91.9301101132444,4.97302765942595,20.1689988266945,-13.6714546427162,59.6083149589603,67.8251518660507,66.2827023781985,70.1681890215758,-8.29385923887025,17.5927271168143,-12.2518915503116,53.8701830529885,63.8036077683398,58.0102824655397,66.9025288747845,-5.60909883888644,19.8301252271794,-7.47084684687661,58.0690054028006,65.975555564692,51.2598692253413,63.7577270931215,-15.7350479328261,20.8019745885855,-7.4327898139685,33.0307946270372,53.9177712706841,61.0751665743929,56.2405041842832,-13.4320705787783,19.1790275551152,4.52601235424953,37.1820534252288,39.518567104307,51.3114546947284,58.013602108796,-14.1273348203459,21.1027588432803,-13.6178703506642,36.1168939406818,42.5867130180104,29.3804995117416,20.6249123155876,20.8505405113991,16.5578671573813,8.08604244702195,29.3894849052177,57.9011090149683,51.1385656824454,62.5524160520594,-8.60000991761279,18.5562888644309,-10.7125314585408,67.9378811696694,71.3550759226278,92.9715399234543,76.7019692841308,5.02643521643597,20.1458602947124,-20.485668737121,65.520093406838,68.256348514146,71.0019928447424,66.291016892103,-10.3494640320916,18.4639278164,-20.3635560870047,66.6638757023526,64.8145838649327,68.669834120594,70.4699028998706,-3.29058822225375,13.5760415308945,-19.8175363308158,70.2654117633435,96.0469344706386,115.822099318875,98.8085104780887,26.4655724015418,20.0352209397337,-20.1552101486008,71.196447456599,222.909409345557,139.397968353583,270.543964701845,51.3861073931261,6.23422829618482,-19.1419093729329,62.623609179232,58.1745230225487,56.2761769173388,36.5326941234167,1.09462787467334,17.4470795146014,19.8328317674166,18.1770348459608,11.1836959652505,11.1453115323581,14.8754789216848,13.9184685194541,11.3515808457376,15.9788908328183
1558.51562205759,1864.01817411475,1992.46733057229,186.245752716386,-12.8642871969989,16.359852266625,293.093666180672,341.678958247278,230.67135000528,103.876526079607,31.4011615862824,12.2062509107058,-16.3107331662088,-18.5012592321605,-14.2758858510183,-18.578409054494,-16.3011937596438,1.5554426867094,20.4075020811823,19.9014337430526,20.493893904146,19.8893339271433,10.4613272184276,12.6372995740035,14.6992931676702,10.6729560979655,19.5815574766652,-8.59440304082926,-11.5138902342015,-10.1002636962016,-16.3983818321536,10.9531630945574,18.917768580838,-3.75729049746872,34.6618297757122,96.9426382817333,231.764231037718,176.474447442637,45.4880100912926,-1.87576853662574,-14.6142324051135,89.2610593421744,143.311441253556,105.410479387664,156.166084416393,9.45292233078499,18.7486714121442,-14.212967668843,60.3413359335232,61.7400284238762,64.2302733028718,94.6220693197121,21.8632565594697,9.66885924519187,-16.7770274035706,80.52461334552,94.3789756557783,73.8984237413351,89.1697780483119,3.44992613400728,19.8491473052909,-12.8712608330748,53.8575952785795,63.8794308390594,61.6619005107814,66.8937529067402,-8.40022592914465,17.352556453438,-11.5198589725729,48.0145682468812,58.6356594269405,52.153213169164,62.6113550115015,-5.99601838811913,19.2739101891565,-6.94756146259442,52.2218174197042,61.3660472550987,45.478128879577,58.5865645190786,-15.08499323638,20.4221297980453,-6.91148440586107,28.614962451111,48.0521524113545,54.9316574507223,50.1660784684309,-12.9735748330336,18.6136693410708,4.62718527118693,32.4984057636208,34.5468137058644,45.5252847743778,52.1347899001069,-13.6378910724881,20.6963033811752,-12.8190017476301,31.4138726460019,37.3390051756138,25.2873483887818,20.1267143851326,20.4968688306259,15.8235508586877,8.08321390170613,25.2899858266751,51.9747592169317,45.3195607485667,57.1211662795756,-8.67306330803376,18.2905022283056,-10.0502136456215,64.3861095241542,68.9235717570552,90.30878501748,74.7770835116327,3.49762152857318,19.8266457727784,-19.343703965003,60.8637950712298,64.6949206080833,68.5226087372752,61.6696670686875,-10.2432228266246,18.2003630020748,-19.2333243801507,62.3783980145764,59.8991784503338,65.0854713906076,67.6063849056452,-3.91873951008887,13.4339380062538,-18.770581808984,67.8316092527844,93.0535857868419,111.12838401147,95.5353541270155,22.6899870308342,19.7155897621278,-19.0456408904429,68.2586036495366,206.793418395378,132.285076545511,249.71633045357,45.6360272172793,6.28578752126765,-18.1628876633368,57.21754896579,52.3719442924953,50.4343651519029,31.8686019994712,1.30374601553672,16.7594072114721,19.2799245801207,17.5274329517702,10.1962868080997,10.1561199752478,14.0605070163115,13.0582256070845,10.3718862984302,15.2173854528878
1553.73277920362,1860.07542723805,1988.92538756635,184.316765225328,-12.742509113578,15.8337912609875,290.158061294353,338.34540784947,228.312364976069,103.073279000808,30.8459074670316,12.247115246328,-16.2101740159729,-18.5136324958289,-14.442740305341,-18.5106115053982,-16.2001853837072,1.65039591601948,20.4088741466086,19.8986596532016,20.4909790032538,19.8978892531388,10.5644596982394,12.7192497692245,14.7610209067681,10.7740386267926,19.5932622690873,-8.47198615240075,-11.3937741523677,-9.98053071162258,-16.2960710425428,11.001179377112,18.9368678984698,-3.64413771172843,34.1130427452875,96.3378546001553,229.402801580833,174.697759075979,44.9750811978683,-1.76760426914291,-14.7784582217184,88.7283293192182,141.92229086461,104.590890760537,154.605330473395,8.96238857923606,18.7517288660164,-14.0973600454938,60.0375639818818,61.4639202272886,64.0024927295369,93.993097195845,21.311871216462,9.72413572602312,-16.8822339803074,80.1493709075095,93.7554187413195,73.6393424084353,88.6386511057387,3.01020517332091,19.846302319782,-12.751701215402,53.4375603795558,63.6572357316086,61.3852701034359,66.6878611984019,-8.68620945168499,17.363469677866,-11.4011984993528,47.5216841157672,58.3054315924828,51.7042762445882,62.3666160107477,-6.31674325704165,19.2891244926184,-6.82615601485583,51.7743923807993,61.094798731383,44.9656096843447,58.2570869416794,-15.244363251788,20.4183983755866,-6.79002887863106,28.0591384168637,47.5591301890369,54.4485840404525,49.6429580138624,-13.1608789203215,18.6340844405716,4.70765288096362,31.9356090472359,33.9960086014681,45.0130007452029,51.6859514695365,-13.8287871560527,20.6922835771448,-12.6959060126553,30.8578755141932,36.7900403032272,24.7306259947458,20.1322985588113,20.4912116821022,15.8741625826964,8.14693109956818,24.7325597411252,51.5225265179364,44.8029736743623,56.7624753315947,-8.9573798017226,18.296031337703,-9.92432270615427,64.1943279522662,68.7289923799477,89.7319908157919,74.4975802011136,3.05778661744608,19.8239299372158,-19.2808076553805,60.5996442461409,64.4968366521535,68.3326641123594,61.3937092844591,-10.4990841012216,18.2064191326546,-19.1741176669381,62.137827776561,59.6015712320706,64.8802303683379,67.4121803724355,-4.27153780281981,13.4677812775228,-18.7957945799727,67.6549471894301,92.4444160470472,110.203404850618,94.8991808708779,22.1430296480673,19.712841419481,-18.9915083246593,68.0533160578659,204.651073504937,131.055439978233,247.171077932523,45.1265708577807,6.35814705903408,-18.2149747459836,56.8569569251889,51.9251986816756,49.9645524441068,31.3207956621535,1.39881928896119,16.8005380178712,19.2948989012841,17.5607959901805,10.3019834751709,10.2622078456482,14.1284965899833,13.1360441559196,10.4758811096536,15.27393751818
1518.25572121771,1829.12900952408,1960.28595281542,177.377910903225,-12.3347983169411,14.498700698371,276.181714280565,321.374788804086,218.484540491675,101.518410748125,28.3204737843748,12.0457234330482,-15.6233400653869,-17.67560280214,-13.6717359608559,-17.7702795228046,-15.6148353939699,1.61128991464193,19.9990876665812,19.5951225282616,20.1338807165912,19.4346792299437,9.62053357049439,11.8787197970977,14.0199151798863,9.84008066990515,19.1138718983144,-8.23289500444815,-11.0383915449442,-9.68102911035311,-15.7068611742775,10.81381046725,18.4140012050848,-3.55456824945202,31.3707618733976,94.6507060745996,219.548568732055,168.588856427652,41.5418926079021,-1.7298113291244,-13.9814015505486,87.5488900303081,138.010761835338,102.931757794066,149.807044496358,8.17816603177801,18.4748798769347,-13.6243019373685,56.8688263414983,58.4553552963852,61.3846675375324,92.708273155918,19.5177563656938,9.55173434515422,-16.0130887614889,79.0587349194781,92.4644299180386,72.4124260506507,87.4702926768172,2.69503117330908,19.5491736528941,-12.3403886441282,49.842877627467,61.0476708455681,58.3698487124332,64.5509084161403,-8.20040183609564,17.1067065547572,-11.0434566875596,43.9880842301899,54.9795575065238,48.0844116762099,59.5396851728235,-5.98173475667375,18.7884220048303,-6.6442239328353,48.1591158493259,58.0781858126316,41.5264755926652,54.9274537309506,-14.4124904712426,20.0777153519987,-6.60978588478997,25.747214600285,44.0182120149225,50.6745247846565,45.9991930879469,-12.4245561010285,18.1192132410357,4.61423260148104,29.4307713308062,31.2493954637372,41.5700486468641,48.0495598725118,-13.0618023928757,20.3318154008151,-12.2924042466065,28.3267621454424,33.829040420672,22.6672127598192,19.6891145123577,20.172723946959,15.1882331076259,7.9963998962312,22.665649697988,47.8567575533106,41.343426606582,53.2922166739492,-8.44919328708323,18.0275656493624,-9.63698850262568,61.824688513207,67.2033993661157,88.7196484011258,73.5045635751368,2.73846309477585,19.527096994812,-18.4868418389361,57.5351884600859,62.1312931839726,66.762850970202,58.3766348818742,-9.90593060281469,17.9388941269771,-18.3823085999381,59.3076848447764,56.404561681123,62.5103288266801,65.5621157607104,-4.06220225454899,13.2528035433622,-17.9087691274106,66.0954694927918,91.2415500957368,108.290958080613,93.5342550782738,20.3039945077127,19.416401282511,-18.206143373432,66.1673381264101,196.335522604901,127.871797152559,236.031526509111,41.7054734274078,6.23766836007718,-17.3299587476438,53.4090624474041,48.3421016575786,46.3963461737708,28.8034664692445,1.36914314312804,16.1634390498045,18.7970240995054,16.9635960918217,9.34559725295105,9.30391186353171,13.3566556004607,12.3158644944058,9.52777503581649,14.5589245048217
1461.40472464634,1779.40630562169,1914.22027542503,167.605224451647,-11.7713680920807,12.8248384709834,255.13148214168,295.486088483076,204.10527516864,99.8899787849126,24.555531797907,11.6499800090278,-14.7124179708595,-16.1622060324351,-12.0662065147787,-16.5411214555684,-14.7071834220462,1.42237653142462,19.2919252083212,19.0838516889139,19.5272866315316,18.621184806643,7.80343182043612,10.2788330349443,12.6286524109024,8.043933843216,18.2666620160269,-7.96930499825265,-10.5654770291865,-9.3066836174828,-14.7941174924378,10.4321765313527,17.4778481324739,-3.54234211353923,27.2094431651525,92.5116406803853,205.125410502406,160.101495418575,36.0974304217113,-1.80197718989109,-12.3328094418508,86.2242061464735,132.945229228906,101.138165872954,143.381112929343,7.44224656372529,18.0022699635224,-12.9363256426132,51.6323379127158,53.4713704703412,57.0416641973209,91.3263841899239,17.0562789156131,9.18573621505897,-14.3165085611924,77.6768715574991,91.0639837140695,70.6245244946899,86.1633684650842,2.72977264104998,19.0494290852587,-11.7674834561449,43.9898972661782,56.7118274411077,53.3741564230293,61.0468864366442,-6.9418685351709,16.6579099055733,-10.5643343123176,38.3380113059197,49.4941567406205,42.2234562969769,54.8415224703827,-4.94558555258794,17.8977904936907,-6.48037788677141,42.3044525895749,53.072917881423,36.0707432893054,49.4342369612549,-12.7081872932401,19.5016556875419,-6.44901033390539,22.3651221810758,38.3551743089258,44.5830822594081,40.1924138113774,-10.8525876215408,17.1953119085335,4.35060031144724,25.7138356082321,27.0828859244719,36.1071636615122,42.1586835621304,-11.4303651290157,19.7208989944947,-11.7382852779585,24.5526009025579,29.2763863803262,19.7309627301218,18.9159109582666,19.6391955099823,13.9125730623465,7.65653647373773,19.724051786841,41.9173835973778,35.8562537353073,47.5837026244781,-7.15285179674896,17.5661218098913,-9.2928199474141,57.880712366185,64.7873481140166,87.7564007827504,72.1664008606503,2.76592683508682,19.0276824298605,-17.1552654770508,52.4338176306142,58.2033776651038,64.2606112450387,53.3770662479262,-8.49652057610984,17.478324207691,-17.0495224269224,54.5979752011015,51.1085362283264,58.5844320381227,62.5599076483887,-3.20708445080601,12.8435383363553,-16.2900259195346,63.5935545681622,89.9799016496361,106.186083188932,92.0181114008037,17.7563774885986,18.917674971833,-16.8779243099707,63.1156956509382,184.378904221351,123.897418553521,219.54808297628,36.2782529618848,5.93817547329047,-15.6779294523623,47.7434677899856,42.5446199556848,40.655026215498,25.0435157758799,1.19677257092434,14.989522400601,17.9118040948148,15.8728461599751,7.50229876286875,7.45660145037283,11.9008848296306,10.7586676205379,7.70188134095491,13.2222013859125
1425.9238140428,1748.28707964072,1885.34463616755,161.579076129526,-11.4242662299728,11.8072658663717,242.10158884904,279.448713151306,195.219421640627,98.8959992089504,22.226480933759,11.391453478657,-14.1448797977891,-15.2087109217915,-11.0458141243101,-15.7711526969844,-14.1417269615482,1.29424657069961,18.837528270894,18.7525827209714,19.1360941218769,18.0999717836348,6.65185168153386,9.26366950114164,11.74451581415,6.90551349458701,17.724269238877,-7.81173387265147,-10.2754846077692,-9.07895880086977,-14.2255267395897,10.1825427078323,16.8795771886278,-3.54353669452456,24.6308401372694,91.186032985796,196.212106802713,154.870756901386,32.709883212908,-1.85645940770252,-11.2855361655874,85.4043949067003,129.83422647974,100.041726479094,139.428584713373,7.01147530556915,17.6953198592664,-12.5102674361296,48.3556549842749,50.350341103602,54.3176150644827,90.4764020231099,15.5457547760708,8.94595552925063,-13.242528476315,76.812104188395,90.2020672825341,69.4990223558946,85.3545746020494,2.77980254903969,18.7254056310309,-11.4142925966617,40.3375651304719,53.9919404228955,50.2458581137459,58.845558641657,-6.1324891617636,16.3659500821781,-10.2703516582914,34.8195929241653,46.0640723612981,38.5686927653626,51.8968641581462,-4.27381589141896,17.328117662682,-6.38587264484835,38.6534988002813,49.9383163850805,32.6761175575393,45.9992210510351,-11.626224245481,19.1296614086972,-6.35644554791975,20.2765958058722,34.8286407247639,40.785982773969,36.5776638949697,-9.85223876909924,16.6047524871593,4.17536263550619,23.4150869998,24.501212215016,32.7080305878944,38.4851945009354,-10.3923364338776,19.3269865228497,-11.3971224990582,22.21782837436,26.4520391403248,17.922581541619,18.4200138595386,19.2939263796757,13.101043976426,7.43322864868867,17.9123717012845,38.2138340017142,32.4422882397313,44.0164575106313,-6.31983625893247,17.2661974400561,-9.08443508418708,55.4037139990426,63.2654102630796,87.1654772664163,71.3234593894904,2.81139477233467,18.703866733355,-16.3205445651746,49.2387077140593,55.7368004153935,62.6845159902665,50.2462926638227,-7.59415280054179,17.178950595317,-16.213828026695,51.6458521994701,47.7942736880145,56.1195349145423,60.6715337458536,-2.64712080626805,12.5764881730148,-15.2696085762541,62.0168809073133,89.2040526335332,104.901080788617,91.0844859097814,16.1913752631214,18.5943346817654,-16.0448033260173,61.1970383004516,176.997699443351,121.460039687567,209.355482469439,32.9012048340992,5.74032596275441,-14.6350267740966,44.2031885646259,38.9293574924237,37.0771301952128,22.7169196221654,1.07909568474702,14.2419006725233,17.3455323769779,15.1774631560963,6.33426710174962,6.28605018707776,10.9762336915971,9.77031562548711,6.54478000619127,12.3723210680517
1387.47623836825,1714.37093009063,1853.77745070538,155.503179118346,-11.0796318862077,10.8651902795094,228.503903127915,262.606143982096,186.080184092242,98.0554361446426,19.8022159639738,11.0650321222935,-13.5388838521175,-14.1155122941146,-9.81360354222187,-14.9201476308815,-13.5382876070202,1.10094949796689,18.298599319372,18.355766885832,18.6707348563361,17.4825097658331,5.28645762000804,8.06029044161022,10.6967332818992,5.55574912250398,17.081675152666,-7.68529233521798,-9.99584649612342,-8.87075707386924,-13.6190253312168,9.86416514880511,16.170933246911,-3.59669071174056,21.919137469615,89.8874926455529,187.04264128942,149.632660670622,29.059903059572,-1.9692978024039,-10.023791120486,84.6493285484907,126.837781797071,99.0918122409799,135.549766037505,6.72312620661097,17.3246532440759,-12.0725412814016,44.7319535520337,46.8901602533487,51.2847048640721,89.7268702538195,14.0527864856368,8.63668184786593,-11.9743304338548,75.9412385068143,89.4367820866504,68.2852735728312,84.6113186540704,3.01807126646997,18.3369164919238,-11.0618060494919,36.3425098904527,50.9614537483394,46.7777091893177,56.3937415074699,-5.09225022622246,16.0101377930791,-9.98556589959622,31.0112031209298,42.2790471966579,34.5844032167948,48.6222931031116,-3.37614700802465,16.6533055062737,-6.33169498549279,34.6728282369726,46.4608183006409,29.0179489113898,42.2083084273899,-10.326965568304,18.6865049566742,-6.3045142229966,18.1267089126434,31.0110976290831,36.6544726784648,32.672632628381,-8.63485980435451,15.9045417578953,3.93246463479733,21.027919127391,21.7869739704711,29.0446272559882,34.479665370721,-9.13032232226135,18.8588391326324,-11.0598129510771,19.7873962005475,23.4604445185351,16.0924278722368,17.8323753291906,18.8819315987832,12.1394669458271,7.14028417707698,16.0787830568514,34.1758253935064,28.764072144396,40.0892899853833,-5.25336962047163,16.902854972652,-8.90081240832768,52.6347457487101,61.5768783650183,86.6879182900877,70.4379385309854,3.04451619040952,18.3155775190327,-15.3935496830579,45.6898480016756,52.9822335125126,60.9328326523095,46.7750449223677,-6.46026260002009,16.8160819964279,-15.2842273686987,48.3611191012071,44.1255454599456,53.3698180750997,58.5685946278351,-1.86373210544463,12.2423992316026,-14.0949485663384,60.2590583319654,88.530351602606,103.781229501446,90.2431517826381,14.6342912651548,18.2066272662565,-15.1160731344155,59.064387611678,169.474397621494,119.160687038838,198.812338344004,29.2615229832557,5.47395820929927,-13.4238122224954,40.3073356256393,34.9887307375437,33.1899518749533,20.2919331093996,0.897778860480514,13.3561254063043,16.6746826868184,14.3536538718839,4.94933387719271,4.89812453320332,9.8803365906991,8.59877388615499,5.17282844287445,11.3651938264236
1353.27898854306,1683.91776087354,1825.2908762955,150.649207559886,-10.8100266363928,10.2225318854883,217.061427667997,248.30319770487,178.552318589131,97.5853832668712,17.7739820168152,10.7200027018488,-13.0107180951952,-13.0736377103985,-8.56984353826016,-14.144275501615,-13.0127440935393,0.865283708849233,17.7647014927004,17.9577666871077,18.2078508813235,16.8720030869411,3.93882328871334,6.87250271069934,9.66243829279091,4.22353603366662,16.446399147204,-7.6246068658711,-9.78764342476154,-8.730678171904,-13.0911591010559,9.52450131389008,15.4708283135045,-3.70456767752989,19.6160324919696,88.8956638060844,179.487327421114,145.492581346657,25.852249041941,-2.13254748362715,-8.75338078756465,84.1338547319556,124.61954519901,98.5268025440931,132.584259730984,6.68084751845765,16.9496060929241,-11.7113967276133,41.435095909805,43.7318300625807,48.5009391151011,89.2611413921262,12.9022294749614,8.30335131596266,-10.7247910834307,75.2445001265293,88.9537845366297,67.2140549895625,84.1061551803155,3.44906094437778,17.9468320292876,-10.7837552872049,32.7597921827176,48.1773904841597,43.6122241492383,54.1415097735843,-3.97526878741445,15.6466980928211,-9.77182407995554,27.6434509953951,38.8453427164399,31.0272385598842,45.6216606047443,-2.37777104923362,15.9864362957867,-6.339851306475,31.1182577110402,43.2840968348656,25.8024332479328,38.7687522276216,-9.02340464896065,18.2449122482716,-6.31483433443225,16.3578626001935,27.6348139707038,32.9750489732062,29.2283169564455,-7.39613155131042,15.2120184295624,3.65424328392712,19.0374804407227,19.4825725792202,25.8240587020137,30.9025772413531,-7.84751989588614,18.3936611883569,-10.797755957906,17.7537411588429,20.8932483063143,14.6260304134993,17.2510337618722,18.4704558236491,11.1901925442789,6.81978310483208,14.6095105464707,30.5701122385233,25.5319018452098,36.5375775776637,-4.11242113895872,16.5339739534142,-8.78681109112716,50.0801426146975,60.0322385612492,86.452973958443,69.6833266264019,3.47070405192258,17.9256418913875,-14.5433924693872,42.4431323462016,50.4440374233995,59.3270324310799,43.606322428866,-5.26869309782285,16.4474836613458,-14.4299271599689,45.3490535151209,40.7837648259355,50.8394727331591,56.636692007148,-0.958506134105164,11.8923148429774,-12.9702944235018,58.6413486231666,88.1265587343511,103.106063800665,89.6946892281449,13.4208888120843,17.8173289532335,-14.26027653058,57.1098061317911,163.362062430878,117.521567445416,190.054256610634,26.0616941105122,5.17599343158139,-12.2523407141171,36.7858164944458,31.4712157024279,29.735265645371,18.2590140217876,0.673526211888145,12.481531099728,16.0116417657405,13.5401135409436,3.58242095797382,3.52825921288553,8.79857458705874,7.44239112061882,3.81872390326737,10.3709774659348
1315.37890081883,1650.03156371195,1793.52646263553,145.552683629418,-10.5299502155546,9.61069932827223,204.710094836674,232.792731875536,170.516351402944,97.2113905092948,15.5917112816998,10.3106990152334,-12.4307032804757,-11.8828888474683,-7.11499612345358,-13.2744124020253,-12.4358152959131,0.572023343953987,17.1466537124683,17.4951832521761,17.671382425872,16.1655381118179,2.37769094306807,5.4968001526355,8.46478097398278,2.6802936894552,15.7112169112667,-7.58361720358715,-9.57743604327561,-8.59829978282846,-12.5118635510106,9.12015590706267,14.6606191880755,-3.85478439924862,17.119250451722,87.8843305989027,171.420646887952,141.171852831437,22.3170256460766,-2.34524553096668,-7.26879480805877,83.6472144785122,122.393401767123,98.0486775603068,129.548555023576,6.74427589061642,16.5122247526111,-11.3253937726668,37.744612104377,40.1916017713517,45.3736303296265,88.8526610376869,11.7181626391331,7.90504953146024,-9.27705105769815,74.5166634824765,88.5244809034726,66.0351805178049,83.6308517244008,4.03963659548901,17.4932767818487,-10.4935651147072,28.7743535885123,45.0484921252319,40.0640197077174,51.6115041390218,-2.63830706267026,15.2212673391447,-9.55498306396504,23.9210081745624,35.0063122496648,27.078161994179,42.2526896759483,-1.16806212414266,15.2147059542492,-6.37746281641745,27.1717460380252,39.7219305444733,22.2581936260411,34.9229149896743,-7.50218078793154,17.732833504434,-6.3549286929487,14.4709894333613,23.9027100160076,28.8948355933589,25.4257738069984,-5.94262526401479,14.4102383394743,3.31475877295833,16.8996288124995,16.9848323146486,22.2740144403669,26.9308718088504,-6.34293489939893,17.8547585931247,-10.5265774059118,15.5654895048872,18.0959451792693,13.083676832776,16.5782665354825,17.9929883930624,10.0911443776227,6.43474944330475,13.0640590180909,26.5667735322198,21.9697728808477,32.5718124364138,-2.74856220357231,16.1032163771948,-8.68550856739279,47.2042561750847,58.3019515086097,86.2947516252168,68.8682907013452,4.05584175072886,17.4722352514177,-13.5877509799619,38.7999759824595,47.5881939693568,57.5263383062082,40.0542823601869,-3.85353442066838,16.0169627887948,-13.4687526475782,41.9661722771068,37.0409460756373,47.9941512632828,54.4672068759233,0.152318945874185,11.478384750932,-11.6824658991417,56.8241386232621,87.7839429141087,102.526763333592,89.1938965231043,12.1641937339942,17.3646947027435,-13.2962734924661,54.9170870819893,156.884810440637,115.916773587347,180.663380281284,22.5344834028915,4.81528656679615,-10.9052472375089,32.8547421979455,27.5665536121687,25.907958157894,16.0695198966411,0.393298429469553,11.4690567951318,15.2443108825955,12.5984194067736,1.99892365875613,1.94133698075638,7.54585606112855,6.10311607386825,2.25008536079332,9.21979492320003
1305.69365348913,1641.53223529006,1785.63533371795,143.770623682736,-10.4261347638712,9.28591864780753,201.024265094159,228.29334793527,167.954623207176,96.8460072897944,14.9280200940913,10.2453640025178,-12.2727065531148,-11.6398816546799,-6.87422945577433,-13.0684427527105,-12.2782952337056,0.54875473426435,17.0247520812426,17.4042466995875,17.5650299852857,16.0276241168473,2.09317639755014,5.24388404575706,8.24223920145207,2.39882596015636,15.5683700911025,-7.52878066145186,-9.48861245730765,-8.52563978032774,-12.353372856388,9.05823360654981,14.5046099116811,-3.84244405982659,16.3924225303986,87.4592706427356,168.851591969545,139.610411859686,21.3872603830732,-2.34745437464321,-7.02083330173403,83.3595613170289,121.41817980634,97.6552511006876,128.338491514247,6.57385293557093,16.4284666477035,-11.2019751231424,36.8649002549292,39.3543771607984,44.6423368405958,88.5453983686909,11.2643128768386,7.84680237723839,-9.01486599116063,74.2371987662322,88.2148622407493,65.7041158551444,83.3461902966275,3.99834804061928,17.4041930268022,-10.3884667113117,27.786846353854,44.3189527723833,39.2249021401074,51.0149099553761,-2.46640440431511,15.1426074641059,-9.46531859692098,22.9599498063099,34.0848782329425,26.0869458594112,41.4637150836984,-1.03566590899973,15.0654167842413,-6.33912453741792,26.1816613688431,38.8818856184651,21.3266830747902,34.0003255969459,-7.24475270161312,17.6312819826883,-6.31708483942762,13.8687530898143,22.9395705471061,27.8632335315405,24.4365133950533,-5.70963582050953,14.2564184227393,3.27708793236047,16.2425816242587,16.257009133488,21.3413798924117,25.9349215019632,-6.10068879299698,17.7475322297231,-10.4241222595706,14.9002572339151,17.30627286251,12.5530078297531,16.4463786067602,17.897997395895,9.8854510025397,6.38206692236704,12.5324696457145,25.5628295864696,21.0329079795046,31.6125132513653,-2.57041495829071,16.0216571277206,-8.61703471767467,46.5397748279411,57.8786072309846,86.0597308517704,68.6062986278343,4.01337377085119,17.3832253684347,-13.3657720252226,37.9454950982358,46.9255731229181,57.0898638820082,39.2146148262767,-3.65409953639556,15.9356282804731,-13.2469877625377,41.1758256956694,36.15249233983,47.3310660253565,53.9512068344146,0.252132657477631,11.4097508412825,-11.4239573113356,56.3891655319013,87.4979629750012,102.072462036094,88.8645033005109,11.6968967980657,17.2758144526765,-13.0758023016142,54.3920326610279,154.732187251454,115.132253358254,177.746696181597,21.6077621192667,4.77051929810224,-10.6443512511312,31.9020432133298,26.5855747652541,24.9340911202758,15.4072427203779,0.372753419317178,11.2782448061486,15.0958571661792,12.4197686512206,1.71060054285431,1.6524302301257,7.31392363737481,5.85641638333092,1.96429304067232,9.00521409950923
1234.27116544473,1576.6366012241,1724.29275153446,136.097230836564,-10.0264599367288,8.81868784365324,180.048230467107,201.459487746914,154.924672942031,97.1126379141486,11.2717157452846,9.28551833551066,-11.2175137310052,-9.15490935605766,-3.61918019013331,-11.363854706558,-11.2301248714729,-0.224206517591369,15.6733043769847,16.378044017044,16.3863446387915,14.4864266370091,-1.30559070886736,2.24867745656459,5.63445071999934,-0.961003450423846,13.9647604911661,-7.63088616133447,-9.23296526897505,-8.43246834191942,-11.3021476523003,8.1014745030752,12.7387550514081,-4.33520718927949,12.0774297485576,86.1279797768305,155.761806933828,133.288179757727,14.8745253751949,-2.96579755298177,-3.7085071940036,82.9914804169063,118.788100951571,97.7338910534012,124.315349919758,7.44302892430784,15.448502261652,-10.5724563287834,29.6679119995847,32.4160260422646,38.4618989061759,88.4803827334764,9.65803992429679,6.89526297730364,-5.86477442264987,73.1428396377621,88.0993220130333,63.5190708258018,82.998767367692,5.87625385192078,16.3967184690018,-9.96465984852122,20.1896489601307,38.1269878256008,32.2713078016745,46.0095277421604,0.720353656711467,14.1794650514087,-9.19383732166523,16.0280619528299,26.6315152095365,18.6138206012757,34.8218664035403,1.94032035375767,13.3828617748471,-6.60509897800154,18.7111862663076,31.8918507696311,14.7949676384054,26.5320122724337,-3.86425193877776,16.5038242318755,-6.58831042502351,10.821701413851,15.9881449323645,20.1734880674969,17.3865377590776,-2.42860079204644,12.5066931677279,2.42255972496167,12.6865600908266,11.9435529701844,14.7973597903525,18.4156215310704,-2.70831127779869,16.5649259342975,-10.0447974712073,11.2329232817259,12.3730836751699,10.2171085534883,14.9777227895083,16.8439298436514,7.49216955773107,5.44959129185091,10.1913691738796,17.9849248599797,14.4716288915547,23.9500088450867,0.66917488748382,15.0529052673772,-8.59705411544516,40.8129418601192,54.4779815762109,86.4270803631129,67.1918271031289,5.88026900677701,16.3759283074073,-11.47639990094,30.780350148484,41.2489822996703,53.5393755650858,32.2521267398086,-0.350628687212946,14.9668365778296,-11.3408328035655,34.4994653538779,28.8400538763092,41.6865861026896,49.6591207462717,3.07174036298818,10.4473637264819,-8.72028669199059,52.7851502343102,87.5377536946578,102.103366096048,88.6219679669384,9.93370228396148,16.2704334401647,-11.1563980826667,50.0692625144195,144.560762487015,113.529285206318,162.230621979034,15.1054555603398,3.87998969258118,-7.77923266540475,24.3129682186139,19.1988577942867,17.7461802050769,11.7232633598265,-0.373037255970843,9.07304342282595,13.4226293166251,10.3683510021069,-1.7368442316297,-1.80246845892825,4.58631561829833,2.940468615622,-1.45081205387663,6.49846813646951
1230.32688331291,1573.21472585181,1721.13454561628,135.236691155683,-9.9748611637533,8.6393320630294,178.400606609748,199.47975387285,153.73948125376,96.8869483298612,10.9724986725045,9.26977288530347,-11.1502071948966,-9.073181743497,-3.55818956019695,-11.2844198661321,-11.1629234665243,-0.219064306885485,15.6335883627599,16.3483426650918,16.351394221923,14.442133485902,-1.38844456869757,2.1740465769729,5.56773848796766,-1.04306513386564,13.919167332347,-7.59584056426755,-9.18667387568763,-8.39171724590886,-11.2344467269284,8.08775637347318,12.6895736155669,-4.31573441307498,11.7574735940429,85.9075156973888,154.573780647648,132.523536804734,14.4899063291393,-2.95187900150617,-3.64470992998312,82.8277470326853,118.275948151168,97.4964093167968,123.699908165953,7.32117464897843,15.4219343442419,-10.5149836433046,29.3289232484929,32.0954098251857,38.1843181964439,88.2973865367821,9.43115976194343,6.88367585006208,-5.78847424294477,73.0023749339715,87.9162166215959,63.3758617934037,82.8362746179445,5.80525462072399,16.3676348435016,-9.91290911195952,19.7978135079679,37.8507362443798,31.949966318876,45.7814251566268,0.742339463906092,14.1555729370976,-9.14744662500513,15.6354304251164,26.2745611710599,18.2168047184994,34.5220773173337,1.94426942592639,13.3354993857142,-6.5757759213094,18.3147636580787,31.5708873674258,14.4098000491036,26.1747564614298,-3.79658040086682,16.470407969688,-6.55914921714356,10.5434464013668,15.5947794523959,19.7581157769046,16.9802518361495,-2.37288995442549,12.4584158655528,2.42103625186405,12.3886860457974,11.6229813049426,14.4118380965743,18.0169847038345,-2.6499184112088,16.5295457279811,-9.9934929094658,10.9330775809178,12.0315807708375,9.96322875153379,14.9351207217762,16.8125053233328,7.42986061888902,5.44092301135771,9.93707952736165,17.5830747415587,14.0840697517713,23.5761629804762,0.693517489619182,15.027379657017,-8.55693869394156,40.5631740598051,54.3112445900336,86.2757733055173,67.0698119701029,5.80885072642269,16.3468852927729,-11.3921281776575,30.4553201854476,40.9990379837188,53.3687025490375,31.9306845703843,-0.315309359524804,14.9414510676868,-11.257111202564,34.1997432469634,28.4988431393502,41.4355527105193,49.4604030864084,3.06037167668774,10.4296467133486,-8.63490585330533,52.616720304705,87.3646678575227,101.831187477707,88.4304056520446,9.70281358949759,16.2414339407744,-11.0737757721197,49.8659810427504,143.544740977243,113.103633424155,160.898854074152,14.7223522057915,3.87506540805424,-7.69650863112511,23.9411529949537,18.8056733420879,17.3523037485567,11.4255409516547,-0.366955124704702,9.01466217147777,13.3755216861981,10.3131772089914,-1.82068818517743,-1.8864642941063,4.51715643708971,2.8674592057429,-1.53399790274676,6.43384518290441
1227.61500963218,1570.82550612942,1718.91134140104,134.739963095073,-9.94576202224309,8.54941077145591,177.374637588841,198.227542382395,153.02600906849,96.7838230288652,10.7881383737318,9.25090905828279,-11.1058897963983,-9.00501738082716,-3.49060153401251,-11.2266441710566,-11.118739315083,-0.225846152190655,15.5987746445233,16.3221104923273,16.3208778511395,14.4029094027957,-1.46790810462372,2.1032528439878,5.50527919466808,-1.121692723916,13.8785892675717,-7.58052554482472,-9.16179312957789,-8.37138471572271,-11.1899909307654,8.06988594944585,12.6453774843689,-4.31241828522244,11.5554979306927,85.7878159800166,153.858258068102,132.088065787082,14.2312900342979,-2.95267875449119,-3.57511796247675,82.7462457769381,118.003391219854,97.3854899558285,123.362107307041,7.27425200324546,15.3977275341566,-10.4803758420217,29.0836061658331,31.8618198968955,37.9800114526082,88.2104204503121,9.30528930671471,6.86687322268392,-5.71493210612397,72.9231865719966,87.8285974366281,63.2823958633184,82.7556036447732,5.79429564374018,16.3419158457884,-9.88345057485208,19.5228644573536,37.646918372096,31.7158535177275,45.6144047253625,0.790753574802125,14.132827182459,-9.12233025065126,15.3680441321811,26.0177360265506,17.9408986575017,34.3018220025165,1.98168062121613,13.2931499005813,-6.56511211846359,18.0391683034293,31.3365187746146,14.1506993979345,25.9176112017241,-3.72435201229735,16.4412232866586,-6.5486242877063,10.3762165610902,15.3268148296807,19.470982379627,16.7050269909929,-2.3074775415518,12.4148378496891,2.41013773000157,12.2061509949706,11.4207344343986,14.1524240769016,17.7397654871534,-2.58191581836951,16.4987801920485,-9.96477505389132,10.7482899584624,11.8120930146545,9.81595090139902,14.8975550853344,16.7851300848364,7.37202477817573,5.42572480244877,9.78954679988291,17.3036450059031,13.8234914300247,23.3088975580866,0.743670802657761,15.0037971070166,-8.53777846820765,40.3773633824108,54.1922276754062,86.2088844839373,66.9955034359533,5.7975632386709,16.3211875448397,-11.329870980507,30.2169516327582,40.8137424388077,53.2460478375959,31.6964183775004,-0.25922755038394,14.9179341357909,-11.1949128022343,33.9791085840066,28.2511051608415,41.250126537544,49.315712468127,3.08870824247649,10.4098223811031,-8.56241369572859,52.4944846966311,87.2836187159771,101.703357797604,88.337289978929,9.57318521737747,16.2157808575377,-11.0119367934186,49.7187754326246,142.945015104234,112.884053135503,160.086720540061,14.4645733328541,3.86213338480965,-7.62334146730797,23.6757182322631,18.5325999808492,17.0812768296116,11.2415536082699,-0.372970020091316,8.96091156185469,13.3334030039967,10.2627650036383,-1.9011966637209,-1.96713290692219,4.45212048767962,2.79837123530157,-1.61381201103561,6.37357084075211
1165.39861050944,1513.05631910916,1663.69223862274,129.511823522867,-9.69085914065408,8.66820849859451,161.030296671553,176.933814518547,143.347504889977,97.6229690778196,7.98630417941536,8.24425900401164,-10.2135815730643,-6.66837742866508,-0.289163287116111,-9.69443547598925,-10.2333882499513,-1.07448215488725,14.241875870736,15.2684805997235,15.1257501645096,12.8675316581151,-4.75679241117817,-0.804604076011032,2.96322300478226,-4.37381552887774,12.2842764764189,-7.80287235218577,-9.04226600032209,-8.40583011977793,-10.3029657763167,7.06375723211593,10.8981053247921,-4.90217382868201,8.13537646554457,84.9609728902194,144.126331651888,127.930004174688,8.73196254419591,-3.6597627421026,-0.323394796085267,82.7251553335413,116.813097191165,98.0699193090201,121.080469956631,8.59240452921358,14.3850471947659,-10.0028097858784,22.6643082860415,25.64044839192,32.382584708182,88.5652323493364,8.39762867895612,5.86321997050979,-2.67131001764247,72.077848569213,88.1317547621525,61.325746714955,82.7516013645727,7.99305366238877,15.3056883071154,-9.60394431968209,12.8987398212286,32.0332823358075,25.4814705690514,41.0511458441,4.04601189734211,13.1331167696429,-8.98665265509865,9.45507743101027,19.402149817264,11.4695657701053,28.3098980217077,5.07649160455813,11.6244368654129,-6.94312218608493,11.5682229772812,25.0634267913201,8.63366190842893,19.287685589241,-0.414508999969513,15.2939889446406,-6.9316375743395,8.13911090171584,9.39611342062767,12.8370066191973,10.7156999754188,0.936446596910031,10.6821683921342,1.48952232516092,9.50133147199409,8.00478921289456,8.62375544536715,11.2263886539155,0.769858948175198,15.3003852037434,-9.73014681500061,7.93725127594288,7.82041126467243,8.23859538228706,13.4304759203265,15.7065959512011,5.03250459872956,4.43718986424102,8.20827287356209,10.7415354677252,8.28491709211806,16.5418260627142,4.04604057858077,14.0006889178612,-8.64629617208979,35.1486596855299,51.0676776860759,86.9042176092363,65.7601862948748,7.98626904686668,15.2850809509047,-9.6203856376805,23.7777300414009,35.6373290750766,49.9809321027911,25.4531296460335,3.07420992680227,13.9146124061809,-9.46628359012922,27.9515073508435,21.7208164592475,36.1103584636391,45.384524348435,6.07064028735064,9.40310813464646,-6.01069122659297,49.1667845675706,87.7137037361657,102.454995143509,88.5375235576214,8.51469007421829,15.1819321768485,-9.2660636635058,45.7712653435744,135.656387407085,112.463375780465,148.330163714333,8.97011676302841,2.91028221443051,-4.89565956231993,16.9773673677225,12.1365230003649,10.8998753202857,8.4041511719895,-1.19584728945134,6.79892120035279,11.6734280041491,8.24593590075122,-5.23603710212936,-5.30901116053766,1.79692677218952,-0.0346512260555016,-4.918120150085,3.92690684505678
1151.94997788038,1500.70536180454,1651.95094685306,128.12058346316,-9.61831984035626,8.60123868986298,157.187849873663,172.009269081169,140.970172361808,97.6722446545776,7.31953849294999,8.05216998350548,-10.0155383365229,-6.19605094941679,0.333092336284835,-9.37210653476595,-10.0366845453181,-1.22800617672422,13.9738471544891,15.0615615110865,14.8900706977558,12.5641053309076,-5.40530260955475,-1.37819124247326,2.46157321176409,-5.01509750289193,11.9692513755306,-7.82653767394197,-8.99731073879659,-8.39201027330384,-10.1057096235118,6.87264260780481,10.5528852667508,-5.00115346929937,7.34398591528594,84.7041700325013,141.737717632848,126.784892017327,7.52403051491953,-3.78304806264899,0.309555607736399,82.6458675857876,116.343592182575,98.0846581271206,120.357281999428,8.77585533861594,14.187148167825,-9.88624915221575,21.3105230860479,24.3327067149839,31.2122949418792,88.5460257312669,8.11715232355658,5.67349055236485,-2.07074634970044,71.8573606394251,88.1029203388243,60.8978581678413,82.6760998117328,8.36464732836788,15.1022938174172,-9.52677675544584,11.4797431051753,30.8606479153673,24.1709484314836,40.0974764897852,4.6590540381915,12.9388026432895,-8.93865964898367,8.1667664241354,18.0028067446978,10.0760706022659,27.0552422410878,5.65094264468686,11.2947145967859,-6.99829991876595,10.1751060103007,23.7459168377142,7.42217442927992,17.8855332837333,0.231113548389203,15.0679383232307,-6.98781897434429,7.58721351735795,8.10415230872019,11.4042450908111,9.40644172497065,1.56401513505483,10.3400718378069,1.31966264862092,8.85326698801245,7.21384973895701,7.40994047419045,9.82429160854443,1.41868424920537,15.0639081835699,-9.66150276062768,7.26846518298825,6.91258189615226,7.82082948472234,13.1405695322012,15.4942696075341,4.57069214100491,4.25154929228549,7.78957471030569,9.3287799161273,7.06821944899735,15.1057703803266,4.6689687927917,13.8050322701546,-8.64649769001164,34.0607219515079,50.4114713197481,86.9638822540639,65.4765821641629,8.35579466425369,15.0817266668616,-9.26288829375039,22.4273878346795,34.558995394465,49.2966963175165,24.1409093773482,3.70829092071284,13.7189764192298,-9.10551156434755,26.690270425713,20.3453406197728,35.0382752890659,44.5627605516086,6.6166491188159,9.21015490174386,-5.49674333108123,48.4720668886204,87.7133745821089,102.464887789318,88.4854100826498,8.20434504529865,14.9790076898253,-8.90263906056566,44.9442015174855,133.805985744426,112.179586727274,145.494854565968,7.76386669059954,2.73311490239792,-4.35043924877272,15.5550622565913,10.7589110387838,9.56147043713372,7.73160134555562,-1.34415774522512,6.37205548264711,11.3454518530752,7.84764345912902,-5.8935833804789,-5.96794130925588,1.27302865176677,-0.593521008986698,-5.56966296200352,3.44402626614382
1149.20035053256,1498.33255137691,1649.76716598798,127.483852503979,-9.57985649420493,8.46327790063151,155.998445785623,170.587802429664,140.104867080676,97.4943323456321,7.10281530083955,8.04424962137963,-9.96785192070413,-6.14376958794509,0.365562569369018,-9.31797027720236,-9.98904746549414,-1.2204251115528,13.9489871960222,15.0430058195936,14.8681246161286,12.5365607163857,-5.45422171130303,-1.42258815318928,2.42153700132209,-5.06358124554149,11.9409850829941,-7.79868056145116,-8.96232662611627,-8.3606014739143,-10.057696240508,6.86629851977844,10.5225789945473,-4.98365982433114,7.11413132543041,84.5378276108657,140.870476292632,126.216752024417,7.25390326105696,-3.7693158885173,0.343951387345072,82.5193396076328,115.955433497091,97.898412861865,119.894949027098,8.67658273756047,14.1708305814012,-9.84426507369943,21.0791543356287,24.1144692286517,31.0241089010454,88.4030255389196,7.94737857999047,5.66879390111256,-2.02581894327346,71.7524201880055,87.9600717134504,60.7958909616349,82.5504442694515,8.30040034115035,15.0841333977544,-9.48830742883999,11.2090092448589,30.6735545604848,23.9522161529359,39.9424236490163,4.66135694784714,12.9245046152107,-8.9036719208157,7.89232946996148,17.7586154155308,9.80071992165628,26.8518775385599,5.64013452959418,11.2654374405443,-6.97415536818301,9.90020587107958,23.5276509296789,7.15170756649206,17.6411763351274,0.268218286736357,15.0469513502584,-6.96377647911365,7.38402461033104,7.8292333745554,11.1155662613156,9.12188930401834,1.59223479402664,10.3103980699529,1.32240142844449,8.63712017851611,6.98350789486679,7.13925438858379,9.54789104267749,1.44848100415072,15.0416435509992,-9.62317434674245,7.0513026118704,6.6687788071923,7.63336641495013,13.1140051251537,15.4744947882721,4.53308523637006,4.24905237303292,7.60181590558793,9.05014485936144,6.79602405958411,14.8493733705308,4.67286643828939,13.7894790960078,-8.61524365491556,33.8921317508749,50.2968280663675,86.8436163181252,65.3875596040698,8.29127168975504,15.0635972698985,-9.2058341795356,22.2067665011074,34.3900316734239,49.1796812600367,23.9221399893588,3.72046914007987,13.7035333834848,-9.04896597825712,26.4871199884126,20.1127777623924,34.8683100043428,44.4273162423976,6.59460049112127,9.20069939337097,-5.44262973680549,48.357055412403,87.5776269347856,102.251757330225,88.3365486270083,8.03217065709697,14.9609038438027,-8.84701469555361,44.8053352724331,133.059472932665,111.854199705915,144.526669680486,7.49487351161332,2.7333563518502,-4.29915748785362,15.2999074330434,10.4861474060783,9.28724649082881,7.51617236887645,-1.33596820808174,6.33663115264218,11.3163300318314,7.8140005565977,-5.94304655225966,-6.01748800788567,1.23164542814658,-0.637024655546128,-5.61876441799345,3.4051462596349
1144.28998880692,1494.00273211663,1645.73748823367,126.664592920044,-9.53261331293558,8.32800500225554,154.219104689941,168.39566597555,138.893796366644,97.3601868695095,6.78541567239515,8.00619334262225,-9.88948799568885,-6.01029417198563,0.509955056306666,-9.21094350692843,-9.91097827185402,-1.24004475721921,13.8835359091329,14.9946661655069,14.8114493231508,12.4618417039718,-5.61626311846993,-1.56573644546231,2.29653647583865,-5.22380015531158,11.8633316789898,-7.77809651963963,-8.92309785838248,-8.33012420211674,-9.97920147073188,6.82950935472982,10.4371804855905,-4.9854114984384,6.7618952488408,84.3556890729077,139.655597671981,125.50597036228,6.7885377291403,-3.77856672308064,0.492053987923782,82.4065427082396,115.534246567802,97.7502429825519,119.359023756496,8.62253579574173,14.125893178196,-9.78588210757334,20.6253517971934,23.6817372951505,30.6454775428208,88.287021424406,7.74383850486956,5.63340657872823,-1.87461017761623,71.6318331955512,87.8423613189439,60.6381131081118,82.439154354057,8.31266465346698,15.0368003814988,-9.44019185428681,10.705220292102,30.2954447721386,23.5184906660735,39.6356175211311,4.77761588079338,12.8816808866763,-8.86387127745084,7.40842278044639,17.2840589767051,9.29709099623307,26.4430639597057,5.73761417961794,11.1840024509729,-6.96245015004948,9.39707925508628,23.0930004807969,6.68535853034686,17.1659311506159,0.421093342466122,14.9929460922806,-6.95234395817329,7.10010240210161,7.34420350578517,10.5925670706405,8.62495194397582,1.73401492816819,10.2260797194164,1.29613639713097,8.32394399437581,6.63088158054518,6.67227557323358,9.0416725655142,1.59556746152037,14.9845858504184,-9.57677464972966,6.7331203012391,6.28236180795454,7.38844585260091,13.0427965998595,15.4241970072572,4.41814177645821,4.21599827923103,7.35644787161138,8.53982480927499,6.32706459791973,14.356324075497,4.79239382724194,13.7455274097146,-8.58752809938605,33.5471727001356,50.0836782806217,86.7629558659129,65.2690504289408,8.30290299238843,15.0162936117536,-9.0897124838275,21.7636874091245,34.0465778602846,48.9590067522925,23.4880629706169,3.8493513948753,13.6596603637239,-8.93267092110824,26.0772332735654,19.6537250669128,34.5251601075135,44.1635797826538,6.67686045286547,9.16142809380577,-5.29970667172947,48.1361661399335,87.4716905992988,102.078584051359,88.2090340267858,7.82097900167687,14.9136795549597,-8.73102532695529,44.5375224455216,132.054693036334,111.524616582342,143.136484843156,7.0309042148445,2.70389731836991,-4.1528238783884,14.8106057039421,9.98793742295791,8.79464137462793,7.19898218564265,-1.35411788894027,6.2305411339108,11.2353672530778,7.71514738398537,-6.10736630356431,-6.18215671488701,1.10103348505689,-0.7764594193618,-5.78157042340891,3.28489100644344
1114.88454591592,1465.94845150366,1618.55287225265,124.751362752722,-9.44520869026124,8.58899022825557,147.347316559649,159.292127456809,135.005579193478,97.9224441927258,5.63713564256989,7.45880826623218,-9.47891570063706,-4.85247326195866,2.14156841443287,-8.47391564152292,-9.50395376291584,-1.70661867464253,13.1643711873461,14.4229479981015,14.1708672729603,11.6560644051764,-7.27151798738643,-3.03648361532512,1.00295057688786,-6.86125580875409,11.0289901034587,-7.93029170224668,-8.90317052998762,-8.38731589124538,-9.57173419329217,6.28267850537304,9.52867385491206,-5.32199435347155,5.30929430613324,84.04538311664,135.74174612943,124.044350241875,4.30642435697237,-4.17406103327343,2.14713986979265,82.4559887529419,115.348442339426,98.2444833769845,118.716410190702,9.45316159379138,13.5742578380681,-9.58575722533652,17.5757373733253,20.7103850718354,27.9430704864395,88.5518776133458,7.5159343142534,5.08809804309939,-0.340961151773968,71.229467199757,88.080532336416,59.6638028897481,82.496106117945,9.55237811762538,14.4735334494118,-9.34000633290356,7.62644508237756,27.5832654158743,20.5413425112955,37.4095195623836,6.47624064239486,12.3366013153415,-8.83555016674228,4.71467583206004,14.1570185912145,6.30821615559856,23.5641603202557,7.37040000712994,10.3135829288391,-7.19297283880221,6.40753042925266,20.0954100445942,4.19464854651139,14.0318063010293,2.10266177781199,14.375701604651,-7.18537320269624,6.22687626895521,4.64200463724083,7.53835654393544,5.90596024346391,3.39232253115733,9.3247799109437,0.793189643267425,7.22339430285214,5.18146211382722,4.17582084627682,6.03278956684687,3.30832038349817,14.3423787888592,-9.49977011674778,5.58078038323373,4.55206325429296,6.83683540220721,12.2701530784188,14.8402633807574,3.22265987152952,3.67854448803544,6.80329379348362,5.50969925561995,3.82836137158625,11.1737819030626,6.51327470026177,13.1986182709173,-8.68302869948934,31.0025025373324,48.5321969005455,87.1713458469208,64.6453791130849,9.5377817281375,14.4530893119587,-8.26391974395705,18.6846692394377,31.5292106406575,47.3392269678428,20.5063465806705,5.57552964957182,13.112665997865,-8.09630966732379,23.1797994131517,16.5492195978843,32.0279420179619,42.230969896258,8.26593965559903,8.61371821935873,-4.0328303563777,46.4815132470863,87.7653019356033,102.645327655986,88.4025771294087,7.51744919603323,14.3518936335057,-7.88453900517345,42.6013659838309,129.233544132876,111.645968316815,138.321610864414,4.54915667691861,2.18506889843152,-2.791066053647,11.6614618155955,7.03337510410631,5.95717028293979,6.02928255086576,-1.80777107715008,5.12107336796078,10.3691924202426,6.67601005362911,-7.78487152980657,-7.86306996670652,-0.247346550012111,-2.21096331651469,-7.44429233799443,2.03751651074745
1082.76964935484,1435.1825811155,1588.67885846187,122.670203623355,-9.34919207058095,8.87918815068301,139.903718136304,149.433250958013,130.788883277452,98.5084894662391,4.39642660571306,6.85398997597721,-9.03033160111769,-3.59025480711858,3.9190207495069,-7.66959869104014,-9.05922812620881,-2.21859491193555,12.3696500708031,13.7880659332535,13.4611624700535,10.7678430826314,-9.0746738967801,-4.64097759651023,-0.410777606872642,-8.64524794964856,10.1099986868933,-8.09630598714639,-8.88098114995535,-8.4494700239365,-9.12651298535627,5.67907483250443,8.52972532181181,-5.69038896746295,3.73760115922042,83.684191134758,131.497093244797,122.449828011379,1.61470749927179,-4.60727696277635,3.95007223798663,82.4838594911606,115.131517210425,98.7570261158679,118.006912087835,10.3618944835244,12.961664107081,-9.366709238287,14.2561735349729,17.4738982330248,24.9946986911041,88.8139254300278,7.27535172389955,4.48677381708652,1.32988504754849,70.7667545206226,88.3136391676458,58.5812569820724,82.5320714035082,10.9051014168388,13.8478214802835,-9.23008414244913,4.28226895225797,24.6242687932344,17.2986379801092,34.974358614936,8.3267698178401,11.731776342232,-8.80422742484353,1.79216715554904,10.7553847768009,3.06304929569686,20.4261840322898,9.14953079113033,9.35568866801373,-7.44478023297134,3.16155126003045,16.8305331846646,1.49362529617153,10.6225059897568,3.93433178877876,13.6912978376651,-7.43991732536233,5.28507193075941,1.71034101179615,4.22273793513779,2.95643155088209,5.19860942982379,8.33378491151228,0.24027050030864,6.03410901503,3.61333234879046,1.46855356472739,2.76598849105474,5.17394193095561,13.6308173844799,-9.41507769599389,4.33569781090321,2.67868884120028,6.24458047809597,11.4176816167959,14.191871919091,1.9145780241596,3.08651346124404,6.20939008492536,2.2201133961324,1.11890420181987,7.71378067281793,8.38796375252525,12.5913594596096,-8.78686390952257,28.223376331037,46.8252755457647,87.5882947069028,63.9422582128317,10.8852554776984,13.8274559578806,-7.36293757960311,15.3317042355689,28.7796996990894,45.5584554253017,17.2586756470144,7.45589946219155,12.5053587767075,-7.18383694443682,20.0217358772059,13.1702689608456,29.3003116348868,40.1124586557663,9.99769440836428,8.0079468047112,-2.65206986664742,44.6628473735575,88.0583107542036,103.237707579854,88.5874691236701,7.19451960851575,13.7278781777181,-6.96105316680919,40.4791583737821,126.171082329773,111.759637112039,133.10298957108,1.857648623362,1.61411561245203,-1.30712441164457,8.23760256901974,3.82514271243176,2.87727662946685,4.7649346842669,-2.30560764569907,3.90564275320503,9.41588967445088,5.53633541892032,-9.6119833322999,-9.69385125034071,-1.72007614215434,-3.77643040906298,-9.25548739984083,0.67355810351583
1033.18192886235,1387.04036286558,1541.63087041758,120.065272449479,-9.23873917466437,9.54752640166578,129.264688939208,135.149904208982,124.996003778803,99.6415798780017,2.65542579070546,5.85073806861996,-8.35034920836657,-1.57782286070335,6.80314155016839,-6.41219071183582,-8.38551940307005,-3.07870121738677,11.0696365428322,12.741372931092,12.2960815906379,9.31920429094944,-11.9793660874294,-7.22950084191214,-2.69569080588894,-11.5194420378131,8.61238411187784,-8.40564755201245,-8.88824175597426,-8.5916574322664,-8.45244572955121,4.67710210107211,6.90491565688265,-6.32271911522312,1.46978728278006,83.2504871904104,125.66055431501,120.546258608821,-2.44186354269789,-5.34283178306484,6.87345922831759,82.6334374011741,115.238362950857,99.7810897164436,117.409059707315,11.9942100986753,11.9496673966727,-9.05778330667152,9.09444883785608,12.4271524292496,20.3726888858397,89.3689635667266,7.11484848922666,3.48776256371735,4.02271282898067,70.0847819438884,88.8211314954541,56.882434602897,82.6936732712408,13.2195385545187,12.8156386152075,-9.09678820979525,-0.853250077876481,19.9834196892199,12.2425095631315,31.1418945375079,11.3702524148602,10.7313178739386,-8.79648196334753,-2.63937024145341,5.48016026309651,-1.90111322814428,15.5175514925703,12.0930923684814,7.79619534374629,-7.89154330255249,-1.80470352110734,11.7375277856354,-2.57769884194715,5.33498873310796,6.90129001400021,12.5663675836734,-7.89106651161484,4.01711020419432,-2.73553103397671,-0.838756510525968,-1.50558478448119,8.13512733243579,6.72147273558838,-0.683811702602242,4.37571800652833,1.35223099722802,-2.6127366551105,-2.23207650223651,8.20616757398332,12.4629045627372,-9.323078691159,2.58817250758713,-0.0659712524315523,5.5300390453059,10.0258882172267,13.124074217971,-0.202194408300215,2.10154282606402,5.49258852428525,-2.81178851528978,-2.96346676698917,2.36287372451105,11.468976561026,11.5875628072494,-8.99734769684488,23.8490057573522,44.1247830100002,88.3660113810343,62.8457236021342,13.1914440734429,12.7953849211397,-5.95025454848371,10.0981009924324,24.4542710545703,42.7406791264054,12.1944412551896,10.5353885687916,11.5014360066447,-5.75163266669932,15.0799860744926,7.91323971499952,25.012026529468,36.7692012677324,12.8782777534364,7.00381735395328,-0.44743734982913,41.7803425434952,88.6542385493686,104.429513233796,89.0241693787192,6.90161791603927,12.6985882887087,-5.50956915134282,37.1345683055835,122.108322030733,112.321441332804,125.809031054576,-2.20046352616106,0.661997322158925,1.0706106239262,2.94405644595969,-1.08254067727495,-1.81547826246856,2.98266630908699,-3.1430878080981,1.9363153787221,7.86368491155716,3.68756708977097,-12.5547996443636,-12.6425075493563,-4.09889320668418,-6.30284161431587,-12.1729730422784,-1.53214707510796
1028.11483137912,1382.32848661966,1537.12295023573,119.605877887927,-9.21549897311027,9.5456170233891,127.903933983132,133.388809968128,124.175131871713,99.6868889253333,2.42190111649236,5.77133380270189,-8.2770548600142,-1.39274156550357,7.05310207520324,-6.28894800163513,-8.31276526808389,-3.14391054720457,10.9613879079297,12.6569473288754,12.2004793558709,9.19707577911672,-12.2371651323979,-7.45783743785586,-2.89573915541439,-11.7743987216263,8.48569501108565,-8.42029300275621,-8.87579329218676,-8.59144570683125,-8.37952788154755,4.59795792147358,6.76636723517146,-6.36682175966212,1.18748563763671,83.1687692828994,124.83537569639,120.174740362076,-2.88789882176661,-5.39640265505906,7.12745476906653,82.6170330147165,115.110099439487,99.813804059866,117.190723386681,12.0879304141715,11.8686467171604,-9.01702411618518,8.57943929767697,11.9282494874476,19.9238566586821,89.3800163173768,7.0312188035999,3.40903698542616,4.26159562399533,70.0069566791277,88.8282318226413,56.7196256581536,82.6786526452181,13.3840239149324,12.7325835591438,-9.07165155273589,-1.38647924501632,19.5334376926244,11.7425734433434,30.7749359241616,11.6217525840406,10.6515558590034,-8.78278850008786,-3.11773280345253,4.94921185667809,-2.42280341572103,15.037338961486,12.3311169724949,7.66373525394181,-7.91858607787057,-2.3263355622025,11.234661445601,-3.02512183463378,4.80292701901718,7.15999026875417,12.4745253023592,-7.91850504678888,3.82823710258765,-3.21529662405186,-1.3740802739436,-1.99067218851962,8.38796196565892,6.58411937336587,-0.755176083123814,4.14964212381139,1.07022292923094,-3.06107422958945,-2.75707919037748,8.46746489966745,12.367011260099,-9.30141384040249,2.35390625689848,-0.393473143603075,5.3933294078507,9.90906464283046,13.0375958985363,-0.386577878454688,2.02427525758347,5.35555540004225,-3.34069565252048,-3.41266349322979,1.81947031814184,11.7242387916962,11.5073709415623,-9.00285762961397,23.4299710898223,43.8714078606115,88.4051530981229,62.7393368287988,13.3551321775866,12.7123432623816,-5.8130842443087,9.58230121259416,24.0392181778447,42.4763317800656,11.6938162238148,10.793755674546,11.4212432305646,-5.6130325707534,14.5970550672712,7.38962285916671,24.5997010888455,36.4522875487837,13.1066477377683,6.92419359402629,-0.245637029179051,41.5113597154487,88.6716941496626,104.46514393827,89.0228500674222,6.80614563614677,12.6157347398378,-5.36972097724311,36.8161150194991,121.481275758602,112.257562524221,124.81973666711,-2.64605090886002,0.587905715255204,1.28571662662338,2.40602895967211,-1.59826205139831,-2.31465114850229,2.74646682567703,-3.20624792308169,1.76567027086324,7.73190762331097,3.52815501971159,-12.8161519285574,-12.9044040246646,-4.30769053858029,-6.52539092611957,-12.4319645801761,-1.72481572577831
991.007919828049,1345.8408656853,1501.24542819803,117.874641618987,-9.14423657692561,10.1273471959026,120.345714472833,123.17521833713,120.136220695066,100.56044569417,1.20659172167802,4.9911430759264,-7.77375464175165,0.124845155676752,9.24231640262147,-5.34735170292433,-7.81421912651464,-3.81062625145975,9.95574869423811,11.8402028139951,11.2952653846256,8.0810488609946,-14.4321322275717,-9.4186090126812,-4.6315958288121,-13.9467765186521,7.33336806091444,-8.66730665560087,-8.89364276039674,-8.71153482282048,-7.88083557751742,3.81944039555606,5.51969244226174,-6.85942107526006,-0.423404284130015,82.8495131661871,120.763713135416,118.939288279212,-5.84448986775999,-5.96765976022687,9.34564244484716,82.7209643943619,115.310542009217,100.608763639214,116.894127541507,13.3849876983084,11.0783376269945,-8.79520449681496,4.74035628623233,8.16640605948626,16.4624574720923,89.7986683561744,6.997455113527,2.6334705664564,6.299857836493,69.4716638091064,89.2108416018525,55.4148570196442,82.7912227602396,15.1835294982527,11.9266607082063,-8.9829941179805,-5.17247351433522,16.057285684812,7.97399952866121,27.889322391835,13.9453554974822,9.87058820359556,-8.78920853689056,-6.3594307011308,1.03412651296816,-6.07353159229694,11.3696667862738,14.5846259241775,6.46550096520491,-8.26998229752778,-5.97903020825311,7.43799186036878,-5.99269900451634,0.878647665057997,9.41006268037819,11.5992756891621,-8.27322039838677,2.96682026566751,-6.46761819669203,-5.09223742086689,-5.25057942711697,10.6183728563597,5.34694471077287,-1.47163715926615,2.9957540015867,-0.535111567836793,-6.0361375346256,-6.43287807130773,10.7703583814638,11.459579298169,-9.24416950199739,1.13391171440693,-2.3607502301096,4.94609161332707,8.83523660689067,12.2048139274351,-1.99786267954374,1.26014339941599,4.90679097016061,-7.04057146757745,-6.38732008746834,-2.14343694637884,14.0756384423176,10.7234076855191,-9.17489972663685,20.1435619937294,41.8177304248572,88.9815162939006,61.8830892408221,15.1484939714756,11.9065156525478,-4.75425252261229,5.6807343824288,20.7900053706906,40.335405441335,7.91909262271071,13.1403407950692,10.6372361093612,-4.53913777096656,10.9042606512498,3.47925815690803,21.3790631059842,33.9249151559041,15.3172906097834,6.14264558520858,1.41732119124788,39.3204729244633,89.1178965045577,105.400701082409,89.3546952083328,6.67236541347819,11.8121900887328,-4.28076297343273,34.289460279337,118.697997593319,112.7712910277,119.692573812112,-5.60473126333878,-0.150542236166899,3.08158818378556,-1.51416690104105,-5.20798211857775,-5.75781511566134,1.49839757115598,-3.85580372803287,0.263655125219657,6.53909717043581,2.11548303490923,-15.0393562679073,-15.131934242626,-6.11311105450827,-8.44014932472714,-14.6364068953358,-3.4019816899042
989.670570331824,1344.56238835422,1500.00513982603,117.776327502181,-9.13942247656576,10.135297465524,120.023291348373,122.752257169169,119.948434771548,100.578318830296,1.15265746343894,4.96724219112266,-7.75490127518353,0.175652442430419,9.31276946025758,-5.31441083953629,-7.79551794846779,-3.83044567470964,9.92396813690465,11.8148214311584,11.2668758099985,8.04555392094821,-14.5038369907787,-9.48245464551042,-4.68789425114753,-14.0177231767552,7.29665531858129,-8.6730297252536,-8.89181044716094,-8.71309843901059,-7.86210522419859,3.79563372429485,5.47981051592208,-6.87334615442342,-0.490623596001086,82.8306816460771,120.574776392711,118.861757101982,-5.95656236926965,-5.98422495403258,9.41714098254687,82.7183851937595,115.291555705921,100.623545992926,116.853961501223,13.4181133470067,11.0538875643628,-8.78548291116931,4.60456764833924,8.03417490221776,16.3422046568247,89.8047999032388,6.9838381866125,2.60980178806219,6.36645925846594,69.4505003049192,89.2158471444475,55.3695837288531,82.7889820952203,15.2349091790178,11.9016471222126,-8.97763588095947,-5.31013432374658,15.9366469655417,7.84151382266398,27.7899229406139,14.0178969371555,9.84649903144933,-8.78701882487223,-6.48065085267248,0.894829582292004,-6.20742078258502,11.2416432200048,14.654041131761,6.42724574748007,-8.27916299732286,-6.11294070035666,7.30465295663649,-6.10514359196389,0.73904732153278,9.48275398313859,11.571898407115,-8.28251087884271,2.92492302791175,-6.58920832456522,-5.22923038370715,-5.37312124718198,10.6898422253459,5.30739100771672,-1.49319712969864,2.94383569434319,-0.602202558090084,-6.14883195295027,-6.56763860486799,10.8441910246292,11.4311082346158,-9.23980195680215,1.07979566677204,-2.44012445983438,4.91826887730031,8.80116055671721,12.1788716935043,-2.04998107289416,1.23690244264318,4.87889655903606,-7.17627612301595,-6.50013535056533,-2.28530190228318,14.1491652783888,10.6991871632479,-9.17809787483108,20.0304034391948,41.7477750027836,88.994296630109,61.8529612984391,15.1996613293938,11.8815060251291,-4.71745443368155,5.54389771607759,20.6779932255578,40.2625077998157,7.78641176005956,13.2143009074691,10.6130169558679,-4.50190328048916,10.7754587520442,3.341121853696,21.2678789166002,33.8383694852966,15.3845666369103,6.11866197988883,1.4728115109219,39.2461480410127,89.1254291257354,105.417902512766,89.3576586826707,6.65546415859214,11.7872460825079,-4.24312126799529,34.2026811808497,118.558454380551,112.766856142203,119.462933240874,-5.71676908798707,-0.17287977613708,3.14104187832095,-1.65458916389724,-5.3403657863195,-5.88520181871627,1.44356705586168,-3.87505351832002,0.215204025497655,6.50102502246375,2.07003039906672,-15.1120087065356,-15.204731846928,-6.17174368272705,-8.50245091594721,-14.7084296758973,-3.45631058739505
954.996245762717,1309.91580066203,1465.67858446498,116.332199589937,-9.08025088442588,10.7459524542096,113.357222396188,113.694203195083,116.440170051687,101.371026754344,0.106004587479049,4.21104189074799,-7.28979286522167,1.59442965170058,11.3683650560278,-4.43780968715419,-7.33485750917276,-4.47049255907865,8.95270439291568,11.0172151146836,10.3875780882393,6.97362945291033,-16.5551232174045,-11.3213037381917,-6.32269079831312,-16.0485210533718,6.19176869278323,-8.91356607918323,-8.91649197587961,-8.83401747747985,-7.40138695336577,3.04229674694247,4.28911470638141,-7.34658577478828,-1.90468975929409,82.5057365904744,117.035917686934,117.849076284003,-8.6228780963423,-6.53232518801033,11.4991870623434,82.7728088591647,115.545181797952,101.346274434749,116.67530124827,14.6852407463412,10.281657612683,-8.58478058190067,1.06392204716624,4.55553614681247,13.1225072349133,90.1589025665328,7.02938217175574,1.86054156713337,8.2761488224765,68.9015184644653,89.5363375950317,54.1047598790632,82.8510448120604,16.9599310023181,11.1139993176293,-8.90211732587068,-8.76627760624311,12.7028100923851,4.35698334716869,25.085355563372,16.2099300575804,9.08424832624016,-8.8009566400809,-9.41532207690952,-2.70643906896697,-9.53121694625375,7.8404291243086,16.7850606220672,5.28059096641087,-8.61830376055539,-9.43897284267518,3.79381696829213,-8.78153357860111,-2.87067810411017,11.5936849184953,10.7201729458075,-8.62476678620561,2.20562607197559,-9.53358898632266,-8.61070882564701,-8.32069550690056,12.7848641361992,4.12574718745583,-2.18247736551388,1.95305598426063,-2.01057535440734,-8.83217169411105,-9.9142520348459,13.0071667998531,10.5495712896797,-9.19378851267211,0.0290118592492661,-4.1834525256931,4.58227074137125,7.76767670570646,11.365957921131,-3.57174005733404,0.499881511588427,4.54165172633373,-10.5438020812529,-9.18181978438841,-5.92138791989598,16.3666577902127,9.93323102018343,-9.34779916205747,16.9617694504229,39.7946532362116,89.4863112095222,60.9992399977629,16.9190269976763,11.0939682280071,-3.73133820017043,1.93681433618542,17.6441230626769,38.2295778018982,4.29612442772859,15.4243803620761,9.84711415571675,-3.50149075567748,7.35081916070015,-0.265069707677213,18.2610028611622,31.4561243337397,17.4794013910557,5.35991832290915,3.02731118026142,37.1658656707853,89.5024010175907,106.283369200104,89.6331761415852,6.60752486525786,11.0020795017802,-3.22826582596866,31.822589529508,116.176513813272,113.285893807762,114.980140080782,-8.38599371144966,-0.884245777830245,4.82122000709956,-5.25153214767306,-8.62766897944005,-9.01251381763501,0.364667696872544,-4.49892585842423,-1.20734926572379,5.35933567706502,0.728588676772887,-17.1889052528317,-17.2855524078942,-7.86965072728538,-10.2995539739794,-16.7683089778054,-5.03783829554044
951.468610714901,1306.5447958812,1462.40862877329,116.054133299742,-9.0662187742158,10.7603347485019,112.487990272084,112.560374206805,115.925738631989,101.406825927761,-0.0396615257133703,4.14985778348034,-7.23976834922428,1.72557402184134,11.5483487258247,-4.35181290869988,-7.28522035526669,-4.52043138807605,8.87070578456078,10.9516555205002,10.314264375106,6.8821489634505,-16.7387426560998,-11.4849323701272,-6.46712081810097,-16.2302122073474,6.09718918460163,-8.92674058711691,-8.91018139482634,-8.8364822392399,-7.35165860273378,2.98144886262173,4.18646045249548,-7.38106440583886,-2.08456653068265,82.4492828822652,116.518473319337,117.626508999386,-8.91809291550774,-6.57368745440806,11.6819000895382,82.7592143664282,115.478565014575,101.373891317542,116.551891130144,14.7650139689572,10.2185712971092,-8.55815140981454,0.709853093944815,4.21094918217798,12.8093458467215,90.1665773322819,6.98780821875803,1.80014427116038,8.44693471274431,68.8419520790856,89.5411750068968,53.984462627725,82.838343178792,17.0874167204039,11.0493860303661,-8.88670754854172,-9.12646788828215,12.3887232967028,4.01173478848082,24.8261926682843,16.3938692444551,9.02219220180862,-8.79374115173241,-9.73391430128652,-3.06984595625852,-9.88200309875003,7.50704987821288,16.9605150034755,5.18208028951349,-8.64042212508434,-9.78979692288434,3.4464348537212,-9.07770293915701,-3.23485802372124,11.7795340704509,10.6494586059265,-8.64716802033874,2.09101684666706,-9.85313717276932,-8.96993486604106,-8.6430780526083,12.9672210894758,4.02395656822858,-2.23710019983025,1.81248722233374,-2.19014370640284,-9.12898295252924,-10.2672836155246,13.1955818110911,10.4760334427086,-9.18089319491403,-0.117131783237056,-4.39469798503305,4.50397320874328,7.67981550279134,11.2989161464704,-3.70553599418463,0.440699037369427,4.46316115920055,-10.8993061879075,-9.47899091349703,-6.29173395312679,16.5531596990166,9.87076740127154,-9.35440842148282,16.6673217634509,39.6115250219331,89.5117994693475,60.9177496462816,17.0459634677845,11.0293667859236,-3.63544377736241,1.58050169867025,17.3525541399774,38.0389216635122,3.95038043365864,15.6123426653971,9.78466087894697,-3.40451458349631,7.01548443515938,-0.625115111515385,17.9714804501456,31.2302354847161,17.6489499993172,5.29842957323208,3.17038619433754,36.9716929972627,89.5139413478691,106.315919985765,89.6325843478977,6.55752609089751,10.9376499706659,-3.13029986825168,31.5959607983825,115.789352769452,113.258810527559,114.355336761759,-8.68107997869774,-0.940982470836246,4.9741997348269,-5.61818143336251,-8.97454971713233,-9.34676043668588,0.216773040369532,-4.54739193246115,-1.33181234219876,5.26129374063964,0.611756172854683,-17.3749351462757,-17.4719515508576,-8.02001840819383,-10.4592548009023,-16.9527372910801,-5.17725708121043
950.033343274256,1305.18049564374,1461.08876176591,115.940929541698,-9.06057301022565,10.7660496272539,112.131237853623,112.094688274883,115.715153954336,101.42318566957,-0.0996561581788171,4.12524667618743,-7.21941606015756,1.77917516146408,11.622029420529,-4.31673661772902,-7.26502704826132,-4.54071349551219,8.83773336542319,10.9254550525264,10.2848794853881,6.84524799671451,-16.8139393105737,-11.5518166852448,-6.52602295321475,-16.3046070178464,6.05900041982483,-8.93217338448937,-8.9076776539296,-8.83755143403073,-7.33142907997276,2.95694068629678,4.14492003680368,-7.39513108194834,-2.15858970299081,82.4276489662466,116.306659979307,117.53624243631,-9.03939983375668,-6.5905349410759,11.7567016129963,82.755237627206,115.452605435257,101.386878220273,116.50248990799,14.7975824358184,10.1933598723072,-8.54736183965994,0.564922400359961,4.07000782176974,12.6815116794619,90.1713655919864,6.97053828214115,1.7757852267612,8.51682699642888,68.8190193553918,89.5447933992506,53.9364631336601,82.8347355888107,17.13958151063,11.0235749395434,-8.88049644654924,-9.27425503630289,12.2605072235682,3.8705176368295,24.7207540066522,16.469200518958,8.99736692356976,-8.79086612570987,-9.86477928627525,-3.21871273982381,-10.0259916232268,7.37080352011242,17.0323676195601,5.14226021055319,-8.64948952484568,-9.93379721016353,3.30433749054293,-9.19940373168282,-3.38404415112279,11.8556233401783,10.6211443782901,-8.65635085398659,2.04376918324056,-9.98439609083215,-9.11740163991249,-8.77550774304078,13.0418923516521,3.98276375794919,-2.25922425006686,1.75461245898259,-2.26404534202214,-9.25094722178392,-10.4121997199313,13.2727316291273,10.4465617130892,-9.17571328053708,-0.177324232882512,-4.48160106109427,4.47162691860771,7.64441517382065,11.2721205331122,-3.76001729970272,0.416795319535424,4.43073432975319,-11.0452522113778,-9.60111514699636,-6.44354471874908,16.6295436451638,9.84580030215301,-9.3571781210909,16.5472727766289,39.5375553360128,89.5239334852179,60.8857734100475,17.0979026286103,11.0035599555369,-3.59631423876149,1.43471423525847,17.2336922461971,37.9618401379533,3.80895980336621,15.6893203731481,9.75969549343921,-3.36494008588821,6.87843106404711,-0.77251566632836,17.853462327115,31.13857390725,17.7183831388518,5.27372778167151,3.22888698710264,36.8931625590312,89.5203227567854,106.330918969221,89.6339650546284,6.53680566620446,10.9119094044382,-3.09031792316583,31.5039916885071,115.63118582508,113.24918011689,114.099267461286,-8.80232511102543,-0.963929980211049,5.03677119368001,-5.76846587631672,-9.11691682279692,-9.48399345330773,0.155880772989292,-4.56707486516731,-1.38241515692647,5.22166733058066,0.564324501037618,-17.4511341603616,-17.5483041011827,-8.08138926532305,-10.5245060834973,-17.0282703203897,-5.23407625245741
915.683867475424,1269.89715291603,1425.6857150571,114.791257887371,-9.01353652576091,11.4790153871837,106.197416400513,103.947913612308,112.680976445028,102.157022144838,-0.983380958767839,3.33584759896641,-6.76877976226089,3.17894983839867,13.6642599892667,-3.45753857061331,-6.81878136293975,-5.19867258284438,7.82906217080583,10.0830796905056,9.36366378387598,5.7415877057806,-18.8340334331697,-13.3733715995097,-8.15681650317671,-18.3055570311345,4.92447471128878,-9.18424664362445,-8.9442313523767,-8.97008962145634,-6.88525503109591,2.17254740943048,2.92980702511372,-7.88185739519102,-3.40068099351143,82.0561416274384,113.242222782935,116.759497107246,-11.5068837900188,-7.15329483593169,13.8239619651216,82.7314982998483,115.801098723503,102.057387234623,116.477403903001,16.1375688271457,9.37711816765832,-8.35949189775795,-2.84777801611824,0.701293255364902,9.53123855876288,90.4515752334909,7.14332610974256,0.997625789899615,10.4073567950576,68.1916800027084,89.7920310441239,52.6100216046802,82.8178074141759,18.9114961936658,10.1907524432314,-8.81720524678872,-12.54497865662,9.09575326721475,0.496670605713092,22.0393960142808,18.6637082174485,8.1930579743134,-8.81673188417909,-12.5999933510587,-6.67363264539392,-13.1563040124405,4.06063585597283,19.174159283961,3.96848135956029,-9.00048898030877,-13.0669820939794,-0.0954766365465503,-11.6764896897513,-6.84706460771315,13.9498388430621,9.72637478764798,-9.01044199851776,1.47708220426148,-12.7288124144896,-12.2959578842894,-11.5168115524315,15.1244484154024,2.77686250918882,-2.97030876524991,0.923277886585197,-3.49968227097091,-11.7348054532124,-13.5639663522249,15.4226355015311,9.52285982735819,-9.14173627497121,-1.06470577901405,-6.04189159729449,4.27645931312486,6.57696105871565,10.4141238620427,-5.28510066696685,-0.346693199790195,4.23463936852207,-14.2149570444403,-12.0811988458589,-9.91616555144006,18.8482829103024,9.03631767302232,-9.53815703936164,13.5250063098823,37.5528696807674,89.924696226953,59.950823240544,18.8643850179437,10.1708811488885,-2.6292874155271,-2.05689494892218,14.2456471962979,35.9014554576856,0.429424594743551,17.8959572324119,8.95042397118399,-2.38346784653015,3.54529591536414,-4.24796168266306,14.8924544891339,28.7538877747638,19.8309066953826,4.47967986830207,4.76215579430024,34.7850935385829,89.8184399617215,107.16037615459,89.8408803566942,6.6174216714962,10.0819655893713,-2.09401450760097,29.1238308426069,113.630876748922,113.814717589355,110.173641374397,-11.2742819637566,-1.69936218387318,6.69627085601797,-9.20382344677267,-12.2143518496684,-12.4164363866468,-0.762367500511857,-5.20886528399203,-2.81463124922689,4.05260774784395,-0.791967384953381,-19.4951571374979,-19.5959944475492,-9.77118109179989,-12.3070326012181,-19.0563921969461,-6.81503258678154
897.046851482507,1250.49401558557,1406.09918600754,114.207498529337,-8.98865783535516,11.8820619674012,103.123637784848,99.7172646021869,111.117597685217,102.519912361956,-1.42734318534386,2.90157062846828,-6.52687678196051,3.93027647494208,14.7612572409032,-2.99631217032504,-6.57922651815787,-5.55677200518326,7.2744642881068,9.6162378551229,8.85500518272821,5.13734902870311,-19.9145218155544,-14.3507672310783,-9.03513916464598,-19.3761059430371,4.30418939666819,-9.32080104801611,-8.96447669874934,-9.04213372265534,-6.64574885395072,1.74168981334097,2.26754164889957,-8.14589725835989,-4.03574227332666,81.8291518187863,111.662483836765,116.36464107243,-12.796233330726,-7.45882743466711,14.9341511415414,82.6855478510825,115.984737016735,102.38748838731,116.471322185881,16.87216442259,8.92470516364148,-8.25882845247642,-4.66341752222937,-1.0949862339659,7.8428320161938,90.5689667442235,7.2607285075554,0.570857273370422,11.4220126417033,67.8228866838424,89.8918934109472,51.8705097945448,82.775346411403,19.8734484504181,9.7289588851315,-8.78361168090294,-14.2703566024163,7.39954998172456,-1.30218315650947,20.5921232519517,19.8449678504111,7.74776581003698,-8.83124557292058,-14.0334929160748,-8.50754340169206,-14.8041421383098,2.29143852803773,20.3285059174358,3.32773864643056,-9.19059879428139,-14.7165178309467,-1.90815503654738,-12.9708906301251,-8.68523930226843,15.0741653970184,9.2316820057429,-9.20221493627375,1.20164667215997,-14.1671493483422,-13.9680677886793,-12.9524185562193,16.2430743379655,2.1196415758362,-3.35843977344072,0.506495321797388,-4.13108552198011,-13.0328135887742,-15.2230230323392,16.5774280681636,9.01277080164056,-9.12386163065577,-1.51052908240999,-6.84591734354387,4.19859218747081,5.99161965312223,9.93870533060894,-6.1085104071505,-0.764717271291488,4.15634472229684,-15.8829582292931,-13.3766692278198,-11.7554952034372,20.0423366313408,8.5877327198705,-9.636163073679,11.9001874250485,36.4672846703582,90.1036901768179,59.4170969839356,19.8234601282144,9.70917672924443,-2.11035092141,-3.91780823635142,12.6390395445975,34.7761888103545,-1.3724711146983,19.0827528838188,8.50200567656628,-1.85675710821087,1.76390156612763,-6.09660913064167,13.3003157117499,27.4601422901427,20.9706890406085,4.04218909386987,5.58476156270407,33.6342519508885,89.9446042227393,107.578528837438,89.9199278902508,6.68544947914259,9.62183880516505,-1.55928316813896,27.8329370971515,112.606207248714,114.105990729873,108.146765351786,-12.5664101988314,-2.10141394118125,7.58671189453611,-11.0235702505239,-13.8453729691397,-13.9573536893682,-1.22546916698215,-5.55822817463945,-3.58976781739659,3.41434307065279,-1.52763966907261,-20.5880688271972,-20.6908104627268,-10.6801442707342,-13.2641580706231,-20.1410480437371,-7.66745914868977
879.658197945933,1232.48009896085,1387.95488595889,113.6395981507,-8.96458138793793,12.2490474753656,100.196182049827,95.6957062096919,109.620775669265,102.865182053713,-1.85528417335385,2.49995646365335,-6.30030988491887,4.63219238867694,15.7850609696277,-2.56503241487627,-6.35485399188181,-5.88895792291564,6.76120757281308,9.18545971548704,8.38499131121401,4.57728479391668,-20.9245067622809,-15.2633314646253,-9.85408764239932,-20.3766978591223,3.72896791327523,-9.44720761966965,-8.98246871960268,-9.10841551158441,-6.42141215197628,1.34304489000223,1.65269340296214,-8.39089293811367,-4.64262232742377,81.6231911105655,110.150389478643,115.977976724306,-14.0154082415175,-7.74236543788123,15.9703761030078,82.6511216373516,116.149657107708,102.701609628138,116.454264719775,17.5508021810936,8.50728930349371,-8.16405624893815,-6.3667633471587,-2.77865140573377,6.26340151283401,90.686538442826,7.35924261964865,0.175804000955026,12.3695093104134,67.4873276631664,89.9930596584607,51.1876933350182,82.744246571379,20.7662885422534,9.30292349503273,-8.75140129458671,-15.8947671840791,5.8128752224622,-2.98831752944852,19.2416964867707,20.9460392036139,7.33678509453588,-8.84388847992381,-15.3870925042695,-10.229593683231,-16.3569983722983,0.634723240555473,21.4037874911106,2.73320954258787,-9.36687643428388,-16.2708991148591,-3.60721433256452,-14.1948179213473,-10.4112979207771,16.1237360216825,8.77479000043198,-9.38004461271314,0.931718583312005,-15.5253040658356,-15.5443628634437,-14.3085636950281,17.286988814038,1.50947610275344,-3.7182120323657,0.104224041666527,-4.73462441507283,-14.2601194024767,-16.7864616743264,17.6551085036786,8.54144955926597,-9.10632368753852,-1.94024743501666,-7.61128680278574,4.11387754869577,5.44938169583594,9.49997051468273,-6.8755746086095,-1.15186935402261,4.07120306499365,-17.4550048301082,-14.6018010250822,-13.4841484764757,21.1554422737924,8.17383323084886,-9.72668152737435,10.3821085419248,35.4590261867245,90.2801972078729,58.9279271118713,20.7135983288611,9.2832209605653,-1.62512679101022,-5.66224800371072,11.1379942526404,33.7305573497308,-3.0614479233507,20.1894792968333,8.08824550977971,-1.36429527508866,0.0957691882544225,-7.83098895850745,11.8127632774875,26.2551694735153,22.0318125153086,3.6377934483049,6.35333337809058,32.5647935460392,90.0707788527882,107.973383403545,90.0012849134777,6.73782179684289,9.19731853462594,-1.05937379177072,26.6304203352466,111.619659044782,114.375447793161,106.210579637581,-13.788034221146,-2.47392740763718,8.41849699248081,-12.7337946740029,-15.3822225535401,-15.4106646563451,-1.67104585029136,-5.88227298630889,-4.31123155307301,2.82214684428675,-2.21182355266245,-21.6097942137919,-21.7143353938515,-11.5280456709086,-14.1575688522407,-21.1549715059404,-8.46194216582612
878.735947201081,1231.54998367311,1387.02937316878,113.603633683264,-8.96310853844781,12.266219355475,100.024798888456,95.4621047271431,109.531338840078,102.885798064546,-1.88174711966522,2.47953997109306,-6.28804274244891,4.66983148495993,15.8397212428836,-2.54182712035239,-6.34270487543938,-5.90615583100188,6.73503028849794,9.1638461079344,8.36122587043698,4.54847365099883,-20.9788800950419,-15.3121620480851,-9.89759375820577,-20.4305366574775,3.69929625251865,-9.45371267588555,-8.9832270040271,-9.1117349770638,-6.40926268448777,1.32272218485673,1.62077965377321,-8.4036119136999,-4.67879717428073,81.6141305904999,110.060139460547,115.953005960609,-14.0847188912159,-7.75708787870798,16.0257287873026,82.6519008839969,116.157224401258,102.720417687903,116.450815593207,17.5852102324346,8.48635755025185,-8.15881904925808,-6.45998949954026,-2.87038192085248,6.17821916148998,90.6953389231862,7.36157322945218,0.155607518232642,12.4202299060782,67.4720282255523,90.0009700328283,51.15346506093,82.7452222382304,20.8126711025279,9.28157172207244,-8.74949364169592,-15.9852417109662,5.72731323589065,-3.08019843585032,19.1698396125896,21.004475934373,7.31613501895984,-8.84436095780677,-15.4635487930513,-10.3242752719863,-16.4438759716683,0.544891902470397,21.4606714653821,2.70244631230213,-9.37601051334659,-16.3578418320732,-3.69979321853711,-14.2643929310227,-10.5062017649811,16.1798414983279,8.75174952406888,-9.38926147161897,0.913889039751581,-15.6020146831024,-15.632697030755,-14.3853057038237,17.342708067834,1.47780470431763,-3.73675301046029,0.07921950834114,-4.77064092930598,-14.3298780658041,-16.8739354704777,17.7126332783537,8.51762247731321,-9.10520058251794,-1.96681633458144,-7.65613939888587,4.10615940214601,5.42157581772824,9.47794675889958,-6.91613087337242,-1.17171997617933,4.06345447977679,-17.5430100584432,-14.6714971559278,-13.5796090589861,21.2145467087496,8.15307248775841,-9.73129793019342,10.3007516251812,35.4067182646268,90.2925243633516,58.9044839649185,20.7598321165341,9.26187239191313,-1.59901832197806,-5.75735296733762,11.0575589525224,33.6761584370952,-3.15348164705992,20.2483446534255,8.06748747771854,-1.33780447940896,0.00531763565157917,-7.9259373922292,11.7330475842151,26.1916791831494,22.0877932829164,3.6172919924955,6.39456976467972,32.509130091537,90.0801464684799,107.996133941855,90.0080365677226,6.73767270217735,9.17603619571281,-1.03249464687136,26.5670077633977,111.559448545307,114.389673094675,106.095883345989,-13.8574359831975,-2.49307510673336,8.46308759393852,-12.828228500296,-15.4681591034691,-15.4922942774851,-1.69838789920266,-5.89904013450962,-4.34919816734245,2.7915138128989,-2.24767288378561,-21.6648357017029,-21.7694792647693,-11.573198555801,-14.20531011841,-21.2095690165028,-8.50405799137309
876.941173219423,1229.73853310582,1385.22629313737,113.536315915881,-8.9604208194676,12.3006003252956,99.6944457460524,95.0107940417209,109.360210746427,102.927220979392,-1.93265289854602,2.43947551776847,-6.26420581695339,4.74346345099013,15.9468714683544,-2.49654490383597,-6.31909945043472,-5.9399763945068,6.68373472875612,9.12148195891629,8.31465241258653,4.49201896823098,-21.0854261183985,-15.4078461164556,-9.98284368305312,-20.5360351687233,3.64115530388185,-9.46663742494158,-8.98490301272713,-9.11842228645986,-6.38565841799513,1.28283422006891,1.55824586007415,-8.4286867637442,-4.74870666151429,81.5972192861497,109.887426063789,115.906926664611,-14.2194886404009,-7.786078055384,16.1342290652775,82.6541040022811,116.174106879901,102.758333629359,116.446447444902,17.6532433187487,8.44532173348506,-8.14875735130721,-6.64189470345377,-3.04941289395964,6.01190209762149,90.7133793959693,7.36697049093016,0.115959365255435,12.5195833749417,67.4425436330059,90.0172617225091,51.0867900654522,82.7478066584625,20.9040435385997,9.23971988714177,-8.74595221987434,-16.1615582558374,5.56024495451896,-3.25952238999716,19.0295293673128,21.1191893580103,7.2756426813263,-8.84547580593369,-15.6123264890133,-10.5089775401146,-16.6131087267836,0.369518447600512,21.5724005306661,2.64216677139299,-9.39407909803964,-16.5272045830252,-3.88049032650503,-14.3996801225511,-10.6913396930294,16.2898065448983,8.70659501435077,-9.40749209266446,0.879867702571005,-15.7512893961817,-15.8047207329498,-14.5345919594414,17.4519587052069,1.41574372537565,-3.77318695634685,0.0311758748868272,-4.84023724803433,-14.46552476939,-17.0443338042283,17.8254210011208,8.47092950069899,-9.10319892091871,-2.01792801924327,-7.74301845272524,4.09191361462968,5.36709042032373,9.43478303823309,-6.99560014435886,-1.21069977773379,4.04915035615039,-17.7144411611034,-14.8070139086849,-13.7657829259379,21.3305633017756,8.11236885369129,-9.74053100351162,10.1418505328862,35.3045985663549,90.3173722581268,58.8589236119026,20.8509138023688,9.22002670121969,-1.54805007844047,-5.94299925043461,10.9004696879263,33.569944063348,-3.33310547727879,20.3638511496191,8.02678863458425,-1.28608304416585,-0.171274966962841,-8.11121907545274,11.5773766747406,26.0677022885542,22.1978041555484,3.5770681605556,6.47525596351321,32.4004220964713,90.0992628387325,108.041929679603,90.0220841657347,6.73821321847282,9.13432026460248,-0.980006167302037,26.443201046638,111.445090071952,114.419306942796,105.875688974575,-13.9923900264714,-2.53068812288248,8.55037366845042,-13.0123922178919,-15.635556439584,-15.6512292060776,-1.75102575110898,-5.93201789246882,-4.42359286333092,2.73148919715291,-2.31791862351159,-21.7726910898521,-21.8775352898164,-11.6616755956589,-14.2988595009934,-21.3165543550437,-8.58658349194889
875.337262456088,1228.1703140303,1383.68850118443,113.459064911042,-8.95725125700622,12.3247860921273,99.3616988227763,94.5618058995699,109.181717901508,102.965628463334,-1.98654633300168,2.40619018146811,-6.24238432285767,4.80908384348345,16.0414298043721,-2.45579193663136,-6.29748359660317,-5.96854583393804,6.64078713844526,9.08675384882471,8.27608146296137,4.44425245945379,-21.1803772171132,-15.49255267511,-10.0577122686667,-20.6299980923455,3.59180152132308,-9.47719209051485,-8.98557639999771,-9.12350474180658,-6.3640353373593,1.2495966357632,1.50476915602746,-8.44980319564277,-4.81974793774572,81.5840313580914,109.707516934269,115.851610535757,-14.3488285307807,-7.81057097390305,16.2300501352098,82.6594698193945,116.182055046223,102.793287988983,116.432405705503,17.7085561887012,8.41172356000749,-8.13908953377731,-6.80862857247934,-3.21264356607651,5.86201745798624,90.7322901151053,7.36437604790859,0.0828244189994223,12.6076762370826,67.4203208097693,90.0346109392935,51.0312010851188,82.753552928639,20.9812662781823,9.20546247258926,-8.74203126369903,-16.3265479204461,5.40972663038798,-3.42305066846509,18.9049253670212,21.219413536474,7.24242460769452,-8.84565553970867,-15.7539703145519,-10.6791652715148,-16.7723396444779,0.210529018388797,21.6695284769138,2.59080716875314,-9.4091290546811,-16.6865143010773,-4.04523439613735,-14.5294984964049,-10.861927535109,16.3870203877243,8.66932751220537,-9.42268536375266,0.841335921820729,-15.8933963049668,-15.9669480565567,-14.6770840581878,17.5482892833976,1.36267444121077,-3.80385565802632,-0.0200334805429634,-4.91104609754632,-14.5956677477391,-17.2046592879471,17.9248836818364,8.43226583291266,-9.10063498273371,-2.07202801164846,-7.82953620582177,4.07135746947191,5.32116683022025,9.39936775849375,-7.06502021828123,-1.24336966047767,4.0285253744216,-17.8758336004201,-14.9371594531128,-13.9381963136528,21.431997798919,8.07903846523141,-9.74785814660694,9.9997328678792,35.2164079784714,90.343248626832,58.8228736701872,20.9278694390974,9.18577300502491,-1.50222519244463,-6.11231189447375,10.7599624522461,33.4779497756943,-3.49689975165083,20.4651177140945,7.99345456281472,-1.2396093060589,-0.331352948621884,-8.28105545526236,11.4381024093169,25.9587974971297,22.2930229477742,3.54374825744318,6.54716913601618,32.306274464222,90.1194079659505,108.082803866635,90.0371998414853,6.73129225001375,9.10016114781249,-0.932885612086579,26.3343054977111,111.321635397594,114.441219606236,105.649467112956,-14.1218052311445,-2.5622785467325,8.6280182703602,-13.1829449021011,-15.7929837428967,-15.8015194362015,-1.80631076439926,-5.95984770989614,-4.48823469947899,2.68036600110324,-2.3786535308295,-21.8688774463831,-21.9739108748975,-11.7395869809593,-14.3815534201992,-21.4119199653397,-8.65888529758971
858.926118076691,1210.45604156055,1365.52488685843,112.986060257242,-8.93297193369415,12.6989033495346,96.953470836183,91.2434479721387,107.94933708347,103.166068962553,-2.30059560564015,2.01650079968402,-6.03530556057081,5.44095896081626,16.9612953690994,-2.06524236539784,-6.09234409985592,-6.2784959794528,6.14226335992544,8.6580829186868,7.81352435527768,3.90759179284979,-22.0753399449059,-16.3101887357611,-10.8009847473585,-21.5175088787852,3.04305068581212,-9.59083373628422,-8.99992852571359,-9.18211631419203,-6.15892250448076,0.864827187754088,0.924149168730878,-8.67474720809361,-5.29118464834929,81.3033774235431,108.46094003797,115.514350466028,-15.3608526463001,-8.07225503412977,17.1604827525458,82.5195710458141,116.280981614293,102.968587778724,116.392958928239,18.3500654592761,7.99634933983918,-8.05080040684894,-8.30458708039106,-4.70217207530317,4.44108455353066,90.7270276250816,7.50824948850732,-0.296431972753766,13.4579094738563,67.0170550696739,90.0152084521143,50.3314281703271,82.6162244035145,21.8043182937223,8.78083158812694,-8.71051698708843,-17.7147693120757,3.98236496599344,-4.91430400548256,17.660845841897,22.2127966523367,6.83505502370207,-8.85524578311657,-16.8877482001829,-12.1802404882409,-18.0907623314166,-1.26617792277005,22.6426703514003,2.02649921498974,-9.56896989982707,-18.006710239131,-5.54764991818294,-15.5454998060172,-12.3663521899842,17.328663108827,8.21790937923902,-9.58393212619814,0.664890186234345,-17.0309905946902,-17.3028998664285,-15.8107604002444,18.4856650805495,0.786583562549396,-4.14328269595219,-0.313862967556418,-5.37898082666345,-15.614625866592,-18.5317656277093,18.8926145535039,7.9682342652286,-9.08219020397755,-2.38740982717326,-8.43850041118924,4.05642716470294,4.79895609128116,8.96292563520473,-7.76704270075129,-1.61284616408139,4.0133904194989,-19.2088453660047,-15.9528275207876,-15.4344240507819,22.4356603457751,7.66745306191103,-9.82801343213205,8.62053645494979,34.2459986428538,90.3838274204823,58.2845785043994,21.7485950428079,8.76125085459844,-1.06372094595233,-7.65244813124153,9.39547793483294,32.4767157063421,-4.99066220987609,21.4616444263555,7.58215831262356,-0.794629712050153,-1.81784959709506,-9.80287862259499,10.0854379828318,24.8298215341579,23.2557974564342,3.14935108759497,7.23764940977409,31.2840239558259,90.1201070648228,108.335501309142,90.0019228485165,6.8340194958042,8.67724293693365,-0.481167739241471,25.2084159757639,110.509525462643,114.613874743895,104.058181884897,-15.1370101940976,-2.91578371122949,9.37491408724014,-14.6638183689501,-17.0992872500741,-17.0288567629923,-2.13776143241577,-6.26230394872601,-5.15390508194875,2.11799543883308,-3.01461030603326,-22.7731533471846,-22.8796152050185,-12.5058563593116,-15.1839732340473,-22.3100058717619,-9.38268419555058
841.49720061936,1191.43082667188,1345.92547204398,112.513761700127,-8.90749914414928,13.1086074386864,94.5125847088328,87.8719797971035,106.705650652199,103.348236389143,-2.60558246661523,1.59778818241111,-5.81739623400702,6.10509463003791,17.928505279131,-1.6545345518096,-5.87646471747956,-6.60837723866402,5.60678850642566,8.19471054925268,7.31497122333681,3.33321795124675,-23.0125024757279,-17.169141555714,-11.5847055472872,-22.4471356156493,2.4564286809173,-9.71110214712851,-9.0152896822942,-9.24424332351478,-5.94307695171105,0.451938994682564,0.30515573435963,-8.91336482768182,-5.76049258205336,80.9832794646055,107.202227728182,115.175291988646,-16.3952824325107,-8.35009527170163,18.138594858803,82.3426861758958,116.379108355435,103.125338798199,116.354643212992,19.0365591495235,7.54731413510873,-7.95789239329221,-9.86358100520698,-6.25802342737444,2.94932448028283,90.6916183892959,7.67961866421138,-0.70286280748644,14.3512756570809,66.5646802106721,89.9650950247033,49.5715744155173,82.4419002703025,22.6778577647215,8.3216362612639,-8.67745312404983,-19.1486225979347,2.48383882984649,-6.47181317942653,16.3458806460087,23.2591989564057,6.39507290892334,-8.86560945371366,-18.050487473759,-13.740872423742,-19.449437093521,-2.81224229427627,23.6689167268432,1.42406534038602,-9.73819894340303,-19.3673802364784,-7.11678160647969,-16.5840202082804,-13.9304302033534,18.3182821523224,7.7308630437833,-9.75464203410127,0.503107004899675,-18.1976531463494,-18.6786634463293,-16.9724503565216,19.4712200217898,0.172440562783208,-4.50549954426307,-0.598427475840083,-5.8444449320929,-16.6562293941045,-19.8993100341312,19.9100813046967,7.46804551347714,-9.06284226988518,-2.69371090295479,-9.05077308199603,4.06280519918462,4.23929701121881,8.49121210131915,-8.50901978783946,-2.0082216909621,4.01961257180074,-20.5820123810101,-16.9905397354567,-16.986491910765,23.4926868841223,7.22257943105512,-9.91273754658104,7.16829088826248,33.208095468296,90.3940186101497,57.6906370145566,22.6197225371426,8.30218054207643,-0.602763305384769,-9.26031407003279,7.95854573532296,31.4072462350154,-6.55079740721928,22.5105749672593,7.13763617230205,-0.326856398251891,-3.37408131189517,-11.3884638101612,8.66087649242425,23.6309179960182,24.2720666614372,2.72504954736689,7.96303123364538,30.1925105438072,90.0902779857051,108.575745845278,89.9358160643787,6.96223753486365,8.21995437121024,-0.00627147877514744,24.0130990790071,109.693948599129,114.782152081776,102.449874625965,-16.1751024870289,-3.29355779525144,10.1596027384844,-16.2001142770286,-18.445937521723,-18.2912252728638,-2.46154832062015,-6.58425745666185,-5.85906243717886,1.51754947467572,-3.68967360495222,-23.7197334787259,-23.827640098637,-13.3128420312672,-16.0275315404532,-23.2503262371727,-10.1466908274153
840.467858271627,1190.34499096364,1344.82297932945,112.48037570139,-8.90592774310906,13.1305513054095,94.3475224220625,87.6455607780543,106.620464249938,103.364362795154,-2.62869949059655,1.57393088228181,-5.80416391086945,6.14553269453285,17.9873140906811,-1.62955889195081,-5.8633574444172,-6.62771917527999,5.57624279077797,8.168790143341,7.28683085766349,3.30009238804317,-23.0701797164961,-17.221510179977,-11.6319712408495,-22.5043011201898,2.42247545158557,-9.7182655040327,-9.01616363323177,-9.24792072689095,-5.92997056929815,0.428320078451605,0.269030870782899,-8.9274911782415,-5.79381141988188,80.9682354921454,107.116145082655,115.151723033219,-16.4635556335552,-8.36650175911001,18.1981043405014,82.3372156519251,116.386004618012,103.139735620546,116.351604482512,19.0761215579197,7.52220245365609,-7.95224363756128,-9.96092047920703,-6.3545210754024,2.85816832471087,90.6947591363992,7.68639209663343,-0.726206492327094,14.405711730007,66.5422134911093,89.9673127258113,49.5296505356414,82.436611025154,22.729488424938,8.29598255842464,-8.67541734859492,-19.2404864433559,2.39227285313865,-6.56843960245209,16.2671193974614,23.3224739725495,6.37039864099498,-8.86617790683422,-18.1265102966,-13.8389842616999,-19.5370517258144,-2.90748005603103,23.7307607393868,1.38905313550433,-9.74827152777667,-19.4550926561054,-7.21413481770824,-16.6525584956451,-14.0287651169537,18.3785420856779,7.70345917131837,-9.76480421661995,0.488964532015785,-18.2739306211232,-18.7675609174724,-17.0485809465703,19.5311544883232,0.136595031002742,-4.52656947504087,-0.620153060418403,-5.87755913801558,-16.7249597966991,-19.9875108137728,19.971957197649,7.43982083135253,-9.06164503664627,-2.71692349007526,-9.09308048426232,4.05918822459549,4.20715174755708,8.46481457530047,-8.55345626029245,-2.03103033390471,4.01597542866801,-20.6706605221137,-17.0591112515766,-17.0847065984189,23.5566411926712,7.19768925530485,-9.9177986061992,7.08032396045186,33.1481004912859,90.4004030694664,57.6594956848023,22.6712003779036,8.27653254231907,-0.574700990626468,-9.36018848901406,7.87153741560695,31.3451806058342,-6.64758566366081,22.574145809099,7.11275893204353,-0.298381185365713,-3.46995963502749,-11.4875281857902,8.57463019276759,23.5601057609054,24.3331353761326,2.70096597732856,8.00726015083765,30.1290958107868,90.0938831756443,108.59483235852,89.9369349180689,6.96636688606284,8.19439772214784,0.0226296695739734,23.9424428113976,109.637287871076,114.794649745663,102.340211944357,-16.2435411531831,-3.31543968402249,10.2074382112044,-16.2973032183196,-18.532691980523,-18.3730803244004,-2.48571789622289,-6.60312583202455,-5.90100944120971,1.48266694519407,-3.72958554904699,-23.778050312823,-23.8860549945718,-13.3616858725898,-16.0788560715185,-23.3082180088989,-10.192621764738
797.397442444728,1141.91597270777,1294.32361748572,111.174538053967,-8.82300645240994,14.0986249186363,88.7591187048746,80.0113385936088,103.63703123637,103.415315141198,-3.24438815127559,0.566794276393836,-5.28254219789335,7.66780702967003,20.1805914371963,-0.672563704626441,-5.34625020566722,-7.38907209822935,4.27952360520919,7.02745229036017,6.06792264045237,1.92356901282352,-25.1676759678089,-19.1643187994314,-13.4258176175476,-24.5869031631062,1.02155551231539,-9.97374647494138,-9.0284277923636,-9.36884381041196,-5.41277333840654,-0.559923280227935,-1.19712489777712,-9.46428571768806,-6.77775187849136,79.9278898918825,104.096347565988,114.11517250154,-18.7169040005044,-8.99788169010932,20.4153848227535,81.6084023318327,116.285122900052,103.135919049907,115.965720088924,20.6550127641551,6.41707146637788,-7.71504500443879,-13.4987317293136,-9.9067155764522,-0.596932796386682,90.271118030951,8.12940744998744,-1.69402936030986,16.4355633804917,65.2221333838113,89.5121055927099,47.5571009130776,81.7129849712132,24.7192588127869,7.16372638622593,-8.57557974238907,-22.4242837395925,-1.07728606253471,-10.1233848542634,13.1551409017848,25.6908487051736,5.29158703562643,-8.8672964116231,-20.6735350990683,-17.3577893558245,-22.5400158307222,-6.45851154494659,26.0549886972915,-0.0438153107753863,-10.1185881511814,-22.4633310213305,-10.7938970209943,-18.914570543193,-17.5547918968593,20.6210783666388,6.50938016478037,-10.1385202516366,0.191700583677289,-20.8293495377334,-21.8075306547492,-19.5928033625441,21.7625193981374,-1.31764558362076,-5.37333959528638,-1.19668022605532,-6.85183674467959,-18.9938326030184,-23.0089426624394,22.2760362703601,6.21640996627389,-8.99246849169333,-3.33513184477965,-10.3938746243557,4.13633264880281,2.8606075367388,7.30275175215235,-10.2645452128994,-2.9669655570269,4.09307043969184,-23.7013354317649,-19.3166431902087,-20.5634795211242,25.9483909927017,6.10369776086554,-10.0891008715559,3.69088339667914,30.5970060519934,90.0742345618218,56.0364836839328,24.6556533166818,7.14465600554482,0.495383503351917,-13.0208316335016,4.5149323590812,28.7286116160269,-10.208359335294,24.9478923648202,6.01997849173867,0.786768271034788,-7.04261829882643,-15.0808330553371,5.24461311870246,20.6808645122489,26.6356057855751,1.67557860365054,9.66519257307388,27.4648882862567,89.6823910668265,108.777038376489,89.4471695262442,7.31174294266606,7.06722668509377,1.12353442878614,21.0716511686745,107.589648906853,114.835338151786,98.5675913574687,-18.5070163289784,-4.20422836955527,11.9967899581798,-19.742896379172,-21.5128845585033,-21.1543536372562,-3.14699890910222,-7.34598627492988,-7.53881823759505,0.0539802544941494,-5.3075156341265,-25.8941570200294,-26.0050194023473,-15.2015921347448,-17.9911779186043,-25.4119515078528,-11.9473189295975
776.72665531144,1118.73342794744,1270.17420325324,110.500480293852,-8.78075228425439,14.5447481007786,86.0056854350411,76.2674835496572,102.147276629199,103.426713398349,-3.55370854382917,0.092914294901135,-5.03249055391018,8.39103275615912,21.2196094716977,-0.216385554430389,-5.09833655809715,-7.74683382446997,3.66809654724264,6.49015796432499,5.49364507668045,1.2740079879988,-26.1620778648147,-20.084723055354,-14.2749655010857,-25.5741799856738,0.360326289930185,-10.0918843722198,-9.03131590037017,-9.42324358727535,-5.16479329942328,-1.02490293327367,-1.88954326873832,-9.71571118448153,-7.26228016942861,79.4239803863171,102.589176066968,113.574964871536,-19.8049827158642,-9.29411039684499,21.4659095818379,81.2557182516139,116.204782840466,103.120607114309,115.743502493733,21.3931491962548,5.89697664191621,-7.59970814627354,-15.1901339143263,-11.6036638436279,-2.24510515167543,90.0612578670632,8.32461183522551,-2.14938535311973,17.3982542528939,64.5917577620595,89.2873250537045,46.6183338218508,81.3628364664083,25.6545267918724,6.6307678212759,-8.52532886095091,-23.952120373297,-2.73219563458662,-11.8216813756698,11.6723940679383,26.8103884567544,4.78394373806631,-8.86491598350435,-21.9007925749691,-19.0414423186913,-23.9828193858029,-8.15349916986153,27.1526317370299,-0.720317817472846,-10.2911345764245,-23.9085847695479,-12.503890860306,-20.0067787883007,-19.2418767849166,21.6837628653474,5.94694060142234,-10.3126785304225,0.0340794952571741,-22.0606197304307,-23.2691128327903,-20.8197012268816,22.8192516512857,-2.00440988289836,-5.7714948882809,-1.48740889769974,-7.33184452943732,-20.089303755078,-24.4605784844351,23.367271354158,5.63999957441803,-8.95671892956548,-3.64568323145247,-11.0294044732412,4.1570605853021,2.22537487290251,6.75561258365806,-11.0741074210714,-3.40726849877333,4.11374862936142,-25.1575555328795,-20.4068979887548,-22.2293797610569,27.0791150159224,5.58888626235961,-10.1673255800763,2.07560916125712,29.3833702427025,89.912660567771,55.2643003027562,25.588383683469,6.611876883268,1.00520805829359,-14.7693092218927,2.91515793919945,27.4837801199618,-11.9094159282282,26.0707324194466,5.50573715197783,1.30367898291445,-8.74781783954163,-16.7986010278744,3.65732372871128,19.3100500299336,27.7220917393982,1.19310112748147,10.4527075830901,26.197706412709,89.4789728434346,108.847214522506,89.2054626087948,7.46058636238055,6.53664616151997,1.64782611146447,19.7045120393187,106.554103915483,114.827917305513,96.6945784706481,-19.599774091082,-4.62224375729252,12.8462325550291,-21.3929859056441,-22.9446708741928,-22.4922748493584,-3.47774413279453,-7.69498311240196,-8.31333216457568,-0.620525520771139,-6.05339067932863,-26.8974618134844,-27.0096912260969,-16.07277292451,-18.8969988385351,-26.4093372349757,-12.7777413576374
775.263273996102,1117.19508614321,1268.61451783587,110.445682094965,-8.77806890653895,14.5732067069092,85.7616210844497,75.9355620476636,102.017864171713,103.446573551079,-3.5883228611865,0.0601735009547326,-5.01365564773684,8.4473674158113,21.3009948352665,-0.181313434345498,-5.07967443646234,-7.77324052696557,3.62597986779136,6.45449676553542,5.45488350512892,1.22829520151197,-26.241991932936,-20.1572424394838,-14.3403767079493,-25.6533812235339,0.313460565278007,-10.1013353617353,-9.03203531407698,-9.42785956864671,-5.14612800380593,-1.05730507444667,-1.93943489229741,-9.73484833531251,-7.31111381585049,79.4010702066276,102.458496497767,113.534640360397,-19.9024760622673,-9.31642177829633,21.5482844720677,81.2465632920695,116.208970612266,103.137966620788,115.732962644869,21.4463678909186,5.86245065013154,-7.59137444031606,-15.327140073324,-11.7393375693186,-2.3730261890741,90.0637266432532,8.33176880468238,-2.18139744661417,17.4737737107188,64.559508408592,89.2885250643923,46.5593443879916,81.3539431500684,25.7248120924672,6.59547922413523,-8.52200611787154,-24.082105971864,-2.86066542374371,-11.9575388729785,11.5619797184303,26.8975493678489,4.75003592370885,-8.86521479618807,-22.0090137398935,-19.1796811578432,-24.1070145411053,-8.28724050547049,27.2376571648017,-0.768659179417,-10.3046274587412,-24.0329086165204,-12.6407423382266,-20.1046417114628,-19.3804249520448,21.7672056392838,5.90920623759575,-10.3262958626696,0.0119999087239648,-22.1691979366221,-23.3952644682296,-20.9282147495571,22.9021350890454,-2.05391077669134,-5.80031960269341,-1.52010159069263,-7.38040284196634,-20.187434119988,-24.5855947620894,23.4528486310982,5.60111923517141,-8.95455217385199,-3.68043490654077,-11.0907978782909,4.14967980911644,2.18102832959349,6.71928244443063,-11.1355776041372,-3.43852797054666,4.10633622993006,-25.2832175056542,-20.5048295504961,-22.3679215489643,27.1672318665975,5.55467203095782,-10.1738482782256,1.95234212102625,29.299337101262,89.9199194893772,55.2203346115918,25.6584549549769,6.57659637309717,1.0445638883092,-14.9096633816474,2.79320544064856,27.3968644769641,-12.0454968114065,26.1584243119232,5.47154144452421,1.34359712634802,-8.88243795472386,-16.9379977589876,3.53640628293084,19.2108439244507,27.805908620719,1.16003865461462,10.5142853745062,26.1089613387282,89.4821848402719,108.870656318435,89.2050635183906,7.46407095435674,6.5014903427103,1.68831936592022,19.6054727894486,106.465685740208,114.840701669267,96.5299881105166,-19.6974802727585,-4.65220578275319,12.9127414140323,-21.5300986819944,-23.06764719105,-22.6085238629124,-3.51379073056466,-7.72073166464372,-8.37133437390776,-0.668686011591291,-6.10855794706765,-26.9782668140754,-27.0906328225717,-16.1403824163991,-18.9680638366085,-26.4895501387634,-12.8412932398795
689.773287990297,1018.38239413078,1164.45788131298,107.776924710434,-8.58600616782383,16.4847122409487,75.6974370796796,62.2854765935315,96.4573547879659,102.890555743313,-4.52127963364987,-1.93172193908595,-4.00378519661257,11.2927012503955,25.3648592177375,1.63234825982082,-4.07799899626727,-9.22148004130119,1.05045158921877,4.14896838472777,3.01086251890624,-1.4774214428553,-30.0726059739173,-23.7481730361914,-17.700125332405,-29.4609408112463,-2.43044352775632,-10.5518149844153,-9.02133219180919,-9.62357577183707,-4.14403500731365,-3.0028672202186,-4.78717154614614,-10.7321232829344,-8.91505289995391,76.9099810271473,96.827024615041,111.27879602561,-23.8264631376838,-10.5001191948994,25.6547622408453,79.2935442021531,115.518044885365,102.488836774528,114.586088333447,24.4477281716998,3.63102240006975,-7.11067143794114,-21.8300634788144,-18.3146116069082,-8.87083118276942,88.6520964377283,9.30791206048795,-4.07761070672314,21.2390494674446,61.5670796709693,87.8217366020725,42.4420548036606,79.4090596025077,29.4532378859066,4.30587559799761,-8.29911867074929,-29.7801577419322,-9.38394988295306,-18.5358140422186,5.57855545810952,31.285071792875,2.5787450856935,-8.83418332529598,-26.4818838136826,-25.5994107729659,-29.4481068886737,-14.9056692307995,31.5496763944905,-3.5636027410898,-10.9754265589032,-29.3853764407049,-19.2622333882993,-24.043406920905,-25.8123519476219,25.9181926951054,3.50843743104309,-11.0034725529893,-0.34630848174902,-26.6565216501773,-28.7969668920324,-25.3915510161654,27.030867732168,-4.87780751120508,-7.43086427329857,-2.39437907537257,-8.96443148218006,-24.1386092005229,-29.9574329112756,27.7167234265507,3.14720436579685,-8.78770362432056,-4.61704460378706,-13.264332319783,4.46808544222915,-0.476243051054496,4.37192362850328,-14.366657559924,-5.26208081989179,4.42532458819358,-30.6647188291386,-24.4296256819664,-28.6697150617233,31.5962913835679,3.34717862865799,-10.4613793846812,-4.47614897081078,24.213174499861,88.6696794081397,51.6954889739748,29.3773889445706,4.28788543943361,3.06591145424173,-21.6669880554197,-3.57791086808436,22.201804893845,-18.634324732792,30.5527056005198,3.26711557932708,3.39226399469322,-15.5382946273236,-23.5341912423427,-2.7878874967883,13.5940285499314,32.0821075243693,-0.876777524350558,13.6046260525398,20.8294136934296,88.0895687406463,108.569127227867,87.6795989845967,8.26017007030458,4.22294346929345,3.76567805315355,14.0060937289155,102.530602369532,114.357083983671,89.6149074646897,-23.6441308579153,-6.3740160963527,16.2417086171939,-27.7757400702618,-28.3760083848557,-27.5322552514427,-4.5374674202906,-9.13369597508711,-11.4878349761665,-3.45657946599854,-9.13146897082905,-30.8376807269343,-30.9544750224659,-19.5716011531715,-22.5116689554073,-30.3298095024416,-16.1400251241472
683.696459185605,1011.55198259371,1157.33637288312,107.585129281803,-8.57377295122052,16.6186139421394,74.9005742926706,61.1998637369479,96.0283853783648,102.893750124086,-4.60964395589502,-2.07292116674606,-3.93007339586197,11.5063539342879,25.6720217783355,1.76701790996276,-4.00491870509973,-9.32789514152637,0.868444222844232,3.98871635622922,2.83973780641841,-1.67057527219646,-30.3663103758609,-24.0203081100771,-17.9514886570707,-29.7525684371927,-2.62699998060117,-10.5870790811383,-9.02246701330114,-9.63996417506723,-4.0709365903295,-3.14137693801706,-4.99283189845514,-10.8069228081987,-9.05505297431981,76.7609614422454,96.3929329524559,111.125371661131,-24.1444093977315,-10.5882214620187,25.9653017955314,79.1885346843202,115.497497663427,102.484279599398,114.524856237508,24.6674439320408,3.4758759952457,-7.07681193315628,-22.327580656893,-18.8140781901584,-9.35657548293685,88.5894697164753,9.3680704507295,-4.2132158665589,21.5235325440371,61.3798370377491,87.7547067774223,42.1638386314853,79.3047835128531,29.730781535382,4.1468954422931,-8.284521156041,-30.2283319889695,-9.87169738567371,-19.0356665964192,5.14092718176749,31.6163225761863,2.42733071978404,-8.83376033977518,-26.8409612178465,-26.0943223436836,-29.8710042192756,-15.4048868446058,31.8745981010076,-3.7646183081475,-11.0268157023255,-29.809009181224,-19.765542464547,-24.3625659143685,-26.3082724990439,26.232293625628,3.34078921924043,-11.0553385833855,-0.390008466662294,-27.0167764292671,-29.2252017429833,-25.7503647410305,27.3432871850738,-5.08178961622843,-7.54934517496562,-2.47729548522011,-9.10308201956772,-24.4587296438264,-30.3829178138976,28.0393318069297,2.97544246116203,-8.77739355080953,-4.70576456649098,-13.4487773523294,4.47690243664752,-0.66521101557305,4.20875093586599,-14.6064803981228,-5.39316560531321,4.43413241249547,-31.0915074238974,-24.7481672789232,-29.1590835587376,31.9308272330022,3.19360675611634,-10.4848108346603,-4.95257984173097,23.8541570306083,88.6209457229239,51.4661820803877,29.6541863280187,4.12895919937245,3.21642859951996,-22.1816022963287,-4.04976453009209,21.8336321293727,-19.1349921073086,30.8848287876898,3.11371643220323,3.54487963524429,-16.0405265193015,-24.0394594985928,-3.25604348833016,13.1890436599965,32.4038508952702,-1.02057523331698,13.8372568105522,20.4546170065021,88.0287318148727,108.590220277867,87.6076678149752,8.30664666808349,4.06468021205654,3.92048355556139,13.6022479829714,102.23384655224,114.357052476831,89.0744453591196,-23.9634875840321,-6.49843766571735,16.4926673729312,-28.2604660220379,-28.7957107424695,-27.9241242501064,-4.63220470010265,-9.23751474209411,-11.7174371554422,-3.65701024456675,-9.35271974330914,-31.1339800701886,-31.2511728379763,-19.829387159142,-22.7795528244008,-30.6243835808039,-16.3859287063958
683.130104484482,1010.95580722705,1156.73162764666,107.567713854803,-8.57298886544629,16.631013927859,74.81016603526,61.0754327925688,95.9822710235536,102.903494735969,-4.62234573859763,-2.08614756475413,-3.9227952190989,11.5288327475864,25.704811669992,1.78084635455923,-3.9977104098453,-9.33868697437126,0.851541051009207,3.97439977349811,2.82418266600541,-1.68892779788561,-30.3984912175223,-24.0494979578559,-17.9778035986131,-29.7844609431942,-2.645818620261,-10.5911450045203,-9.02303941061919,-9.64209283968091,-4.06372959754708,-3.15448068806955,-5.01287236301269,-10.8148425500574,-9.07343948551321,76.753214664933,96.3463237602911,111.113383809301,-24.1822766358034,-10.5974006259483,25.9984811518027,79.1860953795791,115.502340190607,102.493066365219,114.524224489939,24.6896499656179,3.46200286086275,-7.07375835795597,-22.381613596758,-18.8676315610555,-9.40712515515648,88.5918851480758,9.37202348146201,-4.22617664841414,21.5538564068488,61.3678283373509,87.756604034387,42.1408979410675,79.3024450201537,29.7596940228845,4.1327279045943,-8.28347734784904,-30.2793421798712,-9.92247873383519,-19.089292511657,5.09732923663216,31.651657870933,2.41369082155228,-8.83416188592722,-26.8831471003496,-26.1487981282354,-29.9196479677083,-15.4577303066775,31.9091515365951,-3.78403262866536,-11.032495026303,-29.8577072129214,-19.8195770653017,-24.400581539818,-26.3628734328587,26.2658892396174,3.32564590081307,-11.0610677246108,-0.397709024702749,-27.0591045115547,-29.2745450653779,-25.7925967273864,27.3767167603856,-5.10167630556816,-7.5610772641576,-2.48921140851658,-9.12135477661948,-24.4968524288009,-30.4318896171308,28.0738429804182,2.95984180475722,-8.77681840168069,-4.7185196924105,-13.4721736879175,4.47506696713725,-0.68301248664693,4.19417212100669,-14.6312015373308,-5.40584068130715,4.4322857099516,-31.1407305011431,-24.7862024525716,-29.2136263232242,31.9665405403299,3.17985388281107,-10.4877131315655,-5.00134494412805,23.82107189411,88.6251479572884,51.4492808632862,29.6830136625806,4.11479466669738,3.23197746524937,-22.2370509722312,-4.09799112493138,21.7993857391615,-19.1887085332085,30.9203150985727,3.0999700304757,3.56066038446653,-16.0937299900429,-24.0944605589782,-3.30384103842172,13.1498976147207,32.4379868717729,-1.0339177493185,13.8618543518572,20.419611007786,88.031396840072,108.601670075704,87.6089577171021,8.30912608334492,4.05056552449395,3.9365040926501,13.5631936084939,102.203540685843,114.36495597071,89.0147580195522,-24.0014464838875,-6.51060972987926,16.5192874443403,-28.3144342131815,-28.8438718315511,-27.9695569740366,-4.64549235409754,-9.24804380264845,-11.7407562931334,-3.67635187602608,-9.37489276702584,-31.1665212912863,-31.2837693091726,-19.856591212615,-22.8081544552747,-30.6566853035316,-16.411491824301
680.734563831647,1008.26154003805,1153.92190643296,107.495719271335,-8.56839014104426,16.6851578092048,74.5002709457373,60.6518487740522,95.8171025796437,102.906461408396,-4.65643719517098,-2.14243632971952,-3.89372180871635,11.6137218494426,25.8271333124012,1.8342055427344,-3.96888874267316,-9.38122148299863,0.779090437682413,3.91059825107385,2.7560615286726,-1.76581655577246,-30.5154561929214,-24.1578648710089,-18.0778906271734,-29.9005980504128,-2.72406347980854,-10.6054306280926,-9.02375260900629,-9.64886967675798,-4.03490294405321,-3.20971003586303,-5.0947441557428,-10.8448331978543,-9.12805264572978,76.6953270800944,96.1791321804062,111.056303434411,-24.3076351235481,-10.6326730428496,26.1221395055693,79.1455142954752,115.497152053745,102.492992330232,114.503257241656,24.7778174866815,3.40022202200012,-7.06055216886088,-22.5786622529256,-19.0655010632464,-9.59962358786458,88.5683421804847,9.39692026261562,-4.28026122980376,21.6670556540422,61.294251060158,87.7313010017878,42.0309387391653,79.2621519048411,29.8707415010745,4.06943172720423,-8.27793513706987,-30.4565918763708,-10.1157848188667,-19.2873146851384,4.92391541035437,31.7837637629068,2.35338239386346,-8.83425343833125,-27.024878616273,-26.3447681629918,-30.0868064878482,-15.6555560078696,32.038805773913,-3.86405381858398,-11.0531902213684,-30.0251605018623,-20.0189835161261,-24.526422610607,-26.5592458715465,26.3909535818559,3.25890722834072,-11.0819525798386,-0.414058249989239,-27.2013034871434,-29.4437465640322,-25.9341566714489,27.5011643880273,-5.18288290349867,-7.60838862591456,-2.52112054055144,-9.17542835638656,-24.6230758240342,-30.6000764132239,28.2023440971591,2.89146895786746,-8.77298631281809,-4.7527511106683,-13.544440661069,4.47957971392694,-0.758234205295622,4.12921398475714,-14.7266885443903,-5.4581397564111,4.4367960521798,-31.3094294702816,-24.9117912326551,-29.4073462514139,32.0999483658414,3.11869531767053,-10.4972997518309,-5.19020973291452,23.6788735300403,88.6070048126325,51.3587906828163,29.7937649133237,4.05151973966488,3.29164362081829,-22.4409635241562,-4.2850247328856,21.6535402022703,-19.3870556250356,31.052713316143,3.03887940682787,3.62116694612848,-16.2927617687973,-24.2946014841366,-3.48939086621334,12.989432621829,32.5664361912685,-1.09122990768921,13.9543071908705,20.2711066541764,88.0085201317727,108.612005647568,87.581737224198,8.32858049445284,3.98755464872178,3.99788985242216,13.4032046599461,102.090358097157,114.367568089322,88.8057498118466,-24.127371317329,-6.56027169142988,16.619070979604,-28.5063059173948,-29.0097644163178,-28.1243536157358,-4.68212828632369,-9.28954626847377,-11.8321698557428,-3.7561404072635,-9.46297784731991,-31.2845206956755,-31.4019275541925,-19.9592384161384,-22.9148267935631,-30.7739969646625,-16.5094027209471
679.614481062798,1007.07722754578,1152.7182232124,107.460629362134,-8.5667485212501,16.7094891485176,74.3229970243596,60.4082385092539,95.726107274688,102.924141158135,-4.68107606002081,-2.16853250537082,-3.8793680949079,11.6577579054539,25.8912595046112,1.86136381966165,-3.9546713552094,-9.40237900441292,0.74570467990452,3.88224010578989,2.72528941170708,-1.80200442752491,-30.578297032001,-24.2149432834223,-18.1294297366789,-29.9628834174887,-2.76114991796354,-10.613308519878,-9.02477517613454,-9.65294721991847,-4.02068727691059,-3.23554380874901,-5.13418865165971,-10.8603018882318,-9.1637940221444,76.6789905878211,96.087161230312,111.031726464376,-24.3814314469379,-10.6506280201107,26.1870252906005,79.1395161195672,115.505326018901,102.508807654165,114.50079598494,24.8212740763319,3.37274566282002,-7.05446579883122,-22.6843882982428,-19.1703621924128,-9.69877555464569,88.5717730242942,9.40478108146198,-4.30579245637153,21.7263810791401,61.269672922891,87.7337253480498,41.9851518138284,79.2563488499299,29.9272757459772,4.04136352658702,-8.27578680208774,-30.556170468275,-10.2153861710154,-19.3923141858242,4.83815706332553,31.8528356153138,2.32638496979351,-8.8349426429337,-27.1071288755358,-26.451282833104,-30.1817234150875,-15.7590996591808,32.1063488207716,-3.90229018488802,-11.064239496115,-30.1201860800423,-20.1247762611523,-24.6005069223401,-26.6660031161883,26.456651276036,3.22893575413843,-11.0930994775437,-0.428937621954617,-27.2838300988574,-29.5400285150922,-26.0164984094633,27.5665264042833,-5.22202294862473,-7.63143366070943,-2.54424857087128,-9.21094412793104,-24.6973692318982,-30.6956290912819,28.2698224225967,2.86060469222164,-8.77175275731739,-4.77749276727076,-13.5899547536582,4.4761472902986,-0.793357436453306,4.10033580306694,-14.7751564125709,-5.48308503153626,4.43334264554537,-31.4054615355462,-24.9859048617579,-29.5139221278284,32.1697572803114,3.09146083945811,-10.5028867994635,-5.28595236226155,23.6134377748517,88.6139136381736,51.3247180922885,29.8501331303631,4.0234577940677,3.32216410587304,-22.5494963799351,-4.37972157977043,21.5858554959012,-19.4922316126003,31.1220836527314,3.01165922050185,3.65213910295043,-16.3970039833989,-24.4022032023515,-3.58325457076754,12.9122743556875,32.6331610920791,-1.1175752585288,14.0024745583248,20.2019461080739,88.0124390938769,108.633006456765,87.5829787823098,8.33356038325923,3.95959295413971,4.0293289185918,13.3262256854887,102.030171137475,114.381681413893,88.6883289802463,-24.201352969572,-6.58420421119772,16.6711799980158,-28.6117674603847,-29.1037530723789,-28.2129810744206,-4.70792264364471,-9.31018767497105,-11.8779351152884,-3.7942358708749,-9.50653382111381,-31.3480557878995,-31.4655690913451,-20.0124906260272,-22.9707718256431,-30.8370706654869,-16.5594928518074
678.866450252718,1006.25545107216,1151.86939389766,107.440010093931,-8.56559171297263,16.7269713846466,74.2200411960005,60.266275978144,95.673229926107,102.930575438726,-4.69362979029458,-2.18643230237561,-3.87007560648638,11.6858586741468,25.9321085537644,1.87879273499993,-3.94546428328286,-9.41636747134746,0.72278590825843,3.86233581147886,2.70390792663775,-1.82653495429997,-30.6177752746517,-24.2512017791622,-18.1625904783197,-30.0020514636923,-2.78618529786812,-10.6183349374154,-9.02535203400313,-9.65550839057479,-4.01148111212845,-3.25317711845912,-5.1605610723158,-10.8703728426364,-9.18326969853373,76.6643778208249,96.0336416182355,111.016597383494,-24.4247244289001,-10.6623756873206,26.2283317822311,79.1308933080961,115.508410531482,102.514181107793,114.498226478171,24.8503776284374,3.35345996371419,-7.05045609137412,-22.7501923470487,-19.2361145919206,-9.76200274781812,88.5690745660229,9.41225946791562,-4.32313221854045,21.7641224143553,61.2495275851561,87.7304121432614,41.9521788285676,79.2478317266278,29.9642236544902,4.02163414527578,-8.27431040636012,-30.6164245437049,-10.2788962911168,-19.4581328445231,4.78218050100347,31.8970208371935,2.30750239262525,-8.83530907140252,-27.1558504763797,-26.5170706843666,-30.23876328214,-15.8245185048371,32.1496914488655,-3.92797894756413,-11.0713473044227,-30.177313053334,-20.1910804500355,-24.6439703938956,-26.731934350244,26.4984401382088,3.20803548564928,-11.1002699713515,-0.435468539258949,-27.3327154820503,-29.5977800403037,-26.0651712163953,27.6081386797995,-5.24818726887779,-7.64683126054246,-2.55596555016899,-9.23025389198807,-24.7409624086316,-30.753037401,28.3127835470018,2.83915128758056,-8.77085412861305,-4.79010023493908,-13.6154393172255,4.47669065508614,-0.817279022171306,4.08007283352885,-14.8065979415806,-5.49993332621932,4.43388059923379,-31.4630940972423,-25.0293241816529,-29.5792706012936,32.2143882913921,3.07235697443721,-10.5063993689986,-5.34760211080945,23.5689104786138,88.6131133490791,51.2986534808726,29.8869797740981,4.00373403795442,3.34171194824788,-22.6174110161886,-4.44073118811838,21.5400174762439,-19.5581607291925,31.1663719862306,2.99257169281404,3.67197355751523,-16.4628472169973,-24.4691128367243,-3.64374662519447,12.8610851739899,32.6760881185554,-1.13573120438971,14.0331503557378,20.1551848383097,88.0099724011526,108.641902413283,87.5789979347167,8.33921740668455,3.93994691928478,4.04946304078899,13.275190122073,101.995215909424,114.387647964471,88.6202158343277,-24.2448075343598,-6.60028310752125,16.70435059864,-28.6764593762459,-29.1603019295444,-28.2659412448277,-4.72128153487412,-9.32383949567534,-11.9078591977159,-3.81984189222098,-9.53521769807287,-31.3879216768311,-31.5054944590257,-20.0466093025686,-23.0063964185668,-30.8766788795128,-16.5918414294351
647.546634782147,967.700631284945,1110.26764273389,105.957740515349,-8.4438329925664,17.2515220070319,71.0021620299924,56.1688305683927,93.5083423132735,101.904579634807,-4.84744828176719,-2.82304096191535,-3.53038702107543,12.4724930684022,26.987471759137,2.42267268174203,-3.60769769139216,-9.81058595410266,-0.12407232929371,3.06911985492425,1.87881536740935,-2.68926414035056,-31.5530573086645,-25.1732221201574,-19.0713294725306,-30.9360891777322,-3.65154020680887,-10.6824312515253,-8.95701361783594,-9.64709018843953,-3.6730995673278,-3.86484541425105,-6.03531127383289,-11.1067587420366,-9.50468055195168,75.2534411620185,93.8443821883542,109.596016571466,-25.3303985646795,-10.9602901941972,27.2937707692749,77.8460158360284,114.443382934999,101.467054043497,113.338665515648,25.6320529203196,2.58817014795412,-6.85049829665601,-24.5146295438051,-21.0620223254386,-11.6640019348057,87.3807993256712,9.71875891555675,-4.90885958770306,22.7566288101515,59.7825260549417,86.5320425548173,40.2986428638757,77.9640220700104,30.9163905564742,3.23178584411315,-8.14531139882732,-32.0328360959747,-12.1849672877966,-21.2827468754231,2.89605465870929,33.0139657670815,1.57108362968182,-8.76217539880761,-28.210160669589,-28.2144144801382,-31.5422466547052,-17.7025849917202,33.2457261217274,-4.79819541984793,-11.2016083984284,-31.4852127797232,-22.0231211197369,-25.5522025873839,-28.431144223329,27.574474697956,2.39159791227192,-11.2322928883264,-0.450594601411552,-28.3898030021141,-30.9187580744516,-27.1205262230098,28.6706936586051,-6.11458526487627,-8.11609337390541,-2.71059054658082,-9.5446327646543,-25.6521742245134,-32.0611489306691,29.4114198607514,2.00966317763888,-8.65528446034375,-4.94400032817231,-14.0721152878464,4.62594176197766,-1.67468303243052,3.27171506030024,-15.7076360525223,-6.05125934234181,4.58384489031624,-32.7667327689569,-25.9287393504331,-31.205096856992,33.341011341232,2.31722095338208,-10.5196497809903,-7.27744402980485,21.7784532811268,87.462916611375,49.7426759410188,30.8369422934583,3.21433709402962,3.93797540467702,-24.4696567478166,-6.36025950214091,19.7343572369764,-21.3852151389626,32.28801225521,2.23917160505673,4.27418118416517,-18.3472110038552,-26.2471740576035,-5.55498533205173,11.00880124245,33.7605754021151,-1.79666511761789,14.8761271422399,18.333988355276,86.8286413829394,107.664967756613,86.3667545704203,8.59903850284752,3.15462254930523,4.65779533524201,11.4266131654277,100.22175659532,113.363772608891,86.1467420558884,-25.1599191188473,-7.10865009821811,17.6006110134018,-30.2931684557217,-30.4644126629898,-29.4544833992528,-4.90448691308663,-9.70766752814026,-12.8011858585756,-4.68891169499099,-10.4222924012135,-32.3247490157962,-32.4425673071598,-20.9594375686217,-23.9256826191622,-31.8124693326932,-17.4967317512416
598.091034204543,905.571263189367,1042.74705634085,103.234267843872,-8.21787564676561,17.9405883152972,66.0555776700433,50.0683861799288,89.9046898257774,99.7857816340591,-5.00707929807533,-3.75054390944936,-3.01426673020543,13.547888077229,28.3713850322383,3.202334424469,-3.09392241810204,-10.3362069342532,-1.37733154609884,1.87350667090428,0.644318158913109,-3.94897400966349,-32.7303311862883,-26.3727684192352,-20.2913068139183,-32.1155725414666,-4.90880218081728,-10.7160485284016,-8.80643519070003,-9.58037819709955,-3.15805279342882,-4.74893047473421,-7.29073934680028,-11.3915354966197,-9.88004303955583,72.7320239072505,90.2032571182183,106.927138182035,-26.4612867441834,-11.3366668413904,28.6903115027276,75.4857976731276,112.23111004662,99.321578291023,111.009025531081,26.6414238045008,1.436585850592,-6.51936458440269,-26.923636741349,-23.5855780246125,-14.3638813753456,85.1066898092025,10.1387422696894,-5.74803623955091,24.0724175498583,57.2623823794887,84.2483311499468,37.6245713709079,75.6044706558201,32.1384292687408,2.04002330396287,-7.91053634481526,-33.8747366570849,-14.8878143492445,-23.8029288860614,0.122553460810195,34.455470405148,0.468455414017058,-8.60573843814012,-29.5414402797165,-30.499087894973,-33.2199093893613,-20.3267202977255,34.6569685749022,-6.055075928582,-11.3294309183347,-33.1698236286638,-24.549717800193,-26.6854117294109,-30.7171836976795,28.984451030046,1.16644316974836,-11.3625149312683,-0.435548028213788,-29.7239679879729,-32.623350618966,-28.4580759588734,30.0552954165105,-7.35723237098233,-8.76313025662824,-2.88483330439826,-9.90929097982649,-26.7891124037595,-33.742198076243,30.8443222778881,0.76786884632611,-8.43712499862346,-5.10307163873802,-14.6159522369278,4.84891772454986,-2.9332341638264,2.05259331008668,-16.9383223993482,-6.83243252344613,4.8081857425901,-34.4363718045863,-27.0462861077062,-33.3634516601843,34.7944779475904,1.18227672634333,-10.4794393287664,-10.0493885834117,19.0204770300381,85.239729239861,47.150866569682,32.0562745620208,2.02334997752715,4.78510996899263,-27.0103128747535,-9.12266026550924,16.9671793565676,-23.9083453821164,33.7394814158461,1.10728407708575,5.128053089975,-20.9766450737969,-28.6652206423081,-8.31000016356919,8.230847235787,35.1532845121639,-2.76657714809255,16.0193077828376,15.5522668114757,84.5667130578645,105.589507868477,84.0648804057915,8.95761688504248,1.97009408277447,5.51843653505972,8.65219191461574,97.1278590493964,111.206246418756,82.155820649519,-26.3059895040475,-7.81975642343221,18.8057638208784,-32.4440142832617,-32.1502102837816,-30.9759467665365,-5.10731748500788,-10.2186361303693,-14.039580569325,-5.94482895315383,-11.6670836398202,-33.4992431985224,-33.6166510530549,-22.1730630694033,-25.1293786452087,-32.9887926888166,-18.7213660639335
566.869456808476,865.850490444703,999.39183436697,101.380589992947,-8.06264523534657,18.3278361403604,63.0048209865687,46.3822002585134,87.5746252239544,98.2587165453835,-5.07215946475955,-4.31074153682826,-2.69540035155379,14.1661577003701,29.1418546268769,3.66608208333878,-2.77628178888975,-10.6339699377242,-2.14166823904816,1.13524610660761,-0.114161329345052,-4.71020287708848,-33.3632064600213,-27.0364497969557,-20.9839295668676,-32.7514602802645,-5.6659311496305,-10.7126555544591,-8.69562303851671,-9.51869817541069,-2.83949607059287,-5.28002513155946,-8.04026303420122,-11.5396051097276,-10.0631221799113,71.0270501488327,87.8499152406368,105.090046905645,-27.059313020749,-11.54076438787,29.4675088019823,73.8675076369474,110.638633603253,97.7803744100509,109.356294366341,27.198573915158,0.726205744196534,-6.30434397569016,-28.3031954032685,-25.0446295541869,-15.9565682431306,83.5183544197241,10.3844737834003,-6.249114954161,24.8112397714895,55.5903143963107,82.6562988807775,35.9079056298816,73.9861955896801,32.8083676182553,1.30363214079267,-7.75070123695204,-34.8873591800966,-16.481106087821,-25.2593291755694,-1.55480625814164,35.2479658763225,-0.209583440032077,-8.49185770043582,-30.2534318483035,-31.7926155748475,-34.1336523790308,-21.8567350659687,35.4315494674846,-6.80884848768446,-11.3819212879784,-34.0879708051699,-26.0081916913739,-27.284252116963,-32.010976773585,29.7688705508371,0.412219122985135,-11.4163824094308,-0.40692960810145,-30.4372111862147,-33.553513097477,-29.1754950496509,30.8222410210459,-8.09880449263156,-9.13908717220636,-2.96421239003922,-10.0857256283273,-27.3899430015183,-34.6565823194037,31.6385753137655,0.00462483067263975,-8.2860934928128,-5.16752774399131,-14.8884883216796,4.98950826051643,-3.69653165774827,1.29958339899696,-17.6465666424183,-7.29528267461146,4.94973753607135,-35.3418320161308,-27.634504007702,-34.5715905310769,35.5932707921837,0.482678928494664,-10.431651762045,-11.6988185192064,17.3008318147848,83.6795362019166,45.4589036390518,32.7247955297061,1.28747468374289,5.28586194640937,-28.4709062823507,-10.7685761823614,15.2473454584295,-25.3662711952859,34.5390895231158,0.409746962388908,5.63208420223776,-22.5082713648717,-30.0457732982963,-9.95336047516403,6.52834542458709,35.9161953283026,-3.35522185016276,16.6725253052503,13.8269319286701,82.9863454575814,104.077987721946,82.4629269264432,9.16912439258982,1.23834520868539,6.0256783897338,6.95114593935108,95.0763821692055,109.642859294232,79.6211075410809,-26.9137694292539,-8.23727336906788,19.4899503937361,-33.650023682884,-33.0718660007318,-31.8002670957197,-5.19859706541024,-10.5077677081515,-14.7603930044442,-6.69831879172631,-12.3982355501553,-34.1283408934812,-34.2451803648625,-22.8567124321662,-25.7989605923705,-33.620388445099,-19.4210872403102
521.43747638471,807.543913555856,935.561370459684,98.535468215862,-7.82332766951853,18.8383617818994,58.627903998363,41.175744605582,84.1167647403836,95.837771983511,-5.13212916607952,-5.09751503983591,-2.23885177457026,15.0012343629573,30.153035763868,4.31054954394666,-2.32124666783724,-11.0303032283339,-3.22356568940774,0.0805039143597241,-1.19378261913909,-5.78010302980118,-34.1670235490112,-27.9024944487359,-21.9087591942758,-33.5613417684725,-6.72721036334451,-10.6813328439935,-8.51752511909265,-9.40799033785839,-2.38300698834254,-6.02274000811079,-9.08377016088315,-11.7209096791631,-10.2755859035292,68.4280050250593,84.3585832313203,102.25131219552,-27.8100122589707,-11.801587433535,30.4871814932536,71.3792359351829,108.112447846741,95.3415880810207,106.75589176446,27.922489655594,-0.287922635241586,-5.98509197306507,-30.1623054275244,-27.0266193132064,-18.155807933974,81.0476503802678,10.7187855429665,-6.94647427136593,25.7885446981859,53.0739201986075,80.1827143576825,33.3821130060411,71.4975320854117,33.6740293523807,0.251023498581958,-7.50570605945484,-36.2044452251596,-18.6798712714625,-27.2369244599288,-3.91680815014689,36.2757092597238,-1.17521047003424,-8.30996454006149,-31.1565917756847,-33.518961621635,-35.3121784110501,-23.9494864785338,36.4343527917754,-7.86200300420697,-11.4280292719199,-35.2729088799182,-27.9867123883644,-28.0354540869999,-33.7370824543132,30.7977463172376,-0.662929992957373,-11.4643469174839,-0.348008215924665,-31.3415968834572,-34.7555113422816,-30.0882579161815,31.8240856771953,-9.13087858003175,-9.65064799912398,-3.05029694326768,-10.2886603061702,-28.1436569862283,-35.8344803126089,32.6767691639832,-1.08208579499646,-8.05211555843371,-5.2263117858262,-15.2133436298654,5.19104198415413,-4.77235580829995,0.223499302460368,-18.6033358591013,-7.93541104153363,5.15276888003379,-36.5049836163943,-28.3695217903336,-36.1680923933063,36.6288656373372,-0.515488198820833,-10.338142401737,-13.9920625691747,14.8231581512264,81.2458933346998,42.9405480159361,33.5887004335757,0.235643278308942,5.97823577549559,-30.4454297565225,-13.0593631375337,12.7752790487113,-27.345730588453,35.5781530671759,-0.585288826864769,6.32819141458361,-24.6015359243206,-31.9013842013057,-12.2426681813734,4.10659514464959,36.901935956861,-4.18508140051452,17.5501460987307,11.3507782810119,80.5276348261979,101.666624207413,79.9764496288367,9.45845198279284,0.192554256925575,6.72532140806371,4.53064072630838,91.9799106862225,107.154213692195,75.9060382647349,-27.6788034391421,-8.81038366305441,20.403952578,-35.2461609834337,-34.2647754649093,-32.858505684321,-5.2954897222821,-10.8922085947508,-15.7434557555895,-7.75140129694989,-13.402892983539,-34.924559268491,-35.0402502937366,-23.7633268024319,-26.6770006906392,-34.4216376597879,-20.3605678067271
486.676857694671,762.90646926711,886.684845352183,96.3224932265993,-7.63781161726421,19.2151828660871,55.2541252659183,37.173372036018,81.4386531962903,93.9593415733994,-5.18040154544359,-5.69188912732731,-1.89062303258855,15.6298425219506,30.9088508029778,4.79883829264016,-1.97413446316479,-11.3260698054817,-4.04278709266673,-0.719255323891232,-2.0119919387502,-6.5893071834016,-34.7640533937603,-28.5490123630702,-22.6020541567917,-34.1631927740705,-7.52953054635866,-10.652611305562,-8.37822325114085,-9.31950640535565,-2.03476057818011,-6.58332240533424,-9.87175632559219,-11.8531921226072,-10.4378097461393,66.4255240945093,81.6549195090617,100.043430960249,-28.3745467939701,-11.994199008605,31.2493485969421,69.4606701142168,106.144004383192,93.4496020340759,104.729791216369,28.458462518016,-1.05669715767503,-5.73961610614366,-31.5658778755564,-28.5243448048523,-19.8211465014539,79.1381792115613,10.9644244516828,-7.47228107435556,26.5206419734795,51.1417943157903,78.2714029628468,31.4507198246561,69.5786438456294,34.3160265679146,-0.547174014837566,-7.31600867814554,-37.1953523354499,-20.3446151706539,-28.7312444919161,-5.71046679179308,37.0410526127885,-1.90682735899428,-8.16786580295657,-31.8355635173441,-34.8207885821605,-36.1984290547926,-25.5321055293319,37.180437197964,-8.65774994497717,-11.4577955778726,-36.1640288868394,-29.4814265713478,-28.6002891595979,-35.0386448411146,31.5668309060682,-1.47793160052534,-11.4955087245834,-0.307669759540445,-32.0214367065166,-35.660132316122,-30.7751963915894,32.5720734593895,-9.91016524226721,-10.034401665561,-3.11919288012545,-10.4436613537627,-28.7103600940616,-36.7200731736177,33.4520309146169,-1.90571994214034,-7.87056173056713,-5.27365755471145,-15.4591974369176,5.33773760986801,-5.58641637466344,-0.592522796480239,-19.3220634081876,-8.41740307410016,5.30060908818542,-37.3791772062402,-28.9219874909208,-37.3706544127567,37.4000610324192,-1.27205665960413,-10.262339748374,-15.7298951746053,12.9353107327737,79.3650455894632,41.0113425166669,34.2293923493321,-0.561958364511938,6.50225901289311,-31.936196615453,-14.7957092290097,10.8924380754347,-28.8414228890744,36.3525655260683,-1.33945407491622,6.85489846095059,-26.1842812289924,-33.3016433493054,-13.9782396483194,2.26490892016996,37.6346564005091,-4.81250428367782,18.2100613181595,9.46544888515366,78.6276552364584,99.7922764371109,78.0552826094734,9.67040778634971,-0.600453152666589,7.25453518103335,2.68964591320021,89.5759862484465,105.216217751446,73.0333579255808,-28.254238110175,-9.24117441010888,21.0902823549703,-36.4487807414875,-35.1622903014943,-33.6544451318249,-5.37167824453523,-11.1790003928535,-16.4831690771293,-8.54713257539935,-14.1598388587204,-35.5155486722378,-35.6303263393705,-24.442128251588,-27.3330646156161,-35.0166267156327,-21.0655401770043
440.326228825785,701.991109105717,819.469206530283,92.9243102462368,-7.35140604308303,19.5550556967623,50.8862215794355,32.2305106065809,77.6407187455597,90.8861429291371,-5.15490710012163,-6.39484376994662,-1.44881867765589,16.2781986393873,31.5941447720239,5.36019745605333,-1.53303192423661,-11.6092626664849,-5.03835295022523,-1.71961983724738,-3.02393869187144,-7.5503805285075,-35.2185862536454,-29.1185820947095,-23.2809924586553,-34.6288921584722,-8.47393876559127,-10.5366126023401,-8.14321178083111,-9.13999757080335,-1.59179634665122,-7.23664961494408,-10.7781249305165,-11.928015951012,-10.5086210198346,63.4213000864102,77.8240678295017,96.6049627316122,-28.79160785494,-12.1431109399198,31.9394062045184,66.5260381411593,102.909396817568,90.3657684618664,101.452911511547,28.9135135542159,-2.01584159820601,-5.39414261598699,-33.0102226539727,-30.113632211105,-21.6968377187192,76.1395445487548,11.2145863852769,-8.07477057676019,27.2101246141474,48.3351148533851,75.277543661566,28.8053243388083,66.6424428908853,34.8486617780727,-1.5471244805062,-7.0270149973789,-38.0712831001751,-22.2155423993035,-30.3144939605127,-7.86861801091274,37.6931265846669,-2.81261982176787,-7.93108239610828,-32.3659860739322,-36.1090422200861,-36.9511890896183,-27.254801986476,37.8096914864255,-9.58424393342852,-11.4080600807853,-36.9232312823654,-31.0591357666453,-29.0158008085429,-36.32474935722,32.2624097116503,-2.49051510185427,-11.4471980483818,-0.214376577396337,-32.551317565435,-36.4368934804768,-31.3217450364841,33.2346917850812,-10.8054011567149,-10.4381896155704,-3.13633957679525,-10.5053242331257,-29.1272520977575,-37.467515022036,34.1411154728726,-2.92530219707697,-7.58718500533537,-5.24615583088168,-15.5902851570112,5.51418527830923,-6.56219817713566,-1.61410789308403,-20.0608727263011,-8.95730687564644,5.47884524714939,-38.1065451160367,-29.3190920985152,-38.5118026186909,38.0561821073917,-2.21424311272288,-10.090930545053,-17.7336295264051,10.4983274975708,76.3946020531675,38.2873841031383,34.7611653218799,-1.56104336649807,7.09390220186023,-33.4883751029039,-16.8051561327381,8.4789305100162,-30.4254687157435,37.0198597990006,-2.27807870200526,7.44708485050742,-27.9018475372997,-34.7273934437481,-15.9931797067108,-0.02265816876168,38.2455034701981,-5.56405308386877,18.8760133000148,7.06006068139679,75.6432256483126,96.6847360498108,75.0524172041784,9.8896854488429,-1.59338472574174,7.84673065332322,0.400268974165982,86.0226561479672,102.01206249378,69.0877391285291,-28.6861015297563,-9.7102955470162,21.7660823230834,-37.5978229414426,-35.9381227523479,-34.3157711715658,-5.37966618128118,-11.4522276777358,-17.2725342562125,-9.47456839688317,-14.9906499287088,-35.9561026052929,-36.0687565014371,-25.0872015257576,-27.9249738939901,-35.4664483376697,-21.7722341182163
413.286958972276,666.078682607238,779.705157215854,90.7417936639272,-7.1692886933912,19.6779391628511,48.2946948975622,29.377850030786,75.2830208885899,88.8966591780467,-5.12720950078794,-6.76174254412091,-1.19985822430743,16.5842107968855,31.8711307609272,5.65330041490493,-1.28418886447321,-11.727854209878,-5.57114191838494,-2.26560316162569,-3.57217412338733,-8.05614004307689,-35.3566970312663,-29.3396041575906,-23.5809616195232,-34.7750433496956,-8.9675605574256,-10.4383447713677,-7.98692828493222,-9.01115636255277,-1.34173373253081,-7.57347170403493,-11.243418385225,-11.9306017934092,-10.5170469004652,61.558160347672,75.4475815634881,94.3894650221031,-28.9329166751793,-12.1858934898669,32.2179372485157,64.6919715351404,100.788995979177,88.3719542633842,99.3126995796625,29.0704142787078,-2.53811970793602,-5.18569919473379,-33.7041477176527,-30.8966270688625,-22.6644165227245,74.2390591716623,11.3143229378332,-8.38085992292861,27.5036468630097,46.6303567024447,73.3824614285012,27.2522772922534,64.807150354082,35.0297715914784,-2.09342636817588,-6.84451146115035,-38.4359517919431,-23.1788111526413,-31.0935201571097,-9.03592648471638,37.9318425967483,-3.3029043917483,-7.77450254727374,-32.5584182200252,-36.7070942218998,-37.2515698474026,-28.1203562863179,38.0352796375941,-10.0644448925095,-11.343569733428,-37.2272493515772,-31.832708328961,-29.1555403116015,-36.9209258258814,32.5429849066309,-3.04079848892623,-11.383368850464,-0.16494951278969,-32.7428628716337,-36.7523778588855,-31.5265853764088,33.4938529426521,-11.2644618659577,-10.6270738612775,-3.13863834161643,-10.5087208494733,-29.267398451356,-37.7633199632147,34.4119888300603,-3.47806743965678,-7.4059826653657,-5.2170641298469,-15.6158442813238,5.59131310603878,-7.07922003937715,-2.1721447748006,-20.4041371915186,-9.22603835939631,5.55706910017891,-38.3892571123528,-29.4477283391688,-39.0211642736878,38.2959866432581,-2.72652585449296,-9.96350582143299,-18.7842810387486,9.1188369569292,74.5092120997063,36.6607602090116,34.9420765492061,-2.10682309987591,7.3981750827285,-34.2401007261751,-17.8619447125286,7.11883778738404,-31.2045787120339,37.2692560418526,-2.78819184041734,7.75051769008608,-28.7624915494924,-35.4055661909932,-17.0556201972876,-1.28625669367752,38.4593979444824,-5.96042328857111,19.1834168995088,5.70903169139315,73.7522856681988,94.6571517334541,73.1529925787047,9.97660390856028,-2.13567011218136,8.14887456023317,-0.865738146478762,83.774935025618,99.912321420639,66.6743594832539,-28.8358987066607,-9.93755966726305,22.0696073752413,-38.1144547136705,-36.2544458575596,-34.5741542571615,-5.36969960471195,-11.5658219763079,-17.652577704691,-9.95563791533628,-15.4008322074692,-36.0841501267946,-36.1952732236304,-25.3627296912281,-28.1621255297881,-35.601169772761,-22.0923252014084
387.311166885467,631.171375463631,740.908053057381,88.4866667018385,-6.98127524026805,19.7376824816676,45.8157601835995,26.726062476233,72.9234997459777,86.8040201449942,-5.07842414390517,-7.08194136566249,-0.967994830973026,16.815841521922,32.0310477343463,5.90544554898068,-1.05218142889896,-11.8038108487707,-6.04773327581239,-2.76458910876215,-4.06917785298117,-8.5001551130328,-35.3778784563064,-29.4557039148725,-23.7875337977993,-34.8054236869991,-9.39758351682454,-10.3179275614882,-7.82029863438925,-8.86678226324015,-1.10843780836758,-7.86345465290651,-11.6403229943767,-11.8988262783784,-10.485012631533,59.6632200411942,73.0703839534922,92.0900121819524,-28.9669824599906,-12.1904689419451,32.378179145929,62.8125660716424,98.5497020964891,86.2772824189844,97.0629391545909,29.1321648598974,-3.01445452900984,-4.97931813004912,-34.2349518834544,-31.5184265573936,-23.4821124602094,72.2706742472763,11.3787887594813,-8.64003325682296,27.6914456031983,44.9230763646687,71.4216079421914,25.7425059676438,62.926233358713,35.09489187694,-2.59324492537019,-6.65710728181085,-38.6475782721996,-23.9910485909071,-31.7110549101953,-10.0797178511744,38.0392985812009,-3.74742375227682,-7.60823085544409,-32.6286432091237,-37.1400581705913,-37.407285927543,-28.8271318167981,38.130734042189,-10.4787196556977,-11.2516256136132,-37.3864086954683,-32.4430310085642,-29.1874811396258,-37.3515161619544,32.7040529645382,-3.54132699445594,-11.2919153915254,-0.111424020903087,-32.8117014160323,-36.9228842189879,-31.6108586978903,33.6326176235551,-11.6555567495704,-10.771254602577,-3.12345109098199,-10.472055963754,-29.299372314703,-37.9132487185872,34.5587570236916,-3.97953213730722,-7.21810780501926,-5.16670914523954,-15.5838865726177,5.65263822067138,-7.53662656875372,-2.6825137039942,-20.6603842244078,-9.44817017632002,5.61951746237918,-38.5251600140658,-29.4684942792582,-39.3649872835528,38.4033052016496,-3.19308065015048,-9.81760379438469,-19.6909217220582,7.8236350102386,72.5528760197607,35.0545254796196,35.0072852549037,-2.60611959526011,7.65537574463251,-34.8230052125756,-18.7769790493811,5.84758024543403,-31.8218572538051,37.3882321713911,-3.25255790408063,8.00590841034895,-29.4628344755657,-35.9167252157255,-17.9782264361283,-2.44273277934329,38.5431527455951,-6.31024636469834,19.4085317651398,4.45024890617475,71.793812065297,92.5137686612943,71.1891052583175,10.0333308659298,-2.63163142328222,8.40191681068134,-2.02553772013393,81.4856953747497,97.6918478440826,64.2941008157333,-28.8781233279577,-10.1192575019793,22.2826332288002,-38.4677359747977,-36.4279369092862,-34.6991839628764,-5.3365873783367,-11.637651651739,-17.951188409546,-10.3710495110823,-15.7341486566478,-36.0938200415518,-36.2031905589436,-25.5412959599705,-28.2967125011818,-35.6184757795429,-22.322022364845
384.312993402219,627.291850196898,736.649111893488,88.280102295739,-6.96409301956587,19.7642795837327,45.5213305597433,26.3832262658859,72.6813541491367,86.6265922291848,-5.08159053151125,-7.12983652775566,-0.938640210077239,16.8644150094119,32.0866329570783,5.94487798410016,-1.02290025895707,-11.8256763890926,-6.11464789862204,-2.83063953056194,-4.13646679726051,-8.56566427761857,-35.4194314328562,-29.50276406395,-23.8398157594598,-34.8475121352832,-9.46230954248952,-10.313053534011,-7.80677854171152,-8.85725971284647,-1.07904831661969,-7.90834648386013,-11.7033315921068,-11.9070225652674,-10.4964380097478,59.4818349447281,72.8260668777649,91.8831466605203,-29.0076999660363,-12.2036330570496,32.434215759153,62.6375173576801,98.3616271010759,86.098831809556,96.8702689502423,29.1698941781351,-3.0778588868298,-4.95760004916238,-34.3443847894873,-31.6363335673988,-23.6158462841263,72.0941325077745,11.3963544310185,-8.68184077891695,27.746089085915,44.7511387770197,71.2451124178294,25.5751433931653,62.7511325371965,35.1401200200513,-2.65920455527761,-6.63965235359846,-38.7216015582171,-24.1246112292713,-31.828633258822,-10.2272552348251,38.0942247744651,-3.80755458075515,-7.59452723376418,-32.6780565708447,-37.2403386127823,-37.4728746936995,-28.9527312732476,38.1840127118753,-10.5426458953474,-11.2514153293128,-37.4524079780167,-32.5604693932651,-29.2281724770597,-37.4517251032417,32.7605942639495,-3.60847058207756,-11.2918121814484,-0.108342075660431,-32.8611449790712,-36.9901440796314,-31.6611943974021,33.6871675674779,-11.7178353628346,-10.8007062419967,-3.12879726516732,-10.4828824473633,-29.340193594297,-37.9786654256208,34.6153677165614,-4.04729496864769,-7.20120067863805,-5.16977815873227,-15.6011143861274,5.6632654617371,-7.60276483394617,-2.74994148840545,-20.7155157971875,-9.48613144388905,5.6302475389964,-38.5894853244783,-29.5080901778347,-39.4564811481347,38.4586366198681,-3.25542403829317,-9.80891609876397,-19.8315636186839,7.66409749422222,72.3786979189536,34.8851795144403,35.0524246309522,-2.67202646951499,7.69738221608003,-34.9395587862301,-18.9177123315468,5.68892099576163,-31.9395241528364,37.444082247546,-3.3146867861376,8.04805576739747,-29.5882946779601,-36.0254883436661,-18.1190845569365,-2.59604011530531,38.5952032105338,-6.36108056456405,19.4591111097048,4.29171388647609,71.6181877108794,92.3352773767369,71.0118308941735,10.048398149774,-2.69714933521017,8.44417900369488,-2.17889143076194,81.2646398581082,97.5066272631107,64.037556861912,-28.9197694761557,-10.1527879182222,22.3347374052794,-38.5594434427761,-36.4946915529003,-34.7578709710961,-5.34202055615324,-11.6588068617192,-18.0087012178675,-10.4349994106236,-15.7936150578733,-36.1347024233477,-36.2439712833986,-25.5919605569532,-28.3448388142602,-35.6598024911684,-22.3756196106412
382.758901623977,625.298675532983,734.467540478149,88.1800462171137,-6.95576242555394,19.7806501265293,45.3683544902246,26.201752816956,72.5600703241371,86.5425923591323,-5.08418311550503,-7.15609330315085,-0.923102979269302,16.8923379749404,32.1201210558888,5.96661332762532,-1.00741240307725,-11.8386870675714,-6.15089626286947,-2.8660133391501,-4.17266466307173,-8.60147401165111,-35.4458769067597,-29.5313948110015,-23.8705118135887,-34.8741705169471,-9.49781556905917,-10.3116741458328,-7.80049765085722,-8.85323205904926,-1.0635094668455,-7.93310409709287,-11.7382062785922,-11.9127825614909,-10.5041008956029,59.3924256799044,72.7036410743405,91.7834815245271,-29.0332534483522,-12.212068432726,32.4679886824328,62.5519331669001,98.2730527630265,86.014209242437,96.7789451008395,29.193381431646,-3.11185545837313,-4.94661327103567,-34.4070737657855,-31.7031792407324,-23.6900850984298,72.0088833204454,11.4068600923635,-8.7050556368962,27.778560071538,44.6650583507619,71.1597842374267,25.4891582815519,62.6655358973098,35.1683662464933,-2.69450819328783,-6.63113724495462,-38.7660520199958,-24.1988193851606,-31.895328345883,-10.3071503401636,38.1280644473244,-3.8399013198203,-7.58812291643721,-32.7086880649804,-37.2985327882116,-37.5126940394999,-29.0233182364784,38.2169726656019,-10.577862552626,-11.2526288598683,-37.4924424750459,-32.627178730627,-29.2537394979598,-37.5099073324389,32.7946786087031,-3.64452472957895,-11.2930875796055,-0.106986848895232,-32.8918155803744,-37.0308157666903,-31.692209191847,33.7202964389457,-11.7523237503377,-10.8176197939496,-3.13230985870284,-10.4902259121419,-29.3658437006646,-38.0184566220791,34.6497077615006,-4.08373373548316,-7.19304527937463,-5.17233033308349,-15.6125047386196,5.66935846178872,-7.63878786890949,-2.78603804526763,-20.7473345990189,-9.50740264317444,5.63639080061704,-38.6287740281413,-29.533111355446,-39.5102911915619,38.4927382595699,-3.28887833266884,-9.80544836030447,-19.9089847726768,7.58006741833519,72.294779112478,34.799298064127,35.0806125842347,-2.70730365233361,7.72070157630618,-35.0060918442469,-18.9950709724363,5.60511310214888,-32.0062799555098,37.4783445419502,-3.34803444746898,8.07149233425814,-29.6588849038213,-36.0880283285954,-18.1964135892977,-2.67804185448121,38.6275479704996,-6.38880361012023,19.4884192776734,4.207804471299,71.5333806152818,92.2513526187544,70.9260496600261,10.0574074592257,-2.73222383593385,8.46772403055802,-2.26087237379478,81.1558304231416,97.4195698781871,63.9073810040687,-28.9458044095482,-10.1717879370807,22.3652042817416,-38.6132555936423,-36.5350075601867,-34.7936870556359,-5.34584847004523,-11.6714196227316,-18.0414460598967,-10.4702150637375,-15.8271203450314,-36.1608811396028,-36.2701096682846,-25.6220166857575,-28.3738910317638,-35.6861578349113,-22.4068310827154
380.047475018282,621.841393298005,730.69094515994,88.0116723011174,-6.94177728514627,19.8114534153365,45.0992745219937,25.879150289374,72.3514595221243,86.4041192842679,-5.09004988206273,-7.20313216675314,-0.895678507422573,16.9437297791309,32.1830913714217,6.00579830902402,-0.980085190303186,-11.8629373201336,-6.21546116552865,-2.92861447967134,-4.23688856364099,-8.66557552817812,-35.4968383698326,-29.5854674469782,-23.9275157007718,-34.9254356796503,-9.56149425131191,-10.3103583667242,-7.79023178406401,-8.84706911511763,-1.03609820549826,-7.97759400229674,-11.8010539863729,-11.9242539355683,-10.5196017097407,59.2412014894708,72.4930215010398,91.6164838002838,-29.0826593626608,-12.2282948489501,32.5315087877969,62.4079952950111,98.127104667862,85.874541417611,96.6276818792501,29.2379819692993,-3.17205353716818,-4.9277003633561,-34.5225155894583,-31.8255894818236,-23.8244843753317,71.8666020338128,11.4262186957275,-8.74691913539304,27.839252927182,44.5181940573318,71.0172627979556,25.3401895049157,62.5215928022494,35.2221801736563,-2.75696313525818,-6.61678804680105,-38.8499628344072,-24.3332210440582,-32.0174974012391,-10.4498221827436,38.1922900705143,-3.89727669176675,-7.57761410249243,-32.7675059600081,-37.4064310721126,-37.5882990778071,-29.1519603448182,38.2796198684784,-10.6411671358816,-11.2560005981437,-37.5684232266302,-32.7494584214412,-29.3031967873984,-37.6178103066841,32.8587950590037,-3.70842795577576,-11.2965733847638,-0.105251569255884,-32.9507259211924,-37.1079195751625,-31.7516216259923,33.7828126725708,-11.8144912105169,-10.8486284936189,-3.13956610593333,-10.5051630881661,-29.4154616823547,-38.0940759071775,34.7144767615171,-4.14837198567125,-7.17939758418854,-5.17813772700052,-15.6352360387839,5.6801917050158,-7.70314390227543,-2.84990614867485,-20.8059261130095,-9.54593639535726,5.64730786770166,-38.7035870081786,-29.5816445995357,-39.6107582210891,38.5574744237301,-3.34814049768848,-9.80038657667045,-20.0484811671601,7.43237232037134,72.1549684442363,34.6516699762288,35.1343123605288,-2.76971347307402,7.76289523379808,-35.1283522862886,-19.1343494448762,5.45756644032299,-32.1285695462345,37.5432656633715,-3.40711576734931,8.11393324129118,-29.7876077113847,-36.2034117223177,-18.3355483327485,-2.82345318065647,38.689127472372,-6.43833469689143,19.542569225582,4.05991946131108,71.3918512791772,92.1135603710435,70.7826770885871,10.0739572275325,-2.79428080512021,8.51040103871411,-2.40621007876386,80.9707372256414,97.2764361113177,63.6816376512922,-28.9960456248645,-10.2063973981851,22.4217334272808,-38.7136150405687,-36.611363549145,-34.86190036727,-5.35392183982999,-11.6949476329114,-18.1013304592678,-10.533504160783,-15.8880674174682,-36.2114619218111,-36.3206330399134,-25.6781120235962,-28.4285615626106,-35.7369905090313,-22.4645599755921
339.063514189856,563.336048231569,664.448603725495,82.943647896842,-6.52575764746538,19.3436470178655,41.1027625134898,22.2736881083748,67.6530721241137,81.4810296780473,-4.85133872532485,-7.39093929102218,-0.598739734298263,16.7349449391212,31.4588785282742,6.13118562362541,-0.680574843835643,-11.6242467372822,-6.61775622414397,-3.45267189905599,-4.72070086306097,-8.95826911447749,-34.5113465845053,-28.883644802747,-23.4967628299302,-33.9673915897925,-9.81165288164938,-9.87970809235817,-7.37571224669676,-8.42919910425267,-0.733491398276684,-8.10700351492248,-11.94708543193,-11.5542496611718,-10.1446152918774,55.3240214736292,67.7701131271179,86.3794224616321,-28.252975110259,-11.8933521383093,31.797499753706,58.4107783933556,92.7389792132368,80.9658421893492,91.2849665288004,28.4989266670828,-3.66220639420671,-4.54683995528669,-34.1386302406461,-31.6292669908256,-24.0946368661143,67.4978433678413,11.2071362833409,-8.81735861606059,27.2699173064537,41.2301796630495,66.6815934890608,22.8319078648456,58.5191743051915,34.3119769727938,-3.28700461163619,-6.2107068936398,-37.95505435002,-24.5826318613567,-31.8105472384838,-11.3757201809223,37.2388322413284,-4.32864551827923,-7.1695471306658,-31.8756938150887,-36.8215416935514,-36.6616242973645,-29.1356910716279,37.3111853059807,-10.8413846769073,-10.8326869288831,-36.6465050021756,-32.513203985814,-28.4646487909329,-37.0240536561038,32.1160817854894,-4.21169027761883,-10.8726937264976,-0.0046117389493503,-32.0519713437708,-36.209735906411,-30.9033153354192,32.9884552075167,-11.9531942175396,-10.7208891815439,-2.99642598136691,-10.1249691668986,-28.5737280164357,-37.1459364515674,33.9029805417237,-4.64004687028756,-6.75680276585864,-4.93497670306711,-15.1128063457544,5.62333698833895,-8.0395933117242,-3.3897630152603,-20.5244463795117,-9.54906312668916,5.59277671331687,-37.7209883796864,-28.7215380732141,-38.8546538961307,37.5932380523695,-3.8215935274021,-9.35365860194341,-20.5356420800272,5.6910017238867,67.7876148540905,31.7612161433701,34.226754113529,-3.29876585550808,7.84427574629451,-34.7913675810325,-19.6574218849174,3.80130019825398,-31.9181498753565,36.6206385282282,-3.87625803904069,8.18325488399026,-29.7456503932007,-35.7481184700253,-18.8901476734471,-4.10409460786936,37.6966434895686,-6.6835461650916,19.2520144879306,2.45784676603955,67.0468715357754,86.9748186939381,66.451332485738,9.88441814756878,-3.31852285007474,8.56578707888602,-3.70198396519861,76.0854650921654,91.9221032754379,59.2268665415701,-28.1787657784466,-10.1420783513762,22.035426627879,-37.994512601182,-35.734126381342,-33.9761753105312,-5.12666904236646,-11.4560786606012,-17.9483892183589,-10.7381892882715,-15.8403584534865,-35.1916347541909,-35.2955674990759,-25.1634729964961,-27.7821514599008,-34.73995215399,-22.1035823815199
333.872040811288,556.062773089415,656.259433513225,82.3591991448217,-6.47768206672434,19.3057126759116,40.5968811186536,21.7908229789701,67.0939372829998,80.9208339972216,-4.82803230172968,-7.42669382905841,-0.558479982525043,16.7307031621864,31.4049144697549,6.1575874558303,-0.640080293334904,-11.6077363675283,-6.68185469859374,-3.52880618188493,-4.79318833651861,-9.01077475894311,-34.4260253455192,-28.8289778808252,-23.4713745228621,-33.8850373524878,-9.85957686493263,-9.83443954779237,-7.32906422827888,-8.38360454162138,-0.692645856826246,-8.13579709006565,-11.9838627666466,-11.519677361513,-10.1103774440765,54.864285793937,67.2077409854102,85.7776665016639,-28.1828724800563,-11.8640617612916,31.7426991900589,57.945096926591,92.1282499158834,80.4067576497771,90.6773270088135,28.4373688385089,-3.73398575140151,-4.50074383555665,-34.1376896313317,-31.6502902045238,-24.1684505289889,66.9940416134907,11.1912703498492,-8.83910503957414,27.2312937314129,40.8373660965996,66.1811581288422,22.5196376222128,58.052946888362,34.2356681271409,-3.36371365577817,-6.16354244500518,-37.8899686728358,-24.6542870053684,-31.8303791016105,-11.5207866305928,37.1614570399929,-4.39333103487667,-7.12348840330331,-31.8023298934122,-36.797039914336,-36.5903736516487,-29.1776471511866,37.2317325533073,-10.8839708620886,-10.7897866327176,-36.5758797509142,-32.5300204211157,-28.3936391260256,-36.9986288814954,32.0605730630759,-4.28609767181665,-10.8297734144072,0.00687932034399807,-31.9779144451922,-36.1419358795501,-30.8346653092178,32.9270316617743,-11.9889751538409,-10.718259026284,-2.98355764495221,-10.0899944879262,-28.5024408757983,-37.0724511245177,33.8405389382181,-4.71349570580131,-6.70815732538203,-4.91118522905029,-15.0656480624572,5.62149611265697,-8.09675076220742,-3.46797691113619,-20.515172247653,-9.56265199096978,5.59120732602736,-37.643630442473,-28.6479612471587,-38.8097355884292,37.5149111154419,-3.8913120956275,-9.30543329906456,-20.6338626248685,5.45912941616554,67.2847505811918,31.4095411091981,34.1506824180436,-3.37535634797077,7.8671174215403,-34.7976730818613,-19.7593100520301,3.57835435216315,-31.9376612803776,36.5466971666215,-3.94546527535111,8.20492521824617,-29.784957135919,-35.7397123853376,-18.9952703735289,-4.28711722733144,37.6143388015777,-6.72613865739362,19.2401911619285,2.24042909394808,66.5457881448038,86.3924607949127,65.9510711352799,9.87067455280449,-3.39449027250258,8.58608738281656,-3.88655067759267,75.5146084212023,91.3157115107649,58.6875102339001,-28.1102445153872,-10.147292521425,22.0144429865806,-37.9534169246279,-35.6682913973312,-33.9066640452887,-5.10531531329883,-11.43930272068,-17.9529657168805,-10.7812363309638,-15.8562756580317,-35.1026017165607,-35.2059683980121,-25.1290235433115,-27.7334692743655,-34.6533824209507,-22.0857205690817
326.085148373365,544.702221776787,643.31451184726,81.2744105243451,-6.38935184011912,19.1710377074818,39.8173747100484,21.1335279125518,66.1172094586173,79.8621832776779,-4.77316126644979,-7.43613967474165,-0.507537850251609,16.6461661178234,31.1910859515996,6.16004148553843,-0.588467815503122,-11.533730521054,-6.7291896437435,-3.60581207993575,-4.85972236363007,-9.03292582249269,-34.1597159471546,-28.6265561251367,-23.3300304874447,-33.6249079348498,-9.87211934680765,-9.73371514884937,-7.23845737257751,-8.28931110580096,-0.640362633163065,-8.13341146275231,-11.9727441296374,-11.4240572098204,-10.0170865079027,54.0503789744903,66.2266128540159,84.6542788711039,-27.9600686752649,-11.7732610213268,31.5262306733879,57.1085094913336,90.9599477086707,79.3520714456998,89.5212543310819,28.2302965259979,-3.80474320693384,-4.42413267662253,-33.9714579691737,-31.522697921539,-24.1408007079695,66.0688334917091,11.1222002540067,-8.82480959634977,27.0555956807714,40.1694937464874,65.263869744646,22.0358922817035,57.2151697211532,33.9827762034849,-3.4422088749785,-6.07779867930165,-37.6274451762111,-24.6217482815234,-31.7004820257527,-11.639932830745,36.8924693026585,-4.45234438905133,-7.03456559763029,-31.55841348409,-36.5894232798819,-36.3264156277398,-29.0874096095748,36.9600839760484,-10.8851484531043,-10.6874511331764,-36.3127575676958,-32.3931715657119,-28.1687330115633,-36.7889374279695,31.8417031401145,-4.35738037682312,-10.7272250019953,0.0243609581071809,-31.7323194320748,-35.883982482926,-30.6008113614008,32.6970227858514,-11.9766217105655,-10.6653750656638,-2.95006605679849,-9.99589631075997,-28.2766805521461,-36.8034855257635,33.6049575029731,-4.78157519125878,-6.61804860105174,-4.85532526189878,-14.933049262268,5.59603175709618,-8.12890870233474,-3.54779128149109,-20.4074803055586,-9.53499679120934,5.56622049954782,-37.3672267513273,-28.4187069248313,-38.5676132147309,37.2430743853109,-3.95882331787276,-9.20360065281774,-20.6528927273003,5.15370488491669,66.358797335682,30.8357429902406,33.8984840827522,-3.45365232487438,7.8571682389419,-34.6373191154684,-19.7869114815049,3.29268568405207,-31.8068679168324,36.2846364064487,-4.01209780622793,8.19196752411817,-29.6886426269208,-35.5568364769892,-19.030382277782,-4.48685126265745,37.3375855087782,-6.74722493394,19.1345893248796,1.9677425868077,65.6258308125976,85.2818407958877,65.0352169932496,9.81045394378026,-3.47192523399694,8.56968132240158,-4.08997646708202,74.4811308966357,90.1551425971169,57.776828212842,-27.8897239041926,-10.1066673912086,21.8846769398831,-37.7199998766502,-35.4153075010547,-33.657502615612,-5.05152998664697,-11.3657667887699,-17.874301463497,-10.7834638488714,-15.8013730404173,-34.8285620476083,-34.9307489214709,-24.9687791834853,-27.543534023408,-34.3844739347267,-21.9601181606482
295.41239758917,499.232458398872,591.267521400325,76.6632945425548,-6.01517289853525,18.5141313360601,36.7081255432947,18.6459261616686,62.0435677265554,75.3402306302267,-4.52606548385982,-7.40154856095518,-0.322101408516843,16.1869312157476,30.1341610862066,6.10973525304441,-0.399877285387632,-11.162464707705,-6.83628277625854,-3.84848402347779,-5.05308751133495,-9.02828079767826,-32.8874148709036,-27.6347012181623,-22.6063535974429,-32.3797307500863,-9.82522626672571,-9.2838613478216,-6.8481650866627,-7.87597974714737,-0.448896536093045,-8.04999756288314,-11.8214865065244,-10.9765810732726,-9.58313725391267,50.6442936185987,62.1363728343617,79.8711662352044,-26.8938246526608,-11.3397304917533,30.4566790083543,53.5911007971032,85.9502047653718,74.8493949345589,84.5714938840487,27.2287136525109,-4.02327440842966,-4.11025611462706,-33.0512129297389,-30.7636995814447,-23.8086691734188,62.151533256874,10.7760401351879,-8.69234702637192,26.1733287593278,37.4126172597629,61.3823961647743,20.1064191922859,53.6924822530731,32.7626170365109,-3.69175697576539,-5.71577782484,-36.32827913666,-24.2676899451676,-30.9315750832018,-11.9501303497124,35.5857937136029,-4.62285869282996,-6.6521990851913,-30.382797600623,-35.4965561371228,-35.0342929475387,-28.4850151304299,35.6436074391377,-10.7880879383292,-10.222893820411,-35.0237566249632,-31.5929615994202,-27.0930135762964,-35.6867854015698,30.7605423738233,-4.57246018169654,-10.2615334711267,0.0924814059590915,-30.5490629881829,-34.6169233096969,-29.4697164857475,31.5682988855578,-11.8209232927356,-10.3777399200593,-2.79639688321964,-9.55925540644505,-27.1968900676353,-35.488974654007,32.447750061724,-4.98119157304684,-6.2353722491163,-4.60391565402438,-14.3121529890213,5.45799740268666,-8.16855318991853,-3.80101719190243,-19.8316043214014,-9.34812727933098,5.43017812597084,-36.0208101703417,-27.325075568241,-37.3327034233589,35.92288911615,-4.1643240282412,-8.75476957860657,-20.5207109689063,4.01963190422745,62.4352217426537,28.5017237765736,32.6816011586242,-3.70238144579562,7.74660321547324,-33.7320585024052,-19.6934463533777,2.24668084402884,-31.0337596351666,35.008154685137,-4.21395886847679,8.06752942797846,-29.0589179777359,-34.5622558209924,-18.9707954270718,-5.15248402025833,35.9996198058759,-6.76069409980454,18.5767377467596,0.980452092156554,61.7311467751384,80.5247568143352,61.1612519211961,9.50829795332979,-3.71738619905196,8.42940689023757,-4.77239147148353,70.1214017672468,85.1782197917134,54.0214562334566,-26.8323165133412,-9.86808386924203,21.2148004928731,-36.5241649647262,-34.1709868101596,-32.4433705220939,-4.80571256021041,-10.9977566161907,-17.4260349787385,-10.6911161472223,-15.4575590539274,-33.5223340907729,-33.6193419235409,-24.1621177131163,-26.6065065671716,-33.1007671150705,-21.3056063509478
288.099982420236,488.635361569366,579.215708397364,75.6694538566374,-5.9343347118607,18.3967531356508,35.9714256015121,18.0104677360862,61.139981523093,74.3762160059899,-4.47883515367658,-7.4154535910007,-0.273052616411476,16.1177530916011,29.9507143882344,6.11686641501663,-0.350241158446721,-11.0990536205672,-6.88620340628853,-3.92464445734028,-5.12010382129016,-9.05566224898162,-32.6556366763243,-27.4603468476359,-22.4868918710698,-32.1535076337603,-9.84397710509411,-9.19348326283009,-6.76574492159696,-7.79076317178666,-0.398649403613462,-8.05302356658402,-11.8190109717645,-10.8923115681324,-9.50279417867218,49.8975691864404,61.228592900277,78.8434018720576,-26.7020134438248,-11.26034253223,30.2709481527674,52.8252407016958,84.8859732629797,73.8887266560196,83.5170916853775,27.0484767824669,-4.09355492357443,-4.03929531189208,-32.9177439037682,-30.6655426111107,-23.8011387465995,61.3065535253605,10.7157653339745,-8.68441471141647,26.0237490235978,36.7973530596223,60.5444677671279,19.6555171769682,52.9255631672269,32.5427035466846,-3.76922799152079,-5.63720805932761,-36.1051339265094,-24.2557827851249,-30.8313312756926,-12.0746418607347,35.3530582950734,-4.68230193896291,-6.57125520285751,-30.1732732195745,-35.3252497318811,-34.8088861182359,-28.4209224392795,35.4082428069986,-10.7966464974607,-10.1316430643687,-34.7991399460852,-31.4865139865405,-26.8993312196128,-35.5136257612331,30.5727497732458,-4.64367607375601,-10.1701063175416,0.107276846254791,-30.338051848357,-34.3971495608023,-29.2693225233077,31.3703154143485,-11.8172611269442,-10.3340178675774,-2.76844409681331,-9.47812523774154,-27.00246471078,-35.2590990280775,32.2450653409932,-5.04963935120477,-6.1529850849799,-4.55579642432093,-14.1976177261221,5.4355825838374,-8.20489953083288,-3.87984340273975,-19.7423833706888,-9.32785606670969,5.40819880014391,-35.7842002883746,-27.1274039363083,-37.1297195264698,35.6876764731609,-4.23158915639607,-8.66294617827461,-20.5554158593913,3.72822223745439,61.5900181753386,27.9705610119332,32.4622924785795,-3.77966894816487,7.74301826200727,-33.6046100962347,-19.7357891507221,1.97293610407215,-30.9327294684876,34.7817398748558,-4.28041703875222,8.06128274292968,-28.9894013774437,-34.4139076734531,-19.0198406408827,-5.34925559811555,35.7595121856923,-6.78530073682474,18.4890701034286,0.718283379766632,60.8909977771615,79.5141545601078,60.3244642971867,9.45558197682981,-3.79386417236371,8.42010208618905,-4.97247495789253,69.1707046037555,84.1216276583698,53.1741765411864,-26.6426411235533,-9.83574997275632,21.105806096448,-36.3289428883872,-33.9554664324699,-32.2302910147204,-4.75971247937174,-10.9346779027739,-17.3628894372308,-10.7006099847673,-15.4157590071664,-33.2836071855819,-33.3795545832141,-24.0256694317286,-26.4433740753418,-32.8666525072892,-21.2002882731883
267.390167507252,457.119600200202,542.878145921572,72.1578817309522,-5.65120724343009,17.8037288505998,33.8127328022508,16.4308511176886,58.1175216852167,70.9166028532847,-4.27913648767533,-7.30647850535949,-0.165860905797189,15.6601877395597,28.986546844564,6.0126502452374,-0.240321978936464,-10.7544984583515,-6.86361665646558,-4.0151705865416,-5.16802173881796,-8.94322511332339,-31.5365179394591,-26.5636135214771,-21.8028847090952,-31.0558929479865,-9.6979664574839,-8.82771321307371,-6.46333390021135,-7.46278846547622,-0.286518092578987,-7.90862422759719,-11.5897195709512,-10.5071395319432,-9.13567959534541,47.3678099118774,58.195777840507,75.1937780923684,-25.7660240146156,-10.8785703776509,29.2956826121358,50.1954217694904,81.0285778944496,70.4462420237064,79.7126432801751,26.1538943232247,-4.16839679349961,-3.81343353634402,-31.9887456932012,-29.8554924109439,-23.3169491730196,58.3474988591936,10.3930925585691,-8.50453788134456,25.2060744990438,34.7927225293372,57.6149781565016,18.3280167107892,50.2915091021642,31.4565831016578,-3.86555991852931,-5.36458501383076,-34.9222567778078,-23.7536747401625,-30.0136435529449,-12.0976575415233,34.1822452390965,-4.72279426398208,-6.27570154788977,-29.1328508315658,-34.2689864222605,-33.6457886129289,-27.7271597422588,34.2314894860491,-10.6105623702952,-9.74609491254979,-33.6379344531793,-30.643136537666,-25.9555641796327,-34.4498071417678,29.5871713220551,-4.70973029109683,-9.78344624455059,0.149370663228964,-29.2912834897155,-33.2528228848449,-28.2647966571482,30.3482918338323,-11.5854838706841,-10.046150248935,-2.64245729219527,-9.10978299695596,-26.0551290644405,-34.0778155152309,31.1961946535182,-5.10195269614113,-5.86238046222307,-4.35270847038009,-13.6670538803657,5.29557404020566,-8.12796217692834,-3.97686961005743,-19.1756600779435,-9.10932089589538,5.2696571735237,-34.5784123268941,-26.1706880422139,-35.9708610231479,34.5050974045101,-4.29738163865038,-8.30424152190096,-20.2243957648621,3.04530570582547,58.6232207541193,26.3123652386444,31.3790141945651,-3.87541006978246,7.58482241972303,-32.6758993189698,-19.4366637979819,1.3613171695654,-30.1114250228589,33.6347791100647,-4.34355306985351,7.89136287816238,-28.2732473942465,-33.4245722690009,-18.7485882858989,-5.65589044686287,34.5665474318721,-6.71122656027664,17.9467273005814,0.155134109346051,57.9495721799388,75.8598664090898,57.4021059491721,9.17326662712999,-3.88756582157184,8.23686083547641,-5.29310135786928,65.8842995194585,80.2902087243157,50.4324248580663,-25.7123942053243,-9.58173638219151,20.4681998924691,-35.2019943098886,-32.8298822878506,-31.1428875955386,-4.55731767619365,-10.5939734013357,-16.8975520860269,-10.5183720214126,-15.0334022758452,-32.1375921918109,-32.2294326974621,-23.2758390912753,-25.5901336151088,-31.7384928906915,-20.5711940518544
238.992469312629,413.016408912673,491.748150824471,66.908147014935,-5.22973605254806,16.8273547275722,30.7872523370504,14.3730492151161,53.6759601713689,65.7295187723874,-3.96960191808006,-7.06348470651599,-0.038569541921845,14.8717863803854,27.3910541117448,5.79305016188525,-0.108638359627832,-10.1795384998386,-6.72892406020131,-4.05910101281674,-5.14336664913142,-8.66962446023059,-29.7181957790573,-25.0862336124174,-20.6517023831288,-29.270534890413,-9.37282689597333,-8.25847634524558,-6.00624407942881,-6.95971809349044,-0.151506200323922,-7.61438193276315,-11.1364154306393,-9.8883475545512,-8.55157502470095,43.6482231727853,53.7409459812576,69.7308951573733,-24.2469983018313,-10.2578642009794,27.6821662187609,46.3115072515759,75.2212198698633,65.2871250236255,73.9914007338115,24.6889334527605,-4.19149686021024,-3.48855068147753,-30.3792681975704,-28.4200872856742,-22.3693875755909,53.9475051204612,9.85346297384758,-8.15908267431122,23.8426230538311,31.8879205933662,53.2613879967868,16.4809399847332,46.4010562401899,29.681037591981,-3.91871936371157,-4.96002218341421,-32.9668813963288,-22.7781457428949,-28.5667331843987,-11.9257268771099,32.2619170908308,-4.69669764357481,-5.82965783762511,-27.4372497233925,-32.4733385939496,-31.7339402276986,-26.462695904923,32.3037518212566,-10.2237141112745,-9.13898048138662,-31.7284441278853,-29.1560318891582,-24.4243687483724,-32.6423965053764,27.9568148457626,-4.71373315745109,-9.17442932027335,0.20269158225382,-27.5856860001766,-31.3687401674236,-26.6247924802154,28.6632361792772,-11.1293318587944,-9.5491401271933,-2.44559102093686,-8.52463959229397,-24.5181459031933,-32.1376826875133,29.4660164667896,-5.08351406265342,-5.42875802512086,-4.03800695341258,-12.8182188186482,5.05238464974803,-7.90913935941499,-4.02902768080651,-18.2043636051562,-8.70877004111627,5.02861193898977,-32.6014508254349,-24.6208072750334,-34.0272580684229,32.5657511026745,-4.30780117991412,-7.75165686278777,-19.5066527419399,2.19937815040856,54.2088049257285,23.9490711881419,29.6080531847583,-3.92771825254638,7.27669813128588,-31.0560748876727,-18.768931790073,0.626060736898239,-28.6587043921963,31.7509405675796,-4.35011358707271,7.56459080167336,-26.9737843323155,-31.7212932035758,-18.1245296455527,-5.92043508279292,32.6147210473353,-6.51875462416511,17.0222295881896,-0.50403036017029,53.5763306873483,70.3666313195341,53.0605381954697,8.70059150217548,-3.9372617774565,7.88895404402378,-5.5797364499747,61.0036952435292,74.5226880938577,46.4474840917262,-24.2009962618695,-9.13193716438457,19.3916632724857,-33.308174428072,-30.9751828215778,-29.35997000308,-4.24019915113337,-10.0260979594378,-16.0818733415325,-10.1375217078671,-14.3450843140553,-30.2780412502123,-30.3635853585022,-22.0237247837276,-24.1794484071579,-29.9063133055233,-19.504261844762
218.871445794913,381.603208213241,455.278709528496,63.0650895324574,-4.92259517902613,16.0881105664514,28.5886585900406,12.8939125075133,50.430085053961,61.9491008177397,-3.74984885344834,-6.86322900887794,0.0463293273927974,14.2716538054122,26.1902014832126,5.61747822453945,-0.0204628912091493,-9.74392866098646,-6.60185671078906,-4.0640716560752,-5.09732486033013,-8.44059616267563,-28.3580983277476,-23.975708782346,-19.779971478516,-27.9345665370017,-9.10605663421312,-7.83737675573417,-5.67138332509316,-6.58933850716522,-0.0608977472332839,-7.37740144939085,-10.7757116022336,-9.42559332839113,-8.12617319061557,40.955652896572,50.4858957035641,65.7341811317212,-23.1207250625985,-9.79178468408372,26.4678938004684,43.4974395130073,70.9734550831082,61.5272758512136,69.8046808899094,23.5857470140072,-4.18201872553573,-3.25458251208354,-29.1582625187424,-27.3240401811971,-21.6268462176766,50.7511603871702,9.43930900816169,-7.88543587236803,22.8143538004287,29.7984563504059,50.0993701174028,15.1726524993757,43.5822190892207,28.3467778838181,-3.93052205619919,-4.66549940523501,-31.505222962823,-22.0149093105397,-27.4623205970418,-11.7502264872902,30.8197246155176,-4.65208085849575,-5.50304265323068,-26.1772566497978,-31.118663472338,-30.3078911621722,-25.4894851848195,30.8561432600381,-9.91170745581468,-8.68808271185725,-30.3039627692257,-28.0219021902748,-23.289118504521,-31.2790528234321,26.7300106265176,-4.6888868813439,-8.72208429100215,0.231155978877894,-26.3183090967045,-29.9634164215916,-25.4062011620186,27.3963337540917,-10.7667927002215,-9.16822794118903,-2.30837341207692,-8.0987189570442,-23.3785751162108,-30.6908239725381,28.1650239817227,-5.04189092981966,-5.11252180499186,-3.81448869559598,-12.1954181991996,4.8593571463594,-7.72029362807839,-4.03958444933397,-17.4643281348882,-8.39588022943572,4.83711827283301,-31.1278657607365,-23.4722302361727,-32.5670244804901,31.109406461651,-4.28933852821221,-7.34431746896443,-18.9305456755249,1.62835028554788,51.0022762278438,22.2602789045943,28.2772060817362,-3.93891154553197,7.03471437250806,-29.8241941189202,-18.2298176002463,0.13647164570061,-27.5499618623755,30.3358110052216,-4.32888076527682,7.30873439507535,-25.9747147292947,-30.4311908204351,-17.6177429749651,-6.06470318769965,31.1492816416219,-6.35471289366772,16.3207000858348,-0.937246956098448,50.3998786211326,66.3580327278576,49.9073403765292,8.33680426940113,-3.94669973156036,7.61737753234729,-5.74053060912352,57.4324771956041,70.3070205802071,43.538547095673,-23.0799606416992,-8.78435063768804,18.5769292408962,-31.8846318517027,-29.5908490484339,-28.031860150639,-4.01391662022718,-9.59599764894259,-15.455794022713,-9.82993026565848,-13.812267516319,-28.8877653683326,-28.9687004473236,-21.0781069065341,-23.1177481396017,-28.5360728279553,-18.6942172308139
193.233254042653,340.687565903038,407.505116132891,57.7413005723404,-4.49842305365687,14.9859869072358,25.7296737641453,11.1251294096254,46.0049932904764,56.6928791735818,-3.43294375218372,-6.51631176285723,0.135061202857408,13.3479428470303,24.3900110807305,5.31801138449217,0.0730889051218284,-9.08794801741062,-6.33831447997206,-3.99210228162703,-4.95028577209304,-8.03153970909254,-26.3445436496377,-22.3159344412861,-18.4587526857393,-25.9552124704772,-8.64344233265329,-7.23403533906612,-5.20284419777007,-6.06476703572511,0.0360453705687149,-6.98100313536881,-10.1795306549947,-8.7466055747793,-7.50269038482693,37.2759013037654,46.0500323706895,60.1904069547691,-21.4509697425566,-9.10210797192184,24.6478188858714,39.6357380183332,65.0494251115911,56.3017607040508,63.9724131716682,21.9454367134967,-4.09228438792032,-2.94147767502981,-27.2698788270011,-25.6059292942091,-20.4001726364102,46.3385387200337,8.81688687436341,-7.43973743513202,21.2648177339763,26.9804593903988,45.7362892682638,13.4779317571038,39.7137090219943,26.3644303935208,-3.86851611550592,-4.25988007775309,-29.3117002505532,-20.7585120413258,-25.7325212323234,-11.325796072973,28.671159234281,-4.51546012798174,-5.04663364029373,-24.3041548294657,-29.0482159625861,-28.1758452509701,-23.939460778345,28.7014734969758,-9.38473853125883,-8.03617651578907,-28.1736886991929,-26.2493236852859,-21.6064324336757,-29.1961695549633,24.8912841019221,-4.57261231236744,-8.06796109562016,0.264607208516423,-24.4345142593819,-27.8596826824631,-23.5920813606631,25.5018746336806,-10.1688210164983,-8.5822543891141,-2.10813422479714,-7.4752024034527,-21.6894985381069,-28.5289396266971,26.2189165797691,-4.90067481259472,-4.67488471667981,-3.49226751467631,-11.2801897384317,4.56423309593615,-7.3684964797547,-3.97406675517601,-16.3298583458408,-7.89806333670856,4.54408327596762,-28.9287028903275,-21.7716175245201,-30.3546823195395,28.9399473618227,-4.18787611187675,-6.76536201070805,-17.9357592337936,0.989285891456689,46.572734285054,20.0184808226658,26.2998880585864,-3.87608775918108,6.63628793312273,-27.9114874525135,-17.2883761151888,-0.386023139662171,-25.8138038321433,28.2254182673967,-4.22367155104693,6.89009157202511,-24.387490338135,-28.443796809444,-16.7228823554074,-6.09501846971519,28.9701120413316,-6.05661592683992,15.2481603514047,-1.37839881372781,46.0151006885869,60.7725578724626,45.5577646091421,7.79004351355225,-3.88181363436393,7.17587319929291,-5.79474893229528,52.5156534951302,64.4275427070732,39.6145240705451,-21.4166544273007,-8.2416738162724,17.3389927280661,-29.7250184315678,-27.5176405651827,-26.0494148699555,-3.68488079654767,-8.94881568863373,-14.4830161714925,-9.30930586803241,-12.9718139605907,-26.8314367454976,-26.9058382660803,-19.6521351039663,-21.5271976891158,-26.5081427491157,-17.4604944183234
185.725899021858,328.982383770598,393.920489029712,56.3087886537543,-4.38410457636871,14.710421522395,24.9043331956001,10.5654557521374,44.7927728440319,55.2868448107157,-3.35242606217467,-6.44140380716927,0.166735678212433,13.1249187417387,23.9436019745317,5.25284032452519,0.105981324026807,-8.9257129423045,-6.29058599450595,-3.99338895151683,-4.9326369729929,-7.945958141544,-25.8390171559793,-21.9030712156696,-18.1345502259289,-25.4586448539673,-8.54384818125614,-7.07731669585976,-5.07821066831188,-5.92691804260556,0.0698427792251408,-6.89246327986352,-10.0450620516262,-8.57434857464585,-7.34579469397025,36.2742641933321,44.834380537867,58.7012436805913,-21.0337500971921,-8.9285921576485,24.1964303562503,38.589234009863,63.4682315512744,54.9033115132681,62.4133928610935,21.5347734478956,-4.08820287786168,-2.85437166948904,-26.8171763589028,-25.1995937830717,-20.1250520454363,45.1498326310695,8.66200698321124,-7.33758802943754,20.8826124191983,26.2034340504954,44.5603430804913,12.9912908895503,38.6654379754244,25.8680342829084,-3.87233778821519,-4.15025273775339,-28.769794671945,-20.4756916851128,-25.3230792219411,-11.2612413990107,28.1349249468696,-4.49833136399761,-4.92506568173455,-23.837247766991,-28.545907837421,-27.6472073029209,-23.578692487406,28.1631719126682,-9.26834966298617,-7.8683635508482,-27.6456306191745,-25.8288328184736,-21.185878172157,-28.690640378021,24.4352493402395,-4.56283330936655,-7.89960990750876,0.274088441598842,-23.9648653387278,-27.3388431331478,-23.1406347401163,25.0308995952445,-10.0336721572844,-8.44030712972001,-2.05829195602959,-7.31811707871573,-21.2673394575164,-27.9925731382901,25.7352765819225,-4.88466667836921,-4.5571847384275,-3.41035273360038,-11.049989706705,4.49146127823789,-7.29783296354391,-3.97742830504122,-16.0545522485364,-7.78135067945681,4.47187999076276,-28.3824160036664,-21.3461203129426,-29.8132138576709,28.3984600782726,-4.18045775034916,-6.6137724859755,-17.7223811599054,0.7766093196187,45.3804047834347,19.3904941604641,25.8047590669598,-3.87968315601729,6.54643067613011,-27.454677545156,-17.088750491908,-0.568443766760304,-25.4027526780438,27.6992831525771,-4.2152248112906,6.79507560610472,-24.0171089460661,-27.9654186917505,-16.5352793982687,-6.14919895569042,28.4251371817318,-5.99515068346872,14.9874503042619,-1.53985285997963,44.8338405954302,59.2814717060594,44.3850533182608,7.65387412820697,-3.88476281987864,7.0750101603792,-5.8550951176266,51.1833868666599,62.8587120916644,38.5267915748252,-21.0013745042112,-8.11208991607431,17.036189362671,-29.1971801981032,-27.004492079889,-25.557179220409,-3.60192714578615,-8.78863102743618,-14.2500196599969,-9.19455605203851,-12.7734439380051,-26.314705309211,-26.3873955543634,-19.300499473448,-21.1324623201584,-25.9988502421492,-17.159194953201
175.276689468817,311.951851973125,373.928969812831,53.9574675836839,-4.1975766733373,14.1926999698655,23.7050381565177,9.88015578233164,42.8624661277936,52.9634637726146,-3.21010058500545,-6.26023728063159,0.194564246560191,12.6816444039026,23.0966414903148,5.09883213528963,0.136043639388433,-8.61546953451658,-6.13893606470616,-3.92941513011725,-4.83390780319348,-7.72862486106125,-24.9011243842549,-21.1239601208204,-17.507408060231,-24.5361005215605,-8.30245614369967,-6.8033752193214,-4.86976057038586,-5.69106480075252,0.101407955726351,-6.69009608875857,-9.74356666303639,-8.25988441997141,-7.05998224229061,34.6726679154374,42.9000651764117,56.2510833007398,-20.2576871697576,-8.60696850031277,23.3402172306394,36.9026405801376,60.8400832827809,52.5942198204466,59.8275627904533,20.7669164130208,-4.0173051988593,-2.72062138941743,-25.9096061735168,-24.3657149192472,-19.5078855514294,43.2119941862949,8.36687250818483,-7.11414054204884,20.1507135823478,24.992485822293,42.645107597082,12.29127372075,36.9757773534316,24.9411654256567,-3.81294120539773,-3.9723213768039,-27.7395673578711,-19.8450057688504,-24.4840200732312,-11.0035520854717,27.1287706215542,-4.40752491807432,-4.72223860651342,-22.9644891770379,-27.5595632010636,-26.6489350798912,-22.8178219819762,27.1547825360486,-8.9979866450239,-7.57011616762969,-26.6479741957806,-24.9702927690698,-20.403929356652,-27.6986527131967,23.5703334970502,-4.47819125768505,-7.60030173485592,0.284399494718812,-23.0872193809183,-26.3530500935804,-22.2946217770018,24.141304500774,-9.73169001069945,-8.15852463829326,-1.96825154079458,-7.03256805476602,-20.482418044363,-26.9807738216593,24.8211953861795,-4.78837991509187,-4.36438344114299,-3.26565144836399,-10.6285867366311,4.34860645398504,-7.10631247407312,-3.91578172392983,-15.5112500158263,-7.53588706349618,4.32992770852574,-27.3541283458639,-20.5565113187085,-28.7662614035032,27.3826083346144,-4.10468609899027,-6.35270554031665,-17.2076111588631,0.554878065162114,43.434293546326,18.4418373841223,24.8802220879306,-3.819937357251,6.34608752513105,-26.532596600077,-16.5983052891602,-0.737388142505537,-24.560751217166,26.7102829658615,-4.13784171860716,6.58543044710868,-23.2393100932366,-27.0129627193215,-16.0660691126075,-6.09617461465679,27.4059539223717,-5.83491362452769,14.4753327745758,-1.6716682638444,42.9084693006611,56.8074656863378,42.4761961684307,7.39437222821648,-3.82426628237408,6.85486109534099,-5.81303802828316,49.0218728149841,60.2510034556197,36.8293658701943,-20.2278170588503,-7.84819092998781,16.4478148147463,-28.1741840279209,-26.0325116885179,-24.6303056448666,-3.45301742890558,-8.48272886196744,-13.7793453730963,-8.92707342953352,-12.3622042852505,-25.3576169530119,-25.4273748243059,-18.6263371181433,-20.3844247322928,-25.05450661891,-16.5713421841248
165.563722170582,296.484811009673,355.879183307822,51.9336579534534,-4.03688969857529,13.7718871221286,22.6010998059278,9.18357181932581,41.1734225700006,50.9764598749217,-3.09472991336916,-6.12628051147468,0.227943354183068,12.3312453718149,22.4140335323625,4.98500898419666,0.171248214565956,-8.36567754210165,-6.03599133519168,-3.89876452991377,-4.7749093979518,-7.57080997636207,-24.1384115533791,-20.4946212214071,-17.0057034196737,-23.7862812104163,-8.12445018868104,-6.57449403941107,-4.69217100830696,-5.49214572940664,0.137896671437474,-6.53754935988361,-9.51520236557027,-8.00191335238007,-6.82863664926766,33.282432087745,41.2069359338924,54.1458142345938,-19.6304292931659,-8.3447685497091,22.6501097936938,35.4444780693063,58.5952364098827,50.6186372558712,57.6156112132883,20.1429129764245,-3.98000591330447,-2.60210467690825,-25.1966078993013,-23.7165798401315,-19.0435097027253,41.5450156741125,8.127186857673,-6.94307587534493,19.563197644085,23.9296661753499,40.9968741403613,11.6533907991672,35.5150623670426,24.1882024393384,-3.78604846272555,-3.81866429989196,-26.9131092338503,-19.3693607868794,-23.8304838159678,-10.8415104134759,26.3138510858688,-4.35260989919742,-4.54924558278317,-22.2601156174215,-26.7782559710638,-25.846102111614,-22.2317033233634,26.3373657259629,-8.79571670909703,-7.32269747452442,-25.8457886370263,-24.3005635685654,-19.7717881801888,-26.9126465733724,22.8732052792597,-4.43080717576042,-7.35204102677824,0.292616411372912,-22.3788100581033,-25.5612375296168,-21.6128066075142,23.4229917571761,-9.50267124612157,-7.93490666871659,-1.89694564726367,-6.80123939900225,-19.8478598499987,-26.1666815212002,24.083309520547,-4.73156757049028,-4.19859288884625,-3.14828201113787,-10.2869751498754,4.23260241692103,-6.970087530848,-3.88753422219861,-15.0799492254674,-7.34526821761357,4.21470464050981,-26.5260171654671,-19.9176608659558,-27.9318185250991,26.5598029481504,-4.06298415420846,-6.13318045286245,-16.8302974167559,0.315878737875636,41.7614544889453,17.5973603281019,24.1291589905066,-3.79273723035134,6.19476541902199,-25.8099338286888,-16.241180549354,-0.932366611636994,-23.9048076745678,25.9099537672387,-4.09473146251402,6.42644606937358,-22.6391156747404,-26.262552829008,-15.7265896285075,-6.10554148003442,26.5791039557343,-5.71930026672594,14.0685888265283,-1.83582458200982,41.2521940149357,54.6950162872928,40.8329316422826,7.18333972015101,-3.79631379662445,6.68720714316953,-5.83153484869608,47.1494684898283,58.024569913662,35.3275031998129,-19.6029446386519,-7.64078363698207,15.9783899379851,-27.3596545122223,-25.2518433161896,-23.8842630074315,-3.33295723304924,-8.23628962208304,-13.4090029586306,-8.72719654421277,-12.0417484934834,-24.5787784767363,-24.6460732205145,-18.0851410072037,-19.7811830234739,-24.286374302103,-16.102623486081
163.523254843129,293.482345924744,352.449418619748,51.6258564049408,-4.01218724558969,13.7274554911043,22.3839783554646,9.00391233899763,40.8976720696176,50.6803650018835,-3.08089807291773,-6.12325170664968,0.240283967212299,12.3014092627901,22.345003839826,4.98193081793653,0.18379459128073,-8.34093029623674,-6.04215910796721,-3.91367314386928,-4.78664313540663,-7.56976488304502,-24.055478564906,-20.4298066851853,-16.9582141047673,-23.7051006289102,-8.12067632458847,-6.54479996352801,-4.66640310774844,-5.46485801123749,0.150632391819606,-6.53136622135374,-9.50468885616798,-7.97229557694474,-6.80272282096102,33.0592204231833,40.9300734279196,53.827669135232,-19.5635874378641,-8.31602715835452,22.5802736806358,35.2145298599941,58.2646467041477,50.3236907788014,57.2879794688505,20.0763457586982,-3.99334560584887,-2.58135509593529,-25.1385728560277,-23.6688798878947,-19.0232457866214,41.2887850007335,8.10273432445847,-6.9337244659371,19.505675772594,23.7495792318186,40.742981145464,11.5272893417978,35.284780958463,24.1076909746248,-3.80139877037937,-3.79475677481958,-26.8309450689956,-19.3476534591568,-23.7821444053628,-10.8627021697092,26.2282740953856,-4.36284122968674,-4.52399597125687,-22.1861512410693,-26.7091438276603,-25.7644822941668,-22.1940170732309,26.2510368694203,-8.78870328122311,-7.29201849778134,-25.7643657008333,-24.2501773877712,-19.7043325545029,-26.8429311369912,22.8026358441693,-4.44394298707535,-7.32128774484551,0.294892932541629,-22.3043526686026,-25.4814237934838,-21.5418761739134,23.3492485303902,-9.49187102972648,-7.91554763812785,-1.88919403616917,-6.77515792983989,-19.780140622242,-26.0836145500365,24.0077164096357,-4.74370606017633,-4.1733349542869,-3.13417397052427,-10.248993385031,4.22156817488234,-6.97190184711591,-3.90312829729101,-15.042008004388,-7.33240501249855,4.20379680003291,-26.4408993363125,-19.8490609307868,-27.8536154913344,26.473359160838,-4.07547890954942,-6.1035724603107,-16.8228189462694,0.241480037810511,41.5051090203614,17.4450473766544,24.0488586766455,-3.80803452600595,6.18775895557908,-25.7527280800576,-16.236231044303,-1.00105304434012,-23.8561945355591,25.8264303537442,-4.10699093875323,6.41852979412079,-22.5996448840852,-26.1996864741986,-15.72386156874,-6.14965988909047,26.4912777547653,-5.71937700673156,14.0323268819949,-1.90065762455299,40.9975320516729,54.383142936776,40.5794499261893,7.16174162869965,-3.8114070339643,6.67824946196131,-5.87679095611382,46.8566267475851,57.6969234050938,35.071160389016,-19.5366626095979,-7.62458702112118,15.9347884368566,-27.2839841367239,-25.1733064160764,-23.8077443886419,-3.31918509984266,-8.21175813056527,-13.3793047385122,-8.72048713270225,-12.018797474347,-24.4936535421154,-24.5606136907581,-18.0322906029776,-19.719910520226,-24.2027043981591,-16.0596021360685
156.148481663641,281.320380574512,338.130768028845,49.8725739328547,-3.87395635387664,13.3260533599429,21.5029910716283,8.51446026063771,39.4630465974072,48.9567501907522,-2.97814515553406,-5.973904090876,0.255666134691161,11.9558145859511,21.691883390805,4.85742659224858,0.200883132680126,-8.1000890924008,-5.91097263337854,-3.84876147316159,-4.69527023356417,-7.38936228615644,-23.3368988714465,-19.8297748893081,-16.4716527547641,-22.9979796672936,-7.92230189571925,-6.33762788700179,-4.51075746877678,-5.28757104328255,0.168839288369703,-6.36669358207124,-9.26136759845224,-7.73144871898229,-6.58987881774963,31.8829584518437,39.4927989940597,52.0018242240504,-18.9742543045072,-8.06861102636666,21.920096386212,33.9739090929071,56.3059516005479,48.6108351447114,55.3599049731199,19.4841115223138,-3.92377275878824,-2.4840907720157,-24.4333634029855,-23.0171955384355,-18.5312168955534,39.8578329624084,7.8710055811265,-6.75383742435353,18.9401191011007,22.8689202058629,39.3291281288596,11.032397022628,34.0418775021591,23.3942774572394,-3.73995271610648,-3.66309503596973,-26.0418620569557,-18.8453958924138,-23.1266259767133,-10.6387227873056,25.4541909674385,-4.27896074248665,-4.37264853015287,-21.5218170426031,-25.9467061486532,-25.0015830440936,-21.5954605893861,25.4753402772885,-8.56865778210211,-7.06538423907974,-25.0018288028432,-23.5799322891404,-19.1105608900095,-26.0762435070803,22.1358227451858,-4.36322594332818,-7.09382682863121,0.296695928506693,-21.6363262863123,-24.7280430149152,-20.8979132882491,22.6640075253414,-9.24834518701326,-7.69444960500178,-1.8255169814436,-6.56265991310213,-19.1840963653183,-25.3105464447435,23.303525332305,-4.65407271789164,-4.03029416554725,-3.02965631167148,-9.93260582804336,4.1061800367934,-6.81082480337661,-3.83967634940461,-14.6180532061676,-7.13677408945245,4.08906128115671,-25.6556583622524,-19.2497833612266,-27.0476006326826,25.691885635585,-4.00245653882111,-5.90701257117097,-16.4061884367669,0.106474972783317,40.0681306391931,16.7628320022038,23.3372226353308,-3.74633648956706,6.02763968873209,-25.0346608054135,-15.8380001029986,-1.09637253405742,-23.1984312660691,25.0653367187429,-4.03280030992439,6.25132850704652,-21.9883011497433,-25.4606905601634,-15.3417046746923,-6.07871921371989,25.7074421397287,-5.58516547897542,13.6342168156886,-1.9678439378166,39.5760549799901,52.5446545374544,39.1703931294719,6.95747268633651,-3.74924833030666,6.50305351809794,-5.81424809302227,45.246474571506,55.7550936056853,33.8124579292218,-18.9489878875557,-7.41605484220656,15.4785598536347,-26.4960152959554,-24.4299720053616,-23.1003819114219,-3.21090962647902,-7.97436366633841,-13.0096014054837,-8.50260778174273,-11.6934895114325,-23.7607430977442,-23.8255139006035,-17.5106211275888,-19.1430806608136,-23.4793088848715,-15.6023836809345
142.676887045165,258.824946686681,311.565062899356,46.5192795408261,-3.61023241837448,12.5359169626537,19.8591843239754,7.64098496653552,36.7347625047462,45.6614022074496,-2.78123704890372,-5.66819799945416,0.277047034030801,11.2701241121466,20.4064837280004,4.60402025730008,0.225600284485182,-7.62492848501776,-5.634710891653,-3.7013214775385,-4.49612592648852,-7.0180559184198,-21.9288473201097,-18.6500263050269,-15.510443231049,-21.6119947619353,-7.51636985062184,-5.93620901772272,-4.2120840311865,-4.94563406493528,0.195698638802142,-6.03217872575198,-8.76876554080177,-7.26056052018605,-6.17682202631844,29.6519923876722,36.7599859883009,48.5090646279363,-17.8216181233083,-7.58341285028288,20.620882029795,31.6168403504854,52.5531100476596,45.3365240851042,51.6664405943016,18.320531907268,-3.76809050407111,-2.30132930356448,-23.0336777205351,-21.7185986607961,-17.5372373206714,37.13126322992,7.41267320936559,-6.39075424827995,17.8252492609535,21.210387945723,36.6357538597806,10.1217005088647,31.6804087641267,21.99357913006,-3.5992608433567,-3.41221468904599,-24.4909687144684,-17.8315825484984,-21.8206935826134,-10.1604348253245,23.9336523699045,-4.09651817674967,-4.0823803142376,-20.2208977344662,-24.4389457250206,-23.5042379078008,-20.3973895010635,23.9519865887724,-8.12092937058525,-6.62471904355164,-23.5050520387025,-22.2454338569049,-17.9493192731192,-24.56025460709,20.8236061097027,-4.18479897451391,-6.65152333136441,0.295839447914027,-20.3282356506698,-23.2489424911649,-19.6364793937171,21.3164913012307,-8.75557108555872,-7.25523812127329,-1.70381426282436,-6.15046951614461,-18.0184047273023,-23.7935252795929,21.9185929523492,-4.45815884329502,-3.75714374926884,-2.82935867797477,-9.3168942742561,3.87565063509116,-6.47681617134406,-3.69464974449622,-13.7774303580153,-6.74433357602609,3.85976248512147,-24.1153754396786,-18.0782194128635,-25.4581528228918,24.156894062122,-3.84040382545189,-5.52738523421094,-15.5561376653806,-0.107941310931871,37.3295971806443,15.4892112617445,21.9399992602798,-3.6051718261001,5.70429063567229,-23.6076065172013,-15.0236611957487,-1.23403254033326,-21.8881127081755,23.5698807281933,-3.86854681916898,5.91417472792939,-20.7654352120516,-23.9956187298612,-14.5585636399529,-5.89549128918077,24.1684997431702,-5.30792201845489,12.8459385987435,-2.05086698585931,36.8677533759063,49.0258427711574,36.4864483220981,6.55320392550102,-3.60731988467363,6.15032475919637,-5.64738280997264,42.1733244499554,52.0353907002003,31.4281104556799,-17.7992642559397,-6.9999583887188,14.5768946256009,-24.9415246579268,-22.9702144769049,-21.7130140936112,-3.00255011900251,-7.50611680135337,-12.2734986287676,-8.05907405405125,-11.0429167227276,-22.3250943728618,-22.3856488564687,-16.4817954338236,-18.0080184506249,-22.0619836223584,-14.6976976125209
127.753471356037,232.915032847443,280.683182628999,42.3013412341875,-3.28012800731166,11.4708309525743,17.9465332080633,6.77599357706759,33.3620486353588,41.5070720342393,-2.52591144199673,-5.21970270383915,0.277724285673706,10.3252758319492,18.6683040596364,4.23476522337691,0.230721015433318,-6.97977207305206,-5.20658340013893,-3.44260008320136,-4.16856314063833,-6.46688379971907,-20.0436248664188,-17.0583611967284,-14.1998265636401,-19.7551432270902,-6.92062746318464,-5.41371067466395,-3.83263141513297,-4.50560801087202,0.203528311937646,-5.54886311721719,-8.06123125145237,-6.63431474920552,-5.63057352285254,26.8969393467999,33.383315275158,44.1108527352073,-16.2788435280402,-6.93357974008499,18.8642067288559,28.6918399061487,47.8022172175455,41.2104573353201,46.9952664188861,16.756194153908,-3.50109771106044,-2.0817354672502,-21.1000031808009,-19.9089337215123,-16.110834976994,33.7227913561579,6.7903986835239,-5.87301314423135,16.3117937227237,19.1987953817804,33.2707555721176,9.08614014653453,28.7497185422901,20.1120568277308,-3.34945224341255,-3.09921121139969,-22.394177236514,-16.3793086015359,-20.0017418915688,-9.39582096854089,21.8872357876478,-3.79762729490975,-3.71412407631766,-18.4755136019308,-22.3727479377161,-21.4858636160429,-18.7116901125474,21.9031698266546,-7.47124873367892,-6.04625487204338,-21.4870160493457,-20.3891552780743,-16.3952997280315,-22.4833440306953,19.049465803466,-3.88449315072709,-6.07080850454202,0.286282866731689,-18.57343561443,-21.2533450438097,-17.9423190648295,19.4977939033617,-8.04851491022036,-6.64979148546364,-1.54497168069643,-5.60594536741565,-16.4584332521934,-21.7495548013058,20.048910494021,-4.13437135596739,-3.41441699249722,-2.56969524998316,-8.49979537704974,3.55819551426811,-5.97385637561477,-3.43777294131966,-12.6219214475802,-6.19187576825475,3.5438140886247,-22.0420243033725,-16.5117692251357,-23.2936542023226,22.0911821767596,-3.56608352961445,-5.03714433602596,-14.3111987177908,-0.238636053706969,33.9039661341885,13.98023429793,20.0631101386399,-3.3547947993231,5.24089901739259,-21.6309206862815,-13.8254589539723,-1.26502407010841,-20.0633280753537,21.555671644681,-3.59155173052589,5.43254074463915,-19.0473598416426,-21.9769103236895,-13.4011699545639,-5.51153416313087,22.1001817635625,-4.89385739130007,11.7647169288921,-2.01029260893715,33.4826021128506,44.5784435485524,33.1343453502431,6.0041329842181,-3.35633888938528,5.64814395554406,-5.28494254635747,38.3326240155355,47.3273111238775,28.5163911168028,-16.2593841896963,-6.42082309225173,13.3455049228354,-22.8226070739423,-20.9999173729226,-19.8453950077579,-2.73000121633591,-6.87071033928628,-11.2525144170533,-7.41486016969307,-10.1320109460025,-20.4043912742119,-20.4595242708575,-15.0842238120975,-16.4738229874367,-20.1648391444687,-13.4598048095998
111.670528426379,204.86068493042,247.209152054203,37.6881799615301,-2.91929913927989,10.2975177575457,15.8723456738976,5.85665930941318,29.6800345054591,36.9627393181608,-2.24592696539854,-4.72160745491597,0.275375956389809,9.2822448950246,16.7530550535097,3.82497978500147,0.233261325688261,-6.26857487959285,-4.72878532825739,-3.15093112048964,-3.80116095815502,-5.85411492060545,-17.9684355294712,-15.304952099109,-12.7544914672669,-17.7110520830066,-6.25899777188366,-4.84020366512341,-3.41719663840539,-4.02320036689601,0.209032948530442,-5.01285794962671,-7.27702142321806,-5.94540704517097,-5.03018715432577,23.8900210912959,29.697178413185,39.3000251126057,-14.580829149797,-6.21821333062942,16.9285994890946,25.4977575929384,42.6028176768792,36.6972402197394,41.8835837513543,15.0334254896774,-3.20063180525933,-1.84278903846142,-18.9649582620532,-17.9091209861222,-14.5301429028532,29.9977584390849,6.10434013098088,-5.29954081068622,14.6435212788495,17.0077473097627,29.5934689537907,7.96666984182336,25.5493962065903,18.0401938290047,-3.06758022411456,-2.75719603387652,-20.0839945957975,-14.7702131418964,-17.9917665482755,-8.54038609689999,19.633405538568,-3.46248780457672,-3.31100762634424,-16.5540198986384,-20.0931927573686,-19.2627540263702,-16.8471389343805,19.6468425515612,-6.75047248970881,-5.41076059640954,-19.2642313651444,-18.3381937355882,-14.6849383353295,-20.1920305565083,17.0946288984325,-3.54704017681946,-5.4328304046519,0.274689892697452,-16.6415981871909,-19.0551343631952,-16.0770361421661,17.4942063998698,-7.2649103722463,-5.98136464631787,-1.37072332165864,-5.00752045082812,-14.7415209650106,-19.4983538000856,17.9891017399379,-3.77106353605254,-3.0396936273479,-2.28495847186424,-7.60132688277238,3.20764232288917,-5.4139644013904,-3.14797996060675,-11.3466126256255,-5.58070118939119,3.19490353795274,-19.7586803081249,-14.7878808197391,-20.9071359326469,19.8161193722995,-3.25768578145689,-4.49948912631822,-12.9289882391329,-0.365117137702853,30.1599361631462,12.3410439443121,17.9963448807776,-3.07230428487284,4.72743661273556,-19.4478118755913,-12.4945750807879,-1.28209815596876,-18.0469364390398,19.3371468407842,-3.28024002334001,4.89902417354719,-17.1472615206441,-19.7485433649539,-12.1151005317319,-5.07349562090999,19.8225344150877,-4.43325141346925,10.5716799816392,-1.94876432033621,29.7831188734627,39.7121635916491,29.4712787357752,5.39874480607538,-3.07323062617131,5.09204362789275,-4.87054828083373,34.1348656939718,42.1749159090328,25.3417978892902,-14.56444307214,-5.78084085679401,11.9873486290812,-20.4861258757771,-18.8294771388506,-17.7886235922544,-2.43084580755731,-6.17030063854076,-10.1246787034912,-6.70008472609624,-9.12484850821307,-18.2903106618014,-18.3395009392794,-13.543572384705,-14.7834099771902,-18.0765818573027,-12.0941904862529
76.5078443527313,142.257057043115,172.162887214169,26.91807771826,-2.0796912776771,7.4730925990409,11.1802979743944,3.93982182159019,21.1405712984949,26.3609978830163,-1.59185282198844,-3.48151561277202,0.23907040904427,6.75339057471655,12.1445464735798,2.81004931752642,0.208642590120249,-4.55272210628242,-3.5157264628012,-2.38003377911287,-2.84937946743535,-4.32265867536059,-12.9965264104992,-11.089805939025,-9.26392622261331,-12.8122764235288,-4.61257617403971,-3.48178987911787,-2.44382906042512,-2.88632813410941,0.191342984599196,-3.68625851697041,-5.34190930122941,-4.29814515273764,-3.60707203059873,16.9431325104182,21.1501105076983,28.0664304471789,-10.5217627394445,-4.50246071487764,12.2713696103035,18.1028946961671,30.4408195927003,26.1698049004366,29.9288912081751,10.8944869484125,-2.411787104265,-1.29765024871673,-13.788827860581,-13.0436564854128,-10.6398963627488,21.3427706958358,4.44480376523807,-3.88757939025029,10.6230831640061,11.9923495569257,21.0517889337976,5.49038821112804,18.1398451073153,13.0661748113722,-2.31999572894616,-1.96256417119905,-14.5343885268542,-10.812639474688,-13.1025765495244,-6.35414609082022,14.2202595048077,-2.59506939023024,-2.36709417387716,-11.9549600183556,-14.5851112496348,-13.929607697772,-12.2931488303414,14.2288924622243,-4.96472236265943,-3.89989056792537,-13.9313661869502,-13.3518213037333,-10.5966142879909,-14.6561265083151,12.391339001506,-2.66642706167594,-3.91594374494887,0.230431222300478,-12.0179814654677,-13.7803456253774,-11.6112299107549,12.6769262851268,-5.33205592973994,-4.35828436744225,-0.965209592919251,-3.58976539192427,-10.6375144718608,-14.0987856478097,13.0361437458997,-2.82846310316339,-2.16678942065462,-1.61974017903145,-5.46496949354603,2.3512484572679,-4.00716006553425,-2.38000683132093,-8.25597783459168,-4.08369603458113,2.34227544351167,-14.284181661905,-10.6687879013107,-15.1557918277004,14.3522100376147,-2.45120591404851,-3.23050955889294,-9.50081717607914,-0.493616818599197,21.4591079705883,8.63416834403959,13.0345097796914,-2.32331194558989,3.46355220187867,-14.1488801030054,-9.18817975058704,-1.15201570357549,-13.1424189303124,14.0073136530678,-2.46709141279225,3.58734574888381,-12.5090201838209,-14.3516985493262,-8.91503439411981,-3.87028955640048,14.3547371385482,-3.27874558042541,7.68454072202057,-1.63206257335036,21.1883710442216,28.3445047252574,20.9637175609835,3.93336063387366,-2.32326011091239,3.72657299353748,-3.72369302783946,24.3577909566098,30.1263987568848,18.0142493337157,-10.5115558360694,-4.22056920370121,8.70633550484487,-14.8532406613576,-13.6198812356729,-12.8580075855397,-1.72863494552633,-4.4808611687756,-7.38102198990113,-4.92853285741947,-6.66510916793276,-13.2269420687722,-13.2621562067855,-9.82882794745437,-10.7164304969922,-13.0739421706626,-8.79116408954245
74.2764769942699,138.593332749675,167.853798284048,26.375381215058,-2.03735693757799,7.34656394840285,10.8949682740148,3.77061736044091,20.6914046552043,25.8366573839624,-1.56429087918507,-3.43304950960795,0.243333591350673,6.64630255006326,11.9426887337677,2.77109833576031,0.213430642653559,-4.4774136986851,-3.47217459820639,-2.35663537788099,-2.8179079182232,-4.26420164221237,-12.7753009776042,-10.9044297186821,-9.112864604855,-12.5945160976242,-4.54868360234807,-3.41788451193061,-2.39602922318757,-2.83175379571622,0.196473635141761,-3.63323914865998,-5.26441590184111,-4.22340794060504,-3.54572290375207,16.5867279146331,20.7001515414679,27.5030364622105,-10.3447508860319,-4.42550887850214,12.067367108742,17.7274842981672,29.8401838425505,25.6486037768387,29.3361275692745,10.7097813650857,-2.38705083866308,-1.26802993703346,-13.572929374921,-12.8435664783026,-10.4874960862163,20.9087711511018,4.37000775637191,-3.83004429409275,10.4482779550347,11.7275249588364,20.6230262325498,5.34359427539594,17.7637565319555,12.8446794539181,-2.29765033393911,-1.92225328522853,-14.2949355713236,-10.6570890639888,-12.9013345805799,-6.28263661757664,13.9809143087899,-2.56608925014124,-2.32061856581896,-11.7547274654853,-14.3522911714459,-13.6985859162014,-12.1087378935743,13.9889027861445,-4.89427137807107,-3.82984333624756,-13.7004307645786,-13.1460648613605,-10.418251349251,-14.4220111273274,12.1853310991609,-2.63819946270057,-3.84563963738474,0.2270906870719,-11.8166265793578,-13.5524822106674,-11.4174318823084,12.4652086768546,-5.25452659693915,-4.28868568238863,-0.949522723331487,-3.52855479658901,-10.4584548745328,-13.8646778686582,12.8185724751803,-2.79750505181723,-2.12297163913456,-1.59164990308059,-5.3719502067033,2.31202175724901,-3.95455372416311,-2.3570090272867,-8.12384966552955,-4.0215155739237,2.3032391865906,-14.0464327600812,-10.4888149778269,-14.9102047929895,14.110614364821,-2.42545361388591,-3.16999915832915,-9.3708445904256,-0.530748353625459,21.0236970253756,8.43037110218964,12.8135570622311,-2.30089164688701,3.41362142512666,-13.9285618978465,-9.06384569897464,-1.17707654879276,-12.9404871980829,13.7720688314031,-2.44099129042167,3.53523287532485,-12.3206940914823,-14.1255037634203,-8.79563956710951,-3.84502113124841,14.1121214021551,-3.23477830404829,7.56131995444155,-1.64847010860599,20.7574059350678,27.7842509893066,20.5363128743111,3.86702451440205,-2.30072508319721,3.67199298118554,-3.7010696797346,23.8569065608948,29.5322269016261,17.6170831256613,-10.3349939085447,-4.15463573061013,8.56521059465545,-14.6131457732725,-13.3947537857253,-12.6442347258597,-1.69926945435655,-4.4066350516437,-7.26530259529421,-4.8587389537512,-6.56281737735946,-13.0013830444224,-13.0359351179083,-9.66714933890553,-10.5380708173687,-12.8512604555546,-8.64897680155972
67.2641361220099,125.998412238524,152.725814788185,24.1616437050248,-1.86519425793167,6.75809865155347,9.93916302992515,3.39026700600724,18.9393040212808,23.6611191700306,-1.43110870062212,-3.17075714760342,0.23303966894116,6.11843797093118,10.9838322224329,2.55733757287449,0.20556111664439,-4.11971610007184,-3.21345890878819,-2.18932403982345,-2.61311212321795,-3.93987667220832,-11.7429050025358,-10.0277587300239,-8.38530083084258,-11.5771690794476,-4.20069657261916,-3.13709059739194,-2.19580750044636,-2.59728432245582,0.190027313960275,-3.35340344708252,-4.85698542801791,-3.88143136322638,-3.25277477838702,15.1674931326643,18.9466651980065,25.1944199747651,-9.50404313338118,-4.06881388064671,11.0984067182548,16.2155366199264,27.3401955407598,23.4884176741319,26.8784478465512,9.84870052559795,-2.21630680400564,-1.15725558534278,-12.4934744467337,-11.8273023586364,-9.67086485404128,19.1361749264449,4.02305915317754,-3.53291160787106,9.61124420505629,10.7075946109504,18.8738575404551,4.84829390150912,16.2487885821607,11.8104606554787,-2.13516096606985,-1.75942154323238,-13.1424652608553,-9.82653814403115,-11.8802047375497,-5.81651679837288,12.8554758024837,-2.37946166669497,-2.12650813303597,-10.8014780162488,-13.2053129125347,-12.5918255375306,-11.155891442991,12.8625264952076,-4.51759264566452,-3.51700748223872,-12.5936796927932,-12.1048470984046,-9.57150046898758,-13.269289045665,11.2068183747139,-2.44811926674509,-3.53154805121831,0.215347114724736,-10.8583014273143,-12.457805139634,-10.4917851540764,11.4632549979952,-4.84764200255705,-3.94930815903319,-0.867505915304662,-3.236784359364,-9.60844973830976,-12.7442131747214,11.7883595364748,-2.59455548476546,-1.94389362766768,-1.45617845429672,-4.93104638715456,2.13170435070395,-3.65590669067435,-2.19015707850711,-7.47858821189087,-3.70723789017527,2.12368641453901,-12.9106156547756,-9.635837892296,-13.7139975838679,12.9746516304541,-2.25117774247437,-2.90811933843112,-8.64879508540129,-0.541522232843242,19.2416992851445,7.68097999953099,11.7818642571375,-2.13811705871125,3.14811261878069,-12.8228329137216,-8.36697329361514,-1.13450022955618,-11.9161790651445,12.6638483712848,-2.26536100380704,3.25982115923444,-11.3504370570624,-13.0004926811046,-8.12075527692395,-3.58132898050089,12.9754671087747,-2.98984657913802,6.95916402584726,-1.56728930033157,18.9972749299356,25.4499597008726,18.7941939402512,3.56046370215196,-2.13779987579523,3.3854371024589,-3.44907198865829,21.848437285034,27.0562786425687,16.1155971808423,-9.49545213502095,-3.82778059113782,7.88141400998349,-13.4413965047611,-12.3133874768038,-11.6214327705981,-1.55587735717579,-4.05447742776499,-6.69145516337739,-4.48498990096918,-6.04740449381737,-11.9501671758507,-11.9818432667554,-8.8934532521838,-9.69189033649875,-11.8125410393098,-7.96000896904691
60.5652267674125,114.044851494596,138.38906026311,22.0857774728354,-1.70369136720646,6.21056880320738,9.03241256029349,3.01790005462052,17.2923149200531,21.6222449575476,-1.30695113867977,-2.92859094877969,0.224966833019067,5.62853294754655,10.0922293952095,2.35997883837996,0.199746156953257,-3.78717681808137,-2.97562837128113,-2.03672150135463,-2.42560446186409,-3.64076377082501,-10.7819560647019,-9.21237895713503,-7.70930132890297,-10.6302878326622,-3.87946759779938,-2.87489084411284,-2.00832021262582,-2.37805682467482,0.185545652043803,-3.09471290933096,-4.4802099453172,-3.56284019755459,-2.98000172735287,13.8339652873348,17.298269597706,23.0299976838606,-8.72179325374713,-3.73675272741334,10.1974010343411,14.79583489124,24.9981614711826,21.4638148790128,24.5756705882687,9.04741925571036,-2.06036282710003,-1.05278409522283,-11.4921386968534,-10.885370077854,-8.91601828431719,17.4732404804139,3.70037678071459,-3.25792231210862,8.83323634117141,9.74705415669896,17.2327811463365,4.37742382629648,14.8262661329771,10.8480407760795,-1.98705218668655,-1.60660915206513,-12.0711285359212,-9.05869721964767,-10.9337156569107,-5.38940571787293,11.8084438561125,-2.20852760214374,-1.94471242088469,-9.91469482507103,-12.140496163699,-11.562684792478,-10.2735336895081,11.8145375460975,-4.16955444413941,-3.22516046512175,-11.5645694761597,-11.1396106859066,-8.78361140976724,-12.1991100152086,10.2969268979129,-2.27433251642363,-3.23853516871614,0.204627380214841,-9.96678449477584,-11.4400198683465,-9.63079734397874,10.5313934238229,-4.47133744246768,-3.63425861027482,-0.791196080190907,-2.96507817457767,-8.81753154218197,-11.7022781108058,10.8302429422358,-2.40879510398988,-1.77595385112961,-1.32987991104554,-4.520545684549,1.96411353614302,-3.38078242633244,-2.03805545888831,-6.87952035249532,-3.41605159883342,1.95681447326779,-11.8542997633744,-8.84208187542669,-12.6027863123176,11.9178223657508,-2.09188309939784,-2.6633645614673,-7.98255659974381,-0.559957022629412,17.5701098081568,6.97295752958745,10.8217963092771,-1.9897394194508,2.90261260560028,-11.797366014548,-7.72422733644489,-1.10311705148166,-10.966729600461,11.6329243842176,-2.10479152812969,3.00509028010283,-10.4518296110262,-11.9566215321351,-7.49852834489466,-3.34337597091762,11.9178290521622,-2.76403089958099,6.40005731940254,-1.49988601871637,17.3460148797743,23.2629416851668,17.1596555984575,3.27532833408477,-1.9892612407333,3.12031616138168,-3.22202989960083,19.9633459368893,24.7367974394916,14.7016890851258,-8.71433946628247,-3.52462773063157,7.24622573014931,-12.3530139356127,-11.3079995454609,-10.6702533558117,-1.42231507723524,-3.72706914491879,-6.15913635983678,-4.13968611279251,-5.56970339937466,-10.9716254438822,-11.0006131161154,-8.17433076515239,-8.90501195090352,-10.8456809128291,-7.32008570367635
59.8188546344993,112.875798605563,137.030638307434,21.9394330155528,-1.69205576011357,6.1816599412804,8.94865729977231,2.9616529293538,17.1686710051801,21.4790920765252,-1.29891811801809,-2.92023991899597,0.227942324972542,5.60502404354738,10.0455875898784,2.3528543822867,0.202848015968566,-3.7701413837618,-2.96986443671116,-2.03600631179643,-2.42292913601458,-3.63112308329914,-10.729392830129,-9.16928464161116,-7.6752673792622,-10.5786400450324,-3.8683945518482,-2.85874165371637,-1.99557908756496,-2.36390715027232,0.188739849003959,-3.08499358523994,-4.46556960160659,-3.54493512175315,-2.96401841390094,13.7325577261335,17.1742918271908,22.8779324347297,-8.67869382709949,-3.71865889063465,10.1502432239721,14.6898022437854,24.8367131370507,21.321440700816,24.4164318303377,9.00450698699991,-2.05912404230032,-1.04400620805548,-11.4445333318907,-10.8424275986976,-8.8863752663745,17.3525383512513,3.68397000615243,-3.24683799395914,8.79323878919183,9.66880142806506,17.1133940252439,4.32905864420962,14.7200533679389,10.7962494457189,-1.98659841437036,-1.5954603930277,-12.0147930910403,-9.02826056593274,-10.8904574401498,-5.38126001575879,11.7525154635108,-2.20598287495638,-1.93228951072904,-9.86637934994689,-12.0879014721653,-11.5078207924196,-10.2351777609098,11.7583992657127,-4.15676318328168,-3.20781290832177,-11.509759862272,-11.0952143270483,-8.74016907435623,-12.1461843606468,10.2492877311928,-2.27246817124933,-3.22113090778932,0.205284498924303,-9.91818674153225,-11.3859642068815,-9.58408280705148,10.4822265038456,-4.45663538122156,-3.61922242107598,-0.786299660780674,-2.94908292601306,-8.77392259947554,-11.6466210103632,10.7797488679282,-2.40628331088013,-1.76396646632712,-1.32170461746922,-4.49695853746836,1.9562265217886,-3.37266879534974,-2.03753865402672,-6.85048348184087,-3.40351313592447,1.94898447470997,-11.7976359454501,-8.79814516339365,-12.5462739727069,11.8613499044713,-2.09031263466325,-2.64778859935647,-7.95916886250983,-0.580188878589777,17.44904731655,6.91006617468786,10.7701362415586,-1.98926295403522,2.89291529267621,-11.7492395677288,-7.70225680257368,-1.12024373120765,-10.9233045695015,11.5780380581373,-2.10311768707616,2.99485896814078,-10.4124839532682,-11.9063789279998,-7.47779739608287,-3.347373257723,11.8610036923385,-2.75702949388531,6.37264227327788,-1.5148495007184,17.2260827072231,23.1109739913685,17.0406000818033,3.26087570879983,-1.98872364759449,3.10947970734039,-3.22666800172747,19.8273037487303,24.5766987286174,14.590856887346,-8.67142763294378,-3.51081633658177,7.214450308151,-12.2979022541215,-11.254714919774,-10.6192195626928,-1.41400295390861,-3.710253340548,-6.13442427297404,-4.12706310922601,-5.548530700114,-10.9179172599635,-10.9467300628511,-8.13749340050025,-8.8637701618075,-10.7927328654834,-7.28839257550761
55.7917311791345,105.660222648437,128.368511368352,20.6739099008704,-1.59369365735979,5.8458057646513,8.39826222580726,2.73841197797252,16.165483928921,20.2369775277697,-1.22353537151776,-2.77072575588783,0.222299701230202,5.30427146228274,9.49901528488929,2.23121452378747,0.198587698311773,-3.56612585058727,-2.82248880004153,-1.94073081449346,-2.30629257134946,-3.44633910447515,-10.1408330676768,-8.6695284043894,-7.26054040625213,-9.99866210918041,-3.67011752489817,-2.69847945197263,-1.88123111904164,-2.23004494890216,0.185292271369153,-2.92546417576428,-4.23339702924539,-3.34983302072662,-2.79758958131056,12.9217908528981,16.1702941986701,21.5585096612676,-8.20010642347328,-3.51518235080647,9.59791510514562,13.8263247866122,23.4088311900366,20.0880491185886,23.0124179115154,8.51331938233405,-1.96187682954405,-0.980635068196612,-10.8300101948446,-10.2639499974793,-8.42174970024376,16.3403458182237,3.48573841327368,-3.07743359015073,8.31616871759725,9.08602030932459,16.1145635383554,4.04552440682614,13.8548557601674,10.2064343805413,-1.8940707792144,-1.50241895100957,-11.3585607639297,-8.55569183495628,-10.3092044671899,-5.1165176530721,11.110870084516,-2.09966373877366,-1.8214262950176,-9.32365928840598,-11.4348578082549,-10.8776294696244,-9.6928659154589,11.1161823672704,-3.94212588925938,-3.02929615802044,-10.8795746256528,-10.5025024295597,-8.25813594709837,-11.4898649320571,9.69152028310662,-2.16421999225854,-3.04189849662226,0.198076338309985,-9.37257330336187,-10.7627165179968,-9.05714305562086,9.91106098921615,-4.22477069156541,-3.42568210655718,-0.740107958527961,-2.78332417314004,-8.29003468852845,-11.0086158135999,10.1924801283045,-2.29070169949305,-1.66166157706699,-1.2450168998676,-4.24620988698664,1.85295192493331,-3.20252604848218,-1.94253239628467,-6.48268963908429,-3.22431757783186,1.84614572757038,-11.1508756497322,-8.31256039971411,-11.8651438560065,11.2137080316601,-1.99104619869153,-2.49829693656157,-7.54846479814858,-0.587377249488107,16.431579301338,6.48164614179943,10.1817607031858,-1.89657244526611,2.74177685822843,-11.1197372985464,-7.30591358003464,-1.09700720113433,-10.3402395031339,10.9462383250464,-2.00307807946087,2.83807218576588,-9.86024092933349,-11.2658737384351,-7.09399840380503,-3.19805396504515,11.2128947527507,-2.61742625431955,6.02953184148273,-1.46958888436283,16.2210280207857,21.7782019511758,16.0457663733339,3.08566020299194,-1.89594736538031,2.9463356456552,-3.08402933716767,18.6784124499313,23.16274196598,13.7301858605802,-8.1935066702107,-3.32443202241089,6.82477826271413,-11.6307187249499,-10.6390050831639,-10.0368755563307,-1.33280471129022,-3.50939425892833,-5.80735385781078,-3.91409599381378,-5.25478227824843,-10.3186252457776,-10.3457979951644,-7.69645919730586,-8.38140130569066,-10.2005670826499,-6.8956749015882
54.5637015291781,103.557650575384,125.870606277626,20.3417070192975,-1.56766222226742,5.76375447865351,8.24348268833275,2.66405322984311,15.8982706731713,19.9101006690801,-1.20364724517723,-2.7370193291003,0.223018487326513,5.23197543507372,9.36525343800335,2.20342494777121,0.199650034597564,-3.51652689141607,-2.790808239788,-1.92219674257379,-2.28243682351986,-3.4050625464118,-9.99531373332353,-8.54695315271866,-7.1599303720022,-9.85536028669305,-3.62535864648201,-2.65778571879599,-1.85145047687316,-2.19565080278722,0.18656746796939,-2.88898145321108,-4.17990947931402,-3.30138338088913,-2.75528399701914,12.7035380070489,15.9027238968615,21.2122477652172,-8.08103846511363,-3.46501614811719,9.46272570347549,13.5949894661462,23.0354888017859,19.7633498080591,22.6452103555754,8.39271669127372,-1.94263832974781,-0.963084546191965,-10.6822151867128,-10.1259985482862,-8.31396967382882,16.0714203779861,3.43789885554247,-3.03820335884649,8.19983898634143,8.92571590557919,15.8490169915681,3.96116334998989,13.6230765538503,10.0613435164839,-1.876227334899,-1.47770981572253,-11.197231742175,-8.44589826889322,-10.1705233826407,-5.06050471554287,10.9531588576908,-2.07786985409262,-1.7925112743728,-9.18905132068018,-11.2765418937503,-10.7221915473312,-9.56473727595703,10.9582529824195,-3.89315620309145,-2.98436274100739,-10.724172954987,-10.3609180534894,-8.13819342649069,-11.3307148451436,9.55498423609347,-2.14247928701075,-2.99679269065249,0.197522649854832,-9.23723414046708,-10.6090788587856,-8.92653018552093,9.77102067523955,-4.17130326423777,-3.37934672285674,-0.727768276093187,-2.74113813560399,-8.1696326385167,-10.8511843584477,10.0485260085679,-2.26715040761766,-1.63465582603672,-1.22478916356674,-4.18298795895477,1.82864339481025,-3.16501129484734,-1.92417375407342,-6.39420123072802,-3.18229936591569,1.82195687197707,-10.9911341840328,-8.19162510555072,-11.6989751136978,11.0545062069772,-1.97121350470961,-2.46002074984675,-7.45495966404039,-0.601238112193613,16.1613611469105,6.36044550473183,10.0370279038906,-1.87868359377798,2.70673225900612,-10.9687749438298,-7.21604180012513,-1.10309893917143,-10.2011072625299,10.7910460395837,-1.9830324989369,2.80161374604839,-9.72959353670271,-11.1114550667533,-7.00729973811848,-3.17176642508798,11.0534272871992,-2.58646433589051,5.94668591129886,-1.4701183232231,15.9539313632495,21.4285515791763,15.781207469133,3.04345100195215,-1.87800231132146,2.90828391857583,-3.05941251844412,18.3752531273733,22.7927521563705,13.498521756205,-8.07468623001057,-3.2802368733799,6.73030176910531,-11.4680974425811,-10.4873318709607,-9.89298905984686,-1.31163263747625,-3.46053631811694,-5.72937641385085,-3.86555174614355,-5.18540583048695,-10.1703326712264,-10.1970816850168,-7.58905319600124,-8.2633175315125,-10.0541158764653,-6.80074773193478
53.4912657972867,101.749714629918,123.730671447056,20.0682955454803,-1.5461320695166,5.69847519489516,8.11327047426006,2.59843851103325,15.6773056419123,19.6402513570738,-1.18700835536052,-2.71135897692661,0.22441432192187,5.17480809103567,9.25853602693497,2.18203080845086,0.201322085415356,-3.47713698308218,-2.76737051777904,-1.90941760826053,-2.26536966026071,-3.37378397780334,-9.87860811589969,-8.44905672976254,-7.08003934934969,-9.74047263330219,-3.59122671425629,-2.62475854245971,-1.82699610960244,-2.16758254464402,0.188414841801379,-2.86097249039054,-4.13863263910139,-3.26248574538582,-2.72069399718381,12.5215776410372,15.6814137677976,20.927194452311,-7.98502229662875,-3.42488606329564,9.35486023293327,13.4024693250084,22.7284015623478,19.4952649837754,22.3432208630057,8.296432974972,-1.92920781196654,-0.948285836241318,-10.5651440963787,-10.0172046401332,-8.23020506498884,15.8484465834181,3.40015451958108,-3.00786643383805,8.10719079993413,8.79078323237986,15.6287826844947,3.88790728721373,13.4301921068032,9.9453542559902,-1.86400725161488,-1.45724262874693,-11.0679870308582,-8.36050039774942,-10.0611266031748,-5.01922054512768,10.827079038863,-2.06226380967532,-1.76875258881871,-9.08069562878056,-11.1506245904707,-10.5974487145298,-9.46418567176499,10.8319767261934,-3.8555783333102,-2.94804706844707,-10.5994734596975,-10.2491656045893,-8.04146655986231,-11.2041187657952,9.44603612654249,-2.12712601476539,-2.96034062056762,0.197748575774263,-9.12828532970344,-10.48579731159,-8.82140376810965,9.65919216739535,-4.13002002842099,-3.34284844049585,-0.717314886274117,-2.70662516567373,-8.07253668677473,-10.7248172826965,9.93358458761894,-2.2503450010363,-1.61234463904357,-1.20787078379522,-4.13158522323792,1.80980522717433,-3.13680876190512,-1.91157873726528,-6.32424571646079,-3.1495770765593,1.80321967207371,-10.8628545890481,-8.09405480386721,-11.5663869309547,10.927226591819,-1.95726835312771,-2.42883262978014,-7.38303734322234,-0.617079929530188,15.9373286139959,6.25722724064228,9.92132687328643,-1.86642501831034,2.67953521438329,-10.8493873997367,-7.14706575561485,-1.11260983133889,-10.0913473849516,10.6670132609323,-1.96890778897864,2.77327635962386,-9.62699707909535,-10.9889915169525,-6.9408957597336,-3.15481258385976,10.9258928751969,-2.5631246118069,5.88102678973825,-1.47512417456972,15.7324410450223,21.1403353888541,15.5617721546896,3.01019985662745,-1.86568375196904,2.87866090468108,-3.04380227620746,18.1253467152037,22.4882464889824,13.3063135366449,-7.97890258377257,-3.24560605394835,6.65527091489622,-11.3383948674293,-10.3656839863698,-9.77739969457058,-1.29402665307034,-3.4217246360094,-5.66803368463536,-3.82832036314726,-5.13111098407451,-10.0513534683606,-10.0777551116219,-7.50359130602802,-8.16910283045128,-9.93664625873375,-6.72551409524788
52.1774850341866,99.4080287383149,120.922862270378,19.6645855345102,-1.51466322725125,5.59245257349832,7.93774745692764,2.52712053656725,15.3573453932191,19.2428179958535,-1.1624668723927,-2.66473747731613,0.222996362291905,5.07983559504005,9.08552382067753,2.14387653767885,0.200342741442427,-3.41271641829329,-2.72172681470331,-1.88036445243755,-2.22952778179788,-3.31619739940726,-9.69198885061097,-8.29081909323559,-6.94897647840142,-9.55659615861183,-3.5293283808487,-2.57380080809186,-1.79050164578358,-2.12494581482308,0.187695247749833,-2.8111112037556,-4.0659065476141,-3.20066531283575,-2.66728363483989,12.261277478419,15.361172164767,20.5060974258919,-7.83265956801892,-3.36048625305709,9.18001923393951,13.1253511972134,22.2724426551376,19.1006211365847,21.8950460607476,8.14107090203388,-1.89948634631423,-0.927873914073455,-10.3707397982084,-9.83443986609561,-8.08399874123048,15.5240524105292,3.33785371800811,-2.95480850292252,7.95624421551707,8.602934552667,15.3086395949687,3.79531467022353,13.1525230190019,9.75864723027699,-1.83582890191846,-1.42746175650513,-10.8596381055925,-8.21176832999456,-9.87747230771524,-4.93691966388886,10.6238788220062,-2.02960069294281,-1.7333635616373,-8.90805663852415,-10.9437834515028,-10.3972371276369,-9.29309218172385,10.6285992610552,-3.78845422573978,-2.89136028383345,-10.3992716360235,-10.0618653918037,-7.88800617825486,-10.9962338977524,9.26946608788566,-2.09395450589567,-2.90342789156769,0.196077873821903,-8.9547249494593,-10.2877725316086,-8.65376289252098,9.47834903123814,-4.0573800521894,-3.28189375110172,-0.702094975677763,-2.65341704854281,-7.91848767759344,-10.5221139791684,9.74764711021541,-2.21484666857318,-1.57962602740764,-1.18291137790924,-4.05140414757059,1.77765019426956,-3.08389764565108,-1.882632658652,-6.20818194214259,-3.0933359322051,1.77120572716126,-10.6573420960183,-7.93944211797418,-11.3504357348925,10.7221210530391,-1.92688727692897,-2.38123778587745,-7.2541540233128,-0.621601628527142,15.6112108768039,6.11846835391997,9.73507713670107,-1.83819395028,2.63203553627732,-10.6503620676036,-7.0227511511162,-1.10743155647159,-9.9071178545499,10.4669371775669,-1.93827692845706,2.7239832351663,-9.45274284072489,-10.7863075735179,-6.82057029201085,-3.1093825698165,10.7206474304838,-2.51970845194035,5.77260805913723,-1.46294434636871,15.4103055194734,20.7141666612301,15.2429104217331,2.95518809036607,-1.8374167822781,2.82734933462928,-3.00048649274863,17.7589173665134,22.0365418635703,13.0318463582778,-7.82676991162466,-3.18699989091002,6.53207156963205,-11.126887670961,-10.1701055996889,-9.5923035754266,-1.26767482792345,-3.35829644778588,-5.56498323618777,-3.761728896639,-5.03870877603079,-9.86130411693942,-9.88718159915108,-7.36412079646976,-8.01642205711213,-9.74887447925396,-6.60148476927814
50.9286338136584,97.1914868550574,118.26762081309,19.2847376673074,-1.48506981382203,5.49310520216461,7.77089638250969,2.45751117623414,15.0556347803646,18.8693645607055,-1.13961324426418,-2.62119898348829,0.221814941968219,4.99104175574442,8.9236020296933,2.10830351578906,0.199572117785138,-3.35239413699254,-2.67918938962892,-1.85336595126718,-2.19617495241722,-3.26246477717401,-9.51725804345819,-8.14270394945135,-6.82634492996269,-9.38443749959533,-3.47155260472196,-2.52599078569848,-1.75621280362886,-2.08491622588063,0.187168656245515,-2.76452448849867,-3.99797871055316,-3.1427261385798,-2.61741566548738,12.0163500726259,15.0591851695905,20.110004940096,-7.69019813494322,-3.30014920848753,9.01638633357046,12.8647239439001,21.8439118442663,18.7297705411911,21.4737293720798,7.9955480406314,-1.87184949658842,-0.908625562585954,-10.1891599955147,-9.66380040760417,-7.94767932696274,15.2190919030636,3.27942924044568,-2.90521371663241,7.81500707531775,8.42601390723133,15.0076640557444,3.70770460174653,12.891379761849,9.58379620523654,-1.80964939311419,-1.39944939936913,-10.6648511979425,-8.07307978310436,-9.70599787921944,-4.86054178705408,10.433644517873,-1.99919317129953,-1.70011012189023,-8.74663188980338,-10.7505126999262,-10.2100420014517,-9.13341792114671,10.438185134921,-3.72577892404767,-2.83819925123004,-10.2120872439995,-9.88697251688058,-7.74451600416555,-10.8019846123626,9.10421617252447,-2.06310296816117,-2.85005552742072,0.194398463635096,-8.79243700309068,-10.1026461217925,-8.49703574658233,9.30908053711094,-3.98952982507328,-3.22484949616498,-0.687988598458336,-2.60373623214014,-7.77444649695627,-10.3325832227787,9.57361381888409,-2.18181782107336,-1.54886233021888,-1.15966584129756,-3.97647791778527,1.74744047888399,-3.03454816201376,-1.85574069023764,-6.09961586782077,-3.04074268722567,1.74112855544254,-10.4651747019088,-7.79486797406884,-11.1485936422035,10.5301035413911,-1.89862759129657,-2.33656431383558,-7.13409019776823,-0.626632013247328,15.3046648967154,5.987586109416,9.56065417831947,-1.81196481340202,2.58771435227563,-10.4644764632942,-6.90697041907611,-1.1033674557101,-9.7351046868548,10.2796399491759,-1.90978228681759,2.67798139192209,-9.29010509551191,-10.5969647377251,-6.70853005880637,-3.06757763975639,10.52847162178,-2.47918568598595,5.67122019196598,-1.45231536289579,15.1074725058888,20.313745858994,14.9431271820065,2.90358301553138,-1.81115302180188,2.7794556269562,-2.96066620880695,17.4138523768972,21.6120627945316,12.772622140982,-7.68452762307598,-3.13217271347211,6.41683463451501,-10.9292111767477,-9.98725689420333,-9.41924437090689,-1.24313382341789,-3.29890142610821,-5.46862000049857,-3.69955270443891,-4.95233062027909,-9.68335662015348,-9.70874255608585,-7.23360483572761,-7.87351794783405,-9.5730628536505,-6.48544885169602
30.4421278342173,58.2385830335606,70.9038429881594,11.6117255956731,-0.893761509244316,3.31572254264391,4.66985796113964,1.46526002250648,9.06195607556578,11.3580105835379,-0.684939763432938,-1.58596515882061,0.136508252177572,3.01362267223299,5.38517805038259,1.27481635563149,0.123092183195682,-2.02376201197295,-1.62293728438485,-1.12514640222526,-1.33187721785122,-1.97431397579765,-5.7414358341745,-4.91359580343295,-4.12079969019906,-5.661443518301,-2.10024424370757,-1.5225974027812,-1.05761110129349,-1.25619694578655,0.115624823653821,-1.67201849118146,-2.41732846470355,-1.89583087964231,-1.57652303554126,7.22637453689132,9.06390973250268,12.1082559255155,-4.63716255032756,-1.9912844763301,5.44113922554307,7.73787058601212,13.15289690257,11.2738733870462,12.930293978815,4.82503372136536,-1.1360099609899,-0.545774552126238,-6.15131204248885,-5.83566346147445,-4.8031782602586,9.15719183799422,1.98064430361735,-1.75647314167878,4.71668345356017,5.06216975412865,9.02974264616806,2.21831967405165,7.75392224870566,5.78291603712011,-1.09879222006741,-0.842117611523278,-6.43386561832737,-4.87876893391368,-5.86106055237614,-2.94404677344281,6.29564443804552,-1.21241016131971,-1.02377091041016,-5.27487578441196,-6.48858895691289,-6.15875252511734,-5.5169271885278,6.29832361515342,-2.25337637945047,-1.71131872270498,-6.16003410790828,-5.97014690317552,-4.66989936070718,-6.51960761171002,5.4941126926541,-1.25166030487251,-1.71847747765537,0.119745828830414,-5.30248562064847,-6.09399841402081,-5.1243687734743,5.61747624744451,-2.41215622592176,-1.94774127145676,-0.412926017772087,-1.56820774345852,-4.68795330842394,-6.23259178088168,5.77714410445433,-1.32327482757626,-0.93224680995735,-0.697012708130911,-2.39625652121452,1.056581970813,-1.83702060126832,-1.12672329833857,-3.68311360107492,-1.83773078004574,1.05279104116189,-6.31237849219295,-4.70011648004957,-6.72748798830467,6.35381882720784,-1.15203731968692,-1.40798690030855,-4.31369795939332,-0.393530434853769,9.20870186688794,3.59229269700008,5.76895908199002,-1.10018208698836,1.5640813932991,-6.31815452089018,-4.17679093892613,-0.680793880353114,-5.87861537050402,6.20281970858828,-1.1587369393899,1.6185154938131,-5.61136935765286,-6.39705917845328,-4.05716728124844,-1.86406456984179,6.35271800820388,-1.50069495267086,3.42384853021872,-0.891159269640815,9.0898982943284,12.2290738737269,8.99084359240119,1.75383827603887,-1.09964089718181,1.6797063047831,-1.79957524700625,10.4839884958626,13.0125697235023,7.68569934717743,-4.63385569370994,-1.89234041057477,3.8735094181538,-6.5952781374442,-6.02460782588646,-5.68132715890647,-0.747598927966219,-1.99143752467814,-3.30307550546585,-2.23757312671392,-2.9921236951075,-5.84147005117324,-5.85675900891819,-4.3660776121022,-4.75147450105672,-5.77504465147654,-3.91548660720013
22.3344442220693,42.8556340640877,52.2076655546614,8.59352251543249,-0.661098393589865,2.46101815678631,3.44734613519768,1.07078340852823,6.70331119267921,8.40300619010523,-0.50599637438448,-1.18037775262769,0.103591477136788,2.23770015809991,3.99609305198686,0.948152870642205,0.0936419941485642,-1.50228405316608,-1.20951312878844,-0.840610946578296,-0.993894041752662,-1.46972914869071,-4.25874330442282,-3.64586645960976,-3.05892965079012,-4.19952265116878,-1.56296368294848,-1.12829704810634,-0.782873009161103,-0.930423588244079,0.0881162258776191,-1.24385719471498,-1.79774478428269,-1.40615319460385,-1.16740575928296,5.34054838035903,6.7045954428775,8.96073893648826,-3.43802268129671,-1.47737203425631,4.03759286110533,5.71973101872016,9.73458342868922,8.34065448846879,9.57002171805406,3.58029703100619,-0.848421972760581,-0.402774070672311,-4.5668221891327,-4.33378512706237,-3.57031982557784,6.77165516701412,1.47100652577522,-1.30614373016172,3.50048355960438,3.73677481505043,6.67720358503174,1.62952983945615,5.73161320668772,4.29061111045701,-0.821077976690428,-0.622798243988865,-4.77262932998454,-3.62633775763951,-4.35257285047439,-2.19406288233072,4.67100013689889,-0.904730281862812,-0.757775947130363,-3.91139950764783,-4.81582871189079,-4.56792611522816,-4.09840681657238,4.67292952756804,-1.67635111077115,-1.2686043150949,-4.56891759351358,-4.43341076466653,-3.46227865386739,-4.83880899373713,4.07687786503377,-0.934444102379389,-1.27391972517021,0.0908240839081023,-3.93185989679253,-4.51993519042023,-3.7998253688085,4.16818612880279,-1.79384357782593,-1.44668492754686,-0.304604289308749,-1.16118391871769,-3.47566859854217,-4.62262367243649,4.28669383525846,-0.987563619903782,-0.689646230746706,-0.514931046890104,-1.77533305751053,0.785683831703452,-1.36806200204477,-0.841904829157291,-2.73489147086862,-1.36598698392099,0.782886225323966,-4.6816340180844,-3.48455691492316,-4.99196456979125,4.71413833627089,-0.860201245265123,-1.04299641952357,-3.20837801442747,-0.305326607865516,6.80978476752582,2.64748390789779,4.28026161317454,-0.822102959267908,1.16276211910681,-4.69122079212231,-3.10691862177483,-0.518118962264221,-4.36559054563833,4.60222119584698,-0.865145349607105,1.20312062449349,-4.16838908817126,-4.7488767066459,-3.0182642989186,-1.39438998792871,4.71320932598205,-1.11747197703042,2.54189938343005,-0.674033875016513,6.72178277218546,9.04885046109471,6.64837394985623,1.30270948250182,-0.821657989679021,1.24848714182976,-1.34656316408854,7.75770104450707,9.63014932325985,5.68324284459681,-3.43566726641569,-1.40602576440432,2.87531294914246,-4.89401360063524,-4.46864063329244,-4.21347877471276,-0.552653156793574,-1.47826084161961,-2.45352471963602,-1.6646443257695,-2.22330745581502,-4.33280149260157,-4.34412040782857,-3.24051795717062,-3.5258418097374,-4.28362479882919,-2.90692557459452
20.7892718419449,39.9715620654045,48.7144768161329,8.04536504661759,-0.618729190431996,2.30842513462702,3.22160676815545,0.993392729260761,6.27356095910458,7.86558153487488,-0.473280618589904,-1.10914341152329,0.0985606888015855,2.09956636371014,3.74785158298727,0.890579633615006,0.0892328961743614,-1.40926530227204,-1.13750060439524,-0.791804166870989,-0.935493267289448,-1.38123718209488,-3.99315182749621,-3.41920441471549,-2.8695467979399,-3.93769297980548,-1.46855218459953,-1.05724725147703,-0.733053217964225,-0.871551748118229,0.0840598031425408,-1.1684520746673,-1.68844064981029,-1.31838316756069,-1.09349092965613,4.9954574412547,6.27466293055232,8.38905642862685,-3.22274381531771,-1.38541119634384,3.78675807710397,5.35088183034279,9.11412447994766,7.80714834559015,8.96012063351825,3.35775654486506,-0.798977935060792,-0.376392935515575,-4.28457713041199,-4.06673456788943,-3.3523199625476,6.33666790154046,1.3803192529634,-1.22663798129539,3.28330688981694,3.49267397578228,6.24815823098803,1.51818437474224,5.36200872502519,4.02366291831011,-0.773498316671853,-0.582821948745995,-4.47526901773687,-3.40481219843953,-4.0843199795666,-2.06355823411732,4.38039379849495,-0.851555609924302,-0.709523864950101,-3.66681301373171,-4.51734843549178,-4.28294695534515,-3.84666485629774,4.38216339482371,-1.57474882315212,-1.18899860422617,-4.28390124356066,-4.16006908972598,-3.24547098445446,-4.53887862745417,3.82358894976305,-0.879781407941669,-1.19398575713283,0.0862886948606221,-3.68598584374705,-4.23798165790665,-3.56224275832833,3.90907992361809,-1.68474357594212,-1.35761004793087,-0.284676606997107,-1.08762453818341,-3.25802495166323,-4.33418935911227,4.02024206575674,-0.929588176385055,-0.645497289295789,-0.481645803569903,-1.66344118960803,0.737793633049982,-1.28601289392121,-0.793092798166815,-2.56608818641793,-1.28248962692983,0.735179097078148,-4.38941605654917,-3.26627828050968,-4.68185520073748,4.42083440821873,-0.809956450354927,-0.977092739554555,-3.01363014935946,-0.294491986073358,6.37238541481685,2.47193259817496,4.01396066870765,-0.77445577243044,1.0918322805303,-4.40160346655968,-2.9185544544305,-0.493840297348926,-4.09652361850522,4.31595253298325,-0.814576895844409,1.12966255072709,-3.91223957744188,-4.45513872017739,-2.83547650429043,-1.31460448123698,4.4198865233161,-1.05036830957748,2.38474104072654,-0.639954694923366,6.28993622434912,8.47096330806281,6.22113748714254,1.22247903168043,-0.774012644712797,1.17218606075549,-1.26976739687813,7.26201863452228,9.01602870391846,5.3175189865981,-3.22059405338002,-1.31974888556912,2.69728429183252,-4.59008308637137,-4.18998416992635,-3.95041282500993,-0.517135942254079,-1.38671233309233,-2.3025861030188,-1.56378128808836,-2.08698617459066,-4.06250565786616,-4.07310560717985,-3.03960144903996,-3.30680302077452,-4.01645274280865,-2.72719534430418
19.9024173520631,38.3775122596809,46.7995293092755,7.76504765370867,-0.596923870637426,2.23387938108919,3.10086346585392,0.945646084323442,6.05181185423583,7.58997880213877,-0.456358507658248,-1.07590879973099,0.0972432056170067,2.03266067203411,3.62633359263053,0.863477360788946,0.088222646778414,-1.36394347186632,-1.10471470332172,-0.770603195218439,-0.909541135698604,-1.34013626393741,-3.86231625055768,-3.30810394646601,-2.77734279027077,-3.8087645632475,-1.4244525338659,-1.02167419003297,-0.707691615060487,-0.841849602301121,0.0832298364034356,-1.13299463653171,-1.63680755715187,-1.27505519235095,-1.05631914326758,4.81569093597514,6.0527394991933,8.09669896526158,-3.11614638122274,-1.34021744611726,3.66395928342935,5.15935457858469,8.79746461375704,7.53349347531042,8.6488423613609,3.24865562200569,-0.777342628578606,-0.3623674546782,-4.14771948388515,-3.93788530328511,-3.24877084702803,6.11211630841223,1.33638619019248,-1.18898893917899,3.1772240517719,3.36348794920817,6.02657528697067,1.45547641451808,5.17009854810162,3.89261414629255,-0.752908545060745,-0.562199063282051,-4.32915829401864,-3.29949952872842,-3.95485410861932,-2.00442951084363,4.2377720011846,-0.827908027158593,-0.684936696309725,-3.54595173544699,-4.37193360465878,-4.14262937160846,-3.7258533244182,4.23942539384164,-1.52701298003029,-1.14936450625355,-4.14358484670736,-4.028057868758,-3.13810770405932,-4.3927359296818,3.69957910044148,-0.855694338847276,-1.15419251301801,0.0848419995059064,-3.56448127149104,-4.0991913239662,-3.44487636235869,3.78210164842835,-1.63317980066709,-1.31460895322086,-0.274237646358298,-1.05060201162154,-3.15024922310863,-4.19213499294314,3.88968207362669,-0.903869920720802,-0.622815622514559,-0.46443353091122,-1.60751663931741,0.71498078017037,-1.24816625378346,-0.771949704137133,-2.48431442367264,-1.24266832787591,0.71246317401404,-4.24541600942535,-3.15812589282661,-4.53020145611557,4.27687860875756,-0.787873800670925,-0.943917077248273,-2.92206913257191,-0.295800846387018,6.14663590502824,2.37702402099111,3.88323206020045,-0.753829865071881,1.05817186923781,-4.26141717350488,-2.83018371829811,-0.488388389489616,-3.96665496926841,4.17551069432758,-0.792322634865244,1.09474731923598,-3.7892218995315,-4.31250817405988,-2.74989177835661,-1.2811301887289,4.27584829904664,-1.01933336980022,2.30842062785676,-0.629611427363533,6.06696205146676,8.1752528528944,6.00044967154865,1.18366486781382,-0.753367563868133,1.13585879532787,-1.23777413064955,7.00774537639592,8.70239834105675,5.12755849102219,-3.11414441192715,-1.27833422114382,2.61061875551958,-4.44152884204144,-4.0528847931742,-3.82073605185986,-0.498919833452435,-1.34209264102075,-2.22986273592366,-1.51641675083968,-2.02166829503461,-3.92928502878626,-3.93952050329305,-2.94155106174943,-3.19956663620408,-3.88481579433067,-2.63988264213742
19.1121666412777,36.9414444992213,45.0701820226804,7.50640064377925,-0.576846970911748,2.16408104160019,2.99091875571391,0.903854694003874,5.84775091192524,7.3359502764822,-0.440819618297995,-1.04430991855508,0.0956624110367059,1.96984945643069,3.51264595580765,0.837792736443102,0.0869283993193104,-1.32147317427414,-1.07328192160228,-0.749939053258594,-0.884449101593336,-1.30100071702583,-3.74016439183798,-3.20420673685294,-2.69092509688952,-3.68837675873808,-1.38254258236952,-0.988633181260778,-0.684259688389003,-0.814329006352547,0.0821019273888233,-1.09937176382331,-1.58792450604057,-1.23462695700128,-1.02186146505045,4.6508082326441,5.84854116226792,7.82695409603373,-3.01680869133712,-1.2979866430306,3.54907696187598,4.9835129325665,8.5051307936657,7.28127740315964,8.36147120520368,3.14662754045026,-0.756309548276506,-0.349583451696174,-4.01929841753964,-3.81678126836185,-3.15094043083384,5.90557519786249,1.29513138339158,-1.15337224607835,3.07790781204304,3.24558254766658,5.82279319973214,1.39930950946414,4.99390276169361,3.77011873082005,-0.732812943278132,-0.543225029842518,-4.19264984586663,-3.20003061429172,-3.8331818108029,-1.94766854823971,4.10445064737921,-0.805049364396507,-0.662227162670411,-3.43324440953508,-4.23569407739134,-4.01162285905041,-3.61210172557201,4.10600620838634,-1.48173692383515,-1.11248506004494,-4.01257348542335,-3.90402079725655,-3.03805888716536,-4.25582096118974,3.58356689484688,-0.832336301372797,-1.11716370213538,0.0832375944480095,-3.451176118864,-3.9696008207415,-3.33541938528024,3.6633487218209,-1.58437097450795,-1.2741900778554,-0.264695909886242,-1.01629157030482,-3.04981553802799,-4.05951758346455,3.7675740494081,-0.878988827250135,-0.601920409681593,-0.448626689257713,-1.55556523630065,0.693431932061797,-1.2120443569636,-0.7513212302445,-2.40754525846924,-1.20508636138302,0.691002754581388,-4.11100705086075,-3.0573600475462,-4.3882929000489,4.14231343995263,-0.766439148559293,-0.913156343478233,-2.83526761595324,-0.295012054365037,5.93898150171187,2.29096823851729,3.76103514175748,-0.733701400253473,1.02635779214602,-4.12979555446976,-2.74634695505568,-0.481329598746234,-3.84460716289487,4.04421205441688,-0.770731472373223,1.06176451426861,-3.67342114652552,-4.17873121162915,-2.66864437987573,-1.24811629948983,4.14122695170573,-0.98973790340533,2.23683258192007,-0.618004987279784,5.86188519250532,7.90250108521926,5.79750149284028,1.14719888832482,-0.733227380668319,1.10156111359403,-1.20614078681325,6.77334437863653,8.41292695971071,4.9530909828981,-3.01493050711713,-1.2393330085227,2.5293913986496,-4.30249707640054,-3.924851271013,-3.69971084643872,-0.482146598363951,-1.30028463420344,-2.16146680143861,-1.47148516262066,-1.96012369351611,-3.80492709391694,-3.81482543471368,-2.84972540163876,-3.09924378417064,-3.76192271036757,-2.55798992545539
18.8766417227965,36.54113273337,44.5954331270347,7.44465650994718,-0.571991194283894,2.14910346663341,2.96197842125145,0.889742238130588,5.79802717639815,7.27500552965673,-0.437049137668598,-1.038303391464,0.0958920156275589,1.9566741267251,3.48815633205284,0.83279776018495,0.087221167688484,-1.31242302791654,-1.06772180322669,-0.746808733886789,-0.880338474426,-1.29365952360582,-3.71344479567426,-3.18175314047863,-2.67255534631347,-3.66206947455273,-1.37455407868161,-0.981118687029422,-0.678726013985235,-0.807959213399994,0.0824343268937069,-1.0928399099431,-1.5783143613055,-1.2257330262122,-1.01397657867005,4.60990202649807,5.79874518070764,7.76257007844824,-2.99484103722123,-1.2887959400717,3.52432458005254,4.94018799658305,8.43569910167841,7.22073641818359,8.29320258747311,3.12455567910205,-0.753039154843978,-0.346275819984347,-3.99230953305714,-3.79164940212502,-3.13145649445767,5.85531361397809,1.28645179140095,-1.14632003386537,3.05662823537252,3.21537219955564,5.77315565556663,1.38313769188362,4.95049513219776,3.74353784504823,-0.729810190874694,-0.538612319485724,-4.16300562014421,-3.18017490846651,-3.80791370152609,-1.93781451878371,4.07554808806007,-0.801293833638263,-0.656852585214203,-3.40843829155263,-4.20672064203616,-3.98303181154714,-3.58882112274484,4.07706254213416,-1.4729662258404,-1.10420638727483,-3.98399094100802,-3.87821633553001,-3.01592944420359,-4.22669312567034,3.55856658317213,-0.828616433491713,-1.10885361325467,0.0832505714060021,-3.4262348399623,-3.94133979070752,-3.31134789345453,3.6376974003716,-1.57476169239848,-1.26577417189919,-0.26232776722532,-1.00842620949201,-3.02760162184772,-4.0305571759313,3.74120714661328,-0.874936319237753,-0.596885804231288,-0.444792901611679,-1.54383325084877,0.689079546830379,-1.20540165490463,-0.748228519990048,-2.39142909916233,-1.19750317304459,0.686673006236447,-4.08161469863915,-3.0350421728954,-4.3578292947364,4.1131364418107,-0.763054879787637,-0.90607304113317,-2.81845688063282,-0.298129238379954,5.88847525139536,2.26797827909166,3.73452017034057,-0.730690047914675,1.02003265173729,-4.10225468516526,-2.73020727107993,-0.483007495178755,-3.81925605207531,4.01577413005277,-0.767306991043863,1.05517904987809,-3.64967504758671,-4.15051601475556,-2.65309048946704,-1.2437843273065,4.11199918914148,-0.984250541207427,2.22171628391157,-0.61865651373776,5.8119599954144,7.83736899446339,5.74804737515334,1.13955062627161,-0.730203700188718,1.0946822573349,-1.20211537438039,6.71698171873653,8.34408527206334,4.90994614552752,-2.99301271256168,-1.23132935076997,2.51213462354456,-4.27269005564541,-3.89696127982606,-3.67322708225123,-0.478148381583998,-1.29136849760073,-2.14730448326955,-1.46279328962368,-1.94756019741921,-3.77769185411977,-3.78751140976135,-2.8300921154852,-3.07762525242474,-3.73502984353006,-2.54067663484804
18.5377371100452,35.9431696039482,43.88008629764,7.34390037378178,-0.564122233955054,2.12303916831696,2.91754853226314,0.870984635688944,5.7179393017566,7.17573906212485,-0.430907312072634,-1.02702970228538,0.0956808321294478,1.93339797064563,3.445597904068,0.823542204860241,0.0871182251716407,-1.29660097394868,-1.05678799763536,-0.739982732270239,-0.871836082028151,-1.279758383064,-3.66744069564041,-3.14281145178832,-2.64037551767675,-3.61674789840213,-1.35958026032863,-0.968488203936433,-0.669631683227649,-0.797364791947524,0.0823961965231597,-1.08074763432769,-1.56064806739691,-1.21048182394328,-1.00072383414571,4.54457033584368,5.71857782532962,7.65747567303723,-2.95722116454746,-1.27293242867187,3.48131496728624,4.87070464719493,8.32198239888895,7.1221594889776,8.18142454840814,3.08631750572955,-0.746034097336179,-0.34112115477732,-3.94464946886461,-3.74692060368072,-3.09587443638035,5.77412300133773,1.27117890117013,-1.13341941285768,3.01952514997654,3.16800099271671,5.69301793402025,1.35937689069376,4.88087469202654,3.69756469031402,-0.723200621240284,-0.531159902793074,-4.11169393151016,-3.14396701834776,-3.76296274116021,-1.91814214160256,4.02551970953274,-0.79354292035428,-0.648031017480872,-3.36584075553772,-4.15592846440702,-3.93368979058455,-3.54702818981538,4.02698584181508,-1.45669309066661,-1.0901818320697,-3.93465363741909,-3.83236201931551,-2.97803747887843,-4.17564205009997,3.51513052651697,-0.82077510107723,-1.09477366299007,0.0829287953139817,-3.38340910553342,-3.89254153035064,-3.26998800107074,3.59319564101735,-1.55711291942839,-1.25085128106809,-0.258505644679976,-0.995220258415157,-2.98956448081112,-3.98059680730765,3.69545396697924,-0.86652150460244,-0.588708802168115,-0.43854691615877,-1.52397609492202,0.681242181863305,-1.1926625766711,-0.741436098344105,-2.3629813210497,-1.18379344699664,0.678871218426114,-4.03095214672193,-2.99685851553164,-4.30473093984478,4.062637791054,-0.755880941884325,-0.894255239974187,-2.78720824868863,-0.300035645120019,5.806859138823,2.23276919770347,3.68865989571611,-0.724067142001172,1.0084758874343,-4.05349130627609,-2.7000903115258,-0.482506370662706,-3.77416308057343,3.96652114639972,-0.760070035397814,1.04317905671598,-3.60709879351319,-4.10080170205904,-2.62396156180722,-1.23328028881868,4.06145701752584,-0.973786545263459,2.19512036392143,-0.616421827773122,5.73132993610471,7.73099727926991,5.66822586147747,1.12607069995884,-0.7235695789166,1.08218330902348,-1.19213357463957,6.62543619458738,8.231407677637,4.84109992881992,-2.95545505676517,-1.21701005919503,2.48188742533686,-4.2206938010542,-3.84877366284172,-3.62759289770744,-0.47157048734784,-1.27578845580281,-2.12209421446568,-1.44665229899263,-1.92499906728318,-3.73083419737169,-3.74052332234769,-2.79582021619948,-3.04006626234346,-3.68873894283153,-2.51024677919677
17.565802027877,34.2328953090725,41.8353202180557,7.05699753693671,-0.541718515505226,2.04905069433039,2.79026684860164,0.816434803745238,5.48959232539277,6.89325140444198,-0.413506383722882,-0.99511997141588,0.0951642975023823,1.86741434041234,3.32485850807335,0.797361137082808,0.086908954677634,-1.25170616811892,-1.02589479348532,-0.720753230922071,-0.847849060858125,-1.24043416684735,-3.53687822822766,-3.03232142514399,-2.54910356003602,-3.48812527747513,-1.31720749915375,-0.932591048516338,-0.643756749760778,-0.767239149596513,0.0823713358247504,-1.04650516695303,-1.5106239942901,-1.16717387170726,-0.963148701632368,4.3584661189153,5.48999835427835,7.35826382203753,-2.85051680791286,-1.22789784803238,3.3592954640385,4.67283457188232,7.99837219914379,6.84162570752584,7.86329179566663,2.97778467743785,-0.72628882197261,-0.326415702589614,-3.80960691476907,-3.62022536310206,-2.99519893635275,5.54299030684097,1.2278144591896,-1.09687310392307,2.91428089531136,3.03295459473499,5.46487616605161,1.29141018917625,4.68261524427301,3.56708561952028,-0.704585485626497,-0.509938681954522,-3.966188633344,-3.04151310435471,-3.63563562310091,-1.86269056287733,3.88355642222792,-0.771670563859797,-0.622930400552792,-3.24502163820231,-4.01196618301108,-3.79375709587854,-3.42869082033705,3.88487920182871,-1.41062809143857,-1.05033674903626,-3.79473538831156,-3.70246839785049,-2.87056022677474,-4.03094419366835,3.39190142824286,-0.798665143313059,-1.05477150804584,0.0819888203249342,-3.26194194814976,-3.75416110512833,-3.15268932511403,3.46693284341537,-1.50713669729573,-1.20852964397231,-0.247699871465443,-0.957776489816485,-2.88167524446763,-3.83890739522684,3.56564233461946,-0.842784483097989,-0.565430800723557,-0.420849922555989,-1.46765895625786,0.658976967086161,-1.1566403192159,-0.722305694594483,-2.282316228156,-1.1449392175211,0.65670729796,-3.88726556774241,-2.88855000300084,-4.15419594093141,3.91934001187636,-0.735653148688094,-0.8606567283898,-2.69885732611135,-0.305904709423249,5.57452958163494,2.13228050592853,3.55850118008357,-0.70541398856848,0.975765070933745,-3.9153323980805,-2.61495427367842,-0.481534779826534,-3.64643282871158,3.82676408149466,-0.739662699420916,1.0092095516711,-3.48653593895056,-3.95992235579652,-2.54163262386355,-1.20388384759191,3.91802350534761,-0.944184141515992,2.11971237733842,-0.610525227412515,5.50179373776935,7.42831631913906,5.44097872653015,1.08779202166546,-0.704883751398659,1.04679670347395,-1.16422143919197,6.36463047384772,7.91077093533746,4.64462104877304,-2.84892977497332,-1.17641320490825,2.39611155418578,-4.07328970814661,-3.71212281877353,-3.49817335372305,-0.452936871013582,-1.23157926065717,-2.05063018595784,-1.40096265016067,-1.86106395713477,-3.59784577659975,-3.60716419808194,-2.69860232231917,-2.93350603703733,-3.55736133610782,-2.42394836037789
17.3392495165064,33.8096435290701,41.3225776253253,6.97643892383327,-0.53549183311026,2.02660725225205,2.75714333604412,0.805138322150667,5.42645505434358,6.81426104873678,-0.408693525098503,-0.984635768699801,0.0944183556150548,1.84709170987055,3.28834316922763,0.788886786514591,0.0862544475668168,-1.23802368986067,-1.0152922668315,-0.713563389181347,-0.839248124448162,-1.22740855608103,-3.49781434882655,-2.99898113981334,-2.52124425414071,-3.44961447623387,-1.30331155787541,-0.922144416457085,-0.636433723713229,-0.758584217766746,0.0817686671264442,-1.03540824128215,-1.49453838194962,-1.15426592614783,-0.952275721780839,4.30775926087232,5.42683476184219,7.27424534943705,-2.81884990102631,-1.21437265683265,3.32239867468262,4.61863236737681,7.90717562531656,6.76321185834858,7.77364935234972,2.94505293882702,-0.719005815434564,-0.322540979237521,-3.76807857900222,-3.58092970255841,-2.96311309338213,5.47906293003623,1.21447631138187,-1.08517378643028,2.88233378187707,2.99709583509148,5.40182253823188,1.27507214987491,4.62830197772481,3.52782199625128,-0.697576118118374,-0.50406393220909,-3.92244470983756,-3.00890885188231,-3.59616322771769,-1.84346825834073,3.84081156958985,-0.763839622500297,-0.615837943446603,-3.20904320671384,-3.96805227659255,-3.75183554847688,-3.39164478967391,3.84211124681714,-1.39567487899651,-1.03863103809801,-3.7528082896209,-3.66224772572071,-2.83866851200516,-3.9868170649642,3.35464364138438,-0.790613935006003,-1.0430175052917,0.0813225166444349,-3.2257741714901,-3.71268401044769,-3.11774053527865,3.4288200731177,-1.49108125014107,-1.19542561757817,-0.244767048882534,-0.946955900217313,-2.84966057067347,-3.79647779537786,3.52644896107092,-0.834245996420855,-0.558942351872806,-0.415953338341875,-1.45120016044775,0.651933674950633,-1.14456202891264,-0.715114798161667,-2.25748264404016,-1.1326536900817,0.649690906608428,-3.8442797938153,-2.85644219923085,-4.1085737228933,3.87619838604016,-0.728252606103196,-0.850967594165369,-2.67018939100174,-0.304277693813837,5.51024681283009,2.10650129307995,3.51933275466801,-0.698394701772054,0.965326103780977,-3.87271855564224,-2.58722504089645,-0.477930981312374,-3.60684070730742,3.78465685462471,-0.732214605041724,0.998398780007572,-3.44884180788084,-3.91670411389445,-2.51472336383116,-1.19211874036622,3.8748798906327,-0.934306776308684,2.09659176571908,-0.605480302662975,5.43832794814594,7.34337645476059,5.3781913133575,1.07599208463482,-0.69786480504432,1.03556784699938,-1.15289593625765,6.29179234835063,7.82050528952367,4.59090281470283,-2.81729292354801,-1.16371982156485,2.36992165866339,-4.028576056436,-3.67113080020498,-3.45947559074537,-0.447711594272658,-1.21811312378683,-2.02842318377244,-1.386118142866,-1.84100609142013,-3.55809024084369,-3.56730295645481,-2.66904727918824,-2.90128656252767,-3.5180650729073,-2.39750824093378
16.8483696523352,32.8756937316374,40.1868161990662,6.79229882784888,-0.521301305542081,1.97432772437065,2.68279991544741,0.781439816918525,5.28264580535139,6.63398621632857,-0.397774539375132,-0.959769793184457,0.092361649630889,1.7996047652539,3.20337857876124,0.768865317414001,0.0844096708991282,-1.20612106618206,-0.989916247679517,-0.696063027768514,-0.818480438847099,-1.19646551795848,-3.40715428488441,-2.92144497634732,-2.45627626305963,-3.36022255566159,-1.27037230057526,-0.898057332457687,-0.619666329842604,-0.738691913351481,0.0800423618992872,-1.00916812380638,-1.45657374313801,-1.1243293583761,-0.927280546201223,4.19281895545826,5.28298786846406,7.0822121633066,-2.74553927094059,-1.18294698746831,3.23654990447882,4.49560194290738,7.69858647286821,6.58426884171747,7.56860572612026,2.86892720635578,-0.701323279600329,-0.313836405420666,-3.67110551769937,-3.48898895926513,-2.88758047413206,5.33358507109967,1.18329264683569,-1.0575844584854,2.80793506211938,2.91638958935094,5.2583607806591,1.23936555840817,4.50501697674127,3.43656026750259,-0.680492622703444,-0.490689172001113,-3.82084475777101,-2.93218049200548,-3.50381923977548,-1.79741335836112,3.74145307619194,-0.744934974556253,-0.599605067504418,-3.12567757050901,-3.86570223533645,-3.65455205302804,-3.30478307715312,3.74270864769333,-1.36030878458215,-1.01157804428991,-3.65550634631212,-3.56817792877282,-2.76483977806815,-3.8839760111949,3.26795788709991,-0.771115231239852,-1.01585170577554,0.0795317518627323,-3.14197169795384,-3.61642353137923,-3.03675334754642,3.34017833992801,-1.45319548116217,-1.1647578794896,-0.238159434607521,-0.922089672919022,-2.77554667036834,-3.69802512507237,3.43528905687918,-0.813616334952034,-0.544144184202251,-0.404842804789449,-1.41325521929622,0.635346995714485,-1.11579449176568,-0.697594886957328,-2.19945316468147,-1.10376249291306,0.633164723177365,-3.74455970459519,-2.78213037690118,-4.0024045402985,3.77592064185241,-0.710312273039344,-0.828677711705851,-2.60243604281684,-0.298633859269532,5.36395012738019,2.04904650660255,3.4282915650798,-0.681289000814846,0.940738976033294,-3.77313935667223,-2.52163744230923,-0.467738626830614,-3.51421935849712,3.68676679152729,-0.714167375464121,0.972951356829728,-3.36048579340001,-3.81584063763859,-2.45102790470838,-1.16317931460035,3.77461605583416,-0.910802257349894,2.04262335188506,-0.591960995862809,5.29391385441923,7.14933854132647,5.23534538283308,1.04838725395653,-0.680765694635737,1.00915329413103,-1.12497489372097,6.12549943705137,7.6141115388168,4.46886843188243,-2.74403878166803,-1.13394587044311,2.30884773195055,-3.92449962312929,-3.57597503042427,-3.36971740054479,-0.43581098343568,-1.18671889357915,-1.9764180043681,-1.35100227641445,-1.79393008679051,-3.46584430006967,-3.47481463715864,-2.60019089721796,-2.82632049681911,-3.42687219384049,-2.33579494265216
11.8830111734314,23.1610823761238,28.3054313638676,4.77575529511851,-0.36659371571446,1.38684099886012,1.88811630207659,0.552243830918814,3.71496728533468,4.66486106407269,-0.279807917107414,-0.67359362126867,0.0644609435056704,1.26392276169651,2.25030699702089,0.539714007044101,0.0588737599068709,-0.847185019869801,-0.694461880531098,-0.487949763586106,-0.573966868227935,-0.839652478152584,-2.39376459009646,-2.05230764563321,-1.7252916543999,-2.36077121733003,-0.891608643244484,-0.631154634143981,-0.435658945998031,-0.519237864848751,0.055802995399941,-0.708362955458028,-1.02250331303025,-0.789944352347929,-0.651808044219466,2.94936540030579,3.71523837943404,4.97962514824545,-1.92918927867937,-0.831052202786947,2.27361371247292,3.16212374589622,5.41282098394226,4.6299223641537,5.32141394535387,2.01540261748646,-0.491690518851015,-0.220871645270397,-2.57843571941019,-2.4502878272184,-2.02732522300419,3.75102700670656,0.831034546487261,-0.742443639730223,1.97243295595798,2.0522904866818,3.69816119291148,0.873661349532745,3.16874272860921,2.41423695648174,-0.477007790684461,-0.345085232012422,-2.68432163977231,-2.05866955991989,-2.46071632463243,-1.26090692029204,2.62842508690578,-0.522396483108128,-0.421563731597669,-2.1961987660692,-2.71536525197398,-2.56760479950475,-2.32068166443462,2.62931927680603,-0.954831117864678,-0.710852685051051,-2.568267870691,-2.50594706918192,-1.94275406458749,-2.72820894493617,2.29568122541966,-0.540680355628399,-0.713854262910789,0.0555422797951257,-2.20764999514844,-2.54080661801405,-2.13370925152782,2.34645821042736,-1.02014159433696,-0.817981638563728,-0.16759853349808,-0.648170857013968,-1.95027668103286,-2.59816086374515,2.41326660873412,-0.570540333594281,-0.382642258192269,-0.284777547912379,-0.993258349347823,0.446047342370079,-0.782944735170429,-0.489003361533709,-1.54474420378287,-0.77496475625457,0.444511567181857,-2.63088569484456,-1.95492637931049,-2.81160141385153,2.65264313703473,-0.498025765180846,-0.582462618900675,-1.82678764556873,-0.207345556636422,3.77237016966504,1.44273544833243,2.40842707464493,-0.477568383276335,0.660459126744166,-2.65000610597243,-1.77000405489273,-0.326205532572484,-2.46802380284838,2.58998946548448,-0.500738839716501,0.683093990272175,-2.35982969754576,-2.6801640765102,-1.72038160431834,-0.815058832385849,2.65175005573727,-0.639128246990663,1.43467640617721,-0.413503641389097,3.72314582762223,5.02698876442432,3.68198815387126,0.73626575582886,-0.477208472386752,0.708532539870701,-0.788215329929952,4.30718025816643,5.35352203375415,3.14311142146543,-1.92811746728069,-0.796255398106202,1.62174097866654,-2.75684668985371,-2.51235970937875,-2.36754599436646,-0.306498724892847,-0.833562008097219,-1.38795125225684,-0.948289900079966,-1.25966278983992,-2.43502414343603,-2.44133035067902,-1.82646441203627,-1.98543467574115,-2.4076264527432,-1.64059324216657
5.62204206602118,10.9646628170561,13.4017140414659,2.26319985541754,-0.173715750004801,0.657544281497623,0.89419003578606,0.26082532872324,1.7602820114111,2.21061507977474,-0.132598752869667,-0.319508893675653,0.0306660738640325,0.599325469552006,1.06693358346677,0.255990867295253,0.0280172910380696,-0.401688968169106,-0.329476682366145,-0.231582596547477,-0.272361240775728,-0.398294217207791,-1.13487857759761,-0.973043152134235,-0.818051899999362,-1.11924119677075,-0.422919337056814,-0.299175145800795,-0.206469444409767,-0.246104440443765,0.0265620408983154,-0.335978154457811,-0.484959119244591,-0.374499301274623,-0.308968086504811,1.39740051181309,1.76040266141487,2.35981957254057,-0.914593267002023,-0.394005893926815,1.07798305770762,1.49826750777894,2.5651888747096,2.19405150625996,2.52186251090894,0.955537412239212,-0.233345322262073,-0.104620853632698,-1.22264118290226,-1.16193251438367,-0.961506606545306,1.7774240640579,0.394046272273582,-0.35212063891011,0.935206610147359,0.972179477760332,1.75236423178388,0.413491174712379,1.50140465280719,1.14461937080455,-0.226395566846121,-0.16351896625128,-1.27268234727245,-0.976364394565297,-1.16687449581865,-0.598265139937413,1.24617614895142,-0.247887510693387,-0.199787137224549,-1.04119768435525,-1.28750995524821,-1.2173200615491,-1.10052993150385,1.246596076319,-0.452884834201717,-0.336973302411309,-1.21763613775871,-1.18831479963803,-0.921023187570602,-1.29359792181265,1.088445171435,-0.256582176793519,-0.338396568311984,0.0263892345839463,-1.04662591205098,-1.20461963299401,-1.01157647211869,1.11250878451263,-0.483836664045756,-0.387876928726792,-0.0794169633503581,-0.307241424110438,-0.924589601521812,-1.23180359156422,1.14418588825753,-0.270738885332806,-0.181324350835953,-0.134954010666662,-0.470845796939246,0.211526994133371,-0.371416157937815,-0.232087501681776,-0.732480192143703,-0.367520718887194,0.210799472353175,-1.24731119560262,-0.926788400341813,-1.33309046100404,1.25765750466167,-0.236344147662782,-0.276078266526176,-0.8664785545683,-0.0989041266556343,1.78754404683099,0.683237805772275,1.14186501992005,-0.226661088667709,0.313237753034621,-1.25659894407679,-0.839561692362893,-0.155243188819151,-1.17033880181431,1.22795824546526,-0.237629338248867,0.323968025348698,-1.11908677966121,-1.27086048732439,-0.81603937784159,-0.386948035456775,1.25722626490101,-0.303183445721818,0.680275580878905,-0.196625175294029,1.76420904598916,2.38228027589653,1.74469642413951,0.349113555006004,-0.22648875053743,0.336027306521115,-0.374222621985015,2.04105645416037,2.53707261735159,1.48917882838703,-0.91408920760022,-0.377594860128021,0.768956553596152,-1.30713626225719,-1.19113757290018,-1.12245875649032,-0.145260421150653,-0.395228386464184,-0.658166731626216,-0.449784267638882,-0.597363256076761,-1.15443375419903,-1.15742261652126,-0.866003346998958,-0.941348287808803,-1.14144847480156,-0.77790842113937
2.57368837747469,4.99652399795338,6.10141666545283,1.02283311129781,-0.0785656763767836,0.295971730940491,0.405659280909902,0.120277342101746,0.796111962543248,0.999487484838753,-0.0600609008020552,-0.143286675616469,0.0134282525871781,0.269608169553082,0.480383136130732,0.114900716726923,0.0122346669447647,-0.180773451584924,-0.147495140214712,-0.103339659376461,-0.121719866122087,-0.178565666846675,-0.511255860890807,-0.438156908208582,-0.368150072317331,-0.504192616772876,-0.189687793103849,-0.134960276981692,-0.0932818904659876,-0.111096436788701,0.0115769031973748,-0.150763656088225,-0.21770476825517,-0.168727839131995,-0.139501537117943,0.632774503493672,0.796193796515046,1.06653350658468,-0.41226867956339,-0.177447201154915,0.48536235734352,0.678247526628839,1.15920412160241,0.992016948755819,1.13960063848453,0.430256833596191,-0.104174491092876,-0.0474721164348001,-0.550109883506801,-0.522580911698636,-0.43189862018804,0.804150070803639,0.177221352902365,-0.158094584080065,0.42099898531773,0.440955767154688,0.792846800703108,0.188907189084725,0.679664718457234,0.515468365203159,-0.101000453391762,-0.0739709161360784,-0.573273717383909,-0.438600618507436,-0.524815578402687,-0.267806771283085,0.561204271494539,-0.110785198969583,-0.0902708659348513,-0.469245351857755,-0.579525093684082,-0.548438002514603,-0.494747876693865,0.56140363634091,-0.203219681498875,-0.151935238699461,-0.548573684768245,-0.534487135264934,-0.415169707468606,-0.582272291211527,0.4900767180249,-0.114603119830092,-0.152575531143856,0.0115712931185623,-0.471693898661003,-0.542708621086913,-0.455889509601325,0.500950222456752,-0.21720975076914,-0.174421517910146,-0.0360408609297113,-0.138732546635707,-0.416776618140125,-0.554974736730175,0.515208417965542,-0.120980704340944,-0.0819931282173052,-0.0611252846450219,-0.212444573957694,0.0949810652284401,-0.166429281577133,-0.103546643228154,-0.32949928179546,-0.165102865427311,0.0946509740475714,-0.56198902100022,-0.417789127564666,-0.600234315685378,0.56637860880959,-0.105543411032755,-0.124602512610877,-0.388903549743574,-0.0423352064016944,0.808719961174293,0.310623093976365,0.514227042327398,-0.101121049425414,0.140682666252525,-0.565302449494751,-0.37676242676001,-0.0677627896564237,-0.526376832824261,0.552984482407527,-0.106126551273581,0.145519636510859,-0.503119317639429,-0.571870226257947,-0.366152942825322,-0.172378478910461,0.566204152776949,-0.135875663800129,0.306090229207887,-0.0864258840830998,0.798189045891319,1.07686943039479,0.789389087805862,0.156989858210705,-0.101050508597038,0.150955966585472,-0.166644069796398,0.922655912295531,1.14658959174005,0.673862605423338,-0.412025605079469,-0.169718106698348,0.346061286846149,-0.58852298410052,-0.536607314089359,-0.505755454428724,-0.0657354757099222,-0.177870605666619,-0.29593490881766,-0.201820386545647,-0.268472372624296,-0.520088745129761,-0.521438774684036,-0.389808930430132,-0.423840917170501,-0.514223432288969,-0.350018480766416
1.9338534439573,3.74404450907602,4.56941928468652,0.762603956464727,-0.058602676516886,0.220124330253695,0.303151901278179,0.0907692162061505,0.593823919452932,0.745388994144474,-0.04484125870623,-0.106325039864024,0.00981555692745639,0.200444462761583,0.357340697050441,0.0853069655458475,0.00892724096801223,-0.134432098163316,-0.109327812377947,-0.0764459344511423,-0.0901273801084537,-0.132479282600726,-0.380434191547535,-0.325951804703362,-0.273774361716538,-0.375169768243235,-0.140768539818699,-0.100510167453543,-0.0695353874146355,-0.0827728653221349,0.00843679068440972,-0.111915139580534,-0.16164771202916,-0.125561571066565,-0.103948600116892,0.472344962193545,0.593897368972587,0.795201566759336,-0.306890355960586,-0.132018621382799,0.361046505880409,0.506197314769491,0.864229243827708,0.739826044905056,0.849603026154429,0.320066901012817,-0.0770857569314608,-0.0354806280683229,-0.409034322286321,-0.388467270964475,-0.320810107253825,0.599949431547804,0.131739074863196,-0.117397088319033,0.313132771639422,0.329490926871844,0.591532093975675,0.14177148745956,0.507253665486815,0.38348853590179,-0.0747041580806075,-0.0551831019678352,-0.426554449859286,-0.325801132774759,-0.390133932100494,-0.198499251052332,0.417514639363336,-0.0820320990269497,-0.0672945193822163,-0.349261241438079,-0.431010500625654,-0.408121584753667,-0.367677863118241,0.417667645803752,-0.150852748858244,-0.113117368324427,-0.4082194835544,-0.397336564262847,-0.309051064916549,-0.433056841291371,0.364555109501499,-0.0848278621012493,-0.113593418734518,0.00846562344772039,-0.351084692034314,-0.403854637588117,-0.339317601216166,0.372661343010958,-0.161284222856294,-0.129646264181776,-0.0269392269491789,-0.103380429143696,-0.310246914654555,-0.412991158855997,0.383265559993739,-0.0895735650480617,-0.0611530212443516,-0.0456348174239658,-0.15823503298632,0.0705351528599731,-0.123435607019442,-0.0765906014495793,-0.244967389258335,-0.122644342054206,0.0702884541161525,-0.418223492203952,-0.311010374599582,-0.446500756180742,0.421365891490809,-0.0781126021590665,-0.0928243599467202,-0.288731989729868,-0.0304878890242913,0.603354943919435,0.232432227393101,0.382564615867644,-0.0747943433994668,0.104488362158498,-0.420291308879564,-0.279690610313056,-0.0494305413895679,-0.39129596484189,0.411392336106756,-0.0785484317235031,0.108089026691327,-0.373912537537905,-0.425243851829783,-0.27179005338196,-0.127383795046933,0.421245128788182,-0.100784568486678,0.227598022452651,-0.0633275533585322,0.595510195074109,0.802992067374698,0.588957592101538,0.116689235572836,-0.0747450948219516,0.112135981783314,-0.123115952245609,0.688013364118496,0.854866162617,0.502801713863496,-0.306702170907228,-0.126113755116482,0.257350679670663,-0.437777418093562,-0.399301886817423,-0.37638448037903,-0.0490503615021097,-0.132275516245303,-0.219951997824667,-0.149810363553363,-0.199484246529494,-0.387017580095274,-0.388023788933089,-0.28991713888159,-0.315281832023134,-0.382646008740269,-0.260260772131911
1.92299985314916,3.72327943519778,4.54413816137799,0.7584670191248,-0.0582841467795083,0.218943463477609,0.301490442111148,0.0902503857997724,0.590596318038563,0.741340777443822,-0.0445965114097435,-0.105760547583999,0.00976707183608827,0.199370923681747,0.355422176468596,0.0848529452418153,0.00888353604329095,-0.133711302720186,-0.108750306467296,-0.0760458467042836,-0.0896536182315705,-0.131776526082388,-0.378388562505815,-0.32420127832933,-0.272306445672444,-0.3731526543113,-0.140020892671144,-0.0999676763523271,-0.0691585062794219,-0.0823252582180898,0.00839574719550484,-0.111319947885227,-0.160787035071798,-0.12488621555673,-0.103386167485827,0.469768979883538,0.590669067540721,0.790887414089723,-0.305237388568486,-0.131309304039927,0.359108042082643,0.503438935276898,0.859542211336924,0.735807838428242,0.844995591708745,0.318348176734271,-0.0766817762651794,-0.0352860579280446,-0.406842478628018,-0.386388019432488,-0.319099006670038,0.596685337369023,0.131033977446322,-0.116771765871902,0.311452426648248,0.327685959498875,0.588313415751138,0.140979935724537,0.504489562222166,0.381428439062062,-0.0743134636284627,-0.0548829725949054,-0.424261502776237,-0.324063098913184,-0.388045626172785,-0.197450869782216,0.415271743082074,-0.081600859861607,-0.0669296952099619,-0.347381084365029,-0.428698353021,-0.405926589998116,-0.365712304568741,0.415423814061805,-0.150050515494036,-0.112507674777769,-0.406024036931259,-0.395209386624076,-0.307386430432905,-0.430733639154392,0.362597765719882,-0.0843826893267522,-0.112981175202756,0.00842363338436447,-0.349194694936828,-0.401682673632521,-0.337491040928492,0.37066004507556,-0.160425382174174,-0.128952643821059,-0.0267914289023158,-0.102820953165151,-0.308575847046861,-0.410769846682223,0.381207377091173,-0.0891028733124734,-0.0608207800408216,-0.0453857658039128,-0.157380495407225,0.0701593381738094,-0.12278179020967,-0.0761899632599196,-0.243655496327917,-0.121990019679629,0.0699139920380654,-0.415973731876483,-0.309334957725789,-0.444103366033861,0.419102263765566,-0.0777029004292121,-0.0923226711906497,-0.287195437977414,-0.0303486152838165,0.600072415378759,0.231150998825278,0.380509492647462,-0.0744031531227839,0.103931284240102,-0.418040104562469,-0.278202844162078,-0.0491888870550891,-0.389201403826942,0.409182501129091,-0.0781363401643481,0.107512553832934,-0.371913324686178,-0.422964427638392,-0.270344911647033,-0.126720377753934,0.418981931222772,-0.100250495629158,0.226378314807594,-0.0630109430123665,0.592270056561356,0.798633584698108,0.585752795526077,0.1160649468552,-0.0743540904575842,0.111537707040003,-0.122475502067678,0.684278658381426,0.850228898197963,0.500064876477611,-0.305050393190008,-0.125439922826156,0.25597075813831,-0.435427146633436,-0.397154712400845,-0.374359562508731,-0.0487833084736758,-0.131566232406907,-0.218775577566545,-0.149013763078664,-0.198418671696243,-0.384936291544864,-0.385937050281012,-0.288361787886198,-0.313589097488227,-0.380588399057937,-0.258866044471914
1.64687838197505,3.19527487812161,3.90136962042865,0.653376074002031,-0.0501918388252256,0.188960623812789,0.259264513174592,0.0770397764732972,0.508597987980605,0.638498834947769,-0.0383776991607691,-0.0914344001787587,0.00854072279944373,0.172115263059334,0.306708324262156,0.0733292423671242,0.00777857419980299,-0.115410355369319,-0.0940972176959644,-0.0658986256301247,-0.0776354672792231,-0.113942088964525,-0.326443753411994,-0.279752428658786,-0.235036226544435,-0.321932163521967,-0.121046189025417,-0.0861898425878359,-0.0595849632496905,-0.0709562721083091,0.00735839467648924,-0.0962135308615998,-0.138941308672151,-0.107736602758339,-0.0891005137618248,0.404316151537229,0.508652616061757,0.681294315339498,-0.263260518608681,-0.113298143940323,0.309887752620365,0.433354106419687,0.740478799955274,0.633728049336752,0.727954418228975,0.274706991192953,-0.0664351940292712,-0.030341052368382,-0.351193491376125,-0.33360033055162,-0.275664668304364,0.513757044485383,0.113132942093383,-0.10089950498677,0.268787114779521,0.281814861249722,0.506538547957806,0.120847107828921,0.43425934089525,0.329118383106857,-0.0644047975122888,-0.0472579212166124,-0.366037472171161,-0.279944732879113,-0.335027914680233,-0.170850651205265,0.358320064513459,-0.0706613594869535,-0.0576623241915913,-0.299635894173614,-0.369992088987124,-0.350188567450097,-0.315813760205953,0.358448247872783,-0.129689295683815,-0.0970240212860548,-0.35027462346646,-0.341204442384847,-0.265113242652575,-0.371746609207765,0.312898041308063,-0.0730906069248838,-0.0974327806850398,0.00736119735252283,-0.301199597125461,-0.346529584621653,-0.291106992448266,0.319843773648151,-0.138626151953536,-0.111343367404124,-0.0230352292601576,-0.0886102677229919,-0.266139299329846,-0.35436339509217,0.328946773883277,-0.0771627860172506,-0.0523802978912004,-0.0390576119691316,-0.135677181400371,0.0606199988494808,-0.106190429511928,-0.0660290199981275,-0.210348439845754,-0.105380483377531,0.0604090286972072,-0.358844543861647,-0.266787695759678,-0.383230350582345,0.36162412531174,-0.0673108189681406,-0.0795803472423019,-0.248195731774562,-0.0268397968463374,0.516675901719161,0.198581326888766,0.328325738316908,-0.0644818843006819,0.0897907239288451,-0.360885073017125,-0.240442144830321,-0.0430797235798476,-0.336024848923861,0.353070514175908,-0.0676835217412103,0.0928794580732916,-0.321160048016528,-0.365091030069184,-0.233666738136934,-0.109898448931188,0.361514456253382,-0.0866974933204304,0.195410803938465,-0.054998155267138,0.509950174813312,0.687912408997203,0.504330462569877,0.100215761363633,-0.0644374548854657,0.0963509478066716,-0.106236802816139,0.589402794303704,0.732428660239531,0.430529944153881,-0.263103931577884,-0.108334013879656,0.220934662491319,-0.375750857198042,-0.342631438103909,-0.322939666824047,-0.0419984514090862,-0.113557505573829,-0.188909663015044,-0.128795610669138,-0.171368343184652,-0.332085687615894,-0.332948007282644,-0.24887061911379,-0.270608227336547,-0.328339266986266,-0.223454888899995
1.46177312251061,2.84169756476853,3.47103743981774,0.583145851897263,-0.0447829520339239,0.16894474682052,0.231017658473644,0.0681676905313474,0.45378970113395,0.569764785880604,-0.0342196872470771,-0.0818799945896299,0.00772874688360559,0.153922937831428,0.274185780762191,0.0656421315051259,0.00704765673213303,-0.10319366872299,-0.0843295079578327,-0.0591405346598112,-0.0696279521308447,-0.102048919174295,-0.291759164765709,-0.250076450911568,-0.21015681629233,-0.287731546847614,-0.108391134649459,-0.0769868100132858,-0.0531877180779976,-0.0633608945950632,0.0066726601371847,-0.0861371032557389,-0.124368007657561,-0.0962850923386934,-0.0795563460541905,0.360554047525179,0.453831737099648,0.608054910390535,-0.235227528960634,-0.101272567819032,0.277027025638473,0.386498588793957,0.660913390699629,0.565503049888041,0.649740719005717,0.245570465139903,-0.059610034821626,-0.0270330950032339,-0.314047871832468,-0.298368441973289,-0.246685123454827,0.458323108125311,0.101185121476347,-0.0903106673030835,0.24030405686503,0.251132553071858,0.451875024793353,0.107357207015799,0.38730667307537,0.294192949746529,-0.0578060376226847,-0.0421610520017429,-0.327161464525157,-0.250508294025159,-0.29964228788182,-0.153119609430412,0.320295635730421,-0.0633724705011903,-0.0514695285246941,-0.267752311978231,-0.330801664062289,-0.312970663623088,-0.282514042383527,0.320407679033065,-0.116107861373572,-0.0866829134887536,-0.313049232353643,-0.305159392114775,-0.236882318109784,-0.332368629647792,0.279717165912842,-0.0655680493594893,-0.0870484595668011,0.00665722414602354,-0.269149090897977,-0.309702410191686,-0.260132491780948,0.285916765605843,-0.124083708840952,-0.0995908171122669,-0.0205226532152932,-0.0791160010128769,-0.237799291615186,-0.316698955943035,0.294055573435982,-0.069207542568996,-0.0467389311749131,-0.0348265313252781,-0.121179783556841,0.0542557280118362,-0.0951277801817271,-0.0592621296434624,-0.188117100099315,-0.0942981026501309,0.0540677528083192,-0.320697020603755,-0.238373373448671,-0.342590038625636,0.323248133439193,-0.0603881885160921,-0.0710679098418822,-0.222180553444398,-0.0245364028109408,0.460929160394478,0.1767836186261,0.293484647811279,-0.0578746919769766,0.0803564161248334,-0.322735694877887,-0.215254547244314,-0.0390391917758474,-0.300533148502221,0.315606996930025,-0.0607202622252423,0.0831162199853677,-0.287289400397292,-0.326459456499812,-0.209202193628908,-0.0987006522557263,0.323145215219727,-0.0776603317240848,0.174739744333694,-0.0496861644307361,0.454922633507099,0.613916346911245,0.449902386759893,0.0896378149976723,-0.0578332315780555,0.086217951225215,-0.0954284742409407,0.525995071406845,0.653705856369465,0.384045696080976,-0.235091529132853,-0.0969188350165581,0.197546554991039,-0.335909961421642,-0.306225276144701,-0.288604140641391,-0.0374630012294975,-0.101535805935872,-0.16897757134942,-0.115309749467435,-0.153317526824058,-0.296795868555122,-0.297565686740543,-0.222507229651545,-0.241913113518789,-0.293451336796108,-0.199817645739794
1.43366306880278,2.78793095224784,3.40558089836788,0.572439204643658,-0.0439585440410651,0.165889330173637,0.226716715093598,0.066823393194741,0.445436105943373,0.55928751488519,-0.0335861925506082,-0.0804197371432146,0.00760352996533326,0.151145328009982,0.269221653260739,0.0644675885558683,0.00693480899514037,-0.101328678679983,-0.0828357522664789,-0.0581058931758682,-0.0684026684068161,-0.10023102732693,-0.286465972480702,-0.245546974627053,-0.206358725819207,-0.282512150755816,-0.106457067776183,-0.0755829649760651,-0.0522123464745031,-0.062202540426502,0.00656670039208063,-0.0845973733912908,-0.122141426800653,-0.094537554985333,-0.078100829073347,0.35388650188097,0.445476313318657,0.596889602114369,-0.23095022608188,-0.0994371944162079,0.272011292943177,0.379359060376291,0.64878314551939,0.55510343727925,0.637816488543568,0.241123284299957,-0.0585652948263313,-0.0265294195797336,-0.308376772166461,-0.292988793085772,-0.242258330786574,0.449874921048319,0.099360815447032,-0.0886929357564747,0.235956249946843,0.24646022066763,0.443544363021438,0.105307376657793,0.380152331632109,0.288862427640388,-0.0567957033857831,-0.0413842568320569,-0.321228368516253,-0.246011804391181,-0.294239205010829,-0.150407925498906,0.314492119537345,-0.062257160477204,-0.0505253554943221,-0.262887177801257,-0.324819151241708,-0.307290960367849,-0.277428687421888,0.314601735622695,-0.114032529101396,-0.0851052107181938,-0.307368364022889,-0.299655718267781,-0.232574823187541,-0.326357509676416,0.274652579381151,-0.0644167468711836,-0.0854641590967342,0.00654876284675643,-0.264258493092991,-0.304082306086835,-0.255406050328966,0.280738424219687,-0.12186187285086,-0.0977962247024156,-0.0201400592973394,-0.0776681290561363,-0.233475150427827,-0.310951147304502,0.288730046263582,-0.0679902081811865,-0.0458790440147407,-0.0341818968498184,-0.118968416003134,0.0532834712597471,-0.0934365401718296,-0.0582260765876677,-0.184722791796811,-0.0926052881834126,0.0530989974657027,-0.314875583121553,-0.234037964645527,-0.336386846616095,0.317390972109183,-0.0593286337470724,-0.0697696141187943,-0.218205531503054,-0.0241774086660201,0.452433267490349,0.173466597103007,0.288166995560968,-0.0568630741548202,0.0789152097908365,-0.316911060932954,-0.211405770581856,-0.038415252194808,-0.295113879829143,0.309889037070864,-0.0596545210377942,0.0816248261277395,-0.282116955547263,-0.320561713246019,-0.205463718317831,-0.0969852297671554,0.317289154004965,-0.0762788214664361,0.17158390523124,-0.0488682585037656,0.446536438350113,0.602636212171266,0.441607646468408,0.0880225999452499,-0.0568220904438533,0.0846701413105548,-0.0937724817835546,0.516329282504105,0.641704359691126,0.376962052685249,-0.230817314531298,-0.0951754897440191,0.193976139441399,-0.329828703801805,-0.30066933308081,-0.283364489570333,-0.0367718073373333,-0.0997005981709053,-0.165933860601955,-0.113248994194505,-0.150560679401515,-0.291410390593256,-0.292166104095155,-0.218482860514804,-0.237533200510695,-0.288127138985722,-0.196208963968334
0.886367259543679,1.72970497504307,2.11440879028528,0.357405967524684,-0.0274307521152306,0.103893500153282,0.141143064719934,0.0410835065452004,0.277959767202587,0.349082519626509,-0.0209338833861972,-0.0505068873412243,0.00486209613930755,0.0947017889466928,0.168571584440841,0.0404616578483101,0.0044436421320212,-0.0634692597943539,-0.0520942880881142,-0.0366309328611761,-0.0430729189365195,-0.0629633595995595,-0.179294053106415,-0.153735112336905,-0.129257052395508,-0.176824417187817,-0.0668524783236152,-0.0472570509520449,-0.032607107181312,-0.0388706805380113,0.00421383182739488,-0.053106200091923,-0.0766507754611623,-0.0591645800357539,-0.0487981924909611,0.220622967037721,0.277977599998533,0.372662605637617,-0.14448083610181,-0.0622493948046395,0.170317169809119,0.236556940538008,0.405100889125812,0.346466119933516,0.398259853019518,0.150970152246733,-0.0369075920303109,-0.0165132858599721,-0.193189668703036,-0.183606674422075,-0.151959911664156,0.2806531069566,0.0622667932871411,-0.0556538350067801,0.147762540888079,0.153455878709403,0.276694649343017,0.0652076346798455,0.237052386388898,0.1808408879136,-0.0358115706203843,-0.025819863215884,-0.201067597860295,-0.154306835957104,-0.184387060723646,-0.0945934823714281,0.196885986338508,-0.0392023732018659,-0.031551431967413,-0.164485053232159,-0.203429354310055,-0.192316481666659,-0.173913670786133,0.196951878975495,-0.071585120060363,-0.0532309737253189,-0.192366717943973,-0.187773737615363,-0.145496471703132,-0.20439095662005,0.171969972070555,-0.0405804363470569,-0.0534558682043945,0.00418345493882299,-0.165342490944604,-0.190310343034738,-0.15980585202989,0.17577019391206,-0.0764729669923787,-0.0612929794264721,-0.0125347227442897,-0.0485250079650317,-0.146059900495799,-0.194604127346072,0.18077525172622,-0.0428169829123654,-0.0286328067045337,-0.021305828720732,-0.0743716589073736,0.03343219219737,-0.058718279677898,-0.0367116179346535,-0.115742531415454,-0.0580836515245414,0.0333173598601679,-0.197052834358481,-0.146406292975966,-0.210622529208523,0.198699777854813,-0.0373805567215573,-0.0436059661098334,-0.136955210431489,-0.0157248116803055,0.282251403962773,0.107814793918078,0.18040576394257,-0.0358534751982686,0.0495061533247415,-0.198559214920401,-0.13270342629441,-0.0246234356475409,-0.184934342718965,0.194008392197578,-0.0375834108287598,0.0512012415898921,-0.176844854975686,-0.200805910263083,-0.128987821713191,-0.0612188768456234,0.198630774146391,-0.0479302418272179,0.10749005968631,-0.0311602498676273,0.278565668849206,0.376200975035607,0.275483407924942,0.0551676222793715,-0.0358259293550615,0.0531062647377448,-0.0592085219562432,0.322315314714829,0.4006565611869,0.235134906018859,-0.144401919855729,-0.0596717673943421,0.121499412753727,-0.206523006977216,-0.18818163391982,-0.177327472239982,-0.0229355595727055,-0.0624482420450083,-0.104005990015454,-0.071095389049797,-0.0944031232692495,-0.182382432077807,-0.182854468155307,-0.136830113312231,-0.148729481710471,-0.180331646476472,-0.122917094227582
0.584695533729911,1.14562407891461,1.40156022140279,0.238426278409941,-0.0182877992372046,0.0695485849330992,0.0938473758385428,0.0269241240058984,0.185313228328147,0.232789628664865,-0.0139382078223611,-0.0339167490434694,0.00333010943060039,0.0634272884635236,0.112817810415983,0.0271512161691848,0.00305025275658216,-0.0424944489158971,-0.0350352470345859,-0.0247021378263058,-0.0290095197713072,-0.042292257836165,-0.119937543667697,-0.102878826692642,-0.0865413791128724,-0.118289251596453,-0.0448881036939481,-0.0315753813556687,-0.0217583422083201,-0.0259565041066183,0.00289696098631559,-0.0356439611161672,-0.0514288700366745,-0.039574072092997,-0.0325803976062095,0.146930734772603,0.185319637260699,0.248597237097351,-0.0965993793266866,-0.0416513385531979,0.11398520721919,0.157583042573708,0.270265981079927,0.231041157779526,0.265706790297693,0.10103196873215,-0.0248790276572934,-0.0109779550357345,-0.129370055296924,-0.122995732998786,-0.101904476544052,0.187051905967234,0.0417119346051608,-0.037336371125812,0.0989061700600925,0.102051859314859,0.184406727593735,0.0430916701156012,0.157913679552879,0.121007528054694,-0.0241545287824073,-0.0172104413368304,-0.134515341354689,-0.103472697013932,-0.12351609377588,-0.063620700401651,0.131743779653403,-0.0264021511146972,-0.0210522932287958,-0.109992681618179,-0.136181229568037,-0.128640328004436,-0.116546104790259,0.131785808131784,-0.048047424709813,-0.0355822126823243,-0.128675280052461,-0.125779011596225,-0.0972779009140571,-0.13682356213235,0.115090589452599,-0.0273438713455796,-0.0357328310288138,0.00286204762976031,-0.110565623741524,-0.127299931867619,-0.106864909850417,0.117626094315879,-0.051307789547666,-0.041064680197835,-0.00833208964133694,-0.0323958736812746,-0.0976547500660434,-0.13016822541449,0.120976633340678,-0.0288399797377887,-0.0190919408518039,-0.0141863446882347,-0.0496839617389858,0.022426524219675,-0.0394581581732984,-0.024760222444715,-0.0775212605809447,-0.0389475977896276,0.0223501790958393,-0.13180060898829,-0.097882057157538,-0.140957822746965,0.132956690729068,-0.0251918064833932,-0.0291235285759746,-0.0919044266133417,-0.0109649273128197,0.188118899367222,0.0715539497750636,0.120716556056248,-0.0241823637830992,0.0332029604131594,-0.132983096568554,-0.0890632850420315,-0.0169081286521627,-0.123882072750554,0.129821392492581,-0.0253266671758016,0.0343362659905581,-0.118504552241207,-0.134457290450162,-0.086580332321585,-0.0413414068730202,0.132906544881111,-0.0322044628062622,0.0719789982149261,-0.0212767161146846,0.185657086531623,0.250920714892333,0.183597157786338,0.0369608990509656,-0.0241625127352832,0.0356098755605667,-0.0399969342710883,0.214973237190084,0.267282634305581,0.156689672220115,-0.0965498009799645,-0.0399945171274901,0.0813462779651294,-0.138219314660049,-0.125881504590017,-0.118603111579343,-0.0152831244925728,-0.0418099188047955,-0.0696875690485081,-0.0477203260454126,-0.0632780386156997,-0.121998796725006,-0.122313846281903,-0.0915958787194366,-0.0995379022745976,-0.120630054162037,-0.0823097828041991
0.49718541927591,0.974161003717957,1.19179173795514,0.202741533600288,-0.0155507039251359,0.0591393988242468,0.0798014423106282,0.022894448666496,0.157577798715087,0.197948509017152,-0.0118521064388985,-0.0288405026562814,0.00283169916302578,0.0539342635424308,0.0959326130227823,0.0230875524374416,0.002593728031416,-0.0361343967626552,-0.029791597475024,-0.0210050223469924,-0.0246677277633403,-0.0359624671840093,-0.101986751215534,-0.0874811754717835,-0.0735889182947382,-0.100585155449439,-0.0381697984132121,-0.0268495624003971,-0.0185018182447574,-0.0220716503422909,0.0024633791084725,-0.0303092066381034,-0.0437316224205704,-0.0336511064151561,-0.027704160044947,0.124939929857886,0.157583248436581,0.211390226924793,-0.0821415593957946,-0.0354174729022992,0.0969252880742936,0.133997929816535,0.229815856916241,0.196461727983144,0.225939030346071,0.0859107327431171,-0.0211554374600071,-0.00933490827681754,-0.110007519254048,-0.104587227971536,-0.0866526542001098,0.159056252236804,0.0354689996743773,-0.0317483173062902,0.0841030977551763,0.0867779785107475,0.156806971982689,0.0366422331586015,0.134279081074984,0.102896593356236,-0.0205393727629206,-0.0146345918488373,-0.11438272148897,-0.0879861625080326,-0.105029707477894,-0.0540987279345858,0.112025973426072,-0.0224505983276598,-0.0179014420871446,-0.0935303151347102,-0.115799279820682,-0.1093870086653,-0.0991029016511793,0.112061711593102,-0.0408562706937163,-0.0302566999586454,-0.109416729515981,-0.106953939288111,-0.0827185281264304,-0.11634547586098,0.0978652301423849,-0.0232513733307543,-0.0303847755833596,0.00243369115839226,-0.0940175062510828,-0.108247226715833,-0.0908706701946608,0.100021251483072,-0.0436286637861684,-0.0349186184326542,-0.00708504382673508,-0.0275472534162955,-0.0830389750818549,-0.110686228978448,0.102870322587169,-0.0245235624195224,-0.0162344914055382,-0.0120631051973637,-0.0422478707694331,0.0190699949013309,-0.0335525410808232,-0.0210544135663386,-0.0659188213716336,-0.0331183951642268,0.0190050761868645,-0.112074297237463,-0.0832322616131685,-0.119860970641589,0.113057350727438,-0.021421403356485,-0.0247646731170832,-0.0781492900887686,-0.00932383038498186,0.159963551045046,0.0608446250526617,0.102649170506737,-0.020563041759332,0.0282335452246568,-0.113079804462106,-0.0757333760243274,-0.0143775256490666,-0.105340911171906,0.11039130578894,-0.0215360797410833,0.0291972314103067,-0.100768232512897,-0.114333358937622,-0.0736220414610508,-0.0351539280255784,0.113014710099961,-0.027384490592472,0.0612060574129154,-0.0180922760856601,0.157870192405827,0.213365954829379,0.156118568735351,0.0314290413238516,-0.0205461617748578,0.030280222593802,-0.0340106797267036,0.182798658275408,0.227279021193576,0.133238268269291,-0.0820994013328713,-0.034008624351754,0.0691713566864873,-0.117532329130172,-0.107041092377457,-0.100852040688312,-0.0129957323433153,-0.0355523187910246,-0.0592575814880539,-0.0405781281781286,-0.0538073515961499,-0.103739500991121,-0.104007397763035,-0.0778869218900253,-0.0846402799770665,-0.102575615163724,-0.0699906558426329
0.417965808379796,0.818941939214624,1.00189622998246,0.170437478047559,-0.0130729146208881,0.0497163546603411,0.0670861876718187,0.0192465353433698,0.132469958830611,0.166408155551754,-0.00996363742112968,-0.0242451679785138,0.00238050711842278,0.0453405855982493,0.0806470797362664,0.0194088707027648,0.00218045339090361,-0.0303768810742984,-0.0250447190098785,-0.0176581629406636,-0.0207372669747894,-0.0302323460929065,-0.085736574853524,-0.0735422617126019,-0.0618635433188079,-0.0845583039616487,-0.0320879696607083,-0.0225714564792943,-0.0155538097445185,-0.0185548385369533,0.00207087376359097,-0.0254798543213412,-0.0367635940398127,-0.028289268651863,-0.0232898858247561,0.105032482364465,0.13247454021446,0.177708121869074,-0.0690534395084256,-0.029774189102203,0.0814815857661648,0.11264721547658,0.193197882903294,0.165158272484651,0.189938774955781,0.0722220472832307,-0.0177846114885623,-0.0078475199247672,-0.0924793445870502,-0.0879227016532164,-0.0728457538311373,0.133712841259176,0.0298175057967599,-0.0266896626352148,0.0707024338961551,0.0729511094485281,0.131821952662618,0.0308038007737247,0.112883569175741,0.086501446249774,-0.0172667081688972,-0.0123027723164451,-0.0961574189392864,-0.0739667860583372,-0.0882946781782633,-0.0454788448672299,0.0941761860409219,-0.0188734064090141,-0.0150490952128373,-0.0786275547465362,-0.0973482683191688,-0.0919577037669878,-0.0833122267779777,0.0942062298259832,-0.0343463897890502,-0.0254357138540748,-0.0919826890117258,-0.0899123102987682,-0.0695384762624423,-0.0978074355848724,0.0822717610832368,-0.0195465890055313,-0.0255433824017474,0.00204591617719943,-0.0790371187057664,-0.0909995302859971,-0.0763916873934871,0.084084250282652,-0.0366770404378985,-0.0293548201835152,-0.00595614021577764,-0.0231579800943347,-0.0698078644334831,-0.0930499113165155,0.0864793613639261,-0.020616072381921,-0.0136477500362601,-0.0101410164496167,-0.0355162576653759,0.0160314553197108,-0.0282064083384955,-0.0176996843532405,-0.0554155701149965,-0.0278414375610959,0.0159768805033165,-0.0942168101222182,-0.0699703534329132,-0.100762784959302,0.0950432276531594,-0.0180081994028754,-0.0208187654290383,-0.0656972830253754,-0.00783820714157418,0.13447557456777,0.0511498767054322,0.0862934468047115,-0.0172866058385293,0.0237349208076884,-0.0950621036961762,-0.0636663114084061,-0.0120866660554229,-0.088556295873585,0.0928019800527793,-0.0181046036937746,0.0245450569460252,-0.0847122102305326,-0.0961159216268596,-0.0618913887673012,-0.0295526364516779,0.095007381219128,-0.0230211512723378,0.051453719824661,-0.0152095224566046,0.132715763636177,0.179369044894494,0.131243236938846,0.0264212588588319,-0.0172724154458052,0.0254554884830905,-0.0285915489360505,0.153672223711017,0.19106525681966,0.112008595476116,-0.0690179987489698,-0.0285898210566337,0.058149858972736,-0.0988051802226951,-0.0899855767503354,-0.0847826647338785,-0.0109250423760855,-0.02988754916608,-0.0498157065534163,-0.0341125654312449,-0.045233895312968,-0.0872100482267127,-0.0874352593582026,-0.0654767195654881,-0.0711540235705801,-0.0862316114869184,-0.058838614155062
0.178404517479973,0.349557161328703,0.427649367224329,0.0727495297987344,-0.00558004262127855,0.0212209278515473,0.0286350670346848,0.00821519076980337,0.0565434746382222,0.0710296538633754,-0.0042528788021025,-0.0103488070260933,0.00101609561190219,0.0193531746706056,0.0344233979384351,0.00828448199143485,0.000930704682757813,-0.0129660673240578,-0.0106900873726944,-0.00753720992447596,-0.00885149463022318,-0.0129043740154254,-0.0365957979348148,-0.0313907775520732,-0.0264058336211189,-0.0360928648103552,-0.0136964283428391,-0.00963440004247805,-0.00663898784736153,-0.0079199469184713,0.000883931716777364,-0.0108758205205346,-0.015692171761434,-0.0120749908784664,-0.00994105441025388,0.0448320627196594,0.0565454301560147,0.07585293126541,-0.0294747687701736,-0.0127088142944679,0.0347795984759271,0.0480823352524097,0.0824645805625195,0.0704961537994415,0.0810734629899005,0.0308272572508429,-0.00759118322018962,-0.0033496352513131,-0.0394738816360902,-0.0375289242552691,-0.0310934801415617,0.0570739865497392,0.0127273035915259,-0.0113922150775835,0.0301786255024034,0.0311384501312295,0.0562668796981405,0.0131482937202171,0.04818322046074,0.0369222756266411,-0.00737012137734584,-0.005251315095102,-0.0410438308207132,-0.0315719815155098,-0.0376876987079501,-0.0194121892542751,0.0401981614090971,-0.00805592442275553,-0.00642355550652302,-0.0335613839312891,-0.0415521329467479,-0.0392512244786499,-0.0355609892496308,0.0402109852977254,-0.0146604123462812,-0.0108569796043494,-0.0392618891800256,-0.0383781687706509,-0.0296818018487783,-0.0417481238934667,0.0351168768928227,-0.00834326566909606,-0.0109029368451336,0.000873278821089674,-0.0337362022036422,-0.0388422377287507,-0.0326070263540122,0.0358905197472772,-0.0156552272236846,-0.0125298108734114,-0.00254231877329385,-0.00988475177085879,-0.0297967874904404,-0.0397174223277438,0.0369128489143974,-0.00879976393257191,-0.00582540535874115,-0.00432859126315512,-0.0151597587277478,0.00684286607534131,-0.0120396227839282,-0.00755493292340874,-0.0236535808648252,-0.011883838664436,0.00681957136177823,-0.0402155013911637,-0.0298661442917814,-0.0430095851626877,0.0405682494339187,-0.00768661948116518,-0.00888628142884192,-0.0280422270025422,-0.00334566018311712,0.0573995516202723,0.0218328123732568,0.0368334931475758,-0.0073786144982627,0.0101310131336707,-0.0405763064837513,-0.0271753271172491,-0.00515907230287102,-0.0377993675999081,0.0396115953519762,-0.00772776868680843,0.0104768116271248,-0.0361585581591576,-0.041026118108688,-0.0264177191718094,-0.0126142467654479,0.0405529487427174,-0.00982634775915173,0.0219625047643301,-0.00649203226811733,0.0566483939566259,0.0765618796171187,0.0560198606899166,0.0112776496149181,-0.00737255747130973,0.010865420206612,-0.0122040161890613,0.0655934489653903,0.081554290486662,0.047809746703893,-0.0294596412371001,-0.0122032786610447,0.0248206846674228,-0.0421740011951747,-0.0384094418214059,-0.0361886309579888,-0.00466324487428584,-0.0127572009019175,-0.0212633352116459,-0.0145606067619655,-0.0193076349913214,-0.0372247352806286,-0.0373208643955922,-0.0279480816996348,-0.0303713820302092,-0.0368070993617378,-0.0251146729159858
0.173252561358397,0.339462668304723,0.415299731651862,0.0706486727650533,-0.00541890244866729,0.0206081110311294,0.0278081450991593,0.00797795292978559,0.05491061519939,0.0689784633150428,-0.00413006439533573,-0.01004995472985,0.000986752857123414,0.0187942947267313,0.0334293208924084,0.00804524316322172,0.00090382784266746,-0.0125916339248003,-0.0103813796008404,-0.00731955077907709,-0.0085958816413291,-0.0125317221922376,-0.0355389864377888,-0.0304842763554958,-0.0256432873689765,-0.0350505769892199,-0.0133009036171127,-0.0093561783529285,-0.00644726751110314,-0.00769123511461382,0.000858405583898998,-0.0105617491567633,-0.0152390140639211,-0.0117262899371842,-0.00965397717225977,0.0435374048083354,0.0549125142458441,0.0736624543700248,-0.0286235979728055,-0.0123418098344508,0.0337752350898146,0.0466938161445845,0.0800831728120691,0.0684603696374441,0.0787322278583687,0.0299370293634092,-0.00737196543684154,-0.00325290466353534,-0.0383339569917482,-0.0364451659862289,-0.0301955642837171,0.0554258070162774,0.0123597651985765,-0.0110632312993906,0.0293071287679373,0.0302392356324264,0.0546420077532061,0.0127685979968296,0.0467917879952601,0.0358560361242782,-0.00715728740608157,-0.00509966789842399,-0.0398585692677181,-0.0306602475205602,-0.0365993553587505,-0.0188516050904075,0.0390373210521768,-0.00782328586779625,-0.00623805641389033,-0.0325922000796933,-0.0403521926721216,-0.0381177297158012,-0.034534060902514,0.0390497746132347,-0.0142370497420203,-0.0105434523275487,-0.0381280864425005,-0.0372698860638804,-0.0288246523612305,-0.0405425238027551,0.0341027735986118,-0.00810232928898089,-0.0105880824175896,0.000848060321963662,-0.03276196995932,-0.0377205536634087,-0.0316654023895306,0.03485407523606,-0.0152031364085585,-0.0121679756646214,-0.00246890182762406,-0.00959930043747623,-0.0289363174536776,-0.0385704647283234,0.0358468816361269,-0.00854564482000006,-0.00565717961411001,-0.00420359043598424,-0.0147219760253687,0.00664525815451093,-0.0116919432005899,-0.00733676197419383,-0.0229705140206945,-0.0115406578065751,0.00662263614444122,-0.0390541602911679,-0.029003671373016,-0.041767556660858,0.0393967216947958,-0.00746464569457295,-0.00862966386863637,-0.0272324250697826,-0.00324904438714636,0.0557419704361023,0.0212023255843208,0.0357698175008987,-0.00716553526310645,0.00983845027781355,-0.0394045460735738,-0.0263905594730485,-0.00501008888861756,-0.0367077994824143,0.0384676938183065,-0.00750460659565466,0.0101742628208537,-0.0351143732490064,-0.0398413680624442,-0.0256548296893696,-0.0122499732214801,0.0393818628561372,-0.00954258301369813,0.0213282727254558,-0.00630455570722291,0.0550125046633236,0.0743509297491201,0.0544021221467006,0.0109519742520335,-0.00715965315065409,0.0105516491825503,-0.0118515892617551,0.0636992448515827,0.0791991700443749,0.0464290993936045,-0.0286089072918237,-0.0118508730320331,0.0241039142620527,-0.0409561026425039,-0.0373002560131469,-0.0351435776071601,-0.00452857993801713,-0.0123887991360364,-0.0206492937537493,-0.0141401263380347,-0.0187500701398716,-0.0361497613645416,-0.0362431144680605,-0.0271409984899011,-0.0294943188830341,-0.0357441859133973,-0.0243894127336846
0.160890656501605,0.315241351314581,0.385667293727256,0.0656077535189959,-0.0050322532933911,0.0191376825084708,0.0258239802402711,0.00740871058036958,0.0509926367556622,0.0640567167389308,-0.00383537632430654,-0.00933287105032802,0.000916346135044981,0.0174532855004275,0.0310440742844561,0.00747119952569195,0.000839337980524137,-0.011693196525956,-0.00964064811669014,-0.00679728669469081,-0.0079825488849345,-0.0116375596112195,-0.033003211118762,-0.0283091643630371,-0.0238135892901415,-0.032549650627617,-0.0123518584559045,-0.00868859695779505,-0.00598724252253358,-0.00714245063505053,0.000797156687643109,-0.0098081479564489,-0.0141516809792469,-0.0108895965031012,-0.00896514725622607,0.0404309268911694,0.0509944003014842,0.0684064959859154,-0.0265812489764928,-0.01146119786694,0.0313653068358109,0.0433621221825781,0.0743690837667419,0.0635755900458267,0.0731145313445774,0.0278009645007378,-0.00684596146539496,-0.00302080363343483,-0.0355987551257503,-0.0338447330063099,-0.0280410524551714,0.0514710686414213,0.011477872081158,-0.0102738483796839,0.0272160085292842,0.0280816077688078,0.0507431949695271,0.0118575338696742,0.0434531035524943,0.0332976386978001,-0.00664660112673888,-0.00473579674484755,-0.0370145833713355,-0.0284725796456198,-0.0339879206693151,-0.0175065066589713,0.0362519328020555,-0.00726507931196278,-0.00579295904115775,-0.0302666836584654,-0.0374729857924965,-0.0353979560835434,-0.0320699889612486,0.0362634977774803,-0.0132212087468143,-0.00979115664133563,-0.0354075738377907,-0.0346106077136334,-0.0267679577460059,-0.0376497364293715,0.031669474839428,-0.00752421244612742,-0.00983260228825768,0.000787549580126785,-0.030424340129303,-0.035029119309558,-0.0294060147734267,0.0323671696540502,-0.0141183632638852,-0.0112997671008551,-0.0022927409140159,-0.0089143718120669,-0.0268716553184474,-0.0358183875785518,0.0332891374000585,-0.00793589655783001,-0.00525352892289317,-0.00390365613995344,-0.0136715346033044,0.0061711061511535,-0.0108577004724969,-0.00681326983779585,-0.0213315234822052,-0.0107172095835236,0.00615009826519228,-0.0362675705288229,-0.0269342034055599,-0.0387873608271343,0.0365856895147106,-0.00693202880774321,-0.00801392068507963,-0.0252893389468824,-0.0030172187952214,0.0517646731906331,0.0196894987056815,0.0332175719397134,-0.0066542604832359,0.00913645784942437,-0.0365929556089515,-0.0245075420863761,-0.00465260937039517,-0.0340886270953166,0.0357229495714468,-0.006969138421356,0.00944830951896153,-0.0326088949010575,-0.0369986095052787,-0.0238243080436827,-0.0113759139736693,0.0365718908828874,-0.00886170128601411,0.0198064592750537,-0.00585471348148032,0.0510872562095645,0.0690458473170551,0.0505204256643385,0.0101705297375272,-0.00664879807086719,0.00979876863490215,-0.0110059554788723,0.0591541807086296,0.0735481563038033,0.0431162934830297,-0.0265676065039713,-0.0110052903535244,0.0223840534273986,-0.0380338056201565,-0.0346388107083661,-0.0326360154718544,-0.00420545701336183,-0.0115048343911067,-0.0191759267642953,-0.013131201014892,-0.0174122164232515,-0.0335704060748971,-0.0336570982541865,-0.0252044358300483,-0.0273898422681472,-0.0331937692154827,-0.0226491810316945
0.00497185419275909,0.00974161003717957,0.0119179173795514,0.00202741533600289,-0.000155507039251361,0.000591393988242469,0.000798014423106288,0.000228944486664966,0.00157577798715087,0.00197948509017153,-0.000118521064388984,-0.00028840502656281,2.83169916302554e-05,0.000539342635424305,0.000959326130227823,0.000230875524374414,2.59372803141573e-05,-0.000361343967626552,-0.000297915974750237,-0.00021005022346992,-0.0002466772776334,-0.00035962467184009,-0.00101986751215534,-0.000874811754717838,-0.000735889182947384,-0.00100585155449439,-0.00038169798413212,-0.000268495624003972,-0.000185018182447575,-0.000220716503422911,2.46337910847232e-05,-0.000303092066381032,-0.000437316224205704,-0.000336511064151561,-0.00027704160044947,0.00124939929857886,0.00157583248436581,0.00211390226924793,-0.000821415593957948,-0.000354174729022992,0.000969252880742935,0.00133997929816535,0.00229815856916241,0.00196461727983144,0.00225939030346071,0.000859107327431172,-0.000211554374600067,-9.33490827681777e-05,-0.00110007519254048,-0.00104587227971537,-0.000866526542001101,0.00159056252236804,0.000354689996743774,-0.000317483173062901,0.000841030977551762,0.000867779785107474,0.00156806971982689,0.000366422331586012,0.00134279081074984,0.00102896593356236,-0.000205393727629203,-0.000146345918488375,-0.0011438272148897,-0.00087986162508033,-0.00105029707477894,-0.000540987279345861,0.00112025973426072,-0.000224505983276595,-0.000179014420871447,-0.000935303151347103,-0.00115799279820683,-0.001093870086653,-0.000991029016511797,0.00112061711593102,-0.000408562706937161,-0.000302566999586455,-0.00109416729515981,-0.00106953939288111,-0.000827185281264305,-0.0011634547586098,0.000978652301423847,-0.000232513733307539,-0.000303847755833597,2.43369115839227e-05,-0.00094017506251083,-0.00108247226715834,-0.000908706701946608,0.00100021251483072,-0.000436286637861682,-0.000349186184326541,-7.08504382673501e-05,-0.000275472534162955,-0.00083038975081855,-0.00110686228978448,0.00102870322587169,-0.000245235624195221,-0.000162344914055384,-0.000120631051973637,-0.000422478707694331,0.000190699949013309,-0.000335525410808229,-0.000210544135663384,-0.000659188213716337,-0.000331183951642265,0.000190050761868646,-0.00112074297237464,-0.000832322616131686,-0.00119860970641589,0.00113057350727438,-0.000214214033564846,-0.000247646731170833,-0.000781492900887691,-9.32383038498212e-05,0.00159963551045046,0.000608446250526614,0.00102649170506737,-0.000205630417593315,0.000282335452246566,-0.00113079804462106,-0.000757333760243278,-0.000143775256490669,-0.00105340911171906,0.0011039130578894,-0.000215360797410829,0.000291972314103065,-0.00100768232512898,-0.00114333358937623,-0.000736220414610512,-0.000351539280255787,0.00113014710099961,-0.000273844905924717,0.000612060574129152,-0.000180922760856604,0.00157870192405827,0.00213365954829379,0.00156118568735351,0.000314290413238517,-0.000205461617748574,0.000302802225938017,-0.00034010679726704,0.00182798658275409,0.00227279021193576,0.00133238268269292,-0.000820994013328714,-0.000340086243517538,0.000691713566864871,-0.00117532329130172,-0.00107041092377457,-0.00100852040688312,-0.000129957323433153,-0.000355523187910245,-0.00059257581488054,-0.000405781281781285,-0.000538073515961499,-0.00103739500991121,-0.00104007397763035,-0.000778869218900255,-0.00084640279977067,-0.00102575615163725,-0.000699906558426328
