"V1","V2","V3","V4","V5","V6","V7","V8","V9","V10","V11","V12","V13","V14","V15","V16","V17","V18","V19","V20","V21","V22","V23","V24","V25","V26","V27","V28","V29","V30","V31","V32","V33","V34","V35","V36","V37","V38","V39","V40","V41","V42","V43","V44","V45","V46","V47","V48","V49","V50","V51","V52","V53","V54","V55","V56","V57","V58","V59","V60","V61","V62","V63","V64","V65","V66","V67","V68","V69","V70","V71","V72","V73","V74","V75","V76","V77","V78","V79","V80","V81","V82","V83","V84","V85","V86","V87","V88","V89","V90","V91","V92","V93","V94","V95","V96","V97","V98","V99","V100","V101","V102","V103","V104","V105","V106","V107","V108","V109","V110","V111","V112","V113","V114","V115","V116","V117","V118","V119","V120","V121","V122","V123","V124","V125","V126","V127","V128","V129","V130","V131","V132","V133","V134","V135","V136","V137","V138","V139","V140","V141","V142","V143","V144","V145","V146","V147","V148","V149","V150","V151","V152","V153","V154","V155","V156","V157","V158","V159","V160"
3000,3000,3000,3000,3000,3000,3000,3000,3000,3000,3000,3000,3000,3000,3000,3000,3000,3000,3000,3000,3000,3000,3000,3000,3000,3000,3000,3000,3000,3000,3000,3000,3000,3000,3000,3000,3000,3000,3000,3000,3000,3000,3000,3000,3000,3000,3000,3000,3000,3000,3000,3000,3000,3000,3000,3000,3000,3000,3000,3000,3000,3000,3000,3000,3000,3000,3000,3000,3000,3000,3000,3000,3000,3000,3000,3000,3000,3000,3000,3000,3000,3000,3000,3000,3000,3000,3000,3000,3000,3000,3000,3000,3000,3000,3000,3000,3000,3000,3000,3000,3000,3000,3000,3000,3000,3000,3000,3000,3000,3000,3000,3000,3000,3000,3000,3000,3000,3000,3000,3000,3000,3000,3000,3000,3000,3000,3000,3000,3000,3000,3000,3000,3000,3000,3000,3000,3000,3000,3000,3000,3000,3000,3000,3000,3000,3000,3000,3000,3000,3000,3000,3000,3000,3000,3000,3000,3000,3000,3000,3000
3000,3000,3000,3000,3000,3000,3000,3000,3000,3000,3000,3000,3000,3000,3000,3000,3000,3000,3000,3000,3000,3000,3000,3000,3000,3000,3000,3000,3000,3000,3000,3000,3000,3000,3000,3000,3000,3000,3000,3000,3000,3000,3000,3000,3000,3000,3000,3000,3000,3000,3000,3000,3000,3000,3000,3000,3000,3000,3000,3000,3000,3000,3000,3000,3000,3000,3000,3000,3000,3000,3000,3000,3000,3000,3000,3000,3000,3000,3000,3000,3000,3000,3000,3000,3000,3000,3000,3000,3000,3000,3000,3000,3000,3000,3000,3000,3000,3000,3000,3000,3000,3000,3000,3000,3000,3000,3000,3000,3000,3000,3000,3000,3000,3000,3000,3000,3000,3000,3000,3000,3000,3000,3000,3000,3000,3000,3000,3000,3000,3000,3000,3000,3000,3000,3000,3000,3000,3000,3000,3000,3000,3000,3000,3000,3000,3000,3000,3000,3000,3000,3000,3000,3000,3000,3000,3000,3000,3000,3000,3000
3000,3000,3000,3000,3000,3000,3000,3000,3000,3000,3000,3000,3000,3000,3000,3000,3000,3000,3000,3000,3000,3000,3000,3000,3000,3000,3000,3000,3000,3000,3000,3000,3000,3000,3000,3000,3000,3000,3000,3000,3000,3000,3000,3000,3000,3000,3000,3000,3000,3000,3000,3000,3000,3000,3000,3000,3000,3000,3000,3000,3000,3000,3000,3000,3000,3000,3000,3000,3000,3000,3000,3000,3000,3000,3000,3000,3000,3000,3000,3000,3000,3000,3000,3000,3000,3000,3000,3000,3000,3000,3000,3000,3000,3000,3000,3000,3000,3000,3000,3000,3000,3000,3000,3000,3000,3000,3000,3000,3000,3000,3000,3000,3000,3000,3000,3000,3000,3000,3000,3000,3000,3000,3000,3000,3000,3000,3000,3000,3000,3000,3000,3000,3000,3000,3000,3000,3000,3000,3000,3000,3000,3000,3000,3000,3000,3000,3000,3000,3000,3000,3000,3000,3000,3000,3000,3000,3000,3000,3000,3000
3000,3000,3000,3000,3000,3000,3000,3000,3000,3000,3000,3000,3000,3000,3000,3000,3000,3000,3000,3000,3000,3000,3000,3000,3000,3000,3000,3000,3000,3000,3000,3000,3000,3000,3000,3000,3000,3000,3000,3000,3000,3000,3000,3000,3000,3000,3000,3000,3000,3000,3000,3000,3000,3000,3000,3000,3000,3000,3000,3000,3000,3000,3000,3000,3000,3000,3000,3000,3000,3000,3000,3000,3000,3000,3000,3000,3000,3000,3000,3000,3000,3000,3000,3000,3000,3000,3000,3000,3000,3000,3000,3000,3000,3000,3000,3000,3000,3000,3000,3000,3000,3000,3000,3000,3000,3000,3000,3000,3000,3000,3000,3000,3000,3000,3000,3000,3000,3000,3000,3000,3000,3000,3000,3000,3000,3000,3000,3000,3000,3000,3000,3000,3000,3000,3000,3000,3000,3000,3000,3000,3000,3000,3000,3000,3000,3000,3000,3000,3000,3000,3000,3000,3000,3000,3000,3000,3000,3000,3000,3000
3000,3000,3000,3000,3000,3000,3000,3000,3000,3000,3000,3000,3000,3000,3000,3000,3000,3000,3000,3000,3000,3000,3000,3000,3000,3000,3000,3000,3000,3000,3000,3000,3000,3000,3000,3000,3000,3000,3000,3000,3000,3000,3000,3000,3000,3000,3000,3000,3000,3000,3000,3000,3000,3000,3000,3000,3000,3000,3000,3000,3000,3000,3000,3000,3000,3000,3000,3000,3000,3000,3000,3000,3000,3000,3000,3000,3000,3000,3000,3000,3000,3000,3000,3000,3000,3000,3000,3000,3000,3000,3000,3000,3000,3000,3000,3000,3000,3000,3000,3000,3000,3000,3000,3000,3000,3000,3000,3000,3000,3000,3000,3000,3000,3000,3000,3000,3000,3000,3000,3000,3000,3000,3000,3000,3000,3000,3000,3000,3000,3000,3000,3000,3000,3000,3000,3000,3000,3000,3000,3000,3000,3000,3000,3000,3000,3000,3000,3000,3000,3000,3000,3000,3000,3000,3000,3000,3000,3000,3000,3000
3000,3000,3000,3000,3000,3000,3000,3000,3000,3000,3000,3000,3000,3000,3000,3000,3000,3000,3000,3000,3000,3000,3000,3000,3000,3000,3000,3000,3000,3000,3000,3000,3000,3000,3000,3000,3000,3000,3000,3000,3000,3000,3000,3000,3000,3000,3000,3000,3000,3000,3000,3000,3000,3000,3000,3000,3000,3000,3000,3000,3000,3000,3000,3000,3000,3000,3000,3000,3000,3000,3000,3000,3000,3000,3000,3000,3000,3000,3000,3000,3000,3000,3000,3000,3000,3000,3000,3000,3000,3000,3000,3000,3000,3000,3000,3000,3000,3000,3000,3000,3000,3000,3000,3000,3000,3000,3000,3000,3000,3000,3000,3000,3000,3000,3000,3000,3000,3000,3000,3000,3000,3000,3000,3000,3000,3000,3000,3000,3000,3000,3000,3000,3000,3000,3000,3000,3000,3000,3000,3000,3000,3000,3000,3000,3000,3000,3000,3000,3000,3000,3000,3000,3000,3000,3000,3000,3000,3000,3000,3000
3000,3000,3000,3000,3000,3000,3000,3000,3000,3000,3000,3000,3000,3000,3000,3000,3000,3000,3000,3000,3000,3000,3000,3000,3000,3000,3000,3000,3000,3000,3000,3000,3000,3000,3000,3000,3000,3000,3000,3000,3000,3000,3000,3000,3000,3000,3000,3000,3000,3000,3000,3000,3000,3000,3000,3000,3000,3000,3000,3000,3000,3000,3000,3000,3000,3000,3000,3000,3000,3000,3000,3000,3000,3000,3000,3000,3000,3000,3000,3000,3000,3000,3000,3000,3000,3000,3000,3000,3000,3000,3000,3000,3000,3000,3000,3000,3000,3000,3000,3000,3000,3000,3000,3000,3000,3000,3000,3000,3000,3000,3000,3000,3000,3000,3000,3000,3000,3000,3000,3000,3000,3000,3000,3000,3000,3000,3000,3000,3000,3000,3000,3000,3000,3000,3000,3000,3000,3000,3000,3000,3000,3000,3000,3000,3000,3000,3000,3000,3000,3000,3000,3000,3000,3000,3000,3000,3000,3000,3000,3000
3000,3000,3000,3000,3000,3000,3000,3000,3000,3000,3000,3000,3000,3000,3000,3000,3000,3000,3000,3000,3000,3000,3000,3000,3000,3000,3000,3000,3000,3000,3000,3000,3000,3000,3000,3000,3000,3000,3000,3000,3000,3000,3000,3000,3000,3000,3000,3000,3000,3000,3000,3000,3000,3000,3000,3000,3000,3000,3000,3000,3000,3000,3000,3000,3000,3000,3000,3000,3000,3000,3000,3000,3000,3000,3000,3000,3000,3000,3000,3000,3000,3000,3000,3000,3000,3000,3000,3000,3000,3000,3000,3000,3000,3000,3000,3000,3000,3000,3000,3000,3000,3000,3000,3000,3000,3000,3000,3000,3000,3000,3000,3000,3000,3000,3000,3000,3000,3000,3000,3000,3000,3000,3000,3000,3000,3000,3000,3000,3000,3000,3000,3000,3000,3000,3000,3000,3000,3000,3000,3000,3000,3000,3000,3000,3000,3000,3000,3000,3000,3000,3000,3000,3000,3000,3000,3000,3000,3000,3000,3000
3000,3000,3000,3000,3000,3000,3000,3000,3000,3000,3000,3000,3000,3000,3000,3000,3000,3000,3000,3000,3000,3000,3000,3000,3000,3000,3000,3000,3000,3000,3000,3000,3000,3000,3000,3000,3000,3000,3000,3000,3000,3000,3000,3000,3000,3000,3000,3000,3000,3000,3000,3000,3000,3000,3000,3000,3000,3000,3000,3000,3000,3000,3000,3000,3000,3000,3000,3000,3000,3000,3000,3000,3000,3000,3000,3000,3000,3000,3000,3000,3000,3000,3000,3000,3000,3000,3000,3000,3000,3000,3000,3000,3000,3000,3000,3000,3000,3000,3000,3000,3000,3000,3000,3000,3000,3000,3000,3000,3000,3000,3000,3000,3000,3000,3000,3000,3000,3000,3000,3000,3000,3000,3000,3000,3000,3000,3000,3000,3000,3000,3000,3000,3000,3000,3000,3000,3000,3000,3000,3000,3000,3000,3000,3000,3000,3000,3000,3000,3000,3000,3000,3000,3000,3000,3000,3000,3000,3000,3000,3000
3000,3000,3000,3000,3000,3000,3000,3000,3000,3000,3000,3000,3000,3000,3000,3000,3000,3000,3000,3000,3000,3000,3000,3000,3000,3000,3000,3000,3000,3000,3000,3000,3000,3000,3000,3000,3000,3000,3000,3000,3000,3000,3000,3000,3000,3000,3000,3000,3000,3000,3000,3000,3000,3000,3000,3000,3000,3000,3000,3000,3000,3000,3000,3000,3000,3000,3000,3000,3000,3000,3000,3000,3000,3000,3000,3000,3000,3000,3000,3000,3000,3000,3000,3000,3000,3000,3000,3000,3000,3000,3000,3000,3000,3000,3000,3000,3000,3000,3000,3000,3000,3000,3000,3000,3000,3000,3000,3000,3000,3000,3000,3000,3000,3000,3000,3000,3000,3000,3000,3000,3000,3000,3000,3000,3000,3000,3000,3000,3000,3000,3000,3000,3000,3000,3000,3000,3000,3000,3000,3000,3000,3000,3000,3000,3000,3000,3000,3000,3000,3000,3000,3000,3000,3000,3000,3000,3000,3000,3000,3000
3000,3000,3000,3000,3000,3000,3000,3000,3000,3000,3000,3000,3000,3000,3000,3000,3000,3000,3000,3000,3000,3000,3000,3000,3000,3000,3000,3000,3000,3000,3000,3000,3000,3000,3000,3000,3000,3000,3000,3000,3000,3000,3000,3000,3000,3000,3000,3000,3000,3000,3000,3000,3000,3000,3000,3000,3000,3000,3000,3000,3000,3000,3000,3000,3000,3000,3000,3000,3000,3000,3000,3000,3000,3000,3000,3000,3000,3000,3000,3000,3000,3000,3000,3000,3000,3000,3000,3000,3000,3000,3000,3000,3000,3000,3000,3000,3000,3000,3000,3000,3000,3000,3000,3000,3000,3000,3000,3000,3000,3000,3000,3000,3000,3000,3000,3000,3000,3000,3000,3000,3000,3000,3000,3000,3000,3000,3000,3000,3000,3000,3000,3000,3000,3000,3000,3000,3000,3000,3000,3000,3000,3000,3000,3000,3000,3000,3000,3000,3000,3000,3000,3000,3000,3000,3000,3000,3000,3000,3000,3000
3000,3000,3000,3000,3000,3000,3000,3000,3000,3000,3000,3000,3000,3000,3000,3000,3000,3000,3000,3000,3000,3000,3000,3000,3000,3000,3000,3000,3000,3000,3000,3000,3000,3000,3000,3000,3000,3000,3000,3000,3000,3000,3000,3000,3000,3000,3000,3000,3000,3000,3000,3000,3000,3000,3000,3000,3000,3000,3000,3000,3000,3000,3000,3000,3000,3000,3000,3000,3000,3000,3000,3000,3000,3000,3000,3000,3000,3000,3000,3000,3000,3000,3000,3000,3000,3000,3000,3000,3000,3000,3000,3000,3000,3000,3000,3000,3000,3000,3000,3000,3000,3000,3000,3000,3000,3000,3000,3000,3000,3000,3000,3000,3000,3000,3000,3000,3000,3000,3000,3000,3000,3000,3000,3000,3000,3000,3000,3000,3000,3000,3000,3000,3000,3000,3000,3000,3000,3000,3000,3000,3000,3000,3000,3000,3000,3000,3000,3000,3000,3000,3000,3000,3000,3000,3000,3000,3000,3000,3000,3000
3000,3000,3000,3000,3000,3000,3000,3000,3000,3000,3000,3000,3000,3000,3000,3000,3000,3000,3000,3000,3000,3000,3000,3000,3000,3000,3000,3000,3000,3000,3000,3000,3000,3000,3000,3000,3000,3000,3000,3000,3000,3000,3000,3000,3000,3000,3000,3000,3000,3000,3000,3000,3000,3000,3000,3000,3000,3000,3000,3000,3000,3000,3000,3000,3000,3000,3000,3000,3000,3000,3000,3000,3000,3000,3000,3000,3000,3000,3000,3000,3000,3000,3000,3000,3000,3000,3000,3000,3000,3000,3000,3000,3000,3000,3000,3000,3000,3000,3000,3000,3000,3000,3000,3000,3000,3000,3000,3000,3000,3000,3000,3000,3000,3000,3000,3000,3000,3000,3000,3000,3000,3000,3000,3000,3000,3000,3000,3000,3000,3000,3000,3000,3000,3000,3000,3000,3000,3000,3000,3000,3000,3000,3000,3000,3000,3000,3000,3000,3000,3000,3000,3000,3000,3000,3000,3000,3000,3000,3000,3000
3000,3000,3000,3000,3000,3000,3000,3000,3000,3000,3000,3000,3000,3000,3000,3000,3000,3000,3000,3000,3000,3000,3000,3000,3000,3000,3000,3000,3000,3000,3000,3000,3000,3000,3000,3000,3000,3000,3000,3000,3000,3000,3000,3000,3000,3000,3000,3000,3000,3000,3000,3000,3000,3000,3000,3000,3000,3000,3000,3000,3000,3000,3000,3000,3000,3000,3000,3000,3000,3000,3000,3000,3000,3000,3000,3000,3000,3000,3000,3000,3000,3000,3000,3000,3000,3000,3000,3000,3000,3000,3000,3000,3000,3000,3000,3000,3000,3000,3000,3000,3000,3000,3000,3000,3000,3000,3000,3000,3000,3000,3000,3000,3000,3000,3000,3000,3000,3000,3000,3000,3000,3000,3000,3000,3000,3000,3000,3000,3000,3000,3000,3000,3000,3000,3000,3000,3000,3000,3000,3000,3000,3000,3000,3000,3000,3000,3000,3000,3000,3000,3000,3000,3000,3000,3000,3000,3000,3000,3000,3000
3000,3000,3000,3000,3000,3000,3000,3000,3000,3000,3000,3000,3000,3000,3000,3000,3000,3000,3000,3000,3000,3000,3000,3000,3000,3000,3000,3000,3000,3000,3000,3000,3000,3000,3000,3000,3000,3000,3000,3000,3000,3000,3000,3000,3000,3000,3000,3000,3000,3000,3000,3000,3000,3000,3000,3000,3000,3000,3000,3000,3000,3000,3000,3000,3000,3000,3000,3000,3000,3000,3000,3000,3000,3000,3000,3000,3000,3000,3000,3000,3000,3000,3000,3000,3000,3000,3000,3000,3000,3000,3000,3000,3000,3000,3000,3000,3000,3000,3000,3000,3000,3000,3000,3000,3000,3000,3000,3000,3000,3000,3000,3000,3000,3000,3000,3000,3000,3000,3000,3000,3000,3000,3000,3000,3000,3000,3000,3000,3000,3000,3000,3000,3000,3000,3000,3000,3000,3000,3000,3000,3000,3000,3000,3000,3000,3000,3000,3000,3000,3000,3000,3000,3000,3000,3000,3000,3000,3000,3000,3000
3000,3000,3000,3000,3000,3000,3000,3000,3000,3000,3000,3000,3000,3000,3000,3000,3000,3000,3000,3000,3000,3000,3000,3000,3000,3000,3000,3000,3000,3000,3000,3000,3000,3000,3000,3000,3000,3000,3000,3000,3000,3000,3000,3000,3000,3000,3000,3000,3000,3000,3000,3000,3000,3000,3000,3000,3000,3000,3000,3000,3000,3000,3000,3000,3000,3000,3000,3000,3000,3000,3000,3000,3000,3000,3000,3000,3000,3000,3000,3000,3000,3000,3000,3000,3000,3000,3000,3000,3000,3000,3000,3000,3000,3000,3000,3000,3000,3000,3000,3000,3000,3000,3000,3000,3000,3000,3000,3000,3000,3000,3000,3000,3000,3000,3000,3000,3000,3000,3000,3000,3000,3000,3000,3000,3000,3000,3000,3000,3000,3000,3000,3000,3000,3000,3000,3000,3000,3000,3000,3000,3000,3000,3000,3000,3000,3000,3000,3000,3000,3000,3000,3000,3000,3000,3000,3000,3000,3000,3000,3000
3000,3000,3000,3000,3000,3000,3000,3000,3000,3000,3000,3000,3000,3000,3000,3000,3000,3000,3000,3000,3000,3000,3000,3000,3000,3000,3000,3000,3000,3000,3000,3000,3000,3000,3000,3000,3000,3000,3000,3000,3000,3000,3000,3000,3000,3000,3000,3000,3000,3000,3000,3000,3000,3000,3000,3000,3000,3000,3000,3000,3000,3000,3000,3000,3000,3000,3000,3000,3000,3000,3000,3000,3000,3000,3000,3000,3000,3000,3000,3000,3000,3000,3000,3000,3000,3000,3000,3000,3000,3000,3000,3000,3000,3000,3000,3000,3000,3000,3000,3000,3000,3000,3000,3000,3000,3000,3000,3000,3000,3000,3000,3000,3000,3000,3000,3000,3000,3000,3000,3000,3000,3000,3000,3000,3000,3000,3000,3000,3000,3000,3000,3000,3000,3000,3000,3000,3000,3000,3000,3000,3000,3000,3000,3000,3000,3000,3000,3000,3000,3000,3000,3000,3000,3000,3000,3000,3000,3000,3000,3000
3000,3000,3000,3000,3000,3000,3000,3000,3000,3000,3000,3000,3000,3000,3000,3000,3000,3000,3000,3000,3000,3000,3000,3000,3000,3000,3000,3000,3000,3000,3000,3000,3000,3000,3000,3000,3000,3000,3000,3000,3000,3000,3000,3000,3000,3000,3000,3000,3000,3000,3000,3000,3000,3000,3000,3000,3000,3000,3000,3000,3000,3000,3000,3000,3000,3000,3000,3000,3000,3000,3000,3000,3000,3000,3000,3000,3000,3000,3000,3000,3000,3000,3000,3000,3000,3000,3000,3000,3000,3000,3000,3000,3000,3000,3000,3000,3000,3000,3000,3000,3000,3000,3000,3000,3000,3000,3000,3000,3000,3000,3000,3000,3000,3000,3000,3000,3000,3000,3000,3000,3000,3000,3000,3000,3000,3000,3000,3000,3000,3000,3000,3000,3000,3000,3000,3000,3000,3000,3000,3000,3000,3000,3000,3000,3000,3000,3000,3000,3000,3000,3000,3000,3000,3000,3000,3000,3000,3000,3000,3000
3000,3000,3000,3000,3000,3000,3000,3000,3000,3000,3000,3000,3000,3000,3000,3000,3000,3000,3000,3000,3000,3000,3000,3000,3000,3000,3000,3000,3000,3000,3000,3000,3000,3000,3000,3000,3000,3000,3000,3000,3000,3000,3000,3000,3000,3000,3000,3000,3000,3000,3000,3000,3000,3000,3000,3000,3000,3000,3000,3000,3000,3000,3000,3000,3000,3000,3000,3000,3000,3000,3000,3000,3000,3000,3000,3000,3000,3000,3000,3000,3000,3000,3000,3000,3000,3000,3000,3000,3000,3000,3000,3000,3000,3000,3000,3000,3000,3000,3000,3000,3000,3000,3000,3000,3000,3000,3000,3000,3000,3000,3000,3000,3000,3000,3000,3000,3000,3000,3000,3000,3000,3000,3000,3000,3000,3000,3000,3000,3000,3000,3000,3000,3000,3000,3000,3000,3000,3000,3000,3000,3000,3000,3000,3000,3000,3000,3000,3000,3000,3000,3000,3000,3000,3000,3000,3000,3000,3000,3000,3000
3000,3000,3000,3000,3000,3000,3000,3000,3000,3000,3000,3000,3000,3000,3000,3000,3000,3000,3000,3000,3000,3000,3000,3000,3000,3000,3000,3000,3000,3000,3000,3000,3000,3000,3000,3000,3000,3000,3000,3000,3000,3000,3000,3000,3000,3000,3000,3000,3000,3000,3000,3000,3000,3000,3000,3000,3000,3000,3000,3000,3000,3000,3000,3000,3000,3000,3000,3000,3000,3000,3000,3000,3000,3000,3000,3000,3000,3000,3000,3000,3000,3000,3000,3000,3000,3000,3000,3000,3000,3000,3000,3000,3000,3000,3000,3000,3000,3000,3000,3000,3000,3000,3000,3000,3000,3000,3000,3000,3000,3000,3000,3000,3000,3000,3000,3000,3000,3000,3000,3000,3000,3000,3000,3000,3000,3000,3000,3000,3000,3000,3000,3000,3000,3000,3000,3000,3000,3000,3000,3000,3000,3000,3000,3000,3000,3000,3000,3000,3000,3000,3000,3000,3000,3000,3000,3000,3000,3000,3000,3000
3000,3000,3000,3000,3000,3000,3000,3000,3000,3000,3000,3000,3000,3000,3000,3000,3000,3000,3000,3000,3000,3000,3000,3000,3000,3000,3000,3000,3000,3000,3000,3000,3000,3000,3000,3000,3000,3000,3000,3000,3000,3000,3000,3000,3000,3000,3000,3000,3000,3000,3000,3000,3000,3000,3000,3000,3000,3000,3000,3000,3000,3000,3000,3000,3000,3000,3000,3000,3000,3000,3000,3000,3000,3000,3000,3000,3000,3000,3000,3000,3000,3000,3000,3000,3000,3000,3000,3000,3000,3000,3000,3000,3000,3000,3000,3000,3000,3000,3000,3000,3000,3000,3000,3000,3000,3000,3000,3000,3000,3000,3000,3000,3000,3000,3000,3000,3000,3000,3000,3000,3000,3000,3000,3000,3000,3000,3000,3000,3000,3000,3000,3000,3000,3000,3000,3000,3000,3000,3000,3000,3000,3000,3000,3000,3000,3000,3000,3000,3000,3000,3000,3000,3000,3000,3000,3000,3000,3000,3000,3000
3000,3000,3000,3000,3000,3000,3000,3000,3000,3000,3000,3000,3000,3000,3000,3000,3000,3000,3000,3000,3000,3000,3000,3000,3000,3000,3000,3000,3000,3000,3000,3000,3000,3000,3000,3000,3000,3000,3000,3000,3000,3000,3000,3000,3000,3000,3000,3000,3000,3000,3000,3000,3000,3000,3000,3000,3000,3000,3000,3000,3000,3000,3000,3000,3000,3000,3000,3000,3000,3000,3000,3000,3000,3000,3000,3000,3000,3000,3000,3000,3000,3000,3000,3000,3000,3000,3000,3000,3000,3000,3000,3000,3000,3000,3000,3000,3000,3000,3000,3000,3000,3000,3000,3000,3000,3000,3000,3000,3000,3000,3000,3000,3000,3000,3000,3000,3000,3000,3000,3000,3000,3000,3000,3000,3000,3000,3000,3000,3000,3000,3000,3000,3000,3000,3000,3000,3000,3000,3000,3000,3000,3000,3000,3000,3000,3000,3000,3000,3000,3000,3000,3000,3000,3000,3000,3000,3000,3000,3000,3000
3000,3000,3000,3000,3000,3000,3000,3000,3000,3000,3000,3000,3000,3000,3000,3000,3000,3000,3000,3000,3000,3000,3000,3000,3000,3000,3000,3000,3000,3000,3000,3000,3000,3000,3000,3000,3000,3000,3000,3000,3000,3000,3000,3000,3000,3000,3000,3000,3000,3000,3000,3000,3000,3000,3000,3000,3000,3000,3000,3000,3000,3000,3000,3000,3000,3000,3000,3000,3000,3000,3000,3000,3000,3000,3000,3000,3000,3000,3000,3000,3000,3000,3000,3000,3000,3000,3000,3000,3000,3000,3000,3000,3000,3000,3000,3000,3000,3000,3000,3000,3000,3000,3000,3000,3000,3000,3000,3000,3000,3000,3000,3000,3000,3000,3000,3000,3000,3000,3000,3000,3000,3000,3000,3000,3000,3000,3000,3000,3000,3000,3000,3000,3000,3000,3000,3000,3000,3000,3000,3000,3000,3000,3000,3000,3000,3000,3000,3000,3000,3000,3000,3000,3000,3000,3000,3000,3000,3000,3000,3000
3000,3000,3000,3000,3000,3000,3000,3000,3000,3000,3000,3000,3000,3000,3000,3000,3000,3000,3000,3000,3000,3000,3000,3000,3000,3000,3000,3000,3000,3000,3000,3000,3000,3000,3000,3000,3000,3000,3000,3000,3000,3000,3000,3000,3000,3000,3000,3000,3000,3000,3000,3000,3000,3000,3000,3000,3000,3000,3000,3000,3000,3000,3000,3000,3000,3000,3000,3000,3000,3000,3000,3000,3000,3000,3000,3000,3000,3000,3000,3000,3000,3000,3000,3000,3000,3000,3000,3000,3000,3000,3000,3000,3000,3000,3000,3000,3000,3000,3000,3000,3000,3000,3000,3000,3000,3000,3000,3000,3000,3000,3000,3000,3000,3000,3000,3000,3000,3000,3000,3000,3000,3000,3000,3000,3000,3000,3000,3000,3000,3000,3000,3000,3000,3000,3000,3000,3000,3000,3000,3000,3000,3000,3000,3000,3000,3000,3000,3000,3000,3000,3000,3000,3000,3000,3000,3000,3000,3000,3000,3000
3000,3000,3000,3000,3000,3000,3000,3000,3000,3000,3000,3000,3000,3000,3000,3000,3000,3000,3000,3000,3000,3000,3000,3000,3000,3000,3000,3000,3000,3000,3000,3000,3000,3000,3000,3000,3000,3000,3000,3000,3000,3000,3000,3000,3000,3000,3000,3000,3000,3000,3000,3000,3000,3000,3000,3000,3000,3000,3000,3000,3000,3000,3000,3000,3000,3000,3000,3000,3000,3000,3000,3000,3000,3000,3000,3000,3000,3000,3000,3000,3000,3000,3000,3000,3000,3000,3000,3000,3000,3000,3000,3000,3000,3000,3000,3000,3000,3000,3000,3000,3000,3000,3000,3000,3000,3000,3000,3000,3000,3000,3000,3000,3000,3000,3000,3000,3000,3000,3000,3000,3000,3000,3000,3000,3000,3000,3000,3000,3000,3000,3000,3000,3000,3000,3000,3000,3000,3000,3000,3000,3000,3000,3000,3000,3000,3000,3000,3000,3000,3000,3000,3000,3000,3000,3000,3000,3000,3000,3000,3000
3000,3000,3000,3000,3000,3000,3000,3000,3000,3000,3000,3000,3000,3000,3000,3000,3000,3000,3000,3000,3000,3000,3000,3000,3000,3000,3000,3000,3000,3000,3000,3000,3000,3000,3000,3000,3000,3000,3000,3000,3000,3000,3000,3000,3000,3000,3000,3000,3000,3000,3000,3000,3000,3000,3000,3000,3000,3000,3000,3000,3000,3000,3000,3000,3000,3000,3000,3000,3000,3000,3000,3000,3000,3000,3000,3000,3000,3000,3000,3000,3000,3000,3000,3000,3000,3000,3000,3000,3000,3000,3000,3000,3000,3000,3000,3000,3000,3000,3000,3000,3000,3000,3000,3000,3000,3000,3000,3000,3000,3000,3000,3000,3000,3000,3000,3000,3000,3000,3000,3000,3000,3000,3000,3000,3000,3000,3000,3000,3000,3000,3000,3000,3000,3000,3000,3000,3000,3000,3000,3000,3000,3000,3000,3000,3000,3000,3000,3000,3000,3000,3000,3000,3000,3000,3000,3000,3000,3000,3000,3000
3000,3000,3000,3000,3000,3000,3000,3000,3000,3000,3000,3000,3000,3000,3000,3000,3000,3000,3000,3000,3000,3000,3000,3000,3000,3000,3000,3000,3000,3000,3000,3000,3000,3000,3000,3000,3000,3000,3000,3000,3000,3000,3000,3000,3000,3000,3000,3000,3000,3000,3000,3000,3000,3000,3000,3000,3000,3000,3000,3000,3000,3000,3000,3000,3000,3000,3000,3000,3000,3000,3000,3000,3000,3000,3000,3000,3000,3000,3000,3000,3000,3000,3000,3000,3000,3000,3000,3000,3000,3000,3000,3000,3000,3000,3000,3000,3000,3000,3000,3000,3000,3000,3000,3000,3000,3000,3000,3000,3000,3000,3000,3000,3000,3000,3000,3000,3000,3000,3000,3000,3000,3000,3000,3000,3000,3000,3000,3000,3000,3000,3000,3000,3000,3000,3000,3000,3000,3000,3000,3000,3000,3000,3000,3000,3000,3000,3000,3000,3000,3000,3000,3000,3000,3000,3000,3000,3000,3000,3000,3000
3000,3000,3000,3000,3000,3000,3000,3000,3000,3000,3000,3000,3000,3000,3000,3000,3000,3000,3000,3000,3000,3000,3000,3000,3000,3000,3000,3000,3000,3000,3000,3000,3000,3000,3000,3000,3000,3000,3000,3000,3000,3000,3000,3000,3000,3000,3000,3000,3000,3000,3000,3000,3000,3000,3000,3000,3000,3000,3000,3000,3000,3000,3000,3000,3000,3000,3000,3000,3000,3000,3000,3000,3000,3000,3000,3000,3000,3000,3000,3000,3000,3000,3000,3000,3000,3000,3000,3000,3000,3000,3000,3000,3000,3000,3000,3000,3000,3000,3000,3000,3000,3000,3000,3000,3000,3000,3000,3000,3000,3000,3000,3000,3000,3000,3000,3000,3000,3000,3000,3000,3000,3000,3000,3000,3000,3000,3000,3000,3000,3000,3000,3000,3000,3000,3000,3000,3000,3000,3000,3000,3000,3000,3000,3000,3000,3000,3000,3000,3000,3000,3000,3000,3000,3000,3000,3000,3000,3000,3000,3000
3000,3000,3000,3000,3000,3000,3000,3000,3000,3000,3000,3000,3000,3000,3000,3000,3000,3000,3000,3000,3000,3000,3000,3000,3000,3000,3000,3000,3000,3000,3000,3000,3000,3000,3000,3000,3000,3000,3000,3000,3000,3000,3000,3000,3000,3000,3000,3000,3000,3000,3000,3000,3000,3000,3000,3000,3000,3000,3000,3000,3000,3000,3000,3000,3000,3000,3000,3000,3000,3000,3000,3000,3000,3000,3000,3000,3000,3000,3000,3000,3000,3000,3000,3000,3000,3000,3000,3000,3000,3000,3000,3000,3000,3000,3000,3000,3000,3000,3000,3000,3000,3000,3000,3000,3000,3000,3000,3000,3000,3000,3000,3000,3000,3000,3000,3000,3000,3000,3000,3000,3000,3000,3000,3000,3000,3000,3000,3000,3000,3000,3000,3000,3000,3000,3000,3000,3000,3000,3000,3000,3000,3000,3000,3000,3000,3000,3000,3000,3000,3000,3000,3000,3000,3000,3000,3000,3000,3000,3000,3000
3000,3000,3000,3000,3000,3000,3000,3000,3000,3000,3000,3000,3000,3000,3000,3000,3000,3000,3000,3000,3000,3000,3000,3000,3000,3000,3000,3000,3000,3000,3000,3000,3000,3000,3000,3000,3000,3000,3000,3000,3000,3000,3000,3000,3000,3000,3000,3000,3000,3000,3000,3000,3000,3000,3000,3000,3000,3000,3000,3000,3000,3000,3000,3000,3000,3000,3000,3000,3000,3000,3000,3000,3000,3000,3000,3000,3000,3000,3000,3000,3000,3000,3000,3000,3000,3000,3000,3000,3000,3000,3000,3000,3000,3000,3000,3000,3000,3000,3000,3000,3000,3000,3000,3000,3000,3000,3000,3000,3000,3000,3000,3000,3000,3000,3000,3000,3000,3000,3000,3000,3000,3000,3000,3000,3000,3000,3000,3000,3000,3000,3000,3000,3000,3000,3000,3000,3000,3000,3000,3000,3000,3000,3000,3000,3000,3000,3000,3000,3000,3000,3000,3000,3000,3000,3000,3000,3000,3000,3000,3000
3000,3000,3000,3000,3000,3000,3000,3000,3000,3000,3000,3000,3000,3000,3000,3000,3000,3000,3000,3000,3000,3000,3000,3000,3000,3000,3000,3000,3000,3000,3000,3000,3000,3000,3000,3000,3000,3000,3000,3000,3000,3000,3000,3000,3000,3000,3000,3000,3000,3000,3000,3000,3000,3000,3000,3000,3000,3000,3000,3000,3000,3000,3000,3000,3000,3000,3000,3000,3000,3000,3000,3000,3000,3000,3000,3000,3000,3000,3000,3000,3000,3000,3000,3000,3000,3000,3000,3000,3000,3000,3000,3000,3000,3000,3000,3000,3000,3000,3000,3000,3000,3000,3000,3000,3000,3000,3000,3000,3000,3000,3000,3000,3000,3000,3000,3000,3000,3000,3000,3000,3000,3000,3000,3000,3000,3000,3000,3000,3000,3000,3000,3000,3000,3000,3000,3000,3000,3000,3000,3000,3000,3000,3000,3000,3000,3000,3000,3000,3000,3000,3000,3000,3000,3000,3000,3000,3000,3000,3000,3000
3000,3000,3000,3000,3000,3000,3000,3000,3000,3000,3000,3000,3000,3000,3000,3000,3000,3000,3000,3000,3000,3000,3000,3000,3000,3000,3000,3000,3000,3000,3000,3000,3000,3000,3000,3000,3000,3000,3000,3000,3000,3000,3000,3000,3000,3000,3000,3000,3000,3000,3000,3000,3000,3000,3000,3000,3000,3000,3000,3000,3000,3000,3000,3000,3000,3000,3000,3000,3000,3000,3000,3000,3000,3000,3000,3000,3000,3000,3000,3000,3000,3000,3000,3000,3000,3000,3000,3000,3000,3000,3000,3000,3000,3000,3000,3000,3000,3000,3000,3000,3000,3000,3000,3000,3000,3000,3000,3000,3000,3000,3000,3000,3000,3000,3000,3000,3000,3000,3000,3000,3000,3000,3000,3000,3000,3000,3000,3000,3000,3000,3000,3000,3000,3000,3000,3000,3000,3000,3000,3000,3000,3000,3000,3000,3000,3000,3000,3000,3000,3000,3000,3000,3000,3000,3000,3000,3000,3000,3000,3000
3000,3000,3000,3000,3000,3000,3000,3000,3000,3000,3000,3000,3000,3000,3000,3000,3000,3000,3000,3000,3000,3000,3000,3000,3000,3000,3000,3000,3000,3000,3000,3000,3000,3000,3000,3000,3000,3000,3000,3000,3000,3000,3000,3000,3000,3000,3000,3000,3000,3000,3000,3000,3000,3000,3000,3000,3000,3000,3000,3000,3000,3000,3000,3000,3000,3000,3000,3000,3000,3000,3000,3000,3000,3000,3000,3000,3000,3000,3000,3000,3000,3000,3000,3000,3000,3000,3000,3000,3000,3000,3000,3000,3000,3000,3000,3000,3000,3000,3000,3000,3000,3000,3000,3000,3000,3000,3000,3000,3000,3000,3000,3000,3000,3000,3000,3000,3000,3000,3000,3000,3000,3000,3000,3000,3000,3000,3000,3000,3000,3000,3000,3000,3000,3000,3000,3000,3000,3000,3000,3000,3000,3000,3000,3000,3000,3000,3000,3000,3000,3000,3000,3000,3000,3000,3000,3000,3000,3000,3000,3000
3000,3000,3000,3000,3000,3000,3000,3000,3000,3000,3000,3000,3000,3000,3000,3000,3000,3000,3000,3000,3000,3000,3000,3000,3000,3000,3000,3000,3000,3000,3000,3000,3000,3000,3000,3000,3000,3000,3000,3000,3000,3000,3000,3000,3000,3000,3000,3000,3000,3000,3000,3000,3000,3000,3000,3000,3000,3000,3000,3000,3000,3000,3000,3000,3000,3000,3000,3000,3000,3000,3000,3000,3000,3000,3000,3000,3000,3000,3000,3000,3000,3000,3000,3000,3000,3000,3000,3000,3000,3000,3000,3000,3000,3000,3000,3000,3000,3000,3000,3000,3000,3000,3000,3000,3000,3000,3000,3000,3000,3000,3000,3000,3000,3000,3000,3000,3000,3000,3000,3000,3000,3000,3000,3000,3000,3000,3000,3000,3000,3000,3000,3000,3000,3000,3000,3000,3000,3000,3000,3000,3000,3000,3000,3000,3000,3000,3000,3000,3000,3000,3000,3000,3000,3000,3000,3000,3000,3000,3000,3000
3000,3000,3000,3000,3000,3000,3000,3000,3000,3000,3000,3000,3000,3000,3000,3000,3000,3000,3000,3000,3000,3000,3000,3000,3000,3000,3000,3000,3000,3000,3000,3000,3000,3000,3000,3000,3000,3000,3000,3000,3000,3000,3000,3000,3000,3000,3000,3000,3000,3000,3000,3000,3000,3000,3000,3000,3000,3000,3000,3000,3000,3000,3000,3000,3000,3000,3000,3000,3000,3000,3000,3000,3000,3000,3000,3000,3000,3000,3000,3000,3000,3000,3000,3000,3000,3000,3000,3000,3000,3000,3000,3000,3000,3000,3000,3000,3000,3000,3000,3000,3000,3000,3000,3000,3000,3000,3000,3000,3000,3000,3000,3000,3000,3000,3000,3000,3000,3000,3000,3000,3000,3000,3000,3000,3000,3000,3000,3000,3000,3000,3000,3000,3000,3000,3000,3000,3000,3000,3000,3000,3000,3000,3000,3000,3000,3000,3000,3000,3000,3000,3000,3000,3000,3000,3000,3000,3000,3000,3000,3000
3000,3000,3000,3000,3000,3000,3000,3000,3000,3000,3000,3000,3000,3000,3000,3000,3000,3000,3000,3000,3000,3000,3000,3000,3000,3000,3000,3000,3000,3000,3000,3000,3000,3000,3000,3000,3000,3000,3000,3000,3000,3000,3000,3000,3000,3000,3000,3000,3000,3000,3000,3000,3000,3000,3000,3000,3000,3000,3000,3000,3000,3000,3000,3000,3000,3000,3000,3000,3000,3000,3000,3000,3000,3000,3000,3000,3000,3000,3000,3000,3000,3000,3000,3000,3000,3000,3000,3000,3000,3000,3000,3000,3000,3000,3000,3000,3000,3000,3000,3000,3000,3000,3000,3000,3000,3000,3000,3000,3000,3000,3000,3000,3000,3000,3000,3000,3000,3000,3000,3000,3000,3000,3000,3000,3000,3000,3000,3000,3000,3000,3000,3000,3000,3000,3000,3000,3000,3000,3000,3000,3000,3000,3000,3000,3000,3000,3000,3000,3000,3000,3000,3000,3000,3000,3000,3000,3000,3000,3000,3000
3000,3000,3000,3000,3000,3000,3000,3000,3000,3000,3000,3000,3000,3000,3000,3000,3000,3000,3000,3000,3000,3000,3000,3000,3000,3000,3000,3000,3000,3000,3000,3000,3000,3000,3000,3000,3000,3000,3000,3000,3000,3000,3000,3000,3000,3000,3000,3000,3000,3000,3000,3000,3000,3000,3000,3000,3000,3000,3000,3000,3000,3000,3000,3000,3000,3000,3000,3000,3000,3000,3000,3000,3000,3000,3000,3000,3000,3000,3000,3000,3000,3000,3000,3000,3000,3000,3000,3000,3000,3000,3000,3000,3000,3000,3000,3000,3000,3000,3000,3000,3000,3000,3000,3000,3000,3000,3000,3000,3000,3000,3000,3000,3000,3000,3000,3000,3000,3000,3000,3000,3000,3000,3000,3000,3000,3000,3000,3000,3000,3000,3000,3000,3000,3000,3000,3000,3000,3000,3000,3000,3000,3000,3000,3000,3000,3000,3000,3000,3000,3000,3000,3000,3000,3000,3000,3000,3000,3000,3000,3000
3000,3000,3000,3000,3000,3000,3000,3000,3000,3000,3000,3000,3000,3000,3000,3000,3000,3000,3000,3000,3000,3000,3000,3000,3000,3000,3000,3000,3000,3000,3000,3000,3000,3000,3000,3000,3000,3000,3000,3000,3000,3000,3000,3000,3000,3000,3000,3000,3000,3000,3000,3000,3000,3000,3000,3000,3000,3000,3000,3000,3000,3000,3000,3000,3000,3000,3000,3000,3000,3000,3000,3000,3000,3000,3000,3000,3000,3000,3000,3000,3000,3000,3000,3000,3000,3000,3000,3000,3000,3000,3000,3000,3000,3000,3000,3000,3000,3000,3000,3000,3000,3000,3000,3000,3000,3000,3000,3000,3000,3000,3000,3000,3000,3000,3000,3000,3000,3000,3000,3000,3000,3000,3000,3000,3000,3000,3000,3000,3000,3000,3000,3000,3000,3000,3000,3000,3000,3000,3000,3000,3000,3000,3000,3000,3000,3000,3000,3000,3000,3000,3000,3000,3000,3000,3000,3000,3000,3000,3000,3000
3000,3000,3000,3000,3000,3000,3000,3000,3000,3000,3000,3000,3000,3000,3000,3000,3000,3000,3000,3000,3000,3000,3000,3000,3000,3000,3000,3000,3000,3000,3000,3000,3000,3000,3000,3000,3000,3000,3000,3000,3000,3000,3000,3000,3000,3000,3000,3000,3000,3000,3000,3000,3000,3000,3000,3000,3000,3000,3000,3000,3000,3000,3000,3000,3000,3000,3000,3000,3000,3000,3000,3000,3000,3000,3000,3000,3000,3000,3000,3000,3000,3000,3000,3000,3000,3000,3000,3000,3000,3000,3000,3000,3000,3000,3000,3000,3000,3000,3000,3000,3000,3000,3000,3000,3000,3000,3000,3000,3000,3000,3000,3000,3000,3000,3000,3000,3000,3000,3000,3000,3000,3000,3000,3000,3000,3000,3000,3000,3000,3000,3000,3000,3000,3000,3000,3000,3000,3000,3000,3000,3000,3000,3000,3000,3000,3000,3000,3000,3000,3000,3000,3000,3000,3000,3000,3000,3000,3000,3000,3000
3000,3000,3000,3000,3000,3000,3000,3000,3000,3000,3000,3000,3000,3000,3000,3000,3000,3000,3000,3000,3000,3000,3000,3000,3000,3000,3000,3000,3000,3000,3000,3000,3000,3000,3000,3000,3000,3000,3000,3000,3000,3000,3000,3000,3000,3000,3000,3000,3000,3000,3000,3000,3000,3000,3000,3000,3000,3000,3000,3000,3000,3000,3000,3000,3000,3000,3000,3000,3000,3000,3000,3000,3000,3000,3000,3000,3000,3000,3000,3000,3000,3000,3000,3000,3000,3000,3000,3000,3000,3000,3000,3000,3000,3000,3000,3000,3000,3000,3000,3000,3000,3000,3000,3000,3000,3000,3000,3000,3000,3000,3000,3000,3000,3000,3000,3000,3000,3000,3000,3000,3000,3000,3000,3000,3000,3000,3000,3000,3000,3000,3000,3000,3000,3000,3000,3000,3000,3000,3000,3000,3000,3000,3000,3000,3000,3000,3000,3000,3000,3000,3000,3000,3000,3000,3000,3000,3000,3000,3000,3000
3000,3000,3000,3000,3000,3000,3000,3000,3000,3000,3000,3000,3000,3000,3000,3000,3000,3000,3000,3000,3000,3000,3000,3000,3000,3000,3000,3000,3000,3000,3000,3000,3000,3000,3000,3000,3000,3000,3000,3000,3000,3000,3000,3000,3000,3000,3000,3000,3000,3000,3000,3000,3000,3000,3000,3000,3000,3000,3000,3000,3000,3000,3000,3000,3000,3000,3000,3000,3000,3000,3000,3000,3000,3000,3000,3000,3000,3000,3000,3000,3000,3000,3000,3000,3000,3000,3000,3000,3000,3000,3000,3000,3000,3000,3000,3000,3000,3000,3000,3000,3000,3000,3000,3000,3000,3000,3000,3000,3000,3000,3000,3000,3000,3000,3000,3000,3000,3000,3000,3000,3000,3000,3000,3000,3000,3000,3000,3000,3000,3000,3000,3000,3000,3000,3000,3000,3000,3000,3000,3000,3000,3000,3000,3000,3000,3000,3000,3000,3000,3000,3000,3000,3000,3000,3000,3000,3000,3000,3000,3000
3000,3000,3000,3000,3000,3000,3000,3000,3000,3000,3000,3000,3000,3000,3000,3000,3000,3000,3000,3000,3000,3000,3000,3000,3000,3000,3000,3000,3000,3000,3000,3000,3000,3000,3000,3000,3000,3000,3000,3000,3000,3000,3000,3000,3000,3000,3000,3000,3000,3000,3000,3000,3000,3000,3000,3000,3000,3000,3000,3000,3000,3000,3000,3000,3000,3000,3000,3000,3000,3000,3000,3000,3000,3000,3000,3000,3000,3000,3000,3000,3000,3000,3000,3000,3000,3000,3000,3000,3000,3000,3000,3000,3000,3000,3000,3000,3000,3000,3000,3000,3000,3000,3000,3000,3000,3000,3000,3000,3000,3000,3000,3000,3000,3000,3000,3000,3000,3000,3000,3000,3000,3000,3000,3000,3000,3000,3000,3000,3000,3000,3000,3000,3000,3000,3000,3000,3000,3000,3000,3000,3000,3000,3000,3000,3000,3000,3000,3000,3000,3000,3000,3000,3000,3000,3000,3000,3000,3000,3000,3000
3000,3000,3000,3000,3000,3000,3000,3000,3000,3000,3000,3000,3000,3000,3000,3000,3000,3000,3000,3000,3000,3000,3000,3000,3000,3000,3000,3000,3000,3000,3000,3000,3000,3000,3000,3000,3000,3000,3000,3000,3000,3000,3000,3000,3000,3000,3000,3000,3000,3000,3000,3000,3000,3000,3000,3000,3000,3000,3000,3000,3000,3000,3000,3000,3000,3000,3000,3000,3000,3000,3000,3000,3000,3000,3000,3000,3000,3000,3000,3000,3000,3000,3000,3000,3000,3000,3000,3000,3000,3000,3000,3000,3000,3000,3000,3000,3000,3000,3000,3000,3000,3000,3000,3000,3000,3000,3000,3000,3000,3000,3000,3000,3000,3000,3000,3000,3000,3000,3000,3000,3000,3000,3000,3000,3000,3000,3000,3000,3000,3000,3000,3000,3000,3000,3000,3000,3000,3000,3000,3000,3000,3000,3000,3000,3000,3000,3000,3000,3000,3000,3000,3000,3000,3000,3000,3000,3000,3000,3000,3000
3000,3000,3000,3000,3000,3000,3000,3000,3000,3000,3000,3000,3000,3000,3000,3000,3000,3000,3000,3000,3000,3000,3000,3000,3000,3000,3000,3000,3000,3000,3000,3000,3000,3000,3000,3000,3000,3000,3000,3000,3000,3000,3000,3000,3000,3000,3000,3000,3000,3000,3000,3000,3000,3000,3000,3000,3000,3000,3000,3000,3000,3000,3000,3000,3000,3000,3000,3000,3000,3000,3000,3000,3000,3000,3000,3000,3000,3000,3000,3000,3000,3000,3000,3000,3000,3000,3000,3000,3000,3000,3000,3000,3000,3000,3000,3000,3000,3000,3000,3000,3000,3000,3000,3000,3000,3000,3000,3000,3000,3000,3000,3000,3000,3000,3000,3000,3000,3000,3000,3000,3000,3000,3000,3000,3000,3000,3000,3000,3000,3000,3000,3000,3000,3000,3000,3000,3000,3000,3000,3000,3000,3000,3000,3000,3000,3000,3000,3000,3000,3000,3000,3000,3000,3000,3000,3000,3000,3000,3000,3000
3000,3000,3000,3000,3000,3000,3000,3000,3000,3000,3000,3000,3000,3000,3000,3000,3000,3000,3000,3000,3000,3000,3000,3000,3000,3000,3000,3000,3000,3000,3000,3000,3000,3000,3000,3000,3000,3000,3000,3000,3000,3000,3000,3000,3000,3000,3000,3000,3000,3000,3000,3000,3000,3000,3000,3000,3000,3000,3000,3000,3000,3000,3000,3000,3000,3000,3000,3000,3000,3000,3000,3000,3000,3000,3000,3000,3000,3000,3000,3000,3000,3000,3000,3000,3000,3000,3000,3000,3000,3000,3000,3000,3000,3000,3000,3000,3000,3000,3000,3000,3000,3000,3000,3000,3000,3000,3000,3000,3000,3000,3000,3000,3000,3000,3000,3000,3000,3000,3000,3000,3000,3000,3000,3000,3000,3000,3000,3000,3000,3000,3000,3000,3000,3000,3000,3000,3000,3000,3000,3000,3000,3000,3000,3000,3000,3000,3000,3000,3000,3000,3000,3000,3000,3000,3000,3000,3000,3000,3000,3000
3000,3000,3000,3000,3000,3000,3000,3000,3000,3000,3000,3000,3000,3000,3000,3000,3000,3000,3000,3000,3000,3000,3000,3000,3000,3000,3000,3000,3000,3000,3000,3000,3000,3000,3000,3000,3000,3000,3000,3000,3000,3000,3000,3000,3000,3000,3000,3000,3000,3000,3000,3000,3000,3000,3000,3000,3000,3000,3000,3000,3000,3000,3000,3000,3000,3000,3000,3000,3000,3000,3000,3000,3000,3000,3000,3000,3000,3000,3000,3000,3000,3000,3000,3000,3000,3000,3000,3000,3000,3000,3000,3000,3000,3000,3000,3000,3000,3000,3000,3000,3000,3000,3000,3000,3000,3000,3000,3000,3000,3000,3000,3000,3000,3000,3000,3000,3000,3000,3000,3000,3000,3000,3000,3000,3000,3000,3000,3000,3000,3000,3000,3000,3000,3000,3000,3000,3000,3000,3000,3000,3000,3000,3000,3000,3000,3000,3000,3000,3000,3000,3000,3000,3000,3000,3000,3000,3000,3000,3000,3000
3000,3000,3000,3000,3000,3000,3000,3000,3000,3000,3000,3000,3000,3000,3000,3000,3000,3000,3000,3000,3000,3000,3000,3000,3000,3000,3000,3000,3000,3000,3000,3000,3000,3000,3000,3000,3000,3000,3000,3000,3000,3000,3000,3000,3000,3000,3000,3000,3000,3000,3000,3000,3000,3000,3000,3000,3000,3000,3000,3000,3000,3000,3000,3000,3000,3000,3000,3000,3000,3000,3000,3000,3000,3000,3000,3000,3000,3000,3000,3000,3000,3000,3000,3000,3000,3000,3000,3000,3000,3000,3000,3000,3000,3000,3000,3000,3000,3000,3000,3000,3000,3000,3000,3000,3000,3000,3000,3000,3000,3000,3000,3000,3000,3000,3000,3000,3000,3000,3000,3000,3000,3000,3000,3000,3000,3000,3000,3000,3000,3000,3000,3000,3000,3000,3000,3000,3000,3000,3000,3000,3000,3000,3000,3000,3000,3000,3000,3000,3000,3000,3000,3000,3000,3000,3000,3000,3000,3000,3000,3000
3000,3000,3000,3000,3000,3000,3000,3000,3000,3000,3000,3000,3000,3000,3000,3000,3000,3000,3000,3000,3000,3000,3000,3000,3000,3000,3000,3000,3000,3000,3000,3000,3000,3000,3000,3000,3000,3000,3000,3000,3000,3000,3000,3000,3000,3000,3000,3000,3000,3000,3000,3000,3000,3000,3000,3000,3000,3000,3000,3000,3000,3000,3000,3000,3000,3000,3000,3000,3000,3000,3000,3000,3000,3000,3000,3000,3000,3000,3000,3000,3000,3000,3000,3000,3000,3000,3000,3000,3000,3000,3000,3000,3000,3000,3000,3000,3000,3000,3000,3000,3000,3000,3000,3000,3000,3000,3000,3000,3000,3000,3000,3000,3000,3000,3000,3000,3000,3000,3000,3000,3000,3000,3000,3000,3000,3000,3000,3000,3000,3000,3000,3000,3000,3000,3000,3000,3000,3000,3000,3000,3000,3000,3000,3000,3000,3000,3000,3000,3000,3000,3000,3000,3000,3000,3000,3000,3000,3000,3000,3000
3000,3000,3000,3000,3000,3000,3000,3000,3000,3000,3000,3000,3000,3000,3000,3000,3000,3000,3000,3000,3000,3000,3000,3000,3000,3000,3000,3000,3000,3000,3000,3000,3000,3000,3000,3000,3000,3000,3000,3000,3000,3000,3000,3000,3000,3000,3000,3000,3000,3000,3000,3000,3000,3000,3000,3000,3000,3000,3000,3000,3000,3000,3000,3000,3000,3000,3000,3000,3000,3000,3000,3000,3000,3000,3000,3000,3000,3000,3000,3000,3000,3000,3000,3000,3000,3000,3000,3000,3000,3000,3000,3000,3000,3000,3000,3000,3000,3000,3000,3000,3000,3000,3000,3000,3000,3000,3000,3000,3000,3000,3000,3000,3000,3000,3000,3000,3000,3000,3000,3000,3000,3000,3000,3000,3000,3000,3000,3000,3000,3000,3000,3000,3000,3000,3000,3000,3000,3000,3000,3000,3000,3000,3000,3000,3000,3000,3000,3000,3000,3000,3000,3000,3000,3000,3000,3000,3000,3000,3000,3000
3000,3000,3000,3000,3000,3000,3000,3000,3000,3000,3000,3000,3000,3000,3000,3000,3000,3000,3000,3000,3000,3000,3000,3000,3000,3000,3000,3000,3000,3000,3000,3000,3000,3000,3000,3000,3000,3000,3000,3000,3000,3000,3000,3000,3000,3000,3000,3000,3000,3000,3000,3000,3000,3000,3000,3000,3000,3000,3000,3000,3000,3000,3000,3000,3000,3000,3000,3000,3000,3000,3000,3000,3000,3000,3000,3000,3000,3000,3000,3000,3000,3000,3000,3000,3000,3000,3000,3000,3000,3000,3000,3000,3000,3000,3000,3000,3000,3000,3000,3000,3000,3000,3000,3000,3000,3000,3000,3000,3000,3000,3000,3000,3000,3000,3000,3000,3000,3000,3000,3000,3000,3000,3000,3000,3000,3000,3000,3000,3000,3000,3000,3000,3000,3000,3000,3000,3000,3000,3000,3000,3000,3000,3000,3000,3000,3000,3000,3000,3000,3000,3000,3000,3000,3000,3000,3000,3000,3000,3000,3000
3000,3000,3000,3000,3000,3000,3000,3000,3000,3000,3000,3000,3000,3000,3000,3000,3000,3000,3000,3000,3000,3000,3000,3000,3000,3000,3000,3000,3000,3000,3000,3000,3000,3000,3000,3000,3000,3000,3000,3000,3000,3000,3000,3000,3000,3000,3000,3000,3000,3000,3000,3000,3000,3000,3000,3000,3000,3000,3000,3000,3000,3000,3000,3000,3000,3000,3000,3000,3000,3000,3000,3000,3000,3000,3000,3000,3000,3000,3000,3000,3000,3000,3000,3000,3000,3000,3000,3000,3000,3000,3000,3000,3000,3000,3000,3000,3000,3000,3000,3000,3000,3000,3000,3000,3000,3000,3000,3000,3000,3000,3000,3000,3000,3000,3000,3000,3000,3000,3000,3000,3000,3000,3000,3000,3000,3000,3000,3000,3000,3000,3000,3000,3000,3000,3000,3000,3000,3000,3000,3000,3000,3000,3000,3000,3000,3000,3000,3000,3000,3000,3000,3000,3000,3000,3000,3000,3000,3000,3000,3000
3000,3000,3000,3000,3000,3000,3000,3000,3000,3000,3000,3000,3000,3000,3000,3000,3000,3000,3000,3000,3000,3000,3000,3000,3000,3000,3000,3000,3000,3000,3000,3000,3000,3000,3000,3000,3000,3000,3000,3000,3000,3000,3000,3000,3000,3000,3000,3000,3000,3000,3000,3000,3000,3000,3000,3000,3000,3000,3000,3000,3000,3000,3000,3000,3000,3000,3000,3000,3000,3000,3000,3000,3000,3000,3000,3000,3000,3000,3000,3000,3000,3000,3000,3000,3000,3000,3000,3000,3000,3000,3000,3000,3000,3000,3000,3000,3000,3000,3000,3000,3000,3000,3000,3000,3000,3000,3000,3000,3000,3000,3000,3000,3000,3000,3000,3000,3000,3000,3000,3000,3000,3000,3000,3000,3000,3000,3000,3000,3000,3000,3000,3000,3000,3000,3000,3000,3000,3000,3000,3000,3000,3000,3000,3000,3000,3000,3000,3000,3000,3000,3000,3000,3000,3000,3000,3000,3000,3000,3000,3000
3000,3000,3000,3000,3000,3000,3000,3000,3000,3000,3000,3000,3000,3000,3000,3000,3000,3000,3000,3000,3000,3000,3000,3000,3000,3000,3000,3000,3000,3000,3000,3000,3000,3000,3000,3000,3000,3000,3000,3000,3000,3000,3000,3000,3000,3000,3000,3000,3000,3000,3000,3000,3000,3000,3000,3000,3000,3000,3000,3000,3000,3000,3000,3000,3000,3000,3000,3000,3000,3000,3000,3000,3000,3000,3000,3000,3000,3000,3000,3000,3000,3000,3000,3000,3000,3000,3000,3000,3000,3000,3000,3000,3000,3000,3000,3000,3000,3000,3000,3000,3000,3000,3000,3000,3000,3000,3000,3000,3000,3000,3000,3000,3000,3000,3000,3000,3000,3000,3000,3000,3000,3000,3000,3000,3000,3000,3000,3000,3000,3000,3000,3000,3000,3000,3000,3000,3000,3000,3000,3000,3000,3000,3000,3000,3000,3000,3000,3000,3000,3000,3000,3000,3000,3000,3000,3000,3000,3000,3000,3000
3000,3000,3000,3000,3000,3000,3000,3000,3000,3000,3000,3000,3000,3000,3000,3000,3000,3000,3000,3000,3000,3000,3000,3000,3000,3000,3000,3000,3000,3000,3000,3000,3000,3000,3000,3000,3000,3000,3000,3000,3000,3000,3000,3000,3000,3000,3000,3000,3000,3000,3000,3000,3000,3000,3000,3000,3000,3000,3000,3000,3000,3000,3000,3000,3000,3000,3000,3000,3000,3000,3000,3000,3000,3000,3000,3000,3000,3000,3000,3000,3000,3000,3000,3000,3000,3000,3000,3000,3000,3000,3000,3000,3000,3000,3000,3000,3000,3000,3000,3000,3000,3000,3000,3000,3000,3000,3000,3000,3000,3000,3000,3000,3000,3000,3000,3000,3000,3000,3000,3000,3000,3000,3000,3000,3000,3000,3000,3000,3000,3000,3000,3000,3000,3000,3000,3000,3000,3000,3000,3000,3000,3000,3000,3000,3000,3000,3000,3000,3000,3000,3000,3000,3000,3000,3000,3000,3000,3000,3000,3000
3000,3000,3000,3000,3000,3000,3000,3000,3000,3000,3000,3000,3000,3000,3000,3000,3000,3000,3000,3000,3000,3000,3000,3000,3000,3000,3000,3000,3000,3000,3000,3000,3000,3000,3000,3000,3000,3000,3000,3000,3000,3000,3000,3000,3000,3000,3000,3000,3000,3000,3000,3000,3000,3000,3000,3000,3000,3000,3000,3000,3000,3000,3000,3000,3000,3000,3000,3000,3000,3000,3000,3000,3000,3000,3000,3000,3000,3000,3000,3000,3000,3000,3000,3000,3000,3000,3000,3000,3000,3000,3000,3000,3000,3000,3000,3000,3000,3000,3000,3000,3000,3000,3000,3000,3000,3000,3000,3000,3000,3000,3000,3000,3000,3000,3000,3000,3000,3000,3000,3000,3000,3000,3000,3000,3000,3000,3000,3000,3000,3000,3000,3000,3000,3000,3000,3000,3000,3000,3000,3000,3000,3000,3000,3000,3000,3000,3000,3000,3000,3000,3000,3000,3000,3000,3000,3000,3000,3000,3000,3000
3000,3000,3000,3000,3000,3000,3000,3000,3000,3000,3000,3000,3000,3000,3000,3000,3000,3000,3000,3000,3000,3000,3000,3000,3000,3000,3000,3000,3000,3000,3000,3000,3000,3000,3000,3000,3000,3000,3000,3000,3000,3000,3000,3000,3000,3000,3000,3000,3000,3000,3000,3000,3000,3000,3000,3000,3000,3000,3000,3000,3000,3000,3000,3000,3000,3000,3000,3000,3000,3000,3000,3000,3000,3000,3000,3000,3000,3000,3000,3000,3000,3000,3000,3000,3000,3000,3000,3000,3000,3000,3000,3000,3000,3000,3000,3000,3000,3000,3000,3000,3000,3000,3000,3000,3000,3000,3000,3000,3000,3000,3000,3000,3000,3000,3000,3000,3000,3000,3000,3000,3000,3000,3000,3000,3000,3000,3000,3000,3000,3000,3000,3000,3000,3000,3000,3000,3000,3000,3000,3000,3000,3000,3000,3000,3000,3000,3000,3000,3000,3000,3000,3000,3000,3000,3000,3000,3000,3000,3000,3000
3000,3000,3000,3000,3000,3000,3000,3000,3000,3000,3000,3000,3000,3000,3000,3000,3000,3000,3000,3000,3000,3000,3000,3000,3000,3000,3000,3000,3000,3000,3000,3000,3000,3000,3000,3000,3000,3000,3000,3000,3000,3000,3000,3000,3000,3000,3000,3000,3000,3000,3000,3000,3000,3000,3000,3000,3000,3000,3000,3000,3000,3000,3000,3000,3000,3000,3000,3000,3000,3000,3000,3000,3000,3000,3000,3000,3000,3000,3000,3000,3000,3000,3000,3000,3000,3000,3000,3000,3000,3000,3000,3000,3000,3000,3000,3000,3000,3000,3000,3000,3000,3000,3000,3000,3000,3000,3000,3000,3000,3000,3000,3000,3000,3000,3000,3000,3000,3000,3000,3000,3000,3000,3000,3000,3000,3000,3000,3000,3000,3000,3000,3000,3000,3000,3000,3000,3000,3000,3000,3000,3000,3000,3000,3000,3000,3000,3000,3000,3000,3000,3000,3000,3000,3000,3000,3000,3000,3000,3000,3000
3000,3000,3000,3000,3000,3000,3000,3000,3000,3000,3000,3000,3000,3000,3000,3000,3000,3000,3000,3000,3000,3000,3000,3000,3000,3000,3000,3000,3000,3000,3000,3000,3000,3000,3000,3000,3000,3000,3000,3000,3000,3000,3000,3000,3000,3000,3000,3000,3000,3000,3000,3000,3000,3000,3000,3000,3000,3000,3000,3000,3000,3000,3000,3000,3000,3000,3000,3000,3000,3000,3000,3000,3000,3000,3000,3000,3000,3000,3000,3000,3000,3000,3000,3000,3000,3000,3000,3000,3000,3000,3000,3000,3000,3000,3000,3000,3000,3000,3000,3000,3000,3000,3000,3000,3000,3000,3000,3000,3000,3000,3000,3000,3000,3000,3000,3000,3000,3000,3000,3000,3000,3000,3000,3000,3000,3000,3000,3000,3000,3000,3000,3000,3000,3000,3000,3000,3000,3000,3000,3000,3000,3000,3000,3000,3000,3000,3000,3000,3000,3000,3000,3000,3000,3000,3000,3000,3000,3000,3000,3000
3000,3000,3000,3000,3000,3000,3000,3000,3000,3000,3000,3000,3000,3000,3000,3000,3000,3000,3000,3000,3000,3000,3000,3000,3000,3000,3000,3000,3000,3000,3000,3000,3000,3000,3000,3000,3000,3000,3000,3000,3000,3000,3000,3000,3000,3000,3000,3000,3000,3000,3000,3000,3000,3000,3000,3000,3000,3000,3000,3000,3000,3000,3000,3000,3000,3000,3000,3000,3000,3000,3000,3000,3000,3000,3000,3000,3000,3000,3000,3000,3000,3000,3000,3000,3000,3000,3000,3000,3000,3000,3000,3000,3000,3000,3000,3000,3000,3000,3000,3000,3000,3000,3000,3000,3000,3000,3000,3000,3000,3000,3000,3000,3000,3000,3000,3000,3000,3000,3000,3000,3000,3000,3000,3000,3000,3000,3000,3000,3000,3000,3000,3000,3000,3000,3000,3000,3000,3000,3000,3000,3000,3000,3000,3000,3000,3000,3000,3000,3000,3000,3000,3000,3000,3000,3000,3000,3000,3000,3000,3000
3000,3000,3000,3000,3000,3000,3000,3000,3000,3000,3000,3000,3000,3000,3000,3000,3000,3000,3000,3000,3000,3000,3000,3000,3000,3000,3000,3000,3000,3000,3000,3000,3000,3000,3000,3000,3000,3000,3000,3000,3000,3000,3000,3000,3000,3000,3000,3000,3000,3000,3000,3000,3000,3000,3000,3000,3000,3000,3000,3000,3000,3000,3000,3000,3000,3000,3000,3000,3000,3000,3000,3000,3000,3000,3000,3000,3000,3000,3000,3000,3000,3000,3000,3000,3000,3000,3000,3000,3000,3000,3000,3000,3000,3000,3000,3000,3000,3000,3000,3000,3000,3000,3000,3000,3000,3000,3000,3000,3000,3000,3000,3000,3000,3000,3000,3000,3000,3000,3000,3000,3000,3000,3000,3000,3000,3000,3000,3000,3000,3000,3000,3000,3000,3000,3000,3000,3000,3000,3000,3000,3000,3000,3000,3000,3000,3000,3000,3000,3000,3000,3000,3000,3000,3000,3000,3000,3000,3000,3000,3000
3000,3000,3000,3000,3000,3000,3000,3000,3000,3000,3000,3000,3000,3000,3000,3000,3000,3000,3000,3000,3000,3000,3000,3000,3000,3000,3000,3000,3000,3000,3000,3000,3000,3000,3000,3000,3000,3000,3000,3000,3000,3000,3000,3000,3000,3000,3000,3000,3000,3000,3000,3000,3000,3000,3000,3000,3000,3000,3000,3000,3000,3000,3000,3000,3000,3000,3000,3000,3000,3000,3000,3000,3000,3000,3000,3000,3000,3000,3000,3000,3000,3000,3000,3000,3000,3000,3000,3000,3000,3000,3000,3000,3000,3000,3000,3000,3000,3000,3000,3000,3000,3000,3000,3000,3000,3000,3000,3000,3000,3000,3000,3000,3000,3000,3000,3000,3000,3000,3000,3000,3000,3000,3000,3000,3000,3000,3000,3000,3000,3000,3000,3000,3000,3000,3000,3000,3000,3000,3000,3000,3000,3000,3000,3000,3000,3000,3000,3000,3000,3000,3000,3000,3000,3000,3000,3000,3000,3000,3000,3000
3000,3000,3000,3000,3000,3000,3000,3000,3000,3000,3000,3000,3000,3000,3000,3000,3000,3000,3000,3000,3000,3000,3000,3000,3000,3000,3000,3000,3000,3000,3000,3000,3000,3000,3000,3000,3000,3000,3000,3000,3000,3000,3000,3000,3000,3000,3000,3000,3000,3000,3000,3000,3000,3000,3000,3000,3000,3000,3000,3000,3000,3000,3000,3000,3000,3000,3000,3000,3000,3000,3000,3000,3000,3000,3000,3000,3000,3000,3000,3000,3000,3000,3000,3000,3000,3000,3000,3000,3000,3000,3000,3000,3000,3000,3000,3000,3000,3000,3000,3000,3000,3000,3000,3000,3000,3000,3000,3000,3000,3000,3000,3000,3000,3000,3000,3000,3000,3000,3000,3000,3000,3000,3000,3000,3000,3000,3000,3000,3000,3000,3000,3000,3000,3000,3000,3000,3000,3000,3000,3000,3000,3000,3000,3000,3000,3000,3000,3000,3000,3000,3000,3000,3000,3000,3000,3000,3000,3000,3000,3000
3000,3000,3000,3000,3000,3000,3000,3000,3000,3000,3000,3000,3000,3000,3000,3000,3000,3000,3000,3000,3000,3000,3000,3000,3000,3000,3000,3000,3000,3000,3000,3000,3000,3000,3000,3000,3000,3000,3000,3000,3000,3000,3000,3000,3000,3000,3000,3000,3000,3000,3000,3000,3000,3000,3000,3000,3000,3000,3000,3000,3000,3000,3000,3000,3000,3000,3000,3000,3000,3000,3000,3000,3000,3000,3000,3000,3000,3000,3000,3000,3000,3000,3000,3000,3000,3000,3000,3000,3000,3000,3000,3000,3000,3000,3000,3000,3000,3000,3000,3000,3000,3000,3000,3000,3000,3000,3000,3000,3000,3000,3000,3000,3000,3000,3000,3000,3000,3000,3000,3000,3000,3000,3000,3000,3000,3000,3000,3000,3000,3000,3000,3000,3000,3000,3000,3000,3000,3000,3000,3000,3000,3000,3000,3000,3000,3000,3000,3000,3000,3000,3000,3000,3000,3000,3000,3000,3000,3000,3000,3000
3000,3000,3000,3000,3000,3000,3000,3000,3000,3000,3000,3000,3000,3000,3000,3000,3000,3000,3000,3000,3000,3000,3000,3000,3000,3000,3000,3000,3000,3000,3000,3000,3000,3000,3000,3000,3000,3000,3000,3000,3000,3000,3000,3000,3000,3000,3000,3000,3000,3000,3000,3000,3000,3000,3000,3000,3000,3000,3000,3000,3000,3000,3000,3000,3000,3000,3000,3000,3000,3000,3000,3000,3000,3000,3000,3000,3000,3000,3000,3000,3000,3000,3000,3000,3000,3000,3000,3000,3000,3000,3000,3000,3000,3000,3000,3000,3000,3000,3000,3000,3000,3000,3000,3000,3000,3000,3000,3000,3000,3000,3000,3000,3000,3000,3000,3000,3000,3000,3000,3000,3000,3000,3000,3000,3000,3000,3000,3000,3000,3000,3000,3000,3000,3000,3000,3000,3000,3000,3000,3000,3000,3000,3000,3000,3000,3000,3000,3000,3000,3000,3000,3000,3000,3000,3000,3000,3000,3000,3000,3000
3000,3000,3000,3000,3000,3000,3000,3000,3000,3000,3000,3000,3000,3000,3000,3000,3000,3000,3000,3000,3000,3000,3000,3000,3000,3000,3000,3000,3000,3000,3000,3000,3000,3000,3000,3000,3000,3000,3000,3000,3000,3000,3000,3000,3000,3000,3000,3000,3000,3000,3000,3000,3000,3000,3000,3000,3000,3000,3000,3000,3000,3000,3000,3000,3000,3000,3000,3000,3000,3000,3000,3000,3000,3000,3000,3000,3000,3000,3000,3000,3000,3000,3000,3000,3000,3000,3000,3000,3000,3000,3000,3000,3000,3000,3000,3000,3000,3000,3000,3000,3000,3000,3000,3000,3000,3000,3000,3000,3000,3000,3000,3000,3000,3000,3000,3000,3000,3000,3000,3000,3000,3000,3000,3000,3000,3000,3000,3000,3000,3000,3000,3000,3000,3000,3000,3000,3000,3000,3000,3000,3000,3000,3000,3000,3000,3000,3000,3000,3000,3000,3000,3000,3000,3000,3000,3000,3000,3000,3000,3000
3000,3000,3000,3000,3000,3000,3000,3000,3000,3000,3000,3000,3000,3000,3000,3000,3000,3000,3000,3000,3000,3000,3000,3000,3000,3000,3000,3000,3000,3000,3000,3000,3000,3000,3000,3000,3000,3000,3000,3000,3000,3000,3000,3000,3000,3000,3000,3000,3000,3000,3000,3000,3000,3000,3000,3000,3000,3000,3000,3000,3000,3000,3000,3000,3000,3000,3000,3000,3000,3000,3000,3000,3000,3000,3000,3000,3000,3000,3000,3000,3000,3000,3000,3000,3000,3000,3000,3000,3000,3000,3000,3000,3000,3000,3000,3000,3000,3000,3000,3000,3000,3000,3000,3000,3000,3000,3000,3000,3000,3000,3000,3000,3000,3000,3000,3000,3000,3000,3000,3000,3000,3000,3000,3000,3000,3000,3000,3000,3000,3000,3000,3000,3000,3000,3000,3000,3000,3000,3000,3000,3000,3000,3000,3000,3000,3000,3000,3000,3000,3000,3000,3000,3000,3000,3000,3000,3000,3000,3000,3000
3000,3000,3000,3000,3000,3000,3000,3000,3000,3000,3000,3000,3000,3000,3000,3000,3000,3000,3000,3000,3000,3000,3000,3000,3000,3000,3000,3000,3000,3000,3000,3000,3000,3000,3000,3000,3000,3000,3000,3000,3000,3000,3000,3000,3000,3000,3000,3000,3000,3000,3000,3000,3000,3000,3000,3000,3000,3000,3000,3000,3000,3000,3000,3000,3000,3000,3000,3000,3000,3000,3000,3000,3000,3000,3000,3000,3000,3000,3000,3000,3000,3000,3000,3000,3000,3000,3000,3000,3000,3000,3000,3000,3000,3000,3000,3000,3000,3000,3000,3000,3000,3000,3000,3000,3000,3000,3000,3000,3000,3000,3000,3000,3000,3000,3000,3000,3000,3000,3000,3000,3000,3000,3000,3000,3000,3000,3000,3000,3000,3000,3000,3000,3000,3000,3000,3000,3000,3000,3000,3000,3000,3000,3000,3000,3000,3000,3000,3000,3000,3000,3000,3000,3000,3000,3000,3000,3000,3000,3000,3000
3000,3000,3000,3000,3000,3000,3000,3000,3000,3000,3000,3000,3000,3000,3000,3000,3000,3000,3000,3000,3000,3000,3000,3000,3000,3000,3000,3000,3000,3000,3000,3000,3000,3000,3000,3000,3000,3000,3000,3000,3000,3000,3000,3000,3000,3000,3000,3000,3000,3000,3000,3000,3000,3000,3000,3000,3000,3000,3000,3000,3000,3000,3000,3000,3000,3000,3000,3000,3000,3000,3000,3000,3000,3000,3000,3000,3000,3000,3000,3000,3000,3000,3000,3000,3000,3000,3000,3000,3000,3000,3000,3000,3000,3000,3000,3000,3000,3000,3000,3000,3000,3000,3000,3000,3000,3000,3000,3000,3000,3000,3000,3000,3000,3000,3000,3000,3000,3000,3000,3000,3000,3000,3000,3000,3000,3000,3000,3000,3000,3000,3000,3000,3000,3000,3000,3000,3000,3000,3000,3000,3000,3000,3000,3000,3000,3000,3000,3000,3000,3000,3000,3000,3000,3000,3000,3000,3000,3000,3000,3000
3000,3000,3000,3000,3000,3000,3000,3000,3000,3000,3000,3000,3000,3000,3000,3000,3000,3000,3000,3000,3000,3000,3000,3000,3000,3000,3000,3000,3000,3000,3000,3000,3000,3000,3000,3000,3000,3000,3000,3000,3000,3000,3000,3000,3000,3000,3000,3000,3000,3000,3000,3000,3000,3000,3000,3000,3000,3000,3000,3000,3000,3000,3000,3000,3000,3000,3000,3000,3000,3000,3000,3000,3000,3000,3000,3000,3000,3000,3000,3000,3000,3000,3000,3000,3000,3000,3000,3000,3000,3000,3000,3000,3000,3000,3000,3000,3000,3000,3000,3000,3000,3000,3000,3000,3000,3000,3000,3000,3000,3000,3000,3000,3000,3000,3000,3000,3000,3000,3000,3000,3000,3000,3000,3000,3000,3000,3000,3000,3000,3000,3000,3000,3000,3000,3000,3000,3000,3000,3000,3000,3000,3000,3000,3000,3000,3000,3000,3000,3000,3000,3000,3000,3000,3000,3000,3000,3000,3000,3000,3000
3000,3000,3000,3000,3000,3000,3000,3000,3000,3000,3000,3000,3000,3000,3000,3000,3000,3000,3000,3000,3000,3000,3000,3000,3000,3000,3000,3000,3000,3000,3000,3000,3000,3000,3000,3000,3000,3000,3000,3000,3000,3000,3000,3000,3000,3000,3000,3000,3000,3000,3000,3000,3000,3000,3000,3000,3000,3000,3000,3000,3000,3000,3000,3000,3000,3000,3000,3000,3000,3000,3000,3000,3000,3000,3000,3000,3000,3000,3000,3000,3000,3000,3000,3000,3000,3000,3000,3000,3000,3000,3000,3000,3000,3000,3000,3000,3000,3000,3000,3000,3000,3000,3000,3000,3000,3000,3000,3000,3000,3000,3000,3000,3000,3000,3000,3000,3000,3000,3000,3000,3000,3000,3000,3000,3000,3000,3000,3000,3000,3000,3000,3000,3000,3000,3000,3000,3000,3000,3000,3000,3000,3000,3000,3000,3000,3000,3000,3000,3000,3000,3000,3000,3000,3000,3000,3000,3000,3000,3000,3000
3000,3000,3000,3000,3000,3000,3000,3000,3000,3000,3000,3000,3000,3000,3000,3000,3000,3000,3000,3000,3000,3000,3000,3000,3000,3000,3000,3000,3000,3000,3000,3000,3000,3000,3000,3000,3000,3000,3000,3000,3000,3000,3000,3000,3000,3000,3000,3000,3000,3000,3000,3000,3000,3000,3000,3000,3000,3000,3000,3000,3000,3000,3000,3000,3000,3000,3000,3000,3000,3000,3000,3000,3000,3000,3000,3000,3000,3000,3000,3000,3000,3000,3000,3000,3000,3000,3000,3000,3000,3000,3000,3000,3000,3000,3000,3000,3000,3000,3000,3000,3000,3000,3000,3000,3000,3000,3000,3000,3000,3000,3000,3000,3000,3000,3000,3000,3000,3000,3000,3000,3000,3000,3000,3000,3000,3000,3000,3000,3000,3000,3000,3000,3000,3000,3000,3000,3000,3000,3000,3000,3000,3000,3000,3000,3000,3000,3000,3000,3000,3000,3000,3000,3000,3000,3000,3000,3000,3000,3000,3000
3000,3000,3000,3000,3000,3000,3000,3000,3000,3000,3000,3000,3000,3000,3000,3000,3000,3000,3000,3000,3000,3000,3000,3000,3000,3000,3000,3000,3000,3000,3000,3000,3000,3000,3000,3000,3000,3000,3000,3000,3000,3000,3000,3000,3000,3000,3000,3000,3000,3000,3000,3000,3000,3000,3000,3000,3000,3000,3000,3000,3000,3000,3000,3000,3000,3000,3000,3000,3000,3000,3000,3000,3000,3000,3000,3000,3000,3000,3000,3000,3000,3000,3000,3000,3000,3000,3000,3000,3000,3000,3000,3000,3000,3000,3000,3000,3000,3000,3000,3000,3000,3000,3000,3000,3000,3000,3000,3000,3000,3000,3000,3000,3000,3000,3000,3000,3000,3000,3000,3000,3000,3000,3000,3000,3000,3000,3000,3000,3000,3000,3000,3000,3000,3000,3000,3000,3000,3000,3000,3000,3000,3000,3000,3000,3000,3000,3000,3000,3000,3000,3000,3000,3000,3000,3000,3000,3000,3000,3000,3000
3000,3000,3000,3000,3000,3000,3000,3000,3000,3000,3000,3000,3000,3000,3000,3000,3000,3000,3000,3000,3000,3000,3000,3000,3000,3000,3000,3000,3000,3000,3000,3000,3000,3000,3000,3000,3000,3000,3000,3000,3000,3000,3000,3000,3000,3000,3000,3000,3000,3000,3000,3000,3000,3000,3000,3000,3000,3000,3000,3000,3000,3000,3000,3000,3000,3000,3000,3000,3000,3000,3000,3000,3000,3000,3000,3000,3000,3000,3000,3000,3000,3000,3000,3000,3000,3000,3000,3000,3000,3000,3000,3000,3000,3000,3000,3000,3000,3000,3000,3000,3000,3000,3000,3000,3000,3000,3000,3000,3000,3000,3000,3000,3000,3000,3000,3000,3000,3000,3000,3000,3000,3000,3000,3000,3000,3000,3000,3000,3000,3000,3000,3000,3000,3000,3000,3000,3000,3000,3000,3000,3000,3000,3000,3000,3000,3000,3000,3000,3000,3000,3000,3000,3000,3000,3000,3000,3000,3000,3000,3000
3000,3000,3000,3000,3000,3000,3000,3000,3000,3000,3000,3000,3000,3000,3000,3000,3000,3000,3000,3000,3000,3000,3000,3000,3000,3000,3000,3000,3000,3000,3000,3000,3000,3000,3000,3000,3000,3000,3000,3000,3000,3000,3000,3000,3000,3000,3000,3000,3000,3000,3000,3000,3000,3000,3000,3000,3000,3000,3000,3000,3000,3000,3000,3000,3000,3000,3000,3000,3000,3000,3000,3000,3000,3000,3000,3000,3000,3000,3000,3000,3000,3000,3000,3000,3000,3000,3000,3000,3000,3000,3000,3000,3000,3000,3000,3000,3000,3000,3000,3000,3000,3000,3000,3000,3000,3000,3000,3000,3000,3000,3000,3000,3000,3000,3000,3000,3000,3000,3000,3000,3000,3000,3000,3000,3000,3000,3000,3000,3000,3000,3000,3000,3000,3000,3000,3000,3000,3000,3000,3000,3000,3000,3000,3000,3000,3000,3000,3000,3000,3000,3000,3000,3000,3000,3000,3000,3000,3000,3000,3000
3000,3000,3000,3000,3000,3000,3000,3000,3000,3000,3000,3000,3000,3000,3000,3000,3000,3000,3000,3000,3000,3000,3000,3000,3000,3000,3000,3000,3000,3000,3000,3000,3000,3000,3000,3000,3000,3000,3000,3000,3000,3000,3000,3000,3000,3000,3000,3000,3000,3000,3000,3000,3000,3000,3000,3000,3000,3000,3000,3000,3000,3000,3000,3000,3000,3000,3000,3000,3000,3000,3000,3000,3000,3000,3000,3000,3000,3000,3000,3000,3000,3000,3000,3000,3000,3000,3000,3000,3000,3000,3000,3000,3000,3000,3000,3000,3000,3000,3000,3000,3000,3000,3000,3000,3000,3000,3000,3000,3000,3000,3000,3000,3000,3000,3000,3000,3000,3000,3000,3000,3000,3000,3000,3000,3000,3000,3000,3000,3000,3000,3000,3000,3000,3000,3000,3000,3000,3000,3000,3000,3000,3000,3000,3000,3000,3000,3000,3000,3000,3000,3000,3000,3000,3000,3000,3000,3000,3000,3000,3000
3000,3000,3000,3000,3000,3000,3000,3000,3000,3000,3000,3000,3000,3000,3000,3000,3000,3000,3000,3000,3000,3000,3000,3000,3000,3000,3000,3000,3000,3000,3000,3000,3000,3000,3000,3000,3000,3000,3000,3000,3000,3000,3000,3000,3000,3000,3000,3000,3000,3000,3000,3000,3000,3000,3000,3000,3000,3000,3000,3000,3000,3000,3000,3000,3000,3000,3000,3000,3000,3000,3000,3000,3000,3000,3000,3000,3000,3000,3000,3000,3000,3000,3000,3000,3000,3000,3000,3000,3000,3000,3000,3000,3000,3000,3000,3000,3000,3000,3000,3000,3000,3000,3000,3000,3000,3000,3000,3000,3000,3000,3000,3000,3000,3000,3000,3000,3000,3000,3000,3000,3000,3000,3000,3000,3000,3000,3000,3000,3000,3000,3000,3000,3000,3000,3000,3000,3000,3000,3000,3000,3000,3000,3000,3000,3000,3000,3000,3000,3000,3000,3000,3000,3000,3000,3000,3000,3000,3000,3000,3000
3000,3000,3000,3000,3000,3000,3000,3000,3000,3000,3000,3000,3000,3000,3000,3000,3000,3000,3000,3000,3000,3000,3000,3000,3000,3000,3000,3000,3000,3000,3000,3000,3000,3000,3000,3000,3000,3000,3000,3000,3000,3000,3000,3000,3000,3000,3000,3000,3000,3000,3000,3000,3000,3000,3000,3000,3000,3000,3000,3000,3000,3000,3000,3000,3000,3000,3000,3000,3000,3000,3000,3000,3000,3000,3000,3000,3000,3000,3000,3000,3000,3000,3000,3000,3000,3000,3000,3000,3000,3000,3000,3000,3000,3000,3000,3000,3000,3000,3000,3000,3000,3000,3000,3000,3000,3000,3000,3000,3000,3000,3000,3000,3000,3000,3000,3000,3000,3000,3000,3000,3000,3000,3000,3000,3000,3000,3000,3000,3000,3000,3000,3000,3000,3000,3000,3000,3000,3000,3000,3000,3000,3000,3000,3000,3000,3000,3000,3000,3000,3000,3000,3000,3000,3000,3000,3000,3000,3000,3000,3000
3000,3000,3000,3000,3000,3000,3000,3000,3000,3000,3000,3000,3000,3000,3000,3000,3000,3000,3000,3000,3000,3000,3000,3000,3000,3000,3000,3000,3000,3000,3000,3000,3000,3000,3000,3000,3000,3000,3000,3000,3000,3000,3000,3000,3000,3000,3000,3000,3000,3000,3000,3000,3000,3000,3000,3000,3000,3000,3000,3000,3000,3000,3000,3000,3000,3000,3000,3000,3000,3000,3000,3000,3000,3000,3000,3000,3000,3000,3000,3000,3000,3000,3000,3000,3000,3000,3000,3000,3000,3000,3000,3000,3000,3000,3000,3000,3000,3000,3000,3000,3000,3000,3000,3000,3000,3000,3000,3000,3000,3000,3000,3000,3000,3000,3000,3000,3000,3000,3000,3000,3000,3000,3000,3000,3000,3000,3000,3000,3000,3000,3000,3000,3000,3000,3000,3000,3000,3000,3000,3000,3000,3000,3000,3000,3000,3000,3000,3000,3000,3000,3000,3000,3000,3000,3000,3000,3000,3000,3000,3000
3000,3000,3000,3000,3000,3000,3000,3000,3000,3000,3000,3000,3000,3000,3000,3000,3000,3000,3000,3000,3000,3000,3000,3000,3000,3000,3000,3000,3000,3000,3000,3000,3000,3000,3000,3000,3000,3000,3000,3000,3000,3000,3000,3000,3000,3000,3000,3000,3000,3000,3000,3000,3000,3000,3000,3000,3000,3000,3000,3000,3000,3000,3000,3000,3000,3000,3000,3000,3000,3000,3000,3000,3000,3000,3000,3000,3000,3000,3000,3000,3000,3000,3000,3000,3000,3000,3000,3000,3000,3000,3000,3000,3000,3000,3000,3000,3000,3000,3000,3000,3000,3000,3000,3000,3000,3000,3000,3000,3000,3000,3000,3000,3000,3000,3000,3000,3000,3000,3000,3000,3000,3000,3000,3000,3000,3000,3000,3000,3000,3000,3000,3000,3000,3000,3000,3000,3000,3000,3000,3000,3000,3000,3000,3000,3000,3000,3000,3000,3000,3000,3000,3000,3000,3000,3000,3000,3000,3000,3000,3000
3000,3000,3000,3000,3000,3000,3000,3000,3000,3000,3000,3000,3000,3000,3000,3000,3000,3000,3000,3000,3000,3000,3000,3000,3000,3000,3000,3000,3000,3000,3000,3000,3000,3000,3000,3000,3000,3000,3000,3000,3000,3000,3000,3000,3000,3000,3000,3000,3000,3000,3000,3000,3000,3000,3000,3000,3000,3000,3000,3000,3000,3000,3000,3000,3000,3000,3000,3000,3000,3000,3000,3000,3000,3000,3000,3000,3000,3000,3000,3000,3000,3000,3000,3000,3000,3000,3000,3000,3000,3000,3000,3000,3000,3000,3000,3000,3000,3000,3000,3000,3000,3000,3000,3000,3000,3000,3000,3000,3000,3000,3000,3000,3000,3000,3000,3000,3000,3000,3000,3000,3000,3000,3000,3000,3000,3000,3000,3000,3000,3000,3000,3000,3000,3000,3000,3000,3000,3000,3000,3000,3000,3000,3000,3000,3000,3000,3000,3000,3000,3000,3000,3000,3000,3000,3000,3000,3000,3000,3000,3000
3000,3000,3000,3000,3000,3000,3000,3000,3000,3000,3000,3000,3000,3000,3000,3000,3000,3000,3000,3000,3000,3000,3000,3000,3000,3000,3000,3000,3000,3000,3000,3000,3000,3000,3000,3000,3000,3000,3000,3000,3000,3000,3000,3000,3000,3000,3000,3000,3000,3000,3000,3000,3000,3000,3000,3000,3000,3000,3000,3000,3000,3000,3000,3000,3000,3000,3000,3000,3000,3000,3000,3000,3000,3000,3000,3000,3000,3000,3000,3000,3000,3000,3000,3000,3000,3000,3000,3000,3000,3000,3000,3000,3000,3000,3000,3000,3000,3000,3000,3000,3000,3000,3000,3000,3000,3000,3000,3000,3000,3000,3000,3000,3000,3000,3000,3000,3000,3000,3000,3000,3000,3000,3000,3000,3000,3000,3000,3000,3000,3000,3000,3000,3000,3000,3000,3000,3000,3000,3000,3000,3000,3000,3000,3000,3000,3000,3000,3000,3000,3000,3000,3000,3000,3000,3000,3000,3000,3000,3000,3000
3000,3000,3000,3000,3000,3000,3000,3000,3000,3000,3000,3000,3000,3000,3000,3000,3000,3000,3000,3000,3000,3000,3000,3000,3000,3000,3000,3000,3000,3000,3000,3000,3000,3000,3000,3000,3000,3000,3000,3000,3000,3000,3000,3000,3000,3000,3000,3000,3000,3000,3000,3000,3000,3000,3000,3000,3000,3000,3000,3000,3000,3000,3000,3000,3000,3000,3000,3000,3000,3000,3000,3000,3000,3000,3000,3000,3000,3000,3000,3000,3000,3000,3000,3000,3000,3000,3000,3000,3000,3000,3000,3000,3000,3000,3000,3000,3000,3000,3000,3000,3000,3000,3000,3000,3000,3000,3000,3000,3000,3000,3000,3000,3000,3000,3000,3000,3000,3000,3000,3000,3000,3000,3000,3000,3000,3000,3000,3000,3000,3000,3000,3000,3000,3000,3000,3000,3000,3000,3000,3000,3000,3000,3000,3000,3000,3000,3000,3000,3000,3000,3000,3000,3000,3000,3000,3000,3000,3000,3000,3000
3000,3000,3000,3000,3000,3000,3000,3000,3000,3000,3000,3000,3000,3000,3000,3000,3000,3000,3000,3000,3000,3000,3000,3000,3000,3000,3000,3000,3000,3000,3000,3000,3000,3000,3000,3000,3000,3000,3000,3000,3000,3000,3000,3000,3000,3000,3000,3000,3000,3000,3000,3000,3000,3000,3000,3000,3000,3000,3000,3000,3000,3000,3000,3000,3000,3000,3000,3000,3000,3000,3000,3000,3000,3000,3000,3000,3000,3000,3000,3000,3000,3000,3000,3000,3000,3000,3000,3000,3000,3000,3000,3000,3000,3000,3000,3000,3000,3000,3000,3000,3000,3000,3000,3000,3000,3000,3000,3000,3000,3000,3000,3000,3000,3000,3000,3000,3000,3000,3000,3000,3000,3000,3000,3000,3000,3000,3000,3000,3000,3000,3000,3000,3000,3000,3000,3000,3000,3000,3000,3000,3000,3000,3000,3000,3000,3000,3000,3000,3000,3000,3000,3000,3000,3000,3000,3000,3000,3000,3000,3000
3000,3000,3000,3000,3000,3000,3000,3000,3000,3000,3000,3000,3000,3000,3000,3000,3000,3000,3000,3000,3000,3000,3000,3000,3000,3000,3000,3000,3000,3000,3000,3000,3000,3000,3000,3000,3000,3000,3000,3000,3000,3000,3000,3000,3000,3000,3000,3000,3000,3000,3000,3000,3000,3000,3000,3000,3000,3000,3000,3000,3000,3000,3000,3000,3000,3000,3000,3000,3000,3000,3000,3000,3000,3000,3000,3000,3000,3000,3000,3000,3000,3000,3000,3000,3000,3000,3000,3000,3000,3000,3000,3000,3000,3000,3000,3000,3000,3000,3000,3000,3000,3000,3000,3000,3000,3000,3000,3000,3000,3000,3000,3000,3000,3000,3000,3000,3000,3000,3000,3000,3000,3000,3000,3000,3000,3000,3000,3000,3000,3000,3000,3000,3000,3000,3000,3000,3000,3000,3000,3000,3000,3000,3000,3000,3000,3000,3000,3000,3000,3000,3000,3000,3000,3000,3000,3000,3000,3000,3000,3000
3000,3000,3000,3000,3000,3000,3000,3000,3000,3000,3000,3000,3000,3000,3000,3000,3000,3000,3000,3000,3000,3000,3000,3000,3000,3000,3000,3000,3000,3000,3000,3000,3000,3000,3000,3000,3000,3000,3000,3000,3000,3000,3000,3000,3000,3000,3000,3000,3000,3000,3000,3000,3000,3000,3000,3000,3000,3000,3000,3000,3000,3000,3000,3000,3000,3000,3000,3000,3000,3000,3000,3000,3000,3000,3000,3000,3000,3000,3000,3000,3000,3000,3000,3000,3000,3000,3000,3000,3000,3000,3000,3000,3000,3000,3000,3000,3000,3000,3000,3000,3000,3000,3000,3000,3000,3000,3000,3000,3000,3000,3000,3000,3000,3000,3000,3000,3000,3000,3000,3000,3000,3000,3000,3000,3000,3000,3000,3000,3000,3000,3000,3000,3000,3000,3000,3000,3000,3000,3000,3000,3000,3000,3000,3000,3000,3000,3000,3000,3000,3000,3000,3000,3000,3000,3000,3000,3000,3000,3000,3000
3000,3000,3000,3000,3000,3000,3000,3000,3000,3000,3000,3000,3000,3000,3000,3000,3000,3000,3000,3000,3000,3000,3000,3000,3000,3000,3000,3000,3000,3000,3000,3000,3000,3000,3000,3000,3000,3000,3000,3000,3000,3000,3000,3000,3000,3000,3000,3000,3000,3000,3000,3000,3000,3000,3000,3000,3000,3000,3000,3000,3000,3000,3000,3000,3000,3000,3000,3000,3000,3000,3000,3000,3000,3000,3000,3000,3000,3000,3000,3000,3000,3000,3000,3000,3000,3000,3000,3000,3000,3000,3000,3000,3000,3000,3000,3000,3000,3000,3000,3000,3000,3000,3000,3000,3000,3000,3000,3000,3000,3000,3000,3000,3000,3000,3000,3000,3000,3000,3000,3000,3000,3000,3000,3000,3000,3000,3000,3000,3000,3000,3000,3000,3000,3000,3000,3000,3000,3000,3000,3000,3000,3000,3000,3000,3000,3000,3000,3000,3000,3000,3000,3000,3000,3000,3000,3000,3000,3000,3000,3000
3000,3000,3000,3000,3000,3000,3000,3000,3000,3000,3000,3000,3000,3000,3000,3000,3000,3000,3000,3000,3000,3000,3000,3000,3000,3000,3000,3000,3000,3000,3000,3000,3000,3000,3000,3000,3000,3000,3000,3000,3000,3000,3000,3000,3000,3000,3000,3000,3000,3000,3000,3000,3000,3000,3000,3000,3000,3000,3000,3000,3000,3000,3000,3000,3000,3000,3000,3000,3000,3000,3000,3000,3000,3000,3000,3000,3000,3000,3000,3000,3000,3000,3000,3000,3000,3000,3000,3000,3000,3000,3000,3000,3000,3000,3000,3000,3000,3000,3000,3000,3000,3000,3000,3000,3000,3000,3000,3000,3000,3000,3000,3000,3000,3000,3000,3000,3000,3000,3000,3000,3000,3000,3000,3000,3000,3000,3000,3000,3000,3000,3000,3000,3000,3000,3000,3000,3000,3000,3000,3000,3000,3000,3000,3000,3000,3000,3000,3000,3000,3000,3000,3000,3000,3000,3000,3000,3000,3000,3000,3000
3000,3000,3000,3000,3000,3000,3000,3000,3000,3000,3000,3000,3000,3000,3000,3000,3000,3000,3000,3000,3000,3000,3000,3000,3000,3000,3000,3000,3000,3000,3000,3000,3000,3000,3000,3000,3000,3000,3000,3000,3000,3000,3000,3000,3000,3000,3000,3000,3000,3000,3000,3000,3000,3000,3000,3000,3000,3000,3000,3000,3000,3000,3000,3000,3000,3000,3000,3000,3000,3000,3000,3000,3000,3000,3000,3000,3000,3000,3000,3000,3000,3000,3000,3000,3000,3000,3000,3000,3000,3000,3000,3000,3000,3000,3000,3000,3000,3000,3000,3000,3000,3000,3000,3000,3000,3000,3000,3000,3000,3000,3000,3000,3000,3000,3000,3000,3000,3000,3000,3000,3000,3000,3000,3000,3000,3000,3000,3000,3000,3000,3000,3000,3000,3000,3000,3000,3000,3000,3000,3000,3000,3000,3000,3000,3000,3000,3000,3000,3000,3000,3000,3000,3000,3000,3000,3000,3000,3000,3000,3000
3000,3000,3000,3000,3000,3000,3000,3000,3000,3000,3000,3000,3000,3000,3000,3000,3000,3000,3000,3000,3000,3000,3000,3000,3000,3000,3000,3000,3000,3000,3000,3000,3000,3000,3000,3000,3000,3000,3000,3000,3000,3000,3000,3000,3000,3000,3000,3000,3000,3000,3000,3000,3000,3000,3000,3000,3000,3000,3000,3000,3000,3000,3000,3000,3000,3000,3000,3000,3000,3000,3000,3000,3000,3000,3000,3000,3000,3000,3000,3000,3000,3000,3000,3000,3000,3000,3000,3000,3000,3000,3000,3000,3000,3000,3000,3000,3000,3000,3000,3000,3000,3000,3000,3000,3000,3000,3000,3000,3000,3000,3000,3000,3000,3000,3000,3000,3000,3000,3000,3000,3000,3000,3000,3000,3000,3000,3000,3000,3000,3000,3000,3000,3000,3000,3000,3000,3000,3000,3000,3000,3000,3000,3000,3000,3000,3000,3000,3000,3000,3000,3000,3000,3000,3000,3000,3000,3000,3000,3000,3000
3000,3000,3000,3000,3000,3000,3000,3000,3000,3000,3000,3000,3000,3000,3000,3000,3000,3000,3000,3000,3000,3000,3000,3000,3000,3000,3000,3000,3000,3000,3000,3000,3000,3000,3000,3000,3000,3000,3000,3000,3000,3000,3000,3000,3000,3000,3000,3000,3000,3000,3000,3000,3000,3000,3000,3000,3000,3000,3000,3000,3000,3000,3000,3000,3000,3000,3000,3000,3000,3000,3000,3000,3000,3000,3000,3000,3000,3000,3000,3000,3000,3000,3000,3000,3000,3000,3000,3000,3000,3000,3000,3000,3000,3000,3000,3000,3000,3000,3000,3000,3000,3000,3000,3000,3000,3000,3000,3000,3000,3000,3000,3000,3000,3000,3000,3000,3000,3000,3000,3000,3000,3000,3000,3000,3000,3000,3000,3000,3000,3000,3000,3000,3000,3000,3000,3000,3000,3000,3000,3000,3000,3000,3000,3000,3000,3000,3000,3000,3000,3000,3000,3000,3000,3000,3000,3000,3000,3000,3000,3000
3000,3000,3000,3000,3000,3000,3000,3000,3000,3000,3000,3000,3000,3000,3000,3000,3000,3000,3000,3000,3000,3000,3000,3000,3000,3000,3000,3000,3000,3000,3000,3000,3000,3000,3000,3000,3000,3000,3000,3000,3000,3000,3000,3000,3000,3000,3000,3000,3000,3000,3000,3000,3000,3000,3000,3000,3000,3000,3000,3000,3000,3000,3000,3000,3000,3000,3000,3000,3000,3000,3000,3000,3000,3000,3000,3000,3000,3000,3000,3000,3000,3000,3000,3000,3000,3000,3000,3000,3000,3000,3000,3000,3000,3000,3000,3000,3000,3000,3000,3000,3000,3000,3000,3000,3000,3000,3000,3000,3000,3000,3000,3000,3000,3000,3000,3000,3000,3000,3000,3000,3000,3000,3000,3000,3000,3000,3000,3000,3000,3000,3000,3000,3000,3000,3000,3000,3000,3000,3000,3000,3000,3000,3000,3000,3000,3000,3000,3000,3000,3000,3000,3000,3000,3000,3000,3000,3000,3000,3000,3000
3000,3000,3000,3000,3000,3000,3000,3000,3000,3000,3000,3000,3000,3000,3000,3000,3000,3000,3000,3000,3000,3000,3000,3000,3000,3000,3000,3000,3000,3000,3000,3000,3000,3000,3000,3000,3000,3000,3000,3000,3000,3000,3000,3000,3000,3000,3000,3000,3000,3000,3000,3000,3000,3000,3000,3000,3000,3000,3000,3000,3000,3000,3000,3000,3000,3000,3000,3000,3000,3000,3000,3000,3000,3000,3000,3000,3000,3000,3000,3000,3000,3000,3000,3000,3000,3000,3000,3000,3000,3000,3000,3000,3000,3000,3000,3000,3000,3000,3000,3000,3000,3000,3000,3000,3000,3000,3000,3000,3000,3000,3000,3000,3000,3000,3000,3000,3000,3000,3000,3000,3000,3000,3000,3000,3000,3000,3000,3000,3000,3000,3000,3000,3000,3000,3000,3000,3000,3000,3000,3000,3000,3000,3000,3000,3000,3000,3000,3000,3000,3000,3000,3000,3000,3000,3000,3000,3000,3000,3000,3000
3000,3000,3000,3000,3000,3000,3000,3000,3000,3000,3000,3000,3000,3000,3000,3000,3000,3000,3000,3000,3000,3000,3000,3000,3000,3000,3000,3000,3000,3000,3000,3000,3000,3000,3000,3000,3000,3000,3000,3000,3000,3000,3000,3000,3000,3000,3000,3000,3000,3000,3000,3000,3000,3000,3000,3000,3000,3000,3000,3000,3000,3000,3000,3000,3000,3000,3000,3000,3000,3000,3000,3000,3000,3000,3000,3000,3000,3000,3000,3000,3000,3000,3000,3000,3000,3000,3000,3000,3000,3000,3000,3000,3000,3000,3000,3000,3000,3000,3000,3000,3000,3000,3000,3000,3000,3000,3000,3000,3000,3000,3000,3000,3000,3000,3000,3000,3000,3000,3000,3000,3000,3000,3000,3000,3000,3000,3000,3000,3000,3000,3000,3000,3000,3000,3000,3000,3000,3000,3000,3000,3000,3000,3000,3000,3000,3000,3000,3000,3000,3000,3000,3000,3000,3000,3000,3000,3000,3000,3000,3000
3000,3000,3000,3000,3000,3000,3000,3000,3000,3000,3000,3000,3000,3000,3000,3000,3000,3000,3000,3000,3000,3000,3000,3000,3000,3000,3000,3000,3000,3000,3000,3000,3000,3000,3000,3000,3000,3000,3000,3000,3000,3000,3000,3000,3000,3000,3000,3000,3000,3000,3000,3000,3000,3000,3000,3000,3000,3000,3000,3000,3000,3000,3000,3000,3000,3000,3000,3000,3000,3000,3000,3000,3000,3000,3000,3000,3000,3000,3000,3000,3000,3000,3000,3000,3000,3000,3000,3000,3000,3000,3000,3000,3000,3000,3000,3000,3000,3000,3000,3000,3000,3000,3000,3000,3000,3000,3000,3000,3000,3000,3000,3000,3000,3000,3000,3000,3000,3000,3000,3000,3000,3000,3000,3000,3000,3000,3000,3000,3000,3000,3000,3000,3000,3000,3000,3000,3000,3000,3000,3000,3000,3000,3000,3000,3000,3000,3000,3000,3000,3000,3000,3000,3000,3000,3000,3000,3000,3000,3000,3000
3000,3000,3000,3000,3000,3000,3000,3000,3000,3000,3000,3000,3000,3000,3000,3000,3000,3000,3000,3000,3000,3000,3000,3000,3000,3000,3000,3000,3000,3000,3000,3000,3000,3000,3000,3000,3000,3000,3000,3000,3000,3000,3000,3000,3000,3000,3000,3000,3000,3000,3000,3000,3000,3000,3000,3000,3000,3000,3000,3000,3000,3000,3000,3000,3000,3000,3000,3000,3000,3000,3000,3000,3000,3000,3000,3000,3000,3000,3000,3000,3000,3000,3000,3000,3000,3000,3000,3000,3000,3000,3000,3000,3000,3000,3000,3000,3000,3000,3000,3000,3000,3000,3000,3000,3000,3000,3000,3000,3000,3000,3000,3000,3000,3000,3000,3000,3000,3000,3000,3000,3000,3000,3000,3000,3000,3000,3000,3000,3000,3000,3000,3000,3000,3000,3000,3000,3000,3000,3000,3000,3000,3000,3000,3000,3000,3000,3000,3000,3000,3000,3000,3000,3000,3000,3000,3000,3000,3000,3000,3000
3000,3000,3000,3000,3000,3000,3000,3000,3000,3000,3000,3000,3000,3000,3000,3000,3000,3000,3000,3000,3000,3000,3000,3000,3000,3000,3000,3000,3000,3000,3000,3000,3000,3000,3000,3000,3000,3000,3000,3000,3000,3000,3000,3000,3000,3000,3000,3000,3000,3000,3000,3000,3000,3000,3000,3000,3000,3000,3000,3000,3000,3000,3000,3000,3000,3000,3000,3000,3000,3000,3000,3000,3000,3000,3000,3000,3000,3000,3000,3000,3000,3000,3000,3000,3000,3000,3000,3000,3000,3000,3000,3000,3000,3000,3000,3000,3000,3000,3000,3000,3000,3000,3000,3000,3000,3000,3000,3000,3000,3000,3000,3000,3000,3000,3000,3000,3000,3000,3000,3000,3000,3000,3000,3000,3000,3000,3000,3000,3000,3000,3000,3000,3000,3000,3000,3000,3000,3000,3000,3000,3000,3000,3000,3000,3000,3000,3000,3000,3000,3000,3000,3000,3000,3000,3000,3000,3000,3000,3000,3000
3000,3000,3000,3000,3000,3000,3000,3000,3000,3000,3000,3000,3000,3000,3000,3000,3000,3000,3000,3000,3000,3000,3000,3000,3000,3000,3000,3000,3000,3000,3000,3000,3000,3000,3000,3000,3000,3000,3000,3000,3000,3000,3000,3000,3000,3000,3000,3000,3000,3000,3000,3000,3000,3000,3000,3000,3000,3000,3000,3000,3000,3000,3000,3000,3000,3000,3000,3000,3000,3000,3000,3000,3000,3000,3000,3000,3000,3000,3000,3000,3000,3000,3000,3000,3000,3000,3000,3000,3000,3000,3000,3000,3000,3000,3000,3000,3000,3000,3000,3000,3000,3000,3000,3000,3000,3000,3000,3000,3000,3000,3000,3000,3000,3000,3000,3000,3000,3000,3000,3000,3000,3000,3000,3000,3000,3000,3000,3000,3000,3000,3000,3000,3000,3000,3000,3000,3000,3000,3000,3000,3000,3000,3000,3000,3000,3000,3000,3000,3000,3000,3000,3000,3000,3000,3000,3000,3000,3000,3000,3000
3000,3000,3000,3000,3000,3000,3000,3000,3000,3000,3000,3000,3000,3000,3000,3000,3000,3000,3000,3000,3000,3000,3000,3000,3000,3000,3000,3000,3000,3000,3000,3000,3000,3000,3000,3000,3000,3000,3000,3000,3000,3000,3000,3000,3000,3000,3000,3000,3000,3000,3000,3000,3000,3000,3000,3000,3000,3000,3000,3000,3000,3000,3000,3000,3000,3000,3000,3000,3000,3000,3000,3000,3000,3000,3000,3000,3000,3000,3000,3000,3000,3000,3000,3000,3000,3000,3000,3000,3000,3000,3000,3000,3000,3000,3000,3000,3000,3000,3000,3000,3000,3000,3000,3000,3000,3000,3000,3000,3000,3000,3000,3000,3000,3000,3000,3000,3000,3000,3000,3000,3000,3000,3000,3000,3000,3000,3000,3000,3000,3000,3000,3000,3000,3000,3000,3000,3000,3000,3000,3000,3000,3000,3000,3000,3000,3000,3000,3000,3000,3000,3000,3000,3000,3000,3000,3000,3000,3000,3000,3000
3000,3000,3000,3000,3000,3000,3000,3000,3000,3000,3000,3000,3000,3000,3000,3000,3000,3000,3000,3000,3000,3000,3000,3000,3000,3000,3000,3000,3000,3000,3000,3000,3000,3000,3000,3000,3000,3000,3000,3000,3000,3000,3000,3000,3000,3000,3000,3000,3000,3000,3000,3000,3000,3000,3000,3000,3000,3000,3000,3000,3000,3000,3000,3000,3000,3000,3000,3000,3000,3000,3000,3000,3000,3000,3000,3000,3000,3000,3000,3000,3000,3000,3000,3000,3000,3000,3000,3000,3000,3000,3000,3000,3000,3000,3000,3000,3000,3000,3000,3000,3000,3000,3000,3000,3000,3000,3000,3000,3000,3000,3000,3000,3000,3000,3000,3000,3000,3000,3000,3000,3000,3000,3000,3000,3000,3000,3000,3000,3000,3000,3000,3000,3000,3000,3000,3000,3000,3000,3000,3000,3000,3000,3000,3000,3000,3000,3000,3000,3000,3000,3000,3000,3000,3000,3000,3000,3000,3000,3000,3000
3000,3000,3000,3000,3000,3000,3000,3000,3000,3000,3000,3000,3000,3000,3000,3000,3000,3000,3000,3000,3000,3000,3000,3000,3000,3000,3000,3000,3000,3000,3000,3000,3000,3000,3000,3000,3000,3000,3000,3000,3000,3000,3000,3000,3000,3000,3000,3000,3000,3000,3000,3000,3000,3000,3000,3000,3000,3000,3000,3000,3000,3000,3000,3000,3000,3000,3000,3000,3000,3000,3000,3000,3000,3000,3000,3000,3000,3000,3000,3000,3000,3000,3000,3000,3000,3000,3000,3000,3000,3000,3000,3000,3000,3000,3000,3000,3000,3000,3000,3000,3000,3000,3000,3000,3000,3000,3000,3000,3000,3000,3000,3000,3000,3000,3000,3000,3000,3000,3000,3000,3000,3000,3000,3000,3000,3000,3000,3000,3000,3000,3000,3000,3000,3000,3000,3000,3000,3000,3000,3000,3000,3000,3000,3000,3000,3000,3000,3000,3000,3000,3000,3000,3000,3000,3000,3000,3000,3000,3000,3000
3000,3000,3000,3000,3000,3000,3000,3000,3000,3000,3000,3000,3000,3000,3000,3000,3000,3000,3000,3000,3000,3000,3000,3000,3000,3000,3000,3000,3000,3000,3000,3000,3000,3000,3000,3000,3000,3000,3000,3000,3000,3000,3000,3000,3000,3000,3000,3000,3000,3000,3000,3000,3000,3000,3000,3000,3000,3000,3000,3000,3000,3000,3000,3000,3000,3000,3000,3000,3000,3000,3000,3000,3000,3000,3000,3000,3000,3000,3000,3000,3000,3000,3000,3000,3000,3000,3000,3000,3000,3000,3000,3000,3000,3000,3000,3000,3000,3000,3000,3000,3000,3000,3000,3000,3000,3000,3000,3000,3000,3000,3000,3000,3000,3000,3000,3000,3000,3000,3000,3000,3000,3000,3000,3000,3000,3000,3000,3000,3000,3000,3000,3000,3000,3000,3000,3000,3000,3000,3000,3000,3000,3000,3000,3000,3000,3000,3000,3000,3000,3000,3000,3000,3000,3000,3000,3000,3000,3000,3000,3000
3000,3000,3000,3000,3000,3000,3000,3000,3000,3000,3000,3000,3000,3000,3000,3000,3000,3000,3000,3000,3000,3000,3000,3000,3000,3000,3000,3000,3000,3000,3000,3000,3000,3000,3000,3000,3000,3000,3000,3000,3000,3000,3000,3000,3000,3000,3000,3000,3000,3000,3000,3000,3000,3000,3000,3000,3000,3000,3000,3000,3000,3000,3000,3000,3000,3000,3000,3000,3000,3000,3000,3000,3000,3000,3000,3000,3000,3000,3000,3000,3000,3000,3000,3000,3000,3000,3000,3000,3000,3000,3000,3000,3000,3000,3000,3000,3000,3000,3000,3000,3000,3000,3000,3000,3000,3000,3000,3000,3000,3000,3000,3000,3000,3000,3000,3000,3000,3000,3000,3000,3000,3000,3000,3000,3000,3000,3000,3000,3000,3000,3000,3000,3000,3000,3000,3000,3000,3000,3000,3000,3000,3000,3000,3000,3000,3000,3000,3000,3000,3000,3000,3000,3000,3000,3000,3000,3000,3000,3000,3000
3000,3000,3000,3000,3000,3000,3000,3000,3000,3000,3000,3000,3000,3000,3000,3000,3000,3000,3000,3000,3000,3000,3000,3000,3000,3000,3000,3000,3000,3000,3000,3000,3000,3000,3000,3000,3000,3000,3000,3000,3000,3000,3000,3000,3000,3000,3000,3000,3000,3000,3000,3000,3000,3000,3000,3000,3000,3000,3000,3000,3000,3000,3000,3000,3000,3000,3000,3000,3000,3000,3000,3000,3000,3000,3000,3000,3000,3000,3000,3000,3000,3000,3000,3000,3000,3000,3000,3000,3000,3000,3000,3000,3000,3000,3000,3000,3000,3000,3000,3000,3000,3000,3000,3000,3000,3000,3000,3000,3000,3000,3000,3000,3000,3000,3000,3000,3000,3000,3000,3000,3000,3000,3000,3000,3000,3000,3000,3000,3000,3000,3000,3000,3000,3000,3000,3000,3000,3000,3000,3000,3000,3000,3000,3000,3000,3000,3000,3000,3000,3000,3000,3000,3000,3000,3000,3000,3000,3000,3000,3000
3000,3000,3000,3000,3000,3000,3000,3000,3000,3000,3000,3000,3000,3000,3000,3000,3000,3000,3000,3000,3000,3000,3000,3000,3000,3000,3000,3000,3000,3000,3000,3000,3000,3000,3000,3000,3000,3000,3000,3000,3000,3000,3000,3000,3000,3000,3000,3000,3000,3000,3000,3000,3000,3000,3000,3000,3000,3000,3000,3000,3000,3000,3000,3000,3000,3000,3000,3000,3000,3000,3000,3000,3000,3000,3000,3000,3000,3000,3000,3000,3000,3000,3000,3000,3000,3000,3000,3000,3000,3000,3000,3000,3000,3000,3000,3000,3000,3000,3000,3000,3000,3000,3000,3000,3000,3000,3000,3000,3000,3000,3000,3000,3000,3000,3000,3000,3000,3000,3000,3000,3000,3000,3000,3000,3000,3000,3000,3000,3000,3000,3000,3000,3000,3000,3000,3000,3000,3000,3000,3000,3000,3000,3000,3000,3000,3000,3000,3000,3000,3000,3000,3000,3000,3000,3000,3000,3000,3000,3000,3000
3000,3000,3000,3000,3000,3000,3000,3000,3000,3000,3000,3000,3000,3000,3000,3000,3000,3000,3000,3000,3000,3000,3000,3000,3000,3000,3000,3000,3000,3000,3000,3000,3000,3000,3000,3000,3000,3000,3000,3000,3000,3000,3000,3000,3000,3000,3000,3000,3000,3000,3000,3000,3000,3000,3000,3000,3000,3000,3000,3000,3000,3000,3000,3000,3000,3000,3000,3000,3000,3000,3000,3000,3000,3000,3000,3000,3000,3000,3000,3000,3000,3000,3000,3000,3000,3000,3000,3000,3000,3000,3000,3000,3000,3000,3000,3000,3000,3000,3000,3000,3000,3000,3000,3000,3000,3000,3000,3000,3000,3000,3000,3000,3000,3000,3000,3000,3000,3000,3000,3000,3000,3000,3000,3000,3000,3000,3000,3000,3000,3000,3000,3000,3000,3000,3000,3000,3000,3000,3000,3000,3000,3000,3000,3000,3000,3000,3000,3000,3000,3000,3000,3000,3000,3000,3000,3000,3000,3000,3000,3000
3000,3000,3000,3000,3000,3000,3000,3000,3000,3000,3000,3000,3000,3000,3000,3000,3000,3000,3000,3000,3000,3000,3000,3000,3000,3000,3000,3000,3000,3000,3000,3000,3000,3000,3000,3000,3000,3000,3000,3000,3000,3000,3000,3000,3000,3000,3000,3000,3000,3000,3000,3000,3000,3000,3000,3000,3000,3000,3000,3000,3000,3000,3000,3000,3000,3000,3000,3000,3000,3000,3000,3000,3000,3000,3000,3000,3000,3000,3000,3000,3000,3000,3000,3000,3000,3000,3000,3000,3000,3000,3000,3000,3000,3000,3000,3000,3000,3000,3000,3000,3000,3000,3000,3000,3000,3000,3000,3000,3000,3000,3000,3000,3000,3000,3000,3000,3000,3000,3000,3000,3000,3000,3000,3000,3000,3000,3000,3000,3000,3000,3000,3000,3000,3000,3000,3000,3000,3000,3000,3000,3000,3000,3000,3000,3000,3000,3000,3000,3000,3000,3000,3000,3000,3000,3000,3000,3000,3000,3000,3000
3000,3000,3000,3000,3000,3000,3000,3000,3000,3000,3000,3000,3000,3000,3000,3000,3000,3000,3000,3000,3000,3000,3000,3000,3000,3000,3000,3000,3000,3000,3000,3000,3000,3000,3000,3000,3000,3000,3000,3000,3000,3000,3000,3000,3000,3000,3000,3000,3000,3000,3000,3000,3000,3000,3000,3000,3000,3000,3000,3000,3000,3000,3000,3000,3000,3000,3000,3000,3000,3000,3000,3000,3000,3000,3000,3000,3000,3000,3000,3000,3000,3000,3000,3000,3000,3000,3000,3000,3000,3000,3000,3000,3000,3000,3000,3000,3000,3000,3000,3000,3000,3000,3000,3000,3000,3000,3000,3000,3000,3000,3000,3000,3000,3000,3000,3000,3000,3000,3000,3000,3000,3000,3000,3000,3000,3000,3000,3000,3000,3000,3000,3000,3000,3000,3000,3000,3000,3000,3000,3000,3000,3000,3000,3000,3000,3000,3000,3000,3000,3000,3000,3000,3000,3000,3000,3000,3000,3000,3000,3000
3000,3000,3000,3000,3000,3000,3000,3000,3000,3000,3000,3000,3000,3000,3000,3000,3000,3000,3000,3000,3000,3000,3000,3000,3000,3000,3000,3000,3000,3000,3000,3000,3000,3000,3000,3000,3000,3000,3000,3000,3000,3000,3000,3000,3000,3000,3000,3000,3000,3000,3000,3000,3000,3000,3000,3000,3000,3000,3000,3000,3000,3000,3000,3000,3000,3000,3000,3000,3000,3000,3000,3000,3000,3000,3000,3000,3000,3000,3000,3000,3000,3000,3000,3000,3000,3000,3000,3000,3000,3000,3000,3000,3000,3000,3000,3000,3000,3000,3000,3000,3000,3000,3000,3000,3000,3000,3000,3000,3000,3000,3000,3000,3000,3000,3000,3000,3000,3000,3000,3000,3000,3000,3000,3000,3000,3000,3000,3000,3000,3000,3000,3000,3000,3000,3000,3000,3000,3000,3000,3000,3000,3000,3000,3000,3000,3000,3000,3000,3000,3000,3000,3000,3000,3000,3000,3000,3000,3000,3000,3000
3000,3000,3000,3000,3000,3000,3000,3000,3000,3000,3000,3000,3000,3000,3000,3000,3000,3000,3000,3000,3000,3000,3000,3000,3000,3000,3000,3000,3000,3000,3000,3000,3000,3000,3000,3000,3000,3000,3000,3000,3000,3000,3000,3000,3000,3000,3000,3000,3000,3000,3000,3000,3000,3000,3000,3000,3000,3000,3000,3000,3000,3000,3000,3000,3000,3000,3000,3000,3000,3000,3000,3000,3000,3000,3000,3000,3000,3000,3000,3000,3000,3000,3000,3000,3000,3000,3000,3000,3000,3000,3000,3000,3000,3000,3000,3000,3000,3000,3000,3000,3000,3000,3000,3000,3000,3000,3000,3000,3000,3000,3000,3000,3000,3000,3000,3000,3000,3000,3000,3000,3000,3000,3000,3000,3000,3000,3000,3000,3000,3000,3000,3000,3000,3000,3000,3000,3000,3000,3000,3000,3000,3000,3000,3000,3000,3000,3000,3000,3000,3000,3000,3000,3000,3000,3000,3000,3000,3000,3000,3000
3000,3000,3000,3000,3000,3000,3000,3000,3000,3000,3000,3000,3000,3000,3000,3000,3000,3000,3000,3000,3000,3000,3000,3000,3000,3000,3000,3000,3000,3000,3000,3000,3000,3000,3000,3000,3000,3000,3000,3000,3000,3000,3000,3000,3000,3000,3000,3000,3000,3000,3000,3000,3000,3000,3000,3000,3000,3000,3000,3000,3000,3000,3000,3000,3000,3000,3000,3000,3000,3000,3000,3000,3000,3000,3000,3000,3000,3000,3000,3000,3000,3000,3000,3000,3000,3000,3000,3000,3000,3000,3000,3000,3000,3000,3000,3000,3000,3000,3000,3000,3000,3000,3000,3000,3000,3000,3000,3000,3000,3000,3000,3000,3000,3000,3000,3000,3000,3000,3000,3000,3000,3000,3000,3000,3000,3000,3000,3000,3000,3000,3000,3000,3000,3000,3000,3000,3000,3000,3000,3000,3000,3000,3000,3000,3000,3000,3000,3000,3000,3000,3000,3000,3000,3000,3000,3000,3000,3000,3000,3000
3000,3000,3000,3000,3000,3000,3000,3000,3000,3000,3000,3000,3000,3000,3000,3000,3000,3000,3000,3000,3000,3000,3000,3000,3000,3000,3000,3000,3000,3000,3000,3000,3000,3000,3000,3000,3000,3000,3000,3000,3000,3000,3000,3000,3000,3000,3000,3000,3000,3000,3000,3000,3000,3000,3000,3000,3000,3000,3000,3000,3000,3000,3000,3000,3000,3000,3000,3000,3000,3000,3000,3000,3000,3000,3000,3000,3000,3000,3000,3000,3000,3000,3000,3000,3000,3000,3000,3000,3000,3000,3000,3000,3000,3000,3000,3000,3000,3000,3000,3000,3000,3000,3000,3000,3000,3000,3000,3000,3000,3000,3000,3000,3000,3000,3000,3000,3000,3000,3000,3000,3000,3000,3000,3000,3000,3000,3000,3000,3000,3000,3000,3000,3000,3000,3000,3000,3000,3000,3000,3000,3000,3000,3000,3000,3000,3000,3000,3000,3000,3000,3000,3000,3000,3000,3000,3000,3000,3000,3000,3000
3000,3000,3000,3000,3000,3000,3000,3000,3000,3000,3000,3000,3000,3000,3000,3000,3000,3000,3000,3000,3000,3000,3000,3000,3000,3000,3000,3000,3000,3000,3000,3000,3000,3000,3000,3000,3000,3000,3000,3000,3000,3000,3000,3000,3000,3000,3000,3000,3000,3000,3000,3000,3000,3000,3000,3000,3000,3000,3000,3000,3000,3000,3000,3000,3000,3000,3000,3000,3000,3000,3000,3000,3000,3000,3000,3000,3000,3000,3000,3000,3000,3000,3000,3000,3000,3000,3000,3000,3000,3000,3000,3000,3000,3000,3000,3000,3000,3000,3000,3000,3000,3000,3000,3000,3000,3000,3000,3000,3000,3000,3000,3000,3000,3000,3000,3000,3000,3000,3000,3000,3000,3000,3000,3000,3000,3000,3000,3000,3000,3000,3000,3000,3000,3000,3000,3000,3000,3000,3000,3000,3000,3000,3000,3000,3000,3000,3000,3000,3000,3000,3000,3000,3000,3000,3000,3000,3000,3000,3000,3000
3000,3000,3000,3000,3000,3000,3000,3000,3000,3000,3000,3000,3000,3000,3000,3000,3000,3000,3000,3000,3000,3000,3000,3000,3000,3000,3000,3000,3000,3000,3000,3000,3000,3000,3000,3000,3000,3000,3000,3000,3000,3000,3000,3000,3000,3000,3000,3000,3000,3000,3000,3000,3000,3000,3000,3000,3000,3000,3000,3000,3000,3000,3000,3000,3000,3000,3000,3000,3000,3000,3000,3000,3000,3000,3000,3000,3000,3000,3000,3000,3000,3000,3000,3000,3000,3000,3000,3000,3000,3000,3000,3000,3000,3000,3000,3000,3000,3000,3000,3000,3000,3000,3000,3000,3000,3000,3000,3000,3000,3000,3000,3000,3000,3000,3000,3000,3000,3000,3000,3000,3000,3000,3000,3000,3000,3000,3000,3000,3000,3000,3000,3000,3000,3000,3000,3000,3000,3000,3000,3000,3000,3000,3000,3000,3000,3000,3000,3000,3000,3000,3000,3000,3000,3000,3000,3000,3000,3000,3000,3000
3000,3000,3000,3000,3000,3000,3000,3000,3000,3000,3000,3000,3000,3000,3000,3000,3000,3000,3000,3000,3000,3000,3000,3000,3000,3000,3000,3000,3000,3000,3000,3000,3000,3000,3000,3000,3000,3000,3000,3000,3000,3000,3000,3000,3000,3000,3000,3000,3000,3000,3000,3000,3000,3000,3000,3000,3000,3000,3000,3000,3000,3000,3000,3000,3000,3000,3000,3000,3000,3000,3000,3000,3000,3000,3000,3000,3000,3000,3000,3000,3000,3000,3000,3000,3000,3000,3000,3000,3000,3000,3000,3000,3000,3000,3000,3000,3000,3000,3000,3000,3000,3000,3000,3000,3000,3000,3000,3000,3000,3000,3000,3000,3000,3000,3000,3000,3000,3000,3000,3000,3000,3000,3000,3000,3000,3000,3000,3000,3000,3000,3000,3000,3000,3000,3000,3000,3000,3000,3000,3000,3000,3000,3000,3000,3000,3000,3000,3000,3000,3000,3000,3000,3000,3000,3000,3000,3000,3000,3000,3000
3000,3000,3000,3000,3000,3000,3000,3000,3000,3000,3000,3000,3000,3000,3000,3000,3000,3000,3000,3000,3000,3000,3000,3000,3000,3000,3000,3000,3000,3000,3000,3000,3000,3000,3000,3000,3000,3000,3000,3000,3000,3000,3000,3000,3000,3000,3000,3000,3000,3000,3000,3000,3000,3000,3000,3000,3000,3000,3000,3000,3000,3000,3000,3000,3000,3000,3000,3000,3000,3000,3000,3000,3000,3000,3000,3000,3000,3000,3000,3000,3000,3000,3000,3000,3000,3000,3000,3000,3000,3000,3000,3000,3000,3000,3000,3000,3000,3000,3000,3000,3000,3000,3000,3000,3000,3000,3000,3000,3000,3000,3000,3000,3000,3000,3000,3000,3000,3000,3000,3000,3000,3000,3000,3000,3000,3000,3000,3000,3000,3000,3000,3000,3000,3000,3000,3000,3000,3000,3000,3000,3000,3000,3000,3000,3000,3000,3000,3000,3000,3000,3000,3000,3000,3000,3000,3000,3000,3000,3000,3000
3000,3000,3000,3000,3000,3000,3000,3000,3000,3000,3000,3000,3000,3000,3000,3000,3000,3000,3000,3000,3000,3000,3000,3000,3000,3000,3000,3000,3000,3000,3000,3000,3000,3000,3000,3000,3000,3000,3000,3000,3000,3000,3000,3000,3000,3000,3000,3000,3000,3000,3000,3000,3000,3000,3000,3000,3000,3000,3000,3000,3000,3000,3000,3000,3000,3000,3000,3000,3000,3000,3000,3000,3000,3000,3000,3000,3000,3000,3000,3000,3000,3000,3000,3000,3000,3000,3000,3000,3000,3000,3000,3000,3000,3000,3000,3000,3000,3000,3000,3000,3000,3000,3000,3000,3000,3000,3000,3000,3000,3000,3000,3000,3000,3000,3000,3000,3000,3000,3000,3000,3000,3000,3000,3000,3000,3000,3000,3000,3000,3000,3000,3000,3000,3000,3000,3000,3000,3000,3000,3000,3000,3000,3000,3000,3000,3000,3000,3000,3000,3000,3000,3000,3000,3000,3000,3000,3000,3000,3000,3000
3000,3000,3000,3000,3000,3000,3000,3000,3000,3000,3000,3000,3000,3000,3000,3000,3000,3000,3000,3000,3000,3000,3000,3000,3000,3000,3000,3000,3000,3000,3000,3000,3000,3000,3000,3000,3000,3000,3000,3000,3000,3000,3000,3000,3000,3000,3000,3000,3000,3000,3000,3000,3000,3000,3000,3000,3000,3000,3000,3000,3000,3000,3000,3000,3000,3000,3000,3000,3000,3000,3000,3000,3000,3000,3000,3000,3000,3000,3000,3000,3000,3000,3000,3000,3000,3000,3000,3000,3000,3000,3000,3000,3000,3000,3000,3000,3000,3000,3000,3000,3000,3000,3000,3000,3000,3000,3000,3000,3000,3000,3000,3000,3000,3000,3000,3000,3000,3000,3000,3000,3000,3000,3000,3000,3000,3000,3000,3000,3000,3000,3000,3000,3000,3000,3000,3000,3000,3000,3000,3000,3000,3000,3000,3000,3000,3000,3000,3000,3000,3000,3000,3000,3000,3000,3000,3000,3000,3000,3000,3000
3000,3000,3000,3000,3000,3000,3000,3000,3000,3000,3000,3000,3000,3000,3000,3000,3000,3000,3000,3000,3000,3000,3000,3000,3000,3000,3000,3000,3000,3000,3000,3000,3000,3000,3000,3000,3000,3000,3000,3000,3000,3000,3000,3000,3000,3000,3000,3000,3000,3000,3000,3000,3000,3000,3000,3000,3000,3000,3000,3000,3000,3000,3000,3000,3000,3000,3000,3000,3000,3000,3000,3000,3000,3000,3000,3000,3000,3000,3000,3000,3000,3000,3000,3000,3000,3000,3000,3000,3000,3000,3000,3000,3000,3000,3000,3000,3000,3000,3000,3000,3000,3000,3000,3000,3000,3000,3000,3000,3000,3000,3000,3000,3000,3000,3000,3000,3000,3000,3000,3000,3000,3000,3000,3000,3000,3000,3000,3000,3000,3000,3000,3000,3000,3000,3000,3000,3000,3000,3000,3000,3000,3000,3000,3000,3000,3000,3000,3000,3000,3000,3000,3000,3000,3000,3000,3000,3000,3000,3000,3000
3000,3000,3000,3000,3000,3000,3000,3000,3000,3000,3000,3000,3000,3000,3000,3000,3000,3000,3000,3000,3000,3000,3000,3000,3000,3000,3000,3000,3000,3000,3000,3000,3000,3000,3000,3000,3000,3000,3000,3000,3000,3000,3000,3000,3000,3000,3000,3000,3000,3000,3000,3000,3000,3000,3000,3000,3000,3000,3000,3000,3000,3000,3000,3000,3000,3000,3000,3000,3000,3000,3000,3000,3000,3000,3000,3000,3000,3000,3000,3000,3000,3000,3000,3000,3000,3000,3000,3000,3000,3000,3000,3000,3000,3000,3000,3000,3000,3000,3000,3000,3000,3000,3000,3000,3000,3000,3000,3000,3000,3000,3000,3000,3000,3000,3000,3000,3000,3000,3000,3000,3000,3000,3000,3000,3000,3000,3000,3000,3000,3000,3000,3000,3000,3000,3000,3000,3000,3000,3000,3000,3000,3000,3000,3000,3000,3000,3000,3000,3000,3000,3000,3000,3000,3000,3000,3000,3000,3000,3000,3000
3000,3000,3000,3000,3000,3000,3000,3000,3000,3000,3000,3000,3000,3000,3000,3000,3000,3000,3000,3000,3000,3000,3000,3000,3000,3000,3000,3000,3000,3000,3000,3000,3000,3000,3000,3000,3000,3000,3000,3000,3000,3000,3000,3000,3000,3000,3000,3000,3000,3000,3000,3000,3000,3000,3000,3000,3000,3000,3000,3000,3000,3000,3000,3000,3000,3000,3000,3000,3000,3000,3000,3000,3000,3000,3000,3000,3000,3000,3000,3000,3000,3000,3000,3000,3000,3000,3000,3000,3000,3000,3000,3000,3000,3000,3000,3000,3000,3000,3000,3000,3000,3000,3000,3000,3000,3000,3000,3000,3000,3000,3000,3000,3000,3000,3000,3000,3000,3000,3000,3000,3000,3000,3000,3000,3000,3000,3000,3000,3000,3000,3000,3000,3000,3000,3000,3000,3000,3000,3000,3000,3000,3000,3000,3000,3000,3000,3000,3000,3000,3000,3000,3000,3000,3000,3000,3000,3000,3000,3000,3000
3000,3000,3000,3000,3000,3000,3000,3000,3000,3000,3000,3000,3000,3000,3000,3000,3000,3000,3000,3000,3000,3000,3000,3000,3000,3000,3000,3000,3000,3000,3000,3000,3000,3000,3000,3000,3000,3000,3000,3000,3000,3000,3000,3000,3000,3000,3000,3000,3000,3000,3000,3000,3000,3000,3000,3000,3000,3000,3000,3000,3000,3000,3000,3000,3000,3000,3000,3000,3000,3000,3000,3000,3000,3000,3000,3000,3000,3000,3000,3000,3000,3000,3000,3000,3000,3000,3000,3000,3000,3000,3000,3000,3000,3000,3000,3000,3000,3000,3000,3000,3000,3000,3000,3000,3000,3000,3000,3000,3000,3000,3000,3000,3000,3000,3000,3000,3000,3000,3000,3000,3000,3000,3000,3000,3000,3000,3000,3000,3000,3000,3000,3000,3000,3000,3000,3000,3000,3000,3000,3000,3000,3000,3000,3000,3000,3000,3000,3000,3000,3000,3000,3000,3000,3000,3000,3000,3000,3000,3000,3000
3000,3000,3000,3000,3000,3000,3000,3000,3000,3000,3000,3000,3000,3000,3000,3000,3000,3000,3000,3000,3000,3000,3000,3000,3000,3000,3000,3000,3000,3000,3000,3000,3000,3000,3000,3000,3000,3000,3000,3000,3000,3000,3000,3000,3000,3000,3000,3000,3000,3000,3000,3000,3000,3000,3000,3000,3000,3000,3000,3000,3000,3000,3000,3000,3000,3000,3000,3000,3000,3000,3000,3000,3000,3000,3000,3000,3000,3000,3000,3000,3000,3000,3000,3000,3000,3000,3000,3000,3000,3000,3000,3000,3000,3000,3000,3000,3000,3000,3000,3000,3000,3000,3000,3000,3000,3000,3000,3000,3000,3000,3000,3000,3000,3000,3000,3000,3000,3000,3000,3000,3000,3000,3000,3000,3000,3000,3000,3000,3000,3000,3000,3000,3000,3000,3000,3000,3000,3000,3000,3000,3000,3000,3000,3000,3000,3000,3000,3000,3000,3000,3000,3000,3000,3000,3000,3000,3000,3000,3000,3000
3000,3000,3000,3000,3000,3000,3000,3000,3000,3000,3000,3000,3000,3000,3000,3000,3000,3000,3000,3000,3000,3000,3000,3000,3000,3000,3000,3000,3000,3000,3000,3000,3000,3000,3000,3000,3000,3000,3000,3000,3000,3000,3000,3000,3000,3000,3000,3000,3000,3000,3000,3000,3000,3000,3000,3000,3000,3000,3000,3000,3000,3000,3000,3000,3000,3000,3000,3000,3000,3000,3000,3000,3000,3000,3000,3000,3000,3000,3000,3000,3000,3000,3000,3000,3000,3000,3000,3000,3000,3000,3000,3000,3000,3000,3000,3000,3000,3000,3000,3000,3000,3000,3000,3000,3000,3000,3000,3000,3000,3000,3000,3000,3000,3000,3000,3000,3000,3000,3000,3000,3000,3000,3000,3000,3000,3000,3000,3000,3000,3000,3000,3000,3000,3000,3000,3000,3000,3000,3000,3000,3000,3000,3000,3000,3000,3000,3000,3000,3000,3000,3000,3000,3000,3000,3000,3000,3000,3000,3000,3000
3000,3000,3000,3000,3000,3000,3000,3000,3000,3000,3000,3000,3000,3000,3000,3000,3000,3000,3000,3000,3000,3000,3000,3000,3000,3000,3000,3000,3000,3000,3000,3000,3000,3000,3000,3000,3000,3000,3000,3000,3000,3000,3000,3000,3000,3000,3000,3000,3000,3000,3000,3000,3000,3000,3000,3000,3000,3000,3000,3000,3000,3000,3000,3000,3000,3000,3000,3000,3000,3000,3000,3000,3000,3000,3000,3000,3000,3000,3000,3000,3000,3000,3000,3000,3000,3000,3000,3000,3000,3000,3000,3000,3000,3000,3000,3000,3000,3000,3000,3000,3000,3000,3000,3000,3000,3000,3000,3000,3000,3000,3000,3000,3000,3000,3000,3000,3000,3000,3000,3000,3000,3000,3000,3000,3000,3000,3000,3000,3000,3000,3000,3000,3000,3000,3000,3000,3000,3000,3000,3000,3000,3000,3000,3000,3000,3000,3000,3000,3000,3000,3000,3000,3000,3000,3000,3000,3000,3000,3000,3000
3000,3000,3000,3000,3000,3000,3000,3000,3000,3000,3000,3000,3000,3000,3000,3000,3000,3000,3000,3000,3000,3000,3000,3000,3000,3000,3000,3000,3000,3000,3000,3000,3000,3000,3000,3000,3000,3000,3000,3000,3000,3000,3000,3000,3000,3000,3000,3000,3000,3000,3000,3000,3000,3000,3000,3000,3000,3000,3000,3000,3000,3000,3000,3000,3000,3000,3000,3000,3000,3000,3000,3000,3000,3000,3000,3000,3000,3000,3000,3000,3000,3000,3000,3000,3000,3000,3000,3000,3000,3000,3000,3000,3000,3000,3000,3000,3000,3000,3000,3000,3000,3000,3000,3000,3000,3000,3000,3000,3000,3000,3000,3000,3000,3000,3000,3000,3000,3000,3000,3000,3000,3000,3000,3000,3000,3000,3000,3000,3000,3000,3000,3000,3000,3000,3000,3000,3000,3000,3000,3000,3000,3000,3000,3000,3000,3000,3000,3000,3000,3000,3000,3000,3000,3000,3000,3000,3000,3000,3000,3000
3000,3000,3000,3000,3000,3000,3000,3000,3000,3000,3000,3000,3000,3000,3000,3000,3000,3000,3000,3000,3000,3000,3000,3000,3000,3000,3000,3000,3000,3000,3000,3000,3000,3000,3000,3000,3000,3000,3000,3000,3000,3000,3000,3000,3000,3000,3000,3000,3000,3000,3000,3000,3000,3000,3000,3000,3000,3000,3000,3000,3000,3000,3000,3000,3000,3000,3000,3000,3000,3000,3000,3000,3000,3000,3000,3000,3000,3000,3000,3000,3000,3000,3000,3000,3000,3000,3000,3000,3000,3000,3000,3000,3000,3000,3000,3000,3000,3000,3000,3000,3000,3000,3000,3000,3000,3000,3000,3000,3000,3000,3000,3000,3000,3000,3000,3000,3000,3000,3000,3000,3000,3000,3000,3000,3000,3000,3000,3000,3000,3000,3000,3000,3000,3000,3000,3000,3000,3000,3000,3000,3000,3000,3000,3000,3000,3000,3000,3000,3000,3000,3000,3000,3000,3000,3000,3000,3000,3000,3000,3000
3000,3000,3000,3000,3000,3000,3000,3000,3000,3000,3000,3000,3000,3000,3000,3000,3000,3000,3000,3000,3000,3000,3000,3000,3000,3000,3000,3000,3000,3000,3000,3000,3000,3000,3000,3000,3000,3000,3000,3000,3000,3000,3000,3000,3000,3000,3000,3000,3000,3000,3000,3000,3000,3000,3000,3000,3000,3000,3000,3000,3000,3000,3000,3000,3000,3000,3000,3000,3000,3000,3000,3000,3000,3000,3000,3000,3000,3000,3000,3000,3000,3000,3000,3000,3000,3000,3000,3000,3000,3000,3000,3000,3000,3000,3000,3000,3000,3000,3000,3000,3000,3000,3000,3000,3000,3000,3000,3000,3000,3000,3000,3000,3000,3000,3000,3000,3000,3000,3000,3000,3000,3000,3000,3000,3000,3000,3000,3000,3000,3000,3000,3000,3000,3000,3000,3000,3000,3000,3000,3000,3000,3000,3000,3000,3000,3000,3000,3000,3000,3000,3000,3000,3000,3000,3000,3000,3000,3000,3000,3000
3000,3000,3000,3000,3000,3000,3000,3000,3000,3000,3000,3000,3000,3000,3000,3000,3000,3000,3000,3000,3000,3000,3000,3000,3000,3000,3000,3000,3000,3000,3000,3000,3000,3000,3000,3000,3000,3000,3000,3000,3000,3000,3000,3000,3000,3000,3000,3000,3000,3000,3000,3000,3000,3000,3000,3000,3000,3000,3000,3000,3000,3000,3000,3000,3000,3000,3000,3000,3000,3000,3000,3000,3000,3000,3000,3000,3000,3000,3000,3000,3000,3000,3000,3000,3000,3000,3000,3000,3000,3000,3000,3000,3000,3000,3000,3000,3000,3000,3000,3000,3000,3000,3000,3000,3000,3000,3000,3000,3000,3000,3000,3000,3000,3000,3000,3000,3000,3000,3000,3000,3000,3000,3000,3000,3000,3000,3000,3000,3000,3000,3000,3000,3000,3000,3000,3000,3000,3000,3000,3000,3000,3000,3000,3000,3000,3000,3000,3000,3000,3000,3000,3000,3000,3000,3000,3000,3000,3000,3000,3000
3000,3000,3000,3000,3000,3000,3000,3000,3000,3000,3000,3000,3000,3000,3000,3000,3000,3000,3000,3000,3000,3000,3000,3000,3000,3000,3000,3000,3000,3000,3000,3000,3000,3000,3000,3000,3000,3000,3000,3000,3000,3000,3000,3000,3000,3000,3000,3000,3000,3000,3000,3000,3000,3000,3000,3000,3000,3000,3000,3000,3000,3000,3000,3000,3000,3000,3000,3000,3000,3000,3000,3000,3000,3000,3000,3000,3000,3000,3000,3000,3000,3000,3000,3000,3000,3000,3000,3000,3000,3000,3000,3000,3000,3000,3000,3000,3000,3000,3000,3000,3000,3000,3000,3000,3000,3000,3000,3000,3000,3000,3000,3000,3000,3000,3000,3000,3000,3000,3000,3000,3000,3000,3000,3000,3000,3000,3000,3000,3000,3000,3000,3000,3000,3000,3000,3000,3000,3000,3000,3000,3000,3000,3000,3000,3000,3000,3000,3000,3000,3000,3000,3000,3000,3000,3000,3000,3000,3000,3000,3000
3000,3000,3000,3000,3000,3000,3000,3000,3000,3000,3000,3000,3000,3000,3000,3000,3000,3000,3000,3000,3000,3000,3000,3000,3000,3000,3000,3000,3000,3000,3000,3000,3000,3000,3000,3000,3000,3000,3000,3000,3000,3000,3000,3000,3000,3000,3000,3000,3000,3000,3000,3000,3000,3000,3000,3000,3000,3000,3000,3000,3000,3000,3000,3000,3000,3000,3000,3000,3000,3000,3000,3000,3000,3000,3000,3000,3000,3000,3000,3000,3000,3000,3000,3000,3000,3000,3000,3000,3000,3000,3000,3000,3000,3000,3000,3000,3000,3000,3000,3000,3000,3000,3000,3000,3000,3000,3000,3000,3000,3000,3000,3000,3000,3000,3000,3000,3000,3000,3000,3000,3000,3000,3000,3000,3000,3000,3000,3000,3000,3000,3000,3000,3000,3000,3000,3000,3000,3000,3000,3000,3000,3000,3000,3000,3000,3000,3000,3000,3000,3000,3000,3000,3000,3000,3000,3000,3000,3000,3000,3000
3000,3000,3000,3000,3000,3000,3000,3000,3000,3000,3000,3000,3000,3000,3000,3000,3000,3000,3000,3000,3000,3000,3000,3000,3000,3000,3000,3000,3000,3000,3000,3000,3000,3000,3000,3000,3000,3000,3000,3000,3000,3000,3000,3000,3000,3000,3000,3000,3000,3000,3000,3000,3000,3000,3000,3000,3000,3000,3000,3000,3000,3000,3000,3000,3000,3000,3000,3000,3000,3000,3000,3000,3000,3000,3000,3000,3000,3000,3000,3000,3000,3000,3000,3000,3000,3000,3000,3000,3000,3000,3000,3000,3000,3000,3000,3000,3000,3000,3000,3000,3000,3000,3000,3000,3000,3000,3000,3000,3000,3000,3000,3000,3000,3000,3000,3000,3000,3000,3000,3000,3000,3000,3000,3000,3000,3000,3000,3000,3000,3000,3000,3000,3000,3000,3000,3000,3000,3000,3000,3000,3000,3000,3000,3000,3000,3000,3000,3000,3000,3000,3000,3000,3000,3000,3000,3000,3000,3000,3000,3000
3000,3000,3000,3000,3000,3000,3000,3000,3000,3000,3000,3000,3000,3000,3000,3000,3000,3000,3000,3000,3000,3000,3000,3000,3000,3000,3000,3000,3000,3000,3000,3000,3000,3000,3000,3000,3000,3000,3000,3000,3000,3000,3000,3000,3000,3000,3000,3000,3000,3000,3000,3000,3000,3000,3000,3000,3000,3000,3000,3000,3000,3000,3000,3000,3000,3000,3000,3000,3000,3000,3000,3000,3000,3000,3000,3000,3000,3000,3000,3000,3000,3000,3000,3000,3000,3000,3000,3000,3000,3000,3000,3000,3000,3000,3000,3000,3000,3000,3000,3000,3000,3000,3000,3000,3000,3000,3000,3000,3000,3000,3000,3000,3000,3000,3000,3000,3000,3000,3000,3000,3000,3000,3000,3000,3000,3000,3000,3000,3000,3000,3000,3000,3000,3000,3000,3000,3000,3000,3000,3000,3000,3000,3000,3000,3000,3000,3000,3000,3000,3000,3000,3000,3000,3000,3000,3000,3000,3000,3000,3000
3000,3000,3000,3000,3000,3000,3000,3000,3000,3000,3000,3000,3000,3000,3000,3000,3000,3000,3000,3000,3000,3000,3000,3000,3000,3000,3000,3000,3000,3000,3000,3000,3000,3000,3000,3000,3000,3000,3000,3000,3000,3000,3000,3000,3000,3000,3000,3000,3000,3000,3000,3000,3000,3000,3000,3000,3000,3000,3000,3000,3000,3000,3000,3000,3000,3000,3000,3000,3000,3000,3000,3000,3000,3000,3000,3000,3000,3000,3000,3000,3000,3000,3000,3000,3000,3000,3000,3000,3000,3000,3000,3000,3000,3000,3000,3000,3000,3000,3000,3000,3000,3000,3000,3000,3000,3000,3000,3000,3000,3000,3000,3000,3000,3000,3000,3000,3000,3000,3000,3000,3000,3000,3000,3000,3000,3000,3000,3000,3000,3000,3000,3000,3000,3000,3000,3000,3000,3000,3000,3000,3000,3000,3000,3000,3000,3000,3000,3000,3000,3000,3000,3000,3000,3000,3000,3000,3000,3000,3000,3000
3000,3000,3000,3000,3000,3000,3000,3000,3000,3000,3000,3000,3000,3000,3000,3000,3000,3000,3000,3000,3000,3000,3000,3000,3000,3000,3000,3000,3000,3000,3000,3000,3000,3000,3000,3000,3000,3000,3000,3000,3000,3000,3000,3000,3000,3000,3000,3000,3000,3000,3000,3000,3000,3000,3000,3000,3000,3000,3000,3000,3000,3000,3000,3000,3000,3000,3000,3000,3000,3000,3000,3000,3000,3000,3000,3000,3000,3000,3000,3000,3000,3000,3000,3000,3000,3000,3000,3000,3000,3000,3000,3000,3000,3000,3000,3000,3000,3000,3000,3000,3000,3000,3000,3000,3000,3000,3000,3000,3000,3000,3000,3000,3000,3000,3000,3000,3000,3000,3000,3000,3000,3000,3000,3000,3000,3000,3000,3000,3000,3000,3000,3000,3000,3000,3000,3000,3000,3000,3000,3000,3000,3000,3000,3000,3000,3000,3000,3000,3000,3000,3000,3000,3000,3000,3000,3000,3000,3000,3000,3000
3000,3000,3000,3000,3000,3000,3000,3000,3000,3000,3000,3000,3000,3000,3000,3000,3000,3000,3000,3000,3000,3000,3000,3000,3000,3000,3000,3000,3000,3000,3000,3000,3000,3000,3000,3000,3000,3000,3000,3000,3000,3000,3000,3000,3000,3000,3000,3000,3000,3000,3000,3000,3000,3000,3000,3000,3000,3000,3000,3000,3000,3000,3000,3000,3000,3000,3000,3000,3000,3000,3000,3000,3000,3000,3000,3000,3000,3000,3000,3000,3000,3000,3000,3000,3000,3000,3000,3000,3000,3000,3000,3000,3000,3000,3000,3000,3000,3000,3000,3000,3000,3000,3000,3000,3000,3000,3000,3000,3000,3000,3000,3000,3000,3000,3000,3000,3000,3000,3000,3000,3000,3000,3000,3000,3000,3000,3000,3000,3000,3000,3000,3000,3000,3000,3000,3000,3000,3000,3000,3000,3000,3000,3000,3000,3000,3000,3000,3000,3000,3000,3000,3000,3000,3000,3000,3000,3000,3000,3000,3000
3000,3000,3000,3000,3000,3000,3000,3000,3000,3000,3000,3000,3000,3000,3000,3000,3000,3000,3000,3000,3000,3000,3000,3000,3000,3000,3000,3000,3000,3000,3000,3000,3000,3000,3000,3000,3000,3000,3000,3000,3000,3000,3000,3000,3000,3000,3000,3000,3000,3000,3000,3000,3000,3000,3000,3000,3000,3000,3000,3000,3000,3000,3000,3000,3000,3000,3000,3000,3000,3000,3000,3000,3000,3000,3000,3000,3000,3000,3000,3000,3000,3000,3000,3000,3000,3000,3000,3000,3000,3000,3000,3000,3000,3000,3000,3000,3000,3000,3000,3000,3000,3000,3000,3000,3000,3000,3000,3000,3000,3000,3000,3000,3000,3000,3000,3000,3000,3000,3000,3000,3000,3000,3000,3000,3000,3000,3000,3000,3000,3000,3000,3000,3000,3000,3000,3000,3000,3000,3000,3000,3000,3000,3000,3000,3000,3000,3000,3000,3000,3000,3000,3000,3000,3000,3000,3000,3000,3000,3000,3000
3000,3000,3000,3000,3000,3000,3000,3000,3000,3000,3000,3000,3000,3000,3000,3000,3000,3000,3000,3000,3000,3000,3000,3000,3000,3000,3000,3000,3000,3000,3000,3000,3000,3000,3000,3000,3000,3000,3000,3000,3000,3000,3000,3000,3000,3000,3000,3000,3000,3000,3000,3000,3000,3000,3000,3000,3000,3000,3000,3000,3000,3000,3000,3000,3000,3000,3000,3000,3000,3000,3000,3000,3000,3000,3000,3000,3000,3000,3000,3000,3000,3000,3000,3000,3000,3000,3000,3000,3000,3000,3000,3000,3000,3000,3000,3000,3000,3000,3000,3000,3000,3000,3000,3000,3000,3000,3000,3000,3000,3000,3000,3000,3000,3000,3000,3000,3000,3000,3000,3000,3000,3000,3000,3000,3000,3000,3000,3000,3000,3000,3000,3000,3000,3000,3000,3000,3000,3000,3000,3000,3000,3000,3000,3000,3000,3000,3000,3000,3000,3000,3000,3000,3000,3000,3000,3000,3000,3000,3000,3000
3000,3000,3000,3000,3000,3000,3000,3000,3000,3000,3000,3000,3000,3000,3000,3000,3000,3000,3000,3000,3000,3000,3000,3000,3000,3000,3000,3000,3000,3000,3000,3000,3000,3000,3000,3000,3000,3000,3000,3000,3000,3000,3000,3000,3000,3000,3000,3000,3000,3000,3000,3000,3000,3000,3000,3000,3000,3000,3000,3000,3000,3000,3000,3000,3000,3000,3000,3000,3000,3000,3000,3000,3000,3000,3000,3000,3000,3000,3000,3000,3000,3000,3000,3000,3000,3000,3000,3000,3000,3000,3000,3000,3000,3000,3000,3000,3000,3000,3000,3000,3000,3000,3000,3000,3000,3000,3000,3000,3000,3000,3000,3000,3000,3000,3000,3000,3000,3000,3000,3000,3000,3000,3000,3000,3000,3000,3000,3000,3000,3000,3000,3000,3000,3000,3000,3000,3000,3000,3000,3000,3000,3000,3000,3000,3000,3000,3000,3000,3000,3000,3000,3000,3000,3000,3000,3000,3000,3000,3000,3000
3000,3000,3000,3000,3000,3000,3000,3000,3000,3000,3000,3000,3000,3000,3000,3000,3000,3000,3000,3000,3000,3000,3000,3000,3000,3000,3000,3000,3000,3000,3000,3000,3000,3000,3000,3000,3000,3000,3000,3000,3000,3000,3000,3000,3000,3000,3000,3000,3000,3000,3000,3000,3000,3000,3000,3000,3000,3000,3000,3000,3000,3000,3000,3000,3000,3000,3000,3000,3000,3000,3000,3000,3000,3000,3000,3000,3000,3000,3000,3000,3000,3000,3000,3000,3000,3000,3000,3000,3000,3000,3000,3000,3000,3000,3000,3000,3000,3000,3000,3000,3000,3000,3000,3000,3000,3000,3000,3000,3000,3000,3000,3000,3000,3000,3000,3000,3000,3000,3000,3000,3000,3000,3000,3000,3000,3000,3000,3000,3000,3000,3000,3000,3000,3000,3000,3000,3000,3000,3000,3000,3000,3000,3000,3000,3000,3000,3000,3000,3000,3000,3000,3000,3000,3000,3000,3000,3000,3000,3000,3000
3000,3000,3000,3000,3000,3000,3000,3000,3000,3000,3000,3000,3000,3000,3000,3000,3000,3000,3000,3000,3000,3000,3000,3000,3000,3000,3000,3000,3000,3000,3000,3000,3000,3000,3000,3000,3000,3000,3000,3000,3000,3000,3000,3000,3000,3000,3000,3000,3000,3000,3000,3000,3000,3000,3000,3000,3000,3000,3000,3000,3000,3000,3000,3000,3000,3000,3000,3000,3000,3000,3000,3000,3000,3000,3000,3000,3000,3000,3000,3000,3000,3000,3000,3000,3000,3000,3000,3000,3000,3000,3000,3000,3000,3000,3000,3000,3000,3000,3000,3000,3000,3000,3000,3000,3000,3000,3000,3000,3000,3000,3000,3000,3000,3000,3000,3000,3000,3000,3000,3000,3000,3000,3000,3000,3000,3000,3000,3000,3000,3000,3000,3000,3000,3000,3000,3000,3000,3000,3000,3000,3000,3000,3000,3000,3000,3000,3000,3000,3000,3000,3000,3000,3000,3000,3000,3000,3000,3000,3000,3000
3000,3000,3000,3000,3000,3000,3000,3000,3000,3000,3000,3000,3000,3000,3000,3000,3000,3000,3000,3000,3000,3000,3000,3000,3000,3000,3000,3000,3000,3000,3000,3000,3000,3000,3000,3000,3000,3000,3000,3000,3000,3000,3000,3000,3000,3000,3000,3000,3000,3000,3000,3000,3000,3000,3000,3000,3000,3000,3000,3000,3000,3000,3000,3000,3000,3000,3000,3000,3000,3000,3000,3000,3000,3000,3000,3000,3000,3000,3000,3000,3000,3000,3000,3000,3000,3000,3000,3000,3000,3000,3000,3000,3000,3000,3000,3000,3000,3000,3000,3000,3000,3000,3000,3000,3000,3000,3000,3000,3000,3000,3000,3000,3000,3000,3000,3000,3000,3000,3000,3000,3000,3000,3000,3000,3000,3000,3000,3000,3000,3000,3000,3000,3000,3000,3000,3000,3000,3000,3000,3000,3000,3000,3000,3000,3000,3000,3000,3000,3000,3000,3000,3000,3000,3000,3000,3000,3000,3000,3000,3000
3000,3000,3000,3000,3000,3000,3000,3000,3000,3000,3000,3000,3000,3000,3000,3000,3000,3000,3000,3000,3000,3000,3000,3000,3000,3000,3000,3000,3000,3000,3000,3000,3000,3000,3000,3000,3000,3000,3000,3000,3000,3000,3000,3000,3000,3000,3000,3000,3000,3000,3000,3000,3000,3000,3000,3000,3000,3000,3000,3000,3000,3000,3000,3000,3000,3000,3000,3000,3000,3000,3000,3000,3000,3000,3000,3000,3000,3000,3000,3000,3000,3000,3000,3000,3000,3000,3000,3000,3000,3000,3000,3000,3000,3000,3000,3000,3000,3000,3000,3000,3000,3000,3000,3000,3000,3000,3000,3000,3000,3000,3000,3000,3000,3000,3000,3000,3000,3000,3000,3000,3000,3000,3000,3000,3000,3000,3000,3000,3000,3000,3000,3000,3000,3000,3000,3000,3000,3000,3000,3000,3000,3000,3000,3000,3000,3000,3000,3000,3000,3000,3000,3000,3000,3000,3000,3000,3000,3000,3000,3000
3000,3000,3000,3000,3000,3000,3000,3000,3000,3000,3000,3000,3000,3000,3000,3000,3000,3000,3000,3000,3000,3000,3000,3000,3000,3000,3000,3000,3000,3000,3000,3000,3000,3000,3000,3000,3000,3000,3000,3000,3000,3000,3000,3000,3000,3000,3000,3000,3000,3000,3000,3000,3000,3000,3000,3000,3000,3000,3000,3000,3000,3000,3000,3000,3000,3000,3000,3000,3000,3000,3000,3000,3000,3000,3000,3000,3000,3000,3000,3000,3000,3000,3000,3000,3000,3000,3000,3000,3000,3000,3000,3000,3000,3000,3000,3000,3000,3000,3000,3000,3000,3000,3000,3000,3000,3000,3000,3000,3000,3000,3000,3000,3000,3000,3000,3000,3000,3000,3000,3000,3000,3000,3000,3000,3000,3000,3000,3000,3000,3000,3000,3000,3000,3000,3000,3000,3000,3000,3000,3000,3000,3000,3000,3000,3000,3000,3000,3000,3000,3000,3000,3000,3000,3000,3000,3000,3000,3000,3000,3000
3000,3000,3000,3000,3000,3000,3000,3000,3000,3000,3000,3000,3000,3000,3000,3000,3000,3000,3000,3000,3000,3000,3000,3000,3000,3000,3000,3000,3000,3000,3000,3000,3000,3000,3000,3000,3000,3000,3000,3000,3000,3000,3000,3000,3000,3000,3000,3000,3000,3000,3000,3000,3000,3000,3000,3000,3000,3000,3000,3000,3000,3000,3000,3000,3000,3000,3000,3000,3000,3000,3000,3000,3000,3000,3000,3000,3000,3000,3000,3000,3000,3000,3000,3000,3000,3000,3000,3000,3000,3000,3000,3000,3000,3000,3000,3000,3000,3000,3000,3000,3000,3000,3000,3000,3000,3000,3000,3000,3000,3000,3000,3000,3000,3000,3000,3000,3000,3000,3000,3000,3000,3000,3000,3000,3000,3000,3000,3000,3000,3000,3000,3000,3000,3000,3000,3000,3000,3000,3000,3000,3000,3000,3000,3000,3000,3000,3000,3000,3000,3000,3000,3000,3000,3000,3000,3000,3000,3000,3000,3000
3000,3000,3000,3000,3000,3000,3000,3000,3000,3000,3000,3000,3000,3000,3000,3000,3000,3000,3000,3000,3000,3000,3000,3000,3000,3000,3000,3000,3000,3000,3000,3000,3000,3000,3000,3000,3000,3000,3000,3000,3000,3000,3000,3000,3000,3000,3000,3000,3000,3000,3000,3000,3000,3000,3000,3000,3000,3000,3000,3000,3000,3000,3000,3000,3000,3000,3000,3000,3000,3000,3000,3000,3000,3000,3000,3000,3000,3000,3000,3000,3000,3000,3000,3000,3000,3000,3000,3000,3000,3000,3000,3000,3000,3000,3000,3000,3000,3000,3000,3000,3000,3000,3000,3000,3000,3000,3000,3000,3000,3000,3000,3000,3000,3000,3000,3000,3000,3000,3000,3000,3000,3000,3000,3000,3000,3000,3000,3000,3000,3000,3000,3000,3000,3000,3000,3000,3000,3000,3000,3000,3000,3000,3000,3000,3000,3000,3000,3000,3000,3000,3000,3000,3000,3000,3000,3000,3000,3000,3000,3000
3000,3000,3000,3000,3000,3000,3000,3000,3000,3000,3000,3000,3000,3000,3000,3000,3000,3000,3000,3000,3000,3000,3000,3000,3000,3000,3000,3000,3000,3000,3000,3000,3000,3000,3000,3000,3000,3000,3000,3000,3000,3000,3000,3000,3000,3000,3000,3000,3000,3000,3000,3000,3000,3000,3000,3000,3000,3000,3000,3000,3000,3000,3000,3000,3000,3000,3000,3000,3000,3000,3000,3000,3000,3000,3000,3000,3000,3000,3000,3000,3000,3000,3000,3000,3000,3000,3000,3000,3000,3000,3000,3000,3000,3000,3000,3000,3000,3000,3000,3000,3000,3000,3000,3000,3000,3000,3000,3000,3000,3000,3000,3000,3000,3000,3000,3000,3000,3000,3000,3000,3000,3000,3000,3000,3000,3000,3000,3000,3000,3000,3000,3000,3000,3000,3000,3000,3000,3000,3000,3000,3000,3000,3000,3000,3000,3000,3000,3000,3000,3000,3000,3000,3000,3000,3000,3000,3000,3000,3000,3000
3000,3000,3000,3000,3000,3000,3000,3000,3000,3000,3000,3000,3000,3000,3000,3000,3000,3000,3000,3000,3000,3000,3000,3000,3000,3000,3000,3000,3000,3000,3000,3000,3000,3000,3000,3000,3000,3000,3000,3000,3000,3000,3000,3000,3000,3000,3000,3000,3000,3000,3000,3000,3000,3000,3000,3000,3000,3000,3000,3000,3000,3000,3000,3000,3000,3000,3000,3000,3000,3000,3000,3000,3000,3000,3000,3000,3000,3000,3000,3000,3000,3000,3000,3000,3000,3000,3000,3000,3000,3000,3000,3000,3000,3000,3000,3000,3000,3000,3000,3000,3000,3000,3000,3000,3000,3000,3000,3000,3000,3000,3000,3000,3000,3000,3000,3000,3000,3000,3000,3000,3000,3000,3000,3000,3000,3000,3000,3000,3000,3000,3000,3000,3000,3000,3000,3000,3000,3000,3000,3000,3000,3000,3000,3000,3000,3000,3000,3000,3000,3000,3000,3000,3000,3000,3000,3000,3000,3000,3000,3000
3000,3000,3000,3000,3000,3000,3000,3000,3000,3000,3000,3000,3000,3000,3000,3000,3000,3000,3000,3000,3000,3000,3000,3000,3000,3000,3000,3000,3000,3000,3000,3000,3000,3000,3000,3000,3000,3000,3000,3000,3000,3000,3000,3000,3000,3000,3000,3000,3000,3000,3000,3000,3000,3000,3000,3000,3000,3000,3000,3000,3000,3000,3000,3000,3000,3000,3000,3000,3000,3000,3000,3000,3000,3000,3000,3000,3000,3000,3000,3000,3000,3000,3000,3000,3000,3000,3000,3000,3000,3000,3000,3000,3000,3000,3000,3000,3000,3000,3000,3000,3000,3000,3000,3000,3000,3000,3000,3000,3000,3000,3000,3000,3000,3000,3000,3000,3000,3000,3000,3000,3000,3000,3000,3000,3000,3000,3000,3000,3000,3000,3000,3000,3000,3000,3000,3000,3000,3000,3000,3000,3000,3000,3000,3000,3000,3000,3000,3000,3000,3000,3000,3000,3000,3000,3000,3000,3000,3000,3000,3000
3000,3000,3000,3000,3000,3000,3000,3000,3000,3000,3000,3000,3000,3000,3000,3000,3000,3000,3000,3000,3000,3000,3000,3000,3000,3000,3000,3000,3000,3000,3000,3000,3000,3000,3000,3000,3000,3000,3000,3000,3000,3000,3000,3000,3000,3000,3000,3000,3000,3000,3000,3000,3000,3000,3000,3000,3000,3000,3000,3000,3000,3000,3000,3000,3000,3000,3000,3000,3000,3000,3000,3000,3000,3000,3000,3000,3000,3000,3000,3000,3000,3000,3000,3000,3000,3000,3000,3000,3000,3000,3000,3000,3000,3000,3000,3000,3000,3000,3000,3000,3000,3000,3000,3000,3000,3000,3000,3000,3000,3000,3000,3000,3000,3000,3000,3000,3000,3000,3000,3000,3000,3000,3000,3000,3000,3000,3000,3000,3000,3000,3000,3000,3000,3000,3000,3000,3000,3000,3000,3000,3000,3000,3000,3000,3000,3000,3000,3000,3000,3000,3000,3000,3000,3000,3000,3000,3000,3000,3000,3000
3000,3000,3000,3000,3000,3000,3000,3000,3000,3000,3000,3000,3000,3000,3000,3000,3000,3000,3000,3000,3000,3000,3000,3000,3000,3000,3000,3000,3000,3000,3000,3000,3000,3000,3000,3000,3000,3000,3000,3000,3000,3000,3000,3000,3000,3000,3000,3000,3000,3000,3000,3000,3000,3000,3000,3000,3000,3000,3000,3000,3000,3000,3000,3000,3000,3000,3000,3000,3000,3000,3000,3000,3000,3000,3000,3000,3000,3000,3000,3000,3000,3000,3000,3000,3000,3000,3000,3000,3000,3000,3000,3000,3000,3000,3000,3000,3000,3000,3000,3000,3000,3000,3000,3000,3000,3000,3000,3000,3000,3000,3000,3000,3000,3000,3000,3000,3000,3000,3000,3000,3000,3000,3000,3000,3000,3000,3000,3000,3000,3000,3000,3000,3000,3000,3000,3000,3000,3000,3000,3000,3000,3000,3000,3000,3000,3000,3000,3000,3000,3000,3000,3000,3000,3000,3000,3000,3000,3000,3000,3000
3000,3000,3000,3000,3000,3000,3000,3000,3000,3000,3000,3000,3000,3000,3000,3000,3000,3000,3000,3000,3000,3000,3000,3000,3000,3000,3000,3000,3000,3000,3000,3000,3000,3000,3000,3000,3000,3000,3000,3000,3000,3000,3000,3000,3000,3000,3000,3000,3000,3000,3000,3000,3000,3000,3000,3000,3000,3000,3000,3000,3000,3000,3000,3000,3000,3000,3000,3000,3000,3000,3000,3000,3000,3000,3000,3000,3000,3000,3000,3000,3000,3000,3000,3000,3000,3000,3000,3000,3000,3000,3000,3000,3000,3000,3000,3000,3000,3000,3000,3000,3000,3000,3000,3000,3000,3000,3000,3000,3000,3000,3000,3000,3000,3000,3000,3000,3000,3000,3000,3000,3000,3000,3000,3000,3000,3000,3000,3000,3000,3000,3000,3000,3000,3000,3000,3000,3000,3000,3000,3000,3000,3000,3000,3000,3000,3000,3000,3000,3000,3000,3000,3000,3000,3000,3000,3000,3000,3000,3000,3000
3000,3000,3000,3000,3000,3000,3000,3000,3000,3000,3000,3000,3000,3000,3000,3000,3000,3000,3000,3000,3000,3000,3000,3000,3000,3000,3000,3000,3000,3000,3000,3000,3000,3000,3000,3000,3000,3000,3000,3000,3000,3000,3000,3000,3000,3000,3000,3000,3000,3000,3000,3000,3000,3000,3000,3000,3000,3000,3000,3000,3000,3000,3000,3000,3000,3000,3000,3000,3000,3000,3000,3000,3000,3000,3000,3000,3000,3000,3000,3000,3000,3000,3000,3000,3000,3000,3000,3000,3000,3000,3000,3000,3000,3000,3000,3000,3000,3000,3000,3000,3000,3000,3000,3000,3000,3000,3000,3000,3000,3000,3000,3000,3000,3000,3000,3000,3000,3000,3000,3000,3000,3000,3000,3000,3000,3000,3000,3000,3000,3000,3000,3000,3000,3000,3000,3000,3000,3000,3000,3000,3000,3000,3000,3000,3000,3000,3000,3000,3000,3000,3000,3000,3000,3000,3000,3000,3000,3000,3000,3000
3000,3000,3000,3000,3000,3000,3000,3000,3000,3000,3000,3000,3000,3000,3000,3000,3000,3000,3000,3000,3000,3000,3000,3000,3000,3000,3000,3000,3000,3000,3000,3000,3000,3000,3000,3000,3000,3000,3000,3000,3000,3000,3000,3000,3000,3000,3000,3000,3000,3000,3000,3000,3000,3000,3000,3000,3000,3000,3000,3000,3000,3000,3000,3000,3000,3000,3000,3000,3000,3000,3000,3000,3000,3000,3000,3000,3000,3000,3000,3000,3000,3000,3000,3000,3000,3000,3000,3000,3000,3000,3000,3000,3000,3000,3000,3000,3000,3000,3000,3000,3000,3000,3000,3000,3000,3000,3000,3000,3000,3000,3000,3000,3000,3000,3000,3000,3000,3000,3000,3000,3000,3000,3000,3000,3000,3000,3000,3000,3000,3000,3000,3000,3000,3000,3000,3000,3000,3000,3000,3000,3000,3000,3000,3000,3000,3000,3000,3000,3000,3000,3000,3000,3000,3000,3000,3000,3000,3000,3000,3000
3000,3000,3000,3000,3000,3000,3000,3000,3000,3000,3000,3000,3000,3000,3000,3000,3000,3000,3000,3000,3000,3000,3000,3000,3000,3000,3000,3000,3000,3000,3000,3000,3000,3000,3000,3000,3000,3000,3000,3000,3000,3000,3000,3000,3000,3000,3000,3000,3000,3000,3000,3000,3000,3000,3000,3000,3000,3000,3000,3000,3000,3000,3000,3000,3000,3000,3000,3000,3000,3000,3000,3000,3000,3000,3000,3000,3000,3000,3000,3000,3000,3000,3000,3000,3000,3000,3000,3000,3000,3000,3000,3000,3000,3000,3000,3000,3000,3000,3000,3000,3000,3000,3000,3000,3000,3000,3000,3000,3000,3000,3000,3000,3000,3000,3000,3000,3000,3000,3000,3000,3000,3000,3000,3000,3000,3000,3000,3000,3000,3000,3000,3000,3000,3000,3000,3000,3000,3000,3000,3000,3000,3000,3000,3000,3000,3000,3000,3000,3000,3000,3000,3000,3000,3000,3000,3000,3000,3000,3000,3000
3000,3000,3000,3000,3000,3000,3000,3000,3000,3000,3000,3000,3000,3000,3000,3000,3000,3000,3000,3000,3000,3000,3000,3000,3000,3000,3000,3000,3000,3000,3000,3000,3000,3000,3000,3000,3000,3000,3000,3000,3000,3000,3000,3000,3000,3000,3000,3000,3000,3000,3000,3000,3000,3000,3000,3000,3000,3000,3000,3000,3000,3000,3000,3000,3000,3000,3000,3000,3000,3000,3000,3000,3000,3000,3000,3000,3000,3000,3000,3000,3000,3000,3000,3000,3000,3000,3000,3000,3000,3000,3000,3000,3000,3000,3000,3000,3000,3000,3000,3000,3000,3000,3000,3000,3000,3000,3000,3000,3000,3000,3000,3000,3000,3000,3000,3000,3000,3000,3000,3000,3000,3000,3000,3000,3000,3000,3000,3000,3000,3000,3000,3000,3000,3000,3000,3000,3000,3000,3000,3000,3000,3000,3000,3000,3000,3000,3000,3000,3000,3000,3000,3000,3000,3000,3000,3000,3000,3000,3000,3000
3000,3000,3000,3000,3000,3000,3000,3000,3000,3000,3000,3000,3000,3000,3000,3000,3000,3000,3000,3000,3000,3000,3000,3000,3000,3000,3000,3000,3000,3000,3000,3000,3000,3000,3000,3000,3000,3000,3000,3000,3000,3000,3000,3000,3000,3000,3000,3000,3000,3000,3000,3000,3000,3000,3000,3000,3000,3000,3000,3000,3000,3000,3000,3000,3000,3000,3000,3000,3000,3000,3000,3000,3000,3000,3000,3000,3000,3000,3000,3000,3000,3000,3000,3000,3000,3000,3000,3000,3000,3000,3000,3000,3000,3000,3000,3000,3000,3000,3000,3000,3000,3000,3000,3000,3000,3000,3000,3000,3000,3000,3000,3000,3000,3000,3000,3000,3000,3000,3000,3000,3000,3000,3000,3000,3000,3000,3000,3000,3000,3000,3000,3000,3000,3000,3000,3000,3000,3000,3000,3000,3000,3000,3000,3000,3000,3000,3000,3000,3000,3000,3000,3000,3000,3000,3000,3000,3000,3000,3000,3000
3000,3000,3000,3000,3000,3000,3000,3000,3000,3000,3000,3000,3000,3000,3000,3000,3000,3000,3000,3000,3000,3000,3000,3000,3000,3000,3000,3000,3000,3000,3000,3000,3000,3000,3000,3000,3000,3000,3000,3000,3000,3000,3000,3000,3000,3000,3000,3000,3000,3000,3000,3000,3000,3000,3000,3000,3000,3000,3000,3000,3000,3000,3000,3000,3000,3000,3000,3000,3000,3000,3000,3000,3000,3000,3000,3000,3000,3000,3000,3000,3000,3000,3000,3000,3000,3000,3000,3000,3000,3000,3000,3000,3000,3000,3000,3000,3000,3000,3000,3000,3000,3000,3000,3000,3000,3000,3000,3000,3000,3000,3000,3000,3000,3000,3000,3000,3000,3000,3000,3000,3000,3000,3000,3000,3000,3000,3000,3000,3000,3000,3000,3000,3000,3000,3000,3000,3000,3000,3000,3000,3000,3000,3000,3000,3000,3000,3000,3000,3000,3000,3000,3000,3000,3000,3000,3000,3000,3000,3000,3000
3000,3000,3000,3000,3000,3000,3000,3000,3000,3000,3000,3000,3000,3000,3000,3000,3000,3000,3000,3000,3000,3000,3000,3000,3000,3000,3000,3000,3000,3000,3000,3000,3000,3000,3000,3000,3000,3000,3000,3000,3000,3000,3000,3000,3000,3000,3000,3000,3000,3000,3000,3000,3000,3000,3000,3000,3000,3000,3000,3000,3000,3000,3000,3000,3000,3000,3000,3000,3000,3000,3000,3000,3000,3000,3000,3000,3000,3000,3000,3000,3000,3000,3000,3000,3000,3000,3000,3000,3000,3000,3000,3000,3000,3000,3000,3000,3000,3000,3000,3000,3000,3000,3000,3000,3000,3000,3000,3000,3000,3000,3000,3000,3000,3000,3000,3000,3000,3000,3000,3000,3000,3000,3000,3000,3000,3000,3000,3000,3000,3000,3000,3000,3000,3000,3000,3000,3000,3000,3000,3000,3000,3000,3000,3000,3000,3000,3000,3000,3000,3000,3000,3000,3000,3000,3000,3000,3000,3000,3000,3000
3000,3000,3000,3000,3000,3000,3000,3000,3000,3000,3000,3000,3000,3000,3000,3000,3000,3000,3000,3000,3000,3000,3000,3000,3000,3000,3000,3000,3000,3000,3000,3000,3000,3000,3000,3000,3000,3000,3000,3000,3000,3000,3000,3000,3000,3000,3000,3000,3000,3000,3000,3000,3000,3000,3000,3000,3000,3000,3000,3000,3000,3000,3000,3000,3000,3000,3000,3000,3000,3000,3000,3000,3000,3000,3000,3000,3000,3000,3000,3000,3000,3000,3000,3000,3000,3000,3000,3000,3000,3000,3000,3000,3000,3000,3000,3000,3000,3000,3000,3000,3000,3000,3000,3000,3000,3000,3000,3000,3000,3000,3000,3000,3000,3000,3000,3000,3000,3000,3000,3000,3000,3000,3000,3000,3000,3000,3000,3000,3000,3000,3000,3000,3000,3000,3000,3000,3000,3000,3000,3000,3000,3000,3000,3000,3000,3000,3000,3000,3000,3000,3000,3000,3000,3000,3000,3000,3000,3000,3000,3000
3000,3000,3000,3000,3000,3000,3000,3000,3000,3000,3000,3000,3000,3000,3000,3000,3000,3000,3000,3000,3000,3000,3000,3000,3000,3000,3000,3000,3000,3000,3000,3000,3000,3000,3000,3000,3000,3000,3000,3000,3000,3000,3000,3000,3000,3000,3000,3000,3000,3000,3000,3000,3000,3000,3000,3000,3000,3000,3000,3000,3000,3000,3000,3000,3000,3000,3000,3000,3000,3000,3000,3000,3000,3000,3000,3000,3000,3000,3000,3000,3000,3000,3000,3000,3000,3000,3000,3000,3000,3000,3000,3000,3000,3000,3000,3000,3000,3000,3000,3000,3000,3000,3000,3000,3000,3000,3000,3000,3000,3000,3000,3000,3000,3000,3000,3000,3000,3000,3000,3000,3000,3000,3000,3000,3000,3000,3000,3000,3000,3000,3000,3000,3000,3000,3000,3000,3000,3000,3000,3000,3000,3000,3000,3000,3000,3000,3000,3000,3000,3000,3000,3000,3000,3000,3000,3000,3000,3000,3000,3000
3000,3000,3000,3000,3000,3000,3000,3000,3000,3000,3000,3000,3000,3000,3000,3000,3000,3000,3000,3000,3000,3000,3000,3000,3000,3000,3000,3000,3000,3000,3000,3000,3000,3000,3000,3000,3000,3000,3000,3000,3000,3000,3000,3000,3000,3000,3000,3000,3000,3000,3000,3000,3000,3000,3000,3000,3000,3000,3000,3000,3000,3000,3000,3000,3000,3000,3000,3000,3000,3000,3000,3000,3000,3000,3000,3000,3000,3000,3000,3000,3000,3000,3000,3000,3000,3000,3000,3000,3000,3000,3000,3000,3000,3000,3000,3000,3000,3000,3000,3000,3000,3000,3000,3000,3000,3000,3000,3000,3000,3000,3000,3000,3000,3000,3000,3000,3000,3000,3000,3000,3000,3000,3000,3000,3000,3000,3000,3000,3000,3000,3000,3000,3000,3000,3000,3000,3000,3000,3000,3000,3000,3000,3000,3000,3000,3000,3000,3000,3000,3000,3000,3000,3000,3000,3000,3000,3000,3000,3000,3000
3000,3000,3000,3000,3000,3000,3000,3000,3000,3000,3000,3000,3000,3000,3000,3000,3000,3000,3000,3000,3000,3000,3000,3000,3000,3000,3000,3000,3000,3000,3000,3000,3000,3000,3000,3000,3000,3000,3000,3000,3000,3000,3000,3000,3000,3000,3000,3000,3000,3000,3000,3000,3000,3000,3000,3000,3000,3000,3000,3000,3000,3000,3000,3000,3000,3000,3000,3000,3000,3000,3000,3000,3000,3000,3000,3000,3000,3000,3000,3000,3000,3000,3000,3000,3000,3000,3000,3000,3000,3000,3000,3000,3000,3000,3000,3000,3000,3000,3000,3000,3000,3000,3000,3000,3000,3000,3000,3000,3000,3000,3000,3000,3000,3000,3000,3000,3000,3000,3000,3000,3000,3000,3000,3000,3000,3000,3000,3000,3000,3000,3000,3000,3000,3000,3000,3000,3000,3000,3000,3000,3000,3000,3000,3000,3000,3000,3000,3000,3000,3000,3000,3000,3000,3000,3000,3000,3000,3000,3000,3000
3000,3000,3000,3000,3000,3000,3000,3000,3000,3000,3000,3000,3000,3000,3000,3000,3000,3000,3000,3000,3000,3000,3000,3000,3000,3000,3000,3000,3000,3000,3000,3000,3000,3000,3000,3000,3000,3000,3000,3000,3000,3000,3000,3000,3000,3000,3000,3000,3000,3000,3000,3000,3000,3000,3000,3000,3000,3000,3000,3000,3000,3000,3000,3000,3000,3000,3000,3000,3000,3000,3000,3000,3000,3000,3000,3000,3000,3000,3000,3000,3000,3000,3000,3000,3000,3000,3000,3000,3000,3000,3000,3000,3000,3000,3000,3000,3000,3000,3000,3000,3000,3000,3000,3000,3000,3000,3000,3000,3000,3000,3000,3000,3000,3000,3000,3000,3000,3000,3000,3000,3000,3000,3000,3000,3000,3000,3000,3000,3000,3000,3000,3000,3000,3000,3000,3000,3000,3000,3000,3000,3000,3000,3000,3000,3000,3000,3000,3000,3000,3000,3000,3000,3000,3000,3000,3000,3000,3000,3000,3000
3000,3000,3000,3000,3000,3000,3000,3000,3000,3000,3000,3000,3000,3000,3000,3000,3000,3000,3000,3000,3000,3000,3000,3000,3000,3000,3000,3000,3000,3000,3000,3000,3000,3000,3000,3000,3000,3000,3000,3000,3000,3000,3000,3000,3000,3000,3000,3000,3000,3000,3000,3000,3000,3000,3000,3000,3000,3000,3000,3000,3000,3000,3000,3000,3000,3000,3000,3000,3000,3000,3000,3000,3000,3000,3000,3000,3000,3000,3000,3000,3000,3000,3000,3000,3000,3000,3000,3000,3000,3000,3000,3000,3000,3000,3000,3000,3000,3000,3000,3000,3000,3000,3000,3000,3000,3000,3000,3000,3000,3000,3000,3000,3000,3000,3000,3000,3000,3000,3000,3000,3000,3000,3000,3000,3000,3000,3000,3000,3000,3000,3000,3000,3000,3000,3000,3000,3000,3000,3000,3000,3000,3000,3000,3000,3000,3000,3000,3000,3000,3000,3000,3000,3000,3000,3000,3000,3000,3000,3000,3000
3000,3000,3000,3000,3000,3000,3000,3000,3000,3000,3000,3000,3000,3000,3000,3000,3000,3000,3000,3000,3000,3000,3000,3000,3000,3000,3000,3000,3000,3000,3000,3000,3000,3000,3000,3000,3000,3000,3000,3000,3000,3000,3000,3000,3000,3000,3000,3000,3000,3000,3000,3000,3000,3000,3000,3000,3000,3000,3000,3000,3000,3000,3000,3000,3000,3000,3000,3000,3000,3000,3000,3000,3000,3000,3000,3000,3000,3000,3000,3000,3000,3000,3000,3000,3000,3000,3000,3000,3000,3000,3000,3000,3000,3000,3000,3000,3000,3000,3000,3000,3000,3000,3000,3000,3000,3000,3000,3000,3000,3000,3000,3000,3000,3000,3000,3000,3000,3000,3000,3000,3000,3000,3000,3000,3000,3000,3000,3000,3000,3000,3000,3000,3000,3000,3000,3000,3000,3000,3000,3000,3000,3000,3000,3000,3000,3000,3000,3000,3000,3000,3000,3000,3000,3000,3000,3000,3000,3000,3000,3000
3000,3000,3000,3000,3000,3000,3000,3000,3000,3000,3000,3000,3000,3000,3000,3000,3000,3000,3000,3000,3000,3000,3000,3000,3000,3000,3000,3000,3000,3000,3000,3000,3000,3000,3000,3000,3000,3000,3000,3000,3000,3000,3000,3000,3000,3000,3000,3000,3000,3000,3000,3000,3000,3000,3000,3000,3000,3000,3000,3000,3000,3000,3000,3000,3000,3000,3000,3000,3000,3000,3000,3000,3000,3000,3000,3000,3000,3000,3000,3000,3000,3000,3000,3000,3000,3000,3000,3000,3000,3000,3000,3000,3000,3000,3000,3000,3000,3000,3000,3000,3000,3000,3000,3000,3000,3000,3000,3000,3000,3000,3000,3000,3000,3000,3000,3000,3000,3000,3000,3000,3000,3000,3000,3000,3000,3000,3000,3000,3000,3000,3000,3000,3000,3000,3000,3000,3000,3000,3000,3000,3000,3000,3000,3000,3000,3000,3000,3000,3000,3000,3000,3000,3000,3000,3000,3000,3000,3000,3000,3000
3000,3000,3000,3000,3000,3000,3000,3000,3000,3000,3000,3000,3000,3000,3000,3000,3000,3000,3000,3000,3000,3000,3000,3000,3000,3000,3000,3000,3000,3000,3000,3000,3000,3000,3000,3000,3000,3000,3000,3000,3000,3000,3000,3000,3000,3000,3000,3000,3000,3000,3000,3000,3000,3000,3000,3000,3000,3000,3000,3000,3000,3000,3000,3000,3000,3000,3000,3000,3000,3000,3000,3000,3000,3000,3000,3000,3000,3000,3000,3000,3000,3000,3000,3000,3000,3000,3000,3000,3000,3000,3000,3000,3000,3000,3000,3000,3000,3000,3000,3000,3000,3000,3000,3000,3000,3000,3000,3000,3000,3000,3000,3000,3000,3000,3000,3000,3000,3000,3000,3000,3000,3000,3000,3000,3000,3000,3000,3000,3000,3000,3000,3000,3000,3000,3000,3000,3000,3000,3000,3000,3000,3000,3000,3000,3000,3000,3000,3000,3000,3000,3000,3000,3000,3000,3000,3000,3000,3000,3000,3000
3000,3000,3000,3000,3000,3000,3000,3000,3000,3000,3000,3000,3000,3000,3000,3000,3000,3000,3000,3000,3000,3000,3000,3000,3000,3000,3000,3000,3000,3000,3000,3000,3000,3000,3000,3000,3000,3000,3000,3000,3000,3000,3000,3000,3000,3000,3000,3000,3000,3000,3000,3000,3000,3000,3000,3000,3000,3000,3000,3000,3000,3000,3000,3000,3000,3000,3000,3000,3000,3000,3000,3000,3000,3000,3000,3000,3000,3000,3000,3000,3000,3000,3000,3000,3000,3000,3000,3000,3000,3000,3000,3000,3000,3000,3000,3000,3000,3000,3000,3000,3000,3000,3000,3000,3000,3000,3000,3000,3000,3000,3000,3000,3000,3000,3000,3000,3000,3000,3000,3000,3000,3000,3000,3000,3000,3000,3000,3000,3000,3000,3000,3000,3000,3000,3000,3000,3000,3000,3000,3000,3000,3000,3000,3000,3000,3000,3000,3000,3000,3000,3000,3000,3000,3000,3000,3000,3000,3000,3000,3000
3000,3000,3000,3000,3000,3000,3000,3000,3000,3000,3000,3000,3000,3000,3000,3000,3000,3000,3000,3000,3000,3000,3000,3000,3000,3000,3000,3000,3000,3000,3000,3000,3000,3000,3000,3000,3000,3000,3000,3000,3000,3000,3000,3000,3000,3000,3000,3000,3000,3000,3000,3000,3000,3000,3000,3000,3000,3000,3000,3000,3000,3000,3000,3000,3000,3000,3000,3000,3000,3000,3000,3000,3000,3000,3000,3000,3000,3000,3000,3000,3000,3000,3000,3000,3000,3000,3000,3000,3000,3000,3000,3000,3000,3000,3000,3000,3000,3000,3000,3000,3000,3000,3000,3000,3000,3000,3000,3000,3000,3000,3000,3000,3000,3000,3000,3000,3000,3000,3000,3000,3000,3000,3000,3000,3000,3000,3000,3000,3000,3000,3000,3000,3000,3000,3000,3000,3000,3000,3000,3000,3000,3000,3000,3000,3000,3000,3000,3000,3000,3000,3000,3000,3000,3000,3000,3000,3000,3000,3000,3000
3000,3000,3000,3000,3000,3000,3000,3000,3000,3000,3000,3000,3000,3000,3000,3000,3000,3000,3000,3000,3000,3000,3000,3000,3000,3000,3000,3000,3000,3000,3000,3000,3000,3000,3000,3000,3000,3000,3000,3000,3000,3000,3000,3000,3000,3000,3000,3000,3000,3000,3000,3000,3000,3000,3000,3000,3000,3000,3000,3000,3000,3000,3000,3000,3000,3000,3000,3000,3000,3000,3000,3000,3000,3000,3000,3000,3000,3000,3000,3000,3000,3000,3000,3000,3000,3000,3000,3000,3000,3000,3000,3000,3000,3000,3000,3000,3000,3000,3000,3000,3000,3000,3000,3000,3000,3000,3000,3000,3000,3000,3000,3000,3000,3000,3000,3000,3000,3000,3000,3000,3000,3000,3000,3000,3000,3000,3000,3000,3000,3000,3000,3000,3000,3000,3000,3000,3000,3000,3000,3000,3000,3000,3000,3000,3000,3000,3000,3000,3000,3000,3000,3000,3000,3000,3000,3000,3000,3000,3000,3000
3000,3000,3000,3000,3000,3000,3000,3000,3000,3000,3000,3000,3000,3000,3000,3000,3000,3000,3000,3000,3000,3000,3000,3000,3000,3000,3000,3000,3000,3000,3000,3000,3000,3000,3000,3000,3000,3000,3000,3000,3000,3000,3000,3000,3000,3000,3000,3000,3000,3000,3000,3000,3000,3000,3000,3000,3000,3000,3000,3000,3000,3000,3000,3000,3000,3000,3000,3000,3000,3000,3000,3000,3000,3000,3000,3000,3000,3000,3000,3000,3000,3000,3000,3000,3000,3000,3000,3000,3000,3000,3000,3000,3000,3000,3000,3000,3000,3000,3000,3000,3000,3000,3000,3000,3000,3000,3000,3000,3000,3000,3000,3000,3000,3000,3000,3000,3000,3000,3000,3000,3000,3000,3000,3000,3000,3000,3000,3000,3000,3000,3000,3000,3000,3000,3000,3000,3000,3000,3000,3000,3000,3000,3000,3000,3000,3000,3000,3000,3000,3000,3000,3000,3000,3000,3000,3000,3000,3000,3000,3000
3000,3000,3000,3000,3000,3000,3000,3000,3000,3000,3000,3000,3000,3000,3000,3000,3000,3000,3000,3000,3000,3000,3000,3000,3000,3000,3000,3000,3000,3000,3000,3000,3000,3000,3000,3000,3000,3000,3000,3000,3000,3000,3000,3000,3000,3000,3000,3000,3000,3000,3000,3000,3000,3000,3000,3000,3000,3000,3000,3000,3000,3000,3000,3000,3000,3000,3000,3000,3000,3000,3000,3000,3000,3000,3000,3000,3000,3000,3000,3000,3000,3000,3000,3000,3000,3000,3000,3000,3000,3000,3000,3000,3000,3000,3000,3000,3000,3000,3000,3000,3000,3000,3000,3000,3000,3000,3000,3000,3000,3000,3000,3000,3000,3000,3000,3000,3000,3000,3000,3000,3000,3000,3000,3000,3000,3000,3000,3000,3000,3000,3000,3000,3000,3000,3000,3000,3000,3000,3000,3000,3000,3000,3000,3000,3000,3000,3000,3000,3000,3000,3000,3000,3000,3000,3000,3000,3000,3000,3000,3000
3000,3000,3000,3000,3000,3000,3000,3000,3000,3000,3000,3000,3000,3000,3000,3000,3000,3000,3000,3000,3000,3000,3000,3000,3000,3000,3000,3000,3000,3000,3000,3000,3000,3000,3000,3000,3000,3000,3000,3000,3000,3000,3000,3000,3000,3000,3000,3000,3000,3000,3000,3000,3000,3000,3000,3000,3000,3000,3000,3000,3000,3000,3000,3000,3000,3000,3000,3000,3000,3000,3000,3000,3000,3000,3000,3000,3000,3000,3000,3000,3000,3000,3000,3000,3000,3000,3000,3000,3000,3000,3000,3000,3000,3000,3000,3000,3000,3000,3000,3000,3000,3000,3000,3000,3000,3000,3000,3000,3000,3000,3000,3000,3000,3000,3000,3000,3000,3000,3000,3000,3000,3000,3000,3000,3000,3000,3000,3000,3000,3000,3000,3000,3000,3000,3000,3000,3000,3000,3000,3000,3000,3000,3000,3000,3000,3000,3000,3000,3000,3000,3000,3000,3000,3000,3000,3000,3000,3000,3000,3000
3000,3000,3000,3000,3000,3000,3000,3000,3000,3000,3000,3000,3000,3000,3000,3000,3000,3000,3000,3000,3000,3000,3000,3000,3000,3000,3000,3000,3000,3000,3000,3000,3000,3000,3000,3000,3000,3000,3000,3000,3000,3000,3000,3000,3000,3000,3000,3000,3000,3000,3000,3000,3000,3000,3000,3000,3000,3000,3000,3000,3000,3000,3000,3000,3000,3000,3000,3000,3000,3000,3000,3000,3000,3000,3000,3000,3000,3000,3000,3000,3000,3000,3000,3000,3000,3000,3000,3000,3000,3000,3000,3000,3000,3000,3000,3000,3000,3000,3000,3000,3000,3000,3000,3000,3000,3000,3000,3000,3000,3000,3000,3000,3000,3000,3000,3000,3000,3000,3000,3000,3000,3000,3000,3000,3000,3000,3000,3000,3000,3000,3000,3000,3000,3000,3000,3000,3000,3000,3000,3000,3000,3000,3000,3000,3000,3000,3000,3000,3000,3000,3000,3000,3000,3000,3000,3000,3000,3000,3000,3000
3000,3000,3000,3000,3000,3000,3000,3000,3000,3000,3000,3000,3000,3000,3000,3000,3000,3000,3000,3000,3000,3000,3000,3000,3000,3000,3000,3000,3000,3000,3000,3000,3000,3000,3000,3000,3000,3000,3000,3000,3000,3000,3000,3000,3000,3000,3000,3000,3000,3000,3000,3000,3000,3000,3000,3000,3000,3000,3000,3000,3000,3000,3000,3000,3000,3000,3000,3000,3000,3000,3000,3000,3000,3000,3000,3000,3000,3000,3000,3000,3000,3000,3000,3000,3000,3000,3000,3000,3000,3000,3000,3000,3000,3000,3000,3000,3000,3000,3000,3000,3000,3000,3000,3000,3000,3000,3000,3000,3000,3000,3000,3000,3000,3000,3000,3000,3000,3000,3000,3000,3000,3000,3000,3000,3000,3000,3000,3000,3000,3000,3000,3000,3000,3000,3000,3000,3000,3000,3000,3000,3000,3000,3000,3000,3000,3000,3000,3000,3000,3000,3000,3000,3000,3000,3000,3000,3000,3000,3000,3000
3000,3000,3000,3000,3000,3000,3000,3000,3000,3000,3000,3000,3000,3000,3000,3000,3000,3000,3000,3000,3000,3000,3000,3000,3000,3000,3000,3000,3000,3000,3000,3000,3000,3000,3000,3000,3000,3000,3000,3000,3000,3000,3000,3000,3000,3000,3000,3000,3000,3000,3000,3000,3000,3000,3000,3000,3000,3000,3000,3000,3000,3000,3000,3000,3000,3000,3000,3000,3000,3000,3000,3000,3000,3000,3000,3000,3000,3000,3000,3000,3000,3000,3000,3000,3000,3000,3000,3000,3000,3000,3000,3000,3000,3000,3000,3000,3000,3000,3000,3000,3000,3000,3000,3000,3000,3000,3000,3000,3000,3000,3000,3000,3000,3000,3000,3000,3000,3000,3000,3000,3000,3000,3000,3000,3000,3000,3000,3000,3000,3000,3000,3000,3000,3000,3000,3000,3000,3000,3000,3000,3000,3000,3000,3000,3000,3000,3000,3000,3000,3000,3000,3000,3000,3000,3000,3000,3000,3000,3000,3000
3000,3000,3000,3000,3000,3000,3000,3000,3000,3000,3000,3000,3000,3000,3000,3000,3000,3000,3000,3000,3000,3000,3000,3000,3000,3000,3000,3000,3000,3000,3000,3000,3000,3000,3000,3000,3000,3000,3000,3000,3000,3000,3000,3000,3000,3000,3000,3000,3000,3000,3000,3000,3000,3000,3000,3000,3000,3000,3000,3000,3000,3000,3000,3000,3000,3000,3000,3000,3000,3000,3000,3000,3000,3000,3000,3000,3000,3000,3000,3000,3000,3000,3000,3000,3000,3000,3000,3000,3000,3000,3000,3000,3000,3000,3000,3000,3000,3000,3000,3000,3000,3000,3000,3000,3000,3000,3000,3000,3000,3000,3000,3000,3000,3000,3000,3000,3000,3000,3000,3000,3000,3000,3000,3000,3000,3000,3000,3000,3000,3000,3000,3000,3000,3000,3000,3000,3000,3000,3000,3000,3000,3000,3000,3000,3000,3000,3000,3000,3000,3000,3000,3000,3000,3000,3000,3000,3000,3000,3000,3000
3000,3000,3000,3000,3000,3000,3000,3000,3000,3000,3000,3000,3000,3000,3000,3000,3000,3000,3000,3000,3000,3000,3000,3000,3000,3000,3000,3000,3000,3000,3000,3000,3000,3000,3000,3000,3000,3000,3000,3000,3000,3000,3000,3000,3000,3000,3000,3000,3000,3000,3000,3000,3000,3000,3000,3000,3000,3000,3000,3000,3000,3000,3000,3000,3000,3000,3000,3000,3000,3000,3000,3000,3000,3000,3000,3000,3000,3000,3000,3000,3000,3000,3000,3000,3000,3000,3000,3000,3000,3000,3000,3000,3000,3000,3000,3000,3000,3000,3000,3000,3000,3000,3000,3000,3000,3000,3000,3000,3000,3000,3000,3000,3000,3000,3000,3000,3000,3000,3000,3000,3000,3000,3000,3000,3000,3000,3000,3000,3000,3000,3000,3000,3000,3000,3000,3000,3000,3000,3000,3000,3000,3000,3000,3000,3000,3000,3000,3000,3000,3000,3000,3000,3000,3000,3000,3000,3000,3000,3000,3000
3000,3000,3000,3000,3000,3000,3000,3000,3000,3000,3000,3000,3000,3000,3000,3000,3000,3000,3000,3000,3000,3000,3000,3000,3000,3000,3000,3000,3000,3000,3000,3000,3000,3000,3000,3000,3000,3000,3000,3000,3000,3000,3000,3000,3000,3000,3000,3000,3000,3000,3000,3000,3000,3000,3000,3000,3000,3000,3000,3000,3000,3000,3000,3000,3000,3000,3000,3000,3000,3000,3000,3000,3000,3000,3000,3000,3000,3000,3000,3000,3000,3000,3000,3000,3000,3000,3000,3000,3000,3000,3000,3000,3000,3000,3000,3000,3000,3000,3000,3000,3000,3000,3000,3000,3000,3000,3000,3000,3000,3000,3000,3000,3000,3000,3000,3000,3000,3000,3000,3000,3000,3000,3000,3000,3000,3000,3000,3000,3000,3000,3000,3000,3000,3000,3000,3000,3000,3000,3000,3000,3000,3000,3000,3000,3000,3000,3000,3000,3000,3000,3000,3000,3000,3000,3000,3000,3000,3000,3000,3000
3000,3000,3000,3000,3000,3000,3000,3000,3000,3000,3000,3000,3000,3000,3000,3000,3000,3000,3000,3000,3000,3000,3000,3000,3000,3000,3000,3000,3000,3000,3000,3000,3000,3000,3000,3000,3000,3000,3000,3000,3000,3000,3000,3000,3000,3000,3000,3000,3000,3000,3000,3000,3000,3000,3000,3000,3000,3000,3000,3000,3000,3000,3000,3000,3000,3000,3000,3000,3000,3000,3000,3000,3000,3000,3000,3000,3000,3000,3000,3000,3000,3000,3000,3000,3000,3000,3000,3000,3000,3000,3000,3000,3000,3000,3000,3000,3000,3000,3000,3000,3000,3000,3000,3000,3000,3000,3000,3000,3000,3000,3000,3000,3000,3000,3000,3000,3000,3000,3000,3000,3000,3000,3000,3000,3000,3000,3000,3000,3000,3000,3000,3000,3000,3000,3000,3000,3000,3000,3000,3000,3000,3000,3000,3000,3000,3000,3000,3000,3000,3000,3000,3000,3000,3000,3000,3000,3000,3000,3000,3000
3000,3000,3000,3000,3000,3000,3000,3000,3000,3000,3000,3000,3000,3000,3000,3000,3000,3000,3000,3000,3000,3000,3000,3000,3000,3000,3000,3000,3000,3000,3000,3000,3000,3000,3000,3000,3000,3000,3000,3000,3000,3000,3000,3000,3000,3000,3000,3000,3000,3000,3000,3000,3000,3000,3000,3000,3000,3000,3000,3000,3000,3000,3000,3000,3000,3000,3000,3000,3000,3000,3000,3000,3000,3000,3000,3000,3000,3000,3000,3000,3000,3000,3000,3000,3000,3000,3000,3000,3000,3000,3000,3000,3000,3000,3000,3000,3000,3000,3000,3000,3000,3000,3000,3000,3000,3000,3000,3000,3000,3000,3000,3000,3000,3000,3000,3000,3000,3000,3000,3000,3000,3000,3000,3000,3000,3000,3000,3000,3000,3000,3000,3000,3000,3000,3000,3000,3000,3000,3000,3000,3000,3000,3000,3000,3000,3000,3000,3000,3000,3000,3000,3000,3000,3000,3000,3000,3000,3000,3000,3000
3000,3000,3000,3000,3000,3000,3000,3000,3000,3000,3000,3000,3000,3000,3000,3000,3000,3000,3000,3000,3000,3000,3000,3000,3000,3000,3000,3000,3000,3000,3000,3000,3000,3000,3000,3000,3000,3000,3000,3000,3000,3000,3000,3000,3000,3000,3000,3000,3000,3000,3000,3000,3000,3000,3000,3000,3000,3000,3000,3000,3000,3000,3000,3000,3000,3000,3000,3000,3000,3000,3000,3000,3000,3000,3000,3000,3000,3000,3000,3000,3000,3000,3000,3000,3000,3000,3000,3000,3000,3000,3000,3000,3000,3000,3000,3000,3000,3000,3000,3000,3000,3000,3000,3000,3000,3000,3000,3000,3000,3000,3000,3000,3000,3000,3000,3000,3000,3000,3000,3000,3000,3000,3000,3000,3000,3000,3000,3000,3000,3000,3000,3000,3000,3000,3000,3000,3000,3000,3000,3000,3000,3000,3000,3000,3000,3000,3000,3000,3000,3000,3000,3000,3000,3000,3000,3000,3000,3000,3000,3000
3000,3000,3000,3000,3000,3000,3000,3000,3000,3000,3000,3000,3000,3000,3000,3000,3000,3000,3000,3000,3000,3000,3000,3000,3000,3000,3000,3000,3000,3000,3000,3000,3000,3000,3000,3000,3000,3000,3000,3000,3000,3000,3000,3000,3000,3000,3000,3000,3000,3000,3000,3000,3000,3000,3000,3000,3000,3000,3000,3000,3000,3000,3000,3000,3000,3000,3000,3000,3000,3000,3000,3000,3000,3000,3000,3000,3000,3000,3000,3000,3000,3000,3000,3000,3000,3000,3000,3000,3000,3000,3000,3000,3000,3000,3000,3000,3000,3000,3000,3000,3000,3000,3000,3000,3000,3000,3000,3000,3000,3000,3000,3000,3000,3000,3000,3000,3000,3000,3000,3000,3000,3000,3000,3000,3000,3000,3000,3000,3000,3000,3000,3000,3000,3000,3000,3000,3000,3000,3000,3000,3000,3000,3000,3000,3000,3000,3000,3000,3000,3000,3000,3000,3000,3000,3000,3000,3000,3000,3000,3000
3000,3000,3000,3000,3000,3000,3000,3000,3000,3000,3000,3000,3000,3000,3000,3000,3000,3000,3000,3000,3000,3000,3000,3000,3000,3000,3000,3000,3000,3000,3000,3000,3000,3000,3000,3000,3000,3000,3000,3000,3000,3000,3000,3000,3000,3000,3000,3000,3000,3000,3000,3000,3000,3000,3000,3000,3000,3000,3000,3000,3000,3000,3000,3000,3000,3000,3000,3000,3000,3000,3000,3000,3000,3000,3000,3000,3000,3000,3000,3000,3000,3000,3000,3000,3000,3000,3000,3000,3000,3000,3000,3000,3000,3000,3000,3000,3000,3000,3000,3000,3000,3000,3000,3000,3000,3000,3000,3000,3000,3000,3000,3000,3000,3000,3000,3000,3000,3000,3000,3000,3000,3000,3000,3000,3000,3000,3000,3000,3000,3000,3000,3000,3000,3000,3000,3000,3000,3000,3000,3000,3000,3000,3000,3000,3000,3000,3000,3000,3000,3000,3000,3000,3000,3000,3000,3000,3000,3000,3000,3000
3000,3000,3000,3000,3000,3000,3000,3000,3000,3000,3000,3000,3000,3000,3000,3000,3000,3000,3000,3000,3000,3000,3000,3000,3000,3000,3000,3000,3000,3000,3000,3000,3000,3000,3000,3000,3000,3000,3000,3000,3000,3000,3000,3000,3000,3000,3000,3000,3000,3000,3000,3000,3000,3000,3000,3000,3000,3000,3000,3000,3000,3000,3000,3000,3000,3000,3000,3000,3000,3000,3000,3000,3000,3000,3000,3000,3000,3000,3000,3000,3000,3000,3000,3000,3000,3000,3000,3000,3000,3000,3000,3000,3000,3000,3000,3000,3000,3000,3000,3000,3000,3000,3000,3000,3000,3000,3000,3000,3000,3000,3000,3000,3000,3000,3000,3000,3000,3000,3000,3000,3000,3000,3000,3000,3000,3000,3000,3000,3000,3000,3000,3000,3000,3000,3000,3000,3000,3000,3000,3000,3000,3000,3000,3000,3000,3000,3000,3000,3000,3000,3000,3000,3000,3000,3000,3000,3000,3000,3000,3000
3000,3000,3000,3000,3000,3000,3000,3000,3000,3000,3000,3000,3000,3000,3000,3000,3000,3000,3000,3000,3000,3000,3000,3000,3000,3000,3000,3000,3000,3000,3000,3000,3000,3000,3000,3000,3000,3000,3000,3000,3000,3000,3000,3000,3000,3000,3000,3000,3000,3000,3000,3000,3000,3000,3000,3000,3000,3000,3000,3000,3000,3000,3000,3000,3000,3000,3000,3000,3000,3000,3000,3000,3000,3000,3000,3000,3000,3000,3000,3000,3000,3000,3000,3000,3000,3000,3000,3000,3000,3000,3000,3000,3000,3000,3000,3000,3000,3000,3000,3000,3000,3000,3000,3000,3000,3000,3000,3000,3000,3000,3000,3000,3000,3000,3000,3000,3000,3000,3000,3000,3000,3000,3000,3000,3000,3000,3000,3000,3000,3000,3000,3000,3000,3000,3000,3000,3000,3000,3000,3000,3000,3000,3000,3000,3000,3000,3000,3000,3000,3000,3000,3000,3000,3000,3000,3000,3000,3000,3000,3000
3000,3000,3000,3000,3000,3000,3000,3000,3000,3000,3000,3000,3000,3000,3000,3000,3000,3000,3000,3000,3000,3000,3000,3000,3000,3000,3000,3000,3000,3000,3000,3000,3000,3000,3000,3000,3000,3000,3000,3000,3000,3000,3000,3000,3000,3000,3000,3000,3000,3000,3000,3000,3000,3000,3000,3000,3000,3000,3000,3000,3000,3000,3000,3000,3000,3000,3000,3000,3000,3000,3000,3000,3000,3000,3000,3000,3000,3000,3000,3000,3000,3000,3000,3000,3000,3000,3000,3000,3000,3000,3000,3000,3000,3000,3000,3000,3000,3000,3000,3000,3000,3000,3000,3000,3000,3000,3000,3000,3000,3000,3000,3000,3000,3000,3000,3000,3000,3000,3000,3000,3000,3000,3000,3000,3000,3000,3000,3000,3000,3000,3000,3000,3000,3000,3000,3000,3000,3000,3000,3000,3000,3000,3000,3000,3000,3000,3000,3000,3000,3000,3000,3000,3000,3000,3000,3000,3000,3000,3000,3000
3000,3000,3000,3000,3000,3000,3000,3000,3000,3000,3000,3000,3000,3000,3000,3000,3000,3000,3000,3000,3000,3000,3000,3000,3000,3000,3000,3000,3000,3000,3000,3000,3000,3000,3000,3000,3000,3000,3000,3000,3000,3000,3000,3000,3000,3000,3000,3000,3000,3000,3000,3000,3000,3000,3000,3000,3000,3000,3000,3000,3000,3000,3000,3000,3000,3000,3000,3000,3000,3000,3000,3000,3000,3000,3000,3000,3000,3000,3000,3000,3000,3000,3000,3000,3000,3000,3000,3000,3000,3000,3000,3000,3000,3000,3000,3000,3000,3000,3000,3000,3000,3000,3000,3000,3000,3000,3000,3000,3000,3000,3000,3000,3000,3000,3000,3000,3000,3000,3000,3000,3000,3000,3000,3000,3000,3000,3000,3000,3000,3000,3000,3000,3000,3000,3000,3000,3000,3000,3000,3000,3000,3000,3000,3000,3000,3000,3000,3000,3000,3000,3000,3000,3000,3000,3000,3000,3000,3000,3000,3000
3000,3000,3000,3000,3000,3000,3000,3000,3000,3000,3000,3000,3000,3000,3000,3000,3000,3000,3000,3000,3000,3000,3000,3000,3000,3000,3000,3000,3000,3000,3000,3000,3000,3000,3000,3000,3000,3000,3000,3000,3000,3000,3000,3000,3000,3000,3000,3000,3000,3000,3000,3000,3000,3000,3000,3000,3000,3000,3000,3000,3000,3000,3000,3000,3000,3000,3000,3000,3000,3000,3000,3000,3000,3000,3000,3000,3000,3000,3000,3000,3000,3000,3000,3000,3000,3000,3000,3000,3000,3000,3000,3000,3000,3000,3000,3000,3000,3000,3000,3000,3000,3000,3000,3000,3000,3000,3000,3000,3000,3000,3000,3000,3000,3000,3000,3000,3000,3000,3000,3000,3000,3000,3000,3000,3000,3000,3000,3000,3000,3000,3000,3000,3000,3000,3000,3000,3000,3000,3000,3000,3000,3000,3000,3000,3000,3000,3000,3000,3000,3000,3000,3000,3000,3000,3000,3000,3000,3000,3000,3000
3000,3000,3000,3000,3000,3000,3000,3000,3000,3000,3000,3000,3000,3000,3000,3000,3000,3000,3000,3000,3000,3000,3000,3000,3000,3000,3000,3000,3000,3000,3000,3000,3000,3000,3000,3000,3000,3000,3000,3000,3000,3000,3000,3000,3000,3000,3000,3000,3000,3000,3000,3000,3000,3000,3000,3000,3000,3000,3000,3000,3000,3000,3000,3000,3000,3000,3000,3000,3000,3000,3000,3000,3000,3000,3000,3000,3000,3000,3000,3000,3000,3000,3000,3000,3000,3000,3000,3000,3000,3000,3000,3000,3000,3000,3000,3000,3000,3000,3000,3000,3000,3000,3000,3000,3000,3000,3000,3000,3000,3000,3000,3000,3000,3000,3000,3000,3000,3000,3000,3000,3000,3000,3000,3000,3000,3000,3000,3000,3000,3000,3000,3000,3000,3000,3000,3000,3000,3000,3000,3000,3000,3000,3000,3000,3000,3000,3000,3000,3000,3000,3000,3000,3000,3000,3000,3000,3000,3000,3000,3000
3000,3000,3000,3000,3000,3000,3000,3000,3000,3000,3000,3000,3000,3000,3000,3000,3000,3000,3000,3000,3000,3000,3000,3000,3000,3000,3000,3000,3000,3000,3000,3000,3000,3000,3000,3000,3000,3000,3000,3000,3000,3000,3000,3000,3000,3000,3000,3000,3000,3000,3000,3000,3000,3000,3000,3000,3000,3000,3000,3000,3000,3000,3000,3000,3000,3000,3000,3000,3000,3000,3000,3000,3000,3000,3000,3000,3000,3000,3000,3000,3000,3000,3000,3000,3000,3000,3000,3000,3000,3000,3000,3000,3000,3000,3000,3000,3000,3000,3000,3000,3000,3000,3000,3000,3000,3000,3000,3000,3000,3000,3000,3000,3000,3000,3000,3000,3000,3000,3000,3000,3000,3000,3000,3000,3000,3000,3000,3000,3000,3000,3000,3000,3000,3000,3000,3000,3000,3000,3000,3000,3000,3000,3000,3000,3000,3000,3000,3000,3000,3000,3000,3000,3000,3000,3000,3000,3000,3000,3000,3000
3000,3000,3000,3000,3000,3000,3000,3000,3000,3000,3000,3000,3000,3000,3000,3000,3000,3000,3000,3000,3000,3000,3000,3000,3000,3000,3000,3000,3000,3000,3000,3000,3000,3000,3000,3000,3000,3000,3000,3000,3000,3000,3000,3000,3000,3000,3000,3000,3000,3000,3000,3000,3000,3000,3000,3000,3000,3000,3000,3000,3000,3000,3000,3000,3000,3000,3000,3000,3000,3000,3000,3000,3000,3000,3000,3000,3000,3000,3000,3000,3000,3000,3000,3000,3000,3000,3000,3000,3000,3000,3000,3000,3000,3000,3000,3000,3000,3000,3000,3000,3000,3000,3000,3000,3000,3000,3000,3000,3000,3000,3000,3000,3000,3000,3000,3000,3000,3000,3000,3000,3000,3000,3000,3000,3000,3000,3000,3000,3000,3000,3000,3000,3000,3000,3000,3000,3000,3000,3000,3000,3000,3000,3000,3000,3000,3000,3000,3000,3000,3000,3000,3000,3000,3000,3000,3000,3000,3000,3000,3000
3000,3000,3000,3000,3000,3000,3000,3000,3000,3000,3000,3000,3000,3000,3000,3000,3000,3000,3000,3000,3000,3000,3000,3000,3000,3000,3000,3000,3000,3000,3000,3000,3000,3000,3000,3000,3000,3000,3000,3000,3000,3000,3000,3000,3000,3000,3000,3000,3000,3000,3000,3000,3000,3000,3000,3000,3000,3000,3000,3000,3000,3000,3000,3000,3000,3000,3000,3000,3000,3000,3000,3000,3000,3000,3000,3000,3000,3000,3000,3000,3000,3000,3000,3000,3000,3000,3000,3000,3000,3000,3000,3000,3000,3000,3000,3000,3000,3000,3000,3000,3000,3000,3000,3000,3000,3000,3000,3000,3000,3000,3000,3000,3000,3000,3000,3000,3000,3000,3000,3000,3000,3000,3000,3000,3000,3000,3000,3000,3000,3000,3000,3000,3000,3000,3000,3000,3000,3000,3000,3000,3000,3000,3000,3000,3000,3000,3000,3000,3000,3000,3000,3000,3000,3000,3000,3000,3000,3000,3000,3000
3000,3000,3000,3000,3000,3000,3000,3000,3000,3000,3000,3000,3000,3000,3000,3000,3000,3000,3000,3000,3000,3000,3000,3000,3000,3000,3000,3000,3000,3000,3000,3000,3000,3000,3000,3000,3000,3000,3000,3000,3000,3000,3000,3000,3000,3000,3000,3000,3000,3000,3000,3000,3000,3000,3000,3000,3000,3000,3000,3000,3000,3000,3000,3000,3000,3000,3000,3000,3000,3000,3000,3000,3000,3000,3000,3000,3000,3000,3000,3000,3000,3000,3000,3000,3000,3000,3000,3000,3000,3000,3000,3000,3000,3000,3000,3000,3000,3000,3000,3000,3000,3000,3000,3000,3000,3000,3000,3000,3000,3000,3000,3000,3000,3000,3000,3000,3000,3000,3000,3000,3000,3000,3000,3000,3000,3000,3000,3000,3000,3000,3000,3000,3000,3000,3000,3000,3000,3000,3000,3000,3000,3000,3000,3000,3000,3000,3000,3000,3000,3000,3000,3000,3000,3000,3000,3000,3000,3000,3000,3000
3000,3000,3000,3000,3000,3000,3000,3000,3000,3000,3000,3000,3000,3000,3000,3000,3000,3000,3000,3000,3000,3000,3000,3000,3000,3000,3000,3000,3000,3000,3000,3000,3000,3000,3000,3000,3000,3000,3000,3000,3000,3000,3000,3000,3000,3000,3000,3000,3000,3000,3000,3000,3000,3000,3000,3000,3000,3000,3000,3000,3000,3000,3000,3000,3000,3000,3000,3000,3000,3000,3000,3000,3000,3000,3000,3000,3000,3000,3000,3000,3000,3000,3000,3000,3000,3000,3000,3000,3000,3000,3000,3000,3000,3000,3000,3000,3000,3000,3000,3000,3000,3000,3000,3000,3000,3000,3000,3000,3000,3000,3000,3000,3000,3000,3000,3000,3000,3000,3000,3000,3000,3000,3000,3000,3000,3000,3000,3000,3000,3000,3000,3000,3000,3000,3000,3000,3000,3000,3000,3000,3000,3000,3000,3000,3000,3000,3000,3000,3000,3000,3000,3000,3000,3000,3000,3000,3000,3000,3000,3000
3000,3000,3000,3000,3000,3000,3000,3000,3000,3000,3000,3000,3000,3000,3000,3000,3000,3000,3000,3000,3000,3000,3000,3000,3000,3000,3000,3000,3000,3000,3000,3000,3000,3000,3000,3000,3000,3000,3000,3000,3000,3000,3000,3000,3000,3000,3000,3000,3000,3000,3000,3000,3000,3000,3000,3000,3000,3000,3000,3000,3000,3000,3000,3000,3000,3000,3000,3000,3000,3000,3000,3000,3000,3000,3000,3000,3000,3000,3000,3000,3000,3000,3000,3000,3000,3000,3000,3000,3000,3000,3000,3000,3000,3000,3000,3000,3000,3000,3000,3000,3000,3000,3000,3000,3000,3000,3000,3000,3000,3000,3000,3000,3000,3000,3000,3000,3000,3000,3000,3000,3000,3000,3000,3000,3000,3000,3000,3000,3000,3000,3000,3000,3000,3000,3000,3000,3000,3000,3000,3000,3000,3000,3000,3000,3000,3000,3000,3000,3000,3000,3000,3000,3000,3000,3000,3000,3000,3000,3000,3000
3000,3000,3000,3000,3000,3000,3000,3000,3000,3000,3000,3000,3000,3000,3000,3000,3000,3000,3000,3000,3000,3000,3000,3000,3000,3000,3000,3000,3000,3000,3000,3000,3000,3000,3000,3000,3000,3000,3000,3000,3000,3000,3000,3000,3000,3000,3000,3000,3000,3000,3000,3000,3000,3000,3000,3000,3000,3000,3000,3000,3000,3000,3000,3000,3000,3000,3000,3000,3000,3000,3000,3000,3000,3000,3000,3000,3000,3000,3000,3000,3000,3000,3000,3000,3000,3000,3000,3000,3000,3000,3000,3000,3000,3000,3000,3000,3000,3000,3000,3000,3000,3000,3000,3000,3000,3000,3000,3000,3000,3000,3000,3000,3000,3000,3000,3000,3000,3000,3000,3000,3000,3000,3000,3000,3000,3000,3000,3000,3000,3000,3000,3000,3000,3000,3000,3000,3000,3000,3000,3000,3000,3000,3000,3000,3000,3000,3000,3000,3000,3000,3000,3000,3000,3000,3000,3000,3000,3000,3000,3000
3000,3000,3000,3000,3000,3000,3000,3000,3000,3000,3000,3000,3000,3000,3000,3000,3000,3000,3000,3000,3000,3000,3000,3000,3000,3000,3000,3000,3000,3000,3000,3000,3000,3000,3000,3000,3000,3000,3000,3000,3000,3000,3000,3000,3000,3000,3000,3000,3000,3000,3000,3000,3000,3000,3000,3000,3000,3000,3000,3000,3000,3000,3000,3000,3000,3000,3000,3000,3000,3000,3000,3000,3000,3000,3000,3000,3000,3000,3000,3000,3000,3000,3000,3000,3000,3000,3000,3000,3000,3000,3000,3000,3000,3000,3000,3000,3000,3000,3000,3000,3000,3000,3000,3000,3000,3000,3000,3000,3000,3000,3000,3000,3000,3000,3000,3000,3000,3000,3000,3000,3000,3000,3000,3000,3000,3000,3000,3000,3000,3000,3000,3000,3000,3000,3000,3000,3000,3000,3000,3000,3000,3000,3000,3000,3000,3000,3000,3000,3000,3000,3000,3000,3000,3000,3000,3000,3000,3000,3000,3000
3000,3000,3000,3000,3000,3000,3000,3000,3000,3000,3000,3000,3000,3000,3000,3000,3000,3000,3000,3000,3000,3000,3000,3000,3000,3000,3000,3000,3000,3000,3000,3000,3000,3000,3000,3000,3000,3000,3000,3000,3000,3000,3000,3000,3000,3000,3000,3000,3000,3000,3000,3000,3000,3000,3000,3000,3000,3000,3000,3000,3000,3000,3000,3000,3000,3000,3000,3000,3000,3000,3000,3000,3000,3000,3000,3000,3000,3000,3000,3000,3000,3000,3000,3000,3000,3000,3000,3000,3000,3000,3000,3000,3000,3000,3000,3000,3000,3000,3000,3000,3000,3000,3000,3000,3000,3000,3000,3000,3000,3000,3000,3000,3000,3000,3000,3000,3000,3000,3000,3000,3000,3000,3000,3000,3000,3000,3000,3000,3000,3000,3000,3000,3000,3000,3000,3000,3000,3000,3000,3000,3000,3000,3000,3000,3000,3000,3000,3000,3000,3000,3000,3000,3000,3000,3000,3000,3000,3000,3000,3000
3000,3000,3000,3000,3000,3000,3000,3000,3000,3000,3000,3000,3000,3000,3000,3000,3000,3000,3000,3000,3000,3000,3000,3000,3000,3000,3000,3000,3000,3000,3000,3000,3000,3000,3000,3000,3000,3000,3000,3000,3000,3000,3000,3000,3000,3000,3000,3000,3000,3000,3000,3000,3000,3000,3000,3000,3000,3000,3000,3000,3000,3000,3000,3000,3000,3000,3000,3000,3000,3000,3000,3000,3000,3000,3000,3000,3000,3000,3000,3000,3000,3000,3000,3000,3000,3000,3000,3000,3000,3000,3000,3000,3000,3000,3000,3000,3000,3000,3000,3000,3000,3000,3000,3000,3000,3000,3000,3000,3000,3000,3000,3000,3000,3000,3000,3000,3000,3000,3000,3000,3000,3000,3000,3000,3000,3000,3000,3000,3000,3000,3000,3000,3000,3000,3000,3000,3000,3000,3000,3000,3000,3000,3000,3000,3000,3000,3000,3000,3000,3000,3000,3000,3000,3000,3000,3000,3000,3000,3000,3000
3000,3000,3000,3000,3000,3000,3000,3000,3000,3000,3000,3000,3000,3000,3000,3000,3000,3000,3000,3000,3000,3000,3000,3000,3000,3000,3000,3000,3000,3000,3000,3000,3000,3000,3000,3000,3000,3000,3000,3000,3000,3000,3000,3000,3000,3000,3000,3000,3000,3000,3000,3000,3000,3000,3000,3000,3000,3000,3000,3000,3000,3000,3000,3000,3000,3000,3000,3000,3000,3000,3000,3000,3000,3000,3000,3000,3000,3000,3000,3000,3000,3000,3000,3000,3000,3000,3000,3000,3000,3000,3000,3000,3000,3000,3000,3000,3000,3000,3000,3000,3000,3000,3000,3000,3000,3000,3000,3000,3000,3000,3000,3000,3000,3000,3000,3000,3000,3000,3000,3000,3000,3000,3000,3000,3000,3000,3000,3000,3000,3000,3000,3000,3000,3000,3000,3000,3000,3000,3000,3000,3000,3000,3000,3000,3000,3000,3000,3000,3000,3000,3000,3000,3000,3000,3000,3000,3000,3000,3000,3000
3000,3000,3000,3000,3000,3000,3000,3000,3000,3000,3000,3000,3000,3000,3000,3000,3000,3000,3000,3000,3000,3000,3000,3000,3000,3000,3000,3000,3000,3000,3000,3000,3000,3000,3000,3000,3000,3000,3000,3000,3000,3000,3000,3000,3000,3000,3000,3000,3000,3000,3000,3000,3000,3000,3000,3000,3000,3000,3000,3000,3000,3000,3000,3000,3000,3000,3000,3000,3000,3000,3000,3000,3000,3000,3000,3000,3000,3000,3000,3000,3000,3000,3000,3000,3000,3000,3000,3000,3000,3000,3000,3000,3000,3000,3000,3000,3000,3000,3000,3000,3000,3000,3000,3000,3000,3000,3000,3000,3000,3000,3000,3000,3000,3000,3000,3000,3000,3000,3000,3000,3000,3000,3000,3000,3000,3000,3000,3000,3000,3000,3000,3000,3000,3000,3000,3000,3000,3000,3000,3000,3000,3000,3000,3000,3000,3000,3000,3000,3000,3000,3000,3000,3000,3000,3000,3000,3000,3000,3000,3000
3000,3000,3000,3000,3000,3000,3000,3000,3000,3000,3000,3000,3000,3000,3000,3000,3000,3000,3000,3000,3000,3000,3000,3000,3000,3000,3000,3000,3000,3000,3000,3000,3000,3000,3000,3000,3000,3000,3000,3000,3000,3000,3000,3000,3000,3000,3000,3000,3000,3000,3000,3000,3000,3000,3000,3000,3000,3000,3000,3000,3000,3000,3000,3000,3000,3000,3000,3000,3000,3000,3000,3000,3000,3000,3000,3000,3000,3000,3000,3000,3000,3000,3000,3000,3000,3000,3000,3000,3000,3000,3000,3000,3000,3000,3000,3000,3000,3000,3000,3000,3000,3000,3000,3000,3000,3000,3000,3000,3000,3000,3000,3000,3000,3000,3000,3000,3000,3000,3000,3000,3000,3000,3000,3000,3000,3000,3000,3000,3000,3000,3000,3000,3000,3000,3000,3000,3000,3000,3000,3000,3000,3000,3000,3000,3000,3000,3000,3000,3000,3000,3000,3000,3000,3000,3000,3000,3000,3000,3000,3000
3000,3000,3000,3000,3000,3000,3000,3000,3000,3000,3000,3000,3000,3000,3000,3000,3000,3000,3000,3000,3000,3000,3000,3000,3000,3000,3000,3000,3000,3000,3000,3000,3000,3000,3000,3000,3000,3000,3000,3000,3000,3000,3000,3000,3000,3000,3000,3000,3000,3000,3000,3000,3000,3000,3000,3000,3000,3000,3000,3000,3000,3000,3000,3000,3000,3000,3000,3000,3000,3000,3000,3000,3000,3000,3000,3000,3000,3000,3000,3000,3000,3000,3000,3000,3000,3000,3000,3000,3000,3000,3000,3000,3000,3000,3000,3000,3000,3000,3000,3000,3000,3000,3000,3000,3000,3000,3000,3000,3000,3000,3000,3000,3000,3000,3000,3000,3000,3000,3000,3000,3000,3000,3000,3000,3000,3000,3000,3000,3000,3000,3000,3000,3000,3000,3000,3000,3000,3000,3000,3000,3000,3000,3000,3000,3000,3000,3000,3000,3000,3000,3000,3000,3000,3000,3000,3000,3000,3000,3000,3000
3000,3000,3000,3000,3000,3000,3000,3000,3000,3000,3000,3000,3000,3000,3000,3000,3000,3000,3000,3000,3000,3000,3000,3000,3000,3000,3000,3000,3000,3000,3000,3000,3000,3000,3000,3000,3000,3000,3000,3000,3000,3000,3000,3000,3000,3000,3000,3000,3000,3000,3000,3000,3000,3000,3000,3000,3000,3000,3000,3000,3000,3000,3000,3000,3000,3000,3000,3000,3000,3000,3000,3000,3000,3000,3000,3000,3000,3000,3000,3000,3000,3000,3000,3000,3000,3000,3000,3000,3000,3000,3000,3000,3000,3000,3000,3000,3000,3000,3000,3000,3000,3000,3000,3000,3000,3000,3000,3000,3000,3000,3000,3000,3000,3000,3000,3000,3000,3000,3000,3000,3000,3000,3000,3000,3000,3000,3000,3000,3000,3000,3000,3000,3000,3000,3000,3000,3000,3000,3000,3000,3000,3000,3000,3000,3000,3000,3000,3000,3000,3000,3000,3000,3000,3000,3000,3000,3000,3000,3000,3000
3000,3000,3000,3000,3000,3000,3000,3000,3000,3000,3000,3000,3000,3000,3000,3000,3000,3000,3000,3000,3000,3000,3000,3000,3000,3000,3000,3000,3000,3000,3000,3000,3000,3000,3000,3000,3000,3000,3000,3000,3000,3000,3000,3000,3000,3000,3000,3000,3000,3000,3000,3000,3000,3000,3000,3000,3000,3000,3000,3000,3000,3000,3000,3000,3000,3000,3000,3000,3000,3000,3000,3000,3000,3000,3000,3000,3000,3000,3000,3000,3000,3000,3000,3000,3000,3000,3000,3000,3000,3000,3000,3000,3000,3000,3000,3000,3000,3000,3000,3000,3000,3000,3000,3000,3000,3000,3000,3000,3000,3000,3000,3000,3000,3000,3000,3000,3000,3000,3000,3000,3000,3000,3000,3000,3000,3000,3000,3000,3000,3000,3000,3000,3000,3000,3000,3000,3000,3000,3000,3000,3000,3000,3000,3000,3000,3000,3000,3000,3000,3000,3000,3000,3000,3000,3000,3000,3000,3000,3000,3000
3000,3000,3000,3000,3000,3000,3000,3000,3000,3000,3000,3000,3000,3000,3000,3000,3000,3000,3000,3000,3000,3000,3000,3000,3000,3000,3000,3000,3000,3000,3000,3000,3000,3000,3000,3000,3000,3000,3000,3000,3000,3000,3000,3000,3000,3000,3000,3000,3000,3000,3000,3000,3000,3000,3000,3000,3000,3000,3000,3000,3000,3000,3000,3000,3000,3000,3000,3000,3000,3000,3000,3000,3000,3000,3000,3000,3000,3000,3000,3000,3000,3000,3000,3000,3000,3000,3000,3000,3000,3000,3000,3000,3000,3000,3000,3000,3000,3000,3000,3000,3000,3000,3000,3000,3000,3000,3000,3000,3000,3000,3000,3000,3000,3000,3000,3000,3000,3000,3000,3000,3000,3000,3000,3000,3000,3000,3000,3000,3000,3000,3000,3000,3000,3000,3000,3000,3000,3000,3000,3000,3000,3000,3000,3000,3000,3000,3000,3000,3000,3000,3000,3000,3000,3000,3000,3000,3000,3000,3000,3000
3000,3000,3000,3000,3000,3000,3000,3000,3000,3000,3000,3000,3000,3000,3000,3000,3000,3000,3000,3000,3000,3000,3000,3000,3000,3000,3000,3000,3000,3000,3000,3000,3000,3000,3000,3000,3000,3000,3000,3000,3000,3000,3000,3000,3000,3000,3000,3000,3000,3000,3000,3000,3000,3000,3000,3000,3000,3000,3000,3000,3000,3000,3000,3000,3000,3000,3000,3000,3000,3000,3000,3000,3000,3000,3000,3000,3000,3000,3000,3000,3000,3000,3000,3000,3000,3000,3000,3000,3000,3000,3000,3000,3000,3000,3000,3000,3000,3000,3000,3000,3000,3000,3000,3000,3000,3000,3000,3000,3000,3000,3000,3000,3000,3000,3000,3000,3000,3000,3000,3000,3000,3000,3000,3000,3000,3000,3000,3000,3000,3000,3000,3000,3000,3000,3000,3000,3000,3000,3000,3000,3000,3000,3000,3000,3000,3000,3000,3000,3000,3000,3000,3000,3000,3000,3000,3000,3000,3000,3000,3000
3000,3000,3000,3000,3000,3000,3000,3000,3000,3000,3000,3000,3000,3000,3000,3000,3000,3000,3000,3000,3000,3000,3000,3000,3000,3000,3000,3000,3000,3000,3000,3000,3000,3000,3000,3000,3000,3000,3000,3000,3000,3000,3000,3000,3000,3000,3000,3000,3000,3000,3000,3000,3000,3000,3000,3000,3000,3000,3000,3000,3000,3000,3000,3000,3000,3000,3000,3000,3000,3000,3000,3000,3000,3000,3000,3000,3000,3000,3000,3000,3000,3000,3000,3000,3000,3000,3000,3000,3000,3000,3000,3000,3000,3000,3000,3000,3000,3000,3000,3000,3000,3000,3000,3000,3000,3000,3000,3000,3000,3000,3000,3000,3000,3000,3000,3000,3000,3000,3000,3000,3000,3000,3000,3000,3000,3000,3000,3000,3000,3000,3000,3000,3000,3000,3000,3000,3000,3000,3000,3000,3000,3000,3000,3000,3000,3000,3000,3000,3000,3000,3000,3000,3000,3000,3000,3000,3000,3000,3000,3000
3000,3000,3000,3000,3000,3000,3000,3000,3000,3000,3000,3000,3000,3000,3000,3000,3000,3000,3000,3000,3000,3000,3000,3000,3000,3000,3000,3000,3000,3000,3000,3000,3000,3000,3000,3000,3000,3000,3000,3000,3000,3000,3000,3000,3000,3000,3000,3000,3000,3000,3000,3000,3000,3000,3000,3000,3000,3000,3000,3000,3000,3000,3000,3000,3000,3000,3000,3000,3000,3000,3000,3000,3000,3000,3000,3000,3000,3000,3000,3000,3000,3000,3000,3000,3000,3000,3000,3000,3000,3000,3000,3000,3000,3000,3000,3000,3000,3000,3000,3000,3000,3000,3000,3000,3000,3000,3000,3000,3000,3000,3000,3000,3000,3000,3000,3000,3000,3000,3000,3000,3000,3000,3000,3000,3000,3000,3000,3000,3000,3000,3000,3000,3000,3000,3000,3000,3000,3000,3000,3000,3000,3000,3000,3000,3000,3000,3000,3000,3000,3000,3000,3000,3000,3000,3000,3000,3000,3000,3000,3000
3000,3000,3000,3000,3000,3000,3000,3000,3000,3000,3000,3000,3000,3000,3000,3000,3000,3000,3000,3000,3000,3000,3000,3000,3000,3000,3000,3000,3000,3000,3000,3000,3000,3000,3000,3000,3000,3000,3000,3000,3000,3000,3000,3000,3000,3000,3000,3000,3000,3000,3000,3000,3000,3000,3000,3000,3000,3000,3000,3000,3000,3000,3000,3000,3000,3000,3000,3000,3000,3000,3000,3000,3000,3000,3000,3000,3000,3000,3000,3000,3000,3000,3000,3000,3000,3000,3000,3000,3000,3000,3000,3000,3000,3000,3000,3000,3000,3000,3000,3000,3000,3000,3000,3000,3000,3000,3000,3000,3000,3000,3000,3000,3000,3000,3000,3000,3000,3000,3000,3000,3000,3000,3000,3000,3000,3000,3000,3000,3000,3000,3000,3000,3000,3000,3000,3000,3000,3000,3000,3000,3000,3000,3000,3000,3000,3000,3000,3000,3000,3000,3000,3000,3000,3000,3000,3000,3000,3000,3000,3000
3000,3000,3000,3000,3000,3000,3000,3000,3000,3000,3000,3000,3000,3000,3000,3000,3000,3000,3000,3000,3000,3000,3000,3000,3000,3000,3000,3000,3000,3000,3000,3000,3000,3000,3000,3000,3000,3000,3000,3000,3000,3000,3000,3000,3000,3000,3000,3000,3000,3000,3000,3000,3000,3000,3000,3000,3000,3000,3000,3000,3000,3000,3000,3000,3000,3000,3000,3000,3000,3000,3000,3000,3000,3000,3000,3000,3000,3000,3000,3000,3000,3000,3000,3000,3000,3000,3000,3000,3000,3000,3000,3000,3000,3000,3000,3000,3000,3000,3000,3000,3000,3000,3000,3000,3000,3000,3000,3000,3000,3000,3000,3000,3000,3000,3000,3000,3000,3000,3000,3000,3000,3000,3000,3000,3000,3000,3000,3000,3000,3000,3000,3000,3000,3000,3000,3000,3000,3000,3000,3000,3000,3000,3000,3000,3000,3000,3000,3000,3000,3000,3000,3000,3000,3000,3000,3000,3000,3000,3000,3000
3000,3000,3000,3000,3000,3000,3000,3000,3000,3000,3000,3000,3000,3000,3000,3000,3000,3000,3000,3000,3000,3000,3000,3000,3000,3000,3000,3000,3000,3000,3000,3000,3000,3000,3000,3000,3000,3000,3000,3000,3000,3000,3000,3000,3000,3000,3000,3000,3000,3000,3000,3000,3000,3000,3000,3000,3000,3000,3000,3000,3000,3000,3000,3000,3000,3000,3000,3000,3000,3000,3000,3000,3000,3000,3000,3000,3000,3000,3000,3000,3000,3000,3000,3000,3000,3000,3000,3000,3000,3000,3000,3000,3000,3000,3000,3000,3000,3000,3000,3000,3000,3000,3000,3000,3000,3000,3000,3000,3000,3000,3000,3000,3000,3000,3000,3000,3000,3000,3000,3000,3000,3000,3000,3000,3000,3000,3000,3000,3000,3000,3000,3000,3000,3000,3000,3000,3000,3000,3000,3000,3000,3000,3000,3000,3000,3000,3000,3000,3000,3000,3000,3000,3000,3000,3000,3000,3000,3000,3000,3000
3000,3000,3000,3000,3000,3000,3000,3000,3000,3000,3000,3000,3000,3000,3000,3000,3000,3000,3000,3000,3000,3000,3000,3000,3000,3000,3000,3000,3000,3000,3000,3000,3000,3000,3000,3000,3000,3000,3000,3000,3000,3000,3000,3000,3000,3000,3000,3000,3000,3000,3000,3000,3000,3000,3000,3000,3000,3000,3000,3000,3000,3000,3000,3000,3000,3000,3000,3000,3000,3000,3000,3000,3000,3000,3000,3000,3000,3000,3000,3000,3000,3000,3000,3000,3000,3000,3000,3000,3000,3000,3000,3000,3000,3000,3000,3000,3000,3000,3000,3000,3000,3000,3000,3000,3000,3000,3000,3000,3000,3000,3000,3000,3000,3000,3000,3000,3000,3000,3000,3000,3000,3000,3000,3000,3000,3000,3000,3000,3000,3000,3000,3000,3000,3000,3000,3000,3000,3000,3000,3000,3000,3000,3000,3000,3000,3000,3000,3000,3000,3000,3000,3000,3000,3000,3000,3000,3000,3000,3000,3000
3000,3000,3000,3000,3000,3000,3000,3000,3000,3000,3000,3000,3000,3000,3000,3000,3000,3000,3000,3000,3000,3000,3000,3000,3000,3000,3000,3000,3000,3000,3000,3000,3000,3000,3000,3000,3000,3000,3000,3000,3000,3000,3000,3000,3000,3000,3000,3000,3000,3000,3000,3000,3000,3000,3000,3000,3000,3000,3000,3000,3000,3000,3000,3000,3000,3000,3000,3000,3000,3000,3000,3000,3000,3000,3000,3000,3000,3000,3000,3000,3000,3000,3000,3000,3000,3000,3000,3000,3000,3000,3000,3000,3000,3000,3000,3000,3000,3000,3000,3000,3000,3000,3000,3000,3000,3000,3000,3000,3000,3000,3000,3000,3000,3000,3000,3000,3000,3000,3000,3000,3000,3000,3000,3000,3000,3000,3000,3000,3000,3000,3000,3000,3000,3000,3000,3000,3000,3000,3000,3000,3000,3000,3000,3000,3000,3000,3000,3000,3000,3000,3000,3000,3000,3000,3000,3000,3000,3000,3000,3000
3000,3000,3000,3000,3000,3000,3000,3000,3000,3000,3000,3000,3000,3000,3000,3000,3000,3000,3000,3000,3000,3000,3000,3000,3000,3000,3000,3000,3000,3000,3000,3000,3000,3000,3000,3000,3000,3000,3000,3000,3000,3000,3000,3000,3000,3000,3000,3000,3000,3000,3000,3000,3000,3000,3000,3000,3000,3000,3000,3000,3000,3000,3000,3000,3000,3000,3000,3000,3000,3000,3000,3000,3000,3000,3000,3000,3000,3000,3000,3000,3000,3000,3000,3000,3000,3000,3000,3000,3000,3000,3000,3000,3000,3000,3000,3000,3000,3000,3000,3000,3000,3000,3000,3000,3000,3000,3000,3000,3000,3000,3000,3000,3000,3000,3000,3000,3000,3000,3000,3000,3000,3000,3000,3000,3000,3000,3000,3000,3000,3000,3000,3000,3000,3000,3000,3000,3000,3000,3000,3000,3000,3000,3000,3000,3000,3000,3000,3000,3000,3000,3000,3000,3000,3000,3000,3000,3000,3000,3000,3000
3000,3000,3000,3000,3000,3000,3000,3000,3000,3000,3000,3000,3000,3000,3000,3000,3000,3000,3000,3000,3000,3000,3000,3000,3000,3000,3000,3000,3000,3000,3000,3000,3000,3000,3000,3000,3000,3000,3000,3000,3000,3000,3000,3000,3000,3000,3000,3000,3000,3000,3000,3000,3000,3000,3000,3000,3000,3000,3000,3000,3000,3000,3000,3000,3000,3000,3000,3000,3000,3000,3000,3000,3000,3000,3000,3000,3000,3000,3000,3000,3000,3000,3000,3000,3000,3000,3000,3000,3000,3000,3000,3000,3000,3000,3000,3000,3000,3000,3000,3000,3000,3000,3000,3000,3000,3000,3000,3000,3000,3000,3000,3000,3000,3000,3000,3000,3000,3000,3000,3000,3000,3000,3000,3000,3000,3000,3000,3000,3000,3000,3000,3000,3000,3000,3000,3000,3000,3000,3000,3000,3000,3000,3000,3000,3000,3000,3000,3000,3000,3000,3000,3000,3000,3000,3000,3000,3000,3000,3000,3000
3000,3000,3000,3000,3000,3000,3000,3000,3000,3000,3000,3000,3000,3000,3000,3000,3000,3000,3000,3000,3000,3000,3000,3000,3000,3000,3000,3000,3000,3000,3000,3000,3000,3000,3000,3000,3000,3000,3000,3000,3000,3000,3000,3000,3000,3000,3000,3000,3000,3000,3000,3000,3000,3000,3000,3000,3000,3000,3000,3000,3000,3000,3000,3000,3000,3000,3000,3000,3000,3000,3000,3000,3000,3000,3000,3000,3000,3000,3000,3000,3000,3000,3000,3000,3000,3000,3000,3000,3000,3000,3000,3000,3000,3000,3000,3000,3000,3000,3000,3000,3000,3000,3000,3000,3000,3000,3000,3000,3000,3000,3000,3000,3000,3000,3000,3000,3000,3000,3000,3000,3000,3000,3000,3000,3000,3000,3000,3000,3000,3000,3000,3000,3000,3000,3000,3000,3000,3000,3000,3000,3000,3000,3000,3000,3000,3000,3000,3000,3000,3000,3000,3000,3000,3000,3000,3000,3000,3000,3000,3000
3000,3000,3000,3000,3000,3000,3000,3000,3000,3000,3000,3000,3000,3000,3000,3000,3000,3000,3000,3000,3000,3000,3000,3000,3000,3000,3000,3000,3000,3000,3000,3000,3000,3000,3000,3000,3000,3000,3000,3000,3000,3000,3000,3000,3000,3000,3000,3000,3000,3000,3000,3000,3000,3000,3000,3000,3000,3000,3000,3000,3000,3000,3000,3000,3000,3000,3000,3000,3000,3000,3000,3000,3000,3000,3000,3000,3000,3000,3000,3000,3000,3000,3000,3000,3000,3000,3000,3000,3000,3000,3000,3000,3000,3000,3000,3000,3000,3000,3000,3000,3000,3000,3000,3000,3000,3000,3000,3000,3000,3000,3000,3000,3000,3000,3000,3000,3000,3000,3000,3000,3000,3000,3000,3000,3000,3000,3000,3000,3000,3000,3000,3000,3000,3000,3000,3000,3000,3000,3000,3000,3000,3000,3000,3000,3000,3000,3000,3000,3000,3000,3000,3000,3000,3000,3000,3000,3000,3000,3000,3000
3000,3000,3000,3000,3000,3000,3000,3000,3000,3000,3000,3000,3000,3000,3000,3000,3000,3000,3000,3000,3000,3000,3000,3000,3000,3000,3000,3000,3000,3000,3000,3000,3000,3000,3000,3000,3000,3000,3000,3000,3000,3000,3000,3000,3000,3000,3000,3000,3000,3000,3000,3000,3000,3000,3000,3000,3000,3000,3000,3000,3000,3000,3000,3000,3000,3000,3000,3000,3000,3000,3000,3000,3000,3000,3000,3000,3000,3000,3000,3000,3000,3000,3000,3000,3000,3000,3000,3000,3000,3000,3000,3000,3000,3000,3000,3000,3000,3000,3000,3000,3000,3000,3000,3000,3000,3000,3000,3000,3000,3000,3000,3000,3000,3000,3000,3000,3000,3000,3000,3000,3000,3000,3000,3000,3000,3000,3000,3000,3000,3000,3000,3000,3000,3000,3000,3000,3000,3000,3000,3000,3000,3000,3000,3000,3000,3000,3000,3000,3000,3000,3000,3000,3000,3000,3000,3000,3000,3000,3000,3000
3000,3000,3000,3000,3000,3000,3000,3000,3000,3000,3000,3000,3000,3000,3000,3000,3000,3000,3000,3000,3000,3000,3000,3000,3000,3000,3000,3000,3000,3000,3000,3000,3000,3000,3000,3000,3000,3000,3000,3000,3000,3000,3000,3000,3000,3000,3000,3000,3000,3000,3000,3000,3000,3000,3000,3000,3000,3000,3000,3000,3000,3000,3000,3000,3000,3000,3000,3000,3000,3000,3000,3000,3000,3000,3000,3000,3000,3000,3000,3000,3000,3000,3000,3000,3000,3000,3000,3000,3000,3000,3000,3000,3000,3000,3000,3000,3000,3000,3000,3000,3000,3000,3000,3000,3000,3000,3000,3000,3000,3000,3000,3000,3000,3000,3000,3000,3000,3000,3000,3000,3000,3000,3000,3000,3000,3000,3000,3000,3000,3000,3000,3000,3000,3000,3000,3000,3000,3000,3000,3000,3000,3000,3000,3000,3000,3000,3000,3000,3000,3000,3000,3000,3000,3000,3000,3000,3000,3000,3000,3000
3000,3000,3000,3000,3000,3000,3000,3000,3000,3000,3000,3000,3000,3000,3000,3000,3000,3000,3000,3000,3000,3000,3000,3000,3000,3000,3000,3000,3000,3000,3000,3000,3000,3000,3000,3000,3000,3000,3000,3000,3000,3000,3000,3000,3000,3000,3000,3000,3000,3000,3000,3000,3000,3000,3000,3000,3000,3000,3000,3000,3000,3000,3000,3000,3000,3000,3000,3000,3000,3000,3000,3000,3000,3000,3000,3000,3000,3000,3000,3000,3000,3000,3000,3000,3000,3000,3000,3000,3000,3000,3000,3000,3000,3000,3000,3000,3000,3000,3000,3000,3000,3000,3000,3000,3000,3000,3000,3000,3000,3000,3000,3000,3000,3000,3000,3000,3000,3000,3000,3000,3000,3000,3000,3000,3000,3000,3000,3000,3000,3000,3000,3000,3000,3000,3000,3000,3000,3000,3000,3000,3000,3000,3000,3000,3000,3000,3000,3000,3000,3000,3000,3000,3000,3000,3000,3000,3000,3000,3000,3000
3000,3000,3000,3000,3000,3000,3000,3000,3000,3000,3000,3000,3000,3000,3000,3000,3000,3000,3000,3000,3000,3000,3000,3000,3000,3000,3000,3000,3000,3000,3000,3000,3000,3000,3000,3000,3000,3000,3000,3000,3000,3000,3000,3000,3000,3000,3000,3000,3000,3000,3000,3000,3000,3000,3000,3000,3000,3000,3000,3000,3000,3000,3000,3000,3000,3000,3000,3000,3000,3000,3000,3000,3000,3000,3000,3000,3000,3000,3000,3000,3000,3000,3000,3000,3000,3000,3000,3000,3000,3000,3000,3000,3000,3000,3000,3000,3000,3000,3000,3000,3000,3000,3000,3000,3000,3000,3000,3000,3000,3000,3000,3000,3000,3000,3000,3000,3000,3000,3000,3000,3000,3000,3000,3000,3000,3000,3000,3000,3000,3000,3000,3000,3000,3000,3000,3000,3000,3000,3000,3000,3000,3000,3000,3000,3000,3000,3000,3000,3000,3000,3000,3000,3000,3000,3000,3000,3000,3000,3000,3000
3000,3000,3000,3000,3000,3000,3000,3000,3000,3000,3000,3000,3000,3000,3000,3000,3000,3000,3000,3000,3000,3000,3000,3000,3000,3000,3000,3000,3000,3000,3000,3000,3000,3000,3000,3000,3000,3000,3000,3000,3000,3000,3000,3000,3000,3000,3000,3000,3000,3000,3000,3000,3000,3000,3000,3000,3000,3000,3000,3000,3000,3000,3000,3000,3000,3000,3000,3000,3000,3000,3000,3000,3000,3000,3000,3000,3000,3000,3000,3000,3000,3000,3000,3000,3000,3000,3000,3000,3000,3000,3000,3000,3000,3000,3000,3000,3000,3000,3000,3000,3000,3000,3000,3000,3000,3000,3000,3000,3000,3000,3000,3000,3000,3000,3000,3000,3000,3000,3000,3000,3000,3000,3000,3000,3000,3000,3000,3000,3000,3000,3000,3000,3000,3000,3000,3000,3000,3000,3000,3000,3000,3000,3000,3000,3000,3000,3000,3000,3000,3000,3000,3000,3000,3000,3000,3000,3000,3000,3000,3000
3000,3000,3000,3000,3000,3000,3000,3000,3000,3000,3000,3000,3000,3000,3000,3000,3000,3000,3000,3000,3000,3000,3000,3000,3000,3000,3000,3000,3000,3000,3000,3000,3000,3000,3000,3000,3000,3000,3000,3000,3000,3000,3000,3000,3000,3000,3000,3000,3000,3000,3000,3000,3000,3000,3000,3000,3000,3000,3000,3000,3000,3000,3000,3000,3000,3000,3000,3000,3000,3000,3000,3000,3000,3000,3000,3000,3000,3000,3000,3000,3000,3000,3000,3000,3000,3000,3000,3000,3000,3000,3000,3000,3000,3000,3000,3000,3000,3000,3000,3000,3000,3000,3000,3000,3000,3000,3000,3000,3000,3000,3000,3000,3000,3000,3000,3000,3000,3000,3000,3000,3000,3000,3000,3000,3000,3000,3000,3000,3000,3000,3000,3000,3000,3000,3000,3000,3000,3000,3000,3000,3000,3000,3000,3000,3000,3000,3000,3000,3000,3000,3000,3000,3000,3000,3000,3000,3000,3000,3000,3000
3000,3000,3000,3000,3000,3000,3000,3000,3000,3000,3000,3000,3000,3000,3000,3000,3000,3000,3000,3000,3000,3000,3000,3000,3000,3000,3000,3000,3000,3000,3000,3000,3000,3000,3000,3000,3000,3000,3000,3000,3000,3000,3000,3000,3000,3000,3000,3000,3000,3000,3000,3000,3000,3000,3000,3000,3000,3000,3000,3000,3000,3000,3000,3000,3000,3000,3000,3000,3000,3000,3000,3000,3000,3000,3000,3000,3000,3000,3000,3000,3000,3000,3000,3000,3000,3000,3000,3000,3000,3000,3000,3000,3000,3000,3000,3000,3000,3000,3000,3000,3000,3000,3000,3000,3000,3000,3000,3000,3000,3000,3000,3000,3000,3000,3000,3000,3000,3000,3000,3000,3000,3000,3000,3000,3000,3000,3000,3000,3000,3000,3000,3000,3000,3000,3000,3000,3000,3000,3000,3000,3000,3000,3000,3000,3000,3000,3000,3000,3000,3000,3000,3000,3000,3000,3000,3000,3000,3000,3000,3000
3000,3000,3000,3000,3000,3000,3000,3000,3000,3000,3000,3000,3000,3000,3000,3000,3000,3000,3000,3000,3000,3000,3000,3000,3000,3000,3000,3000,3000,3000,3000,3000,3000,3000,3000,3000,3000,3000,3000,3000,3000,3000,3000,3000,3000,3000,3000,3000,3000,3000,3000,3000,3000,3000,3000,3000,3000,3000,3000,3000,3000,3000,3000,3000,3000,3000,3000,3000,3000,3000,3000,3000,3000,3000,3000,3000,3000,3000,3000,3000,3000,3000,3000,3000,3000,3000,3000,3000,3000,3000,3000,3000,3000,3000,3000,3000,3000,3000,3000,3000,3000,3000,3000,3000,3000,3000,3000,3000,3000,3000,3000,3000,3000,3000,3000,3000,3000,3000,3000,3000,3000,3000,3000,3000,3000,3000,3000,3000,3000,3000,3000,3000,3000,3000,3000,3000,3000,3000,3000,3000,3000,3000,3000,3000,3000,3000,3000,3000,3000,3000,3000,3000,3000,3000,3000,3000,3000,3000,3000,3000
3000,3000,3000,3000,3000,3000,3000,3000,3000,3000,3000,3000,3000,3000,3000,3000,3000,3000,3000,3000,3000,3000,3000,3000,3000,3000,3000,3000,3000,3000,3000,3000,3000,3000,3000,3000,3000,3000,3000,3000,3000,3000,3000,3000,3000,3000,3000,3000,3000,3000,3000,3000,3000,3000,3000,3000,3000,3000,3000,3000,3000,3000,3000,3000,3000,3000,3000,3000,3000,3000,3000,3000,3000,3000,3000,3000,3000,3000,3000,3000,3000,3000,3000,3000,3000,3000,3000,3000,3000,3000,3000,3000,3000,3000,3000,3000,3000,3000,3000,3000,3000,3000,3000,3000,3000,3000,3000,3000,3000,3000,3000,3000,3000,3000,3000,3000,3000,3000,3000,3000,3000,3000,3000,3000,3000,3000,3000,3000,3000,3000,3000,3000,3000,3000,3000,3000,3000,3000,3000,3000,3000,3000,3000,3000,3000,3000,3000,3000,3000,3000,3000,3000,3000,3000,3000,3000,3000,3000,3000,3000
3000,3000,3000,3000,3000,3000,3000,3000,3000,3000,3000,3000,3000,3000,3000,3000,3000,3000,3000,3000,3000,3000,3000,3000,3000,3000,3000,3000,3000,3000,3000,3000,3000,3000,3000,3000,3000,3000,3000,3000,3000,3000,3000,3000,3000,3000,3000,3000,3000,3000,3000,3000,3000,3000,3000,3000,3000,3000,3000,3000,3000,3000,3000,3000,3000,3000,3000,3000,3000,3000,3000,3000,3000,3000,3000,3000,3000,3000,3000,3000,3000,3000,3000,3000,3000,3000,3000,3000,3000,3000,3000,3000,3000,3000,3000,3000,3000,3000,3000,3000,3000,3000,3000,3000,3000,3000,3000,3000,3000,3000,3000,3000,3000,3000,3000,3000,3000,3000,3000,3000,3000,3000,3000,3000,3000,3000,3000,3000,3000,3000,3000,3000,3000,3000,3000,3000,3000,3000,3000,3000,3000,3000,3000,3000,3000,3000,3000,3000,3000,3000,3000,3000,3000,3000,3000,3000,3000,3000,3000,3000
3000,3000,3000,3000,3000,3000,3000,3000,3000,3000,3000,3000,3000,3000,3000,3000,3000,3000,3000,3000,3000,3000,3000,3000,3000,3000,3000,3000,3000,3000,3000,3000,3000,3000,3000,3000,3000,3000,3000,3000,3000,3000,3000,3000,3000,3000,3000,3000,3000,3000,3000,3000,3000,3000,3000,3000,3000,3000,3000,3000,3000,3000,3000,3000,3000,3000,3000,3000,3000,3000,3000,3000,3000,3000,3000,3000,3000,3000,3000,3000,3000,3000,3000,3000,3000,3000,3000,3000,3000,3000,3000,3000,3000,3000,3000,3000,3000,3000,3000,3000,3000,3000,3000,3000,3000,3000,3000,3000,3000,3000,3000,3000,3000,3000,3000,3000,3000,3000,3000,3000,3000,3000,3000,3000,3000,3000,3000,3000,3000,3000,3000,3000,3000,3000,3000,3000,3000,3000,3000,3000,3000,3000,3000,3000,3000,3000,3000,3000,3000,3000,3000,3000,3000,3000,3000,3000,3000,3000,3000,3000
3000,3000,3000,3000,3000,3000,3000,3000,3000,3000,3000,3000,3000,3000,3000,3000,3000,3000,3000,3000,3000,3000,3000,3000,3000,3000,3000,3000,3000,3000,3000,3000,3000,3000,3000,3000,3000,3000,3000,3000,3000,3000,3000,3000,3000,3000,3000,3000,3000,3000,3000,3000,3000,3000,3000,3000,3000,3000,3000,3000,3000,3000,3000,3000,3000,3000,3000,3000,3000,3000,3000,3000,3000,3000,3000,3000,3000,3000,3000,3000,3000,3000,3000,3000,3000,3000,3000,3000,3000,3000,3000,3000,3000,3000,3000,3000,3000,3000,3000,3000,3000,3000,3000,3000,3000,3000,3000,3000,3000,3000,3000,3000,3000,3000,3000,3000,3000,3000,3000,3000,3000,3000,3000,3000,3000,3000,3000,3000,3000,3000,3000,3000,3000,3000,3000,3000,3000,3000,3000,3000,3000,3000,3000,3000,3000,3000,3000,3000,3000,3000,3000,3000,3000,3000,3000,3000,3000,3000,3000,3000
3000,3000,3000,3000,3000,3000,3000,3000,3000,3000,3000,3000,3000,3000,3000,3000,3000,3000,3000,3000,3000,3000,3000,3000,3000,3000,3000,3000,3000,3000,3000,3000,3000,3000,3000,3000,3000,3000,3000,3000,3000,3000,3000,3000,3000,3000,3000,3000,3000,3000,3000,3000,3000,3000,3000,3000,3000,3000,3000,3000,3000,3000,3000,3000,3000,3000,3000,3000,3000,3000,3000,3000,3000,3000,3000,3000,3000,3000,3000,3000,3000,3000,3000,3000,3000,3000,3000,3000,3000,3000,3000,3000,3000,3000,3000,3000,3000,3000,3000,3000,3000,3000,3000,3000,3000,3000,3000,3000,3000,3000,3000,3000,3000,3000,3000,3000,3000,3000,3000,3000,3000,3000,3000,3000,3000,3000,3000,3000,3000,3000,3000,3000,3000,3000,3000,3000,3000,3000,3000,3000,3000,3000,3000,3000,3000,3000,3000,3000,3000,3000,3000,3000,3000,3000,3000,3000,3000,3000,3000,3000
3000,3000,3000,3000,3000,3000,3000,3000,3000,3000,3000,3000,3000,3000,3000,3000,3000,3000,3000,3000,3000,3000,3000,3000,3000,3000,3000,3000,3000,3000,3000,3000,3000,3000,3000,3000,3000,3000,3000,3000,3000,3000,3000,3000,3000,3000,3000,3000,3000,3000,3000,3000,3000,3000,3000,3000,3000,3000,3000,3000,3000,3000,3000,3000,3000,3000,3000,3000,3000,3000,3000,3000,3000,3000,3000,3000,3000,3000,3000,3000,3000,3000,3000,3000,3000,3000,3000,3000,3000,3000,3000,3000,3000,3000,3000,3000,3000,3000,3000,3000,3000,3000,3000,3000,3000,3000,3000,3000,3000,3000,3000,3000,3000,3000,3000,3000,3000,3000,3000,3000,3000,3000,3000,3000,3000,3000,3000,3000,3000,3000,3000,3000,3000,3000,3000,3000,3000,3000,3000,3000,3000,3000,3000,3000,3000,3000,3000,3000,3000,3000,3000,3000,3000,3000,3000,3000,3000,3000,3000,3000
3000,3000,3000,3000,3000,3000,3000,3000,3000,3000,3000,3000,3000,3000,3000,3000,3000,3000,3000,3000,3000,3000,3000,3000,3000,3000,3000,3000,3000,3000,3000,3000,3000,3000,3000,3000,3000,3000,3000,3000,3000,3000,3000,3000,3000,3000,3000,3000,3000,3000,3000,3000,3000,3000,3000,3000,3000,3000,3000,3000,3000,3000,3000,3000,3000,3000,3000,3000,3000,3000,3000,3000,3000,3000,3000,3000,3000,3000,3000,3000,3000,3000,3000,3000,3000,3000,3000,3000,3000,3000,3000,3000,3000,3000,3000,3000,3000,3000,3000,3000,3000,3000,3000,3000,3000,3000,3000,3000,3000,3000,3000,3000,3000,3000,3000,3000,3000,3000,3000,3000,3000,3000,3000,3000,3000,3000,3000,3000,3000,3000,3000,3000,3000,3000,3000,3000,3000,3000,3000,3000,3000,3000,3000,3000,3000,3000,3000,3000,3000,3000,3000,3000,3000,3000,3000,3000,3000,3000,3000,3000
3000,3000,3000,3000,3000,3000,3000,3000,3000,3000,3000,3000,3000,3000,3000,3000,3000,3000,3000,3000,3000,3000,3000,3000,3000,3000,3000,3000,3000,3000,3000,3000,3000,3000,3000,3000,3000,3000,3000,3000,3000,3000,3000,3000,3000,3000,3000,3000,3000,3000,3000,3000,3000,3000,3000,3000,3000,3000,3000,3000,3000,3000,3000,3000,3000,3000,3000,3000,3000,3000,3000,3000,3000,3000,3000,3000,3000,3000,3000,3000,3000,3000,3000,3000,3000,3000,3000,3000,3000,3000,3000,3000,3000,3000,3000,3000,3000,3000,3000,3000,3000,3000,3000,3000,3000,3000,3000,3000,3000,3000,3000,3000,3000,3000,3000,3000,3000,3000,3000,3000,3000,3000,3000,3000,3000,3000,3000,3000,3000,3000,3000,3000,3000,3000,3000,3000,3000,3000,3000,3000,3000,3000,3000,3000,3000,3000,3000,3000,3000,3000,3000,3000,3000,3000,3000,3000,3000,3000,3000,3000
3000.88562196282,2997.18682116099,2996.26230655512,3007.78630357224,3002.93999039912,3002.48550432229,3005.95129612042,3006.6645747742,3005.96088898921,3001.48703606216,2994.94356977178,2993.04084464252,2995.1100041306,3002.3030173511,3002.88653915201,3000.2661868731,3000.25506173858,2997.58276748762,2972.79398284695,2970.10089296625,2967.17784509631,2960.97621993494,2950.61845601737,2951.8953024543,2954.9119398082,2951.28295755968,2956.5775978813,2993.11868240583,2997.63590070408,2996.8740218969,2999.69319566425,2989.84489339661,2966.82742563717,2979.70656775276,2997.09504576003,2999.00266026004,3005.67466457672,3004.29189263101,2995.57608232923,3001.62015891563,2999.06561132357,2996.62291333966,3000.96999426181,2999.42576578823,3003.84111673878,2997.11917085569,2981.84229013869,2983.16988158251,2995.55309019391,2995.10981549973,2994.84025019571,2996.983467546,2996.08407968488,2991.89013859328,2996.76892221469,2995.32008052051,2995.88435001031,2995.33203746112,2997.03636557048,2998.29255181428,2977.10229910658,2978.5715148757,2997.09596674419,2995.8011083924,2994.87497024212,2995.61663493759,2998.66503503551,2986.57024163244,2984.48032624565,2995.80403922386,2994.85575123251,2996.09043617379,2994.80865766615,2999.74734048362,2964.32935962685,2972.93066971596,2997.09982397721,2995.07205983761,2996.87173781364,2995.20895978026,3001.40576327825,2973.00822952371,2978.39599675592,2999.41015337625,2996.39773625846,2997.22915940888,2997.21189351872,3000.51552107101,2965.51819151794,2972.81128640895,2997.23082763336,2997.47666068338,2996.40231986341,2995.51303560306,3001.40812446607,2976.14760365473,2978.31846514254,3000.17290358715,2998.29181197148,3000.51207832956,2971.81874590459,2968.79297803218,2955.40073850847,2962.52554769047,3002.18787722059,2998.30145238937,2999.08116411054,2996.75682025765,3000.88066358954,2977.06029099774,2981.78245350297,2995.24918800237,2994.89037356763,2996.49592935351,2995.79302870888,2998.6946456575,2977.0406542529,2987.66871047959,2996.08923717684,2994.82457596989,2994.89874016281,2995.5399378759,3001.45458356539,2979.50097561841,2985.34689720163,2995.78608630033,2995.26447346024,2995.07483643476,2994.86236397988,3000.13256001355,2984.17456243186,2990.9363132204,2994.75920308823,2996.9655375531,2998.31452302598,2997.46635688566,2996.40673475168,2978.70184754066,2982.14775409074,2995.12376521685,3001.01265962129,2998.42126585091,3002.02810464212,2994.90277979711,2990.04946195012,2991.09922677725,2997.46810774908,2997.45374850572,2997.4552866596,2999.70799744042,2995.99237527937,2959.16724339115,2955.62953939105,2954.30014889703,2949.63880717171,2949.58193640213,2950.70276239399,2951.17243754635,2949.65315510846,2950.49519551658
3000.88594400717,2997.18579818687,2996.26094739387,3007.78913495536,3002.94105948654,3002.48640814205,3005.9534602281,3006.66699825593,3005.9630565852,3001.48757680255,2994.94173106988,2993.03831404057,2995.10822595028,3002.30385481195,3002.88758880262,3000.26628366833,3000.2551544883,2997.58188849398,2972.7840897498,2970.09002056369,2967.16590976725,2960.96202946946,2950.60049909228,2951.87780983701,2954.89554414995,2951.26524227152,2956.56180791689,2993.11618010852,2997.63504103161,2996.87288517759,2999.69308409904,2989.84120063057,2966.81536288285,2979.69918832285,2997.09398941303,2999.00229759104,3005.67672809111,3004.29345331924,2995.57447363189,3001.62074806433,2999.06527154587,2996.62168530814,3000.970346987,2999.42555697579,3003.8425135085,2997.11812328146,2981.8356873351,2983.16376153945,2995.5514731358,2995.10803725082,2994.83837392305,2996.98237062511,2996.08265571386,2991.88718955277,2996.76774727732,2995.31837873161,2995.88285341032,2995.33034002019,2997.03528788523,2998.29193092403,2977.09397266989,2978.56372269929,2997.0949107321,2995.79958152273,2994.87310659493,2995.61504098666,2998.6645495937,2986.56535808395,2984.47468272792,2995.80251341994,2994.8538805966,2996.08901451422,2994.80676990531,2999.74724860743,2964.31638848489,2972.92082632313,2997.09876936775,2995.07026785937,2996.87060026376,2995.20721758381,3001.4062744649,2972.99841433445,2978.38814075474,2999.40993888657,2996.39642634437,2997.22815183048,2997.21087966182,3000.51570853322,2965.50565267849,2972.801399604,2997.22982066159,2997.47574310545,2996.40101161609,2995.51140397965,3001.40863651133,2976.13893005605,2978.31058094804,3000.17296646118,2998.2911908122,3000.51226453986,2971.80849817583,2968.78163002419,2955.38452059519,2962.5119206169,3002.18867281231,2998.30083473569,2999.08082998839,2996.75564091956,3000.88098383085,2977.05194928538,2981.7758289406,2995.24746043437,2994.88851552166,2996.49465514601,2995.79149890113,2998.6941709832,2977.0323053999,2987.66422637431,2996.08781508127,2994.82269399751,2994.89688515924,2995.53831603512,3001.45511250487,2979.49352142773,2985.34156880061,2995.78455396808,2995.26275145059,2995.07304546619,2994.8604957486,3000.1326082172,2984.16880772729,2990.9330173343,2994.7572973439,2996.96443411221,2998.31391012527,2997.46543556089,2996.40542810977,2978.69410275794,2982.14126236496,2995.12199204057,3001.01302786115,2998.42069176577,3002.02884213472,2994.90092626249,2990.04584357265,2991.09599013244,2997.46718706099,2997.45282259609,2997.4543613093,2999.70789125767,2995.99091796129,2959.15239511602,2955.6134046781,2954.28353076936,2949.62049401067,2949.56360256082,2950.68483612577,2951.1546820691,2949.63484716486,2950.4771937695
3000.89791505509,2997.14777214405,2996.21042458706,3007.89438326342,3002.98079965495,3002.52000497297,3006.03390454184,3006.75708403443,3006.04363056679,3001.50767722994,2994.87338275524,2992.94424638444,2995.04212734689,3002.33498494673,3002.92660646473,3000.2698817451,3000.25860218542,2997.5492145005,2972.41634307154,2969.68587109805,2966.7222491472,2960.43454081092,2949.93300341788,2951.22757343409,2954.28608396062,2950.60672873639,2955.974862608,2993.02316459386,2997.60308524557,2996.83063099326,2999.68893699163,2989.70393295556,2966.36696560504,2979.42487980288,2997.05472283218,2998.98881644184,3005.75343314634,3004.35146729642,2995.51467505795,3001.64264792774,2999.05264131301,2996.57603686226,3000.98345850441,2999.4177949898,3003.89443429917,2997.07918280214,2981.59024760576,2982.93626700734,2995.49136377468,2995.04193609769,2994.76862902653,2996.94159582946,2996.02972379515,2991.77756767843,2996.7240724492,2995.25511975351,2995.82722172398,2995.26724266536,2996.9952281179,2998.26885116211,2976.78446196878,2978.27407154674,2997.05565660029,2995.74282465044,2994.80383101303,2995.55579056671,2998.6465047278,2986.38382658664,2984.26490161815,2995.74579616402,2994.78434522927,2996.03616851686,2994.73659796914,2999.74383338141,2963.83422457847,2972.55492725607,2997.05956737457,2995.00365635886,2996.82831520523,2995.14245657465,3001.42527631927,2972.6335636517,2978.09611710477,2999.40196586592,2996.34773415552,2997.19069807834,2997.17319252476,3000.52267688733,2965.03955834139,2972.43388681986,2997.19238945902,2997.44163485481,2996.35238138432,2995.45075319629,3001.42767028213,2975.8165146332,2978.01750929486,3000.17530361768,2998.26810104974,3000.51918635806,2971.42756911427,2968.35980133083,2954.7816675508,2962.00537438931,3002.21824658549,2998.27787528381,2999.06840998424,2996.71180250798,3000.8928878559,2976.74187075611,2981.52958039298,2995.18324319444,2994.81944814817,2996.44729024384,2995.73463281489,2998.67652636728,2976.72196143863,2987.49754299929,2996.03495287695,2994.75273723078,2994.82793087793,2995.4780288927,3001.47477426835,2979.21643389663,2985.14350122423,2995.72759404054,2995.19874082585,2995.00647149724,2994.79104976649,3000.13440004525,2983.95489357495,2990.81050249917,2994.68645692485,2996.92341695491,2998.29112735059,2997.43118803271,2996.35685755453,2978.40621332613,2981.89995162492,2995.05607944727,3001.02671609084,2998.39935184541,3002.05625624466,2994.83202658535,2989.91134107291,2990.97567741749,2997.43296319942,2997.41840463907,2997.41996414367,2999.70394422747,2995.93674646421,2958.60045432576,2955.01364436,2953.66580093607,2948.93975631681,2948.8820961386,2950.01848002979,2950.49467462298,2948.95430341361,2949.80803196957
3001.77090206925,2994.38514917148,2992.53905348145,3015.54730651822,3005.83838444548,3004.93508091021,3011.88052807764,3013.30559718084,3011.89971367251,3002.96275015821,2989.889314773,2986.05064386623,2990.18494625619,3004.56121976672,3005.73100153356,3000.48885804104,3000.46656355047,2995.12585260856,2945.60215559693,2940.22245540918,2934.38340323412,2921.99523248786,2901.30522001116,2903.8557509622,2909.88157011369,2902.63257698645,2913.20878334026,2986.20621485864,2995.23210903016,2993.7097415614,2999.3434857914,2979.66525135934,2933.68339622955,2959.41113038819,2994.18209879646,2998.00019700296,3011.32790668522,3008.56558390478,2991.15489585937,3003.19533820436,2998.0891866115,2993.24635731763,3001.92996084977,2998.84535239104,3007.66509581091,2994.23018969844,2963.67763871271,2966.32982243709,2991.10524758262,2990.22091669046,2989.68375999465,2993.96664998981,2992.16464296736,2983.75152239605,2993.49959327218,2990.6433534315,2991.77082611582,2990.66723992813,2994.07231509337,2996.57171089184,2954.20860299296,2957.14364193416,2994.18390610632,2991.60008702979,2989.7534590344,2991.23590461018,2997.31497683713,2973.1229948845,2968.94781027499,2991.60590649271,2989.71432508288,2992.17739984615,2989.62064183904,2999.47448064092,2928.69333304309,2945.8752087733,2994.19160689506,2990.14597326841,2993.73672683884,2990.4189640142,3002.78272405618,2946.03020128453,2956.79299257078,2998.80174173589,2992.79056563593,2994.45002079272,2994.4155049988,3001.00716080356,2931.06821944741,2945.63672043175,2994.45329535882,2994.94360065266,2992.79969997084,2991.02520936827,3002.78743426672,2952.30146511252,2956.63809980049,3000.32353205593,2996.57023343202,3001.0001501185,2943.65400951426,2937.60974912882,2910.8579618543,2925.09010239438,3004.34213995174,2996.58946969074,2998.14531608721,2993.50709829833,3001.73543034673,2954.12468148672,2963.55808878891,2990.49876671626,2989.7845095741,2992.99270744887,2991.58840952934,2997.37406436444,2954.08545268613,2975.31754190229,2992.17491826025,2989.65205434005,2989.80122240473,2991.0789651022,3002.88012212172,2959.00039341722,2970.67897951824,2991.57005810508,2990.52926788765,2990.15102501198,2989.72828288679,3000.24302854264,2968.33690459222,2981.84581696056,2989.52184486496,2993.93083441965,2996.6256055801,2994.93129047953,2992.80858035234,2957.40412934447,2964.28792343843,2990.24878646592,3002.0151913543,2996.83882814164,3004.04355202742,2989.80828343231,2980.07400964307,2982.17135222813,2994.92654185622,2994.89792951839,2994.90098620536,2999.39596694206,2991.9479954243,2918.38171688389,2911.31500268351,2908.65950251183,2899.34835006211,2899.23474941262,2901.47362437021,2902.41181148589,2899.3770103946,2901.05900477858
3001.78578950675,2994.33803770674,2992.47644492145,3015.67781357063,3005.88711309141,3004.97626366554,3011.98023168306,3013.41727033266,3011.99957859646,3002.98756336355,2989.80431925212,2985.9330816623,2990.10211181599,3004.59918146068,3005.77882307396,3000.49258909712,3000.47010676039,2995.08452290033,2945.14488155625,2939.72000330298,2933.83191557399,2921.33971186539,2900.47595238022,2903.04790159462,2909.12432311536,2901.81445592427,2912.47947704007,2986.08995984329,2995.19167267905,2993.65651668716,2999.33759144235,2979.49405511138,2933.1260298983,2959.06982624443,2994.13310997449,2997.98333722239,3011.42296923516,3008.63744788117,2991.08054667378,3003.22181361035,2998.07275321957,2993.1895747473,3001.9461012556,2998.83558979333,3007.72939741596,2994.18160385411,2963.37216594948,2966.04662409164,2991.03044898601,2990.13870164808,2989.59704554651,2993.91591680123,2992.09872964179,2983.61464827781,2993.44460183652,2990.56470702401,2991.70165062978,2990.5887941286,2994.02246923537,2996.54276775056,2953.82360642443,2956.78329470704,2994.13493217868,2991.52943879437,2989.66733290027,2991.16223573582,2997.29226853072,2972.89685030372,2968.68659966701,2991.53530682158,2989.6278638272,2992.11159416807,2989.53339725281,2999.46988573135,2928.09406128091,2945.42022787239,2994.14269759933,2990.06313302521,2993.68400400686,2990.33841212552,3002.80587110675,2945.5765225113,2956.42970032388,2998.79150444121,2992.72990318162,2994.40328209867,2994.36847622222,3001.01542115428,2930.48889241556,2945.17973665661,2994.40658365897,2994.90099976032,2992.73911403483,2990.94973839873,3002.81062081646,2951.90045224896,2956.27350664259,3000.32605820193,2996.54127788711,3001.00835042897,2943.18037501804,2937.08535563115,2910.10891421611,2924.46057160594,3004.37835720492,2996.56067550291,2998.12957285673,2993.45244646347,3001.74979669016,2953.7389801001,2963.25161187999,2990.41888013857,2989.69864665138,2992.93379486772,2991.51770218604,2997.35185172247,2953.69942183851,2975.10982906162,2992.10909098715,2989.56507018396,2989.71549983232,2991.00394570569,3002.90408601766,2958.65563954107,2970.43230803868,2991.4991575081,2990.44963716725,2990.06822287322,2989.64194537923,3000.24487938572,2968.07056268005,2981.69293590864,2989.43377053438,2993.87980046743,2996.59720238764,2994.88865843044,2992.74806952722,2957.04597084319,2963.98757657299,2990.16680550459,3002.03204753679,2996.81221551153,3004.07744138265,2989.72261135284,2979.90624708703,2982.02120585576,2994.88379793748,2994.85494594183,2994.8580281595,2999.39071336262,2991.87997060859,2917.69585114127,2910.56979312727,2907.89199310781,2898.50264949349,2898.38809487505,2900.64577093005,2901.59183653719,2898.53155050305,2900.22766954253
3002.66481671838,2991.56510125627,2988.79064886356,3023.36485992256,3008.73034840985,3007.37856298493,3017.85061790303,3019.9933774912,3017.87949282011,3004.44363476274,2984.78597758538,2978.96336102031,2985.18018340555,3006.80377764372,3008.56807812302,3000.67647598095,3000.64286160333,2992.61015527174,2918.14835778383,2910.06051650108,2901.28210005425,2882.65794030821,2851.55338667487,2855.38773235779,2864.44667940055,2853.54887059812,2869.44868169397,2979.19735933178,2992.77006191643,2990.48073038342,2998.95347500853,2969.36195278492,2900.22969424697,2938.90936626923,2991.23294280831,2996.9832359884,3017.01977445067,3012.86675468199,2986.69148306548,3004.74784531725,2997.06688787593,2989.8362184933,3002.89100830862,2998.25379077931,3011.51293264314,2991.30510465525,2945.32391062598,2949.31146971297,2986.61177288822,2985.28384048592,2984.47808572087,2990.91917660013,2988.20268711089,2975.50620971659,2990.1645181559,2985.92221960254,2987.61765837301,2985.95813243394,2991.07802846342,2994.82205041823,2931.08753734097,2935.50026908428,2991.23561570147,2987.35489610186,2984.58333795401,2986.81327307983,2995.93837942098,2959.52518962577,2953.24769567511,2987.36359717432,2984.52349254011,2988.22194646377,2984.38318150913,2999.18156332044,2892.72771302968,2918.55887726343,2991.24718706944,2985.17182083885,2990.56433419719,2985.58158108056,3004.14888550236,2918.79197418541,2934.97305450662,2998.17129164008,2989.14283218564,2991.63576028671,2991.5838344318,3001.48329462125,2896.29823042514,2918.20032166063,2991.64060438279,2992.37668028348,2989.15653496337,2986.49140886919,3004.1559579887,2928.22028625051,2934.74016677127,3000.45659381555,2994.8198298102,3001.47257281283,2915.21948955543,2906.1325421422,2865.91454634886,2887.31068871278,3006.48931426424,2994.84872044672,2997.18545977871,2990.2190154791,3002.57662433029,2930.9613610712,2945.14415113971,2985.70079727223,2984.63040217978,2989.45489854152,2987.34342195071,2996.02712641792,2930.90238100388,2962.82481574647,2988.21809779517,2984.4298812496,2984.65552792686,2986.57224689464,3004.29514318986,2938.29179969736,2955.85048873462,2987.30972217686,2985.74660778064,2985.17874124533,2984.54549638647,3000.33568290027,2952.32910492101,2972.6406952186,2984.23464092263,2990.8653332241,2994.91671319855,2992.36944879784,2989.16996916509,2935.89207092894,2946.24153788135,2985.32574520843,3003.01914715255,2995.23726338046,3006.0684662542,2984.66476905184,2969.97663465349,2973.13024153474,2992.35107020548,2992.30815201955,2992.31272574435,2999.06363180824,2987.83133796442,2877.22549702093,2866.60164728821,2862.60948060846,2848.61152485425,2848.44074317466,2851.80655821268,2853.21698349741,2848.65461140674,2851.18323925092
3004.43243855095,2986.00322609368,2981.39662456458,3038.79227941501,3014.39258063314,3012.16161037307,3029.62837844972,3033.18861264527,3029.67641798362,3007.35698090731,2974.69491987728,2964.90199074956,2975.232311671,3011.1770536184,3014.12107889185,3000.98702684026,3000.93096100805,2987.57906199399,2863.86629735218,2850.43094571227,2835.84845930259,2804.9109025048,2753.24256856058,2759.61181647998,2774.65971881503,2756.55727357776,2782.96863572299,2965.29096762576,2987.84507121365,2984.04066969489,2998.1223638706,2948.94857313963,2834.10018924221,2898.35543964205,2985.3885644392,2994.96462565509,3028.24812250266,3021.3488752017,2977.86693468344,3007.75601877898,2994.98636307047,2983.09191933353,3004.77795038484,2997.07512492771,3019.09986767362,2985.50811525413,2909.01178999313,2915.63646095131,2977.7226572904,2975.52039787817,2974.18612237653,2984.89107216751,2980.36128534127,2959.15751992175,2983.51474121905,2976.5885563536,2979.40591379837,2976.64821842436,2985.1549418824,2991.3426825069,2885.36116603662,2892.69195688602,2985.39290110409,2978.9552037423,2974.36205776061,2978.06925326907,2993.19454012061,2932.60529749061,2922.17603828262,2978.96954566511,2974.26027624221,2980.39346741861,2974.02844039759,2998.57406769901,2821.63824247551,2864.54827015163,2985.41210919833,2975.33583486088,2984.2801394637,2976.0149897814,3006.81097332962,2864.93567556416,2891.81604620358,2996.89845313787,2981.9210069541,2986.0577719476,2985.9714322671,3002.39181159084,2827.56977526073,2863.95261655611,2986.06563428063,2987.28593465071,2981.94370003801,2977.52263000957,3006.82270132011,2880.59800870276,2891.42912672055,3000.68877069401,2991.33899510441,3002.37357496095,2859.00086376506,2843.90580327334,2777.09801407987,2812.63976552044,3010.68950148286,2991.38691943009,2995.26323756251,2983.70628008395,3004.20440250871,2885.151544397,2908.71311158096,2976.21125271732,2974.44113614589,2982.45851864268,2978.9503780013,2993.34176553551,2885.05355979916,2938.08737111384,2980.38679822787,2974.10478632234,2974.48287378706,2977.6569672483,3007.05353480135,2897.32940007311,2926.50010134242,2978.88009512296,2976.28724703176,2975.34575269044,2974.29921541664,3000.4881920654,2920.64973209048,2954.39627299471,2973.78166611678,2984.80163273922,2991.5318480798,2987.30030989699,2981.9662119744,2893.34324238488,2910.53642564311,2975.59002159896,3004.99081973785,2992.06431940613,3010.05601048604,2974.49500772284,2949.97003116308,2955.20981624641,2987.24347623138,2987.17240982227,2987.17995681528,2998.37841024253,2979.63772427983,2795.88691337057,2778.2393784049,2771.6079375703,2748.35583507343,2748.07214908271,2753.66311408436,2756.00597718006,2748.42740629563,2752.62771679822
3004.51479384788,2985.74359103849,2981.05150378584,3039.51213183823,3014.65833856147,3012.38614165922,3030.17806790137,3033.80440204957,3030.22700016238,3007.49323421326,2974.22475695251,2964.24848237492,2974.77061024243,3011.38292464188,3014.38177174836,3001.00358676495,3000.9464772337,2987.34661469421,2861.33706503796,2847.65230560325,2832.79911694778,2801.2872558441,2748.65979874497,2755.14727881108,2770.47451548341,2752.03603450266,2778.93767144964,2964.64468344346,2987.6175668325,2983.7425239155,2998.08571389705,2947.99886424632,2831.01839233204,2896.46646612529,2985.1167082589,2994.87084193568,3028.77218852326,3021.74486235309,2977.45574107654,3007.89830894784,2994.89147146713,2982.77773308192,3004.8663297956,2997.02051802016,3019.45410440412,2985.2384741976,2907.32064445518,2914.06830082737,2977.30863241456,2975.06553862292,2973.70654873747,2984.61028671064,2979.99618906141,2958.39735413898,2983.20682404566,2976.15362513982,2979.02329472734,2976.21439480741,2984.87905463329,2991.18125232419,2883.23096217598,2890.69784436409,2985.1211240934,2978.56403462159,2973.8857641931,2977.661815459,2993.06745391873,2931.35216522413,2920.72928625235,2978.57864133586,2973.78206272366,2980.02897098704,2973.54593924641,2998.54674170962,2818.32511002287,2862.03169801366,2985.14068857727,2974.87756908008,2983.98773603913,2975.56931179692,3006.93636392901,2862.42629749126,2889.80567221562,2996.84005567461,2981.58483849882,2985.79833934957,2985.71039584696,3002.43528112767,2824.36675651151,2861.42498660557,2985.80634525562,2987.0492670975,2981.60795194847,2977.10489087209,3006.94830936605,2878.37938193478,2889.41156947301,3000.70065789142,2991.17749648879,3002.41670047154,2856.38131097567,2841.00603241362,2772.95807294219,2809.15959159816,3010.88677086363,2991.22630958079,2995.17451599613,2983.4032209158,3004.28147342042,2883.01744895356,2907.01642066437,2975.76919516485,2973.96632210945,2982.13257474265,2978.5593028273,2993.21740979097,2882.91764530882,2936.93601595302,2980.02217443577,2973.62368655503,2974.00883454001,2977.24172254166,3007.18342306138,2895.42137767486,2925.1336238806,2978.48753086056,2975.84659884782,2974.88765067194,2973.82175552075,3000.49635937089,2919.1746417271,2953.5477072052,2973.29458367861,2984.51918702152,2991.37434094629,2987.06424942052,2981.63088430455,2891.36122560935,2908.87358652456,2975.13645496784,3005.08315085965,2991.91669657313,3010.24236598614,2974.02115224527,2949.03928881515,2954.37635682198,2987.00602158878,2986.93363887946,2986.9413253167,2998.34745535265,2979.25782061002,2792.09575295224,2774.12062460944,2767.36608408794,2743.68235305282,2743.39340101044,2749.08815085749,2751.47450444196,2743.75525284891,2748.03353353078
3004.97015978995,2984.32660359584,2979.16644237116,3043.45256576637,3016.05496262456,3013.56467460407,3033.18211186774,3037.17177355879,3033.23598689678,3008.22733351108,2971.62523897083,2960.57405693658,2972.15101089634,3012.44217307567,3015.7494876546,3001.01694902323,3000.9539810807,2985.98810291157,2847.35794648896,2832.3038458485,2815.96442087145,2781.29970205446,2723.40737546339,2730.54383186435,2747.40436141717,2727.12135247263,2756.71417505593,2961.01007077463,2986.28640610987,2982.02271677126,2997.80554762422,2942.6960608564,2814.00548853339,2886.00339302226,2983.59692609273,2994.34232781067,3031.63550582182,3023.90478042907,2975.18377684268,3008.60521305048,2994.29038159489,2981.03896835805,3005.33767001941,2996.70703589856,3021.38475678818,2983.7306700457,2897.94408469853,2905.3673282643,2975.01435668563,2972.54915535935,2971.05688168256,2983.05500373705,2977.96818280254,2954.13647789504,2981.43300421483,2973.75104738803,2976.90846818754,2973.81790084404,2983.35065849641,2990.26319424881,2871.44298350136,2879.65731424388,2983.60171758947,2976.39415787406,2971.25472976434,2975.4104744673,2992.33650340536,2924.38195500388,2912.69534257781,2976.41015450471,2971.13913615722,2978.00436596461,2970.88018208,2998.35898894917,2800.04219383685,2848.12210350241,2983.62323084812,2972.34334932301,2982.35642180352,2973.10333308392,3007.57875179246,2848.55630838987,2878.67579674228,2996.48319770511,2979.71450584714,2984.34680036187,2984.25000458029,3002.6329127011,2806.68855499141,2847.45466444196,2984.35548946064,2985.721218402,2979.73988759207,2974.79017563221,3007.59187937643,2866.10584944288,2878.24222623505,3000.72630141454,2990.25906352916,3002.61220059419,2841.90626597906,2824.99247801817,2750.13637170525,2789.95965186752,3011.9185090952,2990.31271753002,2994.65254292059,2981.71327411058,3004.66153388831,2871.20809257776,2897.60937753605,2973.32208219994,2971.34392259528,2980.32927774573,2976.39805957125,2992.50133738439,2871.09829708049,2930.5250546594,2977.99671277638,2970.96492168288,2971.39068859585,2974.94073200466,3007.85027883492,2884.85363374686,2917.54061983336,2976.30995602222,2973.40716410908,2972.35343073542,2971.18432837411,3000.501735828,2910.98490498706,2948.80085162996,2970.60366048826,2982.95479077459,2990.49600435041,2985.75457223835,2979.76523969831,2880.38735037602,2899.65260500862,2972.62717600636,3005.57619210414,2991.09261794351,3011.25148863871,2971.40217972462,2943.84082328436,2949.71262139928,2985.67369958075,2985.59421993106,2985.60264302175,2998.13991944234,2977.08809662813,2771.18863997609,2751.41523090639,2743.98497588119,2717.93201363492,2717.61415633509,2723.87857862872,2726.50365134232,2718.01220595514,2722.7184627642
3005.46975448021,2982.7709884538,2977.09704328621,3047.77786312183,3017.59113296786,3014.86104303395,3036.47982813684,3040.86822260974,3036.53912566531,3009.03376713688,2968.77322151821,2956.54599790502,2969.28053887752,3013.60853295521,3017.25399028862,3001.0357902594,3000.96639956616,2984.50155589376,2832.02073802419,2815.46377385257,2797.49319092679,2759.36816875214,2695.6975456535,2703.54626779243,2722.08961842583,2699.78220113708,2732.32865527553,2957.02569854684,2984.82986565152,2980.13967665644,2997.50231355551,2936.88095796638,2795.33867519779,2874.52503165749,2981.93041436976,2993.76301178688,3034.77877575268,3026.27607431189,2972.69104902978,3009.38504786892,2993.63499345287,2979.13139997303,3005.85571858885,2996.36372282977,3023.50443175448,2982.07731417719,2887.65816125291,2895.82284850425,2972.49750528511,2969.78842672261,2968.14974356472,2981.34880291353,2975.74369172904,2949.46483063129,2979.4907043469,2971.11498537483,2974.58818683577,2971.18851569999,2981.67396654519,2989.25732510238,2858.51055197622,2867.54519997719,2981.93562132889,2974.0138939238,2968.36800761989,2972.94038071281,2991.53606468617,2916.7369399175,2903.88290820503,2974.03141943234,2968.23943483844,2975.78360198742,2967.95538583192,2998.15495798981,2779.98152550055,2832.86119744825,2981.95927381203,2969.56299840574,2980.5674338141,2970.39792410311,3008.28625598924,2833.33886382127,2866.46562864035,2996.09349214996,2977.66312483959,2982.75518435884,2982.64867563016,3002.85202262656,2787.29155803857,2832.12711014826,2982.76462891612,2984.2652146652,2977.69099819026,2972.2508941977,3008.30068162056,2852.6405227802,2865.98874349224,3000.75657696164,2989.25278289972,3002.82898427175,2826.02477586229,2807.4224613014,2725.09431066969,2768.8925372738,3013.05361370783,2989.31175192367,2994.08154804288,2979.85994325681,3005.08097175651,2858.25219946353,2887.29000033763,2970.63743291694,2968.46664986865,2978.35088345777,2974.02683489832,2991.71723360119,2858.13143807237,2923.49379546488,2975.77501708524,2968.04783723623,2968.51808421732,2972.41651197976,3008.58464894023,2873.26039987279,2909.21210950504,2973.92124540095,2970.73094495807,2969.57312794508,2968.29058958142,3000.50975966975,2902.00149746794,2943.59587194129,2967.65124500265,2981.23858793655,2989.53275275744,2984.31792334539,2977.7190000064,2868.34837721685,2889.53742107239,2969.87424401295,3006.11805748162,2990.18891551102,3012.35976584498,2968.52876674902,2938.14022105121,2944.59885704322,2984.21300326147,2984.12572766992,2984.13496079923,2997.91416873043,2974.71132481947,2748.24787443329,2726.50081938603,2718.32895398858,2689.67570978903,2689.32612833062,2696.21577875082,2699.10285094627,2689.7639058152,2694.93987591597
3005.58217421608,2982.41747972746,2976.62706614209,3048.75855950902,3017.95036004969,3015.16447410007,3037.22846160506,3041.70698093686,3037.28897807802,3009.21882067656,2968.13143184889,2955.65095295312,2968.64704171241,3013.88570686679,3017.60625931769,3001.05458649787,3000.98376683435,2984.18068524471,2828.56847861181,2811.67153212989,2793.33194012706,2754.42406418657,2689.44605663165,2697.4559400108,2716.38005021142,2693.61458409774,2726.82933093753,2956.14050858779,2984.51574334402,2979.7292200003,2997.44850871038,2935.58204113173,2791.13318271696,2871.9455847294,2981.55850793348,2993.63450697346,3035.49247827268,3026.81517545199,2972.12982815318,3009.57539205027,2993.50173973406,2978.70244418335,3005.97551668484,2996.28861908216,3023.98661852085,2981.70841835869,2885.34840294262,2893.68075592568,2971.9320957676,2969.16745514864,2967.49519952018,2980.96538246028,2975.24486440714,2948.42435272925,2979.0669099894,2970.52139254449,2974.06592983161,2970.59643282782,2981.29722282023,2989.03572489077,2855.60224739996,2864.82242195177,2981.56381994266,2973.47958746633,2967.7179651705,2972.38427969931,2991.3612099435,2915.02433587615,2901.90633618069,2973.49747081912,2967.58670948341,2975.28559759839,2967.29685030299,2998.11587186895,2775.46069119059,2829.42619659053,2981.58795785455,2968.93742536827,2980.16758055354,2969.78946784958,3008.45494089627,2829.91367484401,2863.72068054887,2996.01212322032,2977.20367467546,2982.40021482687,2982.29151756511,3002.90928076685,2782.92083343203,2828.67703495352,2982.40984998323,2983.94120453987,2977.23211912067,2971.6804192816,3008.4696623709,2849.61167991748,2863.2340020669,3000.77085212195,2989.03108944369,3002.88576164497,2822.44939370649,2803.46509714424,2719.44643938937,2764.14400367486,3013.3200229757,2989.09126811031,2993.95890957168,2979.44555829001,3005.18393377726,2855.33858948478,2884.97268098583,2970.03386265148,2967.81864914192,2977.90590119514,2973.49305140497,2991.54609539583,2855.21534821997,2921.91995190315,2975.2768314283,2967.39117787387,2967.87113963495,2971.84943879152,3008.75945386431,2870.6549821408,2907.34497429644,2973.38503528664,2970.12929297686,2968.94773438576,2967.63895777144,3000.5189716527,2899.98628581223,2942.43486010377,2966.98646382605,2980.85290439224,2989.31738499375,2983.99547244461,2977.26069945788,2865.64209953682,2887.26625695977,2969.25503484399,3006.24324260982,2989.9870210933,3012.61311382171,2967.88198339007,2936.86716858713,2943.45844637519,2983.8879225496,2983.79885896055,2983.8082807661,2997.87014270168,2974.18936873816,2743.07542957291,2720.88182888993,2712.54216636293,2683.3005718839,2682.94381232002,2689.97493085735,2692.92128456115,2683.390578877,2688.67282936115
3006.36896133158,2980.00305923902,2973.41227506848,3055.49435534169,3020.23004413447,3017.0853692224,3042.35448431224,3047.45685010376,3042.42355342831,3010.45197040841,2963.63983568652,2949.19007956371,2963.99830876973,3015.57101804804,3019.83434305767,3000.93431195847,3000.85320948733,2981.6990356298,2804.42430184658,2785.17904143762,2764.29070500308,2719.97644879816,2645.9715723796,2655.09410161958,2676.64703442609,2650.71914280886,2688.54795084766,2949.748186006,2982.08139038677,2976.62689691191,2996.82230117496,2926.3247076874,2761.78629799941,2853.83260314399,2978.90186310238,2992.70302777649,3040.37708141354,3030.49312545839,2968.2070070135,3010.65044994012,2992.32304450403,2975.69514075285,3006.75820744008,2995.7257938442,3027.27131704491,2979.07197444427,2869.0993785718,2878.59095887363,2967.95846058324,2964.81678511721,2962.92041754785,2978.27292692904,2971.72348508908,2940.95617380614,2975.87128848125,2966.37404466198,2970.41306335847,2966.45952335633,2978.65086555592,2987.40258077579,2835.21630549087,2845.71876901343,2978.90770991459,2969.7172761871,2963.17629489095,2968.49683128184,2990.04625903038,2902.90476636606,2887.96127706682,2969.73742472707,2963.02213843763,2971.77025140632,2962.69444291092,2997.72412051638,2743.93602794319,2805.40127573941,2978.93517519753,2964.55777253501,2977.32203235127,2965.52523155676,3009.47145633762,2805.95687187798,2844.46368961722,2995.33311512773,2973.95056750974,2979.86066540732,2979.73670023813,3003.17233289628,2752.43348454763,2804.54794112375,2979.87127759425,2981.61066243479,2973.98282844354,2967.67164411375,3009.48818349479,2828.39290487084,2843.90927355813,3000.74155702494,2987.39730402551,3003.14470882948,2797.45467973598,2775.83194351487,2680.1394026325,2731.04689299333,3014.99449083185,2987.46571283478,2992.99927866981,2976.49921919429,3005.75604547807,2834.91596535439,2868.67131150626,2965.80010524554,2963.2927371796,2974.78796796784,2969.76060164476,2990.25645028391,2834.77558034588,2910.76028869871,2971.75972417604,2962.79946007508,2963.35252179905,2967.86425546771,3009.81751321817,2852.36234091784,2894.15646533334,2969.60945106084,2965.90859271796,2964.56641446201,2963.08634440083,3000.4552089677,2885.77367588921,2934.13210299622,2962.34087341194,2978.14482411453,2987.78605585966,2981.7243119158,2974.01576540984,2846.6532054679,2871.28434203064,2964.916562031,3007.06315792121,2988.54872201367,3014.31780990771,2963.35854231899,2927.78914315463,2935.29856656798,2981.55014111207,2981.44914767391,2981.45977911535,2997.44472522253,2970.31356529632,2707.05112399737,2681.77421586724,2672.27602861238,2638.97243480869,2638.56611844387,2646.57391440198,2649.92954284377,2639.07494452924,2645.09094008704
3006.52851713305,2979.51248734011,2972.75915991224,3056.86235136871,3020.69604914407,3017.47811363527,3043.39580121342,3048.62478840926,3043.46660441376,3010.70302383785,2962.72896482226,2947.88295620172,2963.05896634499,3015.91680500174,3020.28992962617,3000.9138938726,3000.83071055628,2981.19949456071,2799.52773482383,2779.80575924635,2758.40001862187,2712.98823538481,2637.15082080456,2646.49922901624,2668.58583947256,2642.01594318135,2680.7814513886,2948.45497098947,2981.59143974201,2976.00138734697,2996.69924847494,2924.45000359005,2755.83356482136,2850.16034732166,2978.36395955404,2992.51463591909,3041.369391705,3031.2404917582,2967.41140314908,3010.87252150077,2992.08789454248,2975.08535889087,3006.9178119269,2995.6122430513,3027.93885419295,2978.5381812388,2865.80549321066,2875.53238222695,2967.1528910358,2963.93456854402,2961.99258121323,2977.72705495806,2971.00984701074,2939.44460861159,2975.22685778961,2965.53287598695,2969.6722479733,2965.62047357016,2978.11435198381,2987.07268593157,2831.0826552818,2841.84541431579,2978.36991798231,2968.95466216877,2962.25514807723,2967.7084080495,2989.78103331641,2900.44909649996,2885.1350625052,2968.97527384938,2962.09641252879,2971.05783249429,2961.76099941605,2997.64654026426,2737.54119339449,2800.52891727407,2978.39805914082,2963.6696276043,2976.74571480358,2964.66056149415,3009.68018781357,2801.09833603387,2840.55921010943,2995.19714415151,2973.29144887128,2979.34653085259,2979.21946866831,3003.22785027826,2746.24922039798,2799.6544360457,2979.35734680567,2981.13903430426,2973.32448661272,2966.85894347348,3009.69732273424,2824.09019097733,2839.99104460081,3000.73765435962,2987.06727895078,3003.19940542842,2792.38545269355,2770.22710529162,2672.16468551947,2724.33284169049,3015.33706123802,2987.13736050409,2992.80626951148,2975.90244745386,3005.87440883406,2830.77486912858,2865.36680183659,2964.9416747492,2962.37476289195,2974.15572682217,2969.00363008557,2989.99636756125,2830.63100412313,2908.49945943672,2971.04695589826,2961.8682228717,2962.43602825576,2967.0563425202,3010.03468987887,2848.65361801642,2891.48382242588,2968.84414457482,2965.05281594502,2963.67797756493,2962.16297554714,3000.44430120614,2882.89315822504,2932.45114824602,2961.39866431758,2977.59578016159,2987.47589052454,2981.26396148764,2973.35830222411,2842.80313458246,2868.04467221221,2964.03682114869,3007.23031886461,2988.2574425966,3014.66459154028,2962.44116452605,2925.95082862377,2933.64660706402,2981.07704089053,2980.97361893992,2980.98449743696,2997.36030337298,2969.53109009236,2699.74282958342,2673.83998337316,2664.1066042896,2629.97838244393,2629.56200551484,2637.76807753779,2641.20679312466,2630.08343035241,2636.24838409803
3006.56640958856,2979.39329486349,2972.60070092418,3057.19298851536,3020.81727964317,3017.58051727046,3043.6482095196,3048.90757881834,3043.71942356672,3010.76543777339,2962.51264134285,2947.58139464808,2962.84557439889,3016.01039120721,3020.40881666817,3000.92038891536,3000.8367241255,2981.09149056117,2798.36409635662,2778.52750573043,2756.99736449603,2711.32166452468,2635.04350148922,2644.44624080985,2666.66121389708,2639.93689901548,2678.92770371135,2948.1567314521,2981.4857103131,2975.86318325517,2996.68127102853,2924.01229284291,2754.41599595362,2849.29095033478,2978.23863774645,2992.47134209347,3041.6100241587,3031.42226288962,2967.22223333716,3010.9368422794,2992.04313560358,2974.94077716091,3006.95822672878,2995.58695195688,3028.10143839694,2978.41387474792,2865.02701307414,2874.81042494779,2966.96232295944,2963.7252650875,2961.77195486934,2977.59782392842,2970.84172999941,2939.09402037294,2975.08415802772,2965.33279350301,2969.4962131714,2965.42090011885,2977.98737182967,2986.99804475909,2830.10239454267,2840.92769787871,2978.24463170972,2968.77458179674,2962.03603804073,2967.52096424402,2989.72215397559,2899.87192632924,2884.46890469184,2968.79531424445,2961.87640078682,2970.88999269049,2961.539027495,2997.63344056708,2736.01731607689,2799.37109699097,2978.27293653249,2963.4587711302,2976.61096893086,2964.45547721873,3009.7371490362,2799.94382331869,2839.63401981639,2995.16978700561,2973.13660906287,2979.22691875761,2979.09911886896,3003.24723698095,2744.77594785151,2798.49153392573,2979.23779918011,2981.02986232399,2973.16983941305,2966.66666784221,3009.75438371568,2823.06929445786,2839.06255283223,3000.74254773029,2986.99260634199,3003.21863054994,2791.18030707883,2768.89318568319,2670.26085936204,2722.73220205018,3015.42697816957,2987.06309576993,2992.76499674153,2975.76280290535,3005.90920745631,2829.79281985228,2864.58577279305,2964.73823970685,2962.15634011784,2974.00574219322,2968.82370944487,2989.93874137287,2829.64811883971,2907.9690673558,2970.87905530656,2961.64688487773,2962.21796153036,2966.86521362175,3010.09371474707,2847.77546591047,2890.85455760629,2968.6634225188,2964.85002771786,2963.46718343256,2961.94332968221,3000.44748735553,2882.21397461423,2932.05992682045,2961.17458688635,2977.4657861928,2987.40331331772,2981.15528445315,2973.20384982828,2841.89098025191,2867.27920263744,2963.82811182037,3007.27254973671,2988.18940755428,3014.75002905525,2962.22315589902,2925.52183687145,2933.26233034845,2980.96750789524,2980.8634829083,2980.87442507109,2997.34553804328,2969.35529936144,2697.99928018698,2671.94589356222,2662.15594630229,2627.8293782793,2627.41058144786,2635.66434558676,2639.12304631489,2627.93503670585,2634.13581998355
3007.47843085352,2976.64509859535,2968.93723062375,3064.89264700344,3023.25922076857,3019.63360672185,3049.49393283273,3055.47062654307,3049.57508017833,3012.14205222302,2957.30526112517,2939.92277386479,2957.27206178818,3017.74611392747,3022.78845941153,3000.56525421792,3000.46942800219,2978.01239400501,2770.38816472848,2747.85578761594,2723.39982603663,2671.51857591767,2584.88084968052,2595.56041891265,2620.79220224597,2590.43873195037,2634.72464336007,2940.57722053576,2978.4615011366,2972.06994158963,2995.74147937705,2913.13750548284,2720.46752571264,2828.24082230252,2975.11235421461,2991.36396192058,3047.17847454868,3035.60492300733,2962.67855276348,3011.9629248813,2990.46588775662,2971.4498282182,3007.81794808323,2994.90262177636,3031.83253267214,2975.31026327602,2846.11766043467,2857.23280581767,2962.3411798343,2958.67716534008,2956.47336831913,2974.46861363825,2966.73311762845,2930.2766457326,2971.18279834488,2960.53053903273,2965.26316816215,2960.63063690463,2974.91106613088,2985.03396024789,2806.4416986329,2818.73974162492,2975.11879537791,2964.39297861275,2956.77722967412,2963.01790006272,2988.11928285419,2885.70721078075,2868.20666912894,2964.41613110898,2956.58748108953,2966.78861177138,2956.2086778303,2997.07773893066,2699.56912178044,2771.53210888466,2975.15089778503,2958.37984332573,2973.27142075484,2959.50659345437,3010.77484027861,2772.18333112474,2817.26985880551,2994.28848111737,2969.33273972347,2976.23515780637,2976.08969782635,3003.43399569431,2709.51897275309,2770.5329137062,2976.24686379653,2978.2738323261,2969.37023951988,2962.00504973294,3010.79434469682,2798.45231305867,2816.62055057773,3000.59763157792,2985.02778813596,3003.39999220527,2762.22789351296,2736.91190762636,2624.88070896073,2684.47915744351,3017.20521772144,2985.10761671225,2991.56538612268,2972.3071798411,3006.44501238016,2806.08998204286,2845.61622617049,2959.82149193371,2956.91707138321,2970.38784845483,2964.49932985037,2988.3646033695,2805.92558774579,2894.90755877381,2966.77520759663,2956.32682293832,2956.98706585695,2962.23076309985,3011.17846617056,2826.51885681192,2875.46138010847,2964.26647308006,2959.9481014894,2958.38380380728,2956.67198900161,3000.26344124131,2865.64402848785,2922.2827285132,2955.79462429535,2974.31864463161,2985.60741094362,2978.50987532817,2969.40956685592,2819.83544521375,2848.67694357246,2958.7940358059,3008.17501794215,2986.50027527643,3016.66782689068,2956.98153091123,2914.85345864451,2923.64965343096,2978.20330286361,2978.08594928134,2978.09819831647,2996.75158428751,2964.67124327698,2656.38663042267,2626.79462260999,2615.67514027484,2576.68711604214,2576.21145000673,2585.58600451442,2589.5143727675,2576.80712206886,2583.84991694395
3008.33678433479,2974.08288862165,2965.5196057673,3072.08720842978,3025.4609939163,3021.48241166296,3054.94944422101,3061.59845767746,3055.039949678,3013.41227277976,2952.40384498246,2932.63331703514,2951.93758737403,3019.27493420717,3024.93040516825,3000.12726407364,3000.01987570515,2975.01710152205,2744.06371674871,2719.00682163063,2691.81094874993,2634.1187848921,2537.78110620332,2549.65616716295,2577.71261602623,2543.96114200921,2593.2049351843,2933.36204942772,2975.51789651287,2968.40508251945,2994.75410150827,2902.83333600718,2688.54998473872,2808.40323217974,2972.14749661511,2990.30844595388,3052.37426465588,3039.50267543573,2958.40390496207,3012.82277716136,2988.87999001548,2968.16188257215,3008.60422005445,2994.24320561499,3035.30734625119,2972.3663856564,2828.28533051794,2840.64807705467,2957.98469203432,2953.923696536,2951.4886245354,2971.51957335286,2962.85337095128,2921.9008876109,2967.41619768977,2956.01334339105,2961.27977962198,2956.1246747618,2972.01156228112,2983.15127502165,2784.15877133712,2797.8363348208,2972.15427552142,2960.25932927537,2951.83059599417,2958.78129303183,2986.5728900611,2872.32010136546,2852.85436788599,2960.28466043488,2951.61079113174,2962.91578571094,2951.19416448748,2996.50585275732,2665.31081145261,2745.33592437844,2972.18992350257,2953.59869238074,2970.10859155192,2954.84603399502,3011.68382660883,2746.06080060113,2796.2013555489,2993.41369538704,2965.73680902002,2973.39632568906,2973.2342628836,3003.55291750775,2676.37640347761,2744.22467570563,2973.40866094296,2975.65371334487,2965.77825270956,2957.6105924305,3011.70544067811,2775.273747805,2795.47911228204,3000.40785832558,2983.14441704884,3003.51352706129,2734.98895600637,2706.83652388831,2582.25885359591,2648.53079209405,3018.80053811286,2983.23293859398,2990.39438317147,2969.03546992515,3006.88801560131,2783.76757470539,2827.72747625138,2955.18964042668,2951.98944071233,2966.98104929313,2960.43042102211,2986.84496419927,2783.58473204536,2882.55418219603,2962.8998550704,2951.32097954457,2952.06727614129,2957.86178874538,3012.13121654356,2806.48778834555,2860.92319757868,2960.11839925646,2955.3300484569,2953.59725033083,2951.71363375795,3000.03723657686,2850.00328888953,2913.00727394424,2950.73363032194,2971.3528148864,2983.90715602234,2976.01398257219,2965.82271262992,2799.05637765272,2831.13242066946,2954.05371038849,3009.0013279716,2984.8999950233,3018.44478320101,2952.04916940956,2904.74286118265,2914.52851206291,2975.57559405821,2975.4459367635,2975.45936990874,2996.14406834544,2960.17076461299,2617.29245033211,2584.38708011793,2572.02273102999,2528.67017083169,2528.14125848427,2538.56520182919,2542.93331800908,2528.80361044465,2536.63477503422
3009.2012223026,2971.52177051729,2962.10176884178,3079.2914492826,3027.60044970449,3023.27684105364,3060.40684150322,3067.73074307744,3060.50677946241,3014.67113508207,2947.46670799943,2925.22570020036,2946.49295884561,3020.72995037958,3027.0086441077,2999.60221626019,2999.48308937444,2971.92158558269,2717.55475818499,2689.9654533609,2660.02112518666,2596.50019402952,2490.43340914656,2503.50752243976,2534.39707862065,2497.2374503679,2551.45396465049,2926.02911366848,2972.4744625062,2964.63726682172,2993.6764328352,2892.39925996921,2656.4304480583,2788.40226845829,2969.14292669316,2989.2346048708,3057.57107353801,3043.39713644751,2954.09982553958,3013.60316620857,2987.20066769013,2964.84832459359,3009.3776956288,2993.56665486257,3038.77748976004,2969.3826550898,2810.2962930248,2823.91092448928,2953.5908669012,2949.1339768247,2946.46961087631,2968.5461137105,2958.93514401106,2913.40263236806,2963.54592418922,2951.46561889174,2957.26817546976,2951.58822258258,2969.08778940656,2981.22723081376,2761.70432269215,2776.76599910639,2969.14997776221,2956.08782940003,2946.85052000023,2954.51537845838,2984.98458938732,2858.79181086685,2837.35399031467,2956.11527407888,2946.59903496292,2959.00462361441,2946.145267162,2995.89013088278,2630.84330309466,2718.95564657971,2969.18917370931,2948.78217766533,2966.90685253638,2950.14951342208,3012.54446027151,2719.75452420911,2774.96533757687,2992.49576321193,2962.1020105503,2970.51821929843,2970.3394480486,3003.62653374226,2643.02828744904,2717.73197649873,2970.53106792021,2972.99334000871,2962.14736596741,2953.17862339272,3012.56817770633,2751.92077494202,2774.16989961888,3000.17335664455,2981.21968590267,3003.58146627708,2707.56261258064,2676.56485830426,2539.40241972982,2612.36805024335,3020.34384971198,2981.31688447423,2989.18081964191,2965.72435831917,3007.28446283348,2761.27351008913,2809.68180179396,2950.5207805563,2947.02900830202,2963.54828479377,2956.33303641634,2985.28337533336,2761.07215636503,2870.06335243759,2958.98598047578,2946.2799862944,2947.11470932244,2953.45541727185,3013.03550274847,2786.29264825552,2846.23970453474,2955.9323854486,2950.67496378628,2948.77430340086,2946.72181119529,2999.76636219036,2834.21334736322,2903.60582141935,2945.63808928012,2968.36251509832,2982.18657694636,2973.49516949637,2962.19710098529,2778.11103740592,2813.43227054288,2949.27718437234,3009.81497304711,2983.27969524008,3020.21192248067,2947.08191340079,2894.50318561645,2905.28205240633,2972.90766109604,2972.76580760214,2972.78039591045,2995.49276208443,2955.56358564532,2577.97434094398,2541.7456085495,2528.1326629733,2480.40254379498,2479.82022666199,2491.29668142222,2496.10585504579,2480.54945698367,2489.17133689374
3009.29371651196,2971.24527534965,2961.73299787209,3080.06756630639,3027.83918953716,3023.4773420621,3060.99546345186,3068.39185974047,3061.09640971241,3014.80841121104,2946.93850740457,2924.4414111114,2945.91945865711,3020.89630038328,3027.24095542035,2999.55660273916,2999.43623170054,2971.60029239131,2714.71786469717,2686.85631527835,2656.6165140358,2592.46892653884,2485.35607375339,2498.5591125951,2529.75328893214,2492.2272099702,2546.97839622503,2925.25283240145,2972.15873883883,2964.24377987815,2993.57160261814,2891.28990878524,2652.99039417033,2786.26490244324,2968.82375224819,2989.12106210474,3058.1316878459,3043.81777330575,2953.63914062415,3013.69744366723,2987.03131746787,2964.49403570235,3009.46278024921,2993.49582952959,3039.15251730723,2969.0657468824,2808.37516697253,2822.1243325497,2953.12149277036,2948.62174913042,2945.93239341004,2968.22837105958,2958.5172306506,2912.50121461578,2963.14147312811,2950.97878285023,2956.8388954697,2951.10259792946,2968.77538896767,2981.0248533057,2759.30326077966,2774.5136995375,2968.83084093128,2955.64250869912,2946.31739984869,2954.05879588197,2984.81850824776,2857.35002662735,2835.7002939982,2955.67018962113,2946.06270069473,2958.58745441926,2945.60483963049,2995.82923583405,2627.15081786319,2716.13258473526,2968.87041940175,2948.26694708234,2966.56630226737,2949.6473052834,3012.64343838453,2716.93940294665,2772.69523532716,2992.40217207963,2961.71472791,2970.21263498917,2970.03207420261,3003.64020543804,2639.45612080894,2714.89683112388,2970.22555361533,2972.71137282022,2961.76050944705,2952.7051554892,3012.66738357099,2749.42312891619,2771.89193265472,3000.15370867766,2981.01723441766,3003.59456196344,2704.62710104892,2673.32346394485,2534.80799297748,2608.49330705054,3020.51695394714,2981.11537124142,2989.05525543847,2965.37206874981,3007.33312665105,2758.8681908839,2807.7545921862,2950.02168887927,2946.49792719588,2963.18117811344,2955.89453354974,2985.12018165923,2758.66484778221,2868.7330365106,2958.568541993,2945.74050789424,2946.58447380632,2952.98469691305,3013.13920513909,2784.13441930765,2844.67379865631,2955.48550994761,2950.17736137534,2948.25850844697,2946.18742675091,2999.74278217412,2832.52855014718,2902.60739359585,2945.09264944557,2968.04296180594,2982.00350363294,2973.22629414489,2961.81079572817,2775.87214141792,2811.54217814676,2948.76637394297,3009.90437531516,2983.10740354087,3020.40384682405,2946.55035906316,2893.41470493988,2904.30026191878,2972.62487443673,2972.48169145711,2972.49640804587,2995.42802180398,2955.08000727994,2573.76034688545,2537.17429374684,2523.42709829743,2475.2262944437,2474.63823506049,2486.22785923519,2491.0844566479,2475.37465635254,2484.08155655398
3010.17241038509,2968.6989690485,2958.32994539314,3087.26802283671,3029.77887414472,3025.09764117904,3066.43352002743,3074.50948125889,3066.54408016796,3016.02703635547,2941.915220813,2916.70915194445,2940.16534383961,3022.11994329556,3029.11550130041,2998.76922579638,2998.63663667953,2968.21448581168,2687.77171610322,2657.3655703735,2624.36415086508,2554.36068443448,2437.47542469575,2451.88275454897,2485.92250313648,2444.97328925003,2504.71914221514,2917.59610551844,2968.82596599961,2960.18050961496,2992.22437491931,2880.5096280868,2620.40666489924,2765.86065382313,2965.71179022738,2987.99650558154,3063.30772514737,3047.68437852758,2949.26530708991,3014.23245127595,2985.07573362119,2961.11784180327,3010.19387706787,2992.77036505544,3042.59257311089,2965.97409447895,2789.99372381413,2805.00195467933,2948.63401789945,2943.74356225283,2940.8320762923,2965.19435462622,2954.4996302648,2903.67023202784,2958.97405118969,2946.35906675265,2952.75991160288,2946.49422080294,2965.79128822671,2978.98337325693,2736.43220364583,2753.03425951504,2965.71894810749,2951.37474822382,2941.2583855304,2949.72333019665,2983.10954500958,2843.45570890188,2819.82213368667,2951.40433254709,2940.96715693407,2954.57732991295,2940.47442767774,2995.08248600468,2592.20816407232,2689.31578535246,2965.76206538494,2943.36481357222,2963.26054310287,2944.86277002358,3013.35250714638,2690.19731418784,2751.04910573513,2991.35670477474,2957.97805014243,2967.22789044201,2967.03037463952,3003.57514900131,2605.6387387833,2687.96701622597,2967.24096480295,2969.94035150874,2958.02762629179,2948.17917809356,3013.37852686631,2725.64896320713,2750.1721607755,2999.78370160775,2978.97506757795,3003.52296477324,2676.75904260712,2642.59636340882,2491.43834484089,2571.84757706275,3021.89446408146,2979.08179198081,2987.71730575524,2961.95593659911,3007.58560304335,2735.95728944068,2789.31611721185,2945.26147039331,2941.46043757841,2959.6852519792,2951.72937142147,2983.43767769415,2735.73533103965,2855.88266759352,2954.55514523357,2940.61560649868,2941.55488874047,2948.48455017459,3013.8913856711,2763.53477909127,2829.61711909291,2951.20302795015,2945.43078238353,2943.34681118031,2941.11664406,2999.33675012291,2816.35875765211,2892.86679313366,2939.91531016824,2964.99202869972,2980.22909882007,2970.64940622513,2958.08360161163,2754.51910504196,2793.45155688252,2943.90147398227,3010.67585575819,2981.43374242353,3022.13309509815,2941.49963556553,2882.83043336032,2894.71599480487,2969.84642182792,2969.69143012597,2969.70720741258,2994.64599339851,2950.16992378676,2533.94491127788,2494.0205805715,2479.01926704621,2426.42170678834,2425.78000963393,2438.42673499003,2443.72631619718,2426.5836010772,2436.08466388999
3010.27305654625,2968.39920973307,2957.93005063944,3088.11017035129,3030.03414139278,3025.3119026185,3067.07190587988,3075.2266256516,3067.18356367054,3016.17523613228,2941.34039238921,2915.85186853861,2939.5370926653,3022.29605104043,3029.36371753014,2998.71472464513,2998.58077624148,2967.86028991009,2684.68484967021,2653.98303842922,2620.66072782819,2549.97671244612,2431.95546011194,2446.50279665684,2480.87334915286,2439.526186408,2499.85267057999,2916.74752825962,2968.47783219079,2959.74787225679,2992.10547518365,2879.29918375649,2616.6647487529,2763.5335440507,2965.36338748892,2987.8723245551,3063.91569059376,3048.14030924799,2948.76405575991,3014.33008006133,2984.88669036866,2960.73218348739,3010.28539934595,2992.69257399412,3042.99896733023,2965.62814094538,2787.90147984561,2803.05584080209,2948.12288390241,2943.18602318454,2940.2475549533,2964.84839471236,2954.04423132626,2902.68568915844,2958.52948348507,2945.82939451839,2952.2927850403,2945.96586439836,2965.45112988466,2978.76152409618,2733.81868342958,2750.58231567338,2965.37058233575,2950.88966673795,2940.67835534017,2949.22653446301,2982.92702216203,2841.88413814251,2818.02037686985,2950.91950343803,2940.38354689324,2954.12274631631,2939.88641885887,2995.01391053964,2588.19210681411,2686.24394142745,2965.41411454244,2942.80406994224,2962.88900805107,2944.3161125073,3013.4570296967,2687.13410072974,2748.57782364282,2991.25271504872,2957.55584316346,2966.89424966,2966.69478722288,3003.58734538576,2601.75336043566,2684.88204821946,2966.90739319187,2969.63226309225,2957.6058795033,2947.66359484987,3013.48329601643,2722.93054485692,2747.69233554835,2999.75980093553,2978.75313814016,3003.53451968486,2673.5650720099,2639.07019467834,2486.442797077,2567.63358842301,3022.07915439852,2978.86087900958,2987.5786797953,2961.57164339793,3007.63567088703,2733.33914495894,2787.2172639827,2944.71813127458,2940.88265576998,2959.28567416088,2951.25222890395,2983.25828344349,2733.11502574586,2854.43218330434,2954.10025879553,2940.02858224662,2940.97802528212,2947.97195290971,3014.00102456137,2761.1850061895,2827.91071798014,2950.71625530315,2944.8890567974,2942.78539565017,2940.5352414794,2999.30858912316,2814.52321143009,2891.77685477923,2939.32185675856,2964.64410247118,2980.02940605966,2970.35652284909,2957.66246088987,2752.08173332761,2791.39302679217,2943.3454746573,3010.77206750901,2981.24575841102,3022.34064224981,2940.92121864413,2881.64266790068,2893.6441364697,2969.53744657859,2969.38101950952,2969.39693421047,2994.57325099925,2949.63937920105,2529.36250259766,2489.0501318698,2473.90302842923,2420.79432680022,2420.14639385607,2432.91601536482,2438.26709642076,2420.95779432545,2430.55118477758
3010.3054240378,2968.30272230846,2957.80133878387,3088.38118822382,3030.11662690265,3025.381150067,3067.27737641016,3075.45743384638,3067.3893871446,3016.22299463745,2941.15555360512,2915.57652452516,2939.33542943765,3022.35311351885,3029.44394031969,2998.69762465975,2998.56323960221,2967.74678988065,2683.69218120666,2652.89524098251,2619.46968508474,2548.56670477628,2430.17994651367,2444.7723304075,2479.24931938381,2437.77411618251,2498.287418904,2916.47498460904,2968.36628146998,2959.60913718116,2992.06766268933,2878.91022321488,2615.46132114021,2762.78531952897,2965.25145208999,2987.83244615319,3064.11137388453,3048.28707792303,2948.60286565372,3014.36190983135,2984.8263157134,2960.60817981261,3010.31492210347,2992.66762121325,3043.12979835829,2965.51699466684,2787.22882035405,2802.43019610909,2947.958555903,2943.00675240478,2940.05958826587,2964.7371627247,2953.89784951297,2902.36940460829,2958.38691183092,2945.65906224594,2952.14257242373,2945.79595545636,2965.34176451013,2978.69033221404,2732.97831014983,2749.79392746672,2965.25865919366,2950.73372729782,2940.4918297342,2949.06677785767,2982.86849136905,2841.37899485647,2817.4411759683,2950.76364558773,2940.19587789398,2953.97662615436,2939.69733023671,2994.99206667427,2586.90047503384,2685.25610630552,2965.30232494475,2942.6237628877,2962.76962259306,2944.14034275451,3013.49092481958,2686.14904184789,2747.78321378491,2991.2194686427,2957.42014723875,2966.78706350004,2966.58697505121,3003.59150747258,2600.50377317925,2683.88999057202,2966.80022991622,2969.53330688393,2957.47033188008,2947.49783567628,3013.51727054602,2722.05642151794,2746.89497713136,2999.75234140488,2978.68192042147,3003.53847685656,2672.53794346502,2637.93618299611,2484.83601513861,2566.27827264635,3022.1388718674,2978.78998855851,2987.53428179273,2961.44815399496,3007.65202932149,2732.49728390452,2786.54247819065,2944.54343530215,2940.69685035043,2959.15719194718,2951.09879373797,2983.20075990732,2732.27246948486,2853.96599659982,2953.95404217287,2939.83981473075,2940.79251532882,2947.80715424045,3014.03656708267,2760.42949036705,2827.36219625244,2950.55977200074,2944.71488031603,2942.60487788644,2940.34827426022,2999.29975798076,2813.93314003962,2891.42666308775,2939.13101651202,2964.53223783211,2979.96523254898,2970.26236709078,2957.52710756753,2751.29803232306,2790.7312137008,2943.16669921661,3010.80309903118,2981.18535211221,3022.40749538434,2940.73522027846,2881.26100308729,2893.29976097471,2969.43820474874,2969.2813150763,2969.29727416683,2994.5500656266,2949.46914847154,2527.88864804668,2487.45142553586,2472.25741409304,2418.98425212833,2418.33431280956,2431.14347634132,2436.51112754668,2419.14822584467,2428.77132285576
3011.13703825208,2965.96933295009,2954.67601287103,3095.03143504775,3031.636030332,3026.64039937856,3072.27736613523,3081.09194258023,3072.39851082952,3017.29435197929,2936.39454110208,2907.98549381232,2933.59350804883,3023.16748333053,3030.89777533814,2997.61090179325,2997.46456805791,2964.22012660032,2658.18796472736,2625.02240237651,2589.02629684209,2512.67368232035,2385.19512206983,2400.90779029566,2438.03197382546,2393.37229735272,2458.53215704652,2908.95493164188,2964.88993812951,2955.44923790658,2990.45358906375,2868.47244216244,2584.70939257412,2743.37410926991,2962.22796745119,2986.72363577548,3068.86722105411,3051.82292108936,2944.46463388069,3014.52062821165,2982.64077891402,2957.40183217497,3010.93272199709,2991.93016301477,3046.26832660441,2962.5115557878,2769.70215462155,2786.07709577286,2943.68251253372,2938.37667799245,2935.23402288303,2961.84994212921,2950.04826659176,2893.75177590704,2954.12843013907,2941.29049135428,2948.28012793721,2941.43795660317,2962.50099476765,2976.64254231309,2711.26882333374,2729.38096611572,2962.23496015089,2946.65718771624,2935.70768492451,2944.96428794741,2981.12363094753,2828.03582316354,2802.24827562405,2946.68857718464,2935.37131730785,2950.13451707245,2934.84365852276,2994.12239768815,2553.9532265836,2659.87236066772,2962.28188428934,2937.9754595318,2959.57163026695,2939.59745048366,3013.93877881586,2660.83532038267,2727.21480484918,2990.07847348125,2953.82678818644,2963.882199746,2963.66610160518,3003.34147253918,2568.60464720319,2658.40097290356,2963.89501996049,2966.82049496411,2953.88031960447,2943.18571232302,3013.96700258965,2699.50592737975,2726.25788902325,2999.22477015312,2976.63349598972,3003.28121220219,2646.17542277409,2608.91230279482,2444.04767854418,2531.74615460313,3023.18509869587,2976.74937901573,2986.12725335919,2958.14677190206,3007.68824038556,2710.75065698882,2768.96255840661,2940.01843470937,2935.93518158821,2955.83945522847,2947.15614923811,2981.48000978134,2710.50849401958,2841.59661226444,2950.10814076587,2934.98795347249,2936.0382061872,2943.51922598615,3014.5235294887,2740.83601913351,2812.93487085891,2946.46934047485,2940.20230070394,2937.94344134128,2935.55322206047,2998.73936483497,2798.46785791669,2881.9595011182,2934.23358075824,2961.62927633239,2978.25150396875,2967.80107472046,2953.94292148078,2731.0038302937,2773.47599806842,2938.54903383824,3011.45851862532,2979.56537708691,3023.95403577279,2935.95252621234,2871.00659148301,2883.97892970562,2966.71870009242,2966.55142694658,2966.5682368755,2993.64820793689,2944.51635912964,2490.40717954315,2446.86400667398,2430.50326918249,2373.13995384625,2372.44011878305,2386.23263241223,2392.01236571211,2373.31651589185,2383.6783677973
3011.98766952769,2963.61040742111,2951.51391782578,3101.7739058432,3033.07398981376,3027.82768001877,3077.33823787471,3086.79871744994,3077.46873871985,3018.36021236747,2931.52166744718,2900.12008349664,2927.61114087296,3023.87422479488,3032.26722727291,2996.37377835904,2996.21508090357,2960.49420306513,2632.09820515232,2596.52425723997,2557.9144807869,2476.02122057962,2339.30000958554,2356.15150003088,2395.96672661835,2348.06983605309,2417.95325284731,2901.16193977778,2961.21553459348,2951.07847122316,2988.67794614246,2857.7089474681,2553.28382297683,2723.48095241183,2959.10622247833,2985.57304559849,3073.67975827407,3055.39453903101,2940.23186736699,3014.5552576333,2980.28215056011,2954.11783533451,3011.53749779047,2991.15711570996,3049.43585623885,2959.40783727329,2751.72578537807,2769.29457851922,2939.2975863936,2933.63539433565,2930.29819699762,2958.89066855107,2946.09287385748,2884.84109696049,2949.65681758716,2936.82296354552,2944.32828524419,2936.98118505166,2959.58894795066,2974.50511959001,2689.03803951057,2708.46890031409,2959.11289244249,2942.47323755113,2930.81509369041,2940.76787450534,2979.29176324994,2814.31566581023,2786.64619020671,2942.5060100584,2930.43522131656,2946.18691739655,2929.87921890421,2993.17277329012,2520.29565822188,2633.90511925483,2959.16311636839,2933.21716466105,2956.27465008906,2934.94481674108,3014.31476722411,2634.93945749924,2706.14457554108,2988.85547959384,2950.1299503938,2960.88114524118,2960.64868291059,3003.0163235261,2536.01304628076,2632.32666531224,2960.89342925529,2964.01213884184,2950.1868152429,2938.76400919675,3014.34488079382,2676.41988592501,2705.11777929968,2998.61978166829,2974.49542992043,3002.9482836864,2619.21289430046,2579.24372308912,2402.41855365073,2496.47727005611,3024.16061712614,2974.61919211282,2984.63608120034,2954.74441976388,3007.65066142973,2688.48209048839,2750.93197917518,2935.38221338513,2931.0663615121,2952.44222071748,2943.12276531826,2979.67246301582,2688.22228005631,2828.86734704433,2946.15640458035,2930.02410780452,2931.17687011302,2939.12218148432,3014.9389016389,2720.75739939913,2798.11154926381,2942.27119388913,2935.57860588928,2933.1702046456,2930.64955778656,2998.10126918222,2782.58847637506,2872.18397691711,2929.22461040869,2958.65399954945,2976.48582396645,2965.27504536479,2950.25554064097,2710.21292619241,2755.7759115517,2933.82038330472,3012.10155689807,2977.89501740846,3025.50301662063,2931.05905549249,2860.42988550654,2874.35249392274,2963.90362310758,2963.72602044634,2963.74364423691,2992.66609777903,2939.33766398836,2452.13986044574,2405.43914116193,2387.89233757851,2326.37115074833,2325.62059446423,2340.41272576816,2346.61135976245,2326.56050939698,2337.67333700539
3012.03109398909,2963.48417910159,2951.34525286286,3102.13058488182,3033.17135731586,3027.90905828801,3077.60772482123,3087.10183376418,3077.73870064919,3018.42083812713,2931.27340683959,2899.73921379501,2927.32815096456,3023.93633511295,3032.36139435657,2996.33648527559,2996.17718581784,2960.3283915183,2630.76638998448,2595.06648525869,2556.3200090442,2474.13687821917,2336.93191240659,2353.84301845584,2393.79910784896,2345.73276361397,2415.86342821541,2900.78480565141,2961.05234357192,2950.87913819088,2988.61297080046,2857.17724790635,2551.67294914396,2722.47294231646,2958.95276752476,2985.51767546458,3073.93627625475,3055.58624452326,2940.01567348177,3014.583351726,2980.18708692791,2953.95101212648,3011.57398898939,2991.12150207535,3049.60644843062,2959.25539160123,2750.8178956482,2768.4490045062,2939.07591260458,2933.39433528923,2930.0460907261,2958.7407810849,2945.89450989565,2884.40585954104,2949.45233700565,2936.5946045309,2944.12668106668,2936.75338726125,2959.44153144925,2974.40475201736,2687.90793313916,2707.40767300915,2958.95944218191,2942.26246308127,2930.56501852641,2940.5535797828,2979.20788673823,2813.62985497339,2785.86219473442,2942.29533118051,2930.183366942,2945.98892117828,2929.62562329622,2993.1366243427,2518.5680159783,2632.57970651058,2959.00984145051,2932.97490160408,2956.11157453475,2934.70839354262,3014.35086200637,2633.61774057124,2705.07509854095,2988.80451185964,2949.94551695482,2960.73398686133,2960.50068625741,3003.01399019967,2534.34110141791,2630.99565868365,2960.74628084831,2963.87559212337,2950.00257049091,2938.5404305265,3014.38107851948,2675.24507765778,2704.044657659,2998.60232264262,2974.39502833481,3002.94563181325,2617.83544558212,2577.72475276034,2400.27376223212,2494.66532391818,3024.22991466587,2974.51921644773,2984.57060577745,2954.57588348797,3007.66409051476,2687.35001208472,2750.02126719672,2935.14701564312,2930.8173408474,2952.26947028535,2942.91689507882,2979.58989867989,2687.08928030099,2828.23320146904,2945.95824976431,2929.77080004224,2930.92824073205,2938.89988080871,3014.97713535154,2719.7397193354,2797.36821244627,2942.05969152008,2935.34408459028,2932.92748752867,2930.39889985298,2998.08202353298,2781.79004966054,2871.70372740631,2928.96869216668,2958.50327466053,2976.39828534277,2965.14778480232,2950.07157510419,2709.15795050158,2754.88241381784,2933.57998180772,3012.14004698349,2977.81246582832,3025.58891946343,2930.80941915683,2859.90788388599,2873.87997893414,2963.76670750532,2963.58851751469,2963.60619443175,2992.62819950661,2939.09643650114,2450.17100913377,2403.30503887469,2385.69615355744,2323.95731608427,2323.20410458576,2338.04856526376,2344.26912813676,2324.14734462209,2335.29948543818
3013.63234452731,2959.17061712892,2945.55115484462,3114.54926338645,3035.33679183059,3029.67402839945,3086.88960269164,3097.58547176738,3087.03825686752,3020.2885722206,2922.08196622811,2884.45845077923,2915.55430843623,3024.67827730732,3034.39115892967,2993.42152251995,2993.23828535484,2952.75935595545,2581.62691103673,2541.45893441942,2497.86368690781,2405.40367891612,2251.05989927829,2270.08251321471,2315.02831233562,2260.9595862744,2339.84878906146,2885.63955563791,2953.58054525026,2942.10923142856,2984.68814366044,2836.50340936526,2492.63439058345,2684.8355879352,2952.93680513068,2983.27444985067,3082.75697734008,3062.1026010156,2932.04457741699,3014.05295051304,2975.1717072963,2947.74623488401,3012.586635283,2989.57858652077,3055.37260027381,2953.27134815602,2716.73941540334,2736.58810099296,2930.76537595142,2924.43972419407,2920.75058438789,2953.13965421142,2938.36160980741,2867.17920731107,2940.4925025301,2928.18527376108,2936.67924233026,2928.36404634996,2953.92801138351,2970.17857638522,2645.93020403436,2667.87843694716,2952.94238395762,2934.31594337981,2921.35504710462,2932.64998864946,2975.53706826977,2787.45914192751,2756.1947608903,2934.35084250751,2920.88122666093,2938.47140163967,2920.27685621218,2991.06681594784,2455.38943641004,2583.66764098066,2952.99884297563,2923.99594380985,2949.7808705505,2925.91828235707,3014.67479138526,2584.83893047314,2665.25194008539,2986.23928841791,2942.88303801107,2954.9423288151,2954.67825836385,3002.07674755427,2473.14128273062,2581.88483725938,2954.95275695439,2958.42930764486,2942.94594695539,2930.16122025053,3014.70842136833,2631.6800484994,2664.09163118951,2997.15690010451,2970.16766834843,3001.99192614399,2567.07653315202,2521.94546985627,2322.3116545307,2428.49814961948,3025.62459530303,2970.30615891716,2981.51870788217,2948.04849704164,3007.24405357308,2645.30209914423,2715.84192736932,2926.37892826965,2921.65583896642,2945.85469133547,2935.31818624459,2975.96328842182,2645.00859180344,2803.90433215593,2938.43172308001,2920.4172150681,2921.78062909662,2930.56669686399,3015.37234745853,2681.75762942129,2769.14712003677,2934.08649159897,2926.59875185401,2923.91328235512,2921.16846597916,2996.57642497134,2751.60658035956,2852.86770928433,2919.53714721669,2952.87246508126,2973.01373276082,2960.35131170554,2943.02726123786,2669.8554003961,2721.31778103917,2924.64888649119,3013.22373574604,2974.60473470622,3028.35283846372,2921.5866346097,2839.58216691028,2855.32195507971,2958.30835261079,2958.11207917247,2958.13102284156,2990.49926883825,2928.8195986282,2378.44308904852,2325.72173060427,2305.9135851612,2236.46540459485,2235.61815089946,2252.31599772381,2259.31324935307,2236.67915936618,2249.2236785057
3013.67687683154,2959.05065354766,2945.39001632195,3114.89463806278,3035.39703331851,3029.72313098085,3087.14774105581,3097.87703184923,3087.29688687355,3020.34051841077,2921.82635294982,2884.03350400799,2915.22689162923,3024.69893200039,3034.44762753932,2993.34047697205,2993.15657410518,2952.54887777685,2580.26032731011,2539.96809003327,2496.23799430368,2403.49217807746,2248.67175412359,2267.75309081192,2312.83765781504,2258.60200063696,2337.73478548506,2885.21837756466,2953.37277127726,2941.86535616057,2984.57901323187,2835.92847721023,2490.99250552115,2683.7888873791,2952.76950745356,2983.21206777498,3083.00229007174,3062.28382841096,2931.82290065068,3014.03822093717,2975.03224793997,2947.57368003255,3012.61480094448,2989.53568046282,3055.53296398809,2953.10493824793,2715.79168992844,2735.70204804486,2930.53426241733,2924.19069767864,2920.4920762572,2952.98388713189,2938.15212378896,2866.70014395165,2940.24334528865,2927.95140961489,2936.47212860586,2928.13073813074,2953.77468070239,2970.06105536519,2644.76279425606,2666.77912167958,2952.77505583317,2934.09495382312,2921.09891743341,2932.43018922897,2975.43499253827,2786.73133754318,2755.36971001442,2934.12990946471,2920.62253439083,2938.26234330772,2920.0168668812,2991.00926667408,2453.63241402921,2582.30738180096,2952.83168337926,2923.74623981437,2949.60481923666,2925.67383068532,3014.68381574922,2583.48237721514,2664.14445061133,2986.16796090713,2942.68663513218,2954.78126914984,2954.51634299524,3002.05069655019,2471.43929124886,2580.51905052167,2954.79164544272,2958.27785358762,2942.74970693681,2929.92819689402,3014.7175406664,2630.46849464769,2662.98052998683,2997.11671594961,2970.05011438915,3001.96541740124,2565.66491168816,2520.3942278682,2320.14349027464,2426.65801200905,3025.66339924406,2970.1890027341,2981.43384524227,2947.8669759456,3007.23238699431,2644.13273749915,2714.89139691498,2926.13508954179,2921.40105699695,2945.67629620631,2935.10686561074,2975.86244219185,2643.83831864462,2803.22775084467,2938.22241433175,2920.15709209122,2921.5262334222,2930.3349535074,3015.38335430521,2680.70134150828,2768.3622930419,2933.86476007219,2926.35554597113,2923.66259851469,2920.91176723069,2996.53456723171,2750.76717815964,2852.34388827882,2919.27485579849,2952.71587250632,2972.91960971145,2960.2179224436,2942.83136350234,2668.76238940156,2720.38434604567,2924.4005139569,3013.25387714468,2974.51552917532,3028.42970812892,2921.33014924923,2839.0169162588,2854.80586528544,2958.15656284558,2957.95978643634,2957.97876534849,2990.4400752776,2928.53381458412,2376.44830260076,2323.56410106693,2303.69479241395,2234.03220874854,2233.18233966314,2249.93173066424,2256.95058263963,2234.24662336573,2246.82986567938
3015.33679615044,2954.69723844002,2939.53102275439,3127.51294032277,3037.11994318914,3031.09904554427,3096.54024516287,3108.50244107772,3096.70778693352,3022.14472672279,2912.27298624358,2867.72754230724,2902.52169642626,3024.9006457268,3036.02342839203,2989.75197083216,2989.54260843068,2944.16340082535,2529.26842283127,2484.40515959523,2435.71471019466,2332.45735011679,2160.11120310246,2181.3514921232,2231.53808322159,2171.16496798314,2259.25359116633,2869.05217609938,2945.08837760566,2932.24693614525,2979.94691399478,2814.08919884109,2429.87341789349,2644.5700365,2946.39279216153,2980.81090147767,3091.92249967571,3068.84426154378,2923.55098621238,3012.91362136891,2969.27576043849,2941.11529760544,3013.54440390059,2987.85098965613,3061.32530821273,2946.75936707682,2680.2164457376,2702.39811391796,2921.85808625527,2914.87240690585,2910.84490019342,2947.14440892117,2930.25256522912,2848.39697970777,2930.42787179179,2919.22836926486,2928.73853115851,2919.42818692676,2948.02483343157,2965.47983862052,2601.10009992633,2625.62326155698,2946.39672413227,2925.78248652925,2911.54457739934,2924.22741092878,2971.41070394207,2759.25727352145,2724.31318822832,2925.81898822251,2910.96245770834,2930.37944398725,2910.31501618479,2988.58805923522,2388.2786984601,2531.54824292342,2946.45949082652,2914.4101991853,2942.9162877159,2916.52388879689,3014.64773002647,2532.86037030123,2622.68741654283,2983.25135716493,2935.25926480087,2948.63446291845,2948.33764275532,3000.76291581125,2408.11105702156,2529.55645496536,2948.64206710459,2952.47246630951,2935.3280010767,2921.18130507614,3014.68485696909,2585.18133221107,2621.39041797596,2995.31968577574,2965.46769587677,3000.65877562178,2513.01600714971,2462.60920982622,2239.67083871668,2358.24755550408,3026.68241009517,2965.62090607621,2978.02992155812,2940.9760017071,3006.45783003686,2600.39815620768,2679.21269007869,2916.99931707428,2911.90067636738,2939.00311654182,2927.2184913772,2971.88248500599,2600.07017202415,2777.64138142825,2930.32896956,2910.44441106497,2912.04007173735,2921.63543765743,3015.4184581465,2641.12917118626,2738.7869548686,2925.52464923993,2917.24257565458,2914.28301417129,2911.33656964962,2994.67719012355,2719.18119018197,2832.38954090937,2909.48813851,2946.84603035461,2969.35042529009,2955.2026901436,2935.42320019438,2627.84028404285,2685.33603146903,2915.10636488578,3014.25622282967,2971.12724617664,3031.15076836697,2911.7515497636,2817.53531853127,2835.13727628421,2952.33922149283,2952.12501596629,2952.14504878398,2987.95951124193,2917.36594554941,2302.35089507173,2243.47883666462,2221.36070031777,2143.81538519866,2142.86936161491,2161.51376359816,2169.32675465974,2144.05405902389,2158.0609488965
3016.22218414306,2952.41404255469,2936.45436823244,3134.1592021723,3037.86162259794,3031.67857680591,3101.47417566461,3114.08983251532,3101.65155534027,3023.06276187387,2907.16653314484,2858.86960260345,2895.5731449697,3024.81539036563,3036.6844432512,2987.64480473052,2987.42164189168,2939.50629017789,2502.0442606739,2454.76274952243,2403.4481318466,2294.6304888928,2113.01528759509,2135.39733359368,2188.28218589816,2124.66321997072,2217.48828804673,2860.26855855275,2940.48529181545,2926.93605156107,2977.28407845779,2802.29847894891,2397.29158519398,2623.57627851165,2942.94202344258,2979.50402442032,3096.60638738126,3072.27886893525,2919.13409834776,3012.11828023123,2966.01511037279,2937.66023279912,3013.99976302134,2986.9232082763,3064.35333808259,2943.32454901722,2661.15122447961,2684.53540049249,2917.20737601432,2909.88781444557,2905.69323705423,2944.01727752985,2926.00616226265,2838.48023611899,2925.01180003908,2914.57181107577,2924.60737659678,2914.78248304845,2944.94512651105,2962.96673661987,2577.75420101581,2603.60422883342,2942.94492701515,2921.32118360794,2906.44389961319,2919.84712938194,2969.1883860946,2744.48170265357,2707.64060053472,2921.35831756002,2905.80183035295,2926.14217914061,2905.13435942736,2987.20189298989,2353.45685357166,2504.44726085586,2943.01092097293,2909.4187111945,2939.30407312308,2911.62838688223,3014.50154630517,2505.83221101205,2600.50888809377,2981.60702587437,2931.25953893161,2945.30548957312,2944.99164928078,2999.96774236268,2374.36115313714,2502.34779530407,2945.31132667995,2949.32000034011,2931.33115849375,2916.49301770622,3014.54044216241,2560.97582542806,2599.14141210197,2994.25873005166,2962.95396176594,2999.85291923006,2484.91514287227,2431.79112326159,2196.85227967652,2321.80882174474,3027.0806182092,2963.11464143662,2976.13140160931,2937.2562461864,3005.92871320125,2577.01419706682,2660.09263803482,2912.10839646912,2906.83008065339,2935.43442042277,2923.00543830358,2969.68331107861,2576.66844376844,2763.86563534659,2926.08565955533,2905.25595967417,2906.9770022685,2916.97231835993,3015.30934156179,2619.94827547324,2722.89848606325,2921.04859781767,2912.36355335686,2909.26587697704,2906.22488302308,2993.58472630299,2702.22796968845,2821.59764486292,2904.26251517899,2943.7028350381,2967.42542728653,2952.51203282334,2931.43385518391,2605.94554614408,2666.54999938044,2910.13457544142,3014.75008963772,2969.29796109551,3032.55389666356,2906.63413461808,2805.9343496053,2824.49702055267,2949.18056862966,2948.95751548693,2948.97802127462,2986.5423334837,2911.23268496932,2262.9042019753,2200.86517240792,2177.5576971755,2095.84356196714,2094.84668756215,2114.49325502342,2122.72622422222,2096.09506517073,2110.85484207884
3017.09896371224,2950.19391576159,2933.45859385408,3140.6523042011,3038.40995855058,3032.09042878961,3106.28031390814,3119.53870090721,3106.46746267596,3023.92533014372,2902.09852626167,2849.92942901397,2888.51198134388,3024.52851951637,3037.15059171373,2985.35545159949,2985.11839105523,2934.7009684855,2475.05836780013,2425.40304368075,2371.51252823865,2257.23754128304,2066.52648868926,2090.02887624554,2145.56145118604,2078.75744126271,2176.23029536054,2851.40174767321,2935.7335824394,2921.48738081035,2974.44548759102,2790.47365043308,2365.04646549891,2602.7084329443,2939.47294182889,2978.18245812689,3101.16688640609,3075.61212711867,2914.75528181591,3011.12546119722,2962.58654491794,2934.22809446224,3014.4081837369,2985.97382574132,3067.28724817185,2939.87056871907,2642.17746295771,2666.7430015422,2912.57792919173,2904.93678007815,2900.58552513586,2940.90758400056,2921.76665886767,2828.49837685701,2919.45888139999,2909.95666379723,2920.51003898979,2910.17800620175,2941.88199247767,2960.40515669684,2554.57618797785,2581.72939440464,2939.47465263565,2916.87447996354,2901.38821554375,2915.50427877632,2966.9081693474,2729.7228101791,2691.01768563407,2916.91203815547,2900.68305609467,2921.91198939557,2899.99811418026,2985.72982404031,2319.01316567337,2477.58232507075,2939.54379276573,2904.46354730962,2935.68023402213,2906.76483485173,3014.22355573703,2479.03905078671,2578.47731587405,2979.88568400144,2927.25886877781,2941.95613902364,2941.62543595297,2999.06666650797,2340.97011582249,2475.37711684383,2941.95992357273,2946.1395576107,2927.33319863439,2911.82650902764,3014.26415530728,2536.953785797,2577.04057901239,2993.10059940702,2960.39176522161,2998.94061123329,2457.06856652337,2401.27723051852,2154.56070352957,2285.77821369551,3027.32241161711,2960.55966352499,2974.16437642564,2933.5263762477,3005.28302709594,2553.79879215278,2641.06495255409,2907.24625791397,2901.80554983248,2931.89074411214,2918.82769084854,2967.42548586024,2553.43558378173,2750.08942645899,2921.84904262091,2900.10987879152,2901.95986346495,2912.33062555449,3015.06710727362,2598.89649975969,2707.04582837501,2916.58728558956,2907.51291996972,2904.28277114119,2901.15841952747,2992.39610871184,2685.32902277447,2810.75500564076,2899.08205697184,2940.5773725575,2965.49689456672,2949.83123158349,2927.44360736915,2584.19338928085,2647.85074509948,2905.19614169181,3015.19633576445,2967.463391938,3033.89268877223,2901.55789219907,2794.29634046664,2813.80372572819,2945.99419791935,2945.76285440547,2945.7837349966,2985.04023598315,2904.97393473082,2223.92159974618,2158.77467544355,2134.30011463099,2048.49529302434,2047.44852186384,2068.07845051524,2076.7235199888,2048.75938492053,2064.25792126019
3017.16324890351,2950.02304465174,2933.228853227,3141.14587867589,3038.48631460812,3032.15207350359,3106.6484437733,3119.95483195685,3106.83630382376,3023.99767589901,2901.72885063045,2849.30635152943,2888.02903189977,3024.54679873384,3037.22136990748,2985.22689785601,2984.98886311207,2934.38608085736,2473.08395888331,2423.25043439906,2369.16653801099,2254.4817204915,2063.08727976901,2086.67385652571,2142.4053831469,2075.36204453147,2173.18412557855,2850.78409742042,2935.4226051534,2921.12451059281,2974.27644750515,2789.63516056954,2362.6772508782,2601.19288192833,2939.22844647377,2978.09083722136,3101.51661232906,3075.86989680098,2914.43496573409,3011.09250054902,2962.37383561606,2933.97836759355,3014.44642687696,2985.91013897777,3067.51508361958,2939.62731533853,2640.80390533927,2665.45794043827,2912.2428955023,2904.57640216224,2900.21196016672,2940.68196314387,2921.46225317346,2827.79756159356,2919.08838110186,2909.61880964934,2920.21066414666,2909.84095019865,2941.65986607195,2960.23132360091,2552.88746033627,2580.13835864324,2939.23010333338,2916.55378693239,2901.01817269247,2915.18665686033,2966.75625878091,2728.66486279565,2689.82017490982,2916.59141515669,2900.30910006861,2921.60821633976,2899.62242091087,2985.64106376165,2316.4788501288,2475.61698833963,2939.2994839341,2904.10234574631,2935.42339318226,2906.41101940867,3014.22897980186,2477.07904484079,2576.87454799701,2979.77739571346,2926.97304051907,2941.72059949361,2941.38866051723,2999.02256842281,2338.51474187401,2473.40385069746,2941.72429187869,2945.91754991534,2927.04759720807,2911.48872655869,3014.26971369351,2535.20173990434,2575.43262724621,2993.03644703293,2960.21788510968,2998.89581490883,2455.02956461816,2399.03799963434,2151.43688045689,2283.12471821296,3027.36972884992,2960.38634750744,2974.03689129225,2933.26166490306,3005.2592353393,2552.1072636445,2639.68736675736,2906.89314865765,2901.43753093726,2931.63264188048,2918.52228186455,2967.2753202305,2551.74274739216,2749.10500574476,2921.54488276339,2899.7338712888,2901.59239879496,2911.99468496601,3015.0753392955,2597.36718680941,2705.90603249906,2916.26552111316,2907.16070851244,2903.92000940224,2900.78756207076,2992.32958093748,2684.11090011913,2809.98990909685,2898.70305812854,2940.35056783534,2965.35974185003,2949.63772799043,2927.15851659051,2582.61143147195,2646.49770616932,2904.83670351846,3015.2374137362,2967.333292029,3034.00078013811,2901.18710754953,2793.47176557636,2813.04974367977,2945.77171692499,2945.53967422204,2945.56060033565,2984.94914075546,2904.5508072001,2221.04636326383,2155.66595723656,2131.1037053746,2044.991496644,2043.94097588605,2064.64480161584,2073.3208388848,2045.25653454028,2060.8105868982
3018.75070990054,2946.19535129712,2928.04421713328,3152.48459411498,3038.56701761789,3032.10228710738,3114.9721009465,3129.42215673523,3115.17779252965,3025.3346842777,2892.48357361938,2832.27927004634,2874.34961753241,3023.03496563549,3037.14196260166,2980.08530965826,2979.82096888297,2924.72987871878,2424.04414567888,2370.01040977412,2311.36898622482,2187.03172117251,1979.55717856016,2005.12396007496,2065.53568694742,1992.86241860986,2098.90034435589,2833.88880651278,2925.86409852635,2910.32222681999,2968.14458767953,2767.47587882885,2304.3317776199,2562.98866451192,2932.68157123502,2975.56132709552,3109.4046159291,3081.58147938393,2906.47163878036,3008.28802772699,2955.18272530232,2927.70357466982,3014.97973894173,2984.03971464808,3072.51871692059,2933.10437488113,2605.95586298332,2632.70482719987,2903.72971780639,2895.52487423681,2890.91992244825,2934.98065920751,2913.6045681407,2808.91592900971,2908.09678826775,2901.23176447301,2912.75063104594,2901.47287160391,2936.04100475264,2955.22635657839,2510.58957063827,2540.14968450673,2932.68019463159,2908.34813153615,2891.8282074269,2907.28715697429,2962.22907468721,2701.29427741591,2659.14231955374,2908.38552346075,2890.98608699758,2913.76874983654,2890.27950990059,2982.48169425304,2254.24462583537,2426.79139279424,2932.75503543611,2895.0567468792,2928.62115838388,2897.51447293447,3013.06897868369,2428.38186714943,2536.60770075865,2976.19733670157,2919.52155737697,2935.38652818703,2935.02395834447,2996.82872246992,2278.14505421262,2424.39094203824,2935.38499661841,2939.86072824279,2919.60030871159,2902.90905685589,3013.11256647149,2491.40939247062,2535.04284780324,2990.40654001137,2955.21184794274,2996.67834899933,2404.46642137337,2343.75521112412,2075.32583553916,2218.08386548748,3027.05787568925,2955.39251827205,2970.0409558382,2926.26939987478,3003.48883558981,2509.7430619191,2604.74342079963,2897.98363662771,2892.31090462839,2925.16045362401,2910.91983703369,2962.78613454302,2509.34760002533,2723.47917254488,2913.69155579527,2890.36255157355,2892.47887787702,2903.45950057497,3013.97551215329,2558.83639819871,2676.593727482,2908.03334370098,2898.27068680833,2894.81108075146,2891.57865314028,2989.64790945108,2652.94192495288,2789.57688721233,2889.2815159354,2934.62135373352,2961.75487501969,2944.6978252165,2919.72665430251,2542.84307743369,2612.13756023026,2895.80764763069,3015.83779335663,2963.89477722981,3036.18088048641,2891.93995584748,2771.64574885419,2792.90336389872,2939.70513319196,2939.46039920609,2939.48153832808,2981.73869291004,2892.30143843177,2150.78564901854,2079.91045392128,2053.28511149506,1959.94232358895,1958.80361163069,1981.24549452442,1990.64991687599,1960.2296117635,1977.08939270691
3019.55257995194,2944.29659424383,2925.46860567323,3158.13669598006,3038.44500767528,3031.93525722633,3119.10841706754,3134.13251699202,3119.32314083107,3025.96976546213,2887.80196110645,2823.52927907007,2867.28072755711,3022.09420204368,3036.93705846458,2977.31047985851,2977.0326475771,2919.68208964234,2399.24338470872,2343.10570892231,2282.18140771,2153.00979532338,1937.4831014616,1964.041403579,2026.79664649751,1951.30431470772,2061.45620845782,2825.20519482279,2920.86576607604,2904.69893001805,2964.87033404635,2756.14994590584,2274.86968948428,2543.61749344231,2929.32776906954,2974.25934755384,3113.32252562827,3084.40831259523,2902.44349401225,3006.69178140825,2951.37506375416,2924.52364687004,3015.21222944885,2983.06796367608,3074.99069236535,2929.76205505918,2588.26672280369,2616.06591406358,2899.40682437693,2890.93790467031,2886.21915743504,2932.08852268627,2909.60373219281,2799.23487842886,2902.3777741702,2896.9903752712,2908.97553303688,2897.24099825801,2933.19017422877,2952.63324913168,2489.16671169837,2519.88416132929,2929.32470529088,2904.17639390627,2887.18038860057,2903.29101688963,2959.871624455,2687.35430483908,2643.54402691251,2904.21348805071,2886.26773502907,2909.77735518905,2885.55319276832,2980.79803065822,2222.8348662299,2402.09797233229,2929.40226164095,2890.47515481276,2925.14281344037,2893.00516766167,3012.36605312376,2403.75303309769,2516.20268257475,2974.30667390936,2915.72120014269,2932.13949095739,2931.76143411216,2995.62049707994,2247.66962864069,2399.60365501146,2932.13505290663,2936.74862441693,2915.8019432685,2898.5526923042,3012.4110410596,2469.23774924206,2514.57618112892,2988.98332826985,2952.61820816781,2995.45761110264,2378.90252378313,2315.8271622868,2036.96668486551,2185.26846076497,3026.76668942037,2952.80489061787,2967.94542301908,2922.69543079155,3002.48751711317,2488.28695871396,2587.00615121272,2893.46502354154,2887.69630368667,2921.88164434503,2907.07338159272,2960.44742225753,2487.87598460593,2710.41426922177,2909.69276649959,2885.6200051025,2887.87084601178,2899.12552281715,3013.30216229898,2539.30143677076,2661.67994501994,2903.84819921276,2893.76167853693,2890.19524108146,2886.92136909552,2988.19916670983,2637.09712683704,2779.12721574899,2884.51574052304,2931.71523550725,2959.91400285257,2942.18752505086,2915.93633914991,2522.68851238372,2594.69321450468,2891.23196606245,3016.10390350561,2962.13724730522,3037.23834805884,2887.25971201742,2760.48724939616,2782.5876958449,2936.58827172352,2936.33754033492,2936.35870435028,2980.02981813021,2885.95075884042,2115.35616909074,2041.72935330701,2014.07093917928,1917.10763037321,1915.92475990255,1939.2369098043,1949.00604589986,1917.40605957702,1934.91963457208
3020.38095137017,2942.37991559269,2922.86377128597,3163.87766232296,3038.09474602089,3031.56675640823,3123.29218290795,3138.90477716292,3123.51627631026,3026.57154719997,2882.94446436355,2814.27913264452,2859.75486755758,3020.87825729782,3036.49838394719,2974.19797548183,2973.90592205572,2914.23028278485,2373.56418997026,2315.27569191308,2252.01770598266,2117.90495411821,1894.15017664396,1921.72156580749,1986.87138495988,1908.49858260445,2022.85414555152,2816.02340180328,2915.46522591623,2898.65686116012,2961.2426688457,2744.25945028663,2244.4252951046,2523.49145612637,2925.7944181012,2972.88001961987,3117.28273800777,3087.25176432458,2898.27033844443,3004.79486775366,2947.19827221926,2921.22130412981,3015.40234203768,2982.02644031183,3077.47099552778,2926.23972693636,2569.8613909721,2598.73536573085,2894.90483116707,2886.17377627221,2881.34813940333,2929.08121837962,2905.42219111085,2789.03008349013,2896.23664269762,2892.59773324162,2905.06248303577,2892.85810867055,2930.22511978764,2949.86142001774,2466.9417554491,2498.84317143472,2925.78939101958,2899.82489480141,2882.3660974819,2899.1506355044,2957.33565281668,2672.78658961774,2627.27877726959,2899.86143008338,2881.37579011662,2905.6059177994,2880.65594731264,2978.93523535009,2190.3997443937,2376.52855900042,2925.86969674442,2885.71992850193,2921.48683993849,2888.32049610969,3011.47737501957,2378.24999903875,2495.01887945891,2972.23738694633,2911.74045000002,2928.71555178284,2928.3214544905,2994.23250619329,2216.19015530181,2373.93823052529,2928.7077335613,2933.45712982073,2911.8230749706,2894.01623660095,3011.52375391095,2446.24706407011,2493.32926051894,2987.38024747551,2949.84584065291,2994.055863267,2352.44307740184,2286.95085639034,1997.42960420828,2151.39668498993,3026.28099015619,2950.03852532008,2965.67143502411,2918.9410566252,3001.30387834286,2466.02797978563,2568.5514951626,2888.76685749636,2882.91810463192,2918.47818737693,2903.08733435851,2957.93019454882,2465.60113267323,2696.74261687538,2905.51312532223,2880.70332306211,2883.09937066776,2894.61210750364,3012.44294151817,2519.00767870315,2646.11512127156,2899.48281665106,2889.07311066035,2885.40142326435,2882.09743326892,2986.57053573575,2620.57920312672,2768.13459606256,2879.57804410602,2928.69363356605,2957.98331111621,2939.57130458684,2911.96616250908,2501.76176583927,2576.53867646893,2886.47942591837,3016.32842428388,2960.29179196222,3038.2721153738,2882.4068902602,2748.76859358776,2771.73266252683,2933.29210005073,2933.03574591004,2933.05681916517,2978.14177325579,2879.16167183191,2078.81290950206,2002.374228817,1973.66020660496,1872.99755589123,1871.7695667609,1895.97090411044,1906.11268616146,1873.30736838978,1891.48895070918
3021.1466814264,2940.66749664333,2920.52987862532,3169.05468607471,3037.46882815647,3030.96188224127,3127.04100484986,3143.19168568336,3127.27381352311,3027.05509590275,2878.4238615808,2805.4421792698,2852.4955946425,3019.42529355962,3035.78699475601,2970.98894534015,2970.68336264762,2908.87011170461,2349.74098620257,2289.49420275485,2224.11152309344,2085.50121248644,1854.25963733751,1882.75271058629,1950.08117921046,1869.08766698192,1987.26793070531,2807.24935309607,2910.15269105184,2892.75665525303,2957.55835427275,2733.00902383664,2216.26345714841,2504.72779222633,2922.43411413295,2971.55841132902,3120.82762668266,3089.77793908767,2894.39523783237,3002.70715881368,2943.00879945282,2918.14422167848,3015.51089189273,2981.01273018062,3079.6659877226,2922.88848106422,2552.66601344412,2582.52012078364,2890.69261243084,2881.733563454,2876.82351920545,2926.27393840257,2901.48976517693,2779.32009365346,2890.24460018031,2888.52072734011,2901.42617909641,2888.79001684124,2927.45634328351,2947.17254823529,2446.26501647966,2479.24555114191,2922.42697270128,2895.74420431734,2877.89669535799,2895.30545581294,2954.85466628896,2659.09193072899,2612.03548361791,2895.77988244566,2876.82807679341,2901.68331155784,2876.10729962154,2977.04595495314,2160.42585008687,2352.80537554676,2922.50974552875,2881.29247829935,2918.02128783738,2883.95271808049,3010.43638480887,2354.58773133984,2475.29094638284,2970.16704780562,2907.98518492092,2925.45524219442,2925.04625346565,2992.76030327201,2187.08703134388,2350.12755900248,2925.44378731014,2930.30992106744,2908.06931228726,2889.77229982168,3010.48397531797,2424.87279173309,2473.54373117637,2985.71855512959,2947.1564867751,2992.56981306095,2327.909319687,2260.21655382546,1960.99259490182,2120.11516663261,3025.58258880275,2947.35444019023,2963.42114396375,2915.38501843257,3000.00800225982,2445.32021286903,2551.31104327886,2884.38134935864,2878.48449215225,2915.30899328731,2899.38449275098,2955.46571357642,2444.87889320109,2683.86582905014,2901.58216627058,2876.13307948977,2878.67189202366,2890.38936327952,3011.42771664546,2500.09092835731,2631.51044927593,2895.38924013833,2884.69604069787,2880.93393437783,2877.61929193503,2984.8863274054,2605.10493990084,2757.70449581125,2874.99240662964,2925.87332886502,2956.15901411785,2937.12115214179,2908.22094719307,2482.26926246132,2559.57237906333,2882.04983217372,3016.46835773809,2958.54515788921,3039.1492667447,2877.8950293701,2737.6755383491,2761.42864018408,2930.14088794174,2929.88010947484,2929.90094094493,2976.23021724552,2872.57668037843,2045.10019026712,1966.10280432026,1936.42832382409,1832.39999731873,1831.13096069309,1856.14124935056,1866.62205555651,1832.72016600246,1851.50947663947
3021.92215843829,2938.97776468176,2918.2217448188,3174.20042041045,3036.61215107705,3030.15459651014,3130.74895949282,3147.44009345211,3130.99063315324,3027.49088593389,2873.82459077856,2796.28299071767,2844.92190005177,3017.71129475217,3034.84099680018,2967.49463674465,2967.17507053144,2903.20596816586,2325.55574379284,2263.34821951783,2195.83824586174,2052.72568731837,1813.99148882294,1843.40686397195,1912.91553086984,1829.2994602277,1951.30721171951,2798.15365259744,2904.53696513194,2886.54983251534,2953.58346824611,2721.42619420541,2187.73413692864,2485.61106237578,2918.96268552891,2970.18586684748,3124.33110604097,3092.26002564427,2890.45892621946,3000.3465290817,2938.52421561464,2915.01070473931,3015.57110114065,2979.94869399892,3081.81608432755,2919.42539217107,2535.12075295495,2565.95739808493,2886.39067987292,2877.21133219641,2872.2264064446,2923.41141543552,2897.45901996544,2769.28387736285,2883.94458986894,2884.38073520133,2897.7304143675,2884.65897505635,2924.63239620322,2944.35695383635,2425.23127076713,2459.29313484519,2918.95318372503,2891.56985497463,2873.35752395944,2891.39916032832,2952.24206829262,2645.05677827868,2596.44744942579,2891.60441528387,2872.20483407269,2897.66285960621,2871.48602099525,2975.00987614125,2130.08255228039,2328.72032881828,2919.03839955087,2876.78649901103,2914.44926758108,2879.5030759897,3009.22063184805,2330.56403721843,2455.20784005088,2967.9549030131,2904.12758566927,2922.08420719625,2921.6600956964,2991.13037917543,2157.61609980016,2325.95486054282,2922.06869394786,2927.04652431275,2904.21305988284,2885.43835867804,3009.2693943152,2403.14037369475,2453.40285924852,2983.90368134199,2944.34041559435,2990.925039177,2303.0125203366,2233.11642234432,1924.18040849989,2088.46292455542,3024.69157134881,2944.54349763223,2961.03364791758,2911.72173922946,2998.54732076929,2424.25536195497,2533.72052722969,2879.90989546715,2873.98333285342,2912.08321872923,2895.62205576046,2952.86922213886,2423.79953616515,2670.65109618921,2897.55269356203,2871.48727453172,2874.17688271752,2886.07679931895,3010.23696877397,2480.82063409207,2616.56251287616,2891.20180704141,2880.23281051095,2876.38421307843,2873.07140237417,2983.04946989479,2589.28495786772,2746.94514970081,2870.33397582813,2922.9977603226,2954.28267538816,2934.61696096139,2904.37372427877,2462.42292326533,2542.25704094652,2877.53828310611,3016.5600302144,2956.74661759073,3039.97934570043,2873.30785351632,2726.25096564399,2750.79613849249,2926.87367314134,2926.60898332246,2926.62945414235,2974.17236869558,2865.68072052957,2011.01455621589,1929.45634776679,1898.8206976607,1791.42436635163,1790.11425506217,1815.93402846835,1826.75408543528,1791.75489809945,1811.1523369494
3022.66156858258,2937.4268976365,2916.09610434569,3178.97336976786,3035.45042333014,3029.08194265547,3134.16073607037,3151.36172089849,3134.41093564242,3027.82632684202,2869.39144480466,2787.20926761113,2837.34455011552,3015.70115188392,3033.58983223357,2963.78096373397,2963.44761861305,2897.43239139475,2302.35192282964,2238.30466283969,2168.79877363111,2021.46323215205,1775.70410590255,1805.98406448002,1877.5366222678,1791.46197880513,1917.05802216377,2789.14025559174,2898.80990172216,2880.26412901849,2949.41182861118,2710.06773175918,2160.45432277848,2467.16687322157,2915.53463016103,2968.82167946599,3127.55049964115,3094.51843777499,2886.67543872381,2997.71299496609,2933.86847839119,2911.98735809744,3015.55368991104,2978.87461602481,3083.76222521846,2916.00399297074,2518.1528644244,2549.91316539783,2882.21843636256,2872.844987197,2867.8052735698,2920.64397786212,2893.52714094974,2759.38292185395,2877.56959396871,2880.40346842296,2894.17521701862,2880.69015507608,2921.90122140038,2941.51889669651,2404.98607370723,2440.06381271047,2915.52251842818,2887.51086033298,2868.99511293185,2887.64395720502,2949.58659812691,2631.38983388287,2581.32001951258,2887.54395246066,2867.75429394583,2893.7413970293,2867.04201605206,2972.87102716782,2101.10123031096,2305.61059446999,2915.60998546742,2872.44098681918,2910.93432614263,2875.20498977198,3007.80737173257,2307.5124078659,2435.85557416756,2965.65880740379,2900.35157621984,2918.7508730233,2918.31221525085,2989.35528468225,2129.45406127161,2302.76280338201,2918.73088358461,2923.80541076017,2900.4380620112,2881.2356419148,3007.85717101714,2382.23922848634,2433.99624780699,2981.96221754229,2941.50192210457,2989.13442025616,2279.14088847997,2207.17739278416,1889.13288457799,2058.25391358648,3023.55532639233,2941.70958541447,2958.5803790887,2908.12002621859,2996.91982612314,2403.98092212869,2516.70998985235,2875.58481509937,2869.66016234247,2908.97319006888,2892.0041638214,2950.22820961718,2403.51146245061,2657.75621272348,2893.62169445936,2867.0155369221,2869.85950196976,2881.89441821538,3008.84596264031,2462.23193073727,2602.03668380157,2887.13022767305,2875.91509297645,2871.99175701604,2868.70085589018,2981.08824092996,2573.9388655512,2736.36252952725,2865.85488769719,2920.21806714049,2952.44463964891,2932.18728586129,2900.60797078271,2443.29437416041,2525.50571418898,2873.18205310616,3016.57221832303,2954.9816879704,3040.68530034286,2868.89146329661,2715.04202330177,2740.3334451812,2923.62928166864,2923.36175381276,2923.38169417174,2972.01393352209,2858.7431793986,1978.52360272709,1894.56423276632,1863.02746358748,1752.47379180523,1751.12517685499,1777.70376365318,1788.84183980873,1752.81403799389,1772.78153675604
3023.63707946673,2935.4563571371,2913.38590510638,3185.10500220254,3033.53093773995,3027.32843810057,3138.51079266686,3156.37693533083,3138.77231041856,3028.17596530846,2863.50312554103,2774.87089367248,2826.95977261104,3012.62796987837,3031.54755697204,2958.45639558678,2958.10438020163,2889.40437192388,2271.62640571737,2205.1899935719,2133.09224403496,1980.27425649074,1725.39859642277,1756.80038378422,1831.00512199038,1741.7402269919,1871.99260696171,2776.88111852252,2890.84356709697,2871.56755400873,2943.48419251625,2694.74964356835,2124.43555646524,2442.62705726196,2910.89089591951,2966.96216580687,3131.65019182305,3097.36756570422,2881.66090065459,2993.81056858642,2927.30524420982,2907.96693266396,3015.44484211981,2977.39231283512,3086.20509147168,2911.36759180702,2495.5323857502,2528.49426695859,2876.64844714168,2867.03722810132,2861.94367647977,2916.95747725017,2888.25326559737,2745.96513552553,2868.75486714288,2875.13449714325,2889.45980855228,2875.43220008354,2918.26186258093,2937.61203477858,2378.10466598425,2414.5031796775,2910.87495648452,2882.08058396722,2863.21456462009,2882.66626003542,2945.90767952959,2613.0649521377,2561.09440859737,2882.11130237524,2861.84908870039,2888.4818816767,2861.15051675044,2969.8346571408,2062.87344155656,2275.0073504094,2910.96529872933,2866.66652568019,2906.18632278933,2869.48599851227,3005.66164994419,2276.98526038156,2410.13490251573,2962.42751944572,2895.27255017572,2914.23065751096,2913.77272388507,2986.77095536891,2092.29111981492,2272.05255608751,2914.20410577367,2919.39493272093,2895.36006684048,2875.625620195,3005.7127223872,2354.50551263287,2408.20482875917,2979.17031148515,2937.59450448715,2986.52815783774,2247.54792766225,2172.89957933029,1843.03141909084,2018.43236610819,3021.73685134944,2937.80785453515,2955.15356884555,2903.25813440644,2994.51416144085,2377.0614706415,2494.03390467386,2869.82347040469,2863.93450364965,2904.84012640976,2887.20723400431,2946.56731609996,2376.57427813597,2640.43665908263,2888.34860936886,2861.08279242195,2864.14137853416,2876.31109439563,3006.72773031502,2437.50393600039,2582.59353192588,2881.6832783362,2870.16290720717,2866.14975976885,2862.90979863618,2978.27166615322,2553.42807008821,2722.05575435505,2859.91761142438,2916.51564111819,2949.96883208888,2928.94084726724,2895.5428312093,2417.86607870395,2503.16745502959,2867.38752185082,3016.5018845289,2952.600897551,3041.51650172812,2863.03091895014,2699.91932858257,2726.18349079403,2919.21488861816,2918.94460692695,2918.96364496268,2968.9530837704,2849.19390706283,1935.74015503415,1848.66447645904,1815.95835239177,1701.30778585174,1699.90921159992,1727.47237104857,1739.02308764807,1701.66063677285,1722.36779597668
3024.79432772575,2933.18055039936,2910.24789787076,3192.24234760729,3030.90780847743,3024.94457161887,3143.54499658524,3162.1944961237,3143.82001243558,3028.50986306373,2856.47228365614,2759.89473553839,2814.28515930563,3008.60520069317,3028.77447675758,2951.75725645616,2951.38264671405,2879.50787715988,2235.04116651144,2165.80120736934,2090.66214210172,1931.41226174422,1665.84434709017,1698.56170809397,1775.8768075631,1682.87054757615,1818.58378128363,2761.99872899976,2881.02058569871,2860.88347887947,2936.0700390765,2676.26581479892,2081.63895609933,2413.3045072861,2905.26552485005,2964.70099564016,3136.39007471793,3100.63733655933,2875.68370219523,2988.79735843533,2919.13914562645,2903.16323503636,3015.24031175772,2975.57439249118,3088.99736581401,2905.74962077211,2468.4639708912,2502.83767494587,2869.97246688845,2860.09525857531,2854.95447339786,2912.54726713479,2881.91019444831,2729.71782722146,2857.93021305423,2868.85602215752,2883.83624703109,2869.16670100922,2913.9070356974,2932.82503732416,2346.03198021211,2383.98168908648,2905.24468728615,2875.56186881246,2856.32494118954,2876.73241210117,2941.37997513728,2591.04498054719,2536.84044208743,2875.58937008532,2854.80368496094,2882.15643978296,2854.12602536213,2966.03567988937,2017.48521196891,2238.56566997899,2905.33836072406,2859.769382334,2900.44635538275,2862.64833942391,3002.8619283511,2240.63343720018,2379.42528194292,2958.40808367824,2889.15129736772,2908.75075447572,2908.26983654439,2983.48438673397,2048.15322025935,2235.48522896105,2908.71581333017,2914.03472126261,2889.23976377142,2868.90221669211,3002.91442949759,2321.43227634678,2377.4120385918,2975.64763155838,2932.80686603876,2983.21421384495,2209.94461372807,2132.1456853538,1788.40745305574,1971.17443865658,3019.29233290102,2933.02665050701,2950.91234418544,2897.38335973119,2991.42561809677,2344.94408280343,2466.90004423629,2862.92938618469,2857.11296048791,2899.90414366341,2881.48787947703,2942.06008516152,2344.43605774542,2619.5987591415,2882.00614175723,2854.00504792798,2857.3286965476,2869.61930168947,3003.95901060706,2407.96012262999,2559.25879061935,2875.14468332364,2863.27920505302,2859.1672911712,2856.00789066677,2974.72093325798,2528.83838099411,2704.76196541883,2852.83917878366,2912.08672909318,2946.98335694117,2925.04856362627,2889.43840662221,2387.50117437175,2476.43107476207,2860.46116733979,3016.34262632498,2949.72702433144,3042.4160218087,2856.03823458488,2681.6658578608,2709.07467236261,2913.85039705697,2913.57774126352,2913.59552283506,2965.12624932021,2837.50378282204,1885.00792124766,1794.27710860021,1760.19957189336,1640.74444512842,1639.28728391752,1668.0050424412,1680.03966333581,1641.11207757797,1662.68662828855
3024.91752971329,2932.91222306499,2909.8813531941,3193.05946244663,3030.76795158625,3024.81292670893,3144.13357242039,3162.8689667352,3144.40999828506,3028.57843633256,2855.74013341199,2758.43490536398,2813.07727678094,3008.32877709438,3028.62038301583,2951.19773321665,2950.82089645526,2878.60345016613,2231.19399011052,2161.64253971748,2086.16552459141,1926.20040963335,1659.44222669726,1692.30610225539,1769.96754351132,1676.544669483,1812.86593073973,2760.54899093849,2880.12385946918,2859.89281643925,2935.43411159967,2674.42087061027,2077.1016617834,2410.26256574786,2904.71196642357,2964.48216772724,3136.94615621871,3101.03110050556,2875.05726857999,2988.41807008927,2918.42219786854,2902.66447207324,3015.24919685597,2975.40460032299,3089.3383705081,2905.19737287677,2465.67169341035,2500.20150110848,2869.2873446426,2859.37528247027,2854.22279396049,2912.09159196443,2881.26799683831,2728.11863444751,2856.92473114772,2868.19718432835,2883.24807542798,2868.50928618792,2913.45749142301,2932.37541469114,2342.68547587786,2380.80697908389,2904.69074870298,2874.89694304032,2855.60252638307,2876.11075015774,2940.96252672666,2588.81039142347,2534.35912900712,2874.92426136961,2854.06779003314,2881.51588789673,2853.39050295042,2965.70959334698,2012.65974579903,2234.73441164551,2904.78480989582,2859.05205785769,2899.8768981919,2861.93989983432,3002.66576464899,2236.81192986661,2376.22980748889,2958.05409961504,2888.53653734791,2908.21315652056,2907.72983076852,2983.22267110026,2043.46634779241,2231.64004529398,2908.17756243573,2913.5141276441,2888.62521462285,2868.2120017123,3002.71845139634,2317.97477505373,2374.20738612472,2975.35659269468,2932.35716788976,2982.95011878853,2205.98439520845,2127.835436211,1782.55433939722,1966.14103191457,3019.14751518614,2932.57776453079,2950.5305708124,2896.79938538406,2991.1906819661,2341.59263652441,2464.10057580531,2862.21739976045,2856.3966335343,2899.39071865648,2880.88911104595,2941.64518851134,2341.08230678547,2617.49452302587,2881.36414246098,2853.26556702351,2856.61334719121,2868.93248767051,3003.76680820409,2404.89378187482,2556.87917384501,2874.47767416387,2862.56852117235,2858.44294220085,2855.284091008,2974.42641038087,2526.32021158213,2703.0478682653,2852.09774918322,2911.6289807881,2946.68445698152,2924.64985358178,2888.82530244441,2384.34332635394,2473.67533022198,2859.74289012275,3016.35651155695,2949.44048797228,3042.54725530732,2855.30807543735,2679.84606325412,2707.38073353716,2913.32920060445,2913.05593373443,2913.0736555232,2964.79671375607,2836.403599108,1879.58794570322,1788.45032274872,1754.22009630732,1634.22993597657,1632.76624975199,1661.61260088369,1673.70111429163,1634.59921467564,1656.27037101757
3026.22042128958,2930.56589911512,2906.61756266702,3200.61626121136,3026.56037696624,3021.02683421973,3149.35658028785,3168.95460622838,3149.64847434857,3028.66444962407,2847.64487709184,2740.32939332447,2797.50842760189,3002.43262922717,3024.22845621436,2942.26528343654,2941.86138394177,2866.1023088862,2189.46251896591,2116.86118692817,2038.07598635889,1871.11916281554,1592.7491979806,1627.0412284664,1708.07969866956,1610.59477412611,1752.8454584986,2742.54833723998,2867.70677752479,2846.52381928701,2925.69725021617,2652.45926739866,2028.61304444268,2376.44668318303,2897.94448893823,2961.7336578826,3141.84696346503,3104.32255626075,2868.21326891213,2981.38160633141,2907.84524652622,2897.12348848413,3014.74767829068,2973.14080723173,3092.10740988846,2898.43351263168,2434.31483734491,2470.38712925617,2861.50961223439,2851.35592264702,2846.21074507008,2906.98497568598,2873.79908436309,2708.61396374814,2843.39580526397,2861.01523976909,2876.79868815529,2861.34164558044,2908.41139025533,2926.424106225,2305.86915395365,2345.68296683859,2897.91644203058,2867.26583142544,2847.71536259394,2869.31437685685,2935.26352230941,2562.97366976701,2506.07916501608,2867.28805838342,2845.97603368103,2874.06903643457,2845.33930791791,2960.71150714105,1961.35375143174,2193.15939347698,2898.01397238316,2851.10264636577,2893.01313424839,2854.03459770198,2998.58821944733,2195.33669467371,2340.89993256697,2952.84621547338,2881.28400115971,2901.60594082674,2901.09625282509,2978.71660000966,1993.52338776156,2189.92803741867,2901.55868566779,2907.00390738758,2881.37275533337,2860.38099775195,2998.64222323344,2280.06850561759,2338.78648780007,2970.62068432431,2926.4052043572,2978.40822844817,2163.14476673168,2081.56824272011,1721.2141642125,1912.80284798712,3015.35193209342,2926.63192666323,2945.10918736786,2889.78459955306,2986.85773093435,2304.72746926054,2432.67182206796,2854.22594672263,2848.59711592224,2893.70535669549,2874.33497660395,2935.96597831959,2304.19438985008,2592.95230085219,2873.89469554361,2845.13851634057,2848.82354446067,2861.13693341282,2999.71842782403,2370.83558589509,2529.60299369384,2866.82376047159,2854.58702463769,2850.37831087692,2847.38373057256,2969.66324103872,2497.67114839916,2682.39284992869,2843.98701205789,2906.5019594224,2943.1435323928,2920.11263893801,2881.59305074118,2349.39434295707,2442.68280674091,2851.74087045429,3015.90454243861,2946.02139992003,3043.25078638804,2847.27485429714,2658.13894047563,2686.93037042062,2906.81547888604,2906.54278491271,2906.5584107009,2959.77150367623,2821.9204407439,1822.47498828574,1727.36718386151,1691.64780627261,1566.44152226208,1564.91423739278,1595.01394395939,1607.6277685473,1566.82684707783,1589.43958076042
3026.87645131227,2929.44202941882,2905.04591508688,3204.292562254,3024.08189568346,3018.80344475111,3151.86569705394,3171.89329039369,3152.16546436179,3028.62627510113,2843.50946906937,2730.84778568355,2789.29027435034,2999.07137113004,3021.65269872528,2937.36698897762,2936.94899222964,2859.41376178182,2168.26770643635,2094.15871351188,2013.73826615718,1843.32673478954,1559.22241166886,1594.21956110576,1676.92550535603,1577.4348874468,1722.61345036219,2733.11938851095,2861.0609660354,2839.40306627474,2920.39362409963,2641.05985710408,2004.0779368159,2359.16907058622,2894.40604619026,2960.29014620134,3144.19616809877,3105.87300607781,2864.72819974904,2977.43846324946,2902.11995524483,2894.29084441277,3014.41839401104,2971.93780166713,3093.39865462025,2894.89553610992,2418.25477417532,2455.09147475462,2857.51084972706,2847.25185713256,2842.12781870352,2904.36907250998,2869.93720707922,2698.4359945358,2836.19396973191,2857.35995564844,2873.5117762149,2857.69349277456,2905.82549563378,2923.26102646076,2287.10582497852,2327.75759321429,2894.37417315354,2863.33231586002,2843.69916121982,2865.8530045395,2932.21647232686,2549.65050209021,2491.54448364122,2863.35154958847,2841.84813169532,2870.21893419335,2841.2367922348,2957.98416275018,1935.42648416951,2172.04200177984,2894.47337357746,2847.03948597911,2889.43546938215,2849.98711254394,2996.26747993467,2174.26921504315,2322.87244719525,2950.02391035021,2877.52175032585,2898.14736387169,2897.6242308634,2976.2134727988,1968.27073620346,2168.74283969885,2898.0935883685,2903.58347656823,2877.61025736053,2856.3553804993,2996.32206563418,2260.76595098564,2320.71384897645,2968.01175265609,2923.24181414083,2975.8855872316,2141.40197282361,2058.13104047625,1690.33041678903,1885.871515239,3013.140239649,2923.47130602931,2942.18943633005,2886.13093161929,2984.42782184581,2285.93993223559,2416.57601500532,2850.12847512992,2844.62833534992,2890.80116623097,2870.99609648008,2932.92798308526,2285.39558190122,2580.2715183363,2870.0321990306,2840.99312281928,2844.85959159586,2857.12916909752,2997.41077646597,2353.43772558109,2515.56560911912,2862.8786136466,2850.49407956249,2846.25148914734,2843.36105218638,2967.04178638708,2482.9528895822,2671.6427858167,2839.85478663241,2903.87594742722,2941.30677567599,2917.78015851103,2877.84142557548,2331.55684620312,2426.80374672836,2847.64548827807,3015.5998482836,2944.24502336685,3043.51865395278,2843.17626014275,2646.86644939058,2676.28246554046,2903.39366132013,2903.1221922355,2903.13656338193,2957.03169201496,2814.24322490448,1793.6790388485,1696.61039732747,1660.15567611881,1532.37393192232,1530.81524723094,1561.53375524603,1574.40693921551,1532.76717904077,1555.84478300282
3028.15613696408,2927.36367247183,2902.12217850539,3211.20915598313,3018.5383286245,3013.84202798587,3156.52137599597,3177.3773819563,3156.83666712687,3028.39112851975,2835.32698609715,2711.63418439509,2772.51381254305,2991.74170709642,3015.91060854604,2927.02313416951,2926.57671180413,2845.59112555986,2126.56837990688,2049.57396666488,1966.02412628167,1789.00392301329,1493.93651012579,1530.28140037232,1616.17478667946,1512.85025447091,1663.62579353328,2714.00822422159,2847.32249553595,2824.74683320147,2909.25858291902,2618.15255656066,1955.98581006272,2324.97518770757,2887.24681028175,2957.35721633214,3148.54452826932,3108.68629568146,2857.85409000735,2968.95860234459,2890.16508816106,2888.68196277708,3013.62478034137,2969.46693564395,3095.71395941277,2887.73454055855,2386.39504328492,2424.69853149184,2849.5491089052,2839.11696621352,2834.06853954202,2899.17902793918,2862.20577762005,2677.88019995326,2821.3784882917,2850.15376408398,2867.0230816533,2850.50106993068,2900.69306883188,2916.76374070107,2250.06349995734,2292.3217724425,2887.20671180134,2855.48092880227,2835.7775863615,2859.02455271297,2925.92378474177,2523.04504443844,2462.61287260246,2855.4934785099,2833.69160018956,2862.5117833159,2833.13954642989,2952.24952880185,1884.67112664427,2130.49100868779,2887.30901831475,2838.99557269575,2882.2179830208,2841.96090051434,2991.21366047013,2132.81492371923,2287.24050367449,2944.12511776757,2869.96625973755,2891.14226197801,2890.59256948984,2970.86976348309,1918.80813561352,2127.06190119868,2891.07449123285,2896.63170219052,2870.05372172932,2848.34120189577,2991.26922092916,2222.69077557858,2284.99517238151,2962.48125603913,2916.74396094279,2970.50090643226,2098.65353358855,2012.13968460607,1630.09671293876,1833.1955743549,3008.23414907203,2916.9782344005,2936.12041163636,2878.76529000921,2979.19940759884,2248.85115197768,2384.64746905877,2841.99175548188,2836.80572408803,2885.05500976029,2864.40756978516,2926.65115871585,2248.28518067336,2554.90044863067,2862.29887219744,2832.80302789376,2837.04627015912,2849.1498163257,2992.37933519191,2319.0127751242,2487.58794021131,2855.00424641717,2842.36522937162,2838.07229231866,2835.42717520772,2961.48923722331,2453.66769075115,2649.98517952436,2831.70013002481,2898.66651288347,2937.61820173249,2913.13642406897,2870.30747000653,2296.29192997635,2395.29223859391,2839.52743871567,3014.85348793848,2940.67230910629,3043.87077286547,2835.07656252561,2624.20430531006,2654.82236836203,2896.43992336672,2896.17268758621,2896.18421932263,2951.27508651862,2798.51056190235,1737.43730299095,1636.61947317737,1598.75902090288,1466.05439056768,1464.43569043177,1496.33692619885,1509.70583892672,1466.46277990595,1490.42889707532
3028.82939071636,2926.3045962207,2900.62681326878,3214.77151821407,3015.41438673428,3011.04929773906,3158.89933617743,3180.18820880873,3159.22284129266,3028.22004750492,2830.99013702443,2701.31741366635,2763.47079081464,2987.65935427427,3012.67965239508,2921.35067246874,2920.88902476581,2838.09288089623,2104.53215066759,2026.0365276911,1940.85860726408,1760.40101503451,1459.63328303136,1496.67884064846,1584.22941072233,1478.91160152368,1632.59713288506,2703.74524903579,2839.86875758989,2816.81294808998,2903.16982339155,2605.90699810496,1930.62356797353,2306.84643329993,2883.40663100211,2955.78028467057,3150.7622286688,3110.10348835087,2854.21683824587,2964.26679577109,2883.64592076278,2885.7078191057,3013.1627810995,2968.13089781145,3096.87151384218,2883.89265507987,2369.48188476184,2408.54966329051,2845.31492076936,2834.80117768678,2829.8025661565,2896.42396211664,2858.08194141267,2666.86225932323,2813.3605218483,2846.34188356077,2863.58815959763,2846.69638778702,2897.96803192308,2913.25101118052,2230.45125684278,2273.54619631206,2883.36198450858,2851.29981098993,2831.58622662593,2855.41114330178,2922.51225020928,2508.87047477586,2447.22579471956,2851.30859873219,2829.37170548279,2858.40109592021,2828.85368110728,2949.11214388861,1857.92361872792,2108.53200262308,2883.46587984438,2834.73089893224,2878.35253195844,2837.70176595729,2988.40116358707,2110.90658509263,2268.36267916255,2940.90761730078,2865.92954393099,2887.38264679945,2886.81889125327,2967.92425688619,1892.73371454621,2105.03523479968,2887.30714263016,2892.89394007434,2866.01629164658,2844.07942575771,2988.45718937905,2202.54090722355,2266.07212717823,2959.44331123367,2913.2309439779,2967.53300430334,2076.07136785893,1987.87028530588,1598.42015249171,1805.44914995159,3005.48013599166,2913.46754991114,2932.8192389397,2874.82196429489,2976.30642019552,2229.21470163575,2367.69838482996,2837.67070494162,2832.668289201,2882.00935093149,2860.92060320497,2923.24743813304,2228.6374663121,2541.36960029632,2858.17383643716,2828.46564762501,2832.9136828316,2844.90635237319,2989.57767732968,2300.76352026403,2472.69783786707,2850.81096016642,2838.04803561694,2833.73323137195,2831.22944380134,2958.44039426913,2438.09597029514,2638.39190523863,2827.38423572734,2895.9013470596,2935.64727113471,2910.66670606515,2866.28231376393,2277.60609312649,2378.56079897491,2835.22047723873,3014.41612874652,2938.76174111903,3044.00566111368,2830.7864540432,2612.08697626548,2643.33245498686,2892.70134556019,2892.4368753331,2892.44679940143,2948.12683539307,2790.01317953415,1707.83652875487,1605.06916333669,1566.4778289458,1431.21380242083,1429.56390162423,1462.08000861287,1475.70664159791,1431.63006387783,1456.05809648261
3028.90209143099,2926.1676434226,2900.43717882367,3215.2064824201,3015.21288006348,3010.86722214072,3159.20304725113,3180.5406184231,3159.52740875086,3028.2326561723,2830.54265883487,2700.3395943695,2762.63608975057,2987.3666041043,3012.46827110009,2920.88900228891,2920.42588728066,2837.43109967211,2102.216088265,2023.54728338394,1938.18150372914,1757.32675076583,1455.89910506162,1493.02584238437,1580.76835681461,1475.21966555265,1629.24220410679,2702.77330412406,2839.2116351981,2816.10219765794,2902.66321975629,2604.71134485796,1927.92381407574,2304.97942896056,2883.04009430888,2955.63220403635,3151.04769708189,3110.29783520524,2853.8375684956,2963.91105258399,2883.09223210125,2885.40184505208,3013.1420676416,2968.01028162574,3097.03627249698,2883.52644510237,2367.75432009473,2406.90950035968,2844.88735548586,2834.35857945939,2829.35877831715,2896.14248961549,2857.67338056564,2665.8054486337,2812.64088591847,2845.94369534532,2863.23103527102,2846.29900694834,2897.68998938621,2912.933476157,2228.41412102811,2271.605020051,2882.99510091562,2850.88124497119,2831.14908069187,2855.03456612314,2922.20986917781,2507.45557262165,2445.67252087781,2850.88978704335,2828.92389729308,2857.99370954935,2828.40769031677,2948.8521176666,1855.06383007644,2106.2248162488,2883.09919756332,2834.29169356733,2877.97974524928,2837.26562999609,2988.19804758672,2108.60500781456,2266.40984708607,2940.63484222155,2865.53395866454,2887.02515812234,2886.45994226438,2967.69399342322,1889.95124364039,2102.72027821723,2886.94906115808,2892.54287498619,2865.62073691794,2843.64888024324,2988.25415476384,2200.44192236505,2264.11414181629,2959.1992407239,2912.91337065401,2967.30087171471,2073.69239843318,1985.29669235375,1594.99022488509,1802.47391692452,3005.29594440162,2913.15034848767,2932.53356765286,2874.44071863134,2976.08716209497,2227.1747982721,2365.96675725474,2837.23035398008,2832.23575131191,2881.69518910047,2860.55754381522,2922.94624949508,2226.59627358043,2540.02796378129,2857.76527784511,2828.0158376301,2832.48169472628,2844.47779160284,2989.37634433842,2298.88280170332,2471.20145569634,2850.39113093737,2837.60828687312,2833.28809469034,2830.7915437154,2958.19468542919,2436.5218465195,2637.27010817113,2826.93488621188,2895.61871726176,2935.45430376339,2910.41741413745,2865.8878267799,2275.67472446061,2376.8538347073,2834.77885439868,3014.39822112655,2938.57568192698,3044.05328284652,2830.3419385621,2610.90566448138,2642.22218275708,2892.35005003461,2892.08552602717,2892.09535095783,2947.86518142221,2789.23971560873,1704.64681733363,1601.65384090511,1562.97787029934,1427.41735848092,1425.76384253222,1458.35119460011,1472.00768761758,1427.8345320471,1452.31608731548
3031.1173398238,2923.219810893,2896.18594931602,3225.70565272275,3001.05954062282,2998.25044009835,3165.85560341168,3188.58024899048,3166.20803508562,3026.82382125193,2815.48756889158,2662.31193371715,2728.68555103259,2969.70599806787,2997.91499951554,2897.8786738238,2897.36031396987,2808.44250484889,2027.24499618829,1943.89041322602,1853.44393651764,1661.87622231587,1342.71693719024,1382.02149108011,1474.91638983834,1363.17060940595,1526.24183517316,2664.92236649155,2810.37462439085,2785.71976449031,2878.2712484687,2560.53955277422,1842.57104947792,2242.2501204943,2868.8757423506,2949.77492006246,3157.19215761123,3113.9038185956,2841.33416335963,2944.15318540087,2857.28858728882,2875.06992046875,3010.81499506901,2962.91767676741,3099.81965083382,2869.34184365674,2308.84023191048,2350.40130792562,2829.92547089308,2819.29992031709,2814.65388723471,2886.51975628635,2842.88030000958,2625.53896784211,2781.97432405122,2832.85738028128,2851.39653054709,2833.23592384735,2888.16232210683,2899.48319238387,2161.02778378694,2206.84497889267,2868.81141884436,2836.00451579154,2816.73441717748,2842.60758256213,2908.98078266651,2457.17582568729,2391.56836314842,2835.9959034877,2813.98709332484,2843.2516734855,2813.63779245504,2936.18770366197,1765.3932017567,2031.49562236388,2868.91999251242,2819.46421275812,2863.82944072791,2822.38649559437,2976.02331281121,2034.04021273099,2201.32696122153,2927.81528380214,2850.93184752468,2873.12033872494,2872.50640848145,2955.42341833343,1802.39031342869,2027.77896489673,2873.01156736947,2878.59751388648,2851.01317713718,2828.5946404531,2976.08012161262,2131.37293420848,2198.88842998138,2946.72372871114,2899.46235507016,2954.93986312625,1997.01532769567,1903.35271429563,1489.97428548813,1709.69080942877,2992.97646792904,2899.70373414398,2919.5406762302,2860.03128399177,2963.84572934047,2159.71224086935,2306.93837579942,2822.07417115276,2818.03644696826,2871.13740309419,2848.557943369,2909.73347327914,2159.09829146141,2491.78379062423,2842.96444700481,2813.02374890399,2818.29786165211,2829.48465724847,2977.22102043269,2235.77242967367,2418.6601371942,2835.47219536811,2822.45974683197,2818.15225763809,2816.35745470771,2945.69557598136,2381.8294246335,2595.17115492548,2812.06778031671,2885.96413551642,2928.34630545725,2901.71050835406,2851.32871411431,2211.20927734042,2318.51655558176,2819.74912285153,3012.14927408437,2931.65827386757,3043.61070159227,2815.50266111427,2567.14608401991,2600.45643721828,2878.40602472661,2878.16077748502,2878.16309685716,2935.17733167739,2757.03758042463,1606.09034964465,1497.03090000656,1456.08203802674,1312.56514780165,1310.81465980932,1345.31300519057,1359.77053405062,1313.00678843024,1338.92394231984
3032.27482877198,2921.77227957228,2894.08020157449,3230.97981437569,2992.97851718639,2991.05101067552,3169.12790096322,3192.57109889361,3169.49518720248,3025.93902719365,2807.47835011657,2641.71525414027,2710.20001398991,2959.72961922194,2989.61653831771,2885.08530989712,2884.53716961135,2792.52939027039,1987.62152069813,1901.86215249772,1808.80841485193,1611.74571498117,1283.49764389037,1323.91817470417,1419.45358781807,1304.53194480159,1472.24069453901,2644.41801128567,2794.54164579132,2769.08502581385,2864.75360768128,2536.7667824809,1797.61958869882,2208.91760089568,2861.20106665442,2946.59556434857,3160.2022165475,3115.6036140105,2834.70328617918,2933.06442032179,2843.03384980681,2869.5726179151,3009.45699205319,2960.13320825303,3101.09497796436,2861.65399527629,2277.46958680497,2320.26913936741,2821.92180528858,2811.27596803891,2806.84844404783,2881.39121083604,2834.93060579174,2603.78402189996,2765.18975853145,2825.92024341984,2845.11596413478,2826.31085414399,2883.08282108562,2892.11783498305,2125.3003263655,2172.46809119898,2861.12586488394,2828.02958568668,2809.08862880126,2836.0163053625,2901.71139827747,2430.25234665378,2362.67481419004,2828.01116042964,2806.05076231908,2835.3300441372,2805.79843782364,2929.15418364985,1718.22688358218,1991.99644991951,2861.23664697675,2811.57225331265,2856.17924534385,2814.45518896613,2969.14398336467,1994.62656598857,2166.78370426568,2920.71972754949,2843.06512430868,2865.58038024933,2864.94054762368,2948.55405670863,1756.30833276799,1988.17075918959,2865.45324988394,2871.01653741907,2843.1430578768,2820.54240471271,2969.20101312861,2094.78108555299,2164.27156356359,2939.76464694893,2892.09665328954,2948.02026224451,1956.51597181319,1860.15024228983,1434.93998011161,1660.92814857151,2985.96227213939,2892.3397557182,2912.37243692093,2852.24508784288,2956.96633504333,2123.9455443812,2275.50867575045,2813.98506456529,2810.50996836314,2865.52367848463,2842.19214200133,2902.47095839835,2123.31336554777,2465.90984681349,2835.01002896154,2805.05890840206,2810.7793878512,2821.46452270285,2970.34898106578,2202.24343175737,2390.57079680561,2827.47481318803,2814.37374539819,2810.08784452247,2808.70178161226,2938.72631622913,2352.63176799551,2572.4689922268,2804.17788054004,2880.819183208,2924.52108528086,2897.0567418652,2843.48535101068,2176.98625651176,2287.44370872975,2811.74027571936,3010.83159503922,2927.93128310439,3043.22394543309,2807.61723906154,2543.58707584603,2577.92723594974,2870.82645693964,2870.59308622936,2870.59108970966,2928.13373335552,2739.45770848961,1554.3674582935,1442.19808720042,1400.08431388902,1252.49010992013,1250.68993171869,1286.16749791576,1301.03549892155,1252.94428798667,1279.59706080252
3034.35439712926,2919.45682025171,2890.65223978091,3239.78972090451,2976.01143783807,2975.94037600871,3174.35023536076,3199.07026866606,3174.74495598799,3023.83492232376,2792.49578368988,2602.03300731061,2674.26129217818,2939.13169586893,2972.22867406522,2859.33282481537,2858.72787602202,2761.16270811481,1914.54796149291,1824.59717158666,1726.99978617366,1520.36981105353,1176.3186633838,1218.67851875818,1318.80352743485,1198.36193333626,1374.13210667156,2604.90224975068,2763.32265755802,2736.43913252436,2837.68670244023,2491.47079049338,1715.25956563077,2146.83730372902,2846.36762801914,2940.44272460544,3164.96175773619,3118.05026664957,2822.37531790562,2910.40409614159,2814.63908832132,2859.29377376159,3006.51956796789,2954.67895807271,3102.79271692715,2846.78761120582,2218.82189913163,2263.79281811835,2806.79828967602,2796.22162259642,2792.30790621905,2871.7737918743,2819.78525958537,2562.05130617795,2732.2689918303,2813.03170862155,2833.42523797022,2813.44391690149,2873.5519616747,2877.6235204074,2059.02907042505,2108.56010355496,2846.26999642885,2812.90306242887,2794.86538712071,2823.7588756496,2887.32331782113,2379.41013896487,2308.37385645731,2812.86388991917,2791.23907880797,2820.24043008128,2791.19668915914,2914.98996583782,1632.01024751853,1919.14008426494,2846.38432104532,2796.79603011441,2841.44957786816,2799.5644236896,2954.91258552043,1921.92320597487,2102.58341890383,2906.50834275571,2828.0114485155,2850.98768011519,2850.29937455894,2934.545005016,1671.98717801908,1915.12377014903,2850.82283758563,2856.28083975727,2828.08130899188,2805.32981411142,2954.9695177441,2027.00038539061,2099.94192512639,2925.65210208716,2877.60185873299,2933.90982553907,1881.91458474396,1780.83715090726,1335.03486477081,1571.93260019161,2971.28688528976,2877.84606463604,2898.09079361943,2837.26707434613,2942.85276453976,2057.60548075765,2216.75669970817,2798.76302585052,2796.52669755163,2855.03971129928,2830.35073568536,2888.08955371087,2056.94136166047,2416.91348165041,2819.85377018103,2790.19692482219,2796.81033311804,2806.31067885106,2956.12102607283,2139.81757238141,2337.67882966184,2812.30621944907,2799.15422241541,2794.95975542984,2794.46157914772,2924.60277793202,2297.79324565241,2529.0622221763,2789.48546753275,2871.17290119744,2917.22610108851,2888.28578056632,2828.47712674904,2113.35561522183,2229.32111727478,2796.71325547712,3007.96535476383,2920.80927257798,3041.99700128308,2792.89757037478,2498.6712099652,2534.82860931064,2856.0958096954,2855.8902705907,2855.87907362217,2913.95886868019,2705.12607506198,1460.22158682474,1342.64349112244,1298.50462464857,1143.82414810302,1141.93762289911,1179.11676605072,1194.69807116675,1144.30011282157,1172.23115008713
3035.94770281049,2917.81973947461,2888.19642615989,3246.21868543707,2961.80406193364,2963.2892346688,3178.03349052727,3203.72544029758,3178.44960344881,3021.97081985977,2780.71796761677,2570.30168243944,2645.37537383556,2922.03092267785,2957.68403221071,2838.2352326867,2837.58512357655,2735.75716482021,1857.60815628825,1764.5075183437,1663.49592870242,1449.68129281902,1093.77337033663,1137.58772616355,1241.15543074478,1116.57335206333,1298.39084128646,2573.29884073496,2738.0321436945,2710.06147088217,2815.57513123051,2455.4815181088,1651.34096984171,2098.17322066312,2834.48232859173,2935.51039403638,3168.29430217264,3119.62977540882,2812.72067670523,2891.69122296544,2791.50792747306,2851.21657074295,3004.02479491173,2950.27695959786,3103.80476473285,2834.87249040615,2172.74403491851,2219.35315175868,2794.83827239916,2784.36650986744,2780.90634581488,2864.20323685804,2807.75017878481,2528.76312545837,2705.67785033362,2802.94213861086,2824.26310813229,2803.37086729351,2866.04701336577,2865.89205898912,2007.20708881021,2058.51878789729,2834.36607983515,2800.91391609444,2783.72210193856,2814.15802464473,2875.64088943862,2339.22538683417,2265.57727725416,2800.85730328168,2779.61191595951,2808.25069562798,2779.74805225115,2903.38131886725,1565.19530929341,1862.36377100355,2834.48291219208,2785.17430158646,2829.67317197682,2787.83332537217,2943.08409256629,1865.263857578,2052.32127286605,2894.89499318323,2816.01849346171,2839.28633606809,2838.55991035587,2922.98697091016,1606.59947635529,1858.20391008757,2839.09025643139,2844.43586201506,2816.08119498287,2793.30060118414,2943.14070803474,1974.04262382821,2049.58203959277,2914.04291133403,2865.87009819455,2922.2685887699,1823.82600957162,1719.20758173441,1257.94563649059,1503.03103931788,2959.01945381314,2866.11417159887,2886.45310238467,2825.29827153105,2931.1722609912,2005.73158108194,2170.59977958232,2786.75445548335,2785.58001858693,2846.80721418854,2821.07427391349,2876.40946327001,2005.04337479173,2378.12420396021,2807.80913036341,2778.53164405682,2785.87447366593,2794.32704127544,2944.2904484998,2090.89223543898,2295.9447731087,2800.28396086715,2787.14607698026,2783.04757904913,2783.30568118227,2912.98873164245,2254.58890445932,2494.50437044133,2777.96738025905,2863.58051752555,2911.42697178916,2881.36107066432,2816.52073637554,2063.52733724524,2183.64090466701,2784.87918827845,3005.52453746697,2915.14104503224,3040.79679239003,2781.34123573986,2462.97140013635,2500.50568810794,2844.25594293796,2844.07493539112,2844.05597266616,2902.34572264516,2677.46224959647,1387.45419593121,1265.81733963285,1220.15927731722,1060.16367224508,1058.21238836462,1096.66767235951,1112.78395462762,1060.65597668815,1089.54567617383
3036.46303866238,2917.34628640586,2887.47191177037,3248.1649462374,2956.67234976175,2958.71946698174,3179.0909726695,3205.09528760669,3179.51417811277,3021.25771461077,2776.76730110327,2559.43995492157,2635.42584648065,2915.9136485535,2952.43663726882,2830.80242575103,2830.1369792379,2726.92566132029,1838.73925864546,1744.64438504926,1642.55526556162,1426.47506304467,1066.83298374558,1111.10518169599,1215.75677577271,1089.8711521764,1273.59272490344,2562.47871595896,2729.23871762722,2700.91840530149,2807.81079504922,2443.25864178397,1630.26923653237,2081.92276176093,2830.39998719985,2933.81651511459,3169.23973219023,3120.01495691841,2809.49820788765,2885.037834416,2783.41225994968,2848.50931407345,3003.11047807637,2948.75303349259,3104.00865879184,2830.77846659617,2157.31279373885,2204.44180412349,2790.79603223196,2780.38100128542,2777.09424822179,2861.66035482153,2803.65809928061,2517.40301815191,2696.464372314,2799.57613004814,2821.20235656532,2800.01020816972,2863.52510627559,2861.81354889405,1989.95618574792,2041.83198482989,2830.27706949181,2796.85050727804,2780.00047531123,2810.95290050307,2871.56425791918,2325.66620742401,2251.18819095486,2796.78755878065,2775.71877865458,2804.17449325271,2775.92059873628,2899.28631799197,1543.21018603642,1843.54659728632,2830.39462561929,2781.27339820867,2825.63895991698,2783.8874749746,2938.84513747611,1846.48446947502,2035.56425494638,2890.81205719706,2811.92782508356,2835.26347098449,2834.52424479382,2918.87893135724,1585.06607219746,1839.34129827759,2835.05623299115,2840.35156032849,2811.98777741882,2789.23548663586,2938.90154562096,1956.43259066915,2032.79393872845,2909.93037998228,2861.79152215505,2918.13113601815,1804.59424174119,1698.85804732557,1232.72296853114,1480.38803600011,2954.59566927881,2862.03512501476,2882.37502646976,2821.2006953667,2927.00616160126,1988.46419895343,2155.14328612539,2782.70822253525,2781.9277911811,2844.05038679425,2817.97691112518,2872.33237876707,1987.76835290317,2365.00913743631,2803.71342490439,2774.62632031178,2782.22572570844,2790.27696616357,2940.04877619715,2074.55862944479,2281.89266859607,2796.20941956374,2783.09932524921,2779.0433041408,2779.58012931749,2908.87617398134,2240.06945625721,2482.73841722858,2774.11739334577,2861.03067886202,2909.45546969189,2879.02660034884,2812.44269853954,2046.90979805212,2168.33651010196,2780.90055853407,3004.62746627646,2913.21129831606,3040.29549780223,2777.47122910369,2450.84155264858,2488.81535997278,2840.17384401416,2840.00220145855,2839.9804045365,2898.2508628997,2667.90475352802,1363.59298070235,1240.67756326514,1194.54113325638,1032.87227822355,1030.90061067778,1069.7575724558,1086.04225126251,1033.36972587298,1062.56117161141
3037.93892842071,2916.24109599836,2885.70912473597,3253.13280633662,2939.3298880996,2943.27051272079,3181.49890612625,3208.39249938119,3181.94332264392,3018.68100823799,2764.70955277721,2525.33503125559,2603.90405026944,2895.50263570078,2934.73040017081,2806.5024595353,2805.78946293473,2698.58063291141,1782.31487484977,1685.47882059243,1580.41958949685,1358.10387633031,988.206944144983,1033.73533841933,1141.36185551804,1011.89859372616,1200.84703941122,2528.49444425683,2701.007260358,2671.69153518341,2782.54110485148,2405.31788968919,1567.77141738646,2032.74780261074,2817.49586778921,2928.46993540325,3171.33175395488,3120.52658960082,2799.74019745655,2863.01629632978,2757.18296919051,2840.26060747666,2999.96747560456,2943.88864152511,3104.00917182243,2817.83083181201,2110.41045110346,2158.98641187042,2778.31681582614,2768.17529802266,2765.51748988167,2853.88788153799,2790.91202138776,2481.89028587708,2667.02866566032,2789.39048001053,2811.92221753148,2789.84000568736,2855.81188196386,2848.70018309013,1938.00518824961,1991.44612413929,2817.35059814484,2784.25365394529,2768.71805561987,2801.24462282749,2858.38946330426,2283.98299251277,2207.19027207396,2784.16908777699,2763.86939469097,2791.48004130716,2764.29895394147,2885.85705190535,1478.1980839394,1787.26539271713,2817.4698199896,2769.35552123893,2812.93554351089,2771.7938239392,2924.65492258746,1790.31163797636,1984.98233497319,2877.48229207006,2799.12703349343,2822.53063213878,2821.75223733713,2905.27226919967,1521.30529728648,1782.93419761344,2822.28615942156,2827.3697545627,2799.17696755236,2776.68793738672,2924.71023411975,1903.48841773014,1982.12519842653,2896.36789243304,2848.67812110539,2904.42764161477,1747.16811172286,1638.34982625461,1158.81124133214,1413.56574978273,2939.67028019575,2848.91830382306,2869.11998961321,2808.30917470764,2913.14432137206,1936.46732543319,2108.16987528058,2770.27395533281,2770.87355228139,2835.66203610866,2808.59305374911,2859.1504559778,1935.75023821894,2324.56797961337,2790.95431822494,2762.74249891233,2771.18141837343,2777.77421559916,2925.84100194275,2025.151119589,2238.83157562467,2783.57842682706,2770.66039717502,2766.78200960092,2768.28714527942,2895.32100666737,2195.70411126579,2446.08213690699,2762.43045592982,2853.23866874626,2903.32220363185,2871.85246563531,2799.68220909901,1996.72470192626,2121.79033067645,2768.71503433063,3001.53312652523,2907.19548608355,3038.31481106274,2765.68959149319,2413.16533862255,2452.37471003356,2827.20104710353,2827.06330807062,2827.03178240975,2884.82971714227,2637.49425894172,1293.42175627751,1166.99366192124,1119.54393958158,953.283291905288,951.255701025834,991.214657656846,1007.96136409157,953.7948504112,983.81412102218
3040.30998089108,2914.80649699285,2883.30149372368,3260.2772718593,2907.58347063028,2914.97811048106,3184.49762588201,3212.81688350325,3184.97748522572,3013.76586924088,2744.19666310358,2466.09361165325,2548.78072208056,2858.46457411914,2902.35197161662,2763.02907837774,2762.23434709312,2648.53730050746,1688.00066692289,1586.90109131427,1477.22332256059,1245.22506555908,859.437690239515,906.910940857209,1019.14477146909,884.141007939024,1081.18555899532,2469.44945841537,2651.15325016975,2620.24297340483,2737.47730074562,2339.98803654072,1464.0107502089,1949.75349809937,2794.94334334741,2919.14267639158,3173.82835276061,3120.50987323706,2783.24685308872,2823.27776941605,2710.55864593913,2826.25129791557,2994.15323093689,2935.33280791788,3103.17994955521,2795.19361481846,2030.97144684021,2081.81790762119,2756.89490362951,2747.35435971948,2745.9018820777,2840.65488502526,2768.8811588146,2420.40950420759,2615.23358302334,2772.18323389081,2796.22119242008,2772.65786688358,2842.67327544238,2825.4947852039,1850.66703358785,1906.55685093167,2794.75732423625,2762.56001050331,2749.62816781107,2784.83160475183,2834.98954919956,2212.7465864106,2132.31452216653,2762.43556549625,2743.75549727832,2769.54135533903,2744.60961340098,2861.75872960951,1370.53268633512,1693.17472246895,2794.87864938471,2749.0644259976,2790.79692359459,2751.15141524892,2898.83338844878,1696.39570816344,1899.78447936927,2853.63700656408,2776.92356386566,2800.25578682969,2799.41058273513,2880.68860205301,1415.59486751873,1688.64680128494,2799.94366423817,2804.58862162121,2776.95424700742,2755.15168845,2898.88621511122,1814.60106382016,1896.79065330415,2871.93638143637,2825.4728940722,2879.66964144319,1651.29393501873,1537.68140887427,1037.34273177519,1303.09021783606,2912.37131666907,2825.70457760916,2845.48193730429,2785.85751257024,2888.02237748768,1849.05716632779,2028.61820481689,2749.0055983812,2752.19429098002,2821.43081428005,2792.72633863448,2835.73066825609,1848.3067797319,2255.28934302219,2768.89863052506,2742.57370306076,2752.5181332156,2756.3127445981,2899.97721770204,1941.79024367402,2165.42431956098,2761.82643923098,2749.37995462968,2745.86871140745,2749.18119120414,2870.91188220899,2120.24508248429,2382.78648413551,2742.6346678244,2839.97472033028,2892.73803963933,2859.58695221525,2777.54972506865,1912.16214705264,2042.91477082747,2747.92734951439,2995.79629812534,2896.79768289993,3034.34570005159,2745.68717026015,2348.25880389293,2389.42494568833,2804.43834173903,2804.36550167931,2804.3159563075,2860.75560579716,2584.14426913304,1177.75177688689,1045.87845590671,996.394329718993,823.023376556395,820.909210478736,862.574137178848,880.036148668425,823.55678056638,854.857571156243
3040.74520729125,2914.57867814497,2882.9036685694,3261.49096233486,2901.10390365484,2909.19767083417,3184.93545346981,3213.51970711417,3185.42208442686,3012.74112237443,2740.20023591429,2454.43315226787,2537.87988358859,2850.95224398039,2895.74845701193,2754.29643541973,2753.48578559606,2638.57568541898,1669.94188246487,1568.07069850051,1457.55721843651,1223.8088680168,835.154043353061,882.978007686716,996.042882349282,860.039785787813,1058.54483521375,2457.82580841026,2641.22772486498,2610.02225032621,2728.44501205674,2327.2082672688,1444.24234039136,1933.74967430382,2790.46566767478,2917.29892750869,3174.17338401105,3120.39011006226,2780.05100466273,2815.24850198501,2701.23417953767,2823.52905932378,2992.96209675057,2933.63285658164,3102.90993019985,2790.69790013284,2015.61397058473,2066.87417868468,2752.69416886662,2743.28987989862,2742.09186162687,2838.07955906623,2764.54001209864,2408.33667814718,2604.94702046037,2768.84978384582,2793.17727567966,2769.32915644087,2840.1154683467,2820.84938522615,1833.87336249433,1890.20843633067,2790.27130524103,2758.29628043733,2745.9244025351,2781.65084474988,2830.29415947718,2198.88567368176,2117.78940845094,2758.16361141616,2739.84326494061,2765.21883733848,2740.78555840642,2856.89193334028,1350.05843201169,1675.15651285936,2790.39294023664,2745.10899382472,2786.40991022454,2747.12005534682,2893.57513875451,1678.41000401391,1883.37970073444,2848.83057087658,2772.53775981453,2795.83039491632,2794.97211727455,2875.70328077277,1395.47566608807,1670.59285913253,2795.50447607689,2800.05316744365,2772.56437416352,2750.92887313502,2893.62739998202,1797.5263900604,1880.36090194259,2866.99058752773,2820.82756509756,2874.64895179193,1632.95256069845,1518.47230853012,1014.3759013565,1282.10814297346,2906.79677852951,2821.05721496464,2840.72650251123,2781.41034031378,2882.91846020443,1832.2503716137,2013.24003532235,2744.84555073767,2748.57395590961,2818.66747186759,2789.6515879882,2831.03032809699,1831.49392138727,2241.78642871801,2764.55226461879,2738.65126334797,2748.90078949063,2752.1043421712,2894.70910644344,1925.71938583673,2151.16658451315,2757.5512663372,2745.21696814363,2741.78649619065,2745.47455838653,2865.97179632212,2105.61272624517,2370.38004145566,2738.79046457769,2837.39368051121,2890.66044549201,2857.19350362156,2773.17813738505,1895.87493841162,2027.66061568813,2743.86921890843,2994.61948924089,2894.75453662401,3033.49589082413,2741.79618786515,2335.55734183099,2377.08260367023,2799.90692538645,2799.84777381566,2799.79450105912,2855.8949965709,2573.57077218149,1155.8316397374,1022.97541835985,973.124268086996,798.470946173135,796.341168920488,838.313710107253,855.904710191865,799.008289406632,830.540157093046
3040.86659239329,2914.46542467981,2882.73084310816,3261.95226525909,2899.88250944474,2908.10945228178,3185.18608426107,3213.84440171675,3185.67439500844,3012.57164221091,2739.26080848748,2451.85512428943,2535.51780167795,2849.49743573468,2894.49966600221,2752.53015670606,2751.71587439783,2636.4782746254,1665.46829981925,1563.36174143325,1452.59316751286,1218.30846423779,828.769600035058,876.701956400082,990.023436379838,853.711732106116,1052.66756318565,2455.25762957719,2639.13932971686,2607.85108472138,2726.60024239042,2324.30801558164,1439.24726029833,1929.89596866973,2789.4939644919,2916.89653117568,3174.39743836978,3120.48126959344,2779.28523209761,2813.66674992868,2699.31096928471,2822.88584164999,2992.74484617185,2933.27083942978,3102.95808139762,2789.72339563116,2011.95420125821,2063.33748481497,2751.73261103933,2742.34205622807,2741.18558263845,2837.47542641949,2763.56634036432,2405.6406688649,2602.75918342072,2768.04984606313,2792.44998424782,2768.53049039212,2839.51631634527,2819.87824464426,1829.78281801094,1886.25143343054,2789.2980088125,2757.32956833009,2745.03972093504,2780.8891945987,2829.32338517238,2195.66907964342,2114.37635014357,2757.19538504403,2738.91761970986,2764.24895613845,2739.87562728451,2855.91659658444,1344.84711514015,1670.69517508588,2789.4198150297,2744.18137935046,2785.4497539772,2746.18164645628,2892.5654297176,1673.95761094768,1879.4060758303,2847.85815310701,2771.56430777729,2794.87282593285,2794.0114998655,2874.7247695057,1390.37128839551,1666.12076458669,2794.54424494612,2799.08087525979,2771.59026360537,2749.96186962126,2892.61764133607,1793.35082655181,1876.37991876184,2866.01101691978,2819.85640991229,2873.66342286835,1628.39307292683,1513.64820179253,1008.39811932522,1276.7410786244,2905.74317738678,2820.08594319747,2839.75529443886,2780.43510899178,2881.92608446681,1828.15592601409,2009.57428808082,2743.88316615375,2747.70585092053,2818.01248418784,2788.91560047525,2830.05943424832,1827.39766720658,2238.67496934133,2763.57772500388,2737.7227226362,2748.03351137149,2751.14091845112,2893.69874446837,1921.84599680372,2147.83330024823,2756.58190153756,2744.25445312348,2740.83420697357,2744.58894594234,2864.99222989889,2102.16880745544,2367.5879566674,2737.87517521285,2836.78789689971,2890.19211727172,2856.63890567959,2772.20769890309,1891.93433360554,2024.03087466632,2742.92303197653,2994.40633006504,2894.29611867437,3033.37668492615,2740.87604460515,2332.67911302058,2374.3084218316,2798.93516380098,2798.87825526792,2798.82430473459,2854.91971219955,2571.30149607385,1150.17617272567,1017.01726032438,967.052859115344,792.003403379179,789.868800384636,831.936437009426,849.56730420971,792.541964243696,824.145269026056
3042.09870202671,2914.36303705703,2882.27957785124,3264.01493593724,2874.36535001069,2885.31649251005,3184.95425576002,3214.37235509008,3185.46440075848,3008.27069725112,2725.68309995629,2410.46912245205,2496.25991285993,2820.38509891244,2868.54388723523,2719.58611187524,2718.71681693701,2599.87878020183,1607.04755964149,1502.96532658252,1390.05885461521,1151.32201895361,754.549291330586,803.363329807975,918.776780985567,779.949926295999,982.58436103948,2413.98191132671,2602.65543748719,2570.52683138885,2692.73875648537,2279.83305209295,1376.4489282556,1876.81773208828,2773.32733110021,2910.2851144129,3173.90677507599,3118.69125065661,2768.60671697305,2782.87291701042,2664.57713681334,2813.68826105434,2987.98004520892,2927.07147319726,3100.74842070934,2773.4783497534,1960.56832565922,2013.04735211934,2737.15416108594,2728.44298259095,2728.36875772139,2828.72457233694,2748.26403540074,2363.10817165813,2565.2266414695,2756.9239801862,2782.25644681659,2757.41890616156,2830.81488978694,2802.67297462615,1774.6346889311,1832.2698117657,2773.098614583,2742.423067271,2732.62482161192,2770.255270784,2811.80680662251,2148.26982139855,2065.20516263361,2742.25593561642,2725.69758790365,2749.01707784411,2727.0151674716,2837.40150175053,1280.25218480481,1612.37985751602,2773.22031976595,2730.71742307383,2769.70603274631,2732.37597681616,2872.05288157205,1615.73679179994,1825.27350783595,2829.67914140428,2755.98412188399,2778.86240003457,2777.95626046173,2855.5208382495,1326.70134299579,1607.7122952377,2778.48004625648,2782.56539954766,2755.99270961702,2735.31118588771,2872.10220507154,1737.47510070562,1822.18039932592,2847.06083969277,2802.651766587,2854.32383819683,1569.24532772592,1452.27779916938,937.491892969397,1210.85561792131,2883.80641043962,2802.87011712319,2821.87499925063,2764.49755481329,2862.15639279343,1772.97300986031,1958.1315479963,2729.56550734286,2735.61111724964,2808.69992627929,2778.63420078443,2812.51373268018,1772.19874889407,2192.23956424605,2748.25341944321,2724.47377628246,2735.94750502281,2736.53708076194,2873.13334751117,1868.58724967057,2099.36744565149,2741.6359641868,2729.92018918403,2726.87821531569,2732.16732006731,2846.07709816897,2052.70152067601,2324.13518477399,2724.95341993613,2828.02124990157,2882.91437599079,2848.42737750128,2756.67983431582,1838.13585283303,1972.92682758379,2729.04389401076,2989.68164300734,2887.11410678447,3029.56256992393,2727.72241864434,2288.42630333032,2331.038949967,2782.43838730756,2782.43959202456,2782.37060197837,2836.44222640728,2532.96358683721,1081.91491687647,946.272470306049,895.383278168651,717.107716561241,714.93387839492,757.774572961234,775.7296929533,717.656178536098,749.840170528533
3043.58981644275,2914.5464343456,2882.11542551259,3265.69374422599,2838.50372961069,2853.25554562703,3183.75799658792,3214.11452772449,3184.29653618593,3002.11680888358,2707.55141029693,2354.44529031061,2442.82480117985,2779.7046983435,2832.09077087346,2673.98300126485,2673.04017175128,2549.69455797198,1530.86357928019,1424.49521381276,1309.11620068918,1065.24745727362,660.178273507613,710.001363654338,827.81091773577,686.103573303771,892.952885181438,2358.09676295116,2552.62102396775,2519.46174764387,2645.97023894278,2220.08129967439,1295.19934595956,1806.87132189725,2751.23452752345,2901.2910621823,3172.3950171797,3115.59346235757,2754.44923648194,2739.99914116699,2616.71341055189,2801.44499383635,2981.25969795493,2918.58831659642,3097.13851337737,2751.27163395567,1892.60591514463,1946.37786628431,2717.52296251924,2709.83400421143,2711.32229598108,2817.0514470341,2727.53549775845,2305.69524698278,2513.89307928663,2742.17842216151,2768.73156194332,2742.69149544615,2819.2025133267,2778.94883417956,1702.26046971379,1761.26357906966,2750.95965520927,2722.29342265239,2716.1377955934,2756.15392994365,2787.59386308494,2085.02687657378,1999.86284910319,2722.07958014996,2708.08213714267,2728.38655762983,2709.91245667614,2811.64128309996,1196.93102013962,1536.31891803928,2751.08062303536,2712.7242775788,2748.23828815875,2713.88171182271,2843.28683164317,1539.79296143213,1754.08805017484,2804.43475229567,2734.81816265004,2756.96719052528,2756.00089368559,2828.69528164929,1244.46146865816,1531.5424257382,2756.50934044166,2759.92699700129,2734.80165414765,2715.5847667604,2843.33180526134,1664.2533888463,1750.9153994309,2820.63429386449,2778.92868489257,2827.30875598596,1492.21773486014,1372.67767634869,846.916262793191,1126.04779967511,2852.96476165698,2779.1298348772,2797.09385678194,2742.77608906677,2834.49214036794,1700.55772283966,1890.10066687365,2710.34728436387,2719.57197508713,2796.31597710111,2765.0007335486,2788.25541463137,1699.76461758249,2130.14440502002,2727.49321357931,2706.82267264568,2719.91928194806,2716.87224174509,2844.2868427125,1798.4258603299,2034.85552965133,2721.45323660215,2710.67628443403,2708.1948308872,2715.67289309804,2819.7054787541,1987.00176795797,2265.61188788155,2707.7724568175,2816.32893917255,2873.09714991796,2837.43431458768,2735.58602288258,1767.35979376339,1905.30242431403,2710.46074046284,2983.01031734152,2877.41351813897,3024.00234007024,2710.19277514769,2228.94653853896,2272.74097680592,2759.82763246061,2759.91268442525,2759.82231928544,2810.74104872089,2480.64941083295,994.37585582761,855.882339605618,803.933291279622,621.963987228615,619.74525341661,663.470492229548,681.796693235521,622.523779280632,655.372183542373
3045.08741100284,2915.12682950002,2882.44260112279,3266.2746470971,2794.8839260232,2814.20768236766,3181.26950202209,3212.61040535821,3181.83969688574,2994.51142277092,2686.6108767385,2288.9853379091,2380.01521855937,2730.52947651101,2787.78455908505,2619.4030407126,2618.37568612509,2490.23706127568,1445.5431432336,1336.99668937596,1219.26388232234,970.534575272832,557.668679444576,608.436904897205,728.493603215748,584.085301257439,794.889627863224,2292.78510499082,2493.32971019635,2459.10352216891,2590.12826819855,2150.84585824088,1205.05253815557,1727.57444915962,2725.07672753281,2890.71375156304,3169.5810048924,3111.13955121623,2738.23844787115,2688.37192817545,2559.70272067325,2787.36886752585,2973.06699913621,2908.55202855776,3092.15506401311,2724.97036715876,1815.2366555406,1870.27680432732,2694.64128719914,2688.28026889757,2691.7252816181,2803.60151837324,2703.21943638614,2238.820849914,2453.23891514664,2725.29883481778,2753.23380637656,2725.8317298519,2805.81612181121,2750.59918369054,1620.60302571916,1680.93591002106,2724.74539461006,2698.75895022079,2697.2170680684,2740.00376233972,2758.58839279298,2012.30888890754,1925.07340174461,2698.48762739446,2687.78790413218,2704.18898776973,2690.25292560103,2780.58303719956,1104.82118758987,1451.11723760932,2724.86475048069,2691.92684405833,2722.8788213731,2692.44776998095,2808.34194636341,1454.71416602974,1673.58298966848,2774.05519415605,2709.91266370767,2731.02390615872,2729.98761646409,2796.22773989679,1153.39780171787,1446.23530482742,2730.47411368495,2733.03831864003,2709.86470983988,2692.5944413112,2808.38128801957,1581.78042080708,1670.3315424112,2788.70086045724,2750.58056126489,2794.61143516978,1406.09011537914,1284.0982262882,747.965379405246,1032.531263616,2815.41400244281,2750.75894370082,2767.32913534725,2717.12962256346,2800.9531965316,1618.85996701547,1812.66228313017,2688.02506436421,2701.19551783032,2782.09358447473,2749.38853776447,2759.18929051595,1618.04843139818,2058.56723148104,2703.13762127227,2686.49094219092,2701.55452320507,2693.95194956336,2809.23683016164,1718.91528272158,1960.87792195869,2697.856781918,2688.3199198108,2686.5570252865,2696.74562300567,2787.84568061506,1911.85019256233,2197.61332138061,2688.0269425821,2802.85927431236,2861.65296062515,2824.72011822704,2710.76692784354,1687.27808674595,1828.27251935148,2688.93588924334,2974.86840190578,2866.08980724443,3017.01093030922,2689.99419161901,2159.99199624508,2204.97636934215,2732.97435080436,2733.16432720937,2733.04758756006,2779.76229921173,2418.990004251,898.283132965966,757.106293643772,704.16237044898,518.730969293738,516.470194684768,561.023667709665,579.697423844246,519.301371736689,552.771864598141
3045.62113433958,2915.39071075232,2882.62997657411,3266.31542019511,2778.06931842317,2799.14705752392,3180.18244447737,3211.88265203707,3180.76445610875,2991.56741699727,2678.67718383642,2264.10443317594,2356.09114491694,2711.61490466527,2770.7098898794,2598.48197358709,2597.4227014735,2467.52674433723,1413.61002984711,1304.30176635892,1185.74600036794,935.32131659804,519.745836813373,570.842010845704,691.678899267037,546.332922515812,758.510753015857,2267.95869222208,2470.68132930664,2436.06819994814,2568.74115975205,2124.60817029749,1171.431320951,1697.76121546153,2715.07966637299,2886.68435592716,3168.37587961871,3109.3390382683,2732.11703873371,2668.54084707814,2537.88650104522,2782.04679246175,2969.90933587353,2904.7212244335,3090.16226543425,2714.91731757319,1786.10367433122,1841.59327896484,2685.94371727384,2680.10580546682,2684.31308200864,2798.51259230541,2693.95582332293,2213.43047553314,2430.0935604173,2718.9251841534,2747.38045367617,2719.46544342236,2800.75039372621,2739.73066151339,1589.95646791335,1650.75873532579,2714.72650305529,2689.80362457392,2690.06536020527,2733.90477633953,2747.45932502075,1984.82781575917,1896.85626706211,2689.51003533795,2680.10596482967,2694.9710167597,2682.81734680246,2768.64123408748,1070.51510409095,1419.22590776768,2714.84514699575,2684.04512344652,2713.1944979298,2684.31700724365,2794.87357794958,1422.86764995507,1643.34269551269,2762.38140608599,2700.41441257472,2721.10634145604,2720.0434433602,2783.72867317825,1119.46021772082,1414.30682762973,2720.5210635536,2722.75087883164,2700.35420746082,2683.85584212373,2794.9107062365,1550.84731687802,1640.06320026532,2776.41361127258,2739.71266115059,2782.0238026678,1373.87412419534,1251.02453859876,711.277972446977,997.734737226869,2800.93167644365,2739.88202464532,2755.89878324515,2707.33728469934,2788.03472509395,1588.19911787042,1783.50449481699,2679.55057604129,2694.25382579957,2776.71823525105,2743.49326548367,2748.03613233167,1587.38105886009,2031.49282687787,2693.85862590859,2678.7952747783,2694.6171451745,2685.23976445778,2795.72703268149,1689.02586418933,1932.9480840284,2688.87785911595,2679.83188869711,2678.35093003549,2689.59170351668,2775.58768488505,1883.50290172579,2171.81901552369,2680.55934403242,2797.76319383978,2857.30617481347,2819.90352307142,2701.30185551005,1657.19127073303,1799.2610377383,2680.77225482317,2971.72919321037,2861.7867706522,3014.29000209221,2682.34806267595,2133.85608599494,2179.26702145726,2722.70079668944,2722.9316367416,2722.80467044726,2767.85214785937,2395.48154883349,862.589757072857,720.479731565138,667.190247159348,480.557164950131,478.281804590132,523.122617122323,541.916966603021,481.131248719267,514.817558465019
3046.42869294743,2916.45052433662,2883.73331977335,3264.47465202371,2738.59833047086,2763.7079495964,3176.26776232267,3208.60172443544,3176.8735797994,2984.50320865941,2661.4990563751,2209.37221013352,2302.92866806328,2667.64533155746,2730.67540264478,2550.60318488574,2549.47589393935,2416.39567620801,1348.62462880282,1238.34068422174,1118.73445105303,866.19221018692,447.347393929299,498.83329675039,620.602739658297,474.136847749421,687.960547806829,2213.32653479886,2419.67354763632,2384.40586568225,2519.98128363874,2067.71972123866,1104.28356476133,1635.64177465217,2692.51802530238,2877.70632931084,3164.26145895178,3104.21112971624,2719.07021554616,2622.7182244953,2488.34241203766,2770.62623442523,2962.477503429,2896.10421953397,3084.70682500372,2692.21731367214,1724.92530028297,1781.05853620309,2666.81197675804,2662.3174622593,2668.39445541706,2787.55202029424,2673.35999271565,2157.87550503098,2378.21505028669,2705.34572320166,2734.89037152693,2705.90034084295,2789.83066114925,2714.84705572944,1526.68098673672,1588.13382415651,2692.11302175938,2670.00368804967,2674.75488809977,2720.90059811347,2721.88331553601,1926.05457157528,1837.00703082075,2669.65678382085,2663.54513395112,2674.48175620346,2666.85147846135,2740.93344089649,1002.51010269957,1354.2968782601,2692.22904683831,2666.95549074116,2691.41847117646,2666.60522729185,2763.28517923055,1358.01717395474,1580.62453706709,2735.36964651984,2679.19075465124,2698.69757326271,2697.5762286738,2754.56579126847,1051.95707557798,1349.32712300109,2698.02865600932,2699.41779528229,2679.10048303757,2664.63692307877,2763.31666883939,1487.18974308688,1577.30348584038,2747.81043224511,2714.83085713678,2752.65345520407,1308.52000160714,1184.57028260551,640.354843699236,929.119696966033,2766.86331832604,2714.97654388437,2729.5256985792,2685.33556057716,2757.82058603774,1524.90311852414,1722.28707564764,2661.01947207663,2679.43754581586,2765.20531566146,2730.9279067145,2722.39621752797,1524.0758138075,1973.32879966402,2673.22524067713,2662.20988690259,2679.80892605214,2666.07662642161,2764.03191998176,1626.79223717621,1873.50544638684,2669.02574226984,2661.26505688559,2660.49659964113,2674.27929462702,2747.06222548459,1823.44659919209,2115.62274882384,2664.5302398574,2786.79058421792,2847.75964168608,2809.46299166934,2680.15458241197,1594.73204276687,1738.27066725649,2663.00608132052,2964.32895259555,2852.31468298372,3007.60673928964,2665.86002534593,2077.13872284316,2123.2156596222,2699.40276951605,2699.73373260763,2699.58217955181,2740.22907640976,2343.00521537323,792.874578926623,649.63099126099,595.926729133948,407.861136867987,405.568464121053,450.750210115466,469.687831578664,408.439591630691,442.381919877061
3046.52981149244,2916.43751958045,2883.69047365494,3264.64516429775,2736.324682246,2761.67297297849,3176.23958518866,3208.63936693548,3176.84729323971,2984.12116721725,2660.29443910627,2205.73397975905,2299.47206162137,2665.05941901056,2728.36362713044,2547.68717081274,2546.55510315051,2413.16613497742,1343.53851438516,1233.08715601155,1113.29977358799,860.380449614118,440.923317804775,492.483832639518,614.430324368112,467.751571618408,681.886614082228,2209.69776826547,2416.45398091361,2381.11448859305,2516.9863911373,2063.81819609945,1098.82650157926,1631.0088968427,2691.07644462747,2877.12185481921,3164.21083961087,3104.04773258508,2718.12624488275,2619.9870306985,2485.2726771151,2769.81377650436,2962.05492894517,2895.55598882674,3084.50696869134,2690.76860543959,1720.4360721837,1776.66240018163,2665.51593214845,2661.0835114906,2667.25877443685,2786.77912283608,2671.99775829208,2154.13949059514,2374.90571778832,2704.36187342337,2733.98956283875,2704.91775391103,2789.06209077344,2713.31061340997,1521.87239975413,1583.42425798216,2690.66848135596,2668.67763366,2673.6554605406,2719.96056265671,2720.3186067474,1921.90419216596,1832.70602870637,2668.32775077411,2662.37299476106,2673.12587655238,2665.7119269076,2739.27853805849,996.900866969738,1349.2197069436,2690.7844904778,2665.76080175265,2690.01518533411,2665.37943764328,2761.45169448709,1352.94808857768,1575.90213554546,2733.74498787633,2677.80298272165,2697.26976785462,2696.14441752902,2752.84908596477,1046.42633471205,1344.24204742953,2696.59601621765,2697.94431693477,2677.71113521215,2663.33443140842,2761.48292515218,1482.319449506,1572.57539080511,2746.11637528477,2713.29447816063,2750.92454713984,1303.37226023533,1179.23419265852,634.21124248566,923.401165439891,2764.90370396721,2713.43913760163,2727.9279943674,2683.91504169653,2756.05319048474,1520.09157592565,1717.79300249428,2659.74749439115,2678.36704852785,2764.38280117752,2730.01938688112,2720.82883516687,1519.26291206509,1969.26041213342,2671.86101300456,2661.03520436497,2678.73919801974,2664.77831165762,2762.1936876914,1622.14400353908,1869.2643457535,2667.69615258292,2659.99155280593,2659.25758299447,2673.17929044641,2745.37136005064,1819.12035733516,2111.80829602355,2663.38525846913,2786.01631142788,2847.11675876172,2808.73769479469,2678.7715230556,1590.03819371513,1733.80543879251,2661.77390405177,2963.90986421919,2851.68014384034,3007.26715183462,2664.69378196445,2073.2561766008,2119.41687669892,2697.93100013129,2698.26723665238,2698.11432170179,2738.57765138665,2339.62714322626,786.95488999721,643.501057992804,589.718523101417,401.379909128505,399.083916184748,444.331080273046,463.296141386504,401.959201757145,435.950669046433
3046.89017540713,2917.60218700705,2885.04039876492,3261.71324257675,2701.28787246077,2730.12196165167,3171.87016071824,3204.68735608518,3172.49607389669,2977.77117704311,2645.96677868134,2159.86284384252,2254.50623770387,2626.37111352858,2692.86464177453,2506.12580101083,2504.93878663545,2369.41194231235,1293.06657080001,1182.32541878065,1062.23050904024,808.750598235612,388.577767966646,440.215554512118,562.354318523337,415.445860227709,629.925867888591,2163.89501336191,2372.79260689762,2337.05592350355,2474.80018066852,2016.77315058373,1047.71186839816,1581.58027762042,2671.58137404197,2869.48869504858,3159.71694655888,3098.91551229518,2707.41610517317,2579.87966570368,2442.55391039318,2760.392689523,2955.46714948812,2888.1753812403,3079.16789647227,2671.14510231978,1671.37583963976,1727.8799109851,2649.33456285969,2646.17996408703,2654.08209199475,2777.7114784858,2654.41812680106,2107.80693427735,2330.68674639515,2693.21439469474,2723.72962968726,2693.78116465962,2780.0217383471,2691.5648257701,1471.98743105853,1533.7954161029,2671.1266170914,2651.85722034612,2661.02117484836,2709.28189421757,2697.90429594895,1873.92692550613,1784.23946270598,2651.45894118799,2648.6153550941,2655.64132350201,2652.49806958092,2714.82498860813,945.556905158584,1298.76814209928,2671.23966148962,2651.4894630949,2671.25467528345,2650.52658340268,2733.3690639775,1302.54682791901,1526.22979518166,2709.95247427412,2659.61182846601,2677.88868855269,2676.71373265388,2727.01139004767,995.269589239772,1293.77148752043,2677.14004398224,2677.70219929006,2659.4922149308,2647.08104134809,2733.39500717876,1432.30178338003,1522.88353242067,2720.81336720193,2691.55057216645,2724.9017567468,1252.78262031592,1128.31569658921,582.167977228327,871.899009869438,2734.56783457413,2691.67239311854,2704.74621402607,2664.9712830084,2729.23942239528,1470.19769339283,1668.71190512335,2644.1540125099,2666.17631869216,2754.90127607446,2719.70771434189,2698.35257540138,1469.36514907283,1921.57665663903,2654.24683827493,2647.26070528195,2666.55429838177,2648.57073378696,2734.01025821967,1572.66030846178,1820.96771231811,2650.83112511604,2644.36351196463,2644.30047556788,2660.5454719195,2720.14347874646,1770.54083190087,2065.12726390589,2650.1227485397,2776.94116298324,2839.09475410657,2800.05548453376,2660.64779672617,1540.52237832508,1684.84232329184,2646.8880578916,2957.34218432339,2843.70536072135,3001.16020078693,2650.99378420244,2026.31390679371,2072.82493538007,2677.7219186362,2678.15053412784,2677.97522066251,2714.20686474144,2295.06130778172,735.187613702431,591.475390440281,537.604981690609,348.976251276324,346.676854646417,391.990882181594,410.984296273651,349.556405296565,383.598011232733
3047.1167815759,2919.28006311698,2887.06163672829,3257.0086474822,2655.97829129245,2689.26222749527,3165.58729439535,3198.84288548767,3166.23474225617,2969.50056617978,2628.09818702827,2102.40068412895,2197.87825049699,2576.56898272185,2646.98277960671,2453.01614297828,2451.76172794738,2313.94317671356,1232.76732627033,1122.05079236904,1001.99130586824,748.700915689296,329.118915623813,380.67025457204,502.616845888883,355.941551885514,570.093587825338,2106.50725461398,2317.43254653158,2281.30884363906,2420.99021256174,1958.30369279759,987.466322770216,1521.59106389657,2646.76163015251,2859.85337891897,3153.31016342095,3091.86663660726,2694.18424242243,2528.39605659228,2388.16752270998,2748.71637196657,2946.95165101823,2878.81831282578,3071.91046067907,2646.15550435209,1611.53978374845,1668.19993028776,2628.98686457146,2627.54331710802,2637.72334519134,2766.45285371992,2632.19423548298,2049.93357643346,2274.75372499792,2679.44282037547,2711.04807113547,2680.02234393044,2768.79206192113,2663.70164703398,1411.80249383796,1473.71925520907,2646.24588648786,2630.65146152294,2645.36471493086,2696.08617106699,2669.13851474165,1814.76383281353,1724.76572942594,2630.18991450347,2631.49859361693,2633.54055566278,2636.0946728596,2683.31776556446,885.383328809583,1238.47471172923,2646.35464682497,2633.67799792683,2647.41056686242,2631.94329140661,2697.03552603827,1242.30509460852,1466.12453505986,2679.33091226478,2636.55940791377,2653.2008850598,2651.96346378625,2693.64769045866,935.159279309772,1233.47148590593,2652.35501350097,2651.87288564241,2636.40316779082,2626.64413510029,2697.05442929629,1372.08824927929,1462.76503986724,2688.16865844366,2663.69001480582,2691.29827332419,1192.4763973026,1068.03305631412,522.401336479654,811.786607885716,2695.28062459163,2663.78104544878,2674.94561037754,2640.90255231619,2694.58279611024,1410.00766177451,1608.85838933784,2624.60451841715,2651.09609882826,2743.16205394767,2706.96995445005,2669.50305856971,1409.17309298637,1862.62222961264,2631.97747155574,2630.12566065843,2651.48067275982,2628.19037061139,2697.54202667284,1512.63185974782,1761.58158651426,2629.56896072996,2624.76736210543,2625.59820139947,2644.89115559524,2687.60023808601,1710.96991488504,2006.95563907114,2633.66180569444,2765.67507682225,2829.03867125887,2789.24088950832,2637.68218482076,1480.569013671,1625.08367412603,2628.27286888876,2948.84709710164,2833.69704037373,2993.13676512993,2633.94653739753,1967.94353434892,2014.74129625865,2651.93662564389,2652.48703878561,2652.28239166356,2682.81188316588,2238.80644399736,675.225675314534,531.697920623689,477.908295501576,289.585188311597,287.289689261098,332.526632180186,351.488159665703,290.164362333795,324.14794069662
3047.07989634502,2920.77208600794,2888.92030380639,3252.31340222839,2617.2142361627,2654.22482513966,3159.76142220116,3193.31469192423,3160.42558932209,2962.3924109958,2613.22935424985,2054.84748700337,2150.75877006782,2534.18357846804,2607.7544282775,2408.15959734379,2406.85101554387,2267.47497122266,1185.32872795621,1074.95525883001,955.27517277706,702.882668765956,285.022852410111,336.350857382193,457.779581533298,311.728882325434,524.979539713836,2059.00569271803,2271.04724494414,2234.69845845058,2375.627797952,1910.31125431355,940.78706058018,1473.57569127407,2625.72653657733,2851.78176874397,3147.40589883789,3085.54899601259,2683.28374645347,2484.7105257607,2342.40794084933,2739.07873919126,2939.67807554682,2870.95224618658,3065.45775858716,2624.97144946729,1563.39290374581,1620.0209971688,2611.92645990776,2611.99667063023,2624.17060907122,2757.14761303037,2613.47208009467,2002.18245909359,2228.00324450426,2668.09503609809,2700.59974405583,2668.68461294592,2759.50716085384,2639.96318849889,1363.94010580964,1425.76923503923,2625.15791247039,2612.83068818139,2632.41803790764,2685.21359882866,2644.60085173946,1766.59838145735,1676.59780696505,2612.31416768577,2617.28782869483,2614.92468880166,2622.50586667311,2656.3633728611,839.062202790983,1191.02444765066,2625.26267811499,2618.84690481011,2627.23117803609,2616.43363948726,2665.87235394025,1194.8877528715,1418.17184097084,2653.15455894788,2617.09876526362,2632.26835430622,2630.97831284627,2665.06361400062,888.74735760232,1186.030192334,2631.33863165365,2629.94082025506,2616.91047824576,2609.50951969018,2665.88510537365,1324.31711992658,1414.81085623502,2660.21529580332,2639.95398848379,2662.50758936943,1145.14909628189,1021.08787021021,477.481756616562,765.731560345899,2661.57806603253,2640.01763407995,2649.49261186373,2620.53840838037,2664.87268997631,1362.14616169589,1560.70443851734,2608.25739125103,2638.64824377961,2733.48127906007,2696.48088359762,2644.89086476779,1361.31229862489,1814.49516418862,2613.21560253329,2615.90160473639,2639.03783305892,2611.10262852032,2666.26079906451,1464.60915058982,1713.3809916102,2611.7004301997,2608.37870440847,2609.99753194581,2631.94743029026,2659.73684712471,1662.75930152262,1959.07537862509,2620.027154317,2756.36506630225,2820.66397346007,2780.27977946331,2618.29613463161,1432.70406596599,1576.9633280018,2612.74373782481,2941.58687872246,2825.35366603291,2986.19210351287,2619.79216603804,1920.007592017,1966.91347838763,2630.04341854642,2630.7003789746,2630.47019273503,2655.95783527769,2191.88613268023,629.695690091008,486.742099561781,433.177527405889,245.661661268699,243.37614775498,288.416074193015,307.29537949143,246.238318729883,280.073790699669
3047.08460652909,2921.2094153354,2889.46087422489,3250.94219882794,2605.10622128727,2643.28146158597,3158.01063972399,3191.66677816371,3158.68019475041,2960.18190453534,2608.50887422527,2039.83802949359,2135.91465752863,2520.92847144095,2595.49972695773,2394.09915458708,2392.77339351743,2252.87026599785,1170.0720604426,1059.76884300991,940.167224553273,687.970449250878,270.507588449707,321.78318575225,443.091170449421,297.18622515851,510.227345184195,2044.01355916673,2256.46934452382,2220.0391143483,2361.40030409463,1895.11893245045,925.68580898826,1458.23429735801,2619.10399409756,2849.23814443486,3145.62690569559,3083.622319408,2679.8120712056,2471.03719157516,2328.04679355938,2736.01514816011,2937.40917611314,2868.47826168463,3063.48287497281,2618.30262522593,1548.0400256091,1604.67661229404,2606.52816563582,2607.06629506561,2619.86038881248,2754.19251077186,2607.56062646097,1987.09465563337,2213.29839018981,2664.48028206572,2697.27333368833,2665.07315403183,2756.55909948079,2632.5094368839,1348.61039786749,1410.43251710081,2618.51884468118,2607.1976496118,2628.29775889688,2681.75116921288,2636.90147828001,1751.30581810226,1661.27522047973,2606.66397318559,2612.77203652039,2609.04654800295,2618.18396764967,2647.92049537647,824.038677895108,1175.76602282136,2618.6224088212,2614.13988718647,2620.8736422195,2611.51611912417,2656.13098722379,1179.64076849667,1402.83182602146,2644.95123951827,2610.96018667174,2625.67960035843,2624.37288392867,2656.1195481343,873.711894232265,1170.77291905305,2624.72366185885,2623.04233129077,2610.76193441216,2604.08752029885,2656.14184044854,1309.00276299232,1399.46928786854,2651.46475247836,2632.50098503572,2653.4988467803,1129.91379839212,1005.9304551351,462.77428426953,750.76651314205,2651.04994014618,2632.55618635577,2641.51179159721,2614.12163467448,2655.58038286886,1346.8161452516,1545.34849901395,2603.07840479648,2634.68411664851,2730.4025643231,2693.14056519697,2637.16854525263,1345.98222942211,1799.23004656758,2607.29179204499,2611.38126314902,2635.07538021846,2605.69562330104,2656.48305127866,1449.26257215961,1698.06025608742,2606.05227189051,2603.18691963305,2605.04982270889,2627.82791326033,2651.01396733492,1647.41901008094,1943.93361161163,2615.69029647616,2753.4082389437,2818.01672484356,2777.43841418858,2612.18099124712,1417.39591720736,1561.62306968216,2607.81901332498,2939.32272168996,2822.71760183679,2984.03975462325,2615.29460120773,1904.83589868033,1951.79048178002,2623.15697225238,2623.84707395054,2623.60892090137,2647.5458434934,2177.11700106111,614.848858312655,472.02642565218,418.51406566846,231.186979749406,228.903812512134,273.897429026135,292.757434327731,231.763046115538,265.563697255643
3047.12399074439,2921.26568179465,2889.52030352768,3250.83144518586,2602.90567516276,2641.3029320088,3157.78781911897,3191.47813814753,3158.45866684331,2959.78872681038,2607.55371317307,2036.81846893164,2132.97751321188,2518.48244229896,2593.26839647283,2391.44249978773,2390.11302880164,2250.04011572541,1166.5252318151,1056.17306469604,936.518780578081,684.216325253782,266.591520320776,317.886357415044,439.240439281034,293.280145057007,506.402667728596,2040.99934423617,2253.64585614586,2217.18109390654,2358.69637605161,1891.98676078217,922.030491209866,1454.83283195212,2617.84475242273,2848.74025878056,3145.39332666765,3083.33405441413,2679.08886178348,2468.49080787404,2325.30099878285,2735.38243546029,2936.99597152373,2868.00023972737,3063.17691248194,2617.03557845438,1544.68650361792,1601.35609529419,2605.46265158817,2606.076666498,2618.97619554941,2753.58532323415,2606.41241978719,1984.0320112556,2210.42870854961,2663.72733403375,2696.58116630048,2664.32100147147,2755.95414388913,2631.11933656678,1345.15000430995,1407.00528036264,2617.25668579889,2606.09439136522,2627.44776961958,2681.03031681522,2635.47246666795,1748.07600407931,1657.99002402178,2605.55771426344,2611.85168636207,2607.90433665204,2617.29714841176,2646.37194398383,820.340558671649,1172.22205215538,2617.36009974587,2613.1895374242,2619.65858263745,2610.53066371763,2654.36587854734,1176.10096320489,1399.39978046958,2643.44165253858,2609.77649547942,2624.42880232951,2623.1188168515,2654.48967989092,870.039272374104,1167.22637361473,2623.46817211076,2621.73958137971,2609.57654857623,2603.01713391307,2654.37641661408,1305.52304251807,1396.03509815698,2649.86607358686,2631.1109900914,2651.85733428421,1126.34840390026,1002.30984977512,458.931127203132,747.037975983898,2649.1471778181,2631.16485190761,2640.03799867839,2612.8940035252,2653.8917617393,1343.35469905567,1541.9929413044,2602.04689524345,2633.86194989737,2729.76481237063,2692.44426842536,2635.7359218113,1342.5203100165,1796.03172733866,2606.14147025699,2610.45956220984,2634.25365828913,2604.62835186546,2654.71197312748,1445.85520304053,1694.79586186511,2604.94608842764,2602.15338873436,2604.05651485222,2626.97782965308,2649.4196626696,1644.12299742222,1940.8374807975,2614.79996702836,2752.80039929775,2817.4877020074,2776.85997433047,2611.00159348149,1413.97753120855,1558.27932208721,2606.83062052386,2938.91122516796,2822.19261876107,2983.66726648183,2614.37830092726,1901.71274444467,1948.70200606308,2621.85620436009,2622.55195006178,2622.31241186685,2646.00209545257,2174.21591678096,611.065629800838,468.186964001823,414.654082041181,227.256227921501,224.972206254607,269.982647746711,288.849725542059,227.832510028617,261.645795038633
3046.68741313328,2922.49598820293,2891.15683170603,3246.01819189477,2571.94034451237,2613.16063675522,3152.43211665632,3186.23459219789,3153.11342141939,2954.07343940935,2596.30045915237,2001.56126436654,2097.59815423345,2485.01515267015,2561.97707947511,2356.61313153905,2355.24652029424,2214.61020405289,1135.58566451813,1026.04033601485,907.266672138232,656.897854688674,242.658219619033,293.528060418122,413.884866224243,269.125402890846,480.502828881158,2005.76305848745,2218.26485766693,2181.79820317019,2323.6212642447,1857.08457303813,892.877889163877,1422.03668148629,2601.29979314913,2842.5714787599,3140.0193589203,3077.84761350092,2671.03139644091,2434.22313828262,2290.07086098891,2728.23570950617,2931.21740098885,2861.9460763196,3057.65179369686,2600.36516727904,1511.34968267259,1567.71854091108,2592.3384437131,2594.24629534887,2608.81948410123,2746.66726695151,2591.86558185965,1948.87402320021,2174.96635591903,2655.33226026255,2688.85873667353,2655.93267848351,2749.04545323924,2612.25432735669,1313.00778708817,1374.4932308905,2600.66809915669,2592.31866954035,2617.78690600743,2672.99064577914,2615.92658861619,1713.73609148656,1624.08604978223,2591.73647606012,2601.15077843576,2593.44453091293,2607.11473270656,2624.78525130258,791.964379667736,1141.24558274458,2600.76779747055,2601.94898291532,2603.8323119215,2598.71628239798,2629.30228183885,1145.13174587174,1366.92257111181,2622.50734787714,2594.59100049385,2607.95010446963,2606.59908556459,2631.54021120421,841.350313327717,1136.28126888393,2606.92113124361,2604.42406597781,2594.36418448273,2589.83643641112,2629.30771317473,1273.64547195783,1363.57306039249,2627.44209057387,2612.24826254022,2628.73963015577,1095.69188842383,972.557472160846,433.41507398733,719.227675271309,2622.04670840446,2612.27849725194,2619.71374950891,2596.93074475722,2630.01279109274,1311.22190968685,1508.66360794644,2589.54276836739,2624.61170810543,2722.60024517042,2684.7005977865,2616.12572430888,1310.39213305318,1761.48912784944,2591.56145979739,2599.75161097924,2625.00647510002,2591.48306065206,2629.54981886108,1413.09687059144,1660.68703024065,2591.13268474775,2589.61338489956,2592.18596940833,2617.32109552276,2627.07259789978,1610.25250608796,1905.78687464866,2604.58591676169,2745.88107990476,2811.16497598316,2770.16294848799,2595.87665069048,1381.49965545141,1524.89749373112,2595.01305271811,2933.13677364646,2815.87988181357,2978.00709488634,2603.71798771849,1866.80827013106,1913.65495839611,2604.5738163896,2605.35887811615,2605.09810511004,2624.50280252581,2138.79460044413,584.329650742594,442.597389932201,389.50178841422,203.649826722065,201.384761021732,246.021460785379,264.732158583043,204.221328299207,237.753767603608
3045.92055451159,2924.0951250388,2893.33513292483,3239.31877215336,2532.60815898276,2577.33767972291,3145.23943852563,3179.11580101286,3145.93247942545,2946.79085289872,2582.3647307268,1958.22839456499,2053.85904742103,2442.70868694689,2522.25412147563,2312.9008915255,2311.4903055297,2170.50131525437,1100.00992794344,991.776763968979,874.433138562054,627.176685170301,218.321650019876,268.518510860802,387.293489804249,244.438283859817,453.045673388553,1962.44593172737,2174.20894610072,2137.83508048928,2279.6810560638,1814.58127378278,860.208505763025,1383.35076841168,2580.44569798178,2834.88971840747,3132.82782530192,3070.632892014,2661.16223432457,2391.02570520573,2246.020191292,2719.4663184836,2923.89278183186,2854.38193466984,3050.42605468907,2579.34835623879,1471.74246008689,1527.58130630013,2575.96223840097,2579.55864390446,2596.29961363713,2738.16716666193,2573.63136322977,1905.80512277787,2130.91948475193,2645.04610522958,2679.3996776709,2645.65436742547,2740.5534067928,2588.36530296594,1275.43878227613,1336.29303210397,2579.7579028376,2575.0912637523,2605.90231593352,2663.14152340129,2591.14912983829,1672.3232793381,1583.46243747432,2574.45044754472,2587.93044721989,2575.32185200469,2594.56400961622,2597.3536482439,760.545741316465,1105.60811347988,2579.85259230997,2588.01968536276,2583.90998641674,2584.04140238638,2597.38711072947,1109.49331915177,1328.7865036296,2595.92191741234,2575.51913360436,2587.17131476668,2585.76881704085,2602.34241553884,809.404960926319,1100.69667249558,2586.05486813345,2582.56172474661,2575.25752892327,2573.39018473634,2597.38594517506,1236.51594419999,1325.46505863726,2598.92470453709,2588.36231177035,2599.32663409252,1060.58034705683,938.917325324214,406.568717653783,688.71845466922,2587.53605009086,2588.36159668931,2593.92137499255,2576.8406163343,2599.61723819562,1273.66957039758,1469.07294386224,2573.9813553507,2613.25453803719,2713.81746442554,2675.22090171867,2591.26398222569,1272.84783119308,1719.69347030167,2573.28435466954,2586.52435322638,2613.65265310223,2575.08055472276,2597.50703743752,1374.48246490284,1619.7070145345,2573.85777037955,2574.00495008289,2577.44904969896,2605.44272954632,2598.6556953242,1569.70767410659,1862.96730590535,2591.99788056804,2737.38078578306,2803.33698545845,2761.91300681432,2576.88209672591,1343.32486299312,1485.19756147585,2580.34096368431,2925.81377894026,2808.0562470958,2970.75264164334,2590.54663265196,1824.27668718784,1870.81940516059,2582.75465026271,2583.65533989519,2583.36717276829,2597.18609815276,2094.89450561424,555.538464110416,415.633592247392,363.232443310839,179.830580509331,177.595521163008,221.640665419463,240.103755336674,180.394514017636,213.482458381106
3044.83878964617,2925.87584769146,2895.8183326575,3231.24326931862,2487.46945866612,2536.13174885779,3136.74025361841,3170.65348775015,3137.44550594753,2938.42456911906,2566.52513562629,1909.731572474,2004.69354298421,2394.35270014086,2476.68999752878,2263.21274764276,2261.75474025046,2120.6635922051,1062.2005567293,955.694668341148,840.232093071666,597.051540617288,195.20575633958,244.528617694567,361.247498167111,220.867200216763,425.872647000123,1913.95809100379,2124.42395408634,2088.23405253202,2229.80289338769,1767.33946893546,826.225050125013,1341.38829510059,2556.51334544981,2826.16695907282,3124.34629646782,3062.2042216819,2650.03025728624,2341.75938903208,2196.08760678415,2709.57488044686,2915.50116510676,2845.7792683366,3042.00968959717,2555.22607738275,1428.53991444899,1483.65452941168,2557.26834991458,2562.83976278601,2582.10968620582,2728.57541685769,2552.76439314927,1857.72205028482,2081.23732572853,2633.43819119659,2668.73365725754,2634.05511091075,2730.96865365194,2560.89049945057,1234.98124103304,1294.98531168885,2555.76031771806,2555.40169208231,2592.45019977925,2652.03126871233,2562.64054683323,1626.63095217837,1538.8610146985,2554.69268340294,2572.92546154177,2554.58447044831,2580.33941375086,2565.76510511292,728.200917934308,1067.71636227426,2555.84907140559,2572.18159083798,2561.06163365188,2567.33260296997,2560.63081891014,1071.59206929868,1287.56804387813,2565.31312502401,2553.67143681623,2563.32077764799,2561.8591528987,2568.71278679852,776.355172021676,1062.87573216406,2562.10306913356,2557.45163580321,2553.36927120417,2554.61614785951,2560.62203415223,1196.64281964828,1284.28574151749,2566.07894370589,2560.89120934646,2565.44775666512,1023.38453515278,903.65903342362,380.191004843405,657.563659382345,2547.81559660035,2560.85422697318,2564.23229355615,2553.80187066045,2564.60509637561,1233.23483172528,1425.89503028086,2556.24309441907,2600.41591670277,2703.91612126197,2664.53474852193,2562.65672895421,1232.42402050822,1673.46270052415,2552.36743272925,2571.51247394329,2600.81760006196,2556.35646450884,2560.60315687447,1332.6206013608,1574.62132192714,2554.11340343381,2556.21158498868,2560.67415997398,2591.99838137369,2565.92704915676,1525.22567626759,1815.26072768124,2577.73170855626,2727.78969662355,2794.47478479877,2752.5931089129,2555.12407617249,1302.03122774778,1441.86035132729,2563.63972202183,2917.42166660058,2799.19386693534,2962.39279667852,2575.59685563955,1776.98181320885,1823.07775806436,2557.69510133582,2558.7306219266,2558.41054628713,2565.73250441557,2045.45723685069,526.626205057468,389.102671762726,337.604767995723,157.386319209793,155.19022217354,198.467289966184,216.608824328119,157.940425328477,190.451254009931
3043.54949691261,2927.58011366117,2898.25877294453,3222.79341694677,2442.00550623096,2494.52670105574,3127.98739580074,3161.89713982318,3128.70378646882,2929.99478163828,2550.64930366808,1862.04877271828,1956.15105471876,2345.84343169385,2430.82072516206,2213.62940372954,2212.1266501313,2071.21546343943,1026.90149819889,922.334115069344,808.981480872066,570.357979771816,176.313927437826,224.665663350734,339.098471930016,201.469654284357,402.469134775954,1866.2758172053,2075.02119766483,2039.08816318138,2180.09574361639,1721.19823998717,795.219873493902,1301.37993851776,2532.34835378752,2817.45244615211,3115.62471494648,3053.60100570946,2638.94967573113,2292.44143012035,2146.3933982029,2699.73532431494,2907.06318060687,2837.17559970474,3033.43911062252,2530.86663684892,1387.11748185929,1441.39758377639,2538.46752521871,2546.06273245471,2567.92110913841,2719.03270372331,2531.73749276169,1810.55767866917,2032.02402111652,2621.87741280894,2658.12170914761,2622.50285003712,2721.43132002064,2533.10819162065,1196.69024340789,1255.72436834651,2531.52870395561,2535.58081647816,2579.01482295983,2640.97176197959,2533.80622252664,1582.32186171152,1495.81880001548,2534.80215889408,2557.90391044923,2533.68991313823,2566.11626634577,2533.80480408674,699.028370092679,1032.32393371551,2531.61132802262,2556.30277029143,2538.00168714461,2550.56222201315,2523.45993648518,1036.1822564003,1248.4112347988,2534.34504938409,2531.63976895213,2539.23513886502,2537.71365212081,2534.69031740229,746.381976281399,1027.56376580322,2537.91447569163,2532.08289802324,2531.29611596541,2535.73428566015,2523.44345200519,1159.01254874294,1245.17465899059,2532.84529497633,2533.11280407078,2531.17165072678,988.776126526164,871.22560873871,357.672911592893,629.720852900168,2507.68238845286,2533.03860875532,2534.19699776729,2530.55085104204,2529.18559053297,1194.97013272164,1384.50255813862,2538.42304684261,2587.60764078854,2694.07066958036,2653.90505752098,2533.72130064327,1194.17187045742,1628.52113066456,2531.28948533909,2556.48468248373,2588.01274036846,2537.52501441958,2523.28295413617,1292.73045561116,1531.02323264869,2534.23682541431,2538.33500096036,2543.84079339219,2578.57132657587,2532.81280323284,1482.33032574264,1768.55831443071,2563.4673319029,2718.24834220542,2785.64060310945,2743.3145996149,2533.18389716617,1262.77035230943,1400.27647266568,2546.88041638041,2908.98126919283,2790.35546188677,2953.94942292027,2560.63050183858,1730.76811345664,1776.32455544933,2532.37822896565,2533.55168940695,2533.19898207675,2533.91094516156,1996.56093822981,501.284578756796,366.413773139893,315.920623407328,139.240580018201,137.087769299199,179.511553314087,197.295809046088,139.783767702992,171.653472108914
3043.08651643774,2928.14231442806,2899.07308009913,3219.87337939868,2426.10122981778,2479.95953270794,3124.95512098638,3158.86664050067,3125.67540239637,2927.05116223168,2545.04178158226,1845.39061954527,1939.19263330197,2328.88605619168,2414.77630042548,2196.30345473479,2194.78522574035,2053.94023362221,1014.55223868123,910.65835758968,798.03876233559,560.998195731834,169.663434709566,217.677966148407,331.316948261209,194.643562378699,394.251967595719,1849.61772792961,2057.76158506617,2021.91851286523,2162.72780324807,1705.07771952277,784.362449846081,1287.39364942841,2523.8434521371,2814.39251337891,3112.60204022378,3050.61279334486,2635.03374925445,2275.2052108145,2129.0308661957,2696.26345907973,2904.11342231559,2834.15756550293,3030.45995761938,2522.29352218943,1372.63949613854,1426.62929098993,2531.83601795527,2540.13949674522,2562.90633374615,2715.66781666607,2524.32740894793,1794.08045426372,2014.83120065898,2617.79068932706,2654.37288003583,2618.41920583201,2718.06866234066,2523.3425086278,1183.30111977817,1241.99797784422,2523.00037661029,2528.59258005842,2574.26529141843,2637.06352981354,2523.67446605257,1566.83940016011,1480.77721602232,2527.78945106984,2552.59622685341,2526.32644231124,2561.089108758,2522.58589545857,688.807539518677,1019.94221756198,2523.08087504585,2550.69499491561,2529.88313281253,2544.64192592173,2510.43096995565,1023.794398616,1234.72108955085,2523.47105903056,2523.8789667818,2530.75902981771,2529.21637205416,2522.75570621233,735.882842710935,1015.21002258735,2529.40221303338,2523.15816642051,2523.52075844119,2529.07396810522,2510.41180810504,1145.85307315007,1231.50043044824,2521.18366271229,2523.34849899564,2519.14788027219,976.666858952663,859.872011873062,349.763226096768,619.961905944238,2493.62550928561,2523.26128959752,2523.64728336502,2522.36431024023,2516.76459372022,1181.5901582305,1370.03501847536,2532.1340778006,2583.07889560348,2690.59591985414,2650.14938402612,2523.55423305013,1180.79626074914,1612.81845856154,2523.86149219864,2551.17458245064,2583.48525497145,2530.88262952678,2510.2020772095,1278.78532388443,1515.78829309864,2527.22887641725,2532.02626667484,2537.89748961994,2573.82463910137,2521.19276099394,1467.3399635082,1752.24219666717,2558.42531702824,2714.88382665614,2782.53416633122,2740.04597676239,2525.45535369057,1249.04379906477,1385.74223199618,2540.96352101802,2906.03089068441,2787.24817624563,2951.00428128386,2555.34256998513,1714.62223159759,1759.99063365714,2523.47168358485,2524.69354998254,2524.32937482819,2522.74055180717,1979.47888270374,492.394319346334,358.444766561282,308.300522756083,132.849148521549,130.711368009773,172.838869026156,190.49906692458,133.388545015022,165.03563420278
3039.92596903729,2930.96288073901,2903.36950236177,3202.89189041088,2339.90961212291,2400.69523548243,3107.79902138523,3141.57559584759,3108.53646671796,2911.07252171344,2515.03499729217,1759.01827711974,1850.55918217695,2237.62348893886,2327.90027237147,2103.93733713079,2102.34510076921,1962.8129974811,957.086448244285,857.528426419884,749.624570309395,522.722940440135,148.636906632383,194.509706093619,303.10228528086,172.501900447425,363.263698016294,1763.21704080611,1966.69324858104,1931.58075455247,2070.36088651674,1622.56583589955,736.501066891003,1219.24445823975,2477.66078520202,2798.07345719486,3095.54677280556,3033.98092328671,2614.34488381648,2182.79023266266,2036.92158471101,2677.93007822821,2888.16766982923,2818.02419939007,3013.95118779123,2475.73090722766,1301.25797933884,1353.31380342748,2496.1114350139,2508.36989713371,2536.19345169124,2697.89013561981,2484.25637717024,1709.03522440195,1924.41556140683,2596.17973053435,2634.58014987183,2596.82402318238,2700.29661973613,2470.14941637255,1119.0813240294,1175.55963871649,2476.68790616221,2490.8761589513,2549.02009634939,2616.41290789796,2468.45654737956,1488.71449323578,1405.61806703079,2489.93737518296,2524.25850189936,2486.51349171387,2534.31095450486,2461.38127620227,645.025306947135,962.264739582571,2476.75633031724,2520.66977927206,2485.83961677991,2512.87497826097,2439.36988309975,966.057202237025,1168.52794913112,2464.15889706133,2481.84792635951,2484.7197122841,2483.06179103808,2457.63818048578,690.280489985631,957.715596176314,2483.16400809099,2474.6379876881,2481.40877968643,2493.19323327951,2439.33608893447,1083.12617832875,1165.41514336729,2457.54973302265,2470.16343942351,2453.53934575707,920.752241881151,808.823808358692,320.733099023152,579.135807458737,2417.05409536226,2470.00337059405,2466.11886247431,2477.9572780372,2448.99055636789,1117.43138137023,1298.72769638923,2498.32908091125,2559.05822302097,2672.26261184064,2630.32960317994,2468.13897513498,1116.66643566273,1533.19141016723,2483.69102502285,2522.82667390021,2559.47066030747,2495.0987668309,2438.85668158119,1210.91697091511,1439.34732622313,2489.40439683246,2498.11061295735,2506.02020349234,2548.59669918611,2457.7895246518,1392.54908095231,1668.35241427004,2531.56981881819,2697.11074597762,2766.04406897025,2722.74872392719,2483.60252300462,1182.55700591293,1313.96762961584,2509.2278249751,2890.07477875793,2770.73834169642,2934.94198840636,2527.1095010113,1631.90828511744,1675.95187559561,2475.05322991893,2476.54433925854,2476.11645973969,2461.80847168641,1889.9029134142,457.114063570007,329.036141966773,281.111363630399,113.467488895329,111.425154277731,151.671277873481,168.543563143668,113.982809065893,144.216349426244
3038.94266468889,2931.73844813308,2904.57930518943,3197.86150016105,2314.39776509283,2377.19968335274,3102.72763716138,3136.46198925291,3103.46997945403,2906.34659942725,2506.09057563319,1733.67094580639,1824.5132550528,2210.65892296012,2302.19183383326,2076.69906837093,2075.08565703809,1935.99214282453,940.524049735089,842.275061846066,735.794749711507,511.951512574105,143.063107078378,188.290796970292,295.36311671275,166.592221346541,354.688743015264,1737.85978320104,1939.88823126981,1905.00364736119,2043.13507342194,1598.40358474253,722.838330512331,1199.44938215868,2463.9101309856,2793.23608842356,3090.50554065106,3029.06586335886,2608.18575431958,2155.50755833364,2009.78414733568,2672.4800921222,2883.44982197471,2813.24437784634,3009.07256497033,2461.86704439525,1280.48367311122,1331.95237234652,2485.465764535,2498.90065808616,2528.23136661395,2692.60803887561,2472.31859279926,1684.09648905376,1897.81827246666,2589.74377782867,2628.69038499062,2590.39284153686,2695.01639527253,2454.32237376682,1100.4768245072,1156.2829742495,2462.89852749001,2479.63839003478,2541.49636029034,2610.26540220084,2452.03115599839,1465.89052539453,1383.69584074306,2478.65916050761,2515.81156796199,2474.65280543805,2526.32921805624,2443.18893296613,632.59312721039,945.638292470858,2462.96337916642,2511.72025705786,2472.72386953937,2503.40679581762,2418.27684574635,949.411738318005,1149.32590087746,2446.52453990577,2469.32839527301,2471.01239066845,2469.31999743405,2438.29448941751,677.297425623508,941.144563077104,2469.39748429178,2460.19444686416,2468.86513630104,2482.50067697585,2418.23873892811,1064.97313079326,1146.24592425933,2438.64098391829,2454.33881936774,2434.04934249947,904.658466015108,794.199322382887,312.748228414552,567.595223043283,2394.34535772552,2454.15708313299,2449.01068979026,2464.73251200437,2428.86309426318,1098.84540973109,1277.97613258585,2488.25368778866,2551.90026236795,2666.81218781168,2624.43137675643,2451.65498212119,1098.08924732774,1509.90974132205,2471.72362471827,2514.37652377929,2552.31455729667,2484.43529797253,2417.67983600393,1191.20746916282,1417.0362385401,2478.13426011215,2488.00232164102,2496.51862040949,2541.07805881655,2438.94903805908,1370.7399247329,1643.76832070448,2523.56470986532,2691.82998055139,2761.15312149143,2717.61245642769,2471.13626267035,1163.26347021046,1293.07312368039,2499.76880159944,2885.3538659203,2765.84176042943,2930.19248606752,2518.69407164086,1607.68315042648,1651.32114607877,2460.6400062995,2462.21134538681,2461.76446256371,2443.69721264246,1863.56530441998,447.245433995016,320.937173683227,273.68109908132,108.389110331331,106.375523979934,146.054982740368,162.689943133184,108.897178657805,138.704964932344
3036.82301822691,2932.94088238366,2906.60334237601,3188.22138148903,2266.36814524985,2332.79019490263,3093.10342918814,3126.73205697644,3093.85382596366,2897.44597760768,2489.04152132181,1687.30192854606,1776.63399609153,2160.16538214188,2253.82526610419,2026.0115930839,2024.3624496014,1886.41156054766,912.290899830119,816.693199651026,713.095061099526,495.430725800636,137.011392061756,180.94126255728,284.953774241759,159.864843446271,342.59593294466,1691.46241518715,1890.32792394229,1855.94887216211,1992.54961929963,1554.55143876921,700.478149737717,1164.62594193125,2437.68429716305,2784.11991646863,3080.94521683147,3019.77513166828,2596.5045003155,2104.5511114772,1959.4415362842,2662.1738819516,2874.56609808828,2804.24145090619,2999.85944003851,2435.42392831604,1243.65706899482,1293.91741847153,2465.15913242347,2480.84545446667,2513.07023819296,2682.62814258284,2449.54224024122,1638.60234358243,1848.74283066504,2577.52672010393,2617.53103610298,2578.18504676023,2685.04002012679,2424.16108086937,1068.08991855903,1122.52068241689,2436.59826453188,2458.20012617192,2527.17940507077,2598.60678382695,2420.7424865446,1424.83096236809,1344.50027363907,2457.14324635865,2499.71790853668,2452.02501684522,2511.13003494114,2408.5828146002,612.719565159819,917.274604862414,2436.65632844494,2494.66088371519,2447.70546442922,2485.35300493087,2378.27154620403,921.003647097242,1115.71822636914,2412.96295464461,2445.44344880959,2444.87007069634,2443.11134243213,2401.54412242228,656.299878231525,912.893990404686,2443.14206182822,2432.65283071922,2444.93394278782,2462.10319088906,2378.22537992859,1033.50489853516,1112.70632655202,2402.6932363008,2424.18233335351,2397.01879614757,877.376282334827,769.8934638372,301.844139117207,549.522268736052,2351.36715145778,2423.95912695177,2416.43567010937,2439.50396779622,2390.64505764601,1066.49665570676,1241.19762645514,2469.03649959604,2538.28826137459,2656.50530354169,2613.25557135595,2420.25452363936,1065.758534505,1467.89829659572,2448.89051451385,2498.27638491817,2538.70618849364,2464.09413936758,2377.51779021238,1156.56201885797,1377.04205973972,2456.63342202319,2468.72220567852,2478.40083673632,2526.77087831117,2403.13034510799,1331.78461418395,1599.02702334097,2508.32005776017,2681.85279000069,2751.93458209199,2707.91607741662,2447.35404570797,1129.45346582647,1255.99400690715,2481.73347401808,2876.46352545939,2756.61156747767,2921.24280746354,2502.66147297045,1563.69239523727,1606.47545251878,2433.15665941762,2434.88196320699,2434.39854254824,2409.24653359315,1815.05268003427,432.544836368757,309.80301424804,263.893277793301,103.333906642617,101.37815012158,139.917740458422,156.075265157187,103.827386825818,132.778765456904
3036.14362385993,2933.31639670379,2907.23970412145,3185.1469130705,2250.89761413462,2318.48418593686,3090.0255766132,3123.62338172939,3090.77861799927,2894.58131613688,2483.52095468715,1672.32537105969,1761.17943865506,2143.89835093734,2238.24595289877,2009.67363720827,2008.01293480286,1870.41911028929,903.073429665695,808.318747604193,705.637059411993,489.937706519057,134.848302577711,178.365342538248,281.40456845587,157.486827642316,338.51126180443,1676.47704592972,1874.34222619328,1840.12289233756,1976.24215851289,1540.37252908693,693.128077098007,1153.31388053597,2429.21514977054,2781.17468853077,3077.88670842604,3016.79728753999,2592.7171165015,2088.13210511524,1943.20971575421,2658.83442223592,2871.70457495119,2801.33461131805,2996.90458205367,2426.88484564195,1231.7084838317,1281.58503055883,2458.59117932636,2475.00128838566,2508.15780170012,2679.39547964929,2442.18052698457,1623.90288639651,1832.90975666183,2573.5654736027,2613.91326724478,2574.22683953021,2681.8087284741,2414.42869993754,1057.5520613868,1111.54579551079,2428.10512839276,2451.26849127376,2522.53925111371,2594.82687745319,2410.64837327235,1411.53819886473,1331.79939067855,2450.18659337032,2494.50493068466,2444.71122312173,2506.20519034685,2397.42421737919,606.16026481037,908.015644936742,2428.16102142988,2489.13756518186,2439.62453442814,2479.5097377044,2365.38011760991,911.730701928406,1104.79242666716,2402.13953169203,2437.72577600251,2436.42844300012,2434.64825436579,2389.69782581475,649.383383686871,903.670978770887,2434.66398221996,2423.76124624579,2437.20138233486,2455.50577148361,2365.33136414424,1023.25905989339,1101.80213852783,2391.10409717018,2414.45149892955,2385.08216741224,868.461148689205,761.92468865792,298.137564891043,543.535602307003,2337.52107077573,2414.21496727145,2405.92877685854,2431.35478505726,2378.32732701343,1055.97091618904,1229.26428966889,2462.81838038388,2533.87542542247,2653.16505973421,2609.63209034581,2410.12450679045,1055.23852609213,1454.30340757171,2441.51052807326,2493.06117944714,2534.29456069012,2457.51499757584,2364.57605660966,1145.30645032762,1364.08747221415,2449.68154866314,2462.48386940145,2472.53634150626,2522.13381915409,2391.58262561099,1319.15987059367,1584.56616800826,2503.3803354389,2678.62091900464,2748.95328109059,2704.77696132671,2439.66952899392,1118.4637468564,1243.96533269592,2475.89577735245,2873.60006170527,2753.62698782625,2918.36475425824,2497.46838818882,1549.46967554442,1591.98163740794,2424.28382060263,2426.05869212977,2425.56350000926,2398.13786860819,1799.39771904675,427.630737182842,306.023265688367,260.54177384567,101.487806024476,99.5504450128506,137.727445788706,153.73310014959,101.976645766572,130.655602823766
3032.47106027707,2934.43658712722,2909.54799902741,3170.84303875447,2180.37370081322,2252.88264255524,3075.88725436432,3109.29571320495,3076.64994059928,2881.52300110924,2457.82489333427,1606.88553013487,1693.15821312869,2070.32545911983,2167.29761178635,1936.45444263386,1934.74990643535,1799.44470752163,867.147435596133,776.613826958512,678.5188311289,472.627655274799,134.096504684533,175.563833726131,273.767928373997,155.668023150532,328.211941355602,1610.97684632235,1803.37842935011,1770.04543662091,1903.32674662714,1479.15676330173,666.55243371046,1106.81524967978,2389.816849383,2767.7078301241,3063.84889510808,3003.18109893849,2575.20304032471,2014.15470898845,1870.79875204692,2643.46228815026,2858.65830716807,2788.05837343811,2983.40761355218,2387.15883175619,1181.98346334918,1229.90033399185,2428.00615694949,2447.79188123179,2485.31795541308,2664.53685352715,2407.90068256942,1559.94385300153,1762.83651648045,2555.22363053755,2597.20849825891,2555.89960651627,2666.95695802433,2369.22563834707,1014.97969412455,1066.75751007176,2388.59411332235,2418.99084260944,2500.98279469673,2577.34900787858,2363.79792490343,1354.921492841,1278.22063834623,2417.79160105297,2470.25161786908,2410.65743579165,2483.3060868791,2345.75136459816,583.532767138719,871.880295475068,2388.64001494745,2463.42887556574,2402.02059054916,2452.30431889272,2305.95830651318,875.513710298436,1060.25682192792,2351.97840959258,2401.79701150455,2397.16140724719,2395.28001820664,2334.94834479499,624.951145301628,867.717367030901,2395.22713605275,2382.41609531506,2401.20291716047,2424.78027340102,2305.89791131437,982.157389133413,1057.37787714723,2337.48810911417,2369.25601813921,2329.91038204381,834.052598405197,732.255552023539,289.718693884513,523.765026251116,2273.90463247546,2368.9573484389,2357.19859932527,2393.42757864571,2321.44923649729,1013.46046017653,1179.6196389011,2433.85977690353,2513.39143035678,2637.78821375947,2592.89907212505,2363.1074691348,1012.75726363185,1396.12481676238,2407.14522440178,2468.79642412115,2513.81646564808,2426.87657785274,2304.92764234545,1099.09990748517,1309.21660039452,2417.30786079701,2433.43107774579,2445.23014192825,2500.59172694526,2338.15624969621,1265.98455010591,1521.87005194141,2480.40961619662,2663.76613164566,2735.31070973025,2690.37006893818,2403.89739511096,1073.57454373755,1193.82140682517,2448.71743702933,2860.54359554902,2739.96841631039,2905.24145601472,2473.31015069556,1488.01237490009,1529.10089343571,2383.02666178288,2385.03379054387,2384.48327225072,2346.69835690297,1730.28903779367,413.20292608658,297.240024603881,253.886874429752,102.309529497192,100.463491751107,136.840502934343,152.092138468656,102.77533132504,130.101942866604
3030.38698369213,2934.89137876761,2910.63253931797,3163.14668290142,2142.1544826987,2217.25163257685,3068.27941051323,3101.58910539433,3069.04710299466,2874.44334958342,2443.68088763299,1571.79880327073,1656.62926978781,2030.55311930063,2128.86095845946,1896.96910923402,1895.2423057993,1761.25980647286,848.351451700892,760.134314943061,664.556135758784,464.043180429578,134.58249558973,174.92746516173,270.483585509931,155.569769238729,323.468997779152,1575.85483205017,1765.19631729068,1732.36149586275,1864.02804009923,1446.41974181758,652.887808272727,1082.20521361264,2368.22866443058,2760.35668349256,3056.29296976411,2995.83950473158,2565.5599356708,1974.20660910903,1831.79360833516,2635.01726569084,2851.5759469319,2780.82065702019,2976.12546165177,2365.39164469114,1155.59730593434,1202.43343928235,2411.19939825515,2432.82273706542,2472.73705161161,2656.38140581955,2389.08462597385,1525.68253790439,1725.16008298479,2545.12067432719,2588.01628098784,2545.80491735834,2658.80624341522,2344.50079828623,992.53131488409,1043.0891884972,2366.94418262049,2401.26373487944,2489.10643543047,2567.72662102085,2338.18624145376,1324.73081265517,1249.70751647964,2400.00028265342,2456.89622881015,2391.96551681788,2470.6920066363,2317.54832371964,572.033218799701,852.969192376876,2366.98471226856,2449.28020564653,2381.40644070832,2437.33901882371,2273.60933675769,856.556211953858,1036.72812612354,2324.58646216762,2382.0870145708,2375.64778045274,2373.71058306607,2305.10078130818,612.45898354918,848.906244024382,2373.62075179048,2359.77450828171,2381.45485093169,2407.89550019344,2273.54269673147,960.517315913048,1033.91072014439,2308.24213859054,2344.53537747323,2299.83175113498,816.089877291546,716.893885549692,286.005894187138,513.831848482017,2239.32392905463,2344.20290741667,2330.57487377749,2372.63388622942,2290.45733427297,991.046229784605,1153.27814202992,2417.93594418931,2502.10377053563,2629.33826076653,2583.68957133436,2337.40538606788,990.359123704391,1365.07017439181,2388.2825005577,2455.43406270009,2502.53222042893,2410.04018900345,2272.45711920406,1074.65144481339,1279.99130334639,2399.52770434465,2417.45603836864,2430.20714038986,2488.72299300626,2309.01258206714,1237.695871171,1488.31117717254,2467.75515082494,2655.61249992106,2727.85041550288,2682.47251868506,2384.27352766532,1049.84731161307,1167.20289214553,2433.76567175049,2853.45620129834,2732.50108519119,2898.13513108863,2460.00794152127,1455.13979516587,1495.43804841793,2360.43313054203,2362.56716463508,2361.98635355433,2318.62228377552,1693.15187611598,406.197832290122,293.327552320842,251.140124958194,103.657083909624,101.861050432225,137.252482188738,152.091242863564,104.110271162279,130.6964134801
3030.18837681226,2934.98228921892,2910.7950573081,3162.29081005051,2137.8029509993,2213.22046480577,3067.42096340829,3100.72287145705,3068.18939151683,2873.63675205567,2442.10404078248,1567.61274193884,1652.30630650169,2025.98577301353,2124.47988841028,1892.38881057696,1890.65887817533,1756.78228506973,845.79821291306,757.819006799043,662.499458957364,462.540742384452,134.018560903473,174.247215279264,269.529079538447,154.94528021406,322.363576258512,1571.66611744048,1760.72047164723,1727.93164291355,1859.45786836947,1442.46127867787,650.861617352803,1079.05985752666,2365.82217213955,2759.52138937431,3055.4395411887,2995.00653472055,2564.47687152494,1969.59986093197,1827.24606976434,2634.06414291049,2850.76907700561,2779.9973231282,2975.29818522062,2362.96537305472,1152.27186109704,1198.99925289825,2409.32716310471,2431.15453398202,2471.33253124539,2655.45954649873,2386.98884608829,1521.57568145513,1720.72862207824,2543.98755317521,2586.98220393163,2544.67268951339,2657.88489429409,2341.74053309234,989.605020443064,1040.03924124124,2364.53088520276,2399.28909095904,2487.77931809621,2566.6457826343,2335.32497963675,1321.02421827526,1246.16879195804,2398.01854915223,2455.40643703503,2389.88336286888,2469.2838823203,2314.39024798998,570.230083468526,850.40422553557,2364.57081042119,2447.70286225274,2379.10915136791,2435.67128314987,2269.96955336645,853.987173554334,1033.69210860059,2321.5217406677,2379.89127818389,2373.24941757118,2371.30608795914,2301.75174211155,610.554864703041,846.3514425429,2371.21207173225,2357.24957729595,2379.25490382243,2406.01478554428,2269.90219269346,957.673535941749,1030.88083652985,2304.96410961542,2341.77555476141,2296.45710656129,813.622009389635,714.693124449954,285.007039078761,512.190213516375,2235.41972430436,2341.43933164175,2327.59834634611,2370.31694109563,2286.97672123515,988.123369054746,1149.95704441056,2416.16205116141,2500.84126058445,2628.38462458538,2582.65365428386,2334.53403345413,987.437885991545,1361.27777144739,2386.18155291704,2453.94355651456,2501.27007479481,2408.16473753438,2268.80332568069,1071.52213387091,1276.38072921042,2397.54727020711,2415.6764540483,2428.53307344751,2487.39672396767,2305.74613863282,1234.17887426945,1484.27239653188,2466.34267163148,2654.6908279668,2727.00329511724,2681.57843518881,2382.08723256492,1046.7929081409,1163.85464951895,2432.09934493979,2852.64885895489,2731.65325852181,2897.32588318359,2458.52392095098,1451.16873353946,1491.38975986902,2357.91349935588,2360.0615578965,2359.47740952126,2315.47827300249,1688.77146071612,404.858597738433,292.308067924435,250.241323356175,103.182457046663,101.391606385852,136.680881595835,151.476852969973,103.63433687593,130.143727029454
3026.37544192021,2934.86586047379,2911.59757309206,3150.41256738348,2077.49336409769,2156.54893293131,3055.67453678491,3088.84162512696,3056.44970245035,2862.41464846275,2418.56020948884,1514.39314407532,1596.56235609945,1963.7854194093,2063.89809435556,1831.18265997127,1829.42599260118,1698.10679033877,820.002117268251,735.847873065483,644.682414817129,453.579801273629,139.942901432023,178.33221676213,269.272292860208,159.912238860578,319.713078385476,1518.37614935662,1702.03260123494,1670.13206689389,1798.67137037849,1393.29792551057,633.538454114622,1043.597098772,2330.42993554415,2747.59911714885,3043.76124127447,2983.58975114218,2548.40093970206,1907.36835425842,1767.0379016978,2620.08209174689,2839.49263977865,2768.30904003984,2963.94721252058,2327.28297019112,1113.84558685451,1158.7589378866,2381.50859654383,2406.281115009,2450.33874295679,2641.99592449118,2355.96141847921,1469.79030214989,1662.9705350671,2527.12453331182,2571.68485486443,2527.8246167149,2644.43426181148,2301.44946949962,957.750487062915,1006.14872492971,2329.0375897215,2370.00140349295,2467.94676664153,2550.60850622669,2293.66743834107,1276.19062147492,1204.16302982799,2368.62615291623,2433.14403972017,2359.06075239795,2448.23194951002,2268.76637903773,556.472896824051,824.416775865404,2329.06926967884,2424.16348326368,2345.26255165884,2410.81304766405,2218.10200516312,827.914228987525,1000.03748796399,2277.13228639594,2347.45135446912,2337.99343465063,2335.9567802612,2253.6597270439,595.146406156967,820.530444974523,2335.80572872399,2320.20433882158,2346.75328351012,2378.06281099265,2218.02514894891,927.160404041469,997.330256400039,2257.75091279574,2301.49162459143,2247.98843512707,789.204635721687,694.571309729107,284.047360685651,501.011218403021,2180.26263968216,2301.10137057366,2284.38077022188,2336.16328135433,2237.13070849691,956.326186026073,1111.60761044651,2389.74517084852,2481.97876062044,2614.38190622248,2567.31831313874,2292.7331838861,955.667658832557,1314.97953895687,2355.078546556,2431.66596194409,2482.41414425619,2380.29562927826,2216.75094145486,1036.33330497161,1233.18186980883,2368.17039308631,2389.17786949297,2403.56701884807,2467.57534756511,2258.69184936306,1192.56071709441,1433.6992012024,2445.21843502076,2641.22864074792,2714.83320497542,2668.59298261262,2349.79004428862,1012.78537106346,1125.03093102444,2407.2563116242,2841.36714849399,2719.48091365644,2886.10796841886,2436.35446434856,1401.76474067998,1440.6300820112,2320.94612988611,2323.30013256447,2322.66648445131,2270.05760366148,1631.95931689998,398.492407035652,291.020300615795,250.865675218797,110.518466958295,108.809555213484,142.483872887899,156.603235424965,110.949675440173,136.245764185528
3020.82963680219,2934.14228631569,2912.07419215928,3134.41012242777,1995.14921399597,2078.87495890808,3039.83265585751,3072.83470875273,3040.616354578,2847.05475049312,2385.55907504479,1443.08636863459,1521.65739451092,1879.22538289448,1981.22874574881,1748.32497172826,1746.53727857956,1619.00398103609,787.149159744269,708.313041074137,622.922268830082,444.117748382929,151.119745175352,186.960349703976,271.882741330429,169.762525133314,319.004545961495,1446.96407109687,1622.90214496912,1592.27728793746,1716.46579010374,1327.74003875286,612.46604751669,997.262581193348,2281.19693392999,2731.08789630589,3028.00137172689,2968.12687634168,2525.84198990194,1822.92411480683,1685.69411019698,2600.52300409563,2824.02217179193,2752.15628522089,2948.55266705169,2277.64883143126,1063.37156146937,1105.74440280065,2342.62624360209,2371.44738249039,2420.873990183,2623.18757453173,2312.6756606921,1400.52173715855,1585.19132952704,2503.44869623674,2550.23523020853,2504.17051976899,2625.64763325934,2245.56840998375,916.456892872694,962.010940530774,2279.66421179997,2329.10350390057,2440.10048135083,2528.10653011584,2235.94460995028,1216.73032298684,1148.67036077575,2327.58306398183,2401.91649863552,2316.06059282492,2418.6837809288,2205.71558248015,540.352929110575,791.296976329026,2279.68481037609,2391.17706004865,2298.14433333465,2376.00671226031,2146.73326050545,794.670060115008,956.231000655683,2215.73488351678,2302.23764606414,2288.95961527429,2286.79195141858,2187.32737998546,576.722976089957,787.642923505437,2286.56397417514,2268.72275506199,2301.45428921319,2338.99124690859,2146.64369024034,887.736038213805,953.66992928516,2192.56987120388,2245.62063518475,2181.13381974055,758.27037866255,669.60991311801,285.683376634094,488.470796565971,2104.5603392762,2245.15620731202,2224.55479877184,2288.6093876689,2168.43982405864,915.112928153733,1061.24233998518,2352.78040324488,2455.4842318144,2594.78527549852,2545.80915435957,2234.81442709655,914.492119937437,1253.45925433303,2311.68834345789,2400.4147044959,2455.92941816965,2341.34168384193,2145.13472239497,990.384077788197,1176.01969336576,2327.14700002571,2352.10104090211,2368.60152891848,2439.74367475271,2193.72586772079,1137.61748868848,1366.14840882149,2415.56556770133,2622.42118776401,2697.92927510025,2650.48760698277,2304.77579251461,968.472720432549,1073.99577724597,2372.46611116699,2825.89153257362,2702.58044678507,2870.78788089468,2405.26008035129,1335.86188900102,1372.81086274092,2269.57216262271,2272.21103418421,2271.50868617081,2207.28589622515,1555.52965587484,392.629857048675,292.201152936778,254.697165230945,123.651242067164,122.055864812141,153.492530678684,166.674349275486,124.053807958823,147.668785008648
3019.75749665325,2933.95368629474,2912.10547079687,3131.41022700784,1979.41396657025,2064.0097611614,3036.84243333625,3069.82110887405,3037.62787658437,2844.10346403913,2379.13476938077,1429.46952421435,1507.35938553151,1863.084922409,1965.43388097295,1732.51586346546,1730.72250245526,1603.9105802195,780.788070620177,702.953478790958,618.650159882782,442.160927592899,153.046931744041,188.40797773028,272.198026245762,171.440113012803,318.695234522684,1433.32712357652,1607.80319251837,1577.42018567128,1700.78186419431,1315.21037027774,608.323504384289,988.360726733279,2271.68509406784,2727.88449034199,3025.02363816525,2965.18976812856,2521.43267639475,1806.81051462907,1670.1745709729,2596.70374283825,2821.04327707487,2749.02710642191,2945.6232965143,2268.06024146901,1053.68927297669,1095.58286896303,2335.0803909159,2364.67321485518,2415.12783622737,2619.5172275,2304.29135304547,1387.29053771578,1570.34905233652,2498.82139478196,2546.04312077329,2499.54754856768,2621.98211448065,2234.7983515819,908.50544604472,953.523266031161,2270.12541413931,2321.17393696618,2434.66582116562,2523.70868112028,2224.82707853799,1205.35230348209,1138.04112005828,2319.62564568495,2395.83181105154,2307.731261648,2412.92119207331,2193.5940294901,537.142778453544,784.885598310038,2270.14393667081,2384.75716169171,2289.03506555685,2369.23901615229,2133.04838788553,788.235034241115,947.805861029803,2203.92458849347,2293.48750339283,2279.48772250417,2277.29467363356,2174.59037456655,573.078734846518,781.275327298427,2277.05219849166,2258.78483234319,2292.68782471177,2331.40849823694,2132.95642267719,880.136804208637,945.272380409821,2180.04713026069,2234.85251519695,2168.29651564353,752.270705762273,664.735086669366,285.815291691932,485.934513623239,2090.063495957,2234.37396750598,2213.04038144198,2279.41495294778,2155.25733431625,907.176637020633,1051.58061384538,2345.59874788059,2450.30960206517,2590.95723082369,2541.60446273603,2223.65968009276,906.562942789402,1241.69226763298,2303.28404544514,2394.32505681493,2450.75677892948,2333.78189206169,2131.40325551171,981.554973700768,1165.07555496318,2319.19311240162,2344.89806551173,2361.80158899421,2434.31166517097,2181.24378004134,1127.09215610971,1353.24205199712,2409.78221843008,2618.75079568349,2694.64185800521,2646.95849447794,2296.06410580878,959.951684447929,1064.20745462345,2365.70049494274,2822.91215915051,2699.29499260936,2867.85083965548,2399.20158851266,1323.26684564268,1359.85359876927,2259.65481201007,2262.34821947148,2261.63269044275,2195.21745584027,1540.94292584901,391.350512883091,292.247398391692,255.242202155557,125.946442634084,124.372427440343,155.388069982692,168.393483376985,126.343619264564,149.642288983358
3017.83330329556,2933.42536974596,2911.92502842167,3126.45854038092,1952.90980351124,2038.86362979873,3031.89290874872,3064.84170600238,3032.68109759966,2839.11966639239,2367.98392570168,1406.98531593672,1483.6805543067,1836.02662446356,1938.84570517641,1706.13209111623,1704.33110099257,1578.83045211484,770.819458141335,694.697089911253,612.252532676178,439.716319915007,157.222781942237,191.76694983249,273.627679643261,175.190816767046,319.060226940404,1410.8060182312,1582.71005140495,1552.75433561697,1674.63530573307,1294.62205630042,602.147748347785,974.034232984519,2255.32033678592,2722.39721996456,3020.09020042737,2960.29821388492,2513.76688735209,1779.85172044724,1644.32859493194,2590.08619627003,2815.99810597217,2743.68033189533,2940.73543187214,2251.56448589886,1038.02198529096,1079.08998810142,2322.0260997792,2352.92733534799,2405.13874520019,2613.16718881535,2289.81835022214,1365.48066702671,1545.7145825269,2490.77232891145,2538.76092066663,2491.50629704913,2615.64182479466,2216.33243450605,895.812053741791,939.908536824087,2253.71438445908,2307.47056630918,2425.21345366222,2516.06385138855,2205.78560611063,1186.75938602502,1120.7406059424,2305.87456507932,2385.26143097857,2293.35303460667,2402.90285901371,2172.89604047057,532.55912721584,774.830740711716,2253.72948583579,2373.61729085581,2273.34937925384,2357.50677983986,2109.79629289976,778.137872967184,934.299175538892,2183.73837939106,2278.39945225132,2263.19544766312,2260.95828551035,2152.88974848705,567.750380492011,771.295610208101,2260.69178833406,2241.70652744526,2277.57191544705,2318.289377425,2109.70039059543,868.046994220615,931.813379108202,2158.68892034895,2216.38997957205,2146.42403067412,742.920579479042,657.30815924587,286.932434541767,482.501160425081,2065.50256624583,2215.88753241891,2193.34129203597,2263.5794922736,2132.82040591329,894.50935979513,1035.94913488784,2333.15835066458,2441.30515256246,2584.32109823815,2534.29799961138,2204.55551637831,893.90790996917,1222.42629828364,2288.77693221872,2383.74514885054,2441.75601059977,2320.70314527026,2108.07457844607,967.354367908695,1147.23303101272,2305.44738325977,2332.42162070023,2350.01027719346,2424.8634879359,2159.95324070487,1109.97287432823,1331.99858380161,2399.72659527042,2612.40023675496,2688.99115112356,2640.86603802069,2281.04251284057,946.275804226257,1048.35597624747,2353.96980339682,2817.86707147895,2693.6503164591,2862.90517986928,2388.67774833081,1302.56323264729,1338.51998960706,2242.61160144521,2245.39815851647,2244.66002841966,2174.609403855,1516.75704036068,390.06131733113,293.218424297835,257.063241073639,130.749106810148,129.211477746837,159.509999750658,172.214928829512,131.137103743846,153.897018307497
3013.23112205798,2931.66815099535,2910.87806061832,3115.71502698021,1893.71140018332,1982.40603269271,3021.09058753926,3054.00689090318,3021.8846145093,2827.92706910697,2342.11284519974,1357.88403007771,1431.80358825799,1775.92873360861,1879.50311974229,1647.83370415144,1646.02071089926,1523.68171895811,750.272556296278,678.017304109117,599.769873671805,436.148071940527,168.555723150253,201.262720447151,278.783099020631,185.567647259874,321.819304083052,1361.61491267812,1527.52293610815,1498.56788059483,1616.93203694471,1249.8989047371,590.167137820996,943.60815437923,2217.79146917766,2709.84620515219,3009.30749368145,2949.52285181689,2495.92615836082,1720.11511923708,1587.35432482542,2574.74085016887,2804.62371792597,2731.48823653121,2929.93846850102,2213.73874601072,1004.55066095174,1043.73778375225,2291.87223682693,2325.71385357596,2381.91272970649,2598.46701026805,2256.48440274532,1317.94119355185,1491.61441124387,2472.0304659493,2521.8268618595,2472.78338337579,2600.96824451828,2174.17138866941,869.095854683894,911.099546254598,2216.07989768838,2275.86231156846,2403.21832710556,2498.27470015625,2162.3687786679,1146.61154180088,1083.54353048944,2274.1576795556,2360.70809059506,2260.2365663979,2379.6070933842,2125.88280651555,524.169325069355,754.088348179484,2216.08759737518,2347.78146006907,2237.33741359653,2330.33207448623,2057.3065525495,757.295095577966,905.737140141656,2137.8314304398,2243.6981472343,2225.84357804663,2223.50414179444,2103.73562647675,557.672009998414,750.72367943212,2223.18522860905,2202.59894289069,2242.80747302752,2287.98323270993,2057.20213965875,842.697735998014,903.360372933356,2110.24686792719,2174.23678798634,2096.87834981922,723.772119143275,642.503687997019,291.384595892238,476.704774281488,2010.25471695876,2173.68075472553,2148.48897128534,2227.21514304144,2082.06311740169,867.85267326101,1002.5603797265,2304.37363068888,2420.33677075238,2568.92289877603,2517.30069897556,2160.99896311934,867.27909104586,1180.73745012774,2255.36569702139,2359.1671132452,2420.79680299817,2290.49194938346,2055.41936201921,937.216528402193,1108.80230566758,2273.74069356096,2303.55618743763,2322.68963171613,2402.87686558212,2111.65976950041,1073.19438866656,1285.76688648137,2376.34091206867,2597.69752854572,2676.00995249813,2626.79809152836,2246.49417328258,917.318160077618,1014.46111827507,2326.79245417774,2806.49570959041,2680.69093784708,2851.84095260781,2364.23520955229,1257.57057320358,1292.07670228344,2203.58348090635,2206.58133799738,2205.79169224225,2127.79789491671,1463.70019243352,389.095282409522,297.34147441456,263.098962862364,143.491605281678,142.035804113577,170.721640054634,182.750785033315,143.858957861242,165.407313204656
3011.89050835441,2931.14417801536,2910.55789001257,3112.6002159898,1876.40716388602,1965.89889170279,3017.94487120781,3050.85643941291,3018.74071730476,2824.64136915699,2334.50260791908,1343.48995962574,1416.60755135135,1758.36053906872,1862.15673917653,1630.78338212385,1628.96685726875,1507.54046258348,744.130880037063,672.993289800464,595.958895198587,434.913476841083,171.627681756631,203.803728869542,280.069721875592,188.36328597914,322.413366089975,1347.19492105004,1511.37066264314,1482.70468821993,1600.05328182131,1236.76997258055,586.50126059032,934.611208702724,2206.78561263355,2706.15016098018,3006.16582588482,2946.37497799858,2490.66606549483,1702.6500552072,1570.68595928638,2570.2155150518,2801.28207327505,2727.89929571408,2926.78160225386,2202.64625586152,994.673577818744,1033.3170999612,2283.01356320035,2317.7121741126,2375.07496365387,2594.13211320691,2246.69915089882,1303.99840941621,1475.7760271181,2466.50568067933,2516.83335151204,2467.2641988931,2596.64140822532,2161.8181975413,861.171131712682,902.569969781248,2205.0431795068,2266.57989950889,2396.74046458097,2493.02989385249,2149.650609839,1134.80486872016,1072.58966773092,2264.84353621844,2353.48249902281,2250.51490527572,2372.74877662584,2112.11954472684,521.541241342836,747.890171072204,2205.04873619331,2340.18223288477,2226.77368252621,2322.34227727051,2041.95224212396,751.067917561544,897.278935438268,2124.38960469532,2233.51494265301,2214.89016818017,2212.52075346126,2089.35099715084,554.555928522675,744.57476906111,2212.18661554675,2191.1337438401,2232.60584092633,2279.07984623927,2041.84535538145,835.16808657731,894.933678420795,2096.06840291795,2161.88588922525,2082.37927381468,718.034617184956,638.021671508193,292.467972434606,474.826221281013,1994.0991177271,2161.31424590542,2135.35354591417,2216.54781706167,2067.21204299162,859.945150307143,992.707157782018,2295.91349237761,2414.15904563821,2564.38142957061,2512.28821794701,2148.24011573313,859.37962224475,1168.48541883317,2245.55788547915,2351.93414103009,2414.62180307052,2281.61645169145,2040.01696478195,928.302884815254,1097.49188761209,2264.42943592503,2295.07254089706,2314.65645078096,2396.40142136317,2097.52450952059,1062.36148417569,1272.20200983653,2369.45605817868,2593.36179163358,2672.18444091751,2622.65051600369,2236.35571929238,908.745691054526,1004.46163933724,2318.80140685312,2803.15520351567,2676.8724015916,2848.5957919442,2357.04224592261,1244.36378226524,1278.45070520071,2192.14146077839,2195.20099390613,2194.3963009845,2114.09338339029,1448.16326159933,388.612752540417,298.329734500761,264.639997316058,146.970931304879,145.538778728046,173.758542038448,185.592382556681,147.332317581443,168.530527587937
3007.883344102,2929.02344117849,2908.90919665619,3104.48855792465,1828.83097901159,1920.17715394742,3009.63153921055,3042.58436459114,3010.4324190398,2815.50421288605,2312.34832213047,1305.00146743604,1375.82914958011,1710.42812647591,1814.51265464456,1584.56898988587,1582.7482304605,1464.04652488721,728.656245857294,660.593139878802,586.894529013437,432.921267331489,181.425377432869,212.149462535118,284.983720829065,197.405399347453,325.431336055337,1308.62817829302,1467.83687533468,1440.00455262633,1554.37410242812,1201.86595925266,577.837076719465,911.242010326426,2175.32212404442,2695.57780539359,2997.83967066607,2937.90704991926,2475.25843423057,1655.1457743674,1525.63916945431,2557.01862460778,2791.93150187821,2717.67937464984,2918.24648863622,2170.94027534762,968.864648777407,1005.99508729201,2257.40341928227,2294.46993097659,2355.09833940859,2581.5184702073,2218.53884146964,1266.79333582561,1433.16049441762,2450.31550696696,2502.21980247362,2451.09130819513,2584.05629972322,2126.7405980006,840.774896303929,880.496860727933,2173.49234141104,2239.80421656567,2377.78962123392,2477.67033911919,2113.60969415291,1103.61284975321,1043.77831670108,2237.97837128162,2332.40770167201,2222.53598001601,2352.71013283493,2073.34105900161,515.726316953414,732.259342250774,2173.49234387295,2318.07264358636,2196.52175538555,2299.1438607885,1999.08557793052,735.35206739521,875.40535511109,2086.44745693929,2204.27346697477,2183.59019741894,2181.13388406746,2048.98857508249,547.391465931685,729.080289909964,2180.75959924083,2158.43122719584,2203.3127711329,2253.33771909241,1998.97225044944,815.86271890232,873.14822935038,2056.20751040057,2126.81491555126,2041.69358468445,703.673511496994,627.114587499672,296.825699768429,471.068084438029,1949.22914629717,2126.20030528871,2098.21039696378,2185.98907174833,2025.62037182127,839.59680859167,966.965707631578,2271.39116670963,2396.06285847558,2551.12515427199,2497.61073124547,2112.08824406834,839.05366880847,1136.04553517894,2217.33442620446,2330.83467862967,2396.53432232543,2255.95679871508,1997.02523403389,905.16710121706,1067.68929813671,2237.56991988538,2270.48564563512,2291.32063016801,2377.45603951941,2057.77878991084,1033.89291893186,1236.06744567494,2349.33617236226,2580.74396730955,2661.17055515415,2610.62415366352,2207.24247392162,886.543335679523,978.307836777191,2295.59110707979,2793.8118000874,2665.88906994387,2839.62868589863,2336.06564084524,1209.23577269811,1242.13938499908,2159.50371195318,2162.73615042674,2161.88896686573,2075.47663821035,1406.40963774085,388.681263863409,302.426804589262,270.249801741112,157.882459407506,156.51497180308,183.460333349966,194.760095395317,158.227530963786,178.468337895079
3006.61767738319,2928.28606197828,2908.30412677433,3102.06348098251,1814.22645064391,1906.09813121065,3007.12074328358,3040.09601069433,3007.92326271527,2812.67129546562,2305.36544691594,1293.29448130739,1363.41450759251,1695.75882669978,1799.89314928758,1570.45811362733,1568.63671047553,1450.7907548082,723.996796333713,656.870025725394,584.187195459462,432.365883728098,184.453513524142,214.736480194845,286.527966747634,200.203990119968,326.399283780197,1296.89652004761,1454.56782640439,1426.99409218253,1540.43383842417,1191.26344819647,575.251747633369,904.173266969571,2165.49358443507,2692.25950980749,2995.32095537768,2935.32438575159,2470.38146986539,1640.62408069991,1511.89798977115,2552.84607403904,2789.02420645078,2714.4774968532,2915.6363702287,2161.03690689118,961.050568304014,997.717999770625,2249.35952195826,2287.15242425692,2348.78963975125,2577.53315484672,2209.71401478762,1255.48236984066,1420.17775912354,2445.19108952336,2497.59475775728,2445.97245725381,2580.08068161413,2115.81813474863,834.61448375007,873.82413870658,2163.63670893817,2231.40349889134,2371.8000630188,2472.8089791635,2102.39778861134,1094.15004829904,1035.04485101955,2229.54994396667,2325.75833633395,2213.76760275628,2346.38164342394,2061.30936819612,514.008040376362,727.552227562111,2163.63506028431,2311.10565566184,2187.0636789078,2291.84148403399,1985.84013625121,730.618415376941,868.793794940252,2074.66546014733,2195.1195363523,2173.81458375512,2171.33102134149,2036.48863547943,545.261315355806,724.414803207204,2170.94468114302,2148.22670683183,2194.14291615564,2245.25211995541,1985.72488473012,810.035040511557,866.563689133184,2043.85235767636,2115.89452220028,2029.09343510147,699.353401220211,623.846451256363,298.200886760264,469.975573324183,1935.39626436914,2115.26675565271,2086.66716330803,2176.43385616509,2012.75104204723,833.451053902147,959.172404765041,2263.6790607021,2390.33906302578,2546.93215554797,2492.96435731826,2100.84250194117,832.914761315434,1126.19988233282,2208.49010886035,2324.17712224738,2390.81337034897,2247.89728123515,1983.74245553985,898.169971394607,1058.6526529599,2229.14289399538,2262.75378788284,2283.97346874681,2371.46797304775,2045.45840043836,1025.265083973,1225.08630948706,2342.98160861649,2576.75708087232,2657.70420596864,2606.82923592528,2198.12853245153,879.829893758117,970.387716596446,2288.28376905377,2790.90735412561,2662.43383804539,2836.8568773674,2329.44756667571,1198.56384355593,1231.10336560055,2149.3191585937,2152.60499321146,2151.74464529369,2063.49446751843,1393.69340276433,388.752462467033,303.722732403656,272.005449403333,161.2489651858,159.90112263993,186.459328207348,197.596833999504,161.589080320389,181.539035423879
3006.46952876573,2928.24800808529,2908.29349662221,3101.67559846517,1812.15070130216,1904.13060019835,3006.73254910716,3039.70556400176,3007.5352928397,2812.28079383638,2304.49585030808,1291.52222886352,1361.55018846764,1693.63710388601,1797.81049951344,1568.38644946446,1566.56440988554,1448.8185680287,723.1932596374,656.19931794137,583.660691379331,432.146143207197,184.747745464395,214.967284155247,286.608974584343,200.465210433593,326.397637926099,1295.12145746721,1452.59470432399,1425.05383788543,1538.38009214381,1189.63752650885,574.742448511846,903.03193673844,2164.216549809,2691.8302699703,2994.93401784644,2934.94074897295,2469.78330534586,1638.50893953119,1509.86715756746,2552.32931056359,2788.62901191605,2714.05910115966,2915.25304393403,2159.74965234675,959.805351788992,996.408860024523,2248.34130539704,2286.23638379052,2348.01063292694,2577.0371409473,2208.58496983357,1253.76212788377,1418.23981211101,2444.56313032138,2497.02639784909,2445.34510401124,2579.58541778452,2114.37656657022,833.599681957186,872.737952809069,2162.35606683248,2230.33457492133,2371.06287629942,2472.21243781132,2100.91107575657,1092.67839608249,1033.67321700787,2228.47729927097,2324.93401605351,2212.64594166773,2345.60036583483,2059.69260260743,513.622288910336,726.742005516342,2162.35414999925,2310.2368932558,2185.8397421898,2290.92649274952,1984.02236649326,729.804949211339,867.715968279771,2073.08890689575,2193.94239594672,2172.54317071714,2170.05617351089,2034.79294407323,544.817844602833,723.610404635729,2169.6679500058,2146.89382741006,2192.96360220722,2244.22886402751,1983.90680553777,809.06703480368,865.489551465261,2042.18372441349,2114.45321644833,2027.38433747802,698.597832915574,623.240075723905,298.257632178345,469.6790922126,1933.47513084015,2113.82358325815,2085.12887036891,2175.19827182521,2010.99753361117,832.438274000522,957.929953116082,2262.70882201215,2389.636774823,2546.41396717812,2492.39412599678,2099.35088836653,831.902929674455,1124.6761767699,2207.35840223625,2323.35206811085,2390.11136689064,2246.87716362875,1981.91866741266,897.038377137781,1057.23904284677,2228.0706740907,2261.7807332358,2283.05389719309,2370.73111569991,2043.7950697614,1023.90743739707,1223.40978589967,2342.19743877626,2576.26102870786,2657.26235777858,2606.35317675506,2196.95656813581,878.739049516267,969.128269278512,2287.3689076584,2790.51216401128,2661.99244591468,2836.46927350048,2328.62686056771,1196.92904901913,1229.41991244979,2147.98901678237,2151.2821181434,2150.42000810238,2061.8847247536,1391.79001988301,388.622409286445,303.76813588992,272.116846574926,161.591868365618,160.246851123268,186.749373637895,197.863547712736,161.931270719379,181.839392414442
3003.16703089949,2925.76935674456,2906.02248488065,3096.49787477375,1777.65377612928,1870.50879547541,3001.17390068694,3034.27562462017,3001.98105934961,2805.40511880778,2286.52891311801,1264.83757520602,1333.14218040359,1659.36703288702,1763.32802748132,1535.7093279647,1533.891367246,1418.34578007708,713.127264249154,648.297416030992,578.105363641924,431.548484975845,192.371986404123,221.581167051608,290.832897129045,207.563750073653,329.299290965101,1268.3725721148,1422.08140907801,1395.17841319642,1506.16263624294,1165.61516357637,569.470200399603,887.354832828149,2139.60711892674,2683.44011367084,2989.32512894388,2929.01843519309,2457.09235700043,1604.72807753308,1478.16547564111,2541.51850988831,2781.50523222483,2706.01205567305,2909.21132020774,2134.95971761143,942.385841258153,977.90047983976,2227.85919466295,2267.47117957942,2331.68784510317,2566.73704983008,2186.26844453392,1228.03684453351,1388.44529886298,2431.22655614048,2484.99921892145,2432.02385389024,2569.31591574324,2087.30429132206,820.046805436371,857.987211166516,2137.68015324698,2209.01510606006,2355.53121870872,2459.56538025233,2073.20525808043,1071.3689204641,1014.08613231608,2207.09020006683,2307.77484370731,2190.46949373468,2329.22454076505,2030.21615570981,510.348121878112,716.565025849483,2137.67476748788,2292.3251307415,2162.09563368145,2272.21068074903,1952.0151719988,719.56112940677,853.109961412468,2044.14525550158,2170.86918961873,2148.08138061287,2145.5251246487,2004.35718059273,540.584277887248,713.530512616993,2145.11058210704,2121.4298882772,2169.8519578917,2223.63820602193,1951.89549682264,796.287533654692,850.947527137444,2012.01448977489,2087.38614791623,1996.70319351553,689.317953850641,616.391989314532,302.093832283197,467.84585115196,1900.30733943089,2086.72561835494,2056.69660896603,2151.19987128051,1979.75337146991,818.919888231736,940.560402912396,2242.99519292686,2374.76286329343,2535.53670602708,2480.30254945053,2071.5667561531,818.400615522586,1102.45781566981,2184.99483610017,2306.16841896548,2375.24558903829,2226.35457293094,1949.83183317382,881.531289137097,1036.94017564891,2206.68415714519,2242.02087778947,2264.21081908636,2355.20149015262,2013.70327377384,1004.5750486243,1198.47934561591,2325.75053679895,2565.95489890539,2648.41979153858,2596.58687551216,2173.98325719209,863.882545660879,951.455060703011,2268.63077631559,2783.4003005849,2653.19022887575,2829.81025249603,2311.55123647769,1172.73597607862,1204.35361811502,2122.5730908969,2125.99532365213,2125.10102849839,2032.52455032146,1362.64570589152,389.464319330217,307.422206098962,276.825059576228,169.990938461366,168.6909111051,194.306828318321,205.049374578246,170.318989500909,189.561061915231
2999.66295519498,2922.94109565685,2903.36518800414,3091.39961010028,1742.21648190888,1835.82783407,2995.6001656582,3028.86812710434,2996.41222948754,2798.24233334455,2267.46101744494,1237.74938266239,1304.2735863306,1624.30529090818,1727.92440672459,1502.37916864296,1500.56749144195,1387.33796289418,703.00508729961,640.367572580486,572.552261599791,431.0113832262,200.140005388946,228.329295611459,295.167893647057,214.801132071404,332.298621235998,1241.21648709679,1391.02873261725,1364.78775009741,1473.32365208664,1141.26722329185,564.204307627234,871.53141323033,2113.76108672724,2674.5708025122,2983.68608265057,2922.98731752301,2443.55723241578,1570.21947087684,1445.87077644279,2530.00017927189,2774.05764685004,2697.52275099854,2903.03416779781,2108.92709925715,924.789444763955,959.193582800085,2206.20905347489,2247.58171240284,2314.32668091662,2555.77058520234,2162.74171208684,1201.93790962897,1358.14315965886,2417.00436531214,2472.17290690851,2417.8182742263,2558.38403444791,2058.98177766963,806.38518304551,843.106626844826,2111.76494250473,2186.508690963,2338.99639476538,2446.07816633083,2044.25320801692,1049.80038903073,994.277002770977,2184.51355463067,2289.54323647576,2167.08912519122,2311.80640036611,1999.51462642391,507.104044485678,706.330091440704,2111.75617730443,2273.32124156008,2137.13310797237,2252.37762227212,1918.85150644492,709.256312033255,838.377335308221,2013.96739157895,2146.57506331208,2122.39614207368,2119.76686055447,1972.73028523638,536.365349135099,703.394279884798,2119.32619607402,2094.72126081099,2145.51808657895,2201.87265416583,1918.72778290934,783.411104506759,836.280324753596,1980.63089971483,2059.06909596335,1964.82112153642,679.9928743459,609.530605673562,306.037246201539,466.059368533553,1866.04244614889,2058.3769657854,2027.02216163058,2125.966347464,1947.32278183974,805.293449353255,923.015384128754,2222.1266693561,2358.91459859923,2523.94262281568,2467.40436916014,2042.53506829407,804.790555416837,1079.95903801187,2161.41946310718,2287.90959564595,2359.40625040298,2204.66146224507,1916.58989886319,865.88188308443,1016.40558551664,2184.10699241527,2221.10513892938,2244.23828682991,2338.66812452286,1982.39720885048,985.02810239158,1173.19845686914,2308.25561036296,2554.98125465824,2639.04361846026,2586.20251543226,2149.79376971356,848.890265547392,933.598254041221,2248.77031966996,2775.96717696605,2643.86140086947,2822.90022023181,2293.40926188003,1148.211059636,1178.93156325963,2095.9140285814,2099.46987884711,2098.54214188344,2001.94192315266,1333.0157456263,390.382144785227,311.181533956694,281.648950450772,178.541020965881,177.28640551787,202.007414899205,212.374831759628,178.857614039671,197.427406064838
2997.11102620324,2920.74604456803,2901.26090335766,3087.94881988012,1717.16383395643,1811.20873785182,2991.74729876343,3025.15873229126,2992.56316827989,2793.09188795973,2253.53200673736,1218.80957320727,1284.07160198121,1599.61718420452,1702.90869394925,1478.97854556014,1477.17276289327,1365.61515800349,695.950881166703,634.837130790492,568.673428658321,430.614310903255,205.498047574148,232.981095581928,298.148225288973,219.791742156769,334.353380636884,1222.22747480234,1369.27202565772,1343.50248345143,1450.28260394255,1124.26294612397,560.525409843938,860.502469168839,2095.07888771131,2668.10508019642,2979.77679806189,2918.74862114377,2433.61661006209,1545.95676100281,1423.22357356998,2521.5456143948,2768.68413665409,2691.34539801145,2898.67489901084,2090.11231729134,912.522587209512,946.149559410545,2190.45786506146,2233.07150420461,2301.61559389915,2547.72548043528,2145.67114099545,1183.69810562586,1336.9240906675,2406.56132068844,2462.75232317952,2407.38759114168,2550.36566583056,2038.58935676923,796.865844207956,832.73613824698,2093.03325846496,2170.15572293986,2326.87863808284,2436.17342817095,2023.43151039903,1034.75021532029,980.460108155557,2168.11045028007,2276.20940641101,2150.1236825512,2299.05327018794,1977.50724880336,504.828713480317,699.197280933281,2093.02224044435,2259.44281438145,2119.0709414855,2237.91141965269,1895.20362602717,702.073376265628,828.110640501727,1992.31288522557,2128.96979489994,2103.83414595149,2101.15193762782,1950.11242240592,533.410359226556,696.330320222371,2100.69348137026,2075.44091538034,2127.88456738569,2186.03714668862,1895.07717080262,774.43874686666,826.059536684757,1958.16305983988,2038.68061129011,1942.0208168903,673.493203195689,604.743428788036,308.746273244377,464.795594307106,1841.68155335842,2037.96626888968,2005.7074549435,2107.70571543909,1924.15643722665,795.798738547174,910.784784503612,2206.92170717459,2347.28946096025,2515.42908624457,2457.92886345913,2021.65772512955,795.307298406037,1064.25549531736,2144.31431737548,2274.55504146102,2347.78783080085,2188.87893053402,1892.88927982393,854.975160629255,1002.08131475331,2167.70271298045,2205.86703577678,2229.66719964844,2326.55093686608,1959.9826576692,971.396416979743,1155.53641565891,2295.44552235417,2546.93035932502,2632.18913424492,2578.5930190989,2132.26384568712,838.438895841428,921.14796418405,2234.28146484408,2770.60553743864,2637.04469908433,2817.95051117551,2280.14148587877,1131.08088872281,1161.16887560574,2076.66885368474,2080.31974689513,2079.36812333524,1980.01810380858,1312.27352618163,390.993846582385,313.762915526373,284.9678512798,184.440562893138,183.217392008222,207.318750676101,217.426405481108,184.749222004746,202.853519035432
2994.71232153912,2918.5237032602,2899.08409333833,3085.0029556692,1694.53962669054,1788.84634223062,2988.34900949715,3021.9242257342,2989.1688382234,2788.29965617059,2240.36722359249,1201.97430584805,1266.09209388651,1577.4489119347,1680.33462856852,1458.05381159619,1456.25521143879,1346.25151087457,689.710332866588,629.939371207907,565.230698066084,430.233926664783,210.166972722702,237.031038334558,300.732637045042,224.138655803356,336.125720061566,1205.34623766828,1349.87496780695,1324.53550881968,1429.69832999031,1109.17332088188,557.25927152908,850.743605542838,2077.67738989154,2661.9890794561,2976.314324459,2914.92139656538,2424.14478915433,1524.21655742547,1403.00651311849,2513.48966512861,2763.66319196982,2685.51426825851,2894.71656668176,2072.59043192368,901.665586379508,934.60082753116,2175.65443130526,2219.38223028505,2289.5631885313,2540.06306978455,2129.68733699384,1167.49577458598,1318.02151380215,2396.6154599887,2453.77325226183,2397.45365601996,2542.73026432638,2019.69713714976,788.446407488784,823.561583858147,2075.58641557424,2154.814222758,2315.37270578913,2426.73650210327,2004.1722054703,1021.41140418605,968.221551826391,2152.72313395178,2263.58623305033,2134.23674922142,2286.96073236804,1957.2436359834,502.79727685586,692.887163304253,2075.57353811985,2246.3304274847,2102.22271271724,2224.26708085678,1873.58787710373,695.717078322297,819.028787588994,1972.34546675341,2112.51376640077,2086.54928997381,2083.81772335519,1929.35376004752,530.777273351598,690.08119733381,2083.34406768268,2057.51486652729,2111.40287544169,2171.15425088367,1873.45912421549,766.502924306636,817.018699234414,1937.51180763144,2019.79203601478,1921.09508939328,667.741997376409,600.501483585231,311.092713004159,463.653597665636,1819.50619551546,2019.05782817313,1986.02603126895,2090.66985127783,1902.92824434413,787.401229397736,899.96044356979,2192.60275645646,2336.23680510014,2507.31309265833,2448.89506617972,2002.34907603347,786.919972863346,1050.332123579,2128.29910418367,2261.91131114449,2336.7417467135,2174.04602030254,1871.2292681816,845.325648765174,989.391579928828,2152.31331879585,2191.51850517716,2215.92031807315,2315.04493288288,1939.37753151405,959.324925401522,1139.85509941973,2283.29825880245,2539.26181458536,2625.68398463544,2571.35378291107,2115.87747372976,829.188855449795,910.126169582413,2220.61250692218,2765.59742439958,2630.57912098125,2813.36740722666,2267.58125774103,1115.87658577669,1145.39559237913,2058.77467924811,2062.51199551527,2061.53852739141,1959.8291998516,1293.80365010252,391.499254186723,315.997259315989,287.849032711894,189.584011983828,188.388398249432,211.946725276276,221.826717234987,189.885717828825,207.582083404698
2989.81335296681,2913.63625157788,2894.20296629241,3079.69056172074,1650.28786140123,1744.83861284548,2981.99394674244,3015.95396775529,2982.82216448856,2778.76568458568,2213.46821286992,1169.63613886318,1231.50049601541,1534.35511801593,1636.21616724387,1417.56750723217,1415.78686187123,1308.9227468006,677.861278925369,620.654241832215,558.722898165426,429.560691642059,219.086900241104,244.776364074809,305.695661792942,232.447572262638,339.545865930388,1172.91470354952,1312.47485015854,1287.98799351659,1389.91258798731,1080.25416629455,551.089525008394,832.142993835001,2042.57468794735,2649.57543704895,2969.80756807489,2907.56728746213,2404.6888937256,1482.05378850233,1363.96507707435,2496.96826077218,2753.62426501545,2673.71097465941,2887.0613147939,2037.24992682794,880.952591051011,912.552270425495,2145.55172855438,2191.45393312861,2264.87494659815,2524.36402804636,2097.28981873678,1136.40063704276,1281.60992333307,2376.1862079378,2435.33329714079,2377.04940905579,2527.09013600894,1981.7793714426,772.422909788501,806.085383133223,2040.39328648262,2123.66609484691,2291.77997276953,2407.3543103581,1965.57663094238,995.897144108536,944.837043240517,2121.48390033572,2237.75951826837,2102.03352024255,2262.18917356645,1916.81482099176,498.980409612131,680.904626304574,2040.37712352292,2219.54799082334,2068.19242440564,2196.43757888244,1830.77417209674,683.642052296716,801.732246311788,1932.45130728502,2079.21114592317,2051.69235003565,2048.86058941515,1888.07041461512,525.805797566265,678.215814993281,2048.35894789131,2021.41472116144,2078.04953868204,2140.88856475192,1830.64126078856,751.406278958052,799.801678918253,1896.38070903207,1981.88161512496,1879.47884920289,656.828734729504,592.470344969558,315.603745422283,461.530774412628,1775.76954286981,1981.10879924261,1946.64984259614,2056.25364017653,1860.77676451003,771.420083208437,879.311330811149,2163.43312575727,2313.55191452154,2490.65984258551,2430.3370533187,1963.65849586433,770.958465167635,1023.68280471435,2095.83951364803,2236.04039222668,2314.07081142859,2143.88297942519,1828.33567440982,826.937371942453,965.136846067224,2121.06787720707,2162.29151214409,2187.87340448013,2291.45085138661,1898.3328364654,936.267683833412,1109.78028545626,2258.41237220013,2523.54889985389,2612.42808200634,2556.54762222093,2082.7150317546,811.559505974181,889.091754752698,2192.72626665693,2755.58784298499,2617.41194351307,2804.30049101058,2241.88502207135,1086.73044976196,1115.13815395934,2022.73736962516,2026.64565337007,2025.62871223794,1919.54553255965,1258.24506251496,392.510520057731,320.295093889461,293.375287981159,199.404258620408,198.260933322352,220.788911227563,230.236891821363,199.692770611451,216.615138609348
2989.38986418813,2913.33302786225,2893.92995256478,3078.99169682549,1645.73468594447,1740.41201549693,2981.2460039043,3015.22201093922,2982.07483424737,2777.85530818929,2211.13065948493,1166.06989401967,1227.7111882854,1529.81886429246,1631.66322770555,1413.22999708037,1411.44969611301,1304.86669157839,676.462868486286,619.539494384356,557.915767492475,429.403895197333,220.009681903734,245.56642684188,306.171831507646,233.301296847579,339.848415731638,1169.34027578645,1308.41381284579,1284.00926794652,1385.63316679299,1077.03337778643,550.319465082779,830.010437578996,2039.36221990178,2648.47429782371,2969.05354935289,2906.77488874445,2403.03715212638,1477.57668635725,1359.751435447,2495.55838406354,2752.682862707,2672.6533253078,2886.2542137721,2034.01383622846,878.592266517816,910.049813144977,2142.8839213006,2189.01169599853,2262.75213069393,2523.01962771717,2094.38069828388,1132.95872853189,1277.64124212659,2374.4511144868,2433.76711294534,2375.31627788334,2525.7495860682,1978.23998274673,770.568007473204,804.073903323834,2037.17214442706,2120.88811447739,2289.76017892876,2405.70817072251,1961.95260076413,993.029448428461,942.193951712363,2118.69708696802,2235.52759664942,2099.14263648056,2260.05953796724,1912.9534489338,498.472435453764,679.491694046754,2037.15551508015,2217.21731026235,2065.09399571918,2194.0015441672,1826.57047597015,682.220535392192,799.739630813659,1928.66157124425,2076.20205903315,2048.49876655722,2045.65802264701,1884.07881527109,525.172309873766,676.815581158986,2045.15286295754,2018.08906002833,2075.03542150894,2138.20674052795,1826.4370115426,749.652612225015,797.817401423503,1892.42626827228,1978.34290094491,1875.45520791595,655.533308812088,591.493657469223,316.029000172716,461.211839581749,1771.40652658711,1977.56602130483,1942.92878983061,2053.12238096152,1856.67703015243,769.569682468004,876.957493127805,2160.86667033185,2311.6177853222,2489.24163286841,2428.76272505381,1960.02413341722,769.11016326578,1020.69673744431,2092.9242362914,2233.80537563203,2312.13771774376,2141.20994192094,1824.12126773747,824.826957941559,962.400803127651,2118.28120829327,2159.71897247566,2185.42112308902,2289.43135755328,1894.38870009847,933.657638936673,1106.44152164997,2256.27362395651,2522.20375367558,2611.26976461362,2555.27139580208,2079.71893501555,809.534547277704,886.698451047731,2190.28751224564,2754.64791276364,2616.25863798114,2803.4170808908,2239.66384804132,1083.48761694805,1111.781874612,2019.41799424276,2023.34317037868,2022.32202766364,1915.69945090521,1254.36050678228,392.5426855729,320.696442751262,293.915070612733,200.428826351628,199.291411035788,221.702921197806,231.10208504767,200.71584721933,217.550720061173
2985.59823794681,2909.17489341602,2889.68293137702,3075.5909909371,1613.4587361878,1708.00367366121,2976.86772530777,3011.20851707713,2977.70387592051,2770.60527315299,2190.09688151257,1143.0778115701,1203.07446279066,1498.68617323967,1599.52422996292,1384.1824132351,1382.41958033594,1278.21925506334,667.990860190499,612.845703656521,553.147114863559,428.666641650683,225.868345236839,250.619161385078,309.314028742363,238.740786335155,341.929753086232,1146.27678774397,1281.70791902969,1257.93211113534,1357.1314295997,1056.51498286118,545.786307348432,816.815621668741,2012.47827061134,2638.78322208425,2964.53181134634,2901.46818430222,2387.66306910898,1447.22447352436,1331.8172189287,2482.51028429482,2744.99627809486,2663.46880504156,2880.67263805605,2006.95468263545,863.913760856364,894.427386673908,2119.52885528069,2167.22756597601,2243.36309781014,2510.6310371602,2069.37812974532,1110.86988427715,1251.67374014817,2358.31595781228,2419.19218028142,2359.20127358134,2513.41113693585,1949.43350185006,759.183984116385,791.669356384919,2010.22055614714,2096.78329749852,2271.19726228111,2390.39409344414,1932.70187825754,974.946391734986,925.622530987888,2094.52442547513,2215.28673063406,2074.28668360085,2240.60429577114,1882.52725503196,495.565544976197,670.926334506601,2010.20196418078,2196.28534697566,2038.97657529613,2172.30246371008,1794.71852121083,673.585887816572,787.46285692678,1898.57071715287,2050.56517656244,2021.81437276044,2018.89659745081,1853.16633085643,521.457708339807,668.332300498052,2018.37316944652,1990.51553335161,2049.36114360686,2114.72445525773,1794.58243382541,738.91552061043,785.597219260324,1861.55633617491,1949.541996461,1844.29394921489,647.712041615067,585.671698620931,318.860579644554,459.474767404708,1739.0849401594,1948.73741887045,1913.16494301065,2026.70231800668,1825.19354354071,758.215608962566,862.325109094965,2138.17081292688,2293.73840034403,2476.08037103781,2414.08883145443,1930.70631127012,757.769941663473,1001.80389702531,2067.87589414955,2213.52765195994,2294.26977820936,2117.80792112667,1792.21921080548,811.78363134388,945.215382459212,2094.1014892732,2136.98211267575,2163.54386027942,2270.86599442437,1863.57692815099,917.323061693317,1085.09073558901,2236.72673413786,2509.80278521601,2600.86905961195,2543.60880873113,2054.18838580002,797.013069660833,871.788956107671,2168.53665161422,2746.98797897138,2605.93626042705,2796.57726841379,2219.5264303261,1062.80224929738,1090.29606536597,1991.89060668018,1995.94205028352,1994.88849695586,1885.37731796235,1229.01656018407,392.96554688091,323.381161586611,297.443801819468,206.905040122571,205.803495487568,227.508204667902,236.610964035469,207.183009382098,223.486948538174
2984.14954217856,2907.54893122411,2888.01353700572,3074.34522614012,1601.29239502526,1695.75034488157,2975.21633237882,3009.70766521453,2976.05554088901,2767.79719085725,2181.9724127375,1134.45589293773,1193.83731563931,1486.98363281424,1587.41393682539,1373.28200669912,1371.52623643116,1268.22834682314,664.747476060455,610.256095650476,551.265157932251,428.264889095133,227.884168854687,252.339812186146,310.334742175378,240.6030945382,342.561629479316,1137.62775989606,1271.69436732932,1248.15455075374,1346.43941599289,1048.8157802904,543.991066543691,811.830639568959,2002.17688083666,2635.01399682283,2962.82166414836,2899.43870709062,2381.69074783003,1435.82615289589,1321.34046383718,2477.4343960982,2742.01519786288,2659.89758552982,2878.53195375724,1996.58736760215,858.380870642513,888.545170828639,2110.53587803823,2158.82177714972,2235.85953882439,2505.81025842635,2059.77066876081,1102.58536494788,1241.93846968915,2352.05160287943,2413.52708818413,2352.94472688812,2508.61013350422,1938.42755376284,754.86779197672,786.976275575415,1999.89358527832,2087.51078014199,2264.00697091952,2384.44509432125,1921.53559225832,968.152123647327,919.388503715569,2085.22628615773,2207.46098129741,2064.73483127576,2233.07519593482,1870.94024743063,494.367489837899,667.648528645688,1999.87431310049,2188.20136603147,2028.96078195273,2163.93036507135,1782.63551548303,670.281942864636,782.81716343171,1887.10269551853,2040.72312461003,2011.59052748894,2008.64335117883,1841.41395101665,519.961797474492,665.084778717386,2008.11332956788,1979.96031740168,2039.50501619851,2105.68269345397,1782.49849509265,734.837711626147,780.972518635707,1849.81140957693,1938.53816572832,1832.44748798408,644.708130860344,583.402901877254,319.767464006471,458.706144124903,1726.85068819769,1937.72326089619,1901.81324376133,2016.57024258715,1813.2346534453,753.910502884119,856.809410838997,2129.42229903086,2286.80714651492,2470.95974623039,2408.38491239735,1919.51514151074,753.469958357665,994.708983604227,2058.25120264193,2205.68747703791,2287.34298285685,2108.79695704669,1780.11842684362,806.854892466841,938.754256811794,2084.80037904681,2128.21833045363,2155.10228557777,2263.67458952575,1851.85320376508,911.177387689221,1077.08150218742,2229.16218979417,2504.97704853841,2596.82080974882,2539.07012914198,2044.38673320363,792.275620287174,866.170096847799,2160.14367358977,2744.01766622601,2601.91928554573,2793.93270364725,2211.74055364256,1055.0404249891,1082.23611030174,1981.352730232,1985.4517251136,1984.38592809435,1873.82909747787,1219.51467448749,392.98925768108,324.234181812424,298.60609518033,209.147018330002,208.05861061125,229.504472676996,238.49867486354,209.421672564742,225.531173279028
2978.03780215383,2900.1415191431,2880.28599841203,3070.12255534699,1552.88442348497,1646.49935238199,2969.02984143094,3004.25503131052,2969.88320271686,2756.12706909766,2147.37885145406,1101.11057559677,1158.04070470722,1440.89989465909,1539.29262253672,1330.68494138534,1328.96428456866,1229.4077191895,652.14080324697,600.106044418676,543.772316507302,426.308174753781,234.913811123977,258.275175168601,313.672637083455,247.063718492114,344.454126836005,1104.16922316389,1232.7733321179,1210.18411231354,1304.72782061586,1019.11236781921,536.825836421077,792.611147012962,1959.13840528317,2618.97878890458,2956.34898650796,2891.42900781641,2356.02368005681,1391.11581092512,1280.52531479019,2455.62791390258,2729.54831206361,2644.74753188183,2869.99169705127,1953.28391500294,837.070786845335,865.892389229448,2072.51285352451,2123.11003548687,2203.78666648745,2485.11336424181,2019.34575364943,1070.57802672166,1204.15321835439,2325.14173877812,2389.17441628936,2326.06896323475,2488.00331212135,1892.79549395059,738.201280109719,768.871410999833,1956.75069550623,2048.39636580218,2233.22305492977,2358.88072396435,1875.34584989433,941.975055858768,895.375488448323,2046.0077559615,2174.07261274825,2024.53887901923,2200.89208818398,1823.33526599691,489.436728990508,654.911194267446,1956.72940865644,2153.79558806721,1987.03311468461,2128.37332189152,1733.5589884843,657.437616506884,764.895766363597,1839.8837252966,1999.40643344996,1968.89277967027,1965.82238770731,1793.36995098045,513.899992914776,652.462647524093,1965.26955114569,1935.97286369896,1998.13170468675,2067.45237423549,1733.41891247157,719.07395245499,763.132459373707,1801.68771794629,1892.91487734535,1784.01983795073,633.004233131261,574.461946803144,322.682514680504,455.380335064458,1677.49803687079,1892.05963679503,1854.97583532938,1974.14643323652,1764.46872746307,737.286631451215,835.567024232205,2092.33749013093,2257.08743065021,2448.94826726888,2383.85735776359,1873.2299351837,736.865731054151,967.363740744226,2017.7569683143,2172.23439012945,2257.64301486889,2070.69771045297,1730.98423476892,787.853942157771,913.870080681747,2045.56600605651,2091.07413190953,2119.23769220248,2232.88391537745,1803.80608036999,887.51319872886,1046.16044942204,2196.82497286345,2484.25683274428,2579.52406101985,2519.61415724769,2003.23722017622,773.985742266297,844.523215788305,2124.487008859,2731.60199139579,2584.76863210734,2783.02383729721,2178.52393734933,1025.08541120527,1051.11019373846,1937.43472665628,1941.72532534764,1940.60971759065,1826.37549892567,1182.66090094284,392.617326488949,326.948543151441,302.469009035972,217.014752367131,215.975036186788,236.461549852004,245.053322852899,217.277118849322,232.666010375164
2973.82327017823,2894.87567267731,2874.75960261687,3067.47297708403,1520.26623742335,1613.1542742589,2964.92137333136,3000.69058770633,2965.78522936875,2748.02354107687,2123.28711646063,1078.89106527061,1134.17910438624,1409.99468214054,1506.88723760411,1302.21080474484,1300.51595218435,1203.51352746751,643.585853245323,593.147808068005,538.540517418968,424.665567129179,239.077609974803,261.732953584875,315.453613782067,250.860427395845,345.301161254667,1081.87215702755,1206.80853533639,1184.85951149717,1276.86495544714,999.32116332066,531.807593012907,779.734032352892,1929.45153132495,2607.75954729033,2952.02926420858,2885.98071875943,2338.04515522952,1361.18349567146,1253.27570995768,2440.33989191268,2720.87246139688,2634.15543338972,2864.1555297925,1923.4183170547,822.823713913706,850.762064341036,2046.12836194528,2098.26828831179,2181.40345483547,2470.60208781517,1991.3636977521,1049.25272703051,1178.95814753021,2306.30181772666,2372.10912123834,2307.25295918578,2473.55642603339,1861.43767794064,726.997522003771,756.725002738904,1926.99286191546,2021.28639468513,2211.71917456382,2340.97449053079,1843.64033989214,924.520002182491,879.347644932422,2018.82717841649,2150.79527280882,1996.71307036094,2178.43196880921,1790.76543001337,485.867468844477,646.270856143125,1926.970455891,2129.83917694627,1958.08348532171,2103.64261451065,1700.1666157358,648.72466523202,752.87050039774,1807.54412083098,1970.8398006881,1939.44562504924,1936.29042922953,1760.57772680265,509.591458910386,643.897681309731,1935.72339322976,1905.66937922676,1969.52686526182,2040.92431430176,1700.02470510899,708.459410000338,751.160920803915,1768.80591487355,1861.56306003704,1750.96695242086,625.03708285142,568.290848181739,324.190372179797,452.851187108287,1644.02689040416,1860.68100400018,1822.86546934758,1944.8524160597,1731.22469407528,726.110933033932,821.365037246819,2066.57105818914,2236.3089618979,2433.51333465873,2366.66769282332,1841.46154292794,725.702939083045,949.135927538966,1989.7281322007,2148.91112944307,2236.87848298214,2044.26049790795,1697.55746884594,775.121397180692,897.269760424304,2018.37344427573,2065.26830090035,2094.2898185568,2211.37469869893,1770.97307991793,871.717975065276,1025.55936725403,2174.25699304933,2469.7286402904,2567.40582985686,2505.97607984347,1974.78494594713,761.712693598122,830.052414923439,2099.68360923884,2722.9635337833,2572.75605918688,2775.47001095836,2155.3663070468,1005.12497268623,1030.37096413428,1907.17800036554,1911.59799531404,1910.44859159101,1793.90625811708,1158.09034532817,391.99987524899,328.326560623779,304.588776217764,221.719167526929,220.710863079903,240.578506191612,248.910641935393,221.973606714258,236.897646171141
2971.06994556081,2891.32415559573,2871.00977902495,3065.92562873784,1499.45975461988,1591.77237511386,2962.34538441133,2998.49734525371,2963.21663323024,2742.68368957892,2107.36285773791,1064.88192830957,1119.13140811063,1390.38307280716,1486.23020034532,1284.20502552307,1282.5281232841,1187.17538464104,638.055332479848,588.59197563249,535.038076892382,423.34734413605,241.278274269718,263.506516214504,316.212107722477,252.839050542066,345.493638815776,1067.81274274701,1190.4233451551,1168.88166417707,1259.25874150008,986.839695253683,528.435974440441,771.547254250592,1910.02749617474,2600.3074752794,2949.30526833787,2882.47002748444,2326.08961152127,1342.22502065485,1236.06648601934,2430.16398667797,2715.14215313397,2627.12532980628,2860.37558684824,1903.88018873729,813.792393876633,841.183755016861,2028.75503297019,2081.86823814924,2166.57585177533,2460.94236567998,1972.98658193767,1035.80765121656,1163.06614052358,2293.77979000634,2360.75569108999,2294.74685719534,2463.94042328157,1841.00282387269,719.842612271733,748.98890108667,1907.52314547276,2003.45754519903,2197.46003549686,2329.0672652477,1823.00377713639,913.497334132244,869.211512537405,2000.95298154359,2135.39198178173,1978.43699739245,2163.5534367479,1769.64125071607,483.377879679139,640.687868062062,1907.50019659427,2114.00753731843,1939.12158319265,2087.31826727205,1678.63792934683,643.095075379729,745.209753271489,1786.54551412852,1952.10158585697,1920.18173308772,1916.97118315806,1739.36394154037,506.64752901928,638.361069354267,1916.39593055437,1885.86844368468,1950.76424776932,2023.45664776433,1678.49500816187,701.666002814626,743.533608951998,1747.50950173525,1841.13209318118,1729.5854002729,619.866138568076,564.216453189114,324.783417661274,450.994255321407,1622.52393610666,1840.23319829166,1801.99321533547,1925.66367049854,1709.7473779383,718.973407739169,812.362043588582,2049.58172799375,2222.51835747559,2423.23743367218,2355.23026153468,1820.78591419214,718.57339502542,937.631539850264,1971.32113410392,2133.47689615043,2223.09721836436,2026.85257515758,1676.01002259277,767.024741527701,886.7795279088,2000.49066790254,2048.25429051124,2077.81984735445,2197.11159406836,1749.70579757117,861.728210093079,1012.56984375811,2159.30679750273,2460.05726595431,2559.34530301258,2496.89977338679,1956.1208792204,753.894562804167,820.880949783543,2083.30889817348,2717.25915187658,2564.76810441208,2770.50715149661,2140.0422073553,992.535975914545,1017.29341386515,1887.40685219702,1891.90956703528,1890.73844623336,1772.84521242732,1142.59370428554,391.303808534494,328.840793323904,305.552258091497,224.246788237976,223.257483334703,242.750815443716,250.925890782454,224.496432368078,239.139322507833
2968.38794288931,2887.74665788905,2867.20888397496,3064.5680046268,1479.82662516427,1571.44586891243,2959.86751813674,2996.43241667152,2960.74699809642,2737.30949760016,2091.54660242729,1051.87150475679,1105.15485898271,1372.01315703167,1466.75626841731,1267.4214954104,1265.76351222714,1171.99178503132,632.712273229818,584.108485471016,531.482898187887,421.709102622811,242.708101385381,264.565029385026,316.387167199169,254.075877015079,345.175176690589,1054.75389101173,1175.19273553611,1154.03327185123,1242.86447035072,975.239403752864,524.996802495637,763.836978472141,1891.02507204146,2592.78334839836,2946.66940586198,2879.00011697148,2314.08532434502,1324.51404031443,1220.053862318,2419.91289711524,2709.36711229361,2620.02620505071,2856.62197541546,1884.77073815777,805.325890176206,832.2240431143,2011.59902862262,2065.60969383967,2151.79636625226,2451.20292559379,1954.91054414511,1023.31992974945,1148.3029155745,2281.2217541576,2349.3419968094,2282.20465024622,2454.24558959844,1821.12748532689,713.056704732741,741.682471554645,1888.47735619168,1985.88445449819,2183.22337409004,2317.11123718095,1802.96656643473,903.228885608675,859.746087617688,1983.33698382063,2120.06587481342,1960.45748828744,2148.72369744704,1749.23338781519,480.7131416645,635.298063857654,1888.45412849725,2098.28679715297,1920.54130737666,2071.13743244075,1658.01434423108,637.661015621684,737.97172364127,1766.2264632762,1933.70305734115,1901.33924302645,1898.07512986013,1718.9430025572,503.577854102605,633.012670479476,1897.49327408286,1866.53499464845,1932.34281148234,2006.20853406865,1657.87069311391,695.201421976186,736.325949224952,1726.97653381372,1821.26048059305,1709.00523890794,614.841241827654,560.158840904093,324.814324037198,448.884331662878,1602.02823689051,1820.34616479448,1781.76565338094,1906.86109966349,1689.11302686662,712.203185328583,803.921635377906,2032.7717522071,2208.72849389988,2412.88401086066,2343.73148494668,1800.71350431191,711.810353291142,926.924420366585,1953.21703954732,2118.11956537468,2209.3167153658,2009.66285864224,1655.37317204194,759.396536477468,876.995414216013,1982.86537355707,2031.42179613498,2061.49278252201,2182.87045096886,1729.19742561122,852.397924163094,1000.50254323059,2144.40604532521,2450.30570207956,2551.20286210571,2487.74284195518,1937.79344404739,746.509203917629,812.285900150808,2067.07527769654,2711.51139080269,2556.70089899017,2765.52297354946,2124.79412711301,980.834988971153,1005.14334421649,1868.10126329513,1872.68172982226,1871.49004578562,1752.49512433161,1128.19877496147,390.209230187053,328.802810369009,305.905584486829,225.960746522226,224.987955644729,244.155966202392,252.194503431444,226.206222615357,240.604769429386
2963.0299891539,2880.37830329494,2859.33852523103,3062.23330319246,1441.55038416218,1531.59154626543,2955.15473862648,2992.59604701253,2956.05160421103,2726.51395923039,2059.59669258137,1026.84574711905,1078.26247229842,1336.40740524025,1428.81824781193,1235.02156930434,1233.40349985512,1142.75714895334,622.162513492098,575.146852199252,524.235305702552,417.98798269473,244.597840400376,265.777487265534,315.986576545433,255.613643163823,343.872004644015,1029.63203646505,1145.86233818838,1125.44639149329,1211.2433534962,952.921329318213,517.964581295291,748.873270663379,1852.99722469264,2577.54132194519,2941.62192613065,2872.19194915281,2289.71395043314,1290.25938357212,1189.1889453533,2399.09067893298,2697.73833332511,2605.6577539183,2849.21662549517,1846.53385375889,788.946314117982,814.915567768502,1977.06175917221,2032.80197182713,2121.88343740073,2431.4209267415,1918.60867639363,999.300992645795,1119.88866493711,2255.73544507469,2326.16263235509,2256.75057994587,2434.55595636692,1781.50723812075,699.824307496417,727.475350872528,1850.36404088287,1950.54788583235,2154.38499106575,2292.83848312359,1763.07093907233,883.445383910917,841.480813862905,1947.91606059394,2089.0754598854,1924.3467688403,2118.70892949936,1708.74297941532,475.106155894887,624.661163504264,1850.34061423885,2066.53592508588,1883.32081036719,2038.49113375492,1617.3452819699,626.937212310208,723.894149012505,1725.86643277518,1896.79565528149,1863.63805081061,1860.26687098492,1678.53244941536,497.215801540459,622.453097335728,1859.67383474619,1827.89430398519,1895.3906424703,1971.48595306634,1617.20052845325,682.56682306685,722.305926092484,1686.29596703368,1781.6476268897,1668.28095509269,604.881037646154,551.986178728959,324.150271622488,444.297304951565,1561.76187326791,1780.70375503982,1741.54407134676,1869.19237245414,1648.33575668206,699.000345168114,787.592088385219,1998.88906393928,2180.77375096804,2391.84946073381,2320.37669174602,1760.75129663429,698.621011847547,906.307864672622,1916.86033527185,2087.06489175855,2181.38114552225,1975.0578560765,1614.68463363353,744.588686836094,858.130860562326,1947.42442174085,1997.49607514127,2028.54685910861,2154.02219175521,1688.56082303246,834.392189853519,977.290758790466,2114.24692941626,2430.49831686263,2534.68386639019,2469.1508079546,1901.02720135003,732.145596710998,795.660758443231,2034.31796486354,2699.93998405614,2540.33909498763,2755.54136270003,2093.96168556894,958.321342307178,981.770294282116,1829.51486246876,1834.24742298622,1833.01528907188,1712.1153735838,1100.4968941059,387.484370288875,328.012485880297,305.830245488528,228.368547144616,227.42587170877,246.000653593469,253.790155601267,228.606421841401,242.559420707322
2958.09618472119,2873.35020636561,2851.78629171058,3060.42835248465,1407.44078627814,1495.78102242814,2950.9463879513,2989.26873080277,2951.86101465293,2716.31262645805,2029.59906565587,1004.94802408146,1054.7297863992,1304.9433932739,1395.04571110502,1206.55292389896,1204.97429911154,1117.1594756216,612.496612051658,566.775912682069,517.260494608952,413.867670689543,244.973178591529,265.61262943509,314.532902122214,255.708336944834,341.69509908719,1007.6467811942,1120.17422026865,1100.41619543668,1183.49242941187,933.372931766166,511.16681800398,735.552592395667,1817.79684383841,2563.05927889053,2937.07932535616,2865.89985857572,2266.62066954054,1260.0826712688,1162.12539913418,2379.31442020274,2686.72905769926,2592.00916786406,2842.33382568671,1811.1479188001,774.445365897555,799.632816106032,1944.80635330665,2002.05092024369,2093.70994502798,2412.62258095351,1884.82979509956,978.281040233186,1095.02043089986,2231.60802552598,2304.1787150526,2232.65354510732,2415.84670552759,1745.0426510472,687.947726913553,714.78601362525,1815.08677123124,1917.60328814164,2127.18436982518,2269.83857284345,1726.41605118933,866.065743084939,825.386876958275,1914.89585083067,2059.93241894555,1890.74103231156,2090.44011283329,1671.73173118993,469.462817261499,614.92313775752,1815.06362655419,2036.73199776715,1848.81452431866,2007.89656026434,1580.49844951485,617.121223521925,711.314824075299,1688.91364081719,1862.51153569994,1828.74686585369,1825.2773861985,1641.7322912948,490.947214374384,612.779266106551,1824.67664453877,1792.19462372681,1861.06675147164,1939.05886159944,1580.35314768682,671.183371875088,709.775518315713,1649.18796877426,1745.18975787695,1631.19862873772,595.698239251715,544.261502294027,322.485729451982,439.478602739684,1525.47651143996,1744.22039674009,1704.66070481409,1834.26935732977,1611.27672940391,687.148662748654,773.134442504636,1967.18649151177,2154.37201363251,2371.86785312033,2298.22459977787,1724.04018367473,686.78065636091,888.21777402486,1883.03272611074,2057.86044142399,2154.99761797691,1942.7398174721,1577.82906939123,731.400932251755,841.533817515463,1914.38395006153,1965.75656346417,1997.6673049585,2126.81129334368,1651.48644013745,818.523510381087,956.970966624386,2085.84244837369,2411.67509072517,2518.97434903034,2451.47869493079,1866.87144273517,719.313885786714,780.948429336651,2003.61395690798,2688.98739648415,2524.78318509847,2746.13407780626,2064.96630793407,938.600290844371,961.307460514751,1793.86320747385,1798.73108660745,1797.46266624388,1675.19946088142,1076.25365736499,384.165103853848,326.24636883314,304.636116450082,229.156813784641,228.238149428519,246.340000743752,253.930890170583,229.388627254967,242.98645072785
2950.43223953035,2862.21754350543,2839.78380251698,3057.85432303362,1355.51837326178,1440.96017326414,2944.38323182551,2984.15929640833,2945.32779431122,2700.01720164777,1982.25924126366,971.99279561377,1019.32375277431,1257.32166857204,1343.67312953611,1163.62580704108,1162.11121225126,1078.64340689964,597.389851724116,553.505856798238,505.96888073598,406.600256894612,243.989564760145,263.87688325906,311.000007335739,254.334076887488,337.151252858409,974.556676371343,1081.51540578147,1062.75087705387,1141.67999257093,903.915021924629,500.127990943697,715.1972117468,1762.80036972055,2539.92434690078,2929.9681095235,2855.92974802539,2229.91152679563,1214.50406189474,1121.37063925084,2347.80168191891,2669.1364942373,2570.19760755323,2831.40153584936,1755.87092849696,752.385903059643,776.436047112863,1894.09551753265,1953.58081226549,2049.14518913067,2382.64778718634,1831.8623347759,946.637122911644,1057.60963669674,2193.28704525432,2269.20255917551,2194.38043278856,2386.01446867726,1688.29693844203,669.678347378883,695.34290918158,1759.97294706672,1865.87258385922,2084.11107356476,2233.27696036414,1669.44138133101,839.802983318784,801.003382150417,1863.05003805304,2013.88766494136,1838.03909729299,2045.72586211922,1614.4045224738,460.05237142013,599.712832956941,1759.95072682767,1989.70394123983,1794.84312429614,1959.67771971151,1523.77050362608,601.792048110673,692.032866047007,1631.61264776203,1808.81528398149,1774.2390097134,1770.6173685587,1584.87643884113,480.638774923025,597.661342888697,1770.00733212793,1736.49180482206,1807.31033719698,1888.0806480201,1523.62484008088,653.620046955017,690.565263187027,1591.79268954843,1688.45436962832,1573.91215804365,581.279459620369,531.911493838482,318.658365098142,431.229571286658,1469.81912343882,1687.4472847649,1647.40665199598,1779.64727557578,1554.10184092209,668.915527470953,751.139325206204,1917.28076894662,2112.52215051002,2340.02601485517,2262.98049478944,1666.9836345265,668.563959957888,860.910973525804,1829.99154204738,2011.71807742036,2113.17658652034,1891.9315671657,1521.09721132409,711.24089405321,816.419892286538,1862.5048078275,1915.79636474183,1948.99657283785,2083.72079850908,1594.13611042912,794.475419053199,926.36915679897,2040.91488364561,2381.6600564543,2493.87973344315,2423.28313372647,1813.37256868864,699.651569742928,758.576145700183,1955.21746708975,2671.48710939839,2499.93654375687,2731.11906686333,2019.15290516381,908.882098518174,930.489280611,1738.23281079202,1743.30559903061,1741.98190849733,1618.01324168646,1039.78085482359,378.020672942225,322.276553281705,301.464745381022,228.747806259446,227.862562772518,245.30620625404,252.620580809539,228.971182404486,242.074711622188
2945.45644696901,2854.8336346882,2831.79438784384,3056.30335125268,1322.61456769989,1405.96634435291,2940.0170053049,2980.81035559261,2940.98318192656,2688.98046750756,1950.84792097365,951.396266312951,997.209064798683,1227.36458482986,1311.14751873553,1136.74928480133,1135.27849164452,1054.58989052691,587.439894589977,544.605836592936,498.198267151631,401.108330493236,242.007563413401,261.477400446827,307.600563619057,252.135335959686,333.1870758884,953.873508952014,1057.36741996442,1039.22443516588,1115.52668693371,885.464438049437,492.503364940619,702.189321946845,1726.77247674346,2524.29461811049,2925.22169540926,2849.20821080256,2205.31608062678,1185.90828868608,1095.8955198216,2326.61188466099,2657.22347311955,2555.44961692206,2824.01794248421,1719.66746841979,738.377209607666,761.751968873405,1860.60989883609,1921.46942534035,2019.48534213561,2362.47079614374,1797.00347414246,926.849127119546,1034.25076316125,2167.64195779701,2245.73883928596,2168.76693705872,2365.93338988444,1651.31041846211,657.896438634132,682.871444684625,1723.87067263584,1831.7671806416,2055.40210710292,2208.77923257291,1632.36095397837,823.284665571621,785.608785413106,1828.8719173975,1983.28952405099,1803.34959229674,2015.96790250428,1577.260060683,453.35061537264,589.702578304113,1723.84945005846,1958.50390294403,1759.43652557821,1927.73615766735,1487.29624938765,591.70647486692,679.658058574817,1594.43230500285,1773.52973410982,1738.53489137579,1734.81502123946,1548.15509322562,473.413755929368,587.705079553391,1734.20111937174,1700.06259292007,1771.98710180642,1854.4210928344,1487.15075266687,642.247630529214,678.233505761635,1554.67140728834,1651.4744528779,1536.91787912433,571.725243048106,523.540450090361,315.094684347819,425.184446161767,1434.20167282579,1650.44443922685,1610.20689190167,1743.81593625271,1517.24165653992,657.155163307027,737.17001506538,1884.27326571443,2084.5920718884,2318.61438087148,2239.33745373147,1629.85458489255,656.813324481616,843.763531626793,1795.08649001569,1981.05481736733,2085.26565309548,1858.38268335861,1484.62832382325,698.350718977137,800.592791405758,1828.30355732654,1882.75591691112,1916.7542596464,2054.99965960059,1557.03802512477,779.286688177745,907.220438279063,2011.01648367348,2361.45563051296,2476.93501377589,2404.28448526385,1778.21334945303,687.039429263239,744.377074608804,1923.15425915329,2659.63753518661,2483.16051113385,2720.95213603922,1988.70640825333,890.269040380022,911.204887986696,1701.84877305267,1707.05009215947,1705.69146215508,1580.95438536602,1017.0039622032,373.15899716164,318.632876525525,298.266106179877,227.0844523486,226.217750060964,243.29628893327,250.457198001877,227.303146970668,240.132517255289
2939.86773491337,2846.39050142935,2822.63104565233,3054.57930297973,1286.56346817193,1367.31846671332,2934.83095620603,2976.86192819251,2935.8245056199,2675.87188655071,1914.65206289342,929.141716613336,973.339750399946,1194.80571397189,1275.54626858029,1107.68514535511,1106.26618491803,1028.64285521519,575.993133558909,534.165281416494,488.837965138639,393.902250169167,238.053404103,257.140116178975,302.342207479169,247.982405288402,327.405430441455,931.52290642247,1031.31225736831,1013.83808097774,1087.27316689014,865.466532141916,483.284991253001,687.733534785944,1685.84085000323,2505.85292244737,2919.57807706181,2841.19768064033,2176.64623587968,1154.91847281543,1068.39241188144,2301.79453663531,2643.09083431233,2538.02288414687,2815.21756408862,1678.54729074332,722.925964196263,745.619060302232,1822.23131448759,1884.53104242525,1985.18904599117,2338.80505638402,1757.19960705086,905.449807485232,1009.05516769504,2137.79298467112,2218.34423180639,2138.95397080594,2342.379259152,1609.52175281078,644.66125374093,668.950077942635,1682.85797829042,1792.74641952611,2022.14908962376,2180.22118715133,1590.53402446725,805.282731133412,768.75115387848,1789.77220500961,1947.97031752784,1763.73162221945,1981.56044716059,1535.56291863754,445.005809210973,578.196523411809,1682.8383579999,1922.55581472893,1719.14665238701,1890.99641314949,1446.69354163304,580.118191894682,665.835508849839,1552.63030948976,1733.30489972483,1697.97398680621,1694.14482051065,1507.07492290642,464.55392805368,576.252377390804,1693.52918893993,1658.75159137862,1731.72175469853,1815.84734592924,1446.54872322942,629.412892016203,664.455022690881,1513.08260067635,1609.6930587833,1495.54022536216,560.661092969258,513.610978959483,309.684503568449,417.459009157785,1394.75662395436,1608.63928329852,1568.32217632377,1703.04757294418,1476.08957364517,643.941750854758,721.760057967102,1846.37549286134,2052.19217867704,2293.5384044987,2211.73538977869,1587.97875926897,643.609687239894,825.11464765799,1755.23295120018,1945.6605520313,2052.88772242547,1819.93324439552,1444.04129575684,684.015987573669,783.300296797703,1789.17612866538,1844.82422031601,1879.66845389881,2021.73176748601,1515.46787695431,762.645622652212,886.49317155697,1976.44938867744,2337.75750691319,2456.96727052017,2381.96682226487,1738.12773334644,672.962257266541,728.727626842911,1886.27028491112,2645.58053730531,2463.39143120123,2708.86638820082,1953.55876697603,870.096755283836,890.331240079962,1660.58609262754,1665.92580743616,1664.52921421039,1539.34584692222,992.428553511371,366.541001301029,313.147984875205,293.192219514891,223.422303178749,222.572602916231,239.316423420554,246.336521496522,223.636703967553,236.214765628557
2932.70275909131,2835.349265657,2810.61035749914,3052.58384343661,1241.24097685481,1318.41026172016,2928.12314411196,2971.83164297525,2929.15433041853,2658.55514319841,1867.37059197819,901.514596344744,943.729860844239,1154.15316710408,1230.82698870587,1071.5571562116,1070.20742801535,996.465019417142,561.080191456228,520.368413537464,476.236756148502,383.654898154218,231.278390419687,249.96058253111,294.185883351179,240.99768595567,318.69026320809,903.77365785438,998.993472805239,982.348839560319,1052.18482764912,840.58257808606,470.843638867619,669.388660056914,1632.89432770594,2481.49208640707,2912.25295347242,2830.68746969891,2138.94312432457,1116.32195593108,1034.2566642797,2269.08615893117,2624.41578172756,2514.99504552516,2803.64713652039,1625.36611246458,703.433237234644,725.328887714069,1772.27973529399,1836.33507108987,1940.29072311656,2307.59548742597,1705.52522116751,878.867727398319,977.813555168371,2098.56910191868,2182.28968165202,2099.7770302474,2311.31729629111,1555.68573349901,627.725183351797,651.222430489711,1629.80934311998,1742.0197854236,1978.57188888375,2142.66423980311,1536.71453466808,782.785860991228,747.604513494954,1738.94643242932,1901.78329213565,1712.29272786413,1936.51784873043,1482.10813424724,433.520331260705,563.215999341747,1629.7922641144,1875.60369329848,1666.97245286781,1843.06397038503,1394.98277772635,565.034406198709,648.224899587834,1498.97725014625,1681.14497883948,1645.512243458,1641.54314013613,1454.55398334314,452.480949318708,561.332967949376,1640.92791803421,1605.38596913791,1679.51137289541,1765.64427482364,1394.83931254602,612.930629460689,646.896667145906,1459.8479104282,1555.86627011715,1442.64457699304,546.176572272742,500.385977641306,301.366487513475,406.648595789505,1344.72757589652,1554.78381235269,1514.50287190594,1650.25506377885,1423.55783599196,627.03118261675,702.317384451587,1796.98865456776,2009.6939204187,2260.4875086534,2175.40751116438,1534.10183701146,626.710504473282,801.847294658223,1703.49668087438,1899.37485587681,2010.41823307313,1769.89048768469,1392.36017083909,665.815289409068,761.646803923187,1738.3129004097,1795.39666473911,1831.28201187032,1978.13421846661,1462.24999316664,741.762326365307,860.727819819664,1931.19906287921,2306.50471711234,2430.59210654091,2352.51946968381,1686.14472433587,655.036686264533,708.996141002037,1838.14477390619,2627.00696698932,2437.28100679753,2692.91139528231,1907.59419852441,844.996996144645,864.383918341999,1607.2804049594,1612.79272922233,1611.34843630497,1485.99788102555,961.949757680606,356.926782480855,304.749452179513,285.230905788964,216.955084944,216.123319375872,232.514157789307,239.385613106725,217.164955170038,229.478037432242
2924.91279606156,2823.26637296994,2797.43773244235,3050.0595555228,1192.97116024056,1265.92044144395,2920.00437546939,2965.67848214862,2921.08187412625,2638.32941902714,1814.49443954218,872.412615785731,912.594187587891,1111.19043502593,1183.24450760948,1033.54929475859,1032.27816175848,962.673268873242,544.282089246416,504.557646226785,461.480052853408,370.929020862398,221.429489565586,239.783384803163,283.209451055823,230.978845546416,307.250679512613,874.54081055275,965.046141527576,949.263372185719,1015.30287660709,814.257140919069,456.231879364496,649.417584532384,1574.51084900581,2453.41201205623,2903.42013589715,2818.18538817291,2096.23348536809,1075.64274248123,998.39354057381,2231.80785159887,2602.66593939354,2488.38813922851,2789.92922760798,1566.74100017552,682.383302690304,703.513412913423,1716.72005599334,1782.53092242287,1889.89588504262,2271.95499737808,1648.26415220507,850.830798944564,945.000123941282,2054.2170037977,2141.36582062391,2055.47635007823,2275.84178354983,1496.63988257446,609.080144961977,631.832879700636,1571.31897468669,1685.69638632788,1929.56989812625,2100.11526403212,1477.77784586611,758.824061485884,724.95485812305,1682.51968610967,1850.03902819793,1655.28005066886,1885.96586652769,1423.83970624351,419.735248542066,546.355480445257,1571.3052916585,1823.09840116793,1609.34727216012,1789.55597833799,1339.06433254615,548.064969511939,628.949691150049,1440.40678594104,1623.43865643792,1587.66239936049,1583.5435970892,1397.48731041272,438.152408677024,544.529323994216,1582.9322106347,1546.64678508161,1621.75302968097,1709.81331889448,1338.92299896722,594.701023443237,627.672592458543,1401.92927809959,1496.83019276174,1385.18557355882,529.763324369325,485.088338726722,290.256722798887,393.443431270892,1290.89357913947,1495.71946448714,1455.6700084912,1591.95993049781,1366.59414479651,608.410669228793,681.317925361528,1741.96254290094,1961.82722432214,2222.825778096,2134.17994282072,1475.11088378792,608.100851963412,777.126982696203,1646.17179091241,1847.52140963879,1962.58323888991,1714.23264085175,1336.48689221747,645.986160529628,738.513219739551,1681.84336090757,1740.33076405334,1777.27166758644,1929.10858121444,1404.33946378458,719.379337522837,833.517258283041,1880.42016026778,2270.81524050078,2400.26602962155,2318.81627635333,1628.62578186466,635.435235460238,687.707456012581,1784.41709983996,2605.37344164567,2407.25438022415,2674.22369652413,1856.09187054227,818.447970335738,836.983742379431,1548.60265415933,1554.29324606938,1552.79919013249,1427.83457777545,929.920370003245,344.733269470509,293.571862396732,274.413101211167,207.355190757149,206.53795501012,222.642972769385,229.393841795204,207.561388740061,219.659972293461
2919.18836567586,2814.33180634955,2787.68597765324,3048.0618778665,1157.88288491243,1227.56827377056,2913.65328167169,2960.84573083628,2914.76752108784,2622.76984386932,1774.81645651836,851.391501470825,890.137555419084,1080.12087645514,1148.67761385114,1006.14308949307,1004.93142955573,938.330038586862,531.554944461881,492.443815066393,450.018716467746,360.697409969662,212.864773287277,231.032980567575,274.002618537017,222.318179058834,297.775417577415,853.424358814178,940.587277224753,925.41871283947,988.722874076048,795.176276102203,444.862754249742,634.63501823088,1531.08817457425,2431.96335240433,2896.52155080988,2808.48022903071,2063.93360459053,1046.27720815214,972.554778483364,2203.51462869199,2585.9590666998,2468.03781477967,2779.29662154292,1523.1466792585,666.891465306669,687.508997633294,1675.16973552906,1742.20078149312,1851.99457521269,2244.87389320198,1605.5425489422,830.557860098619,921.357013796597,2020.71098793883,2110.3799322053,2022.0084471452,2248.88456177383,1452.87656853572,595.170454739202,617.433432596871,1527.81947301052,1643.62121317792,1892.67470977909,2067.93474630956,1434.13919324031,741.366696421035,708.385109777063,1640.37044841729,1811.16761081443,1612.73792940961,1847.9485066284,1380.8252464388,408.867955190392,533.587941320385,1527.808603482,1783.70019829189,1566.44437483403,1749.44898370845,1298.00140098732,535.21895025311,614.627931153957,1397.12783892371,1580.42886216104,1544.63654778197,1540.4085156282,1355.44902010065,426.932921439016,531.798847265107,1539.80161148806,1503.01030801241,1578.70625053387,1668.06395555094,1297.86195768498,581.058009408517,613.385620728515,1359.22613143442,1453.07395624363,1342.86522803915,517.278852241976,473.297708991954,280.97305780747,382.925711685779,1251.4903978338,1451.94379687471,1412.15809054688,1548.56398677174,1324.68707556168,594.517424636439,665.86126037387,1700.76657295986,1925.75098886127,2194.24435539196,2102.96684347782,1431.43618830977,594.214840192444,759.151041060495,1603.40480016841,1808.56852753075,1926.5305941981,1672.61038340519,1295.46351344466,631.300644889273,721.620943342338,1639.66155155434,1699.10763032802,1736.78986857369,1892.19520648731,1361.63736341617,702.995999207154,813.821625703733,1842.23489661798,2243.69703139985,2377.13340479799,2293.17458433735,1585.75177473631,620.881518250615,672.050345323171,1744.14330255938,2588.75526868454,2384.34829051152,2659.8265842264,1817.39894483861,799.208094094771,817.152693973494,1505.00966819544,1510.82716637114,1509.29742892701,1384.89227969106,906.831569411442,334.815238007533,284.248166193267,265.29623433745,198.930782605403,198.121747932925,214.065539796525,220.748236281677,199.134906648508,211.112538400634
2912.23842354745,2803.43708467763,2775.78195848635,3045.21510049121,1116.25660728512,1181.6755033171,2905.05934559344,2954.23259706493,2906.22358365694,2602.45742063338,1725.22575311356,826.752649877147,863.875282278065,1043.58774139735,1107.71370944486,974.085654659124,972.949296771029,909.910754102765,515.516356810832,476.932414762651,435.063066349087,346.727077883653,200.056015676516,218.105766329637,260.773401627558,209.448630835347,284.358943937453,828.671758293283,912.02555406373,897.563244330946,957.66289147315,772.692393245859,429.991277003233,616.639000609033,1477.59509752176,2404.32783921264,2887.22193242221,2795.57666553065,2023.03713363399,1011.8563015978,942.377302438553,2167.47087681637,2564.21086645548,2441.7555118597,2765.20724132209,1469.4588394614,648.197480524605,668.290751031549,1623.52464577995,1691.88465172179,1804.44883976425,2210.3059767083,1552.6456283789,806.757886080016,893.748601353376,1978.36462701724,2071.0682071251,1979.70861013153,2214.47107396239,1399.26654222828,578.035771861905,599.816158932304,1474.23737256384,1591.41711839656,1846.30507354834,2027.18451926275,1380.76859689073,720.6291390116,688.574375110547,1588.08097405751,1762.49730318058,1560.05092991004,1800.26196165941,1328.47425031632,394.401472400085,517.510969375922,1474.23052334933,1734.46086744118,1513.50184129633,1699.4125754555,1248.45450934652,519.050051636088,597.092481508614,1344.37261922015,1527.26308920168,1491.6304612715,1487.27253391598,1304.46118865993,412.130654448908,515.757645767684,1486.67431663011,1449.3552670611,1525.49844864938,1616.17993401861,1248.31799650321,564.172007400177,595.886908275854,1307.35940287442,1399.47224685438,1291.55045810995,501.457006931955,458.074186853224,267.691313903867,368.735657721392,1204.20251617793,1398.32138309627,1359.0415056406,1495.02657748814,1273.96956988556,577.399613628236,647.206137377351,1649.47257968134,1880.33635827373,2157.84079464613,2063.37358360413,1378.02987651881,577.104344641188,737.860631984613,1550.45627691185,1759.79772132216,1881.14494294277,1620.87912067085,1245.97708588746,613.408104137605,701.48348383931,1587.33063017698,1647.78508803417,1686.29095395517,1845.80206371768,1309.7620364959,683.392431935362,790.66252130226,1794.34398938259,2209.08221451596,2347.40370149966,2260.37056852201,1532.74561032668,603.080358354481,653.175952251031,1693.89526985304,2567.12042587739,2354.90437055049,2640.97853299664,1768.9448526375,776.542014232697,793.837303596845,1451.40367452521,1457.36572788981,1455.79481835249,1332.61799306279,879.851745185662,321.075833510168,270.936751726086,252.125014221966,186.210213442747,185.406368072051,201.248391018876,207.887677821876,186.413022169993,198.314413000664
2904.60565055526,2791.42973262364,2762.64886188637,3041.51592529188,1071.3614685793,1131.72986076263,2894.46169229064,2945.98473818076,2895.68771897874,2578.30063910277,1668.7995607178,800.468654046278,835.940053190273,1004.55045198689,1063.58215091049,940.011825082538,938.961997181994,879.752591543804,497.017898292345,458.764790385148,417.235894977051,329.401798959786,183.019313477243,201.061543263798,243.686309944739,192.408986170136,267.224926779093,802.264739025735,881.708100271611,867.978529993616,924.681539488568,748.551815276637,412.224900939178,596.602625411901,1417.61170851753,2371.89621347832,2875.79726155835,2779.94386323759,1975.88795323234,975.196134222527,910.348211763599,2125.65655224499,2538.42106445817,2410.83822185509,2748.19577766404,1409.27656575868,627.579736684145,647.208165499035,1565.08714294752,1634.73567681447,1750.14676541208,2170.12314086134,1493.02506296846,781.318209004593,864.438797779652,1929.63425355888,2025.65336995707,1931.02980737489,2174.46319240032,1339.49620187682,558.720204867113,580.097711891299,1414.16078977112,1532.45386035425,1793.24659678132,1980.19806779128,1321.36356340986,698.154077812067,666.946980783939,1529.02887002736,1707.01741673634,1500.65247018636,1745.80478484446,1270.49422838997,376.84644216237,498.982476598154,1414.15906874794,1678.43577683539,1454.03249072144,1642.58234591626,1194.0648229373,500.424140984566,577.449813556316,1285.85147471073,1467.4397458139,1432.19000135163,1427.69205957732,1248.18822569694,394.311238550018,497.257953269275,1427.1071115664,1389.30594460373,1465.63210778551,1557.48226524984,1193.93227097931,545.044083532317,576.278391238891,1250.03541911696,1339.71075103267,1234.93506555603,483.10779288689,440.103558342138,250.593202601678,351.315044837881,1152.582661248,1338.54040400234,1300.03174643389,1434.9058074775,1218.12225447026,558.099076315598,626.626791650385,1591.33064195217,1828.28486351764,2115.61823014492,2017.64178054585,1318.59476664655,557.810181432877,714.864736176403,1490.78288695128,1704.20522347814,1829.125781675,1562.34800035805,1191.6683542513,593.469228624097,679.57070430187,1528.23065704283,1589.61680459671,1628.94207736427,1792.71601663154,1252.41720444769,661.971255712242,765.859870131591,1739.66098314674,2168.84548846886,2312.60520138766,2222.15094853004,1473.09209128483,583.163236731878,632.382733193076,1636.82098250823,2541.4623600674,2320.43361647083,2618.49867862769,1713.7027024744,752.213189783919,768.871806014746,1391.404063317,1397.51442161873,1395.90062246172,1274.7099167096,851.183420919466,303.832777165022,253.82771493033,235.042927460449,169.176225374257,168.37261663465,184.210546275754,190.84725172998,169.378967480101,181.27752657581
2897.08043502848,2779.67580317485,2749.80016827072,3037.14088100788,1027.55234838215,1082.70804292526,2882.83456542641,2936.80248233036,2884.12720232118,2552.85867654074,1611.69125698497,774.928105045042,808.8638807287,966.678398675818,1020.54793447593,907.05159425259,906.089425794047,850.588441681522,478.032029294763,439.940572898519,398.568481051518,310.845662797522,164.097631355797,182.213039806404,224.985547239711,173.526361416075,248.582431593563,776.604523851147,852.385436848519,839.347564654239,892.793364186926,724.969888020316,393.59636928796,576.50901029374,1357.54585134612,2338.18316542858,2863.31878629944,2763.14562422813,1927.66017385997,939.699669944172,879.384858918119,2082.65234275517,2511.33850324868,2378.62712000205,2729.98722186538,1349.0269221722,607.037040215529,626.281937466857,1506.18685626509,1576.97334063019,1695.02900241633,2128.72289771387,1433.10489111433,756.556454187149,836.080506648126,1879.86755824613,1979.1179616774,1881.31391922928,2133.23820798531,1279.88386824815,539.186320193838,560.251817144683,1354.0070529848,1473.10243828756,1739.3108654442,1932.1310494731,1262.18220229956,676.041939916899,645.555337103219,1469.5940660429,1650.78853791579,1440.94350677417,1690.53491779151,1212.92685799874,358.271928829232,479.975088798133,1354.01085840812,1621.73161755866,1394.40485505738,1585.14083804603,1140.37980647776,481.323381823676,557.669078015858,1227.68459529395,1407.38748644042,1372.66156055555,1368.02854466139,1192.4427035393,375.545685204299,478.27195002617,1367.45912683749,1329.25589449632,1405.54005424311,1498.32908027189,1140.25166675227,525.63823268212,556.527120265228,1193.19948394436,1280.10686629774,1178.86645804933,464.210073693578,421.394406093281,231.912296796388,332.761279593454,1101.818332713,1278.91979153846,1241.32074135839,1374.64196828827,1162.88622789303,538.577649244471,606.118994061993,1532.65496895689,1775.3040087148,2072.20467278181,1970.79042382872,1259.39053920459,538.293922029216,692.297866388139,1430.81379997155,1647.86454649212,1776.176933077,1503.35686949445,1138.07304842207,573.460752076416,657.94714130032,1468.74734532547,1530.91894817808,1570.98476490016,1738.75202191689,1195.5526786205,640.768169155405,741.679916330676,1684.16916551642,2127.39066333812,2276.52512752034,2182.69081849336,1413.20203342688,563.124203022717,611.682585122201,1579.13163278236,2514.51452659738,2284.68503788707,2594.75087763751,1657.70662919558,728.454102783915,744.537627923254,1331.39966454519,1337.64759836797,1335.99351445408,1217.20413296788,823.423170321271,285.24469306117,235.150321936997,216.30850326236,150.195335845468,149.388369191703,165.293048724139,171.956857618825,150.398918185206,162.347868186097
2891.19617484566,2770.59407894758,2739.884431468,3033.01256104603,993.655802447347,1044.55223893106,2872.65643242901,2928.64193259713,2874.00607802274,2531.53105295884,1565.81744681577,755.233850126721,788.044394238144,937.548438056553,987.274247151066,881.771973616399,880.880154843251,828.221498589204,462.561332524939,424.465113804305,383.073077906791,295.131937591583,147.581519517402,165.818141692103,208.857084698694,157.074103906714,232.582595495485,756.818127925531,829.89353375669,817.371176972864,868.3468823047,706.681402331004,378.114553904537,560.498901798799,1309.82588452397,2310.31645221849,2852.44603561071,2748.75859441044,1888.48215068972,912.45054448062,855.649312361778,2047.51312827075,2488.70672234114,2351.93779587473,2714.45705536132,1301.17404066659,590.775223394796,609.780291586366,1459.07623863329,1530.63885964992,1650.61933701316,2094.82931958833,1385.32183982831,737.427427505864,814.318367449213,1839.50749445787,1941.24355768451,1840.99340296336,2099.48352465487,1232.72008931163,523.492931589331,544.382725823277,1306.2219690667,1425.696374925,1695.78520792822,1893.07852769569,1215.41321445002,658.763518430877,628.747519693863,1422.12656372209,1605.55513250991,1393.31849657102,1646.00744255753,1167.58972547502,342.709459747349,464.494038746889,1306.2304702548,1576.18009135361,1346.96919151146,1539.06194483574,1098.35393667295,465.771577187927,541.84323959075,1181.82527900667,1359.55802380313,1325.3621101414,1320.62635680143,1148.6409398206,359.889494627888,462.80201015317,1320.0710353511,1281.61556964534,1357.68175866301,1451.02447963672,1098.22965852476,509.999427892522,540.720931428331,1148.5028802551,1232.94944499872,1134.82512679625,448.761226357977,405.945757856814,215.823768578416,317.126070114885,1062.22742457407,1231.75140533389,1194.98544471199,1326.71569998964,1119.55653712326,522.892104634165,589.882061988896,1485.663715785,1732.49048931272,2036.74072771485,1932.66696889932,1212.60939001015,522.611521851617,674.71130623661,1382.99528414033,1602.54340981946,1733.388453458,1456.17670494409,1096.12533916092,557.508348284786,640.997687700442,1421.24096846825,1483.91357141975,1524.50016571624,1695.20344000819,1150.82710261812,624.095787592391,722.968204840654,1639.46938389803,2093.45331627951,2246.78576874752,2150.312453646,1365.49455375965,547.106479849343,595.310251001943,1532.85345907109,2491.99192463683,2255.21112434626,2574.77819724734,1612.65325038169,710.034031837242,725.710554996972,1283.79210227109,1290.1399993232,1288.45620359331,1171.90720196787,802.100475469271,269.416128330685,219.075899195442,200.123071157149,133.583796592856,132.771352954403,148.784427128855,155.492970209052,133.788755223727,145.819331944376
2887.63331505601,2765.30192495811,2734.1346634629,3029.72380296879,973.506409733479,1021.7525641266,2865.4688748599,2922.73424101111,2866.85661799236,2517.49194868058,1537.47510760088,743.508064612837,775.690802856049,920.314844087405,967.506104983752,866.839905055912,865.99111728842,814.994085077806,452.847421621259,414.675778470159,373.193010566608,284.953266402148,136.640692146453,154.984672400406,198.265275768969,146.189611950403,222.113107928608,745.038237348755,816.591022887583,804.361456371968,853.908652878279,695.72220806076,368.233251260967,550.645385229488,1280.72523232651,2292.37225871906,2844.82515739326,2738.9537196122,1863.90475410731,896.352229905347,841.627917827466,2025.28037229729,2473.8830871434,2334.68853651613,2703.94535292518,1272.00277360965,580.827207828607,599.722983944247,1430.12166469794,1502.06113175857,1623.07354238799,2073.32359196254,1356.05948881275,726.013708980304,801.437011272726,1814.24956689345,1917.41933491792,1815.75862723615,2078.06103516091,1204.08918722092,513.760661877021,534.583835818318,1277.08553930021,1396.60822560018,1668.73118791785,1868.57485979811,1187.05573977309,648.327808921026,618.540160579012,1393.00491177458,1577.55637158284,1364.14412460792,1618.39309456425,1140.19631830407,332.712254315777,454.777560883118,1277.09706475753,1548.03247884589,1317.99491562892,1510.63851691078,1073.10921947748,456.014256952589,532.065801414704,1154.08619924293,1330.30834512181,1296.50945469163,1291.7152889688,1122.23120791497,349.867299360011,453.089027297432,1291.16952656059,1252.60925557684,1328.41672204908,1421.95843064133,1072.9875113443,500.274377356776,530.953297934416,1121.53570778745,1204.32211664446,1108.28362709298,439.034239212384,396.137395560362,205.269171305391,307.036440714548,1038.52796787151,1203.11910848644,1166.93009249942,1297.45736257861,1093.47777205751,513.163446627887,579.947513793927,1456.73987255696,1705.83106217817,2014.31317002003,1908.69458025807,1184.24877866157,512.884236526213,664.118670843345,1353.71402601895,1574.4927955247,1706.74377567826,1427.18226223306,1070.93239227294,547.684228916519,630.728176143155,1392.09578524971,1454.98367975708,1495.83574712159,1668.13532809952,1123.83818981477,613.962347098608,711.781888494761,1611.75451551816,2071.9209422934,2227.72156743518,2129.69758062288,1336.31323070807,537.220327561477,585.303487061254,1504.30831624116,2477.23578515885,2236.30824614175,2561.56120331291,1584.75901639005,699.000360153569,714.458459168996,1254.80300791181,1261.20436384895,1259.50434537145,1144.53189409331,789.46497807885,259.119552156154,208.53596190449,189.480487105446,122.559141597425,121.741869293152,137.850380001015,144.598501900147,122.765315149945,134.867706384269
2882.80549478218,2758.39476176842,2726.66744105319,3024.21437011631,946.596196813098,991.13981774857,2854.33367891324,2913.42020351087,2855.77810293308,2496.89066613024,1498.14785581796,727.813883996854,759.216356273985,897.411439571755,941.120146467054,847.026126754951,846.236464865206,797.417964828241,439.137115280277,400.762568492754,359.047610417687,270.171482046006,120.43971440354,138.976752738792,182.697290526102,130.089732417908,206.773021260822,729.272777567216,798.913527945597,787.055598115772,834.75200827847,680.954231380204,354.073092096946,537.003539588012,1240.84939627284,2266.52572828906,2833.08272970682,2724.1615962994,1829.31508859484,874.988168853624,823.019524488368,1993.74801674646,2452.22025987862,2309.76425588525,2688.17092494599,1232.04405933116,567.136789781433,585.933483865483,1390.14470700967,1462.47197865164,1584.70983780599,2042.74473929323,1315.79722139931,710.70245175239,784.303887026201,1778.78050128834,1883.80669507035,1780.32002270443,2047.59438337242,1165.03189426109,500.186349551022,520.973821470502,1237.16589657165,1356.51038696954,1630.97862438161,1834.08255960439,1148.41697223538,634.150422250415,604.59530315194,1352.86642873623,1538.63749904668,1323.99127920193,1579.93977219965,1103.00064288563,318.301663326016,441.068877165611,1237.18178454167,1508.9698639075,1278.2296094687,1471.25888655375,1039.03180184363,442.252761177483,518.478431452495,1116.38026770238,1290.11823010826,1256.96244323328,1252.09383666441,1086.44733940486,335.466608523091,439.38063298341,1251.56247156125,1212.92393015693,1288.20852074164,1381.83771469255,1038.91390400689,486.674191014083,517.376377650399,1084.97193626006,1165.2693172861,1072.33819980888,425.269780534589,382.149557926281,189.769842444854,292.433198223064,1006.64916938747,1164.06179356375,1128.75582780994,1257.32270400911,1058.2050800187,499.592476836086,566.273210157826,1416.74880722211,1668.56656287565,1982.51796564428,1874.88369865589,1145.61143104075,499.314400519578,649.768715441672,1313.42946630636,1535.50501070998,1669.49880855127,1387.15402860158,1036.93142871328,534.074726861017,616.731358436931,1351.92526605988,1414.9877495707,1456.13419550211,1630.3632873907,1087.23917048175,600.106895446702,696.74512564485,1573.16942731269,2041.30560608106,2200.36839070386,2100.29615590807,1296.20879053743,523.495377222259,571.544416889923,1464.76150779358,2455.66674298572,2209.17557502942,2542.08181836352,1545.97646599587,684.13822960511,699.337823293227,1215.13760514144,1221.60224295218,1219.88251275829,1107.35245344875,772.638442367525,244.110448168737,193.065042400902,173.820894900643,106.208073081486,105.382138589316,121.661733006148,128.480988452892,106.416427558363,118.647505243943
2875.83255038941,2748.65342121658,2716.16457147169,3014.7263643071,908.153693359883,946.956142314224,2835.89073724006,2897.84008337335,2837.4277489584,2463.9954227759,1438.51400291314,705.49250523318,735.91222580393,865.033855319285,903.472516618197,819.153576113947,818.453359249905,772.683707109312,417.905241955124,378.975816310668,336.640863122143,246.234960720761,93.4180135659694,112.362278482419,157.020892688501,103.280891823508,181.592280272926,706.85075368132,774.030067616654,762.661315749397,807.823346771856,659.727704184143,331.611540947528,516.519744413341,1181.3589008204,2225.87339613876,2813.69879731204,2700.06985378095,1776.05381989118,844.891953067556,796.862578580034,1944.83018654436,2417.74107035667,2270.4559211151,2662.57034642671,1172.45508106055,546.779915171338,565.552038918932,1329.89945294003,1402.560405813,1526.28775449169,1995.19300024591,1255.38987274061,688.850107317507,760.162462159181,1724.28637400829,1831.92311181652,1725.86972741223,2000.20924685277,1107.1344823296,479.560459606857,500.431638269669,1177.61910411972,1296.20517202895,1573.36196269715,1780.9621469077,1091.24300359543,613.50478875407,584.103003147676,1292.50982701832,1479.50087832449,1263.72833469732,1521.38993358479,1048.26185574868,295.232677011274,419.852209480913,1177.64207407411,1449.73286160236,1218.78212884245,1411.6610478157,989.371179123539,420.963909840321,497.953836222664,1060.79378920793,1229.93003482145,1197.94973726585,1192.97894512387,1033.97962565347,312.522463934095,418.153246012632,1192.47235027464,1153.84521938388,1227.99868816888,1321.39150687465,989.259637203911,465.920358623302,496.860220903102,1031.28788390745,1107.37792254803,1019.66241210876,403.865851237275,360.129101432873,164.241541266482,268.907993414681,960.482543832942,1106.16810728963,1072.38831731246,1197.35312587881,1006.62722194701,478.967672484288,545.934954290569,1356.36978573079,1611.58831204757,1933.20923840936,1822.70838843883,1088.45103491747,478.689462424495,628.966758099629,1252.99538598505,1476.26778044117,1612.54892338563,1326.83738942898,987.397843340673,513.620274256476,596.242478986239,1291.52029207962,1354.60815990061,1396.06427540221,1572.71669688978,1033.49066993602,579.720548054508,675.216562851829,1514.43093371945,1993.69868904805,2157.48517189244,2054.44914564236,1236.13510920787,502.791067170088,551.112901715556,1404.90982271712,2421.3315647887,2166.62514411286,2510.87660748366,1487.0335649322,662.78880164941,677.697887289597,1156.08188487377,1162.62298834798,1160.87826655113,1052.62120118824,748.88612043417,219.66562121341,167.600522249543,147.950702905822,78.8710085371019,78.0268420607674,94.6663019720449,101.635528307258,79.0839561412679,91.5856219058137
2867.92247713135,2738.04610376765,2704.79241853913,3002.0171227349,864.999616102951,897.017313465437,2812.28645791026,2877.67736515086,2813.93888072055,2423.48995283315,1368.59628256995,680.3873952096,709.822137408715,828.926829018107,861.242779737398,788.14272012416,787.546415155204,745.120375771076,392.57436205165,352.809848111049,309.548291091789,216.931009341582,59.8147263839969,79.3196951797286,125.275602786086,69.9704690569547,150.537836081023,681.634522034394,746.296817624265,735.438097161109,777.86848075971,635.652426928159,304.430263321889,492.556445091078,1112.51158473404,2176.56383923693,2788.97887013966,2669.78708272518,1712.7532128282,811.39647713799,767.757815226572,1886.28254565873,2375.423053019,2222.65052408655,2630.51287326234,1103.51909475498,523.119585932208,541.960822964053,1259.62121296933,1332.43227108239,1457.54014428961,1938.15165385548,1185.17504763745,664.20258200395,733.226113321884,1659.65320752913,1770.11958373106,1661.2850888089,1943.35773952082,1040.45732645162,455.242518219975,476.317795661064,1108.71608692901,1225.97193706148,1505.43323048673,1717.81821833537,1025.4857592896,589.858860124624,560.480064292344,1222.22667114282,1410.04500447452,1193.66053313666,1452.50205659863,985.553782864729,267.170639126953,394.548857461104,1108.74767717018,1380.27141528265,1149.86931777317,1341.89328661547,932.872236157108,395.582955442114,473.847382601644,997.035215807914,1160.07045344971,1129.63644922353,1124.55741100761,974.023099550383,284.690236377639,392.828800543577,1124.0819746596,1085.58843615315,1158.11945485569,1250.89667933442,932.768596355648,441.385200835924,472.757800505486,969.891148763672,1040.70700028119,959.499472381926,378.265697826601,333.59864990371,132.702002318549,240.189844982283,908.184067531525,1039.49875416574,1007.65951716553,1127.87124026277,947.808688855766,454.647895958885,522.291703015583,1285.83268824412,1544.30329566617,1874.21566260723,1760.57523591438,1022.72007732061,454.368091879707,605.221377922997,1182.75620888558,1406.69911780545,1545.29556780714,1256.48250744687,931.056381703688,489.675702640287,572.687433973026,1221.18139409389,1284.07671514838,1325.76419521803,1504.75293347993,972.009124212894,556.197538322324,650.872885339897,1445.33517620226,1936.5934018162,2105.63947883081,1999.30588363548,1166.39366408719,478.498296466265,527.388868706986,1334.84692645868,2379.18290425432,2115.16440126785,2472.32276197279,1417.7897254253,638.58629708131,653.237193084919,1087.84500175699,1094.45644466113,1092.68736760026,989.906062967187,722.342418957758,189.645626923355,136.150965566832,115.9382637985,44.8341925628085,43.9649449742899,61.0993312122798,68.2750082667819,45.0534603296292,57.9272137309558
2858.67390423172,2726.88028381171,2693.02269163735,2983.11685838166,815.979513525963,839.984016005408,2779.82519108935,2849.41600217289,2781.62692237605,2371.32256225539,1285.38822085593,651.513393773527,679.982558788844,788.079000846943,813.294520619988,753.041112583034,752.56536057416,713.786319268367,361.826120197745,320.8959273127,276.346492677503,180.719402247832,17.8934335392703,38.1367873936238,85.8063833890635,28.4346412441016,111.986205747281,652.63847236246,714.769852827409,704.435932803565,743.943901799418,607.701955410791,271.09940174225,463.920479628844,1031.96736441646,2114.63205800242,2755.18751761279,2629.39785681937,1635.85546839869,773.530752155173,734.764917743511,1814.35259678731,2321.21809840428,2162.34724768878,2588.0343140952,1022.91452672195,495.000699480204,514.027329998153,1176.55780197962,1249.16241046099,1375.29094393389,1867.81539803421,1102.58501619367,635.761116062827,702.548431964026,1581.39108561206,1694.76828274469,1583.0746643829,1873.23349924991,962.906856565395,425.99325651289,447.41902229193,1028.12367777694,1143.1425202026,1423.93375414289,1641.08859900985,949.116000455134,562.136083775027,532.615258677312,1139.35578288692,1327.18036172036,1111.20548147608,1370.10539198869,913.0312607193,232.638632912193,363.842953846696,1028.16573900712,1297.580366823,1069.06665968076,1259.03145074084,867.973736006264,364.7945185354,444.942962243058,923.20279454503,1078.04688035847,1049.67073973013,1044.48469707388,904.837981261654,250.513629401509,362.089280920874,1044.04819469036,1005.89887035327,1076.08216299044,1167.61262574989,867.879997242042,411.811935664801,443.851760078296,899.01029105611,963.16248966394,890.134714183319,347.132891242421,301.165242993497,93.5054509195686,204.76780750723,848.343047757839,961.962759960266,932.614335113077,1046.47680603989,880.097416406418,425.393163670124,494.187528893633,1202.30882212462,1463.38293456447,1801.78697122576,1684.86097992687,946.397122049311,425.109966938282,577.473375904033,1100.14903252666,1323.71201407976,1464.40936796766,1173.34153294102,866.354403582926,461.044617481462,544.970260064749,1138.2475366421,1200.56934997647,1242.31689129909,1423.21289393796,901.015270687122,528.422712787812,622.702915171379,1362.71882196477,1866.18375179892,2040.88470631337,1931.01067656176,1084.48135783923,449.40290527224,499.221604476056,1251.64469211136,2325.17730769404,2050.85033347118,2422.38354177057,1335.14678169762,610.505981354083,624.945660814136,1008.16736389157,1014.82972022994,1013.04026450201,917.350444371689,692.052693111518,152.475995417097,97.0749272627736,76.1169395680331,2.34263554915356,1.44037966536416,19.2259994104447,26.6735100875017,2.57022249564966,15.9335247783249
2850.54772624901,2717.8812133699,2683.6837426596,2963.86123859706,773.348184506995,790.266085713722,2748.10845817024,2821.50776283449,2750.0508300416,2322.29519146494,1211.06688814608,626.107597002435,653.820380780407,752.596080284216,771.600436865886,722.50048697465,722.130228851881,686.424284136803,333.995286454304,291.951938383167,246.174954149494,147.705355769885,-20.4528885796342,0.477325322126489,49.7433517132661,-9.55320385056029,76.7801632012847,627.129398099404,687.24122238411,677.332783106551,714.408591857036,582.969396890422,240.802468463167,438.189971166019,960.801802013018,2057.33905859995,2722.28397476252,2590.62787739137,1566.2394853965,740.632478834629,706.017021224218,1748.75168562314,2270.44832040247,2106.40707659767,2547.41624826306,951.721204563859,469.802524231198,489.042501709499,1102.69195798473,1174.89385854436,1301.57280155207,1803.51511849175,1029.36600811841,610.684757507771,675.724910048695,1510.69098801019,1626.39011164384,1512.41699177278,1809.11365990867,894.631935292157,399.628720738049,421.415999418598,956.925697564915,1069.5871262952,1350.75239989978,1571.61135732124,881.937824491981,537.46960717249,507.742065315224,1065.77383426163,1253.04602087939,1038.08338898082,1296.26748786005,849.392097209694,201.206309323415,336.054154598915,956.977166950733,1223.70379234672,997.569208807102,1185.11377278179,811.236767894847,336.937368101913,418.928039268433,858.366925765137,1005.4123000237,978.986379467489,973.717859420276,844.197064282099,219.434664218483,334.266672497253,973.316815022046,935.578173623398,1003.44092936435,1093.57222355575,811.152102358541,385.129466209297,417.832334040708,836.874507942033,894.892028314135,829.372064083947,318.931261071221,271.72079553931,57.6968134324716,172.496176182661,796.131033921755,893.703642883028,866.668996319384,974.502801348991,820.83316344428,399.022215600759,468.999690502039,1127.94762620695,1390.60846700717,1735.76119440008,1616.17723045282,879.269314332272,398.735302252906,552.829121055794,1026.92156782119,1249.47571850306,1391.66321144158,1099.41467126196,809.797074608048,435.310104948905,520.259711892771,1064.61165533014,1126.22836423048,1167.90640973801,1349.99616170073,838.772341699697,503.615347323221,597.823833533248,1288.70179656736,1801.81973414556,1981.19482776233,1868.39776663131,1011.92874515855,423.23339980499,473.993721089319,1177.43041405402,2274.58386155687,1991.5424772264,2375.28379776576,1261.19167534678,585.668730478353,599.967361620707,937.850545507139,944.539351667141,942.73672988448,853.667871699723,665.534745499027,118.564167053394,61.3792771163194,39.726241209866,-36.5338739763163,-37.466825702518,-19.0756485848253,-11.3752902341284,-36.2985500257059,-22.480057251583
2843.2494961857,2710.69339053463,2676.40177183513,2943.74223827235,735.640757874011,746.188558573333,2716.28115789827,2793.20600668404,2718.35926247315,2275.0304252553,1143.35661694508,603.300312204278,630.428386972448,721.234975852456,734.724644256818,695.443285104861,695.16673808562,662.072989771548,308.272252069177,265.151218506329,218.187874526262,116.994832942221,-56.2176739530607,-34.6389176743578,16.1366326793122,-44.9795938311067,43.9858008489634,604.233887486136,662.744175096543,653.1803014351,688.219790189802,560.62770586652,212.692064019839,414.574953993606,896.766853661341,2003.03905289644,2689.37839744287,2552.41428683563,1501.83312437903,711.542214209894,680.499923982549,1687.55254560841,2221.68092682694,2053.22985601324,2507.54076324029,887.688275566445,446.737445139113,466.216474537365,1035.73527722739,1107.34400770432,1234.14657437926,1743.36939653917,963.23021412205,588.121871774275,651.816487865891,1445.44009015659,1562.95858885382,1447.20072377177,1749.12260186229,833.448689925227,375.356540020044,397.517838070022,892.872374134375,1003.01810423222,1283.67531213913,1507.3191187127,821.794917010794,515.056597357179,485.06529056422,999.191619210759,1185.38084827766,972.010985337326,1228.74492434195,792.571751693797,172.007149823703,310.373254537727,892.932446055195,1156.37999427751,933.127539968835,1117.86869488487,760.785242429812,311.199626693609,395.012536250529,800.431350475493,939.889101324597,915.351628703952,910.021845299698,790.11920858726,190.590028843609,308.551509386994,909.653679204553,872.395618049585,937.917522144081,1026.48045602444,760.709061527789,360.541826962687,393.90982737914,781.458844216207,833.711938841272,775.223982851735,292.846053277224,244.431640113502,24.3309943265845,142.494001207667,749.800439578012,832.5377493023,807.698000760909,909.682392730985,768.069166058124,374.742762956639,445.941302557786,1060.45345183931,1323.78591928864,1674.19745506116,1552.48746368127,819.181077933577,374.451824501207,530.479046050681,960.785237324875,1181.72567379245,1324.86408721412,1032.41117680019,759.513066229314,411.683463370337,497.759838432033,997.982862731125,1058.75824528935,1100.24489576858,1282.88782069922,783.252856804706,480.9843721431,575.396624515172,1221.03435338095,1741.61796630713,1924.84653628337,1809.64352921022,946.461852578292,399.192885143189,450.914608542465,1109.92347112349,2225.97502925347,1935.52934886058,2329.70602020478,1193.66973497969,563.242859646538,577.459095995173,874.664456997696,881.357465191208,879.548131563703,796.793688444741,641.864312991114,86.9998277416387,28.1209602031302,5.81001228089235,-72.7990068002612,-73.7609335070376,-54.7981966256239,-46.8591121039481,-72.5563790032802,-58.3082721795613
2834.48323163263,2703.92856892729,2669.96848643441,2914.0310625498,692.234135776335,695.284948229479,2671.75574962718,2753.03617536018,2674.01274383875,2212.61365679594,1061.60114446769,576.347940656766,602.961011641082,685.146308500256,692.275752475699,664.160255375894,663.991896100286,633.694525917227,276.587486454704,232.067101025844,183.566809438576,78.8853699433612,-100.707904314343,-78.3147218959282,-25.6398065084668,-89.0450189118076,3.23500967621499,577.186249184089,634.201700284193,624.973878506217,657.893146642849,533.970792388346,177.907638540432,385.752314188386,821.030120307946,1933.16613067118,2643.56192560948,2500.28694380114,1422.07269297149,678.027431543466,650.896899325822,1610.73854789267,2157.62918722743,1984.48470541477,2453.45860681582,812.008740882416,418.686759365175,438.530464015767,955.563754811731,1026.00643176703,1152.19964623848,1667.55626171964,884.508923959321,561.363260483787,623.883632879225,1364.95288626581,1484.06183323571,1366.74703043201,1673.47574293441,761.575408260345,345.608105412425,368.295228917821,817.135966902209,923.522322796255,1201.86694447028,1427.67107285285,751.254265055485,488.081747404672,457.641705828222,919.702066119362,1103.42829874235,893.315850431675,1146.70795055542,726.221611428922,135.826583260789,278.745612060212,817.206428645785,1075.05130451031,856.692866561613,1036.86745640987,702.254360077711,279.513657950766,365.757704518472,732.690582928588,862.064231946696,840.018891013182,834.643410373395,727.087763588942,154.890310792265,276.876813963404,834.315814483577,797.848631229845,860.104144258851,946.194787864943,702.188818448509,330.370936675577,364.641493043791,716.867453174906,761.840639178869,712.189876984141,260.68566772102,210.70673964523,-17.1417177439289,105.28679705569,696.223792514209,760.691234293868,738.663354521939,832.904097155018,706.737212351695,344.983108714425,417.893788486936,979.463699874073,1242.05013113812,1596.99059640714,1473.32100257157,748.723693880417,344.686230772455,503.654970132349,882.077685771536,1099.68730504231,1243.15166937486,952.201055191365,701.191299721596,382.832817662386,470.598537053952,918.442518357392,977.808691373028,1018.80864954206,1201.04388539184,718.52427744935,453.590493492082,548.722334689702,1138.86017096388,1665.74153476073,1852.78468054091,1735.20871843557,868.667737186914,369.816226329504,422.870194837183,1028.62428854925,2162.10979118005,1863.84444550447,2269.17775204091,1111.84890767077,536.505027002587,550.70431271473,800.099065405484,806.757208581228,804.95041338089,730.35028863689,614.144617536541,47.8075525901884,-13.2153351716861,-36.3553170610669,-117.917107463664,-118.915405704492,-99.2352900273343,-90.996445834048,-117.665310311992,-102.878020446095
2828.89921864964,2700.46369200485,2666.92095779045,2893.12494850562,665.534998334569,664.13661000723,2641.54032629153,2725.51155082923,2643.9129170407,2171.85331235314,1011.1921978441,559.353918978783,585.659544558389,662.7676910659,666.140641204742,644.610045101564,644.505664007795,615.853789046379,256.932801124665,211.616077230022,162.241235990844,55.5746853102742,-127.648803416214,-104.792350201609,-51.0369342603615,-115.744278881369,-21.57858879895,560.136250830991,616.264452646143,607.234852429347,638.905914053678,517.15958602611,156.489148181626,367.724252696742,774.764368942549,1888.31287396383,2612.5671879014,2465.50116402898,1372.14189915055,657.165903064163,632.335317266407,1562.23346479828,2115.95204179364,1940.22186285123,2417.50765450657,765.796474140432,401.097023027913,421.146818310156,906.336362498335,975.925732246228,1101.48693432684,1619.55092506129,836.307419955738,544.48596762445,606.305692060079,1314.69364082605,1434.53366953342,1316.50480916626,1625.56280967999,717.761062214746,327.0546884293,350.040174492867,770.878424964343,874.770687217814,1151.1360103134,1377.79822640788,708.262045850063,471.097673614553,440.405125130736,870.962017776165,1052.81274163045,845.111983016982,1095.95089423805,685.794930429148,113.613566992732,259.123404817901,770.95506370566,1024.8845599649,809.938670859657,986.977722745554,666.55191231502,259.857482437538,347.484622072202,691.417378527786,814.451849337305,793.966668868452,788.574076816945,688.647594995262,132.949517912929,257.22787440102,788.270558317166,752.348589603824,812.50277533905,896.916905135713,666.492874492599,311.577243507055,346.360866493904,677.513924975388,718.02685326839,673.77732315477,240.760403360329,189.891205043478,-42.3660505863199,82.4895484001199,663.485361753601,716.894897360901,696.601997730162,785.985028110887,669.353851074822,326.423351519436,400.306078772138,929.689504741647,1191.2785022191,1548.26694628621,1423.6465390261,705.78715000767,326.123111965111,486.754477463516,833.88947531644,1049.02655007933,1192.3922269561,902.957079176969,665.616286814606,364.789251940803,453.510801132671,869.674200481489,928.062363642858,968.682045705153,1150.29247473133,679.084747490487,436.372245487457,531.897306217324,1088.03482258084,1617.6996445046,1806.71994910578,1687.9184738378,821.06040495346,351.47037388624,405.283023830199,978.561641300264,2120.54382715821,1817.99678738864,2229.50107284934,1061.29714945228,519.645952374516,533.831774716493,754.58307169541,761.206263440068,759.404764491687,689.858217959341,596.693156362609,23.8807309331655,-38.3620447233077,-61.9736665749747,-145.215147874251,-146.234135036098,-126.145961014478,-117.736604994524,-144.958134970566,-129.864148676659
2821.45677055586,2697.45993991885,2664.86112428188,2860.82589598716,631.552005304586,624.529449527656,2596.49872517686,2684.06793319226,2599.03535980016,2113.68957484711,944.843623974093,537.016951808635,563.024084057314,634.147715713079,632.855900392609,619.408515374479,619.383708062716,592.653163018363,230.666238007517,184.301737959606,133.77797200136,24.5225643060407,-163.389280500292,-139.93672179255,-84.789071096571,-151.173905473084,-54.5770603717824,537.733521906988,592.946493232597,584.129691385908,614.37749093299,494.926247571919,127.902119011309,343.65616596513,715.021583451296,1825.68592976871,2566.51801217141,2414.58839505659,1304.81212944403,630.402818047976,608.306403755404,1496.00062614533,2056.74429745139,1878.17354278452,2365.11846384059,706.16646620376,377.632664525683,397.978542723405,842.049969349781,910.179676949281,1034.31892203479,1553.74544918106,773.710657742689,522.248308401476,583.395875379511,1247.17512689968,1367.47186088482,1249.00161302799,1559.86061273639,661.516635373188,302.261755500197,325.658403439408,711.164262090345,811.263642993269,1083.71777501926,1310.52286791035,653.139990362221,448.535039869621,417.461506191661,807.48765865913,985.996481318279,782.471804416956,1028.74669590271,634.129208546141,83.9895706399868,232.900709103773,711.24885862338,958.818130398231,749.401019647459,921.454084621958,621.098637800359,233.596918259869,323.074714788401,638.622684941738,752.739873324959,734.436651993552,729.044678815824,639.555218645154,103.692437135024,230.968810706757,728.772589990629,693.721766652404,750.814400605658,832.60468183079,621.048324185507,286.462113238319,321.939026705175,627.284936861929,661.781708386045,624.786325027795,214.135329717581,162.094228168883,-75.8952259474411,52.1045599019321,621.853774884183,660.678349783148,642.754399986097,725.325302932431,621.718318851486,301.621258538973,376.841912167201,864.563046746398,1123.61943615529,1481.78906299766,1356.42928900202,650.750663246738,301.316268214751,464.333220383402,771.321372257846,982.165341464299,1124.74495276889,838.663681628288,620.333187443296,340.694907388494,430.778331733795,806.167786055877,862.980739818598,902.905756537559,1082.8495209238,628.735316007493,413.439575870609,509.687666610942,1020.77278378875,1551.8502090494,1742.75138807892,1622.79460218176,759.325103651171,326.981481011472,381.833012891741,912.828085808242,2061.47697365967,1754.28786679554,2172.62516622822,994.53014946603,497.361839468476,511.570181709226,695.924385789926,702.47053670567,700.684389984866,638.085711640592,573.907776975336,-7.96961554903487,-71.7906161977239,-96.0105699901876,-181.414935528197,-182.460536258654,-161.847493153135,-153.218748419381,-181.15121271867,-165.662753764229
2812.20779353389,2695.45725328873,2664.45133149526,2816.36975574231,591.444691629006,577.971412139748,2536.24187690711,2628.17748744966,2538.98844005823,2038.6117718013,865.008473210059,509.793405529403,535.51547599725,600.102554815732,593.535061053126,589.155519791849,589.220879798943,564.574472947307,198.723389399144,151.167030974421,99.3376235103756,-12.8472196550833,-206.032357967064,-181.910908075737,-125.199624779192,-193.468231388852,-94.1398786443583,510.438441793571,564.737184647576,556.138311746143,584.866200127131,467.74585784203,93.320032786022,314.250534586539,644.282488438791,1746.32022114475,2505.07767884819,2347.47864737357,1222.04215522187,598.436163380945,579.338585232768,1413.67363883346,1980.6035794504,1799.27524610765,2296.30913840299,635.607629587193,348.930685975556,369.62835588944,765.215988965008,831.245995631814,953.051150022883,1471.67166343257,699.252158952237,495.108831458779,555.621731972746,1164.44942824996,1284.7311924898,1166.28628573064,1477.88948929885,595.224684617574,272.010875124483,295.886637582977,640.478697015583,735.52162385221,1001.90452913104,1227.79337852439,588.223894604283,420.921264761198,389.38507540346,731.803557131212,905.391809651873,707.917502607839,947.460387595726,573.402827515395,48.2335215102044,201.008483579162,640.572529655934,879.278515632818,677.552910951813,842.753438711365,567.746690955278,201.66529165461,293.268348042709,576.539680485653,679.450241688416,663.875356226999,658.50960216938,581.839599341021,68.3579881271792,199.03446941784,658.274234200707,624.424644932472,677.56275553265,755.78481136452,567.706920019014,255.840842347178,292.117906693652,568.291012588442,595.48732820439,567.26241251396,181.783101342704,128.408653411104,-116.055141910003,15.4880148071918,572.960265770927,594.424042055754,579.404555892675,653.436492927047,565.805510937611,271.359463463566,348.138752096131,786.601308862138,1041.31450334308,1399.21759427664,1273.54478647646,585.949486808512,271.048871324882,436.898696536243,696.90912001246,901.523377092724,1042.44933436738,761.837718215954,567.186010716037,311.255990337559,402.95182508266,730.45137866788,785.081092184929,823.969438059914,1001.00939047408,569.590564603561,385.368428771998,482.55772284183,939.453165564968,1469.72862062934,1662.06792706431,1541.24419813497,685.974846033068,297.092559094796,353.153537749225,833.896809870002,1985.49846518917,1673.88504604228,2098.92903331367,913.945696374536,470.129780046386,484.386257822798,626.577569429656,632.998272363621,631.239540832336,577.210097405,546.253034197095,-46.2390141907995,-111.837122316708,-136.740748341136,-224.573234096232,-225.648692450583,-204.446834237238,-195.57192362705,-224.30198309129,-208.371005666778
2808.48749606671,2695.01778751632,2664.74298433337,2797.72690881748,575.726908744875,559.846897709984,2511.38514818418,2605.0151857943,2514.21583944195,2008.26518191184,833.954812270375,498.912437956514,524.514662826312,586.639977041742,578.108855592978,577.107952642983,577.206926984949,553.346813681916,186.285469171209,138.319637600568,86.0416133055046,-27.1514283942472,-222.154321659765,-197.802196894945,-140.55175465633,-209.469921095623,-109.19978360596,499.530614080213,553.46089468805,544.947262993469,573.096436790156,456.904353878047,79.9754914667458,302.677679017415,616.940299781361,1714.57070160578,2479.7712075758,2320.02781791812,1189.48670803178,585.748014278079,567.77337515274,1381.09455874041,1949.89216275539,1767.65332933271,2268.22066683678,608.343782547764,337.596526065359,358.411735938876,735.417738435371,800.573918467645,921.354526945922,1439.13171715052,670.432493596649,484.267122589176,544.511721386795,1131.97042567876,1252.12249628058,1133.80946986807,1445.38413279021,569.627287372758,260.151685888108,284.189763006774,613.161067610545,706.172487779882,969.946706543653,1195.24787782876,563.156109669505,409.946502786293,378.25790377246,702.480535675157,874.000069453251,679.051820072431,915.762170347081,549.938614679728,34.4849768470267,188.587838166279,613.258335675096,848.328557095584,649.755570293762,812.163219741116,547.075139125708,189.229839552832,281.56022578746,552.55857359743,651.098016261965,636.584111525042,631.233940680624,559.505258652859,54.7522631618815,186.59949092174,631.012146643075,597.652930923083,649.227084908328,726.001871482684,547.039400752407,243.855005828339,280.405006003786,545.488224898433,569.888675297699,545.01630717739,169.204812562463,115.372379732955,-131.320862856581,1.4432343111323,553.963042514759,568.841867220284,554.940584499977,625.646688585687,544.169899960394,259.496630978973,336.804590460796,756.348553817026,1009.12513178874,1366.55595175823,1240.89057224072,560.92803247993,259.184157500336,425.980946768867,668.109629979599,870.121124100641,1010.2624441934,732.046136665193,546.59256399597,299.672569783058,391.908918643434,701.117455020008,754.853733864239,793.303757837036,969.041938443255,546.729052966735,374.245457370075,471.726537508613,907.750234349065,1437.17143544066,1629.87842999222,1508.83894940342,657.592400854663,285.35150788546,341.825297059132,803.222860028123,1954.84791858266,1641.79635001002,2069.07608584683,882.553088999187,459.267846560417,473.53408924078,599.784470341439,606.150262469147,604.403923962584,553.684629392596,535.19223530991,-60.8532132660412,-127.063767563881,-152.203103755015,-240.872886695318,-241.958642095384,-220.553716908502,-211.593912686185,-240.599039450816,-224.515448252367
2802.34156227838,2695.49597565736,2666.72547190803,2764.3596789486,551.996696643916,532.721250956027,2468.1759433981,2564.41252067484,2471.1451841256,1957.53162037497,786.37562537638,481.759680785232,507.210183913926,566.029770961803,554.77903319438,558.417123279315,558.562827203063,535.751318189046,167.065583653195,118.572321048599,65.7171429966415,-48.7676567015492,-246.084237202824,-221.439330354085,-163.503815395281,-233.247209072656,-131.779864933112,482.342080436724,535.799293352746,527.395202372885,554.780711212651,439.791317493715,59.5881604211409,284.584918525801,575.911331551093,1662.61471093813,2435.90312201357,2273.05581880792,1138.18525714987,566.198304506701,549.730830514254,1329.02882270468,1898.766979344,1715.69942123117,2220.34471402092,567.469952080224,319.817220336885,340.788299933304,690.163198770329,753.71666033927,872.43484554906,1386.90806817982,626.938003694943,467.161809376413,527.069888062223,1081.00981335305,1200.49707813731,1082.84546167141,1393.1948886681,531.428844151061,241.683193127234,265.934075014177,572.184997887761,661.723243908996,920.430094345535,1143.94067154974,525.778523278089,392.647891671264,360.75432382074,658.086118235765,825.739360391263,635.451746411557,866.860846907121,515.009601710174,13.5797055541907,169.390478926908,572.287161351444,800.869914666778,607.913353520354,765.40125907224,516.287493008648,170.01387390087,263.289365711913,516.849729246316,608.395047897791,595.567296468244,590.26181559452,526.213895441041,34.0307125998456,167.383406642416,590.059458112879,557.56707156324,606.557046261036,680.807989400723,516.257890812698,225.221868087615,262.127679023053,511.562097036625,531.687055176907,511.915972937942,149.803557251514,95.3811652700076,-154.163009946196,-19.8413403798404,525.596352021028,530.669791019983,518.502117566345,583.903875309834,511.976567586277,241.023293656494,319.024995183377,710.311626156651,959.091505499609,1314.40713562708,1189.23222585914,523.630245004967,240.70833710716,408.760592952549,624.655338800186,821.858516515133,960.228512616474,686.815323124886,515.923013542113,281.565339149355,374.517553188903,656.711810343523,708.86185897643,746.484186598829,919.513163747372,512.709371025904,356.746249569625,454.631295559042,858.871963123999,1384.92589128437,1577.50263148465,1456.572236602,614.816808405634,267.036330487539,324.054847931137,756.352265940135,1903.80905598561,1589.54692773955,2018.95110534061,834.258618598675,442.12847389033,456.411543722098,559.656946375975,565.912729456313,564.192507880171,518.646087937938,517.811722719444,-82.864943283704,-149.856047600502,-175.295119838059,-265.028239437509,-266.1270613149,-244.464471615881,-235.396922786809,-264.751097476933,-248.473867473213
2796.00151925685,2697.04626016438,2670.0886132289,2727.76018519235,529.389526077264,507.159065633681,2421.86158020684,2520.598456829,2424.97257313203,1904.88531662368,740.77659531583,464.714025195503,490.032706492556,546.083288306422,532.509920378836,540.081152157713,540.26695630411,518.329245429846,148.523414010936,99.645168283598,46.3692992395452,-69.0539451143752,-268.040323571437,-243.184774517297,-184.755768355028,-255.093511442547,-152.763330479773,465.266773605677,518.321744885349,510.008503910494,536.759116774912,422.790862493889,40.1942877907979,266.870203165835,537.353508211175,1609.69162611082,2388.98858350312,2223.35158913297,1087.69160378371,547.148676427981,531.93671960799,1277.11190682299,1845.90768432349,1662.59276133849,2169.84742160472,529.092958635471,302.333552835511,323.418957760086,647.153816180123,708.9340678117,825.223366665882,1334.6324115203,585.848044596334,450.159042867953,509.77590473013,1031.05412505588,1149.46353630176,1032.88008729388,1340.93422817477,495.707188864302,223.692210682089,248.099403675504,533.692005847987,619.590047694567,872.463604567602,1093.42143777296,490.84489471525,375.515932649754,343.471801034841,616.019142365912,779.337003370994,594.22797180996,819.686715534097,482.392346933874,-6.19069835167875,150.864879297143,533.798456872458,755.349098255739,568.473143057041,720.68073190834,487.472591245714,151.473758808311,245.443676296771,483.503659785665,568.128070524131,556.958114273411,551.715005313177,495.062404533714,14.3920150136892,148.844043086941,551.529668052613,519.970145961423,566.328562203902,637.891851409961,487.448776445968,207.109960875299,244.27729338625,479.886994337305,495.961192018067,480.999253340412,131.128779261013,76.2758301713102,-175.335690250269,-39.8871646057985,498.945088962198,494.97606787642,484.473174141754,544.642040175901,481.894194988568,223.028749643438,301.541285487101,666.477720062834,910.478800079667,1262.45263111383,1138.20256468209,488.780755533668,222.711971971785,391.685290673335,583.612420486731,775.467982042726,911.611582894568,643.841413510676,487.218749574057,263.840202406172,357.318607609155,614.639448894469,665.07657164261,701.76409189615,871.537601981164,480.942064237689,339.468521695503,437.640450780205,811.748738769391,1332.63367780957,1524.42262852692,1404.0169406991,574.455680558059,249.151639261802,306.576835265931,711.546971169781,1851.02552678781,1536.56059443754,1966.74379556447,787.793130531399,425.10590135788,439.397898990175,522.011969344538,528.138575836589,526.449968043386,485.909947340808,500.569385093761,-103.437414844382,-170.992636407668,-196.647811892001,-287.146439716071,-288.254659839259,-266.406756772456,-257.261696019316,-286.866927814219,-270.45043816618
2786.2149206279,2700.97371304278,2677.20140292602,2668.92529825379,498.916887720033,473.310558257784,2349.42622244128,2451.52055693668,2352.74549632127,1825.73791794942,679.190331700944,440.3572673296,465.50278590077,518.542236472206,502.401886935443,514.274048859427,514.504611464546,493.511188396397,123.339944002067,74.2129970141211,20.6666691810397,-95.3552428083058,-295.385303128663,-270.399508580519,-211.664013559092,-282.370661453896,-179.503689585336,440.878482644762,493.444130860225,485.233425657681,511.29159034559,398.54434764629,14.4618568162814,242.221244697409,486.734906755413,1531.98090954121,2315.81178149915,2146.80843633342,1016.87334200734,520.584160962742,506.713917193499,1202.99297464623,1766.80282977746,1584.26114418922,2092.38904415469,478.781307440806,277.833995005756,298.988873826308,589.764212516551,648.692061606046,760.817095440357,1259.61422130002,531.497491727996,425.867549042772,485.101025697277,961.38280741834,1077.45916392499,963.182809014502,1265.89982384584,449.13649104264,198.866941313777,223.373525123278,483.188727130624,563.58411349071,806.677369942383,1022.52838818256,445.332911258615,351.220753863302,319.088307754678,560.129465591638,716.372295845313,539.632429454122,755.370341923833,439.924534135889,-32.1638919906868,125.692217428727,483.30009954897,693.792277189185,516.464999457571,660.462797666877,449.770647952468,126.287305913565,220.711913094636,440.095957271334,515.009316408383,506.14351806424,501.023385358113,454.351802456167,-11.5052978332396,123.662493643284,500.857553871857,470.753505680952,513.275335295411,580.697980626821,449.754407528173,182.205824417379,219.543052232547,438.644250556338,449.382528427204,440.707366407023,105.859587476652,50.7288229601954,-202.194493511024,-66.0358753474877,463.834110699264,448.448145034812,440.182968795799,493.040515424425,442.651331959688,198.201301726189,277.042798703453,607.833675481207,843.523261157509,1188.36824940586,1066.27497202153,443.396876534898,197.883401049906,367.417753121681,529.342032713601,712.546669658191,844.64244455784,586.525008604165,449.660058960513,239.186342662313,332.990352275523,558.753416580805,606.50858706895,641.659033183697,805.74444972837,439.570660755106,315.096054090063,413.380028824583,747.5587266045,1257.60224151656,1446.99718763036,1328.14285143572,521.161334775753,224.370932201959,282.075883692589,651.254532850739,1772.00818728673,1459.20525298518,1887.89336865739,724.68174320895,400.833581938346,415.111700125039,472.714627832691,478.620378625698,476.987379652535,443.254954226387,475.958393467276,-129.919188177697,-197.82866573785,-223.618461566612,-314.591488119933,-315.705514052993,-293.743167629311,-284.550190493035,-314.310511799774,-297.808033742408
2780.05275849495,2703.56225833298,2681.82892132628,2632.12320487022,480.606640896828,453.163490664192,2304.54704779571,2408.60364013965,2307.9922091439,1777.34181053888,642.806758966317,425.476785144247,450.490996371416,501.81570951534,484.286194090811,498.498741012864,498.753652770949,478.302685057136,108.532482449791,59.3578511530604,5.76016078642874,-110.377416863564,-310.606309973883,-285.596110526779,-226.802744316891,-297.578976105579,-194.610395992587,425.980191713272,478.20325345437,470.059691038631,495.705479006596,383.786732735853,-0.449978055894917,227.499356039715,457.03275812333,1484.82794514416,2270.51410433961,2099.62990337057,974.540987735783,504.389257686492,491.267120482989,1158.43146459864,1718.50534679749,1536.66229636737,2044.70960321063,449.271242315508,263.133031752164,284.290652911617,555.969810523649,613.141966702731,722.653431270864,1214.43626717956,499.564305726801,411.044066008888,469.982169405684,919.811549550707,1034.33452379146,921.593551239251,1220.70427777699,421.827357931658,184.12264537525,208.641680584179,453.559732020992,530.636380582528,767.631853970416,980.143447929526,418.635716260982,336.511113027324,304.382718748008,527.255204817415,679.123370619973,507.542614836378,717.267815462447,414.972384067297,-47.1224336807193,110.886578715785,453.673744749672,657.408904880553,485.913330194628,624.91350154398,427.50117303785,111.473665457828,205.981164415545,414.608931811033,483.816438887986,476.299020105315,471.259036335499,430.368601521208,-26.4588688091631,108.855500411171,471.103525508116,441.886684176956,482.123500892287,547.033028160798,427.489272595957,167.447589188407,204.812835603252,414.391678636289,422.06827341688,416.989971574609,91.0363715423066,35.8527464997303,-217.323825323185,-81.0284618870119,442.997497882744,421.164929819582,414.193493293914,462.762266065949,419.525109313945,183.456918793293,262.343598967717,573.281228839299,803.732409899566,1143.84597915714,1023.21110769493,416.777124137135,183.138938732116,352.697449096769,497.4590767191,675.329211545836,804.841899260057,552.778827311502,427.472270389433,224.46661422706,318.291870741516,525.883812646738,572.002533614926,606.200351903667,766.696147670712,415.242643542676,300.402466706289,398.592206265849,709.542671730647,1212.41858005221,1400.12120781958,1282.35935943707,489.855641373608,209.607760570923,267.367608943072,615.670660067721,1723.75862943141,1412.35768123303,1839.60493492056,687.333717086237,386.058664262446,400.307417372982,443.797476307055,449.564716262866,447.966879144784,418.188443369366,460.887322492172,-144.976206609002,-212.953602414312,-238.768938192723,-329.831187404593,-330.946299420579,-308.962557304636,-299.760605948406,-329.549937013214,-313.031387780197
2774.71251443261,2706.14148631591,2686.26187144462,2599.91881797976,466.014701176209,437.334482515247,2265.83206866198,2371.42431768636,2269.38187640891,1736.48213378895,614.057616815878,413.189178630486,438.087292046356,488.254342827986,469.817175707108,485.553644695532,485.82466592049,465.740957300784,96.8379456443764,47.7341125253895,-5.78533618540814,-121.749946035055,-321.663261357522,-296.693659807729,-237.994592496546,-308.657118565933,-205.852921515559,413.680851359279,465.620781241432,457.528682516396,482.885040077142,371.634323669082,-11.9865377646408,215.631445428656,433.99456786077,1445.55192596384,2231.49358561618,2059.26652128374,940.255845805603,491.173003147389,478.539949994117,1121.9368907911,1677.83402556707,1496.91111593762,2004.00504251366,426.404324113473,251.212982059739,272.335454115125,529.479352400972,585.125558547667,692.296260535555,1177.31925674614,474.678509491946,398.811745675118,457.48677020589,886.263682108322,999.275283285166,888.027249794557,1183.56121986009,400.731546709321,172.32025389854,196.801950319686,430.588095308213,504.874886577932,736.463689221546,945.803559163585,398.016042795126,324.461880527276,292.389246412783,501.560190968824,649.598914534423,482.512682223247,686.971795568555,395.687875391139,-58.5899435619892,99.1887024568916,430.703870512803,628.634327355773,462.144755306556,596.877678542201,410.190361551387,99.7708719762556,194.146491726436,394.921334825419,459.549370630625,453.106761872524,448.14254098377,411.76663293823,-37.9644211475259,97.1605942925871,447.993832385023,419.536063407314,457.89307684779,520.667394143036,410.181773319728,155.668770021112,192.980398730153,395.638014894282,400.967694717287,398.630094556227,79.3670644300915,24.263191935122,-228.530701577577,-92.4453396878287,426.697582823496,400.091069334364,394.126679702831,439.263439981308,401.601331657455,171.655620969937,250.425726927611,546.151267084982,771.881453945846,1107.41086580391,988.223573264825,396.222815361293,171.338156758844,340.616019505527,472.618149814016,645.838660080958,772.980689581377,526.334623912971,410.223238830164,212.604867288497,306.278907412499,500.196158998263,544.91231521508,578.273191352234,735.527616827713,396.428654818623,288.42207108951,386.399537617765,679.333771910364,1175.3001514152,1361.22929697932,1244.60703487949,465.48402147379,197.746695896993,255.436693431315,587.621145909123,1683.11998781553,1373.46913405609,1798.73044514179,657.710989963482,373.892563226775,388.10232424095,421.402199437084,427.045534641509,425.479538384099,398.80565326939,448.432992568818,-156.295541710138,-224.167186734289,-249.94145869619,-340.856788480024,-341.970085865775,-320.022147388379,-310.835142586437,-340.575995452534,-324.08436056577
2768.90331848857,2708.64846275947,2690.7246514776,2566.84304154815,452.373703259328,422.830293303813,2226.78784693583,2333.73202488311,2230.43744233736,1696.30626426824,587.893802047976,401.272348025331,426.027861581488,475.295592995312,456.252159556687,473.018159528503,473.300228014106,453.507707493271,86.3032628372368,37.418762346786,-15.860118000958,-131.293985935881,-330.261066635082,-305.411488086221,-246.992865213773,-317.317507769617,-215.003259045356,401.75523736148,453.373783453877,445.33499940813,470.439941507137,359.919864589682,-22.0341399358606,204.584285215693,413.448312184432,1407.52853487731,2192.20781722066,2018.95943215007,908.134019221784,478.446971107503,466.166803240843,1087.29537131432,1637.96213858679,1458.31287671013,1963.46088905457,406.034555098935,240.01540932116,261.04808268909,505.588593631979,559.705380410999,664.452761108376,1141.95656755349,452.381701936845,386.969743177987,445.317476185413,854.965785508012,966.281681820346,856.707743807941,1148.16035107604,381.98091902282,161.457662176956,185.834635495609,410.111873450807,481.707095296446,707.757540444315,913.61669974861,379.68164796799,312.953028713328,281.015043216214,478.461970568084,622.63213327667,460.062465534454,659.198581246146,378.493829471394,-68.4249298344696,88.6439493860202,410.22881821326,602.416310849788,440.874739774124,571.415502468964,394.587770449745,89.2224087621896,183.190567363057,377.390439458556,437.84527689989,432.372017132902,427.490591229544,395.083148138667,-47.8955547860148,86.6245306701458,427.346266651959,399.63660885642,436.226799423649,496.91554457929,394.582004990619,144.878117291888,182.029465912315,378.892176203248,382.211951677279,382.201738941182,68.9095989385697,14.0519329223796,-237.573920340484,-102.124928378993,411.857473213156,381.361810659799,376.278343755711,418.299813476538,385.526025798001,160.795832894297,239.231705665925,521.641212320572,742.451866389317,1072.85741057407,955.323053377652,377.951774959283,160.479723833854,329.038216528672,450.367676504634,618.913225618879,743.538770806723,502.495087710832,394.672573974024,201.570744831882,294.8483385032,477.109020913257,520.44144300662,552.953456362874,706.823414957687,379.628107474962,277.067296591208,374.617418270678,651.661308743998,1139.9400075028,1323.7517077381,1208.48515108481,443.667871686117,186.762585077699,244.219970865231,562.163582311169,1643.27086254261,1335.97103625739,1758.41833136449,630.632088456686,362.163389590219,376.307802902073,401.456982726971,406.972194376195,405.439541679733,381.514398670709,436.313444973791,-165.678151006423,-233.230771583379,-258.882430775968,-349.362122542668,-350.470061819825,-328.627796928837,-319.484965456089,-349.082680449842,-332.670465497216
2747.09109167925,2720.61119772258,2710.6755996707,2438.91286345628,408.10676342214,377.361371575343,2078.89037633737,2190.04069275041,2082.89564062683,1549.37269748633,504.564041611553,359.52111689552,383.741628160709,431.601927787009,412.004138120807,429.684964587443,429.979537049171,410.659342722265,52.7470783563911,5.3356109344968,-46.3285901352559,-158.183091254058,-350.755737409612,-326.71686196359,-270.193153509992,-338.234879988089,-239.231294328887,359.993272206045,410.516840689651,402.633200641285,427.212553628986,319.075886607244,-52.3222926347077,167.679297465772,351.161832420509,1271.80054783713,2043.72102821763,1868.24775518234,799.762768329312,434.949483012765,423.044329881668,967.651607176881,1492.79493651903,1319.86462613461,1812.38679996835,344.451992413012,202.142907275915,222.624858383179,431.049145071885,479.284030587323,574.308801061902,1019.0352348833,383.896463808233,345.526269389909,402.636830465688,750.204077218263,854.060396365082,751.84670380674,1025.02958291896,325.797194346525,125.732408752329,149.44028736499,348.112030712799,409.907746355063,614.036727352426,804.942753106577,324.77298882312,273.222925119812,242.085705134714,406.945437086177,536.07921146658,390.940648286897,569.371543287691,326.908917073805,-97.2788675931407,55.0216433493772,348.230376376494,518.729014129804,375.851785460232,490.715561800894,347.026154254246,55.5987889889647,146.862122060523,324.871727280598,371.495499040141,369.184081895684,364.656555979525,344.527644990128,-77.3547599342697,53.0586654566451,364.516492644142,339.613143272231,370.028111832368,422.981966809554,347.028550445281,109.628506083308,145.729742510564,328.57919125727,326.006699653741,332.691741290325,35.8681818803905,-17.3377652203579,-261.077972988936,-129.929862074153,365.851771232933,325.256904779204,322.875074879076,354.641990369706,336.918538112602,125.087752080078,201.37594417002,444.832640251748,645.745150419234,953.699866204958,843.569598223392,323.275435382829,124.780067509389,288.920936101983,382.067681388239,532.557443701553,646.773997294491,428.177914141767,347.256688653825,164.738700280151,255.561266928049,405.654390529752,443.780193926375,472.97538258698,613.122042233679,329.135384425104,238.224589824962,333.443793941956,562.291335528874,1017.04909246495,1190.95719234794,1082.00993164213,376.849317781423,150.340015013459,206.250899261416,481.57664879539,1498.13885533031,1202.97344770125,1610.32957401567,543.577361381504,321.273245588801,335.099561138677,341.252199090676,346.254187767372,344.857221660669,329.56207451177,393.811993465054,-191.475914456362,-256.872479659747,-281.695539704238,-369.232283199071,-370.304033468585,-349.17546938869,-340.331001517745,-368.961965591036,-353.086131112996
2739.2808197482,2724.76096519699,2717.65578965912,2393.69449405271,392.387990271897,361.291210368484,2026.75127790256,2139.34665825568,2030.88071176037,1497.75255709099,475.557486741229,344.701352749182,368.705561938128,416.031941093839,396.284625293442,414.232424212126,414.53064088093,395.394509815428,41.1698644258119,-5.66885854403597,-56.7056680004249,-167.173040467933,-357.27762574161,-333.551135993798,-277.758055681513,-344.919628434433,-247.192891133846,345.169329853629,395.249567016604,387.429581407792,411.798004604595,304.622995663986,-62.6290022779241,154.790381233342,329.472301332135,1224.21331999671,1991.38644547458,1815.1891472924,761.924035657997,419.437098241516,407.670316735938,925.809403451818,1441.81537868147,1271.30545283008,1759.21943894911,323.009170231177,188.873326138703,209.1374882181,405.111421949676,451.294307523598,542.909035104386,976.027015620334,360.067586960077,330.831193804822,387.439949764829,713.644442918621,814.856102187122,715.251694874391,981.945723726479,306.202774903418,113.307523039295,136.752339216357,326.523284631862,384.924189889215,581.377401161589,766.996078867559,305.609919132977,259.216148679619,228.397396906514,382.061239026246,505.942116936386,366.887585509794,538.084411011909,308.862365463006,-107.029577683255,43.4185217210164,326.641977873844,489.591826035678,353.209557002747,462.624076600743,330.30209048719,43.9944921229717,134.200398399051,306.513840108079,348.405285374521,347.172527256649,342.770082862629,326.803016286786,-87.3412883860423,41.4776861540687,342.63081597908,318.703552086641,346.990866439014,397.258851144833,330.307229843661,97.3896384693121,133.079459640441,310.958392674532,306.404701686444,315.334793887348,24.4915383125702,-28.0721333018847,-268.760073684431,-139.274224157114,349.6203645859,305.68984269139,304.22221026198,332.4841715293,319.858752655995,112.669665721524,188.113165676417,418.108362784816,612.034820236632,912.033395260405,804.533212181065,304.192915644392,112.365305296858,274.759369354862,358.30375349885,502.490828598115,613.042941215158,402.31887777613,330.581339282756,151.878921505451,241.731205133424,380.79265850365,417.107159012262,445.142862040506,580.47001063006,311.453158865963,224.571309811712,318.857920794552,531.166781043273,974.052263115908,1144.42760189934,1037.73398652367,353.593854710373,137.641416568963,192.942486801614,453.528167189583,1447.16989889201,1156.36831111448,1558.2823014921,513.262039454166,306.801595868382,320.499643127325,320.279122489955,325.101132089357,323.751839891453,311.387688002203,378.688519465542,-200.044046924497,-264.607794246525,-289.111220739221,-375.513588485668,-376.571395994823,-355.717792738763,-346.988288798185,-375.246786452602,-359.577593669284
2728.37918161985,2730.12615908005,2726.8849455953,2333.37605201793,373.589270821855,342.69133919071,1958.36467248867,2072.52191288231,1962.64734060045,1431.8043919304,442.347935594449,326.061473591441,349.736437928975,396.816401346544,377.402672988206,394.832609864399,395.126697686973,376.09842530801,28.1453252043391,-17.686080379762,-67.6201456471828,-175.651553240554,-361.432755393348,-338.252761142285,-283.73854854945,-349.359642843637,-253.868324683928,326.529136259938,375.962539674186,368.22912006685,392.387905559585,286.580309022757,-73.4197181195391,139.460252739156,305.613794193573,1164.50501667223,1922.85668889079,1746.27623943923,716.488604665848,400.099866969221,388.275995476087,874.623752428448,1376.90237361339,1210.15844996193,1690.34609830546,299.480636958976,172.874252111513,192.758382548629,375.91780265234,419.426191555389,506.46158563256,923.151944419022,333.597490305446,312.388559134675,368.228650771054,670.024362372529,767.47355667628,671.580046688621,928.951074052864,284.811062665977,98.7915317684341,121.774997473735,302.801946570714,356.960831371576,543.201359851955,721.402249415491,284.673947482492,241.935607734918,211.67087233774,354.232509739616,471.213872318466,340.109681497197,501.799444017933,289.036258148299,-116.843602039178,30.3483861878437,302.920051188649,456.162146085709,328.123926242545,430.58419322304,311.524719581907,30.924891794027,119.268393615477,286.399168432918,322.850070231734,322.834997284395,318.607545288367,307.093636016259,-97.5647627224985,28.4464634736655,318.465040231188,295.787689162571,321.50658831698,368.369021277371,311.532566974858,83.2010809346152,118.167221963658,291.540849701679,285.0025234623,296.126407308287,11.8197260672305,-39.6145335611368,-274.945813359791,-148.374733984033,331.04766119765,284.332684578835,283.832416407083,308.092670847833,300.890998969556,98.1655461130422,172.125390220917,387.927370919742,572.420673140026,861.126295433681,757.406437281032,283.358161457259,97.8669948193224,257.212281621105,331.920686789325,467.867283694753,573.398200711748,373.23630084165,311.850017576128,136.598888595467,224.755038019502,352.99967670892,386.991818885436,413.498807754622,542.307503705649,291.965597691784,207.901696150042,300.593461371275,495.117135141267,921.198918351827,1086.37741741565,982.993271605095,327.81057798534,122.658090349201,176.878167181497,421.576132072632,1382.2534403352,1098.17823244223,1491.56675604645,478.277740918221,288.732575484845,302.216842697691,297.27876083576,301.859320320875,300.574661111329,291.397228188103,359.588451668483,-207.782832877598,-270.88686006853,-294.830603253179,-379.247922924146,-380.281341349405,-359.908689800184,-351.380300945358,-378.987270629213,-363.679521170157
2723.7058999796,2732.02218616536,2730.34194690936,2308.79791130151,365.832368267364,335.02250734126,1930.57453376111,2045.34878034329,1934.91853818172,1405.05501416388,428.863722752722,318.429360573575,341.957120236383,388.891534768433,369.612014464851,386.845107833344,387.137544172027,368.170172612199,22.9242192916586,-22.4810866679803,-71.9488642468475,-178.952019018793,-362.9128128536,-339.962698289181,-285.986634955002,-350.959527344159,-256.409028964375,318.89639722007,368.037657713923,360.34438053735,384.3997753286,279.211598027012,-77.6959498440816,133.258705185627,295.879696133873,1140.29727351385,1895.01284771274,1718.29760241658,698.069280595016,392.129257458978,380.298276595744,853.87605603067,1350.57595946368,1185.36662275693,1662.38958222706,289.879351565921,166.387339837415,186.108578128452,364.04706761366,406.481264425549,491.672891280953,901.719661817393,322.819887932437,304.844067213117,360.340127643059,652.339365648643,748.266289651966,653.874142921417,907.470010717858,276.060220173414,92.9373132699116,115.724002995617,293.123142181931,345.58381057823,527.715422558439,702.918669952833,276.1032779631,234.897713477967,204.871503583214,342.909740810126,457.118177847904,329.207921500028,487.076566436538,280.902514383727,-120.707477959492,25.1078904509423,293.240973936815,442.587741031319,317.897082892229,417.568880127719,303.796859177269,25.6840909767309,113.236947908006,278.152413308984,312.438411139555,312.906379326017,308.749641123577,298.999264885567,-101.602458968227,23.2225339889487,308.605689307809,286.430059394075,311.123486452189,356.621140657541,303.805774456935,77.4859180818526,112.144306483307,283.567619236434,276.247466497662,288.234064737807,6.74804774805148,-44.2084235639883,-277.280300694712,-151.937514275534,323.3935814319,275.595689787136,275.477951307387,298.14684601816,293.091929289185,92.3164198851711,165.643458388526,375.66137039968,556.354828007062,840.49225890605,738.303227523004,274.828025420104,92.0203540555519,250.059001418362,321.178124644894,453.814100707271,557.319939591214,361.410457366118,304.140235628109,130.419020638866,217.848690773616,341.691486456872,374.752146015779,400.644550731493,526.827150220082,283.964521701526,201.127436555954,293.127561267107,480.489604985973,899.775606633634,1062.84563046544,960.804039343145,317.306887519995,116.6038449474,170.36276703058,408.597241920218,1355.92504680613,1074.5887873547,1464.50168215346,464.078361466712,281.351834988701,294.742432610478,287.887141900363,292.37048954416,291.111874014841,283.197578694023,351.75019202079,-210.771569574166,-273.260680089215,-296.968843057545,-380.551000437268,-381.574160550706,-361.403797790945,-352.960005133555,-380.292934844267,-365.137206853593
2702.23011352216,2739.91098146167,2745.24082167873,2201.67739713738,337.102063185799,308.230578729775,1812.15958747086,1928.77247988032,1816.74212104223,1295.24059630757,382.87169997479,287.806433698275,310.600342172831,357.994845347601,340.54288537668,354.878431562316,355.142711974024,336.11659256012,5.79069051161866,-37.1937168905137,-84.0132059860799,-185.177480215964,-358.813470123935,-337.166227972497,-286.241113763813,-347.539283635813,-258.323206378184,288.283095572907,336.027526267357,328.512098151651,352.287587607209,249.983906953495,-89.4622882059281,110.56502894221,265.287319494803,1043.56505436791,1776.63746340622,1600.69040059594,629.52611103197,360.569775312914,348.141437467928,774.227893675994,1243.02587228536,1085.75714710631,1545.30846676496,259.868116997183,142.076963846645,160.881278993472,324.909605390377,362.805903210423,439.887214865845,818.77497499754,288.24058771438,274.67363312724,328.44502548173,587.251686157604,675.995668356557,588.685121391359,824.269192388868,248.992505143895,72.209034464535,93.8825145639402,262.778201328182,308.500178864713,472.777041146831,634.061830582062,249.542900090475,207.49708921854,178.808973420911,306.067521917138,408.435240493402,294.066905271085,435.606312603211,255.364589883029,-130.131886171031,7.86429816538327,262.892397377458,396.09577788158,285.257862893057,373.502840030072,278.364448935809,8.44417114649661,91.504575350017,252.416523864961,279.290934421285,281.35084422184,277.521359366534,272.905653671372,-112.004127459057,6.07284960156164,277.36110964603,257.251901379107,278.101178675953,318.060071976963,278.375807744707,57.547338262873,90.4595164161063,258.358889295381,249.160544619731,263.045820643897,-9.53688892570517,-57.7791966626396,-278.024754975059,-159.652177271557,297.229870431032,248.583846037769,249.547705759489,266.84443156993,267.948025388436,71.6168127556633,141.359897408337,334.9442064373,498.803915411623,761.442305020906,666.56023629363,248.429897732372,71.3347596417126,222.016864991176,286.752519577351,405.341361086788,499.708040957455,322.482864978135,278.742611866698,107.845743383531,191.179860724957,304.926268522135,334.143495046448,357.397922413053,471.921959030598,258.662101187609,175.197694886985,263.374217206415,429.477983517135,816.885230339585,969.635793965608,874.153018843754,283.740396027409,94.7675104572348,145.897273885188,364.760918526679,1248.32538633992,981.036556710853,1352.85113470777,414.900769421674,252.068918033538,264.953122268519,258.561215640761,262.617512538229,261.474869234457,257.386629237302,320.104197623582,-215.227938521994,-274.228356774373,-296.600665661304,-375.448718559031,-376.413742053929,-357.389779794509,-349.425438945971,-375.205312760183,-360.911103460813
2685.71779536705,2745.44060445473,2756.04084529595,2121.73410668518,316.702249974801,289.667172295823,1724.5225696664,1842.28062953528,1729.27500441096,1215.06033633486,351.679738645295,265.498571895936,287.70086493964,335.631814260026,319.843721424978,331.542827267183,331.781040896039,312.65970885181,-5.51876529626338,-46.5326636960478,-91.1969981734919,-187.612586509813,-352.860765186973,-332.271448632182,-283.824166753749,-342.137984984352,-257.254607756806,265.9846187065,312.609560187412,305.235536564355,328.814389661181,228.81063065791,-96.403344689055,94.7236513559446,245.271508939506,973.633242435556,1689.10141697078,1514.07982726839,581.314820849798,337.605403175086,324.619461088327,717.51580612299,1164.6389486977,1013.60008611449,1459.20131741483,240.284260030346,124.916758479978,142.972930062937,298.757361633036,333.324297605885,404.365901683135,759.531637467814,265.416087005082,252.732605996138,305.111317004415,541.674015559991,624.938540017714,543.029473716733,764.824086690338,231.389642134257,57.9705688116042,78.73627037705,242.947786913379,283.845980065831,434.884990882389,585.608650116377,232.242689059057,187.814801400264,160.219298723651,281.593849614467,375.239065308922,270.819932331694,400.326820707454,238.589566988942,-135.168086354151,-3.53488552953797,243.058623437818,364.504220805005,263.749663423683,343.70888526859,261.230196645606,-2.9518973963211,76.4473788216048,235.572440723585,257.485344014228,260.589146780467,257.007719195389,255.526101521694,-117.834929325141,-5.24977057075375,256.83262704852,238.225171009137,256.388684293811,292.346701666042,261.242787096607,43.9524435996738,75.4411562630579,241.730315151098,231.543212492669,246.345019989929,-20.1553498564075,-66.1884492502129,-276.005817931583,-163.298002570457,279.278462310025,231.021253230816,232.632239401552,246.358604102428,251.184798846446,57.4017481032201,124.221569633225,307.658040081668,458.94979366067,705.20179379199,615.91465647828,231.24623851517,57.1311253157811,201.810800557669,264.042364312472,372.307928429288,459.806799335912,296.49022865347,261.622565884477,92.1026354855877,172.094813183778,280.513379094125,306.93618688963,328.243595273643,434.056927413842,241.971359077704,156.715975423678,241.772507791018,394.550533481227,757.686249430992,902.472709819936,812.048960479187,261.618971569355,79.6284944217614,128.610616388896,335.156344623935,1169.89090854913,913.595106318366,1271.18554380673,381.325903565221,230.851614692552,243.323147542001,239.42491806265,243.163334767052,242.107433565164,240.412835597236,296.971825665591,-216.225254467035,-272.390846006539,-293.678090610526,-368.681691584949,-369.599510335265,-351.506370444874,-343.931338188454,-368.450189119108,-354.855487041194
2668.59203097615,2749.0343954091,2764.59754369643,2045.87001954872,298.040630580554,273.056122412004,1642.24131763607,1760.83133186325,1647.14397147886,1140.8374042559,324.732654137281,244.786491725579,266.366915517102,314.852842012171,300.863824026063,309.738674685523,309.948439847799,290.735340215034,-14.8483200588073,-53.8394472989031,-96.2921398167272,-187.840411763443,-344.507228505168,-324.999407964609,-279.085920725524,-334.348110467387,-253.895847549196,245.281992575685,290.726248145872,283.503349565808,306.865842853742,209.2870856497,-101.248900256627,80.7264692208247,228.519259835264,909.501201575344,1606.9894013249,1433.20204116206,538.220324635346,316.184695284742,302.621793876009,666.242137579142,1092.20099254373,947.305441487071,1378.91026385087,223.935664266243,109.55855728455,126.840788512334,276.468511629031,307.964615056797,373.351500559341,705.815143116945,246.181325946444,232.405706016242,283.318642130554,501.102516106963,579.11310479934,502.382560061315,710.907807302662,216.704029371704,45.6274261603234,65.4565686384339,226.370187454049,262.93068419818,401.629467395996,542.279711000363,217.77274320217,169.84326422687,143.380941201023,260.848296265149,346.415257271498,251.185743136183,369.545467559383,224.399903122405,-138.06089422114,-12.9568662408534,226.477268426986,337.155843588281,245.627898607886,318.035345700639,246.317593639207,-12.3718115293348,63.2600705453489,221.387929129488,239.160914412363,243.110616145748,239.765595826522,240.600576333558,-121.544310663784,-14.5928395070026,239.574276695031,222.340557870961,238.151316136527,270.477844093144,246.330816398445,32.2716700316332,62.2941621791862,227.589843634977,216.843923893504,232.059548253068,-28.7749090650237,-72.5401150572197,-271.67469261247,-164.765987091931,263.363919529205,216.372121181295,218.446470977244,229.220014337608,236.756486430499,45.0828258824118,108.886314382815,284.347123000753,423.842080137757,654.395347724736,570.492695936625,216.8814712539,44.8240155359036,183.294626560976,244.914579110002,343.642427296723,424.653332299692,274.353926081369,246.712866432586,78.2076044570235,154.743675391276,259.827944155017,283.697281275079,303.197954450167,400.828945414585,227.77956125567,139.990711284453,221.801141724262,364.108794987146,704.015223903594,841.076502355472,755.557132729535,242.99528937109,66.3564160425772,113.120472391234,309.678608885029,1097.39742833074,851.91474569221,1195.45352858444,352.137691980112,211.281413160861,223.321671239524,223.438188947865,226.87910717899,225.904770804479,226.041365220667,275.392259272259,-214.981157851331,-268.245467400926,-288.422901860214,-359.495783087153,-360.36534835666,-343.223692770468,-336.046637031094,-359.276448616795,-346.396773640955
2650.54654348573,2751.93113338357,2772.51813533018,1969.22837660184,279.950671347295,257.360113958218,1559.82134769458,1679.04020085598,1564.86757874176,1067.46539990219,300.12674765061,224.28809033686,245.191209951869,294.346175034119,282.414993753637,288.069032209387,288.246008808358,268.916576114319,-22.9696249443494,-59.769209419359,-99.8261800400903,-186.105571950597,-333.493267692842,-315.154327234415,-271.97986536367,-323.943335799703,-248.281462757214,224.794393346631,268.95386095375,261.89573781082,285.030678639065,190.085571855253,-104.512292902407,67.5393095489989,213.885766089644,846.715225932468,1524.8047992726,1352.57969362304,497.205581063539,294.947663433599,280.728726835084,616.810514427073,1020.71764095721,882.27450112017,1298.97887133244,209.706565859945,94.8927289595591,111.333307506274,256.479988723469,284.938614983935,344.650121094087,653.863033964617,229.198676746512,212.327497585546,261.642307208278,462.674205950529,535.294497515397,463.876299319393,658.74518588557,203.957316854201,34.237074944383,53.0489366845901,211.912999129446,244.292749334238,370.65824016506,501.022183201622,205.176247648628,152.333476286825,127.104965231876,242.381401271313,319.925503926381,233.798482733574,341.084228959498,211.877105347708,-139.210230860247,-21.1784944637154,212.015727229708,312.122395355382,229.647745097731,294.674877207016,232.686777690059,-20.591605816032,50.9530324437272,208.939029479152,223.049789214041,227.722291624812,224.618467153075,227.1720354687,-123.578369313721,-22.7287922536771,224.40848295846,208.521112939194,222.127469363523,250.919494469653,232.700120798923,21.5999722253132,50.0310258379961,215.029862040903,204.083347656558,219.277559175783,-36.1265947131762,-77.4346489871219,-265.008813919966,-164.373121508951,248.491154630381,203.66083728409,206.060746023402,214.250872855678,223.747709957946,33.7188219900883,94.2455643377792,263.370743416061,390.997167152947,605.456304851521,527.095882985987,204.386733290462,33.4728515239244,165.191291371193,228.039205699066,317.317151185705,391.760962406034,254.521479987537,233.074716401747,65.1317433299959,137.909650907309,241.424462638643,262.791432368278,280.494343665655,369.887443387314,215.174778610262,123.838129971142,202.110971268735,335.997861438975,652.112310200863,781.168335822034,700.7287743525,226.580421764661,53.9583621536526,98.3107516805177,286.53134213653,1025.8486237019,791.700106664269,1120.45962544192,325.272911771827,192.029136969492,203.598847838412,209.516688459557,212.659142503788,211.767006997602,213.340186553608,253.948827699931,-211.654085224469,-261.780526312034,-280.758101095181,-347.582257473777,-348.399672396005,-332.286329285917,-325.539402369908,-347.376073803735,-335.269156267663
2627.86253042115,2753.65885940285,2780.11166758561,1879.22308324764,259.46163356488,240.027964837593,1463.98183657559,1583.66339797344,1469.18492947558,983.329676896765,274.161805192421,200.699949831873,220.739843209287,270.733102734884,261.466027645388,262.974874986336,263.109174622438,243.641148278478,-30.9586273882273,-65.0123014752932,-102.068188608922,-181.753046754402,-317.542638804671,-300.663872964397,-260.911766602176,-308.753678438779,-239.077847401335,201.21956836752,243.737545909317,236.891889120831,259.726506693525,168.146065786473,-106.414787033104,53.1877890436205,199.18177128789,775.420874500545,1429.32175302729,1259.31994825293,451.96324449917,270.396849298274,255.353275813635,561.55375062171,938.892525771832,808.285857113677,1206.6498199751,195.470806111528,78.6814228200695,94.0615889521338,235.802542128778,260.790516565466,313.918433626313,595.599471149561,211.937805730023,189.274425028001,236.550698674986,420.497403199809,486.723871974398,421.60633504263,600.225124961547,191.221836844154,22.1453390756959,39.6779701152544,197.414744644993,225.148877948,337.268937258706,455.489148997721,192.537549659718,132.534827141213,108.86363078756,223.436763185533,291.774944937007,216.063816363912,310.638661234395,199.081852732527,-138.466473339638,-29.2935097140347,197.511726925146,285.630837921927,213.413533604163,270.114641609835,218.163367440359,-28.7054483996451,37.7090754962992,196.309436925818,206.750047664877,212.111017680504,209.291724634781,213.131631867833,-123.944043288784,-30.7361481205035,209.057384335981,194.694647426963,205.928857681636,230.751426166471,218.176253738142,10.4103725870262,36.8425172126169,202.090804356544,191.331636195797,205.992340722879,-43.1506357390119,-81.3798913530761,-254.490826109984,-161.699422793374,232.255596710055,190.965057810674,193.57951651236,199.218939211088,210.1027500873,21.6602936602479,78.0661629431554,241.59253520197,355.416951802284,550.800018478008,479.035129721268,191.861570209899,21.4304886736185,144.642084451558,210.902682618115,289.36414459511,356.123835078881,234.028638514316,218.530892827608,50.9209325884749,118.964921094859,222.557049906725,241.09296395733,256.728903821859,336.535167360318,202.191620723585,105.753663351006,179.551255621247,305.970052015503,593.910250222201,713.37465185368,639.018553445264,209.924278989303,40.5995187931603,81.9170403681242,262.23923792557,943.935269322707,723.524413936389,1034.30905805876,296.676101706366,170.024553676531,180.997106594197,195.572366691884,198.368731099863,197.572352790714,200.342907804256,229.155454008831,-205.310470337076,-251.513824632313,-268.991964616613,-330.507976271136,-331.260247472773,-316.431405570277,-310.221793421497,-330.318220157285,-319.176573766912
2620.8876932614,2753.94365632759,2782.13942347057,1852.08272672744,252.982692381177,234.405426908383,1434.97376226447,1554.83265149092,1440.22505308235,957.633935182708,265.599697757988,193.451055587774,213.233998820655,263.402401706777,254.860477333145,255.25014411811,255.372892038733,235.88680363695,-33.6702449961061,-66.9289933906732,-103.116109579806,-180.892542018829,-313.326853255995,-296.870463937058,-258.108360051555,-304.758013439146,-236.813827372948,193.973812142524,235.999154061365,229.218328625572,251.948126319791,161.382472701368,-107.364363422871,48.63197309689,194.050916491547,753.473205214459,1400.4076560101,1231.00821996328,437.6741407438,262.81323291214,247.5598530084,544.311629961665,913.86834602409,785.54760466876,1178.59659735979,190.480309988012,73.5861553318,88.6582171560123,228.83667394372,252.775360613092,303.932090438197,577.472062134005,206.008491151404,182.183792442635,228.853711549834,407.114228374275,471.452068166964,408.195756247389,582.023010504999,186.724353306422,18.2451068221268,35.4066266704186,192.345266402367,218.648583940702,326.491470299057,441.114626986857,188.084808599538,126.396184738976,103.178027213018,216.995977334356,282.558509672644,209.993481599027,300.736630817805,194.632153864746,-138.650223680154,-32.0416483966385,192.440659094598,276.916186742226,207.817616219788,261.980091078134,213.290207352399,-31.4536602221789,33.4747142431962,191.89268977113,201.118179052862,206.71400711969,203.979053571838,208.349665050507,-124.449612994922,-33.4530730291791,203.738005572402,189.839790775147,200.327293911777,223.936155543292,213.3030826834,6.77151655904117,32.6243048488883,197.619021393011,186.82933303763,201.435654362026,-45.5828063080684,-82.920735163812,-251.846559366505,-161.324689234659,226.929375876066,186.479736540112,189.191670802594,193.977791168249,205.458808384824,17.7697108834359,72.9802647882456,234.288525455623,343.986883875221,533.732729721732,463.912410043258,187.443694410229,17.5446003166185,138.284634422401,205.010626776446,280.205641857789,344.677059327785,227.117379053711,213.654113518752,46.4061411240434,113.075129539401,216.138693364758,233.813221730483,248.826745041561,325.768344939034,197.705047231571,100.114249061655,172.605812482628,296.191038743528,575.800529677717,692.447466910572,619.878747651595,204.186462427076,36.3304591424709,76.7683716521127,254.181581903556,918.886588723921,702.487197597045,1008.03202819517,287.328082037893,163.241263758419,174.038720005178,190.682133317598,193.374842974116,192.607058960698,195.83181872764,221.54745286506,-203.873900230457,-248.942261643,-265.986639608932,-325.967162454449,-326.700590039983,-312.243305061555,-306.189118703509,-325.782158221726,-314.919727404543
2602.73733259323,2752.98938218779,2785.32570270642,1787.38582989464,238.750776529877,222.682826148383,1366.9736807929,1486.91631149141,1372.3260884844,898.922229094561,249.143016737355,176.891633454687,195.992328973379,246.737877021337,240.272778507624,237.461660028902,237.550999079601,217.986674693339,-38.162523655761,-69.3155033400966,-103.201791941271,-175.92825109263,-299.496465538446,-284.155493026785,-248.008422003123,-291.508898413883,-228.1392030227,177.423702768364,218.144150284567,211.535011343464,234.003137725532,146.116914789309,-107.189253745796,39.2442404609986,185.269447541546,704.26768091081,1332.73240333293,1165.26081135225,407.45768649075,245.426875592973,229.566811255917,506.843727745642,856.883748454084,734.372207585286,1113.61762067264,182.027531538648,62.7646746231616,77.0170626597804,216.044158158341,237.583892500931,284.109115983386,537.820496838621,195.562998255662,166.045854731928,211.103503093148,379.10783680002,438.832033292408,380.121560897124,542.180586559037,179.152473386167,10.5994674053941,26.7749732086606,183.709532566956,206.908292841929,304.778944636481,410.686167875677,180.519706327731,112.796906943846,90.7856310177258,205.396528288223,264.564030602005,199.211085515639,281.121183445885,186.76612429306,-136.44837555916,-36.6308895602867,183.800318051881,260.062875974899,197.984175010618,246.478004475316,203.862275470015,-36.0434368203247,24.9415597789911,184.206026584684,191.308796352644,197.267704980015,194.73682064361,199.454797502675,-123.100024763798,-37.9594209715621,194.476604067864,181.622406169983,190.588967058157,211.510449895058,203.874362243826,-0.180534356953899,24.134171875286,189.572702505575,179.245928470851,193.076468062596,-49.334379862316,-84.3111415723439,-242.167079015819,-157.645215862156,216.086853926511,178.934668365171,181.66851384828,185.014698142531,196.770925891364,10.1497521190731,62.1838238277568,220.758195266831,320.719174467604,496.71184731955,431.668323602195,179.954841060262,9.93712398134585,124.101980789022,194.652549076112,262.355713331378,321.367771341008,214.457620443538,204.202476499393,37.1277520332488,100.138930080342,204.596539566208,220.337305249412,233.911615056668,304.084000820729,189.63395110548,87.8449817548455,156.855096005768,276.8788631025,536.196051724241,645.84208436477,577.711024826172,194.123066349302,27.7070216499005,65.8044876542791,238.886087472742,861.829072616724,655.590267584754,947.788262520603,269.010433343456,147.923612034717,158.253997066008,182.382282318723,184.831623728793,184.131528903718,187.827659071054,204.034422218578,-197.386621188301,-239.455003985382,-255.353430046564,-311.278513381948,-311.96218098401,-298.486044409238,-292.842303422476,-311.106057524932,-300.980928606501
2576.90341149289,2749.64937077317,2787.41255238352,1701.75390186535,220.695832129615,208.300953081213,1278.0213655439,1397.77334852395,1283.49439581711,823.408470979173,230.419180035268,155.50219819026,173.627407063486,225.17515593723,221.708179967927,214.299148956418,214.340064559324,194.675771715257,-42.472167077149,-70.6602865544328,-101.307701841067,-166.930819400128,-278.042931807859,-264.268231064574,-231.79391105617,-270.871561916825,-213.927157237374,156.047061715388,194.897554098144,188.536345810756,210.618893064914,126.572867113307,-104.927584372776,28.0271823028526,176.213209876793,641.751461858592,1244.29625548493,1079.79381546504,370.546042914665,222.829284873652,206.116974264602,460.213517462831,783.751210789267,669.191943986623,1029.29522070756,173.398539804836,49.5220786841044,62.6146717200814,202.01948110036,220.491091712053,260.982776890242,488.255519562304,184.520069855044,145.258501905264,188.009397860567,345.145949043263,398.707109047654,346.068368935156,492.353498731806,171.435335418495,1.8434491496613,16.6261805426906,174.844468324469,194.218661804279,279.164543161845,373.488491475701,172.728251005641,95.619799428351,75.3189111224995,192.891268907324,243.8365561158,187.72447928384,258.273398751568,178.323108672464,-131.335591353008,-41.0773549978281,174.928499717157,240.788659285021,187.59147517237,228.953990118953,192.91059450081,-40.4917849430821,14.9324019022665,176.082330366228,181.040831851182,187.310800011992,185.050900864606,189.463078255089,-119.188160235367,-42.2888728812352,184.762863542331,173.229200207345,180.413445445448,197.974842271048,192.921015329876,-7.95836371110977,14.1860197192324,180.78694422879,171.513621114323,183.788258484696,-52.6004915907729,-84.2527081367306,-226.543205533453,-150.454260410044,203.002439848756,171.250954637991,173.838308018583,175.78793086804,186.951045025164,1.43008208854508,48.9769606431307,205.821124301824,293.060121347396,450.695817745212,392.055625703846,172.257861078212,1.2351046167696,106.096759511862,183.723400779647,241.823882390502,293.652529827239,200.609727990886,193.207160299323,26.0658815077161,83.9025033091176,192.169875757113,205.468876784947,217.188220140385,278.509090236061,180.824368114292,72.5538826100387,136.620084042964,254.438520979358,486.697305390788,586.890989281796,524.748347164912,183.519817385963,17.5697234084685,52.3592987029945,221.654163662562,788.587857472908,596.230167056828,870.131720816843,247.849793255788,128.304690195369,137.969931737221,173.88222447598,176.014671338936,175.403189927702,179.209996867974,181.280739118583,-186.248623490239,-224.101313156991,-238.390051302838,-288.61989423427,-289.233691520667,-277.135214348192,-272.067816564274,-288.465058334561,-279.375189740531
2551.81315793902,2744.98537276309,2787.68277175527,1622.99566588112,204.405622768961,195.54908471893,1196.83124857611,1316.23494440131,1202.40703073058,755.176844433681,214.684939678513,136.093973942474,153.278194081939,205.535973632115,204.932685839435,193.152585139711,193.147170637893,173.40917008068,-45.5803157391612,-70.9511189311808,-98.5212466671117,-157.399233363882,-256.693533023889,-244.40431800573,-215.41378426768,-250.296243839817,-199.446896687977,136.650311544199,173.691752731685,167.572245671383,189.265617844053,108.938356481367,-101.791559862494,18.3446315732666,169.075190502755,585.65594019711,1163.62818458204,1002.08359352037,338.163608909679,202.207777763562,184.70644552374,418.862825572515,717.753904315763,610.625144660051,952.705999137206,166.647738559979,37.9098064538969,49.8960043750582,190.509840837879,206.227732058222,241.24394697898,444.192248341935,175.675803370925,126.430053082145,166.955166465862,315.478932251101,363.363862268389,316.316861048146,448.044844740034,165.386909460798,-5.49447692379113,7.96146472616863,167.880658448093,183.901457907415,257.153444505742,340.841076782675,166.568466218584,80.2509318767804,61.5837343947145,182.741875732576,226.28383676243,178.47499095502,238.791856353064,171.435455887676,-125.492042642458,-44.3157323169163,167.958154173704,224.53605575765,179.25812109097,214.284361909692,183.498901150219,-43.7329329121969,6.40110838272903,169.52941071808,172.871104402708,179.336257728221,177.325090870397,181.060593216451,-114.486804365123,-45.4158398726622,177.010353317605,166.654694904067,172.327547512701,186.915126816699,183.507476095466,-14.3656173333054,5.71303083813052,173.531642109837,165.451354345708,176.027405143086,-54.7165753942134,-83.2096117078994,-210.72340352753,-142.637529563259,191.505388314496,165.232059808576,167.594056792789,168.530365451124,178.653639533587,-5.87316158387341,37.3990301410983,193.509759965327,269.183515219483,409.920242783354,357.189672755786,166.181212365065,-6.05130973397877,89.9357642646366,174.982346683109,224.452725182316,269.723821847238,189.26259828907,183.749184026039,16.5317602234262,69.4330269694074,182.093941749008,193.21859640188,203.265239906927,256.535368461767,173.551921764949,58.9875183999624,118.322535830021,235.333490735421,442.696899884326,534.130031226541,477.53573749188,175.043453592436,8.91505338848208,40.5528095076745,207.262592612648,722.484079119246,543.081554672095,799.872688793535,229.897323147559,110.59750040889,119.624514847208,167.211071551449,169.056008143709,168.525177273009,172.166725498169,160.555815583792,-174.685564834317,-208.537932880105,-221.299652679323,-266.12762438167,-266.675157012411,-255.88323405894,-251.36244894895,-265.989499290668,-257.881453486848
2536.77080268086,2741.47105580395,2786.95528905141,1577.88027156826,195.113615178054,188.304425608766,1150.54389714747,1269.69060964786,1156.17534806448,716.467805403598,205.975080915302,125.055550811038,141.687648036198,194.316183691907,195.361437472517,181.07573880415,181.043644308904,161.277653769893,-47.148892392318,-70.8884510731463,-96.6769629348335,-151.651374492778,-244.110420095931,-232.680185469164,-205.704327978804,-238.160735167974,-190.836300654605,125.618057767225,161.594958231493,155.618647300223,177.072804885114,98.9367102297205,-99.7447538538296,12.9648606791829,165.190351737772,553.917598066606,1117.65395244721,957.869709573394,319.986900980479,190.425552235433,172.484090798436,395.566785282069,680.331708031506,577.47259632216,909.153279087466,162.982092839658,31.4105929426726,42.754277075561,184.182772756294,198.348599864286,230.263463153905,419.346597374958,170.848337614146,115.731139519497,154.950216944474,298.850411578682,343.49830879532,299.640042058484,423.058037086526,162.088841377703,-9.5140822535277,3.17219897073005,164.094680564906,178.245043477846,244.882248310451,322.512818286849,163.196875053396,71.5686695037365,53.8511088854964,177.180644575101,216.543941774797,173.417348676265,227.958317353174,167.619457886503,-121.878253563385,-45.9598025070686,164.168370657056,215.527023401718,174.699964178863,206.170668503755,178.196421579485,-45.3790906786376,1.68942692040866,165.913496899478,168.418574331368,174.972206836877,173.102673640671,176.361015960679,-111.534929548538,-46.9953089984457,172.772534655914,163.07975226546,167.922485816171,180.844486186493,178.203873750421,-17.8458729384105,1.03525899580063,169.494192569667,162.145435018874,171.692186589654,-55.7105432475603,-82.3743553774484,-201.338012791975,-137.881889125739,184.988284483838,161.950521935092,164.162910611215,164.586426124735,174.002064986453,-9.87262283637108,30.9198818731281,186.735255045462,255.853255144202,386.955059171274,337.597959402537,162.856063435948,-10.0410016124816,80.7924967659932,170.213337477367,214.816745848813,256.363749462502,183.028112051305,178.418935384282,11.2383689340585,61.2740214268871,176.574860830178,186.478382575854,195.580269610177,244.285774604962,169.505836312832,51.3535762902043,107.933938111616,224.715012223201,417.887690586411,504.309048985576,450.888258353565,170.416638288151,4.13089726958469,33.940341881723,199.310332907764,684.999072401997,513.036031929877,759.990451207142,219.929229778631,100.552950091213,109.207502376835,163.581475919423,165.263579486466,164.778488494826,168.26332520389,148.744470021412,-167.762500618779,-199.300885492788,-211.179471578211,-252.883669741599,-253.392885622752,-243.356457923951,-239.151749594759,-252.755207527028,-245.214884166402
2524.45251898227,2738.26708467689,2785.95515218184,1541.83813189074,187.627955336736,182.437264633173,1113.6246122123,1232.55318809688,1119.29950719256,685.607224307458,198.944592261929,116.233624388587,132.420374857329,185.310522684944,187.655383444607,171.401755267391,171.348637983872,151.572128487986,-48.397238964308,-70.835500407662,-95.20283203274,-147.064220322338,-234.074314934739,-223.328745401765,-197.958808183072,-228.481397272597,-183.966775979988,116.800670435636,151.916636879985,146.056788012504,167.309686372496,90.9480827727954,-98.1089983899296,8.67365026848461,161.984805116913,528.600597924314,1080.98683763011,922.617167824212,305.443592188461,180.978536104938,162.700349733077,376.95835586988,650.495299932038,551.032115517569,874.430646332263,159.950405364685,26.2251853062962,37.0552120397094,179.041689679571,191.976863110805,221.431656411986,399.50750292361,166.896207337148,107.182536491919,145.348243119661,285.53619822842,327.614147289751,286.287464572804,403.106633333981,159.347806851091,-12.7187670021043,-0.647287291594012,160.967570837661,173.635671743505,235.026311508922,307.849120846748,160.397367616804,64.6371194609552,47.6792740270267,172.646791651254,208.696405568922,169.282587804824,219.243213705229,164.467338114148,-118.992825904596,-47.2684220926078,161.038233963122,208.258286564691,170.960045871095,199.612099640013,173.866490003562,-46.68968715635,-2.06797101383484,162.920027908422,164.763466757813,171.385765430197,169.628663364437,172.508157153698,-109.177942139326,-48.2523418934495,169.286346794378,160.119692587286,164.305032582639,175.906955709631,173.873052839391,-20.6200379037226,-2.69499872409779,166.166489026451,159.398178399131,168.128510958558,-56.500396382272,-81.7049519724177,-193.85082349826,-134.085899623322,179.696757471457,159.222591278603,161.316011283644,161.334356335164,170.187701110369,-13.0612018523985,25.7505924081049,181.239740716788,245.157134112728,368.609865585454,321.931509652572,160.093358632918,-13.2217727836587,73.4917878230551,166.307582110921,207.051760590495,245.64394416872,177.960512228397,174.066992478509,7.01632799795334,54.7613833852197,172.074483196029,181.010045797863,189.362694735579,234.447034396509,166.17130737114,45.261063987411,99.6347354923283,216.170696753952,398.0776538676,480.517428744532,429.617656909665,166.623235574055,0.314878368148811,28.6640929189807,192.880543287756,655.11231885827,489.065403985753,728.194837544479,211.900484677971,92.5295283586427,100.885137618493,160.57807710153,162.131015191224,161.682210292478,165.041943039307,139.298866460724,-162.238379061623,-191.931969202796,-203.106571487641,-242.320840050363,-242.799515251986,-233.365259235987,-229.412484688806,-242.200079734926,-235.112261843484
2489.55630042763,2725.84591501465,2778.98522041244,1450.16018859802,169.542529979842,168.88998934994,1021.37001506501,1139.28399287861,1027.13360921535,610.354944199916,185.049442447764,94.5642224093856,109.512326277034,163.030390079128,168.965234310336,147.315928886802,147.204533371907,127.436164408649,-49.3331799034135,-68.2344708658649,-88.7398938712523,-132.150348625785,-204.390627959546,-195.499724741489,-174.481064166876,-199.76410432727,-162.863517647179,95.1424310933612,127.854526990764,122.323344077108,142.986890058221,71.5851575020229,-91.2061480592471,-0.556057371878978,157.064410736579,467.935059455058,989.49934435248,835.331096805027,272.629925221754,157.491440906611,138.330082616924,333.719316582928,577.965998691633,487.452109325231,788.673944027094,155.457780853309,14.5542598114757,23.9789381634864,169.704950243403,179.683156671715,203.066101695684,353.101017118693,160.387320470468,86.2716460895703,121.505997537999,255.857596338496,291.373118325314,256.509863592828,356.402964977387,155.243487974314,-18.9822406024837,-8.58895211101799,156.242661285429,165.561012548212,214.095316929019,274.724043724384,156.033200390124,48.1820790376238,33.3071196697407,164.759822804111,192.78421796901,162.316150516066,201.177579460756,158.873419972672,-108.697069287684,-48.3686547918431,156.30478490465,193.724748244385,164.766471688754,186.817396604656,164.713598981176,-47.7973044801186,-9.83931837562511,157.836028478016,158.91210842888,165.474445334254,164.002249522808,164.896598045591,-100.320516396115,-49.2118856797765,163.626142470912,155.70478126742,158.54644603483,167.088656346698,164.71708661578,-25.7108167721411,-10.3918689151726,159.990148781747,155.278305321548,161.239150816621,-56.189134195055,-77.427219225104,-171.073201316792,-121.318653666047,167.774827397567,155.148506468036,156.705163843756,156.391707717013,162.537177226841,-19.2805938064345,14.1242856048842,171.097327233721,222.126297545517,326.067695895904,286.260821013915,155.813188546208,-19.4198209607075,56.0223028766377,159.913042809377,191.353916193017,222.551717338999,168.810608336312,164.842170495943,-2.02333723523384,39.456632039165,164.275747718466,170.931529959817,177.46304399897,213.562560829966,159.989897301761,31.1084868211788,79.4142059415764,198.544413384378,351.750267138228,423.880563741673,379.50374002624,160.424324824283,-7.61870881895413,16.7426985968086,180.438404410927,582.43763131896,431.942673691314,650.413518566306,195.523500312727,73.0690064017699,80.5992092150011,156.057042958595,157.291374233112,156.932742260281,159.284623244801,115.893473447095,-144.783452605867,-169.475122835,-178.741931103645,-211.210456087712,-211.606404808242,-203.803245062697,-200.53291746289,-211.110558434978,-205.248427150771
2477.492008193,2721.21529618539,2776.15793048215,1419.35056453358,163.398372113875,164.233620548023,990.404827176717,1107.97238164833,996.19736440866,585.066258183411,180.183606280884,87.2833599028787,101.816456616526,155.51289468059,162.622770577802,139.213382546612,139.082927908308,119.327400979059,-49.7170677227175,-67.4441011701163,-86.6674295225778,-127.272824183363,-194.611880037755,-186.336372245495,-166.761556037922,-190.306012921529,-155.931961032486,87.8649458108812,119.769809950831,114.349485933445,134.80874146872,65.0746540338641,-88.9875916009753,-3.69512869941082,155.206078309029,447.500665742018,958.791315878658,806.029988935247,261.463138179913,149.580524247542,130.138720342229,319.083488077699,553.583842245711,466.048402252907,759.884223816667,153.742159683131,10.6039326528571,19.5612837077309,166.362477558086,175.352083106774,196.709858869306,337.411389728279,157.991239969932,79.2444810761752,113.496827503143,245.734186967738,279.065809176825,246.353515637715,340.614406824017,153.668355715567,-21.1355430823249,-11.2999586356028,154.44948405752,162.641001234131,206.884393154906,263.453658911848,154.375465077247,42.6402240688095,28.4582590110815,161.902388753315,187.245652663531,159.767647447031,194.921143605178,156.818610874583,-105.35230924238,-48.807118828856,154.508787956569,188.646308079385,162.481282791759,182.319418107065,161.497172453012,-48.2384534339532,-12.4936423321999,155.94687625335,156.737628425401,163.286270664182,161.908945063386,162.179521786986,-97.4536025312218,-49.6036069255013,161.521795259113,154.018331423868,156.402916525931,163.918714406596,161.499668075048,-27.4746201600141,-13.0214041504828,157.746642195009,153.697999774951,158.762883773663,-56.1588843444503,-76.0801017109088,-163.586016526799,-117.153575874457,163.651438836282,153.58352512882,154.969736831909,154.522989788613,159.812555259924,-21.4192366724383,10.1888521906201,167.48423325635,214.215869138816,311.66382558752,274.143294846192,154.183674345002,-21.5513678546459,50.1426745028723,157.555113793572,185.886629526581,214.620867344768,165.530311202538,161.60241621585,-5.09913080018111,34.2977193582752,161.447589710568,167.33983488743,173.263114213868,206.367097506095,157.7442975814,26.3329702414278,72.6176062669241,192.434142788642,336.087002647948,404.787366044125,362.580593199166,158.134089761898,-10.3275745716495,12.7088583554429,176.057950519537,558.006855978326,412.687550208803,624.282107913545,189.83027224532,66.5256547664594,73.7805024630265,154.335184066575,155.463239451829,155.134665710698,157.175121086454,108.030797679931,-139.062637330946,-162.094393931703,-170.728139886507,-200.958323052759,-201.32682256005,-194.064870601221,-191.020984838162,-200.865347788359,-195.40990638105
2446.23202385782,2706.87363551957,2765.93138896163,1346.55077316028,149.305832770756,153.835812046562,918.29173496687,1034.75760133761,924.138078697956,527.238733768833,170.672771522506,70.5303849131187,84.0211770548204,138.050107451111,148.044887264479,120.348237187595,120.170906171355,100.487367307309,-49.4242842441906,-64.2678545694145,-80.3435088669333,-114.067922037888,-169.399008870794,-162.630441633415,-146.591911108702,-165.878317843106,-137.692812075705,71.1189612948889,100.98785129279,95.8499659857639,115.766927615598,50.245719495734,-82.3045044627065,-10.1841933104233,152.333856677602,401.340037822299,887.359211210675,738.270583281981,237.288465250738,131.161761700214,111.074257660948,286.72799888491,497.951882175423,417.583163392594,693.435907051651,151.196474409923,2.1152014924229,9.91834305167231,160.286608105859,167.053853408985,183.767127762264,302.564433295398,154.026504705471,63.1269136428471,94.9123082299801,224.010307616744,252.208110530577,224.551604756296,305.528663642742,151.264072602763,-25.1947321625139,-16.7337172392639,151.727761488874,157.506056143344,191.960272125205,239.033149327614,151.718697236857,30.2157163224711,17.7484368315162,156.911708900135,176.191764706004,155.449537968365,182.214165350664,153.055947911798,-95.9063035997118,-48.6486762830432,151.779997452024,178.617608892165,158.653924381065,173.614324978525,154.719778410681,-48.0881901596306,-17.7870673586436,152.628190792909,153.239133319081,159.627680513691,158.472179141809,156.741940630371,-89.1827483985395,-49.3300499546523,158.05784613656,151.485007166541,152.975316974878,158.247629515378,154.719524207781,-30.5756173057729,-18.2534379270089,153.470528577464,151.281760090485,153.882630315855,-54.8484555973675,-71.5358955383143,-143.985493360762,-105.695567386171,154.583628918889,151.201356775296,152.064051468109,151.678060500946,154.286043826261,-25.4422080352886,1.73730562163166,160.826500143764,197.673127853529,279.868344082416,247.740238482048,151.58782612136,-25.5568267433707,36.8806078389584,153.677830005597,175.002307848802,198.029594425322,159.600120892153,154.762007050842,-11.4313071077312,22.8221656740337,156.527202082878,160.729391932725,165.273421053533,191.480828610676,153.469834399075,15.8063541400493,57.0758967086152,180.072600665459,301.304996868649,361.859691805014,324.803564661947,154.366624197967,-15.7578899766663,4.01235450643253,167.643555268173,502.250195297762,369.361739818206,564.38769387671,178.411608447703,51.6134869626443,58.1823625356684,151.721146614442,152.605570374879,152.346274548457,153.291291275563,89.8155105040663,-123.790799025653,-142.754811233195,-149.837830601381,-174.586342013088,-174.887628383701,-168.950881219299,-166.461486346735,-174.510317350488,-170.050692560614
2430.92728035876,2699.67580564678,2760.70642353007,1311.44179625652,142.536652468512,148.865411727577,883.60487720303,999.514862132511,889.475923027636,499.518449542528,166.260620951366,62.4841258131332,75.4656981467345,129.644047815224,141.040084049168,111.264710848069,111.064604325301,91.4206476226196,-49.1719132713512,-62.6136077362312,-77.1589911390466,-107.538729324712,-157.034544421924,-150.998197556675,-136.678012503119,-153.895366713625,-128.717039742207,63.0759530353531,91.9492386958778,86.9497637606332,106.598588582949,43.1382845992935,-78.9453244149805,-13.2306695075877,151.079588077094,379.264433908919,853.007198364081,705.72034234842,225.824686154282,122.292433462383,101.896024333374,271.320034653649,471.295307164772,394.39469919726,661.526996030318,150.098699589067,-1.90424004846489,5.33706667274396,157.515740543,163.221781823987,177.708119028556,285.954675419898,152.262105662773,55.390888964581,85.9710041592748,213.7272219271,239.451377089741,214.230865590267,288.803289472431,150.216483511256,-27.0589108013014,-19.2667018894344,150.545757960997,155.183619941865,184.949166161836,227.450705189579,150.543905105689,24.2799389944869,12.6476366931789,154.658517128595,171.039731338032,153.515333446527,176.268853248362,151.331888557134,-91.2041100165873,-48.4616519386111,150.594546606173,173.9543119951,156.944060043669,169.584916592251,151.516116121449,-47.905309452397,-20.2517066509222,151.123245577643,151.694200087554,157.993523478702,156.944792248136,154.199616690092,-85.0520790958769,-49.0870254366558,156.517232397283,150.387845426558,151.464368148186,155.671728443745,151.514497281733,-31.9737666529669,-20.6881763853294,151.492426571272,150.228429037765,151.608014680377,-54.1012563757172,-69.2164921474222,-134.34815252233,-100.015417893272,150.261350698254,150.164257849574,150.76301816944,150.441856645666,151.694102683084,-27.2887558447455,-2.26399387685046,157.780408060139,189.884516685752,264.731540635851,235.203340410792,150.441873532053,-27.3948513573214,30.5367879774532,151.955357272481,169.932164221749,190.217550598791,156.89940256295,151.527204582934,-14.4013520064278,17.3486391521334,154.308019912171,157.705800956756,161.590034969562,184.488099914386,151.493152015722,10.7949508623523,49.6208574549357,174.293902356377,284.726800017702,341.349040989514,306.779218861607,152.69238580111,-18.2894126214168,-0.108382938861723,163.755502112989,475.532618180247,348.657694161994,535.663850491051,173.083703085505,44.4653096831975,50.6996560182598,150.585332293553,151.352949684607,151.126904497945,151.509550249343,81.0547250686632,-116.257091171115,-133.244286799021,-139.5737579208,-161.658676114683,-161.927303984635,-156.634465075737,-154.414496053186,-161.590887677148,-157.615122928754
2422.43231956507,2695.36338410687,2757.41288050331,1292.83755138743,138.962213867538,146.235822362291,865.320475783429,980.912756393784,871.203092716863,484.96726080154,163.962362053325,58.2637403158588,70.9735115467408,125.212831283098,137.34225716765,106.483336602993,106.271311578692,86.6545859253224,-48.9970810593907,-61.6982516119582,-75.4353374064689,-104.048929077943,-150.464777369973,-144.814843359721,-131.401535884476,-147.526932447321,-123.935725372481,58.857080338953,87.197780129829,82.2726870975853,101.774146410405,39.4174794592154,-77.1293661254831,-14.8000037597834,150.421598178988,367.692583840996,834.905089188572,688.594993836589,219.833624744216,117.61999336041,97.0679232400547,263.258060581293,457.306938682345,382.237566178773,644.747383758646,149.522426953731,-3.98826874973327,2.9555797321741,156.072602806554,161.225967741367,174.549014539007,277.261367130739,151.342569100042,51.3358264709512,81.2726366070718,208.355538264989,232.781855828755,208.839389562621,280.048866622097,149.660512389788,-28.0027953263647,-20.5643810369526,149.92556319863,153.973720531959,181.29184284345,221.39724862279,149.919547663855,21.180791069384,9.99087660755845,153.484826103932,168.35497620104,152.506945811326,173.169477844714,150.414850396762,-88.6789538783258,-48.3213693713765,149.972526986944,171.522920176223,156.048385445589,167.484435612437,149.816746751245,-47.7673976836863,-21.5131639066642,150.322495360789,150.887795879581,157.135406649842,156.14264684338,152.850616363615,-82.8290534616284,-48.9171288361957,155.708194685328,149.810078453277,150.675715183086,154.330828392827,149.814401893484,-32.6713107375567,-21.933784688553,150.440374854022,149.669460192884,150.399163199054,-53.6649688769344,-67.9496925766722,-129.217642244235,-96.9738815266503,147.972615282898,149.613726138384,150.070550059524,149.795048553921,150.317409201309,-28.2233048970377,-4.33837282490765,156.195020389508,185.820587584883,256.812892364287,228.649737513077,149.832442884567,-28.3248892434959,27.2212485322904,151.057726156806,167.290478655298,186.141296290946,155.493036222588,149.811299763291,-15.9301543088203,14.4945721386789,153.152218989441,156.132096921461,159.672252458405,180.840509207551,150.442047712894,8.18576536844637,45.7153113482931,171.282040737392,276.050284970259,330.604185800241,297.341795593558,151.818295641492,-19.5866377775779,-2.24621444143725,161.730321185653,461.511357326215,337.809993658394,520.579410318868,170.30660157732,40.7226604341687,46.7792170861136,149.987399641653,150.694002223925,150.485339150588,150.562554994617,76.4528300152518,-112.237012944554,-128.180723406425,-134.112481300178,-154.791699402339,-155.043092715021,-150.090055966552,-148.012269941028,-154.728257405215,-151.007833870614
2412.56824831939,2690.27242037943,2753.48491360405,1271.46343941579,134.850359723107,143.205046051104,844.336576106025,959.558652377437,850.232108496175,468.278190451192,161.314478045988,53.4225510336548,65.8194671044311,120.121645239372,133.089325326575,100.993600263991,100.767954229971,81.1849285047517,-48.7918264912663,-60.6434424521669,-73.453237433592,-100.040859444071,-142.924081939616,-137.717329355276,-125.344149884145,-140.21714719015,-118.446275467097,54.0175469893958,81.744774478136,76.9054851226503,96.2356984710489,35.1507489261271,-75.0413569594338,-16.5962665739048,149.649941876029,354.42032989282,814.13158157501,668.947850431589,212.957007483955,112.253559508461,91.5258901008543,254.008911482913,441.263658042802,368.294586484473,625.498477592317,148.844306108565,-6.37526138966723,0.227096066983108,154.403210885267,158.924190412483,170.915635128037,267.288866594059,150.272217707581,46.684828221956,75.881183386163,202.188392438413,225.128054027744,202.649563810575,270.00625580678,149.004890550801,-29.0812028333506,-22.0488498882402,149.197178595226,152.571164016054,177.088012343373,214.449129428541,149.185432456438,17.628221450913,6.94629260379713,152.12372409914,165.264676166025,151.334863565838,169.604534498512,149.345144404154,-85.7774070243109,-48.155762008167,149.242049492875,168.722218337065,155.004602629461,165.062499580961,147.850866740444,-47.6045762759013,-22.9560356415172,149.386063918291,149.946724541054,156.134319973455,155.20566708405,151.286039519164,-80.2742072390172,-48.7175359606131,154.763340673256,149.130012480212,149.754963614474,152.778535926875,147.847689796291,-33.4670511581396,-23.358454826783,149.215916314405,149.010408243954,148.995079834508,-53.159740239304,-66.4916666436724,-123.327673059939,-93.4799972824451,145.331960921413,148.964325187319,149.258235372297,149.036427836399,148.721049758237,-29.2909946683894,-6.71427117763733,154.36304302216,181.151261529183,247.728162573672,221.128848706762,149.115393680125,-29.3874005385945,23.4201275685188,150.01245136841,164.249535469884,181.457845267794,153.865757695622,147.826469251409,-17.6798615311847,11.2234870611273,151.811615851526,154.313482179796,157.459864492684,176.647846817227,149.218698061547,5.19588790489422,41.2362368509636,167.817363139438,266.097075665852,318.280605076132,286.516496895626,150.799721787855,-21.070712025081,-4.69503693515753,159.394906413005,445.430187868174,325.368282655917,503.277938320029,167.11050431188,36.4307497975645,42.2829529623434,149.28425550983,149.921015049507,149.732251063775,149.45858762313,71.1724611587907,-107.620705998771,-122.367543776074,-127.843144890815,-146.910133113105,-147.141759986799,-142.578444359537,-140.663729532453,-146.851676085449,-143.424104720105
2394.67887488361,2679.6631984784,2744.65671776434,1236.75809982225,128.366796499896,138.554288930793,810.913913052927,925.364196046281,816.821185017308,442.314181480091,158.033103324225,45.8242855637865,57.6771826913208,112.001957464954,126.370565983893,92.2322058644319,91.9837608245644,72.4885005768095,-47.802416147056,-58.2206003607754,-69.4661679239972,-92.6398841586512,-129.579874234609,-125.118236065646,-114.494243256583,-127.261148510117,-108.551867050676,46.421078693115,73.0755202729294,68.3881703804921,87.399615274537,28.543746386257,-70.8753126729723,-18.9945530678275,149.131398747089,334.08366896709,781.093208766561,637.93948261965,202.985866207905,103.680888873579,82.6913139813541,240.221486456881,416.373221174503,346.868203610313,595.195222351549,148.470516760924,-9.77518428544749,-3.75338826482084,152.60662484439,156.17198800966,166.096376795992,252.334237105488,149.37120065395,39.4159950980779,67.3245557601453,193.352780589845,213.910675161835,193.777261463451,254.935547239048,148.562387801881,-30.2622385812144,-23.9183450921121,148.746437398387,151.172618782201,171.370789336758,204.362080317128,148.58514255657,12.2434160809689,2.42713681312682,150.789977314505,161.296414326803,150.273707813712,164.895593238882,148.113022517132,-80.2403220837667,-47.2334573134995,148.787708267732,165.185057590989,154.076677611132,162.108959322115,145.030049738409,-46.6880552809606,-24.7545866594464,148.397104818376,149.222115798592,155.241563083423,154.414943247561,149.197275392745,-75.3233624313726,-47.7376713125825,153.959417802232,148.721888985355,149.061850327755,151.169078451328,145.02531308166,-34.1700223747105,-25.1259500109954,147.69786836836,148.562535492661,147.158543339522,-51.6637352144244,-63.3879452942789,-112.759382134554,-86.9449644041309,141.346315876298,148.530808009573,148.49624665557,148.567534777359,146.54280918131,-30.45380238025,-10.0950644994851,152.336673744282,174.703187960522,234.213020906948,210.129496708632,148.539394599641,-30.5414130889807,17.6105613506334,149.150343342701,160.36151310728,174.986833249972,152.136352148894,144.970852832969,-19.9985968183065,6.31933650455375,150.511527374127,152.306814369152,154.851026991088,170.949404996565,147.706060445272,0.771148318095129,34.264058154513,163.270125136648,251.175167185246,299.512220730077,270.177593075788,149.952761100237,-22.940994555643,-8.20109762826235,156.58877508568,420.47263548405,306.399983933663,476.280529715237,162.972036689031,29.7794516155795,35.2802437500131,148.84060404885,149.369000257874,149.211324952829,148.175781513685,62.809803476955,-99.1958899841133,-111.928520513433,-116.636862574768,-132.99287752513,-133.191273083423,-129.283146064891,-127.642597165197,-132.942801342613,-130.007560877853
2375.67363108616,2667.64438823706,2734.35105307217,1202.0275534949,121.960349812001,133.995362813192,777.799641925229,891.392934799093,783.713730467049,416.872601337573,155.12553158913,38.3631784079362,49.6580446314274,103.957561923086,119.728744808961,83.5586474962312,83.2873677552227,63.8981636413844,-46.5516469705873,-55.5218304234231,-65.187447026017,-84.9147311897801,-115.859464567757,-112.149228685801,-103.289392658298,-113.932215782631,-98.3108841057641,38.9612251863826,64.5120453905631,59.9819686731381,78.6550781654107,22.0953185552024,-66.4156610083412,-21.1711620475761,148.856220053745,314.283200990068,748.38343738617,607.353945519112,193.496769824895,95.1867726734576,73.9525802720095,226.949780481379,392.012808942509,325.982831171978,565.34162214491,148.336372541879,-12.9660451617094,-7.5329025782458,151.133104604784,153.777184550739,161.684904128961,237.904002343366,148.756931456532,32.2920996612114,58.8796596822123,184.986622138084,203.18814659981,185.374638804763,240.388636846298,148.318240384129,-31.2062228152167,-25.5594419436478,148.537682792901,150.080616510342,166.077864178165,194.757689651175,148.172304070763,7.03833597850956,-1.89921433156263,149.761395358279,157.71865569474,149.502252095388,160.593583851034,147.038540328432,-74.3964852936141,-46.0505793607997,148.575290337168,162.019021925847,153.406898939786,159.510565382121,142.326144737598,-45.5115805809429,-26.3236356180184,147.574577058929,148.769722996679,154.592904764298,153.86694861105,147.251054770076,-70.0723991308798,-46.4965407385672,153.398242781601,148.541228812731,148.64016765413,149.880463359908,142.319778070037,-34.6305280894671,-26.6634535866508,146.325880816872,148.31313592644,145.459860231719,-49.9009966209765,-60.0011057057659,-101.838591248294,-80.0937617250637,137.459515215855,148.295146084879,147.909119580697,148.353079595983,144.493342060167,-31.379301127541,-13.2663919634269,150.648651862202,168.693824681564,221.215003104965,199.625102733172,148.149325466364,-31.457998413471,11.9736846171957,148.574034671782,156.863657247496,168.954634262715,150.729157032491,142.230816319552,-22.0943408516073,1.60268378882961,149.516571606282,150.637567238707,152.598138878949,165.675471415235,146.340874484483,-3.45873747765535,27.4432165655617,159.128571953303,236.778211058321,281.28703099962,254.369396642236,149.380119059891,-24.5837308799443,-11.5001015288459,154.140611946737,396.042537434641,287.971684411589,449.790495754639,159.22555976984,23.2853181478276,28.4277443289005,148.625416276595,149.048111266828,148.920851440105,147.052929289739,54.5642558850427,-90.437668095194,-101.138166545987,-105.072616279919,-118.694609739404,-118.859494370929,-115.612063933203,-114.24799301956,-118.65298497692,-116.214212249778
2356.05932167742,2654.98793837703,2723.4020585956,1166.88917107091,115.485074136214,129.385066232722,744.399292468874,857.100305604767,750.31868962641,391.286187752233,152.247271808718,30.8540358209833,41.5804801517699,95.8328941621697,113.016404448444,74.8061013278321,74.5118288319658,55.2376189446636,-45.2261578925275,-52.7303181552294,-60.7963814468226,-77.0351367184224,-101.913061149205,-98.9631107245933,-91.8883628132133,-100.381914476115,-87.8852273571966,31.4531055548819,55.8784095772646,51.5091152281321,69.8327343531838,15.6159649508952,-61.8413612087956,-23.3176915950753,148.601125323463,294.396456556291,715.397862696993,576.542810612534,184.004624080728,86.6108547610457,65.1379984799717,213.648594702729,367.52032890283,305.002253021686,535.277933962471,148.222638062945,-16.1403692994203,-11.3040461288982,149.688918847764,151.412126109888,157.297793873522,223.435738241811,148.170550081929,25.126142434861,50.3681260417408,176.624525015957,192.45447982059,176.975794079019,225.802387088086,148.083430673505,-32.1036465346289,-27.1632843168852,148.349263583612,149.017207187076,160.805517408657,185.149325828721,147.764716762371,1.82120065356543,-6.2250427788357,148.761631898307,154.168411559046,148.758013951683,156.316739312911,145.956534653649,-68.4210637584159,-44.7938653060684,148.38315799833,158.878976611478,152.757156906636,156.939246371118,139.591554272658,-44.2615733673472,-27.8543855002045,146.748747769481,148.343014718989,153.96092820417,153.336211899418,145.286287267006,-64.6975104750823,-45.1808083783172,152.854243930115,148.377572148676,148.244247777341,148.62230678855,139.583527387444,-35.0382482380259,-28.1621982723836,144.941101271889,148.073059184224,143.743719579622,-48.0570808349818,-56.5128570604984,-90.72500363127,-73.098703218886,133.528258518794,148.068772973278,147.322709542331,148.161989599078,142.421347655829,-32.2579816936902,-16.4208574793002,148.991940935382,162.702270317249,208.190574969799,189.111704857885,147.764328278164,-32.3276435704249,6.31832728577655,148.025717757395,153.3939769862,162.940055890222,149.351682107444,139.459474221466,-24.1588031972526,-3.11882681674081,148.550732097343,148.999563423319,150.375936325905,160.422358004858,144.963293926996,-7.68646671730278,20.5854272980925,155.013353124233,222.343720342056,262.992951983136,238.511796232215,148.832607420298,-26.1896140549435,-14.7842783782588,151.721851109046,371.478889178347,269.471539107542,423.140819521318,155.505413770642,16.7592958812219,21.5375642399812,148.427177947583,148.743893816045,148.647152759007,145.922712794106,46.2559224457555,-81.5125791877306,-90.1565862336137,-93.3079374619708,-104.163525893526,-104.29450372334,-101.715573144687,-100.63124821061,-104.130452411068,-102.194010312158
2335.06612628947,2640.68149868096,2710.74134828251,1131.47401098244,109.052442766711,124.855584991938,711.118491653419,822.821978996078,717.037628343677,366.132895074897,149.821087396875,23.4444096254899,33.5802879251815,87.7304020413321,106.343904013926,66.0832147633042,65.7656494791654,46.6286290021347,-43.5654404484553,-49.571533014252,-56.0032839064187,-68.6797827997818,-87.3680410782954,-85.1934985257917,-79.9395893403679,-86.2408656899524,-76.9315853982568,24.0438892648276,47.2962657643895,43.0956048874939,61.0435294273316,9.27167844388561,-56.8608655519502,-25.2109669851837,148.661032967824,275.008069840246,682.558619105599,546.004951508937,175.036756482514,78.0558530998762,56.3615624964473,200.878497348702,343.479217186409,284.516116935275,505.524781478471,148.420634618813,-19.0867265598748,-14.862801808409,148.647501375565,149.48369299462,153.390630880911,209.498662138589,147.949993734742,18.0722908899306,41.916218245112,168.781564054397,182.249487377426,169.096033950247,211.745617831419,148.107594947385,-32.7170371508219,-28.5004511713421,148.474767120952,148.339666318996,156.025243066263,176.064952612244,147.600746171974,-3.22320874450872,-10.3537134303904,148.146626470919,151.084581005948,148.381769248884,152.519785074343,145.074065405746,-62.0097392219487,-43.2035462577678,148.504835509124,156.185649725306,152.437315374069,154.800180531552,136.98865804241,-42.6787520869108,-29.1164203403909,146.136047286584,148.265594325182,153.6416000521,153.117364927555,143.493374480369,-58.9006160630708,-43.530056279437,152.621983735746,148.509957913504,148.196932713115,147.765897181881,136.978865958398,-35.15058726407,-29.3913275210347,143.738302607901,148.09205025256,142.195913144178,-45.8663431143154,-52.6417935485809,-79.069468648625,-65.6462971325112,129.693697853738,148.100832161937,146.962383327443,148.300321620507,140.502696356368,-32.8521359764418,-19.346680748646,147.754899255112,157.213799742637,195.701255601776,179.129008480236,147.621273125048,-32.9125315618879,0.822978078458505,147.842407336356,150.391021932947,157.428481837262,148.37654078073,136.817786268038,-25.9676344213621,-7.6534450666274,147.969928928418,147.780258690964,148.589877431791,155.661736810993,143.769504490797,-11.7136412362088,13.8503723040193,151.377958516621,208.44135262807,245.219016142282,223.180793572221,148.635851281248,-27.5298158303385,-17.8439568215431,149.739919971938,347.363043899843,251.486074073474,396.897726874572,152.251968291115,10.366222817298,14.7684774942987,148.525891459467,148.738926062811,148.672158162452,144.994439168964,38.0155667063459,-72.0902481781678,-78.6357758267667,-80.9882670828478,-89.0222257746543,-89.1186233413237,-87.2214647870159,-86.422448264306,-88.9978734863305,-87.5737327294214
2313.49895898541,2625.45773775721,2697.08205673242,1096.56307627935,102.754454552688,120.427517601356,678.549118065621,789.210539525559,684.464356107461,341.700210629218,147.608757051255,16.2442228327079,25.790670526936,79.799807528345,99.8113547161732,57.5569771445112,57.2166382823081,38.2292609555559,-41.7861654383461,-46.3137941439269,-51.1327440765587,-60.2951823317699,-72.8808493145092,-71.4706373657787,-68.0117053593661,-72.1518683550443,-65.9848374414905,16.8436465585876,38.9228711815013,34.8915981371719,52.4556445942203,3.13157158081412,-51.8052788428018,-26.9430607369595,148.811230969773,256.246294263373,650.437585968529,516.21257879021,166.471246338429,69.6859428624047,47.7898012636322,188.602042745189,320.144119121297,264.679847613823,476.522528894369,148.704083794699,-21.8599224144328,-18.2420189715227,147.763608791764,147.749894005179,149.745703660605,196.082199235478,147.850035581308,11.2266362308123,33.6752166931425,161.312253878255,172.477779707349,161.590741977013,198.211185802082,148.197395621086,-33.1837661098916,-29.6827156224506,148.688494932424,147.803040110628,151.533646773448,167.385461154766,147.500113988275,-8.07386167331714,-14.2974120169198,147.670531687753,148.237051511862,148.130848045514,148.982507929205,144.252972049095,-55.5426235228699,-41.4938246233633,148.714773302434,153.709065320089,152.223171371506,152.857902977596,134.460218051118,-40.9768608055434,-30.2242484708184,145.584077454976,148.297618922707,153.419825977294,152.993364528834,141.771925932154,-53.040422455005,-41.7606127787978,152.484919916503,148.722205021015,148.25802502569,147.062182723923,134.448658375348,-35.1224134721788,-30.466550024108,142.59701715017,148.176851108804,140.712203159275,-43.5638168369394,-48.6808964462749,-67.4306826505712,-58.1522513193444,125.949570329712,148.198087438997,146.662334244328,148.533697386096,138.650780088317,-33.2998264918754,-22.0994524690599,146.688105754897,152.036173423679,183.701524925669,169.575674863822,147.540271697287,-33.3510554971937,-4.4747568378437,147.778428038345,147.622663395207,152.228240307149,147.557153891073,134.250613071662,-27.6160087580051,-11.9988055160255,147.527360627018,146.730317305264,146.994916438329,151.189574127195,142.637828618637,-15.5563373851033,7.3219299598087,147.998473409326,195.059375209208,228.047764077164,208.39982536364,148.552065200344,-28.7157819378594,-20.7296944134534,147.953977296898,323.952683801481,234.104792428111,371.383988497757,149.238885421137,4.17721626154861,8.20580445304898,148.705705919183,148.818612230625,148.780845797358,144.129785670215,29.9859789058037,-62.6534889426996,-67.1298463424658,-68.6947757548205,-73.94729066609,-74.0096025646146,-72.7844613020776,-72.2666762232108,-73.9315348758039,-73.0123640333886
2301.29804405436,2616.69198457829,2689.16449015438,1077.23774013076,99.2756483376472,117.97936185788,660.587343312058,770.655559827693,666.499369794686,328.273744402057,146.418483880086,12.2873108605718,21.5056465507419,75.423607777439,96.2035837224994,52.8569424265888,52.5040868825243,33.6041389473145,-40.767805475874,-44.4776854248195,-48.4046212938558,-55.6238892340399,-64.8360172932273,-63.8482795198044,-61.3815441175392,-64.3271315604096,-59.8970535687012,12.8865529778913,34.3119377239948,30.3752977532948,47.7227815208398,-0.236270485992407,-48.9747742387197,-27.8680600801921,148.904365886885,245.952262027256,632.727497086919,499.807479201158,161.794089542702,65.0692787426589,43.0670109793027,181.883263795031,307.324938212878,253.793834730726,460.559122597187,148.870128607991,-23.3613173945907,-20.079115980754,147.298197749772,146.820989565532,147.770656476478,188.735949254298,147.811483597869,7.46689674751309,29.1387603344833,157.237721695678,167.137357593268,157.496395647773,190.799707535342,148.250999464191,-33.4081951268015,-30.3032926237086,148.816451634343,147.526656948831,149.094256078487,162.645521315055,147.447319727777,-10.7264425174394,-16.4473581102251,147.427318669638,146.699069018029,148.009506261943,147.066710903485,143.799303824092,-51.9315679924596,-40.5139585302738,148.840630817537,152.372405899745,152.11738787585,151.813471349844,133.060963197408,-40.0014615679068,-30.8035647720853,145.279813332086,148.329720317114,153.307790437414,152.935042528241,140.820278284937,-49.7652303885771,-40.7476895605201,152.419433700947,148.847309665612,148.306035979687,146.695791456647,133.048420778089,-35.0729831419871,-31.0277912801183,141.965444979795,148.227718198472,139.890970736923,-42.2559915459371,-46.4558039110219,-60.9603313885204,-53.9733544107227,123.878724387421,148.255728816368,146.497968391565,148.67423651634,137.62557574019,-33.5137085381042,-23.5895009962862,146.124135100845,149.220746369453,177.135749296731,164.355791480811,147.498077923283,-33.5598607668268,-7.3752577208017,147.759573173846,146.128301091014,149.40035301516,147.127181582717,132.829848128165,-28.4945838405644,-14.3712289753836,147.302627237082,146.175499351295,146.142363916166,148.76094447353,142.011742628333,-17.6501555865101,3.73845664798455,146.169516709317,187.732272477198,218.632993074164,200.301749581477,148.520629252591,-29.3386400660394,-22.2935573410719,146.996405785665,311.091426034764,224.573446837249,357.357785957788,147.609818578517,0.782087687249827,4.6031915392461,148.813081198403,148.871180082703,148.849302345172,143.65244971741,25.5672889756657,-57.4004999652474,-60.7329469731454,-61.8625269411122,-65.577596421336,-65.6210680716973,-64.767371394189,-64.4050331362336,-65.5665922053116,-64.9265332925651
2277.89391643444,2598.975119,2672.85827813412,1042.70346341866,93.1467108761324,113.686566842818,628.934178045692,737.831821858912,634.833697584896,304.967802238704,144.660802689283,5.41063651571994,14.0282612376632,67.7109725895845,89.8470108399867,44.5927557419718,44.2178075431417,25.5003288848447,-38.6662874178069,-40.9088338720794,-43.2354080156807,-46.9708391028432,-50.1408147771554,-49.909434195236,-49.2193104111463,-50.0259556241109,-48.7062479806557,6.00872596463171,26.2326642852858,22.4711961969495,39.406470655011,-6.04014502226727,-43.6216660894261,-29.260739926063,149.273172926204,228.228753296817,601.548975976507,471.07559888872,153.978031967875,56.9379424600082,34.7750936248901,170.484089133586,285.107893878519,235.025359654861,432.648396396442,149.363915726579,-25.7915573714792,-23.1147187692948,146.767344952087,145.507774156051,144.660727460922,176.2335073222,147.995880137614,0.950223620296242,21.2000857892253,150.476004916193,158.159605304062,150.699777183615,178.180595101902,148.499609763578,-33.5397203706135,-31.1479018864465,149.245412939743,147.312046893052,145.180060633708,154.718750802065,147.495503525698,-15.2348614537179,-20.0480206927133,147.269939671969,144.344164654147,148.050524698415,144.060933489303,143.105140672388,-45.1789313003403,-38.4816520400553,149.265797276045,150.351097087123,152.149675934201,150.291981441797,130.6495250722,-37.9779534456021,-31.5736124531624,144.859688507134,148.622859650395,153.31301198828,153.033956692637,139.22811465304,-43.6162159134397,-38.6559208283214,152.505792306977,149.254962741968,148.626480394942,146.337975380141,130.635167050389,-34.7123582576223,-31.7651672301469,140.943749456863,148.471619414961,138.524765485639,-39.6347633702441,-42.1886088046999,-49.0842959706263,-46.2027777143526,120.2602796825,148.51092954811,146.334718784373,149.139452161256,135.888592214168,-33.6262102560835,-25.9990917831489,145.436112389907,144.656616750438,166.010230316179,155.592296789239,147.56332109581,-33.6632135193597,-12.3322657647346,147.977807319623,143.850413387072,144.814227055959,146.658180609827,130.378887924822,-29.803267586838,-18.3729782690581,147.177973285482,145.502637428967,144.962918960581,144.866121421298,141.001307490611,-21.1485862967327,-2.45722218605181,143.316364987026,175.264595199953,202.480890258666,186.47206265293,148.703540762361,-30.1886060620153,-24.8371693846942,145.633010719358,288.796133688791,208.209947599476,332.966161900047,145.095037958111,-5.07211007021749,-1.62799611185039,149.190461151421,149.154452738676,149.159968313202,142.918996504223,17.8447074545916,-47.7052536717981,-48.9885172764613,-49.3384784226182,-50.3008258057415,-50.3105687768925,-50.1218428592331,-50.0377995744267,-50.2983281533253,-50.1579407193732
2276.32449177304,2597.98763081406,2672.01343077922,1039.81851602172,92.613373871987,113.305270378089,626.178666765133,735.006482380982,632.078814684366,302.844772790535,144.407398460298,4.78961490563461,13.3613801899971,67.0426189583351,89.2942642349648,43.8723474441338,43.495517570698,24.7865469201613,-38.5699131268059,-40.6931175168223,-42.8894711374729,-46.3408127953228,-49.0165143687779,-48.8470869379159,-48.3024140199607,-48.9339326589646,-47.8688167714757,5.38781518599643,25.5211019593955,21.7725376504861,38.6801603438618,-6.57788758961073,-43.2608195914158,-29.4467525728215,149.24115654841,226.572766416819,598.826686203063,468.52794088769,153.17717847131,56.2324634460924,34.0492051400994,169.369280850124,283.074301522784,233.279439468833,430.160987729945,149.343667419454,-26.0611202251895,-23.4327597807542,146.633959855788,145.297232841933,144.281988451984,175.022580090003,147.934580606638,0.356923560995938,20.4982280851933,149.768411576021,157.256340434859,149.989159329934,176.96001227082,148.471481103679,-33.6241944026443,-31.2898020310755,149.21892912231,147.210680240925,144.727953745188,153.908336775379,147.453758691194,-15.6702761099563,-20.411085573011,147.173857423302,144.034866117363,147.97614200306,143.691277996817,143.009619030442,-44.7039879519256,-38.3908713995151,149.239012137376,150.076324575365,152.08456421785,150.064608605196,130.420638653042,-37.8876915067318,-31.7095810276484,144.784718561494,148.575359173291,153.250040243618,152.97935162893,139.061009821956,-43.190126170087,-38.5603409889547,152.45010395743,149.231224848079,148.581541907414,146.219949082628,130.40614810609,-34.7569946264981,-31.8985388407108,140.823996741627,148.443053448198,138.378273528295,-39.4961973111978,-41.9161874826332,-48.1908190455608,-45.644795562881,119.934259914212,148.483516899214,146.278946251996,149.112135674762,135.713397786385,-33.7091619906615,-26.2670482050362,145.284564775699,144.144860753955,164.91806995051,154.707098880373,147.523502272145,-33.7454311214967,-12.8032222366483,147.919674298091,143.547737777803,144.300577859041,146.530305767397,130.147056639569,-29.9826240220424,-18.7681864198489,147.084673479802,145.352668237215,144.764160977912,144.415582864961,140.882075813058,-21.5037183419026,-3.0256002068183,142.960022598705,174.056416203067,200.955290362437,185.146882179409,148.646035548688,-30.3306308557084,-25.1156298540441,145.418039271056,286.756805233472,206.667570782437,330.756508952843,144.771736109112,-5.61360491655927,-2.19897104318051,149.163840193285,149.119015173793,149.127065084549,142.819410672563,17.1592254929527,-46.9900618160937,-48.10579341309,-48.3919500839864,-49.1288804876147,-49.1358604659343,-49.0016094067699,-48.9403617736618,-49.1270796579603,-49.0276263471335
2251.04402917845,2577.91643938959,2653.24154363466,1005.09545276152,86.5276303206271,109.036169799093,594.801760393385,702.343452299409,600.682309591817,280.069898523302,142.88316778757,-1.91902190330529,6.03893242755811,59.4052729362021,82.9853139576534,35.7167649631712,35.3182960315121,16.8200320716786,-36.2418188982417,-36.8967751990397,-37.4920008922189,-37.4602927454796,-34.1014378366646,-34.6871010723407,-35.9163457945244,-34.4122120197619,-36.4529624142309,-1.32288407069774,17.5780775196009,14.0105230146194,30.4800447948506,-12.1964122708308,-37.6791492810829,-30.6223652486858,149.698844828831,209.367533199725,567.950417100166,440.218241997795,145.75582535547,48.1911873927361,25.8804620117081,158.427234309702,261.392596489121,215.041912444904,402.705819104036,149.921517234041,-28.2783386956687,-26.2588217168533,146.275703082234,144.197181716006,141.451466873471,162.994620190535,148.249970206125,-5.98492560010584,12.7034497757512,143.379937695296,148.695807278207,143.566269030296,164.815207577739,148.769885323385,-33.5336527812526,-31.9151168329415,149.734863467842,147.14984601597,141.116872689714,146.377699730817,147.544625029405,-19.9799897450364,-23.8064107108743,147.168385063207,141.935404348326,148.152406081363,140.963264161692,142.341795080272,-37.722996246429,-36.1321754218943,149.751125989554,148.286256923735,152.221518742246,148.754277668012,128.024782965319,-35.6386263509818,-32.2597412360425,144.394876981014,148.984756405773,153.346917130254,153.167772025583,137.493731060466,-36.814167238934,-36.2419953535588,152.626370720183,149.712903101765,149.01722446287,146.030994320435,128.008441492263,-34.1732283929657,-32.4157586118906,139.822995932384,148.736923210265,137.03052039531,-36.647754200194,-37.4206864748549,-36.0905606864312,-37.64621812046,116.334479520856,148.787978442886,146.14995106682,149.675278996454,133.992250520411,-33.5994829791241,-28.4633013071751,144.785450465838,139.904425150298,154.250050987354,146.359771230384,147.629820791709,-33.6265566003447,-17.5656894096832,148.267671484522,141.524370742001,140.038407469379,146.232489006554,127.711063622769,-31.0734646540409,-22.5667817500591,147.111578837747,144.867669766002,143.7953403973,140.824001383942,139.893440344541,-24.7951475889814,-9.0412967744607,140.382166821993,162.063800914917,185.322633717259,171.807228713506,148.94830338073,-30.9627124916834,-27.4476348772326,144.268821791834,264.993646656482,190.82024605163,306.881053463803,142.515162547555,-11.2839395959974,-8.25145005545471,149.616524777533,149.481078036284,149.515601606158,142.114936176843,9.58573600986466,-37.0682977813711,-36.1370261924162,-35.644656248061,-33.6332440524855,-33.6065529332594,-34.1361309146446,-34.3527101442368,-33.6399353415121,-34.0392928637779
2224.83239303711,2556.40777951307,2632.9122602203,971.021756179308,80.62192377735,104.88939803953,564.372336231884,670.564328253265,570.228014778257,258.249705567559,141.584615218254,-8.33477034171125,-0.986593542928858,52.0094642626549,76.865103168292,27.8410752357505,27.4218293630634,9.15159673422949,-33.7862370928838,-33.0066146662227,-32.037612124033,-28.6050670777386,-19.3590291531812,-20.681092156545,-23.6405673856604,-20.0534137781516,-25.1237092559921,-7.74136380515745,9.93175945054929,6.54558367195347,22.5668429092152,-17.5339055528094,-32.0446337773336,-31.5959405692093,150.220942994547,192.978286805619,538.031053947816,412.903015532932,138.825534932628,40.4125174948197,18.0033985468101,148.107604018196,240.643815290582,197.654380728261,376.252343778409,150.557145441595,-30.2723213422308,-28.8501386023206,146.067533950497,143.296783622152,138.913585772986,151.628070339636,148.66664056422,-12.0371174903463,5.20793750099034,137.441467429684,140.670697764152,137.594566112335,153.334365548122,149.105255460131,-33.266777963547,-32.3495228102983,150.312334431208,147.217190727881,137.835449259382,139.341794833083,147.671615831518,-24.0287725798134,-26.956979383385,147.288316644617,140.092509020685,148.436570784529,138.524206159693,141.714712021637,-30.7221021252298,-33.7445139607091,150.324844611229,146.726214476839,152.442879220891,147.646829401967,125.701267305813,-33.2610277164534,-32.620284212333,144.042456050301,149.481504793345,153.518749728991,153.427311832746,135.986933463769,-30.4052472554478,-33.7959332302722,152.874366552549,150.246595783271,149.538835004711,145.985222609416,125.68308977814,-33.4238322791098,-32.7439203106107,138.865984052509,149.068003518782,135.73303043472,-33.683507054534,-32.8470998616825,-24.093589510734,-29.6518554644717,112.837472048468,149.128840278422,146.055476072084,150.30759219392,132.327962298658,-33.3138290026874,-30.4365597985774,144.452704728758,136.024672096658,144.198431073245,138.542105321771,147.770623690983,-33.331885704587,-22.0599127929127,148.715212071876,139.755073013976,136.137631248579,146.0822319427,125.347853404641,-31.9636402197486,-26.1129018315584,147.262860038718,144.547878806559,143.021106173369,137.56172939784,138.949386890101,-27.8429393791853,-14.7709003350082,138.087820138466,150.73224844443,170.470668447288,159.171735327287,149.342879072586,-31.4048377659644,-29.5548331688631,143.321205763115,244.162704048256,175.755923302374,283.973636239634,140.521000077891,-16.6732030020596,-14.0179796856108,150.122917288022,149.901731594239,149.961381004157,141.454158217229,2.31043278295465,-27.1969729865594,-24.2683752753416,-23.0165804836698,-18.3246734396182,-18.2651455649292,-19.4420983060688,-19.9296256288772,-18.3396464811179,-19.2254486777761
2172.6719381764,2512.63663567488,2591.25521841335,905.909619992064,69.4261924429287,97.0277882947863,506.768924025262,610.248452240628,512.568626710683,217.364462834778,139.442117462123,-20.3526946392724,-14.1841054447087,38.0085443753898,65.2653640313987,12.9647808410351,12.5064260099542,-5.29428433145017,-28.8047941034451,-25.2867590683852,-21.3321482617425,-11.411539327113,9.05823976971027,6.33264529197118,0.0751097434362578,7.63273142599922,-3.21256340171533,-19.7656085251022,-4.47318238742696,-7.50611053549903,7.62817862784726,-27.4731327216101,-20.9950973631312,-33.169340899389,151.361585865316,162.428453152621,481.431338700056,361.41217646904,126.15125343404,25.6988005300027,3.14219118757501,129.050688868951,201.80583156563,165.217337258036,326.444462476682,151.908058746142,-33.797737265961,-33.5196111624102,145.925378986195,141.887295051733,134.467039833325,130.597189068186,149.661835135682,-23.3530044147466,-8.89990851970953,126.630893200507,125.937653347847,126.721250956744,132.085441523249,149.837497995664,-32.4671279056964,-32.8913946530291,151.556109885936,147.57590168649,132.001522551901,126.467974833615,147.996585205081,-31.4925744917704,-32.6987317916581,147.74489320919,136.940369068723,149.184553188569,134.263974716306,140.578214369819,-17.0656742095899,-28.8928989766642,151.561428312256,144.082640150744,153.031018847928,145.840286543126,121.311060526095,-28.4296372318222,-33.0204881920996,143.435635955356,150.610040269723,153.995265482825,154.068307149765,133.169057399685,-17.88008211095,-28.8326537216539,153.493784411455,151.389625036435,150.713462568154,146.147954164833,121.28932988989,-31.7021664157181,-33.0820068214415,137.092014997635,149.792287029397,133.305936263791,-27.7307032233153,-23.8222093804453,-0.909414549800374,-14.1002577092462,106.210231272383,149.870856526429,145.946423899169,151.670564507185,129.196983485533,-32.4782062667248,-33.9220428765385,144.094274338733,129.076168782407,125.652782224114,124.2031457831,148.11982713234,-32.4790005297892,-30.3787869598923,149.767681672255,136.742083339775,129.149379798621,146.048702225718,120.881033926459,-33.3769503773888,-32.6120974314971,147.778787606974,144.212793145161,141.84892649287,131.764471148103,137.201624556296,-33.3865381357111,-25.4649154235969,134.100358038657,129.768776143213,142.85211729738,135.741482628393,150.280559736264,-31.9631525056179,-33.2980157779004,141.822973451427,205.164235827981,147.72865278088,240.998092394653,137.083975106466,-26.7130352292008,-24.7840132414032,151.215537286062,150.835354655333,150.941732642317,140.25683540602,-11.3708512811988,-8.06583641109461,-1.32890242600246,1.37057396959187,11.1716215567693,11.2937328401326,8.88295984986962,7.87902518733648,11.1408642678873,9.32795907283958
2168.06071107854,2509.11839663856,2588.00816958803,899.169257553373,68.2290885461164,96.1819528765527,500.5921626159,603.843667452579,506.389351007126,212.80695154723,139.06250960926,-21.6903384562229,-15.6374145019457,36.5083877876823,64.0246618074953,11.3594344710681,10.8968546341392,-6.86826046364803,-28.4152914160339,-24.6150204317048,-20.352584920113,-9.76186773522062,11.8701245232039,8.99904276575779,2.39977262972621,10.3688240879965,-1.07475546792728,-21.1034902370552,-6.04246964848483,-9.04164492796082,6.01298405573789,-28.6043118776673,-19.980162421505,-33.4519417650746,151.400898348237,158.952305826583,475.346768855891,355.802710314645,124.595062785743,24.1186224162225,1.53181655434133,126.799927084848,197.459276182552,161.538827656995,320.994382529913,151.971726590376,-34.279912346184,-34.1182340568811,145.785761209232,141.594486261118,133.824281241927,128.132631954725,149.66261120241,-24.6213508510062,-10.442040707754,125.279167084617,124.156229864174,125.362761646179,129.598279946746,149.856893514412,-32.5071433774401,-33.0685735209929,151.607121252406,147.498390868274,131.202473216331,124.890335372274,147.978190530484,-32.374520686044,-33.4060573453712,147.67851874212,136.444444896709,149.157469356282,133.641405820306,140.419156190758,-15.7815436105651,-28.5167089003415,151.611710837661,143.651950722575,153.004171626874,145.507109203518,120.824795190824,-28.0551457034879,-33.1833233593573,143.328649836306,150.632765784616,153.964106771624,154.055333256099,132.838240404125,-16.7120681780014,-28.4450261437667,153.478428604732,151.437558503217,150.741508476015,146.041892666655,120.802720649961,-31.6475187555338,-33.2385567734027,136.870801650223,149.810768437584,133.019076192206,-27.2412360170536,-23.0161463166287,1.36019775520089,-12.6203285293041,105.493376601914,149.891557429447,145.888249400554,151.727690710082,128.839491628065,-32.5145623801838,-34.4002445197088,143.92337170835,128.150816610891,123.455032736639,122.463226537053,148.104824444445,-32.5135967668979,-31.3470324397003,149.775051008897,136.261071855839,128.219766752906,145.921079957773,120.387264812245,-33.643391942341,-33.3965709833122,147.718732693733,144.044874315038,141.582056615894,130.969166602878,136.982478911634,-34.0741884902028,-26.6714863257048,133.507364930515,127.310957442685,139.680459767841,133.019763640806,150.281875619505,-32.1413911702075,-33.8020050568949,141.520438793837,200.802491475103,144.516019080297,236.23015035063,136.557059578705,-27.8539094356157,-25.9974289369447,151.257567624308,150.859053181185,150.970760477071,140.090052047368,-12.8713765811413,-6.21569900565652,0.915395607155517,3.76483276485072,14.0953726157847,14.2239717037682,11.6852897170729,10.6278242792712,14.0629790662548,12.1539606433227
2152.67127402779,2495.75723453977,2575.16292414302,881.150926134094,65.1759022587153,94.0138742111361,484.86396297049,587.315815585652,490.642164252214,201.769016929408,138.465187651378,-24.8994275877044,-19.1710156980849,32.7174378904464,60.8650157939277,7.34996354224222,6.87710867217834,-10.7471419399818,-27.0109100927148,-22.4714082091794,-17.4031123229674,-5.06226893822037,19.5945139300637,16.3453206826445,8.85742903578608,17.8962535030987,4.89657802946249,-24.3147420846016,-9.91086722254613,-12.8119314428134,1.99062888061383,-31.2444248771313,-16.9377215969412,-33.8203600599928,151.655940963225,150.727539612033,459.905654562485,341.816620308,121.190496731188,20.1435292773904,-2.46612010174738,121.682212021728,186.981919928109,152.805516473088,307.484450231231,152.282368549027,-35.1768171632052,-35.3253991371796,145.713721460565,141.190037914411,132.615888415656,122.484414362105,149.887765630354,-27.6378170743565,-14.2265082579387,122.373614983482,120.200044108959,122.440317168726,123.890486032404,149.99413646913,-32.2330396773595,-33.1576740980338,151.889558971603,147.557123767752,129.625081906405,121.432009609444,148.004679298004,-34.3405759975043,-34.9044637509543,147.763242038611,135.579867202785,149.316894991966,132.483107177171,140.050458968428,-12.0358577108855,-27.1474392890673,151.892197463546,142.916840167756,153.112476482604,144.993310280445,119.582776783166,-26.691726268884,-33.2339285859098,143.102697409545,150.890510495797,154.039157729021,154.174358870695,132.018008881837,-13.2722665947484,-27.0455445726583,153.591943247976,151.690164929952,151.011455182193,146.051381250034,119.559744001555,-31.1241720827626,-33.2722788467361,136.330145589574,149.945915696844,132.303062998379,-25.5744943641547,-20.5200682921483,7.67462738640199,-8.36348495446009,103.653902135256,150.031317550929,145.796572879677,152.0445567593,127.934464657616,-32.2307011831023,-35.2862280830801,143.797025054592,126.277692699748,118.476966914601,118.614040026608,148.137478345762,-32.2250568758553,-33.5457072516269,150.015385057427,135.433990218902,126.3359249248,145.87805206332,119.124597983617,-33.9682594023631,-35.1003212365109,147.819409349229,143.924570697727,141.241229702982,129.401809306947,136.449086923233,-35.5183498138728,-29.5177479114083,132.422337770781,121.681419125169,132.256191793246,126.724218533661,150.488821353709,-32.2356500929168,-34.7583230162106,141.09224431414,190.279714921243,136.978604684233,224.614473205558,135.616006071478,-30.5218814851909,-28.863738578172,151.496888738307,151.056286001155,151.180386789596,139.7055982996,-16.5382919026427,-0.993757972409753,7.16385570477343,10.4033924518842,22.1104366090639,22.2558951865769,19.3848343474999,18.1882496552427,22.0737908704071,19.9150213633208
2136.81020924335,2481.85925934429,2561.76613105313,862.93777428522,62.1003377083342,91.8302541401836,469.047944202094,570.671234037004,474.805687794077,190.736141728447,137.918314682376,-28.1089568580487,-22.71133461031,28.9015433287547,57.68259253817,3.31936379559039,2.83619872244276,-14.6401372481197,-25.5424693647404,-20.2550568625689,-14.371484182386,-0.26054670616486,27.4543087024256,23.8229061473746,15.436706687625,25.5569558735085,10.9841803434687,-27.5266338863213,-13.7934562271473,-16.594147685308,-2.05155450095776,-33.8750601439871,-13.8119962983149,-34.1469700821495,151.939445632098,142.533193038508,444.384301447,327.786542798429,117.84035983593,16.1441501748847,-6.48226323539438,116.613961460537,176.515941408475,144.099954074109,293.94132363545,152.62104845501,-36.03878466678,-36.501876433146,145.684794473878,140.833804666622,131.461107902699,116.883719989436,150.150295863386,-30.6511870670453,-18.0227257521245,119.523281749231,116.297163101678,119.573017014646,118.229597012283,150.149797944487,-31.9087588683018,-33.2013176320423,152.200349173047,147.656331375574,128.102344727239,118.027851730439,148.046690671602,-36.2867914371411,-36.3763536461011,147.888322216223,134.767524367002,149.513886583588,131.378599927541,139.688910757621,-8.19884218037805,-25.7145506788102,152.201009566223,142.230412397097,153.251207312913,144.526283425795,118.334883406573,-25.264917266668,-33.2385180693944,142.886493159783,151.182775243093,154.141434706004,154.320624625165,131.19923123868,-9.74492693426237,-25.5820598226331,153.732695284899,151.967915851056,151.315836351173,146.104068671982,118.31087285626,-30.5475712528333,-33.2597384552574,135.793307523382,150.09949466114,131.588238214531,-23.8405511187646,-17.9470383249957,14.1091080006852,-4.0095042076934,101.801865791212,150.189407653523,145.717138774859,152.392589947016,127.027746453037,-31.8965283638322,-36.1370869965342,143.716710079588,124.460357459652,113.54981177415,114.819016471071,148.185373290984,-31.8861424431289,-35.7280319405401,150.292995811947,134.659343471732,124.507815042062,145.878151533099,117.855669536251,-34.2506660163467,-36.7803451008828,147.960544243903,143.850140214645,140.948756803321,127.889232748883,135.919843770108,-36.9350464828442,-32.3579501826255,131.391357106192,116.099694943701,124.87041402026,120.472755213069,150.730394434247,-32.2847812750103,-35.68066306911,140.712223353137,179.767282948162,129.477964259581,212.995424648614,134.72696162919,-33.180984687775,-31.7244662546081,151.761481817476,151.279077647093,151.415510822275,139.32868760358,-20.2145941119811,4.33612481215278,13.5316308406788,17.1655372554775,30.2640493575596,30.4265499218867,27.2195136487138,25.8823024023506,30.223105386127,27.8118828494218
2120.76077216006,2467.46904328722,2547.80430524278,845.400644856172,59.1734883519958,89.7424125138377,454.00827697223,554.788560442672,459.743306945624,180.379256716984,137.456573913694,-31.1068655377509,-26.0298869673072,25.2850719899009,54.6560773322892,-0.486427015886193,-0.979190687817209,-18.3021643698476,-24.0614357761053,-18.0615750459258,-11.4014795505806,4.3943666090218,35.017478181501,31.0227252097699,21.7824224443977,32.9308611599631,16.8623052334686,-30.5271959315985,-17.4460522003105,-20.1486323303595,-5.86496064725566,-36.3143197606767,-10.7522747960807,-34.3790069165656,152.216841952761,134.882915819047,429.637682467345,314.517895221589,114.766214916547,12.3597940377517,-10.2677739266641,111.924561271661,166.702582779381,135.966758344211,281.152717113187,152.949253878469,-36.7822469979363,-37.5462668930616,145.694403503672,140.546279515366,130.436946466548,111.692973656265,150.422572662041,-33.4593907644094,-21.5897175132499,116.917695813602,112.70436194578,116.951426158104,112.981256216131,150.292046515408,-31.5189642204349,-33.1629985602121,152.503046965992,147.78123277383,126.736257707312,114.902704529808,148.078462308739,-38.068680898753,-37.7038058962178,148.037196122408,134.060889728414,149.725276769822,130.40178113701,139.331607523658,-4.46201501542174,-24.2674447120176,152.501813509392,141.634361046489,153.395965528641,144.132005393884,117.132198125934,-23.8239609965391,-33.1627617982281,142.668616651624,151.478128243259,154.246821639685,154.467155994483,130.406905348806,-6.30354471741941,-24.105744193081,153.87418984605,152.234666857755,151.622362536927,146.190090992437,117.107246918899,-29.917093199442,-33.1675577927276,135.267548310248,150.239826350199,130.892677549543,-22.1064694271523,-15.4136272999332,20.3171325929616,0.219356260848087,100.026856113822,150.333779912817,145.630579450402,152.734553597519,126.149052342349,-31.4972670163403,-36.8698366218346,143.683283470788,122.821195137019,108.9953876687,111.328816855133,148.222174289667,-31.4823467966014,-37.7365053793018,150.579195827225,133.988321632591,122.85847068745,145.914902315069,116.632792517675,-34.4402841309122,-38.306887198928,148.124585688835,143.821939836219,140.721088073267,126.532899646215,135.401687958323,-38.2092297364323,-34.9990519236965,130.483739200528,110.927329125773,117.993316222411,114.666852489662,150.978582345251,-32.2523173675368,-36.4822152520827,140.402400168043,169.908119590293,122.48967602114,202.071895831414,133.948207637481,-35.6479975180509,-34.3856676464432,152.01616737726,151.495207704946,151.643054178744,138.957711497815,-23.6651593266672,9.49347615028904,19.6761962367307,23.6851042289812,38.1065246877805,38.285225887427,34.7588038178835,33.2879056775943,38.061494651461,35.4102857571937
2104.23206187706,2452.39290406381,2533.10768803252,828.038462922763,56.3048593171803,87.688075057635,439.274343851016,539.182859502762,444.984406500922,170.344835304296,137.052851903497,-33.998473474628,-29.2406289074206,21.7528038005675,51.6914309519855,-4.19185576727602,-4.69385182748391,-21.8560763044053,-22.5403122900021,-15.8415313312906,-8.41973824520488,9.02798473369722,42.5001461502687,38.1495511151835,28.0726952831404,40.2281797743438,22.6945039989166,-33.421739803721,-20.991110095272,-23.5953770083681,-9.57503472410536,-38.6519306309893,-7.6824528886342,-34.5410164817449,152.495364463017,127.506245787653,415.201537432614,301.579551458152,111.847453494384,8.66852909455412,-13.9479284934955,107.438785914434,157.204347466045,128.11965497896,268.698805036305,153.276176062654,-37.4471719664353,-38.5075064933037,145.73487877742,140.307365728034,129.49523295264,106.720171940944,150.708361270151,-36.1625423919936,-25.048045813955,114.452387753131,109.283272495727,114.470545984479,107.95173575283,150.42693190299,-31.0694588282846,-33.0591189304776,152.805821040021,147.929221071643,125.466191184525,111.934283066775,148.103133487019,-39.7569369101081,-38.9441020074941,148.20814629159,133.423517957075,149.952608865137,129.506062908429,138.970736709697,-0.728323608809319,-22.7796552555868,152.802721671557,141.097722023679,153.548712709051,143.787345211131,115.941099183378,-22.3425007382324,-33.0219615891634,142.445334081919,151.782215437061,154.357099158659,154.617172097599,129.61969355016,-2.86006233935899,-22.589246577656,154.01944423597,152.49847601216,151.937106417876,146.304432491591,115.915217512062,-29.2312039035087,-33.0105568034604,134.740194409296,150.372886518362,130.19853246556,-20.3369915302571,-12.8599745046055,26.4725274936419,4.43539095963507,98.2769117188731,150.470591827606,145.536977306578,153.078982358336,125.274966908939,-31.0384385242967,-37.5241441227365,143.686432182574,121.289472982136,104.642515627151,108.008275059898,148.251303837744,-31.0190556233168,-39.6484237861401,150.87827832934,133.385644689182,121.316826530181,145.981585157917,115.421757377317,-34.5604230810889,-39.7431747735095,148.310312184569,143.829902092039,140.540170157112,125.272465171187,134.882098086597,-39.396695560624,-37.5365010657173,129.655218947774,105.97281856097,111.377688151608,109.094452090666,151.237326114731,-32.1547004855,-37.2046065170714,140.141909521383,160.363652186438,115.763481203024,191.474654610379,133.240862321046,-38.0133596332497,-36.9432873392537,152.268527114845,151.710787276287,151.869554424656,138.584221840438,-27.0074554079291,14.6194298457063,25.7694059064718,30.1456416349728,45.8627147510646,46.0572814234582,42.2180833702581,40.6162616129822,45.8136831559893,42.9274554800517
2009.44789391961,2363.76798692711,2446.13582027057,734.302649876099,41.0764977564471,76.666956279454,361.00593866785,455.908715101703,366.560433632358,117.887849577128,135.034401558609,-48.937491902699,-45.9011803960371,3.14308805091133,35.9726530101013,-23.6041381568967,-24.1531171309352,-40.3788718256154,-14.0542216667575,-3.67019662140581,7.76719119313981,33.9162970536018,82.3779716090816,76.1561242751539,61.6793053251104,79.1313476468392,53.8910602377078,-48.3791124432157,-39.4707350632911,-41.5390842201355,-28.987139822594,-50.6196522512619,8.96946416582722,-34.9512416876188,153.794919289053,89.1571526185068,338.599741013843,233.326795269634,96.8715434936998,-10.728670333049,-33.1802061152547,84.2998496257115,107.614407575044,87.3053471483902,203.129295417338,154.821446847144,-40.5191399650862,-43.1510615648606,145.938855974201,139.117528795995,124.729738060521,81.0392578246547,152.125060707518,-50.0879908277078,-43.0467773347011,101.830015868467,91.6972776032432,101.766693914743,81.968340268912,150.901408964236,-28.2428906297572,-32.0618215122205,154.229558189301,148.66361657807,119.015194232211,96.6982618029201,147.98684486542,-48.263314955826,-45.0705251119062,149.060037198973,130.216331472875,151.069370685462,124.980734857779,136.805123222628,19.420888346376,-14.4697474679027,154.216555578913,138.364987714504,154.209627011657,142.02829312477,109.412857917514,-14.0684656716195,-31.8283650282357,141.007259438427,153.267218794417,154.768719059398,155.234505380367,125.216158504165,15.7557582077043,-14.1275254055624,154.613468644196,153.69370461976,153.476318423836,146.891088450849,109.382045554177,-25.1559935602868,-31.7307987575328,131.692750259072,150.838132954159,126.274326375154,-10.5404613450855,1.07152393616116,59.3695966953209,27.1250177297806,88.8349070797713,150.954215334815,144.785447680183,154.74195481092,120.404577269917,-28.1624101002309,-40.5392200496102,143.726231771754,113.500217448204,82.2121180777537,90.9543299357544,148.155421952166,-28.119375656919,-49.3456782890772,152.362721750191,130.360277415073,113.475539147579,146.321094755646,108.788052142455,-34.7477190657137,-46.9086760338171,149.239492723766,143.893000052632,139.651905975638,118.872981942508,131.877391780696,-45.239728029145,-50.5732972000549,125.480396097607,80.3910576648814,77.084379538585,80.2673608636164,152.489236664985,-31.1949327295894,-40.5836098207148,138.840148272737,110.517557906125,80.8714803382794,135.975559363133,129.669094891041,-50.1318693836486,-50.0902941224754,153.405966733006,152.661116613288,152.875659410327,136.357375524921,-44.3790190159552,42.0990722832452,58.3391564763439,64.6476629463324,87.1788001910023,87.4567947857742,81.9728961085545,79.6825976988223,87.1087263423544,82.9866842963579
1987.68174361115,2343.52502843472,2426.29858098935,712.473881766471,37.5163561181659,74.0910924941509,342.699294396469,436.455836298359,348.218804195939,105.553767758849,134.517221847534,-52.4525888650796,-49.8152767193005,-1.21110404024228,32.2973831135895,-28.1514271500074,-28.7114403487429,-44.7239522674412,-12.1184201767103,-0.875350990453569,11.4981290266292,39.6760969980718,91.6339471482896,84.975588126488,69.4724306892356,88.1599603714278,61.1220624776565,-51.8983245566425,-43.8055628035298,-45.7500208271209,-33.535752617183,-53.4451365694621,12.80875778677,-35.0878754244812,154.078611147999,80.1153000126158,320.676996385731,217.329112721624,93.3029189476513,-15.2691031007253,-37.688150868745,78.8161621615366,95.9481243570013,77.6863011731363,187.751239472617,155.163334786146,-41.2756195997295,-44.2733218806828,145.951300629665,138.79735924516,123.563428599619,74.9596055447799,152.428097805662,-53.3680059943745,-47.2708672020984,98.8141791837391,87.5158491739126,98.7317672980809,75.8181825573471,151.000164621387,-27.6257794518279,-31.8706982949342,154.542562705135,148.803278142376,117.451443832394,93.0687184509154,147.949233669471,-50.2842178192033,-46.5377503989045,149.227445245552,129.417856672357,151.301676555342,123.8707337161,136.292898465836,24.0756104659387,-12.5749888158139,154.527255970706,137.681644720249,154.341410278612,141.575751298518,107.885754735165,-12.1819196874634,-31.591582690657,140.663878770354,153.58896458211,154.844836982354,155.358991786815,124.182526462599,20.0532274732419,-12.1974057470388,154.732450305267,153.955889910778,153.81089512422,146.99345984071,107.853799739048,-24.2479585262467,-31.4739768154064,130.976038253342,150.934703897561,125.353667375391,-8.29924859307965,4.27660145898972,66.9972224660875,32.3720995729377,86.6280565185499,151.055204205351,144.601352436775,155.108658117902,119.263860290043,-27.5337880391466,-41.2824927887452,143.697325456849,111.620583031931,76.8935900402779,86.8971655917407,148.122871967927,-27.4852477315443,-51.6434756310246,152.681785346364,129.60437037142,111.583723228306,146.365404963417,107.236481806218,-34.8325181400356,-48.6177635989052,149.424986235085,143.869722569734,139.402529615015,117.321220251195,131.170433258228,-46.6411830800728,-53.6470603140236,124.45258429706,74.3344213994171,68.9881074568377,73.4511800583101,152.756053248652,-31.0123055768091,-41.4114174991971,138.493692280287,98.792125892122,72.6361940432114,122.934795275803,128.785092953199,-52.9922405163923,-53.1895222049887,153.654437892439,152.86530646425,153.093026506358,135.830377486842,-48.4578275990954,48.4632118819588,65.8904473413654,72.6496600495167,96.7702885648778,97.0677448026641,91.2001775002893,88.7492760372646,96.6953061002462,92.2849781348082
1918.78112903417,2277.54885124912,2361.14933318597,648.474456990834,27.3187348659986,66.6075636228492,290.199795575429,380.320761587975,295.597671625831,70.9715508819945,133.159797078938,-62.1409704549466,-60.6723889590456,-13.5534127521763,21.7876715345204,-40.9392517601521,-41.5290129274186,-56.8535841124836,-6.18661674812341,7.49500501521413,22.5251380827885,56.4544118789043,118.306194458599,110.413391640905,92.0070148276012,114.189260972006,82.0658591213298,-61.6010588834863,-55.9093552253333,-57.485818491236,-46.3044110385149,-61.1292313221003,24.1438747021004,-35.0591072922468,154.73319693308,54.9665565193375,269.357267775073,171.895354792726,83.5672680282595,-28.0928528046106,-50.3208531851496,63.7371773912706,63.2987743748811,50.9133467633594,144.196743900678,155.974253412525,-43.015690676736,-47.0602782470926,145.985329722791,137.961421103546,120.447142789769,58.213149567576,153.211462879504,-62.3705704803153,-59.0383797802975,90.6127640063222,76.0766753540775,90.4767484874091,58.8683959892545,151.066226122624,-25.4458142324381,-30.9063670032674,155.276908202633,149.164307267516,113.249776905079,83.1617585781709,147.619093051985,-55.6495223303107,-50.314622504095,149.663893629355,127.30235296469,151.892005105316,120.912088480521,134.599784255759,37.7225509032537,-6.76008405221603,155.254999804401,135.839989219519,154.587785322982,140.353189297789,103.325072598174,-6.39265383793639,-30.4961272498876,139.452101535503,154.399046108367,154.909428826368,155.55731758669,121.018459986561,32.6830777510918,-6.28171107006494,154.916824035662,154.524348791067,154.655546739707,147.276409870271,103.289850214244,-21.2400639182318,-30.3209481500176,128.698569435408,150.994930912998,122.499643792905,-1.4996195767223,13.8125178224423,89.0635320337063,47.6978894314123,80.1680987217079,151.126657862155,143.844425118221,156.013823796476,115.787452816268,-25.3208663575318,-42.9842283682486,143.644517578026,106.560898493946,62.2906916425221,75.8124963726457,147.804195154881,-25.2565841901419,-57.8055481607254,153.508445564525,127.608658940653,106.489725049292,146.487411237742,102.606006141284,-34.6546026624516,-53.0864741429713,149.912194191671,143.830944892247,138.763602823769,113.154263864887,128.922343385125,-50.2268626087068,-62.0502417219004,121.723686237138,57.6558280174283,46.5636748410689,54.6283129020244,153.415807797565,-30.0762810046579,-43.3577143081865,137.584858718952,65.963314987103,49.8024930553929,86.2770148124676,126.430890164118,-60.7795175719592,-61.668576220982,154.186379757433,153.277926792383,153.541364265365,134.100287737436,-59.7986490298791,66.9527340222779,87.7405967387379,95.7749727399793,124.391264577274,124.743754855144,117.791258910374,114.886181835435,124.302401216193,119.076872865583
1847.34748488879,2208.17481139663,2292.39763292226,584.678641935298,17.2957402151636,59.167317529104,238.456144862462,324.819050879425,243.722932074505,37.2382333833348,131.705220758981,-71.4546110222738,-71.1395770790306,-25.5928528444623,11.4704239220561,-53.3530079080651,-53.9706951402709,-68.5821043250589,-0.265562154080385,15.7822275165423,33.3898374641576,72.8955231522961,144.331586271374,135.243418846551,114.025334903938,139.592075384422,102.543169442376,-70.9301021325463,-67.6146565694604,-68.8252159273166,-58.6867243240653,-68.4730242943621,35.3078103427413,-34.8764424734704,155.144968664783,30.4862366662504,218.81418080371,127.326868339865,74.0684242563544,-40.5722956100671,-62.5598940017656,49.069862030014,31.4716766440217,24.8557990448413,101.52799265992,156.534762945048,-44.554261291852,-49.6191915825036,145.843263634627,136.999940353418,117.313243518189,41.9308542511515,153.771548966008,-71.0087982331051,-70.4053607663259,82.5940961319721,64.9331753302671,82.4060630905323,42.3859480102882,150.889566714498,-23.1697011642407,-29.8131822182655,155.764968955254,149.328295674807,109.076337766573,73.4965700756202,147.056911109314,-60.7247905200272,-53.8397448663359,149.900012452457,125.12562027154,152.267288512751,117.930957961511,132.717096278886,51.1281602955046,-0.952663935837506,155.736622265777,133.906099941526,154.607668447601,139.008491497116,98.6816947325789,-0.611361439244661,-29.2749064175276,138.034474575624,154.976425033069,154.744756108113,155.521481548386,117.717501771526,45.1001762382949,-0.376275879094464,154.86855421874,154.845182295063,155.265866956623,147.374135594635,98.6433152783675,-18.1594990647107,-29.0434977479948,126.250903980677,150.812759009461,119.49672552212,5.26395406468424,23.2312541874302,110.628273766643,62.7311172625268,73.7051016402921,150.954927716404,142.866703021891,156.673032401842,112.185089599536,-23.0126263889984,-44.4851498521744,143.428929314842,101.568160416493,48.0918637986306,65.0159054575045,147.252177620313,-22.9330100398621,-63.6596511680442,154.109848464404,125.548246956193,101.463639841416,146.429978386138,97.8952006573552,-34.3261505758928,-57.2856704675248,150.197430290029,143.628295145671,137.992459096816,109.015012729379,126.503588024654,-53.564056866222,-70.0994247249815,118.964952912893,41.4411264078537,24.7639266304448,36.3268009090817,153.849099659021,-29.0128964864996,-45.0983924005464,136.553115429784,33.9547613907826,27.5954019974997,50.4805018517143,124.023235150385,-68.2256800970668,-69.7933299285465,154.472621053566,153.450489847186,153.748027472094,132.183462342074,-70.7439109018009,85.0520009149917,109.095871718206,118.36534357081,151.335302524053,151.741083058315,143.738044121713,140.393172371922,151.232997981142,145.218109998949
1842.62207851461,2203.85795877091,2288.18754308863,579.721407599272,16.4786317135118,58.576415982691,234.241294439492,320.357975545381,239.501026812106,34.3513718602155,131.551488133386,-72.27789024484,-72.0518319550272,-26.594648309182,10.6265632894465,-54.4030863647355,-55.0233407404073,-69.5900032330282,0.142712737125862,16.3857033758111,34.2060530038943,74.1731539745961,146.405176271869,137.217587296716,115.765778848517,141.613878890614,104.15563819724,-71.7541965712121,-68.6200870576525,-69.8032545464471,-59.7381042109246,-69.141816193623,36.1486221483373,-34.9381085761354,155.194114499726,28.3513798515911,214.683439774742,123.619252647323,73.1974059897459,-41.6183656166456,-63.6029506574804,47.7540592371436,28.7364512868871,22.5877349349079,97.957249218052,156.597834804201,-44.7563211556072,-49.9039538871997,145.818696829574,136.893914067013,117.005281627026,40.4769216915288,153.81903728022,-71.7795317735014,-71.386627483593,81.8519368875452,63.9194860819682,81.659488642538,40.9159690620365,150.902324834042,-23.0606561328696,-29.8006238104673,155.8210557365,149.335361060788,108.674575611139,72.6114789551205,147.039711118888,-61.2124290283573,-54.2023803574898,149.913657356105,124.904760227024,152.298079454519,117.636048744747,132.594433106274,52.1544067534149,-0.553696038059115,155.792188446888,133.714786606532,154.619934960769,138.872557042492,98.3300832977495,-0.214149766326045,-29.2520457352058,137.949596278766,155.030282462225,154.74622088405,155.534259972553,117.476574381013,46.0453810295475,0.0307070300163446,154.880034168764,154.891584207851,155.322788940503,147.370563597198,98.2914494330874,-17.9844499278294,-29.0161165685119,126.082605513053,150.824995742171,119.282428362284,5.74158562383911,23.9278965007743,112.331035253108,63.8920982302367,73.1986985806126,150.968270358633,142.817437880124,156.739748584946,111.921188843313,-22.9009793476635,-44.6842490961895,143.392632036064,101.091615012852,46.8136531686741,64.0306756573694,147.236359126207,-22.82011734844,-64.2096905989648,154.161158727237,125.337208917121,100.984283683224,146.412862968282,97.5381204476668,-34.3761347149153,-57.7030059578271,150.215239317783,143.593427239021,137.902907130047,108.615964627124,126.337346447666,-53.9119601864826,-70.8239510837608,118.68910285852,39.9923635691574,22.8444362292687,34.7029449938317,153.890018750085,-29.002083645948,-45.3164812468781,136.440963497204,31.2064727651742,25.6446562401156,47.4345264904758,123.782514023493,-68.9022063339708,-70.5234768857915,154.515721341741,153.483019288318,153.783685712577,132.057062754083,-71.6928377382887,86.4671705654202,110.781261265826,120.153358661792,153.485314869172,153.895528210765,145.805099619564,142.423648025609,153.381892294054,147.301339964659
1822.17472683651,2183.72591362549,2268.16720216723,562.165770874613,13.7659590643476,56.5309776994309,220.158317535013,305.206476858932,225.379284038221,25.2482189637163,131.070546129434,-74.7388101996445,-74.823750393324,-29.8212783009911,7.83859592916758,-57.7115936884465,-58.3389497929433,-72.7034911573412,1.73762096208549,18.6071326255251,37.1098679336934,78.5523582191526,153.317746793616,143.814314651522,121.619479383884,148.361954159835,109.602008603673,-74.2196246643057,-71.7279805614552,-72.8117407829785,-63.0344957720354,-71.0740665799037,39.1317458460902,-34.8655684921816,155.198996526859,21.7425159637148,200.93654933121,111.540737109364,70.5906430874081,-44.9533039104051,-66.8580957631426,43.7732664960274,20.1500581509077,15.558210623449,86.4070407798291,156.64179709722,-45.1408971352972,-50.559965700223,145.681247015445,136.542048615448,116.082190221387,36.0663329010414,153.865039621693,-74.058789898197,-74.4014653976157,79.6377558736315,60.8762854194363,79.4314362211558,36.4512209206916,150.751368213142,-22.4321060593389,-29.4862345209781,155.846047467245,149.277850064313,107.477307565658,69.9603370092025,146.787474097253,-62.5387981116516,-55.115820303059,149.875168845212,124.233953932356,152.295366894638,116.753651352698,131.996146711221,55.7306666917637,1.01106666782465,155.815465943676,133.10340844237,154.519826396527,138.416241863651,97.0111960184823,1.34334065154167,-28.9035293222726,137.472992996313,155.080040381288,154.596264737498,155.418450118841,116.506474050917,49.3594380669721,1.6214827716521,154.761307666685,154.872083799781,155.381214452609,147.29661311585,96.9717375776243,-17.1425905390038,-28.6526091485205,125.33649170219,150.672607401392,118.391319708596,7.55970455082547,26.4490850337361,118.064854768197,67.8989390065894,71.4066187908152,150.818593542541,142.456068682556,156.810281472648,110.873557472246,-22.2638811034223,-45.0587290610261,143.237099947794,99.6789369884577,42.9595715038263,61.0807660593583,146.986717612459,-22.1789422292434,-65.7438844854084,154.218049029969,124.697421522388,99.562702196465,146.29779381935,96.2016009131605,-34.2646932851002,-58.7956975350274,150.189771270819,143.441238607694,137.601593639541,107.427937651169,125.598854492807,-54.7749578176357,-72.9451329863468,117.86585837976,35.600288263612,16.9606556331568,29.7527640866879,153.901763172354,-28.696269838297,-45.755136279921,136.070489999711,22.5696052090548,19.6493869920334,37.7674126635029,123.050307693574,-70.8622056449084,-72.6652278462655,154.487165550507,153.424567200506,153.734208513056,131.449959398278,-74.5938268335125,91.2848051060056,116.459693780535,126.158214598841,160.640599870597,161.064893314113,152.696897657333,149.199242874458,160.53362589951,154.24451558419
1799.55992005518,2161.22276913917,2245.73033744316,543.375219982417,10.9002681575942,54.3481215000931,205.242511456166,289.110893393075,210.419359238528,15.7050550132345,130.536548040171,-77.2818188006862,-77.6969663111773,-33.2058213286417,4.89665148082526,-61.1655337282032,-61.8000466125792,-75.9408123086408,3.4517704861982,20.9755248456449,40.1907501550364,83.1727402508505,160.579109938998,150.746543173484,127.777301067034,155.451904012334,115.335194537851,-76.7677519270185,-74.9599742873208,-75.9374629059474,-66.4722125195609,-73.0580103437892,42.2955228088315,-34.7441102842255,155.146583560896,14.8305269800645,186.387162993648,98.8064549949093,67.8625804232953,-48.443422216395,-70.2495801296438,39.6158646903477,11.1548525673226,8.20684437017098,74.2455295325323,156.629312383212,-45.4981541060696,-51.2019376322384,145.494718658084,136.139000683404,115.094653493885,31.4612335956162,153.862619944989,-76.4093176812582,-77.5329346440031,77.3169712030099,57.6951084134971,77.0961737189506,31.788794851052,150.530822411554,-21.7283259641875,-29.1114620330565,155.814303090099,149.171434162395,106.20755109774,67.1859247746079,146.460738690552,-63.8848585515646,-56.0281994167977,149.788301116234,123.50569481884,152.242826321781,115.808527998032,131.308265593387,59.513396205673,2.69367916166198,155.781922217812,132.430622244907,154.359197970119,137.901918361055,95.576421109162,3.0180097977115,-28.4928946613965,136.911726267206,155.078952460211,154.381147247258,155.238701812926,115.432700112833,52.8679133241384,3.3313200754589,154.578817176208,154.791954358466,155.388997225248,147.17585905592,95.5361044703554,-16.2157550481065,-28.2262179408931,124.494673316309,150.450609630211,117.399163673939,9.50706823673852,29.1306543899985,124.097714430076,72.1309094929939,69.48398242703,150.599293019239,142.014827868856,156.827747769337,109.719092294244,-21.5511329738185,-45.4053170088064,143.034872812668,98.188170670721,38.9362496190205,57.9977758320327,146.662405374919,-21.4619201507725,-67.3085653630146,154.226790505461,124.001560009638,98.0626291587461,146.13441423673,94.7484799611057,-34.1023138705733,-59.8960363239603,150.116457649734,143.242302373564,137.251066774767,106.167969926991,124.765124388879,-55.6339888701277,-75.1285066545977,116.982318573959,31.0150010329561,10.8158305102375,24.5832825609931,153.861513283846,-28.3311015883615,-46.1694253537024,135.64815488366,13.5196670402455,13.3853345681878,27.621835548811,122.258167149297,-72.8757542324902,-74.870624885143,154.397829161996,153.30463949189,153.623486496889,130.753386941944,-77.6042603747617,96.3623835546452,122.434793440921,132.473559190028,168.154877883022,168.593843515822,159.936611286685,156.317864031686,168.044203144168,161.537767709842
1778.06921372512,2139.44353718105,2223.91871353848,526.555946388789,8.40225381432202,52.4051195913133,192.157709400621,274.90954982607,197.290611716372,7.49614009453057,130.010249622638,-79.4007555821024,-80.1058509842893,-36.112920761505,2.33806300874096,-64.1032845409522,-64.7434163524942,-78.6718811103686,4.98653329350458,23.0659459828047,42.8861456698875,87.1736268220923,166.815261406165,156.70433994669,133.079975328282,161.543095870543,120.278462415909,-78.8917554217088,-77.6874230642927,-78.5703532079915,-69.3899193024536,-74.689931360376,45.061455384837,-34.5671880997207,154.989552197214,8.90806700525246,173.641388366275,87.7336450946589,65.5112777766992,-51.4269299046064,-73.1224878459651,36.0567952780822,3.42700912672984,1.91012578041739,63.6972719425303,156.504829392656,-45.7301955824594,-51.677996537241,145.246100671088,135.717929232699,114.195706288039,27.5228599717842,153.758836992094,-78.3599329770997,-80.1691492181334,75.3079316610829,54.9624609794249,75.0748182588579,27.800266493635,150.22312145101,-21.0538592892556,-28.7180697039267,155.674321407942,148.985661728596,105.075128103531,64.7951438081626,146.062446769896,-64.9659837948127,-56.7366812387492,149.618652362528,122.820593265028,152.097620946098,114.9455612639,130.604558462923,62.8042723941908,4.20155703397086,155.640395897184,131.781655247161,154.111949918446,137.382253226428,94.2494002418387,4.51853295572641,-28.068652867974,136.314490324215,154.972299640374,154.083790325611,154.970979898348,114.405724387238,55.9250764234227,4.86242589901076,154.309316694204,154.608015700092,155.289601517013,146.982337326312,94.2083620603984,-15.3513100430816,-27.7884161589425,123.6613444368,150.141746011155,116.440277172344,11.2401239394705,31.4873298128546,129.294643565498,75.8026538284933,67.7541461639453,150.292510053382,141.518739635959,156.732035478088,108.624625747891,-20.8689772852445,-45.6280774055541,142.777946528528,96.8741693942484,35.4944098933531,55.3500660816728,146.265726796901,-20.7761055457477,-68.5781497025682,154.132170146885,123.344051033557,96.7406874071661,145.905128543213,93.4060357830051,-33.8901175387936,-60.7655028272939,149.958264887129,142.987856313953,136.874264694769,105.044118473084,123.938844069407,-56.2959880992077,-76.9335281549318,116.171469422171,27.0943327524266,5.56402084356097,20.1627330787863,153.722410113595,-27.9470042485216,-46.4508798008948,135.210908630737,5.74168119552257,8.02711305403687,18.8764431983234,121.519069746023,-74.5339146674313,-76.6953009276775,154.20646188824,153.088258054089,153.41466734284,130.04311065113,-80.1339325964732,100.750476847411,127.582800792442,137.909464515181,174.604900066769,175.056273457619,166.154448407344,162.433292652832,174.491095664468,167.800881191473
1753.88080744408,2114.87442855136,2199.29959614516,507.769866761871,5.62306238033017,50.2361634016599,177.580035473862,259.076497106836,182.663216521946,-1.62878471916849,129.406846033327,-81.7435429264253,-82.7711170423075,-39.3398576195908,-0.507512021264972,-67.3596491519479,-68.0059263217634,-81.6958521721692,6.69465181049702,25.3892414573403,45.879193312603,91.6116931875498,173.726842576857,163.30793042838,138.958664028806,168.294284944443,125.759436042764,-81.2402653084541,-80.7075308828802,-81.4851060215599,-72.6230994366016,-76.491653745211,48.1326159237897,-34.3631394144154,154.791538941565,2.32536728316518,159.443799984674,75.4107106348134,62.8898877019137,-54.7363261877706,-76.3051994338238,32.0974669053265,-5.16229477511769,-5.08756097633045,51.9616444454124,156.342731371504,-45.9792802964105,-52.1975741949119,144.948554003366,135.230467470035,113.18078131098,23.1432147983175,153.620638502679,-80.5156197107468,-83.0873337453778,73.0654347106957,51.91884365561,72.8186662329735,23.3648045589673,149.857907589559,-20.2985180467121,-28.2741611570016,155.49514421119,148.757243458741,103.802201950334,62.129976779502,145.597061672452,-66.1565238419433,-57.5140018173686,149.408048721882,122.041913643291,151.913655874306,113.970516304834,129.801754187256,66.4564923830023,5.87989560973017,155.459505970263,131.041550448481,153.813903578351,136.784880197289,92.7589272087967,6.18863498924895,-27.5905303905627,135.629247643878,154.830579458905,153.729898966593,154.649886378008,113.245907532625,59.318427237404,6.56649657810931,153.986350372365,154.379993827112,155.155892817791,146.745756399498,92.7170926046647,-14.3855597840969,-27.2952539453817,122.715407120725,149.775253430014,115.355802322279,13.1678089225458,34.1054400920088,135.0563191099,79.8764349766341,65.8198292252975,149.928301174239,140.945216669571,156.602032214882,107.390555776593,-20.1051123507482,-45.8668530706,142.471698764755,95.4007814509646,31.6655319404598,52.4008309779284,145.802088880709,-20.008185333117,-69.9777625260942,154.004091435078,122.595965689604,95.2584925157937,145.628965051811,91.8985349796382,-33.6469365983633,-61.7212573012122,149.760345154636,142.684324222728,136.435829397164,103.780729978723,123.000713205371,-57.0216659328663,-78.9274660158338,115.25416833844,22.7344472816124,-0.272385390988973,15.2481795084954,153.544826195611,-27.5135661371148,-46.7548204604558,134.70554770521,-2.90376662531486,2.07196723520775,9.15306453090381,120.680572071832,-76.3648573785575,-78.7111465212882,153.97025326859,152.824438528691,153.159198247056,129.233113229274,-82.93358289521,105.617058476102,133.290334808191,143.935570891306,181.753118851603,182.218220920102,173.045764574547,169.211297264347,181.635851596383,174.742293913424
1745.59386282325,2106.39338089095,2190.78598593927,501.49715462499,4.70750422116481,49.5127724833375,172.75407657146,253.822217082202,177.819938712138,-4.62776648115283,129.183975936795,-82.4984806645971,-83.6319845428582,-40.3940279838695,-1.44372450306997,-68.4180515612766,-69.06622557662,-82.6749814814781,7.25566375827998,26.1490693433303,46.8554483287889,93.0546016400534,175.967799029386,165.449555503869,140.866464200211,170.483513972899,127.538917734801,-81.9971843687304,-81.6855811067001,-82.4283316401558,-73.6728473185265,-77.0695462000073,49.1341393190936,-34.2891267504467,154.696721735949,0.16140078074352,154.746272031781,71.3455893373192,62.0165390748473,-55.8146393195208,-77.3376209376908,30.79021002232,-7.9845088526381,-7.38653478814331,48.0940976285867,156.25941588553,-46.052133550626,-52.358236967019,144.823131240047,135.04455889091,112.825802722431,21.6995024423163,153.545844496751,-81.209220499372,-84.0313769882596,72.3146806871148,50.9088056464749,72.0634705950273,21.9026996326079,149.708916255824,-20.0458117060845,-28.1223953947467,155.406381821154,148.653773147753,103.364232982889,61.2423824669375,145.415912360614,-66.535285353707,-57.7584537459077,149.310307412597,121.762868583968,151.824148547268,113.628495899654,129.512579911164,67.6456755657363,6.43126553526338,155.370187060024,130.773425178439,153.686433469087,136.562539721456,92.2505846347185,6.73723402470546,-27.4276377771796,135.377643978045,154.754352495047,153.584041985964,154.514633200888,112.842458527911,60.4238058033783,7.12620132814192,153.85060669844,154.27533915041,155.082235563112,146.640028877931,92.2084959286361,-14.0647585930757,-27.1274691779712,122.380485823994,149.62585775976,114.976707650231,13.7998202977266,34.9605950513537,136.92636994429,81.201741603176,65.1706345318839,149.779625328571,140.729359340302,156.52926553198,106.963764847269,-19.8496384869914,-45.9363354407479,142.343932972902,94.8985460463733,30.4012445534256,51.4217290843005,145.621470309158,-19.7513957350741,-70.4245869021341,153.932548717133,122.326872441944,94.7533891330329,145.510440510251,91.3847536060488,-33.5601847674461,-62.0236133432922,149.666706908131,142.557408010723,136.26580540718,103.345901119781,122.668308573917,-57.2492177714083,-79.5681434552812,114.93088415502,21.2973094784985,-2.19050777364492,13.6301340364246,153.457059053693,-27.3653942788752,-46.8455761118888,134.513855926526,-5.7448711403058,0.11435882613597,5.955269394955,120.382124388945,-76.9523911443708,-79.3590760780966,153.862987943374,152.708321430919,153.045760858664,128.941689306732,-83.8386455509463,107.19826488596,135.142911447397,145.890917316263,184.070390177071,184.539919806882,175.28018440561,171.409172758732,183.952006126638,176.992870238951
1684.00739244078,2041.78013656004,2125.54776510759,459.034743554507,-1.19489397811691,44.6574737351036,141.245427561764,219.151263223887,146.174569035328,-23.4906508404496,127.419652216562,-86.91621419802,-88.7398505095098,-46.9863323587415,-7.45146805293263,-74.8994009697028,-75.5568813566394,-88.5645874361873,11.0267234543357,31.1297475548089,53.1521565133121,102.180770510031,189.912258260672,178.795336176934,152.802030800401,184.116243762473,138.699727426797,-86.4304393007639,-87.5729960627335,-88.0831972772717,-80.071294697807,-80.3515723702007,55.5852215708249,-33.5056652276757,153.536568570773,-13.358270905919,124.154517918674,45.2418038320603,56.4599316223997,-62.4896283247436,-83.6039813214567,22.6138578440085,-25.6937041385249,-21.7353245527246,23.3782838040603,155.16321957495,-46.1736386927379,-53.024553377687,143.574558263947,133.478495903914,110.312848697274,12.6945784118347,152.554506659271,-85.2305039685857,-89.6836899211599,67.4893749307334,44.5341894328269,67.2109570534256,12.7785206611369,148.186312447533,-18.1609286272229,-26.8595200992806,154.280861212447,147.515889285041,100.37350614046,55.598282293533,143.696854619438,-68.5624522350838,-58.9477991586489,148.205195673834,119.684065108485,150.74831779194,111.194459321456,127.145691380188,75.2349491884843,10.1431829548962,154.241202130964,128.710014705125,152.333386216282,134.754601700261,88.60759742716,10.4293717913599,-26.0951896034924,133.233308570206,153.736717842445,152.102102989771,153.09554917044,109.8030575298,67.4994283135115,10.8893341708344,152.431237599651,153.040962664004,154.079019583782,145.508079112579,88.5640057369068,-11.7630220289369,-25.7644043783795,119.741868770905,148.101118407688,112.08041440557,18.0039048888552,40.522538887916,148.634116649365,89.615956200875,60.7281657664118,148.258330870217,138.797843199705,155.511619507985,103.789156329006,-17.9475708244638,-46.0362774428655,141.103561254987,91.5440648088532,22.5031451245063,45.2433028549583,143.903682780032,-17.8411840549828,-72.8791944062694,152.959612564217,120.309166310764,91.3812307368772,144.302432068064,87.7095779889104,-32.6967268711475,-63.5717075075368,148.586339868239,141.320802659957,134.795132805584,100.375555150411,120.045713315675,-58.3301077548377,-83.2500212143435,112.610337341833,12.3367078839517,-14.1185355447807,3.54752141494725,152.372750106132,-26.1298744560294,-47.0806790164803,132.913466782383,-23.586847788263,-12.0792633730507,-14.2396645644823,118.186094165559,-80.2983434966569,-83.0896445843402,152.614472741707,151.410212300179,151.762826263473,126.564744086458,-89.235807001736,117.160604882034,146.744987468372,158.113103452785,198.474691775192,198.9709030341,189.185222874427,185.093962383844,198.349577371103,190.995275407731
1670.14801852134,2027.1042619283,2110.69841359289,449.823200547408,-2.44347964003686,43.6072450596208,134.506683980484,211.705453267257,139.404486346047,-27.4741611298542,126.978828078344,-87.8084468457918,-89.7769992595566,-48.3578864770719,-8.71919993211236,-76.2336327812267,-76.8927518851199,-89.7669987176801,11.8162076648323,32.1648647802388,54.4544410731384,104.056635411338,192.762783795823,181.524865397188,155.246452699689,186.903770701774,140.987426586931,-87.3261927156755,-88.7754374306327,-89.2362501347958,-81.3854388201556,-81.0070939714536,56.9189197266603,-33.3253886300121,153.211811566878,-16.2167797983745,117.618076158694,39.6932499818383,55.2513813551667,-63.8709389165894,-84.8884615403767,20.867778797017,-29.4321552640174,-24.7650642155813,18.133999477602,154.85121454269,-46.1783010640073,-53.140936730028,143.235260430522,133.07674319999,109.721890185633,10.7781168490662,152.265498351418,-86.0398057052846,-90.8354074609495,66.4301165296673,43.1584535924512,66.1460807107551,10.8367978350545,147.788038532003,-17.7555290464873,-26.5812384294022,153.963071183652,147.19820182291,99.6862961985991,54.3716505955046,143.259389403518,-68.9586746772607,-59.1717601485411,147.894109220928,119.180423609057,150.442311605538,110.619760857614,126.579799291908,76.7994141275492,10.9206083283062,153.922699849239,128.205307389926,151.968276277688,134.30107024413,87.7915165165258,11.2024764717729,-25.8025864179297,132.711349533362,153.441706058289,151.709991530985,152.716249463437,109.103761050223,68.9591912581957,11.6772115069117,152.05221036157,152.700919663919,153.786894334688,145.192504096666,87.7476294860996,-11.2727120582971,-25.4654960365654,119.122330474872,147.702434239512,111.410296264026,18.8814302189191,41.6758237195741,151.032464082376,91.3476081967896,59.7571343465134,147.860303031246,138.31802415028,155.215901043996,103.064417379624,-17.5386459628568,-46.0364518370728,140.767077329737,90.7841867934557,20.8159643521748,43.9087095733322,143.466398444043,-17.4305911159641,-73.3635924254577,152.674303520893,119.818138632788,90.617694102662,143.971358753187,86.8871523555215,-32.4999485322429,-63.8691785897698,148.28029684206,140.985016196261,134.412912761525,99.6926530521275,119.429397253546,-58.5314592332016,-83.9885912751246,112.058948156474,10.4297951840703,-16.6400637721566,1.40762049638619,152.064296742569,-25.8577356342888,-47.1088940904057,132.504730498741,-27.354414697042,-14.6579602813758,-18.5094165297503,117.658391560106,-80.9673986406836,-83.8385822378158,152.271642375485,151.057467401235,151.413121446202,125.996991792953,-90.3338357176777,119.205734169161,149.121942262017,160.61545828597,201.418142438126,201.919745831829,192.027778802096,187.892005485233,201.291667859443,193.857508690044
1642.56408770381,1997.80097162747,2081.0271559851,431.746303826718,-4.87820010262874,41.5486493648821,121.371446214887,197.161817671269,126.206301754705,-35.1719146887991,126.123985698727,-89.5137682757127,-91.7668578404735,-51.0197682638944,-11.189532644676,-78.8127795615842,-79.4749133490584,-92.0821371405284,13.3856879288725,34.2105399642763,57.0179983065175,107.731374208034,198.324031983225,186.852004529482,160.02187649464,192.343129385172,145.459503045172,-89.0386078323127,-91.0909649836277,-91.4544048991526,-83.9233304818315,-82.2488761960021,59.5434281075527,-32.9389257316556,152.55863705745,-21.7236866833437,104.883941333373,28.9160514764729,52.9336723487409,-66.5469293700871,-87.3667850872287,17.5160627606911,-36.6509463731601,-30.6027780511178,7.95862900952903,154.22196161041,-46.1512870065317,-53.3313560083314,142.567167871203,132.294237016288,108.5835484028,7.09816878009059,151.688134382132,-87.5825136721699,-93.0504039458068,64.3987356605886,40.519812127144,64.1038568125381,7.10753863879506,146.986893441241,-16.9314906527823,-26.0042681374753,153.323092464955,146.568950454681,98.3652187741907,52.0190185926031,142.381569305956,-69.6943141101734,-59.5717914451884,147.27735455295,118.207449228863,149.832694651946,109.512755641273,125.452020601981,79.871009686951,12.4666722019535,153.281334880567,127.225333252237,151.238810101211,133.417073298347,86.1808649608376,12.7399327893812,-25.1977019792495,131.668772361383,152.850361419176,150.926071408466,151.956850170266,107.718542738042,71.8275110515194,13.2435786421598,151.293510093453,152.015928946621,153.200978972579,144.569833658129,86.1364044263453,-10.2838565384473,-24.8483200736346,117.890392698338,146.900528030332,110.080704500815,20.6216758201695,43.9506868974114,155.718716041387,94.7430568736112,57.8495103937344,147.059550924664,137.357246693151,154.620303285347,101.629346199805,-16.7077455316991,-46.0006533080347,140.107185240889,89.3257472006835,17.5792015356099,41.3500509422823,142.588670328317,-16.5964457488551,-74.2712381696859,152.103913999899,118.869533495936,89.1521823405034,143.318987503319,85.2641933361523,-32.0812959203046,-64.4122397657202,147.673266688537,140.326300892415,133.667927415523,98.3799958413396,118.203847686957,-58.8872122842248,-85.3927946386683,110.996823865218,6.7686137401212,-21.4893930506994,-2.70443136590256,151.44739902617,-25.2930958209901,-47.1279123275725,131.708839960215,-34.6307992771494,-19.6195990808568,-26.7691312694406,116.639125399694,-82.2358315024139,-85.2632427087117,151.581466722454,150.348645965803,150.710041114359,124.866054531794,-92.4433271501147,123.208191036147,153.766773713152,165.50297780856,207.159176890914,207.671212924876,197.573605054925,193.351706915424,207.030070640856,199.441406749909
1596.36164509293,1947.98398448368,2030.41597177161,403.36898750398,-8.53225636510439,38.3366934940289,101.342454723387,174.790089177258,106.068428267939,-46.5513243983852,124.559985793792,-91.8171565407945,-94.496882054604,-54.8888903156749,-14.8798480468064,-82.4767979985408,-83.1416497591917,-95.3064006045689,15.770461942601,37.2599875506783,60.7898379686046,113.048004284345,206.250174621126,194.454989571114,166.862686450506,200.101042501838,151.880693993038,-91.3541535736678,-94.3186439753448,-94.5328098041135,-87.5099880496988,-83.8675414052398,63.4007520804104,-32.2211866792763,151.194395372702,-29.842307325215,85.5074087103965,12.7096472836128,49.3947524618075,-70.3934181966372,-90.852931184505,12.5265508602699,-47.304429337496,-39.1935864406439,-7.2798651681654,152.888274267693,-45.9425778481428,-53.4329197615846,141.227019356205,130.818278364175,106.649090056686,1.64545810083251,150.450823270122,-89.6439199303362,-96.1194589349305,61.2562173844145,36.5350791967238,60.9458890028749,1.58052241970333,145.404334178073,-15.5938659412341,-25.0165476791163,151.976285252439,145.272324788058,96.1877057057523,48.4302157596096,140.693578256797,-70.578662842405,-59.9744402773653,145.997263831242,116.491349346046,148.552634012153,107.622689228416,123.426962609879,84.3501107941166,14.8184550715501,151.9325407574,125.469582029993,149.767039858552,131.784951271813,83.526766208665,15.0778183070789,-24.1698143654035,129.757053780377,151.585330661496,149.369857012344,150.434380391827,105.350952630323,76.0204366548077,15.6240244712957,149.773886388067,150.601450752877,151.942970240057,143.29201628583,83.4815473559743,-8.71454470865507,-23.8027287171267,115.726474481676,145.317087798241,107.78921322149,23.2454806370975,47.32085895744,162.436240666138,99.6721183247205,54.8217470362848,145.477263921952,135.555110238119,153.339744743121,99.2000522477788,-15.3603204706621,-45.7790046416083,138.789770555116,86.9696927211706,12.762684278049,37.483348950812,140.899884782061,-15.2444022879001,-75.4042389769811,150.875732023093,117.188200011967,86.7859894361546,142.000232870175,82.5937596532455,-31.317027077485,-65.0186583292915,146.406718147858,139.009835284424,132.244311041731,96.2151539483108,116.049021789221,-59.2244280583897,-87.2496599435666,109.169917153302,1.34514290512635,-28.6183383876871,-8.77874443944376,150.148259664438,-24.3261688429666,-46.9864642912501,130.214480318759,-45.376948888392,-26.9232196443118,-39.0197584792037,114.858031673077,-83.8951014349018,-87.1516188213673,150.16061426413,148.903746934179,149.272631175656,122.83840322805,-95.3535137911053,128.978900795982,160.426894667392,172.498556591941,215.333417877814,215.859852472796,205.478444165324,201.137666217312,215.20067937222,207.39879274885
1593.94044315193,1945.58159970627,2028.02232792697,401.337855577445,-8.84250937212713,38.1006024623027,99.7240934113458,173.045679552906,104.445392446026,-47.5918130836772,124.498989125007,-92.0945197414758,-94.809742782812,-55.2557691183903,-15.1984182052603,-82.8517150352336,-83.5173480621258,-95.6583521494553,15.9524947989525,37.5127477527235,61.119625953335,113.544266820701,207.032118297551,195.20132500168,167.525245205028,200.864441233489,152.497319008777,-91.6320557537644,-94.6700026586836,-94.8727699453903,-87.8832723227839,-84.0847271865487,63.7394984916746,-32.2112186702192,151.187731890168,-30.5978233182229,83.9283360861628,11.3253224448837,49.0938910712739,-70.771950991722,-91.2213276420377,12.0700710281395,-48.2856705301522,-39.996841065193,-8.60267205523601,152.886004735893,-45.9843087580951,-53.5053815782812,141.204552201916,130.771760965873,106.538317754866,1.14026859969184,150.448916313456,-89.9005777342445,-96.460069570546,60.9997529642098,36.1848449437586,60.6878504939441,1.06913053926263,145.38008966121,-15.5210112674387,-24.9792243244716,151.971887284681,145.258815278386,96.0460350616485,48.1243169510617,140.657957813354,-70.7270858685306,-60.0760745073327,145.985898057653,116.408997328542,148.545239064697,107.516531636286,123.352532191588,84.7557862369653,14.997080828415,151.927948510287,125.393595161793,149.74841978727,131.726418420446,83.3717159743163,15.2555983020362,-24.1286226387672,129.696257351426,151.583795538088,149.345542167517,150.413925474445,105.234802743876,76.396479934748,15.8055910439936,149.75312968831,150.592019435465,151.942410540125,143.276723037694,83.3264048426376,-8.61758841673222,-23.759837495362,115.635481038452,145.292683534613,107.681993520332,23.4527203674964,47.6074694653626,163.085281532743,100.126374604146,54.6138803677218,145.453162366622,135.507234816409,153.340500437406,99.0753171762622,-15.2864978918389,-45.8195869129102,138.765354011162,86.8037957008639,12.3207113838116,37.1437572727715,140.864551313619,-15.1701183078013,-75.5762354586607,150.875051563025,117.109367821876,86.6190813084436,141.980291957604,82.4367345645529,-31.3026465542426,-65.1405819885254,146.396824142917,138.985790858024,132.203515551124,96.0745408155572,115.958886122055,-59.3203201257141,-87.4883250783593,109.070461037254,0.842089473628192,-29.2908347222159,-9.34524663324189,150.142439918157,-24.2898614664715,-47.0343396769606,130.16586057617,-46.3640683708834,-27.6085738502371,-40.1252368173189,114.76872497653,-84.1154647917641,-87.3926451182232,150.15016720724,148.889936574923,149.259830919939,122.762991873212,-95.6811191614792,129.524613696841,161.069688301401,173.178157090141,216.142724320566,216.67074628021,206.258045749755,201.904167078916,216.009585435053,208.184186575442
1569.36511771322,1918.87479413131,2000.84245267177,386.778362482299,-10.6649327426107,36.4572752486714,89.6201002598531,161.70175612367,94.2825666077647,-53.2314080477423,123.609913191193,-93.1628477489646,-96.0897152098092,-57.1437075270723,-17.0332227250806,-84.6114372117586,-85.2778264288787,-97.1856161833043,17.1379620727672,39.0120021720847,62.9597549420998,116.111542955586,210.823166925899,198.841057614877,170.807885650272,204.576725825589,155.583167575781,-92.7069099460549,-96.1998860846757,-96.3275421082801,-89.5995573791139,-84.816730967676,65.6201250125189,-31.8181938245825,150.370880119088,-34.6213681867009,74.1654200745764,3.21578000875348,47.2878396652013,-72.6343325298909,-92.8841042724525,9.57269087217367,-53.5613490580017,-44.2479834483709,-16.2094672601378,152.082803551069,-45.8341173470428,-53.5040111082508,140.410984152374,129.920617029333,105.481053980913,-1.57872604743048,149.697444727144,-90.8494635609475,-97.9086956281433,59.3809171250323,34.1677705413955,59.0615738567791,-1.68698164850832,144.457998265944,-14.8321936879576,-24.4573372854562,151.163012053948,144.482902877734,94.877098716818,46.2942038775818,139.687076140012,-71.1027890029992,-60.2197876438809,145.21756354234,115.451589764856,147.774179747367,106.48056836207,122.227805723097,86.9291671040191,16.166867458846,151.11811712622,124.407734665541,148.879496437582,130.796247687625,81.9672553620491,16.4181712632936,-23.5873563239228,128.62275245833,150.817026689653,148.434348451443,149.518611325636,103.954647501092,78.4339104956997,16.9890209924503,148.859832449428,149.75012813043,151.178809363978,142.51240657788,81.9216038191539,-7.81882896177302,-23.2100240931446,114.447927760802,144.370233553426,106.437569301452,24.7512657049605,49.2584199151025,166.310126737635,102.511463240622,53.0479646483574,144.531127347383,134.483543800046,152.563882356952,97.7694701176737,-14.5929768062049,-45.6630520432159,137.985784597266,85.554271222011,9.90967086250197,35.1848594281947,139.893043349647,-14.4743861080982,-76.0722883139564,150.127736296555,116.16871078482,85.3646547271461,141.196703298911,81.0249088033472,-30.8871020024671,-65.3819180071566,145.634893012927,138.206471625144,131.377224360946,94.9119225755844,114.775628639779,-59.4318847917664,-88.3367617059401,108.064657185018,-1.86199725671506,-32.8203618727327,-12.3655489718412,149.359965699354,-23.7790422151782,-46.9169438282202,129.306073396857,-51.6878917167765,-31.227066261784,-46.2077044388284,113.780325071131,-84.8678207891202,-88.2569854983929,149.305513300136,148.034463283965,148.407751961775,121.637564545478,-97.0507193953225,132.30510300331,164.267575358534,176.533278991267,220.04991746263,220.58468061343,210.039113769159,205.629572119629,219.915077951496,211.98985704855
1519.34041752477,1863.72158585435,1944.53511236303,359.187916658468,-13.9191545564066,33.3668427435014,71.1780431758203,140.75254102318,75.7170168049204,-63.075489955123,121.667073752605,-94.7429274636443,-98.0474189049255,-60.3543065949981,-20.2876195930548,-87.4896124504277,-88.1550467369322,-99.5928805864778,19.2950305951537,41.6658120885237,66.1525103960627,120.446456868383,217.061171839919,204.844738989351,176.25769711101,210.69279344007,160.726926980548,-94.3005797092737,-98.6154460079715,-98.6048979142002,-92.3804033421642,-85.8099159018045,68.8775803824405,-30.9383927764682,148.424238392988,-41.6143732206908,56.3970278754139,-11.3018078568101,43.9902155530364,-75.7433378859289,-95.5551594915867,5.17015331817811,-62.7464688780973,-51.6163555466537,-29.7465149220158,150.153672755568,-45.3492941359806,-53.264571278794,138.566126854,128.019143673361,103.308468183582,-6.33936536743613,147.884823859783,-92.2187850298079,-100.169184167134,56.3749409848411,30.5392078023413,56.0433645653771,-6.51428771654076,142.327718540443,-13.4709681415908,-23.3676604777407,149.227574599903,142.650540801962,92.5450913633556,42.95684839905,137.481852733167,-71.4917158877301,-60.2223124790972,143.395884815361,113.419064676469,145.93383127174,104.342642328015,119.796106885418,90.6467921179815,18.2986699662554,149.181090978443,122.287000380136,146.848934419198,128.748730237545,79.1576395338361,18.5358344088463,-22.4652612136655,126.264076467084,148.968329447967,146.32467774727,147.433381182409,101.30116439436,81.9327905090802,19.1428890587138,146.780496226842,147.755421649667,149.334322689562,140.712308377858,79.1115099959495,-6.28119784275023,-22.0736080783332,111.926191133125,142.239648267063,103.838413342808,27.0883195600211,52.1535620961237,171.670150998962,106.561236438408,50.0417548006307,142.400537508781,132.197093289651,150.685729029927,95.0866897329231,-13.2239842540922,-45.1672072894438,136.179399922438,83.1137524058425,5.66192278296157,31.657618845959,137.685494569057,-13.1017645278409,-76.664107312166,148.320819195177,114.163786966438,82.9159903225341,139.366848339815,78.2048518788813,-29.9693409330455,-65.5449482236233,143.823305495816,136.399480762147,129.5150490054,92.5912429409115,112.260946849511,-59.3782744582241,-89.5308660143757,105.975215622433,-6.59463908475507,-38.9276069097566,-17.6298248817125,147.48865936253,-22.7120610313957,-46.4883842740146,127.391324047915,-60.9669570993683,-37.5010146741427,-56.878258780505,111.698192350675,-85.8981436794079,-89.4805370912651,147.307680588063,146.022364075919,146.400268157864,119.207379854858,-99.1693443599557,136.972706026985,169.585517332036,182.095384673965,226.46767199844,227.012870878788,216.261640150418,211.765907057045,226.330199581711,218.250472687404
1490.12643318784,1831.54140183508,1911.68787421754,342.998417101927,-15.8351367424071,31.5528503681071,60.3262525530644,128.436565203209,64.7932675247491,-68.890550740167,120.530335245709,-95.6871267389946,-99.2135990593239,-62.2506287381341,-22.2045273413748,-89.1944306079953,-89.8593890319482,-101.023008362719,20.5586042989421,43.2238297807395,68.0300186876442,123.001376597182,220.745663941731,208.390104657585,179.47425023783,214.304885360457,163.761825019773,-95.252693748161,-100.050313735006,-99.9586855688367,-94.0287561151376,-86.4086146757625,70.7934136106326,-30.43091703921,147.292967005693,-45.7491868233387,45.9392311607712,-19.857807379917,42.0428140187843,-77.5820388921538,-97.1395163860195,2.56649120107008,-68.1738996105743,-55.9734971541622,-37.7285777002928,149.033047688765,-45.0754768216079,-53.1357748716162,137.490864102235,126.908093185711,102.033085154062,-9.15551233014182,146.830912769875,-93.0390036884725,-101.513278712683,54.6011531968301,28.3949283318478,54.2623280558935,-9.36967429143056,141.089102443518,-12.6787070696459,-22.7360395186358,148.103043734093,141.583695178553,91.173986293797,40.9859136776718,136.198882312027,-71.7340036690398,-60.2364016153531,142.335465915654,112.227953724935,144.863259053307,103.087815810362,118.378607362773,92.8355361455189,19.5472867332573,148.055621438031,121.045724975835,145.667581302678,127.551888513761,77.513925850311,19.7761888997818,-21.8145006438893,124.890078490179,147.893807336134,145.097167771637,146.220439548256,99.7513017831098,83.9920266337322,20.4045646214644,145.570942199174,146.596308192682,148.262350631673,139.663730346111,77.4675114786933,-5.3844763516237,-21.4143934736814,110.455091159732,141.000837293815,102.320997935431,28.4585367275185,53.854577408712,174.833407207233,108.946994083598,48.2792304582165,141.161764671201,130.866070750573,149.594679321092,93.5192515544697,-12.4271333985039,-44.8868998544214,135.125969734277,81.6771252801843,3.14937854987883,29.573109219825,136.401231913516,-12.3027682200193,-77.0261165563899,147.270351149369,112.989024760325,81.4745410225191,138.300543607118,76.554916927394,-29.4394657164583,-65.6539141533508,142.768880060812,135.345752348608,128.427362244829,91.2268035768053,110.793994740838,-59.3593186171005,-90.2479330806721,104.749169720212,-9.39435787409195,-42.5409911638172,-20.7440071009533,146.400575843936,-22.0936701994938,-46.2477269313725,126.272362768769,-66.4493751976208,-41.2122317685347,-63.1784843686385,110.47762064891,-86.5186418631338,-90.2148733874353,146.146637753335,144.852675308574,145.23336544305,117.790620067289,-100.430080873389,139.725041525285,172.723802959874,185.378608633037,230.258892921346,230.810288032849,219.936943118794,215.390034721041,230.119857223803,221.948391062849
1483.3277538692,1824.04814184234,1904.03831520713,339.2395164408,-16.277773416818,31.1318215832275,57.8078856068918,125.578158949392,62.2581589655089,-70.2418252647234,120.257566064417,-95.9035379792715,-99.4809012267534,-62.6870347382763,-22.6471469070513,-89.5858652245527,-90.250689392377,-101.350901982086,20.8456655455067,43.5778110187716,68.4566060234739,123.581836587543,221.582518874572,209.195389687189,180.204914084191,215.125311924997,164.451255861883,-95.4709388978464,-100.379331384364,-100.269075439118,-94.4070424366165,-86.5459468408716,71.2287170756493,-30.3159230409777,147.022858240906,-46.7126250083549,43.5122611403193,-21.8436869243588,41.5833868369535,-78.004646456206,-97.5029872378284,1.95603592687917,-69.4356037485809,-56.9880985305464,-39.5813893944711,148.765405785519,-45.0136916968674,-53.1070469181454,137.232618273245,126.641330721909,101.728299517676,-9.81486688320197,146.577925891423,-93.2270149519769,-101.821385231588,54.1816675282896,27.8902121844706,53.8411731695431,-10.0380937442869,140.79521215177,-12.4988580669167,-22.5927722742021,147.834489820343,141.327547766166,90.8471520557568,40.5210679419071,135.895110956275,-71.789927955557,-60.2402712923574,142.080802960796,111.942606108708,144.606435972816,102.78776422557,118.044916313799,93.3328338963583,19.83094429269,147.786853235237,120.748784368261,145.385667414445,127.265281509893,77.1301500797445,20.0579408427701,-21.6668660151788,124.566050345755,147.636278125008,144.80485037181,145.93147682002,99.3879496488181,84.4598534830882,20.6911947341999,145.282788614671,146.320074830662,148.005412173717,139.411619600334,77.0836728037519,-5.18086292590638,-21.2648295376577,110.109503738202,140.706903035924,101.965145347516,28.7698450621722,54.2410703197532,175.551974381476,109.489039263517,47.8693700454054,140.867844566739,130.551609922359,149.333588514669,93.1523165571474,-12.2462380591777,-44.8236297864014,134.872584498082,81.3352204422476,2.55996903843121,29.0821825568561,136.097181904889,-12.1213839916218,-77.1093744913211,147.018162042184,112.707438756762,81.1315257563978,138.04435626507,76.1697615668195,-29.3193576936474,-65.6794054341441,142.515588476544,135.092306879721,128.165976851921,90.9015065014491,110.449328971381,-59.3556245144294,-90.4123355623973,104.455739933992,-10.0499102551971,-43.3839682941233,-21.472027597772,146.139925563714,-21.9534663621967,-46.1935222244498,126.00378290303,-67.7238286974373,-42.0778502653886,-64.6420208188837,110.185492720782,-86.6609796593771,-90.3832454158686,145.86995638621,144.573992709927,144.955325682869,117.457079619665,-100.71907005087,140.350322619223,173.436700659987,186.124401598932,231.11996519526,231.672766292035,220.771712675652,216.21319188718,230.980574771677,222.788292308475
1436.12011335926,1771.05952071395,1849.73239159952,315.611176521986,-18.7970673396877,28.5144532351529,42.8800289538235,108.312254563669,47.2096317333916,-77.6703032929695,118.168531788687,-96.6852875148525,-100.549557941849,-64.9452146853573,-25.1355249424684,-91.4448468281758,-92.1056676625791,-102.772826515674,22.5045094552752,45.5256136769073,70.7168572620834,126.492429265905,225.54645036152,213.031204190414,183.736475751997,219.022629007414,167.813388435918,-96.2657578921023,-101.81268292766,-101.591546025842,-96.164041956518,-86.9003690111439,73.5275329806587,-29.4359232636647,144.778527025218,-51.983717670095,29.1932239711212,-33.242974743584,38.8161034370274,-80.1062792168055,-99.1563610698948,-1.49277975771017,-76.3422567417256,-62.5073261147559,-50.1098338794556,146.525921775519,-44.3800631844447,-52.6315747886148,135.130506281991,124.551437297237,99.552100208803,-13.4901527293364,144.449893676368,-93.8519597383965,-103.122688202171,51.583274430522,24.9281082671575,51.2347329935584,-13.7654562548586,138.427215069595,-11.3180892947494,-21.5814352993978,145.594904148921,139.21267467657,88.5996634108619,37.7274165786241,133.48938206349,-71.729486989265,-59.9249106000158,139.970543690504,109.825383516308,142.466401451276,100.633868184381,115.540506706092,95.8941888533282,21.4743946524122,145.546222937779,118.515336986749,143.085022812496,125.055753138072,74.5168065823023,21.6888752485603,-20.6339307552538,122.089591835946,145.471893427782,142.441647859428,143.58203049674,96.7950509377926,86.8883849605331,22.3482161284576,142.941177070302,144.038167160232,145.842453736889,137.334186870055,74.4701627287114,-3.89376463726916,-20.2223188166031,107.569995849718,138.339111882752,99.4021862936246,30.5349243721766,56.3311298497907,179.033984134663,112.238901480481,45.2387741675284,138.499162541431,128.105015359284,147.134466950015,90.5640684006721,-11.0604457243741,-44.1820460551809,132.815179426355,79.0499603890873,-0.768343556134795,26.1949590270374,133.688359869683,-10.9332780021074,-77.1864438156377,144.892371853578,110.608419481068,78.840787567973,135.95010264352,73.5525457850036,-28.4136372748255,-65.4667875969302,140.411248182466,133.033193754798,126.099721190544,88.6628063478,107.914025205833,-58.9993401345329,-90.9098036028506,102.332133935013,-13.7016806840842,-47.9650724578992,-25.4905649373898,143.965162401561,-20.9635423117251,-45.5994743231511,123.906511016302,-74.7139768283434,-46.7984964049415,-72.7579357363253,108.037559985158,-87.0447777147796,-90.9045942941653,143.58791593555,142.287339306606,142.670380954558,114.957127438887,-101.911395330953,143.446845011541,176.895163398862,189.717443015247,235.182001489768,235.740502765854,224.72714458855,220.12150900995,235.041172533953,226.764534578987
1434.00335700794,1768.79129785058,1847.4311919214,314.273290448749,-18.9722214727629,28.3626422389664,41.9221916678415,107.247083723552,46.2468849944061,-78.2242654720931,118.095619409482,-96.80139786288,-100.685930390828,-65.1330529488533,-25.3127413394818,-91.6245616661241,-92.2855468328655,-102.932538467532,22.6156097373182,45.669299014341,70.8959679436837,126.747412345365,225.929899406084,213.398728771443,184.066455965283,219.39778755064,168.122711186382,-96.382414945575,-101.972500601581,-101.744341402359,-96.3403926294136,-86.9837512087278,73.7108252507754,-29.4061927301442,144.718546718638,-52.380832698431,28.2655597134557,-34.0237713061197,38.6431666958141,-80.2939105793495,-99.3281633880513,-1.73756072485293,-76.8615910935574,-62.9275996871328,-50.8456487166413,146.467547321261,-44.375122790603,-52.6416931211076,135.069938311702,124.483309533467,99.4600218402416,-13.7577981059964,144.395278122254,-93.9565406267631,-103.275131437058,51.4301116623903,24.7329778096429,51.0808111778811,-14.0366559307624,138.357190805346,-11.2581744235462,-21.5385607499043,145.535819313435,139.154651023279,88.4951650912526,37.5520327495887,133.414242165284,-71.7774926985419,-59.9495988891737,139.913369611508,109.744523628972,142.40959779281,100.543978075073,115.448820866347,96.1080145419947,21.5838844844046,145.48704175526,118.433323001252,143.019588778846,124.980225140505,74.3936161419711,21.7977256610916,-20.5891140266843,122.003515557894,145.416233855977,142.37236788052,143.51444114598,96.6862858864268,87.0882350715272,22.4591038513974,142.873691520558,143.975999169326,145.78716056095,137.276741863825,74.3469347813723,-3.82252839938911,-20.1766464351879,107.4714524591,138.269039209282,99.297260884597,30.6577277033495,56.4905199189915,179.357893617071,112.474833050875,45.0965144602241,138.429162746972,128.02434710471,147.078428716074,90.4522516462802,-11.0000553910162,-44.1764864566965,132.755340056377,78.9362274682077,-1.00484572074191,26.0055289324725,133.613215974172,-10.8726632560445,-77.2464476326214,144.838229517343,110.529264884038,78.7265582392912,135.89061119935,73.4285467626466,-28.3816614608966,-65.5013724082651,140.354743585071,132.973425288653,126.03419420373,88.558913189867,107.815911763718,-59.0209014280833,-91.0046068930452,102.24536564198,-13.9679484190734,-48.3148150001192,-25.7886052610876,143.907764802293,-20.9216092638854,-45.5977641718247,123.837462986513,-75.237616984296,-47.1564758033416,-73.3530394270651,107.953482369917,-87.13007519671,-91.0008771075794,143.525405053938,142.223572558609,142.607001775603,114.865251774064,-102.056307951471,143.724164844081,177.216249401271,190.055049071354,235.577677944602,236.136888803087,225.109544201427,220.498050395699,235.436669989685,227.14952372839
1433.36166741046,1768.09982538063,1846.72878786341,313.877839483208,-19.0231372857008,28.3178665587472,41.6424320827446,106.934840780279,45.965617712219,-78.3838807019669,118.073196651048,-96.8336959318749,-100.724133301014,-65.1869779538337,-25.364164055057,-91.6756736076836,-92.3366968172303,-102.977579151721,22.6482938000447,45.7112048856215,70.9478967122151,126.820777467047,226.039483414631,213.503827082597,184.160975021039,219.505036378501,168.211406124252,-96.4148807312578,-102.017587667189,-101.787363850605,-96.3904388770971,-87.0065685042072,73.7639398148371,-29.3966286008197,144.699203197231,-52.4950111227812,27.9948542250849,-34.2504767199026,38.5929651561111,-80.3475350082288,-99.3768224201408,-1.80806305068367,-77.0111008652241,-63.0483724331386,-51.0589157803716,146.448638181699,-44.3726169438411,-52.6434883664363,135.050751015622,124.462151260714,99.4323574462501,-13.8347781458903,144.377606537464,-93.9854889007957,-103.318025903408,51.3854652671422,24.6765317375858,51.0359488637184,-14.1146707594386,138.334904490747,-11.2400149353182,-21.5252531124353,145.516721970986,139.136107814879,88.4640747679081,37.5011343232646,133.390510188496,-71.7901366921981,-59.955566905152,139.895060043104,109.719942604153,142.391323533757,100.516934550656,115.420455342358,96.1697570848673,21.6161109956117,145.467916854696,118.408232357023,142.998712625118,124.956894265488,74.3565681829076,21.8297603080597,-20.5752497482534,121.976710940287,145.398208572826,142.350345912572,143.49289273649,96.6531772992043,87.1460083096069,22.4917278569362,142.852182822846,143.955990996769,145.769234950553,137.258428611196,74.3098764029673,-3.8011553717138,-20.1625368251672,107.441176345604,138.246740341488,99.2652238639868,30.6937277455597,56.5368751281842,179.450701489441,112.542819643408,45.0542936940787,138.406881353587,127.999051714373,147.060227007339,90.4183129792023,-10.9817600525126,-44.1738014388802,132.736435227439,78.9026154812513,-1.07293895178745,25.9507283925576,133.58947635247,-10.8543038896351,-77.2625368831677,144.820687350689,110.505169352064,78.6928046626839,135.871724107468,73.3912739726222,-28.3714526214142,-65.5101652202424,140.336622893829,132.954535783965,126.01376897745,88.5279990741551,107.785759304778,-59.0259634584932,-91.030723057033,102.219205530274,-14.044521959274,-48.4152089213244,-25.8742665244065,143.889259232612,-20.908588680878,-45.596189951876,123.816046883924,-75.3884133263185,-47.2592984043906,-73.5247699516185,107.927991815624,-87.1534542196983,-91.0274290697453,143.505305751096,142.203131993797,142.586667142252,114.836844851568,-102.097004028474,143.80383192474,177.308260602242,190.151716425442,235.690705810952,236.25011653495,225.218832508788,220.605688549219,235.549647437028,227.259541434399
1406.36360187995,1737.25781269854,1815.00303863242,301.740009736636,-20.1479584045129,26.9922665238678,34.518140072388,98.4895800447576,38.7699617288705,-81.5711077664769,116.730158297583,-96.8752276944819,-100.889856014267,-66.0366003019959,-26.4535175568542,-92.248202161157,-92.9051605933756,-103.30454139816,23.3796360405036,46.5047340343407,71.8076831477891,127.807466521887,227.202992558903,214.647370035999,185.255696296214,220.658218559197,169.277653929034,-96.464021394656,-102.353141045166,-102.07074167188,-96.8988835905002,-86.8763386089168,74.6328876626314,-28.8661890504748,143.181544680309,-54.7532774259805,21.2033110958849,-39.4570593880872,37.2046119983526,-81.0729440059908,-99.826037847591,-3.37985792170775,-79.9571078012956,-65.3879044154402,-55.7986775836278,144.927098613766,-43.9106224647036,-52.2298452805158,133.640231572039,123.095918384928,98.113385353121,-15.4724012981251,142.920304259973,-93.9615093042327,-103.586300131722,50.0329683972433,23.243867327702,49.6808482876407,-15.775879858114,136.775270986596,-10.625605748677,-20.9579581926295,143.998453653682,137.704368490287,87.1494934063457,36.104059855594,131.828262276753,-71.511784228792,-59.5943584903582,138.462841562221,108.392952693028,140.935238395281,99.2047732358888,113.867838142623,97.0904279702115,22.343493997481,143.949311661297,116.996026782117,141.46181417837,123.532644671575,72.8837228189925,22.5504648398226,-20.0007619371021,120.416570459535,143.918906956032,140.784696104077,141.929795793097,95.119200308763,88.0329141699818,23.222714297556,141.29486931692,142.421418577785,144.289297635328,135.851994847423,72.8370991306645,-3.16041522544225,-19.5848322495442,105.897115247007,136.687506586954,97.7362047833013,31.4493596308908,57.3627576189463,180.537245451278,113.499689178545,43.6680202079255,136.846635507777,126.434010149788,145.557225257691,88.905590796738,-10.3658003920121,-43.708661176323,131.356176051959,77.6033032152392,-2.59044117811999,24.5490327896497,132.024956859724,-10.237658151406,-77.0318736138661,143.362877754683,109.184106387243,77.3916218577592,134.462101607971,71.9196470688529,-27.832098438441,-65.1797741573328,138.905727885803,131.572656759608,124.653373525946,87.2173555591219,106.242687797489,-58.6482683273863,-90.9555804158881,100.915531224713,-15.6703593221292,-50.3622953392902,-27.6327424253595,142.410275256926,-20.353528212936,-45.1490763530115,122.44853613,-78.3792146324941,-49.2760184369659,-77.0522198740308,106.592638818995,-87.0367646203124,-90.9636957068629,141.972261905585,140.672493373906,141.055496448118,113.288492251626,-102.317257384418,144.82347930997,178.390603003007,191.256100516481,236.869332295923,237.429625840883,226.380980845752,221.76050482555,236.728050739435,228.424918071137
1403.61121468297,1734.22427502582,1811.90622531844,300.217150742313,-20.3269015416113,26.8216534271611,33.4966345661025,97.3306655054132,37.7416890027963,-82.1210908734198,116.61661674005,-96.9628529767378,-100.997892850697,-66.2127411686132,-26.6324149185327,-92.406128793938,-93.0630288501239,-103.436892021635,23.4935646795061,46.6454232530875,71.9774060488278,128.038711145728,227.536727958609,214.96848684853,185.546985809696,220.985387527744,169.552461028454,-96.5523852777584,-102.485948704835,-102.196072381766,-97.0515032466684,-86.9322664824728,74.8060967661257,-28.8210961600387,143.069989500146,-55.1465613515115,20.2187330283441,-40.2634202536118,37.0151624816146,-81.2434501191036,-99.9726923020481,-3.63044036791811,-80.4709054300402,-65.8018644078012,-56.5512747861316,144.816560993034,-43.8868201441392,-52.2192745714566,133.532876662468,122.984901466234,97.9867290127843,-15.742765752423,142.815318050101,-94.0377475434227,-103.710704806444,49.8597024736257,23.0360758163164,49.5069072417857,-16.0499068795515,136.654509676889,-10.5545617117754,-20.9015518822206,143.887533692301,137.59797328629,87.0138503179345,35.9124195061575,131.703626011997,-71.5351052755857,-59.5968391801731,138.357053497756,108.274237709021,140.82868847243,99.0800327364059,113.731460911617,97.2884241286182,22.4560610063844,143.83830583808,116.872720398792,141.34536841513,123.413609783986,72.7276836761427,22.6622660565795,-19.9426069094996,120.28398730597,143.812197009746,140.664161201681,141.810622262522,94.9710684981052,88.2191200155932,23.3364705712195,141.176027798024,142.307522491468,144.182830814673,135.74712648279,72.6810354195536,-3.07986522965618,-19.5259046923241,105.756072567989,136.566727084914,97.5911296880881,31.5729856094348,57.5164493853251,180.823699568747,113.715575895735,43.5017629632142,136.725865817248,126.305188700573,145.449211199533,88.7561641448847,-10.2943375317312,-43.6842637389481,131.250676222161,77.4615058412379,-2.83252113432059,24.3468133819198,131.900219193526,-10.1659996270194,-77.0661410846651,143.258219329337,109.066911351317,77.2493756083313,134.355581361017,71.7630670340228,-27.7849575024897,-65.1909082584289,138.800492091526,131.467138821485,124.544534438856,87.0823324876257,106.10200421034,-58.6477171576999,-91.0223556672803,100.793469632566,-15.939187783782,-50.7069029974233,-27.930870640602,142.302294868118,-20.2983555898867,-45.1283111654288,122.336783325056,-78.8981635003115,-49.6297730965865,-77.6475566192811,106.471179364391,-87.0947013502381,-91.032064660608,141.858179203187,140.557587361768,140.940853615798,113.152160521759,-102.433993776444,145.072641874773,178.674790638172,191.553437239705,237.212747321526,237.773602839261,226.713882688982,222.088765167816,237.071323980652,228.759871055769
1348.80346086127,1670.84365160612,1746.54499657577,277.539478249843,-22.1563937473875,24.3755697401762,21.0467070421136,82.2233961398687,25.1435706803041,-87.0864886963839,113.663713614448,-96.4665802022626,-100.695698233085,-67.3021781712081,-28.364275764807,-92.8632623584624,-93.5093520680011,-103.402564780616,24.6562922014357,47.7852871206203,73.0891297680364,129.053658629958,228.295253461173,215.763546538853,186.423928021993,221.763097956705,170.470537442581,-96.0717310109529,-102.472011393331,-102.092619158571,-97.370393675566,-86.1928072331383,75.9177606063894,-27.7122799447957,139.644200855692,-58.6637817531565,8.42187453161768,-48.9657748844334,34.4587844425288,-82.030893785087,-100.171565561119,-6.26395904209809,-85.0288332670534,-69.3971139970157,-64.3511234836353,141.373465031326,-42.8120428911328,-51.1816691425201,130.358609375259,119.952875240947,95.1877036761073,-18.4187228759652,139.501504920318,-93.4436118904454,-103.572296631382,47.2892849212633,20.48572502068,46.9340664374816,-18.7648440366306,133.186670602704,-9.4027592615611,-19.7733116183315,140.4557791146,134.361239207474,84.2880636278708,33.3474479936549,128.258215487497,-70.6242306910513,-58.6089652679726,135.114915433858,105.399551298062,137.528857599704,96.2863250422763,110.401912294655,98.3627315488454,23.6177630362392,140.406244461952,113.798707350993,137.898536855524,120.278765500714,69.7662929083184,23.8111253787187,-18.807242660493,116.904964974945,140.452547725947,137.16960420645,138.313659708131,91.7796533040263,89.2859537427464,24.4994687671417,137.692691466867,138.854611358427,140.819833466211,132.566818244832,69.7200209143017,-1.92450957928139,-18.3872854296561,102.485577836412,133.100101072388,94.3924733047223,32.7322591874059,58.6510904602058,181.713193163253,114.75980076395,40.8557339272946,133.256485722853,122.884232510253,142.03662606494,85.6352490516572,-9.14130345235009,-42.6051391385704,128.144010655815,74.8192155999426,-5.37682946440302,21.842318721724,128.449532976115,-9.01249552620556,-76.2071973986055,139.940839003399,106.197827993193,74.605097531502,131.177994222536,68.8091462221495,-26.6664465444687,-64.2251219207893,135.558076988115,128.356295047098,121.513373230014,84.3629717608035,102.831426784664,-57.6364232277971,-90.3559369486508,98.0043397413638,-18.5936135599229,-53.7122074081998,-30.7440407522259,138.952204121365,-19.194900863694,-44.0724885258842,119.306371556564,-83.5427483161175,-52.7617953289295,-83.2274577600951,103.592681092955,-86.3779766307341,-90.3855232058202,138.410641649966,137.122085463945,137.502126223427,109.833649181777,-102.218923685765,146.048390085967,179.569152951466,192.413130900528,237.942701286083,238.501912187021,227.474706306432,222.863060502958,237.801691642695,229.514708771389
1304.97523927213,1619.94556656486,1694.0110899964,259.951201695715,-23.4926986247999,22.4877501884489,11.6507621334091,70.7093477106443,15.6282025013489,-90.6392836072688,111.237752656757,-95.9079189252793,-100.275963010274,-67.9960040586095,-29.6153470069187,-93.0320104586907,-93.6687405513219,-103.180352971585,25.4952287761166,48.5642205527996,73.80005290144,129.588041642553,228.452433847118,215.971500491824,186.747991972253,221.946851084314,170.855172493874,-95.5256051783818,-102.266927468618,-101.820556919758,-97.4263317667427,-85.4692404231847,76.6234148369136,-26.8174047262752,136.807560252387,-61.1806192718775,-0.458116560545847,-55.4056451619277,32.4858587688249,-82.4693168821899,-100.131609365398,-8.21629744628325,-88.2787344075919,-71.9521043133051,-70.081924751208,138.520366721648,-41.9150250533548,-50.2973047149626,127.732276531484,117.454762427841,92.9139794140587,-20.3795798924452,136.751283330777,-92.81653920996,-103.271085023736,45.2809451107107,18.544359634356,44.9245867282526,-20.7543885000705,130.328644324212,-8.50918863259014,-18.8784080265912,137.613053253105,131.679607013777,82.0907988066188,31.3701905477941,125.425916646285,-69.7997951548071,-57.7484907159629,132.427730250608,103.048812987437,134.793019301831,94.0144819691752,107.689289563992,98.9986847024366,24.4578418939188,137.563378785398,111.281287404689,135.050031835624,117.702608241238,67.405846452105,24.6411365776015,-17.9087360516345,114.143190028431,137.665403195718,134.285962040923,135.425981235002,89.2055657494516,89.9330207601488,25.3388996048537,134.816437147845,135.998362217848,138.029440289461,129.931661749523,67.3599421246492,-1.04206165785311,-17.4870929569749,99.8318701503189,130.243156528553,91.8077835470961,33.5536698006491,59.4060081088269,182.055449116707,115.342722448712,38.786548163717,130.397145997261,120.079955574145,139.205876469433,83.1252385269452,-8.24728427733345,-41.705216124492,125.573399216429,72.703321772688,-7.26369115213353,19.9328776111608,125.612836038972,-8.11835878634082,-75.4117212581028,137.187060289954,103.849777444588,72.4881186158611,128.547574858021,66.4560744034028,-25.7661716981047,-63.3709804069134,132.869842960524,125.78209767403,119.012891724292,82.1704075060295,100.177063030956,-56.7600363788806,-89.6799112953779,95.732631320597,-20.5379214184755,-55.8531064035705,-32.7844775848447,136.17518345924,-18.3197996738702,-43.1874755172367,116.810722396723,-86.8607493900862,-54.9999373767484,-87.250382339458,101.242563246221,-85.6712561907045,-89.7244705831443,135.559319577855,134.282374345494,134.659239486205,107.13050788678,-101.862247697025,146.521742650878,179.919050497684,192.71308932031,238.060456685437,238.617391046305,227.635140083276,223.042199437197,237.920020329334,229.666848060272
1287.91369091313,1600.17018067357,1673.60819449187,253.005767917864,-24.0351413090157,21.7406663009626,7.8912426693893,66.1242908205682,11.8223676390236,-92.09968896654,110.302094648286,-95.7192879638286,-100.14412825665,-68.2971439417555,-30.1258539606773,-93.1322307235023,-93.7654414046853,-103.128172199587,25.8358602961699,48.888622450955,74.1057565808048,129.841978900658,228.589008514398,216.124147472881,186.937166930414,222.091846095537,171.063187797786,-95.3418416778285,-102.22126866229,-101.74806731596,-97.4830605855368,-85.2114499694636,76.9279585126951,-26.4718827069707,135.71872499378,-62.2162132080134,-4.01572969104262,-58.0075336882119,31.7019257853668,-82.6734789794595,-100.151029278281,-9.00691618404849,-89.6171985900518,-73.0068493447637,-72.405626952235,137.425610956094,-41.5736679820592,-49.9637739970875,126.723088877083,116.492694118491,92.032218829351,-21.1780451464421,135.696298022382,-92.5996284993597,-103.187461322306,44.4875633556277,17.7679249538724,44.1306192010613,-21.5644583838366,129.229702163364,-8.15810037696312,-18.5302357685367,136.522089662826,130.649954535894,81.2355452318285,30.5841198617227,124.335717358435,-69.4966176480385,-57.4269528227754,131.396142229393,102.14009342597,133.74305039694,93.1338769538145,106.641204258529,99.2829061085967,24.7985835501445,136.472342763641,110.309082298291,133.955583117177,116.709427090845,66.4851183083268,24.9779288124557,-17.5588063170344,113.077571753912,136.596203755815,133.177412062955,134.316240837411,88.2066340451015,90.2186537132412,25.6796760295507,133.711053970474,134.901655435464,136.95908217232,128.919755757144,66.4393460301885,-0.692921363546418,-17.1363515562621,98.8047740973114,129.144615116961,90.8056046895508,33.8899997744267,59.7244489551323,182.250309428311,115.611255877781,37.9725435818748,129.297710599496,118.999288164963,138.120063059662,82.1500237297937,-7.89593030556676,-41.3626320980173,124.585496907094,71.8770828759361,-8.02778979825868,19.1697089055818,124.520967716742,-7.76691513011647,-75.121944156125,136.13082086041,102.942421902241,71.6613677598345,127.537053613114,65.5379835123305,-25.418149462552,-63.0538334235106,131.837991728929,124.79284924105,118.050449407905,81.3170598997515,99.1498035299261,-56.4318312861486,-89.4424578041922,94.852707315,-21.329827915155,-56.7364651396825,-33.6192776792375,135.109474991463,-17.9793322681866,-42.8513233540044,115.84940338487,-88.2259280823479,-55.9218640856013,-88.8975139700844,100.333429787331,-85.4202441459613,-89.4929970019226,134.464413121927,133.191620028374,133.567358391054,106.085981436351,-101.75606110774,146.757002441379,180.116244043142,192.894646845248,238.184523763873,238.740736600144,227.772738774581,223.185720911206,238.044269042832,229.801818747242
1285.09800209603,1597.08559600085,1670.46342411615,251.400701357037,-24.2292770493721,21.560391674147,6.79835091525754,64.8900888825275,10.7226277288625,-92.6972636458782,110.193355474891,-95.8230059903499,-100.270240926153,-68.4930060687079,-30.3205912609489,-93.3111809525764,-93.9443967622043,-103.280717968326,25.9615433336946,49.0454951650511,74.2964900379452,130.104705660374,228.97229321087,216.492556751278,187.270443524464,222.467388824698,171.377077114435,-95.4463128068864,-102.37420849593,-101.892925623188,-97.656775176075,-85.2800039962155,77.1227360370407,-26.4256892171729,135.614402752002,-62.6426275737455,-5.07025462472703,-58.8765346170811,31.5038004532409,-82.8648256051387,-100.318621242601,-9.27479122739678,-90.1757058485373,-73.4565575825748,-73.2184633179353,137.322549301938,-41.5519463970798,-49.9571557227983,126.622567437079,116.387267963902,91.9075852877944,-21.4683907685109,135.599154607218,-92.6907837933971,-103.331478732296,44.3081052487217,17.5486974326723,43.9504002288652,-21.8587721439586,129.11467444157,-8.08208802501429,-18.471047176996,136.418529438339,130.550826938215,81.1001820859179,30.383529384216,124.215978920207,-69.5284780371641,-57.4351460038352,131.297740451037,102.024993128912,133.644032299181,93.01141135661,106.50689710852,99.5066790110195,24.922693938403,136.368685006832,110.189870839949,133.845879934424,116.5954244276,66.3253203693395,25.1012355690144,-17.4976361989889,112.948046408768,136.497261760458,133.063197854543,134.20360267295,88.0577126447123,90.4288008231089,25.8051573549128,133.598707022662,134.794685429893,136.860436907009,128.82212631785,66.2795166465241,-0.605906218324577,-17.0743067686796,98.6645927673023,129.029559199156,90.6602212127324,34.0269534693942,59.8964376276697,182.577895273995,115.855977183164,37.7986925508454,129.182679526515,118.87445381761,138.019828207923,81.9990231734862,-7.81944024403208,-41.3402488379635,124.486785085127,71.7341722201744,-8.28644414821918,18.9566026902887,124.401135426662,-7.6902012031139,-75.1661600690191,136.034072017225,102.829035020395,71.5179533717786,127.437510760497,65.3775004589244,-25.3696441635051,-63.0719190641572,131.740228865719,124.694137129565,117.947518720268,81.182370577468,99.0100483997854,-56.4366620882432,-89.5231130211432,94.7332920192774,-21.618541910632,-57.1101084099593,-33.9406839429116,135.009019638982,-17.9214098980055,-42.8329998151318,115.743121786884,-88.7898153618576,-56.3052329935463,-89.5433981457923,100.21520033469,-85.4909781044094,-89.5753693844865,134.357199706148,133.083397093773,133.459455416871,105.951671318022,-101.891689504409,147.040768967109,180.441169106284,193.235050497945,238.579222851759,239.13609828409,228.155041585664,223.562551872626,238.438800967383,230.186539854558
1217.81374040891,1517.54140996334,1588.06676793189,227.971044503714,-25.4419680953873,19.111994984723,-3.97751591550892,50.9111627515594,-0.242469310871485,-95.4474545221518,106.005912892555,-93.9018106847235,-98.4526152649418,-68.383357859844,-31.3549576568304,-92.2682229855814,-92.8823294044221,-101.653516099869,26.6213055474986,49.3345344473511,74.1772388186634,129.052542806208,226.192377045803,213.934409765757,185.228346431137,219.803192414624,169.612646758048,-93.5445947259975,-100.778712508194,-100.22582463302,-96.4261337627423,-83.304441679746,76.9605139686767,-25.0179810474273,130.596053476701,-64.6077025666205,-15.0962720901441,-65.3873791741418,28.8986684327731,-82.2713567157818,-98.9418541041022,-11.3085543925686,-92.6124752382601,-75.3206596966916,-78.7251196548206,132.262034032856,-39.9445817253841,-48.2549530186347,121.978702749823,112.032138180865,88.1431020755978,-23.3483114083012,130.687837888688,-90.7308584075457,-101.611777024876,41.4901574658319,15.1673039362193,41.1359449892014,-23.7663413527225,124.14974896018,-6.91500128423434,-17.1669916246477,131.382298201235,125.788564444521,77.5695752248945,27.7884479828977,119.343426095772,-67.6408917850773,-55.663260107105,126.518962792248,98.0350134688016,128.775647571538,89.2342540702815,102.000560556484,98.9715673886819,25.5973263153098,131.332943914517,105.897656212349,128.840288080016,112.148093060806,62.7471675258039,25.761830867523,-16.2020771846836,108.301697213793,131.529130798206,128.025257663769,129.145655409559,83.9517453884253,90.0249655481315,26.4675330582722,128.561822920681,129.761842591983,131.883627838465,124.138566444257,62.7023788515828,0.450788196476481,-15.7823044406482,94.3275042257079,124.067021201299,86.506710419588,34.5611894482857,60.016088913869,180.618138806427,115.046035779644,34.9287249124809,124.215257760467,114.102460287469,132.978354563657,78.0441165585403,-6.65525513658034,-39.7322641385703,119.937765658936,68.4235015116645,-10.2583848868253,16.5929469898203,119.520816744958,-6.52756391883463,-73.2387795883821,131.112741716649,98.8313812984249,68.2089354780375,122.778000321823,61.820106613142,-23.9694196050941,-61.2339339988583,126.95437336155,120.138096523446,113.568693315956,77.6560742665649,94.6678849406848,-54.659284661988,-87.5475416366668,90.9331876377456,-23.477488670993,-58.7185536053243,-35.7445606732869,130.072600059626,-16.6475239858617,-41.2229007695786,111.39946358612,-91.3231395665977,-58.0358772826328,-92.8745057053472,96.250242625267,-83.5322526215593,-87.6165240203631,129.33597821596,128.092842838669,128.460156628484,101.463968133604,-100.126253405089,145.69681543354,178.518158359718,191.087148261175,235.628193029005,236.175159897182,225.389564899153,220.878709406884,235.490268799482,227.38492853823
1196.99184791615,1492.97603442803,1562.63090330638,220.591423295538,-25.8469442447933,18.3382307955877,-7.44475517832905,46.4511640067901,-3.7680479350897,-96.3979519207439,104.724206750064,-93.3453560216902,-97.9319717406489,-68.3909583569578,-31.7064219512542,-91.9915805050119,-92.5999402659851,-101.195648550919,26.8460541064443,49.4542609327954,74.1811988481079,128.790867126829,225.436085994413,213.241730686128,184.683582611954,219.080098436543,169.147369842745,-92.9941552102048,-100.33046355815,-99.7543565583106,-96.0919498259645,-82.7243189697091,76.952390009382,-24.5847928833788,129.065201744438,-65.2865918957118,-18.3300072223172,-67.5253115416228,28.0744882876753,-82.1324929025895,-98.5624439453647,-11.9752901761325,-93.460603580441,-75.9739981973914,-80.5493557914946,130.718756787318,-39.4564295231152,-47.7414163159681,120.561361998712,110.700663901993,86.9853572356801,-23.9734196628445,129.190713651897,-90.1601408007977,-101.124312574918,40.6058200286676,14.4060622804778,40.2525006838755,-24.4005881131004,122.632699079495,-6.54798674410421,-16.7622778923582,129.846224322207,124.3358829685,76.4799705646284,26.9667809165616,117.853172111336,-67.0795981059059,-55.1318445326932,125.061462770239,96.8114002654154,127.291051198878,88.0731452580222,100.617405866032,98.8573131052762,25.8262205342003,129.79699718754,104.582265385099,127.312175289278,110.787108086347,61.6378655058452,25.986335685315,-15.7995069179496,106.877429947778,130.014529659907,126.486465524671,127.60117055677,82.6859692493426,89.9473636212758,26.6930257706474,127.023733661055,128.226065656172,130.366477130246,122.709882896223,61.5933755459671,0.786886566071502,-15.3806220354442,92.9940261515982,122.550683710281,85.2273619533486,34.7505253778145,60.0880094435926,180.096958576106,114.853472751487,34.029499209685,122.697455813579,112.641382934926,131.441406353755,76.8233304257304,-6.28901400376913,-39.2437877892559,118.549343748743,67.3985008968593,-10.9046147578271,15.8383083486859,118.028205861659,-6.16174178699777,-72.6680864980994,129.612686316922,97.6058144359911,67.1843277706314,121.356155454704,60.716905072337,-23.5380015175066,-60.6846943484255,125.494876795882,118.747561729323,112.230607236745,76.5679059045267,93.3329702509336,-54.1255178323786,-86.9699335819692,89.765807305011,-24.095949967677,-59.2792403738179,-36.3532229971652,128.567225801316,-16.2521482286693,-40.7346329805164,110.07126312392,-92.2014262439373,-58.6353362728992,-94.0097502582749,95.0335089424357,-82.9576477087511,-87.0443041588043,127.803647388911,126.569529811577,126.934278987182,100.086419858012,-99.6232874032263,145.351748269991,178.007477436044,190.51204169249,234.822806806555,235.366931092763,224.637412872361,220.149974032383,234.685599077897,226.622410563881
1195.32089362014,1491.09589041925,1560.70302581405,219.766821195456,-25.9334423541328,18.2470609369414,-7.96101928596988,45.8522632497521,-4.28860393061441,-96.6516911024454,104.649214448607,-93.3695797339029,-97.966023865367,-68.4671650131042,-31.791677452229,-92.0532448392416,-92.661448107968,-101.241871747366,26.9030720086484,49.5206528278607,74.2577185267989,128.888375167607,225.567348265922,213.368900323898,184.801021292849,219.209233198949,169.259378902195,-93.0188428800776,-100.377108507929,-99.7971682766656,-96.1499547939008,-82.7340139907835,77.0301679474968,-24.5533191559433,128.983927116478,-65.4665344506485,-18.8248477770359,-67.9175017513116,27.9784163050058,-82.2028677365458,-98.6167794582511,-12.0937360100776,-93.6963527264621,-76.1622116335994,-80.9109795505003,130.637596099226,-39.4330770401737,-47.7233140450752,120.485378388564,110.625442727552,86.9079163522514,-24.0993422654682,129.113526298554,-90.1790126119753,-101.166349777181,40.5152100370859,14.3036641475764,40.1616227696131,-24.5283019166907,122.547264318184,-6.50659520781664,-16.7264717676926,129.765089108325,124.259322597338,76.4003932525303,26.8698293744496,117.766554707924,-67.0753435257598,-55.1190864537737,124.985038871365,96.735688232591,127.21350823868,87.9964434385745,100.5278323457,98.9435680453364,25.8827336613752,129.715827151917,104.502273982317,127.229024438301,110.707739545801,61.5456021208271,26.0424095338844,-15.7629788866709,106.788653869642,129.9360380234,126.401152199629,127.516298857961,82.5938348250972,90.0292664843053,26.7499848529208,126.939150053304,128.143491007102,130.288023414924,122.634687584981,61.5011075932608,0.831756294337737,-15.3437737190178,92.9034435521282,122.465258654487,85.136182777464,34.8110015350701,60.1590307512669,180.212810542933,114.945806466504,33.9374213038585,122.61199470285,112.55348456207,131.361643923011,76.7315084315547,-6.24745558093917,-39.2201652667584,118.474989518052,67.3179027557886,-11.0189181889564,15.7384607757168,117.941473987669,-6.12010673672481,-72.6684439094138,129.535562837215,97.5307088778464,67.1035463919869,121.280419401757,60.6245326230967,-23.5056651852883,-60.6753420285463,125.418645101362,118.673141188798,112.156157525239,76.4886305827556,93.2425253499237,-54.1113680764346,-86.9844719396965,89.6901027955283,-24.2210541142759,-59.4354619859681,-36.4906574833384,128.48842028978,-16.2171002949479,-40.7126176250727,109.995805745299,-92.4401063566924,-58.7964120554824,-94.2873790334991,94.9567879069423,-82.96835591363,-87.0596695193385,127.721081982302,126.486844737946,126.851641405383,99.9970196415645,-99.6615843095841,145.455229027294,178.122572759637,190.631444995789,234.957201552976,235.501507882503,224.768403326576,220.279459515423,234.819947879501,226.754065670499
1164.39675894876,1454.2552504709,1522.48298961847,209.711410747713,-26.3215105774745,17.2119706970396,-12.1875537228429,40.1640071391074,-8.60326278053594,-97.3814826341663,102.623759448761,-92.2732193045157,-96.8947187042411,-68.1794144292949,-32.0881709762955,-91.3110773569461,-91.9095374055831,-100.234841742529,27.0741109360864,49.464526313494,73.9520129050331,128.019052625599,223.670018368891,211.602780616698,183.340865076371,217.380344284191,167.964448887115,-91.9314687585257,-99.3857390186191,-98.7793354889387,-95.3186786617194,-81.6534276222919,76.6976009382721,-23.9034813554514,126.538952224575,-65.9976970145848,-22.7154098289762,-70.2396892633204,26.8569423326861,-81.6742565053155,-97.718664650254,-12.844427186582,-94.3126751102099,-76.6148958092068,-82.7888327762806,128.169907698442,-38.651405458515,-46.8747210374508,118.2211861679,108.51177113606,85.114348893756,-24.7458406673926,126.711598261317,-89.0784595533154,-100.122766440703,39.2642143249225,13.3201241666061,38.913284478304,-25.184203293795,120.145297995813,-6.01604183381622,-16.1454347941555,127.310200417651,121.934307823551,74.7374905964791,25.7563288690172,115.417985942867,-66.0848674707676,-54.2167332306852,122.650849791314,94.8171891137957,124.835460223551,86.1939308217297,98.3851748116331,98.3854489043063,26.0632822888537,127.261307436304,102.435862175276,124.795808653919,108.557267593287,59.9088895107245,26.2168080583527,-15.1887140221343,104.568384530538,127.508292253172,123.957736577331,125.060929706073,80.6734980028678,89.5547743596622,26.9226028392232,124.494180436367,125.695367750732,127.855560641278,120.347019515503,59.8649542776501,1.25254339327842,-14.7723995554104,90.8547802537779,120.064534156292,83.1877869591787,34.904244588216,59.9980398503715,178.801578932791,114.221971521815,32.6794407966514,120.208795176027,110.263057790231,128.899290269363,74.8915880688196,-5.75896903283794,-38.4389958301346,116.255938878972,65.7749748358644,-11.7489977537959,14.7567784134595,115.58916458021,-5.63268441673128,-71.6424493993634,127.128133666384,95.606310212055,65.5620449309308,119.007162020749,58.9993007356412,-22.8624922685219,-59.7271276507914,123.080099318998,116.45057727245,110.027578734515,74.827120518302,91.1906755717582,-53.2103740074852,-85.8889289219583,87.8723990378184,-24.8588098513995,-59.8471489069877,-37.0623927218114,126.078469888462,-15.6498625832521,-39.925356042033,107.888946944692,-93.099176934125,-59.25878256467,-95.2556883287709,93.0546131286349,-81.8936470848174,-85.9705197053713,125.27909832601,124.061492576768,124.421503064225,97.8637000104229,-98.6050886669743,144.411450786964,176.733324536222,189.108651705662,232.958710236211,233.497156659808,222.879633097193,218.438983562266,232.822933847559,224.843923093224
1155.90165954825,1444.16681110741,1512.02336780752,206.867211246766,-26.4467640042871,16.9175140255426,-13.4328873942043,38.5162042080786,-9.87266352339,-97.6454619792754,102.075750864249,-91.9961040042491,-96.6268197632148,-68.1264609264441,-32.1893202564749,-91.1362021700271,-91.7320906945177,-99.9869811512548,27.1336367920503,49.467714647466,73.8932579000967,127.81989328163,223.213520038249,211.179187327863,182.993949949758,216.941011664521,167.658893264285,-91.6568131143524,-99.1420582686283,-98.5277301823784,-95.1196723583238,-81.3763897499915,76.6322256061117,-23.7268096849926,125.880957031627,-66.189033237646,-23.8675427704195,-70.9559867206378,26.5368323436684,-81.5571952217229,-97.5013031667623,-13.0749493592025,-94.5420935911331,-76.7882736307,-83.3812285836159,127.506071838283,-38.4427788262618,-46.6501849323539,117.611215669003,107.940894886216,84.6256194490361,-24.9515255955631,126.065732390589,-88.7987776240854,-99.8642657902484,38.9121378915335,13.0339135398232,38.5618193177365,-25.3928386322114,119.497479695558,-5.87794959990325,-15.9854136273065,126.649680482153,121.308475734288,74.2819596069825,25.4380315762692,114.783729785804,-65.8273512683609,-53.9797277560684,122.02268392631,94.2966350633567,124.195671948496,85.7030974880489,97.8036178429086,98.2639070246512,26.1251355600541,126.600873519203,101.875807535324,124.140253595096,107.975665904558,59.457973137739,26.2769445737399,-15.0302501609,103.966885227695,126.855425697085,123.298982642152,124.399208649945,80.1489385471815,89.4537229650133,26.9825220600532,123.835239527646,125.036259192385,127.201485282595,119.731196903591,59.4141819827579,1.3734988368829,-14.614597084635,90.2973670183702,119.417040154758,82.6562464523738,34.9445453570105,59.9753050156123,178.46691643906,114.059122207975,32.3268860668701,119.560651856038,109.643574061742,128.237168254351,74.3880399003489,-5.62136684593642,-38.2304248588829,115.658070737594,65.3502000195131,-11.9729910009121,14.4717814143796,114.953912685112,-5.49533712837783,-71.3769934618925,126.480863842291,95.0844016591739,65.1375870095197,118.394915409277,58.5513370026767,-22.6873112247015,-59.4791661812538,122.450858739514,115.851783324132,109.453064333886,74.3720364211801,90.6324687362634,-52.9733365624546,-85.6093492767984,87.3779177475482,-25.0619947463046,-60.0007176951241,-37.2520211014217,125.430118794498,-15.4936312630173,-39.7156487354296,107.319767243957,-93.340512910047,-59.4268763100424,-95.5883225405352,92.5379964357095,-81.6184140274534,-85.6928272219972,124.621580039457,123.408240904512,123.767026851996,97.2846035557507,-98.3422047817249,144.16868774369,176.404155493295,188.746031381729,232.476836215178,233.013812882008,222.425280038105,217.996742182199,232.34143033861,224.384209705743
1129.29935547153,1412.20803362992,1478.81322583261,198.89337225357,-26.6206026029059,16.1126922548878,-16.3790206211765,34.322201792831,-12.8957094360875,-97.7640881291172,100.24149039016,-90.8509397399556,-95.4820849129044,-67.6548179708489,-32.2753240339777,-90.2495545919522,-90.8361569847605,-98.8757815307044,27.1582730345948,49.2435618184454,73.396194955794,126.711212832804,221.000554061799,209.106630461287,181.249274109885,214.801266862452,166.091714583263,-90.5194163026412,-98.0453585046809,-97.4142946528021,-94.1536549005584,-80.2830189798937,76.1053714808223,-23.1633970618685,123.649124581428,-66.289997342006,-26.5327718950813,-72.3163166433847,25.6479398604251,-80.8609016146341,-96.4780549998629,-13.5424735698026,-94.5919712605117,-76.7914078796323,-84.3754759624581,125.251522100064,-37.7283106367114,-45.856232468329,115.543805960042,106.02008583653,83.0265127267088,-25.2977333576587,123.865533537179,-87.6627622126467,-98.7271894324286,37.8817880823124,12.2969188409618,37.534750960095,-25.7440153406745,117.319627004569,-5.49730767920795,-15.5010672887014,124.40770821172,119.182550769465,72.8172663657057,24.5591703979043,112.662026153701,-64.8581222736552,-53.1191207884942,119.887360175574,92.5698148840312,122.019955399595,84.0933426936648,95.8942098064821,97.4920979776101,26.1604663737753,124.3593536689,100.013103493578,121.924247800101,106.028459849023,58.0582072828362,26.3072636137568,-14.5544214195302,101.978294195706,124.633162201896,121.078479000303,122.165807025613,78.4667542602631,88.7757418256182,27.0088719177594,121.611459414971,122.804883224265,124.974469715532,117.638635941622,58.0149840450084,1.67624186341939,-14.1424343104823,88.4839855085061,117.240393017494,80.9440236316534,34.8833631879171,59.6355538904257,176.774746344647,113.107713795837,31.3029347149444,117.381652700386,107.583010568501,125.984122202569,72.7852554248252,-5.24319153975421,-37.5171268336801,113.63109233804,64.0066606205719,-12.430150160895,13.7304374920497,112.828815652922,-5.1184087521078,-70.3610368160821,124.275076122949,93.3502636952801,63.7959052241112,116.317931492157,57.1632633426198,-22.1326597949666,-58.5645659973293,120.310745657315,113.821504303125,107.515627734896,72.9079866103334,88.8155538473179,-52.1175400842599,-84.4890853074569,85.7506999336011,-25.40152709078,-60.0408629809581,-37.4962631451793,123.226220765323,-15.0210998061758,-38.9923060002279,105.406277337286,-93.4256343393255,-59.5054564507125,-95.885285290896,90.8297857374087,-80.5283580722003,-84.5768531145959,122.396247557521,121.199632361638,121.553571339492,95.383979045146,-97.2016140999927,142.871998067394,174.735686674956,186.934299984229,230.155673580622,230.686381345308,220.221485858265,215.844624629205,230.021848225538,222.157549734692
1069.68821469896,1340.24270335575,1403.95856766087,181.915238235327,-26.7995650574225,14.4217079508499,-22.0735805143171,25.8440819546586,-18.7640667394707,-97.3607752071238,96.0089520080002,-88.0189336158597,-92.6231696755884,-66.3028422695506,-32.2455220391311,-87.9358824305297,-88.5004835622328,-96.0633017182149,27.0513604830684,48.5087774039571,71.9731058715514,123.750433453292,215.275241708561,203.73225909571,176.694909714525,209.258945606306,161.981718761424,-87.7048635545013,-95.2667250162056,-94.6061165519977,-91.6585562055901,-77.6174988082496,74.6067115536687,-21.895666847029,118.477730907105,-66.0489372470109,-31.6085864533663,-74.5265238342037,23.7545084529904,-78.982521237591,-93.8550715011797,-14.3568620267802,-94.072634396445,-76.2911961500797,-85.7866652693194,120.025045456453,-36.0724436172713,-43.9933516297716,110.752360964777,101.579604869187,79.367825710346,-25.7985505311266,118.757787248949,-84.8680855696389,-95.8640743401101,35.6318334801443,10.7876264529229,35.2934603348377,-26.251856635713,112.29170489754,-4.69946578292948,-14.4367295198635,119.211473303807,114.251869555858,69.4887328396332,22.6923949400473,107.773418194096,-62.5322813581753,-51.0799629312328,114.933636507908,88.5983200399877,116.972252791546,80.4069069314647,91.5277499962218,95.3773852601163,26.080833695383,119.164310635757,95.7257746804361,116.795797483975,101.535759552673,54.9319579300347,26.2167691323188,-13.5127205842019,97.4180061764203,119.476205573593,115.94562499469,117.000609116376,74.6569201291225,86.9001455962989,26.9062677134853,116.468712404726,117.638729818801,119.805951846762,112.784306910203,54.8901218923364,2.27594332521801,-13.1105036470565,84.3527309345968,112.215352954742,77.059116647032,34.5592299623072,58.6082533079511,172.351776047614,110.541703894436,29.0847951139524,112.351050197602,102.84610488988,120.756905834882,69.1668583122988,-4.45178512016395,-35.8648557779188,108.932310567985,60.9732205972946,-13.2310170472225,12.2035652075896,107.932376712577,-4.33023359077936,-67.9091552922507,119.15368017383,89.3594171121458,60.7674581701295,111.502694602423,54.0656115829317,-20.8885554568653,-56.3852407742155,115.344917622921,109.114962223123,103.032879676056,69.5801639499888,84.6753334029232,-50.0939653630552,-81.7447988430107,82.0193455111414,-25.8885001328842,-59.7187968904663,-37.7190082006992,118.114440439501,-13.9831620672375,-37.3111895247107,100.984117488205,-92.9832540744993,-59.262708092768,-95.8462109121216,86.9060040438909,-77.8679678791139,-81.8405826159411,117.244637813524,116.088675244326,116.430793363652,91.0381842960792,-94.3406434909235,139.439901876549,170.372143187947,182.21230699581,224.159993091012,224.675034195109,214.519110411587,210.271406958951,224.03011776548,216.398028364684
1052.48466215913,1319.41291193298,1382.28013263497,177.16722135283,-26.8132243763945,13.9536726863023,-23.5642584554423,23.55288636117,-20.3051283889831,-97.1352147990083,94.7592241039675,-87.1551327628994,-91.7462286398778,-65.8593978600225,-32.1967741177675,-87.2094695542941,-87.7675054939001,-95.1941644410958,26.9865709113475,48.2496911122674,71.5010982301278,122.803595149587,213.476776719433,202.041804093118,175.256916856987,207.516796893038,160.680617685736,-86.8460953440111,-94.4075926529079,-93.7400230769203,-90.8792291240756,-76.8113753171671,74.1112515896836,-21.5324933797826,116.95111062054,-65.9059239495613,-32.9227312594709,-75.0246477288169,23.2171463952915,-78.3830887252895,-93.0390054470459,-14.5594600916109,-93.8203635652907,-76.0663867479044,-86.0581479826921,118.48185447289,-35.58796652767,-43.4437066962866,109.335821928771,100.267683367965,78.2914300306095,-25.9033958314991,117.247342882353,-84.0182865189326,-94.9817871816345,34.9847727177115,10.3686801114574,34.6491284565375,-26.3579993904251,110.811476348181,-4.48318912185434,-14.1371610673633,117.677332024893,112.794029230926,68.5124721220086,22.1634558762045,106.336053568274,-61.8358183696412,-50.4743794072888,113.468819327838,87.4272287337067,115.480006111515,79.3218284484745,90.2500670755884,94.6916562597637,26.0245360001202,117.630546460863,94.4618348603137,115.282575684426,100.210007130755,54.0307591543146,26.1574176557885,-13.2203538640975,96.0812455692927,117.951898251354,114.4324316925,115.477494311519,73.5487393016313,86.2888107396873,26.842808575392,114.952242768007,116.114710435189,118.278160334557,111.348497970986,53.9893455897908,2.43063791173543,-12.8212496793488,83.1467800815873,110.735986361624,75.9279802656714,34.4271104241684,58.2585126047003,170.954250687259,109.716658353989,28.4579576978253,110.870038376797,101.455431571006,119.212457170595,68.1166635416723,-4.2375362317309,-35.3816021909281,107.542578472585,60.0860709202585,-13.431437039342,11.7781631079999,106.492742409214,-4.11699917394552,-67.1722901815447,117.639114192613,88.1822222831731,59.8818948702271,110.078888128835,53.1731260633147,-20.5329542129798,-55.7356080215228,113.876362109658,107.722943798456,101.707896009448,68.6039760089657,83.4665773998037,-49.4937966785996,-80.9124244744482,80.9202973848351,-25.9895511060655,-59.562201526336,-37.7349327485443,116.603849028609,-13.6911782861063,-36.8184075979155,99.6778153770618,-92.752818192551,-59.1277775435808,-95.7194088655562,85.7497242608421,-77.0628758044031,-81.0102060487865,115.724975319883,114.581260720105,114.919808919801,89.7665950572888,-93.4609146605979,138.347760109426,168.992940501567,180.722717636772,222.278326791344,222.788546467573,212.727707000448,208.519754115329,222.149667114536,214.589037924394
996.528171764638,1251.50516570886,1311.57411399382,162.121597838238,-26.7646536978361,12.481206592013,-28.0061054997648,16.5125762816114,-24.9115140433273,-96.0995460484413,90.64390406167,-84.2272810524302,-88.7635271371484,-64.286749871409,-31.939947476786,-84.7022532947786,-85.2384090274921,-92.2244050758662,26.7069299681313,47.3072318867713,69.8324429953115,119.5172093203,207.293169583995,196.22544001962,170.299125060008,201.52466288412,156.188533959621,-83.934641278442,-91.4709775658514,-90.7842061806442,-88.1982763177444,-74.093087608256,72.3624535637368,-20.3468554366589,111.912450291364,-65.2282444483318,-36.7950551921112,-76.2683228668747,21.517736886373,-76.2928730121257,-90.2386556558185,-15.1099373263663,-92.7146546954648,-75.1049145197762,-86.5739929536379,113.387406529147,-33.9860435792207,-41.6171760764493,104.661228542213,95.9436944552511,74.7610255200081,-26.1173484368619,112.258605103074,-81.1432982356729,-91.9724240315791,32.9109135091983,9.0739447476669,32.5847284866004,-26.5743507188604,105.933123246281,-3.80175648299965,-13.1698810522566,112.613255703983,107.981320345728,65.3207617145128,20.4933007359801,101.602950089742,-59.5010628351017,-48.4541376405501,108.632525310726,83.5768445066564,110.552783957251,75.7614502958893,86.0564944883021,92.2945458443459,25.7739676458584,112.56777475985,90.3042464188183,110.290992581579,95.8440981146551,51.1046091258306,25.8970712255974,-12.2780498371911,91.6883827049411,112.918003580826,109.443290132964,110.454543299706,69.9272714513698,84.1463180798654,26.5677003830526,109.951296207958,111.086185422347,113.232520359627,106.608315245181,51.0646194649207,2.90143841421332,-11.8897498473079,79.195228963359,105.860517952269,72.2283574754715,33.9175531766089,57.0065187428401,166.134109947284,106.844988018103,26.4531075380166,105.98908253429,96.8805383394022,114.112276492481,64.689598329787,-3.56309635685457,-33.784083097542,102.956263584033,57.1948037768614,-13.9791293473564,10.458953469951,101.752138584159,-3.44605021685453,-64.696805239665,112.636461499568,84.3106735192934,56.9961566821354,105.379612825699,50.276359593493,-19.3736900359217,-53.563702033291,109.027301468054,103.129020802973,97.3391877872519,65.4121799071356,79.505455687403,-47.49325930278,-78.1006859641211,77.3119050761806,-26.19165416919,-58.8648492366388,-37.6376136257398,111.616369734664,-12.74854675559,-35.1871328879102,95.3729600901576,-91.7172447000175,-58.4978856614718,-94.9893288419152,81.9501950371469,-74.346947809903,-78.2042760860179,110.711075546165,109.608634137313,109.935138776587,85.5933036726507,-90.4642219522088,134.566821211042,164.235166389514,175.589482956338,215.811850123763,216.305677243543,206.568114453178,202.495315511311,215.687323626892,208.369649894078
979.164483855959,1230.38857401097,1289.57843403907,157.564804550953,-26.7227045218116,12.0386257137876,-29.2706042481217,14.4434541103586,-26.2272493869903,-95.6947508274895,89.3503855478999,-83.2850886334961,-87.8007051154026,-63.7611030735065,-31.8318539696923,-83.8826148098919,-84.4118290473822,-91.2618703865089,26.5987525803414,46.9843456403613,69.2743629617109,118.43569188253,205.275434814305,194.326318370055,168.677358970974,199.568768602609,154.717259489462,-82.9975409884631,-90.5188989455231,-89.8272049540339,-87.3242870246657,-73.2224381962209,71.7783730740356,-19.9788531723746,110.326741822096,-64.9601289000259,-37.8842070408069,-76.5492980531075,21.0015962705729,-75.6037071375807,-89.3276804802848,-15.2525403845966,-92.2929546625857,-74.7436822736117,-86.6318479234959,111.78386759508,-33.4824851755016,-41.0402032061291,103.18969206668,94.5836967477179,73.6548653314274,-26.1502552911538,110.687322885608,-80.2196861345795,-90.9985598583395,32.2735950743254,8.68889605410666,31.9505109766351,-26.6074803483428,104.400175710905,-3.59796573424345,-12.8730062582034,111.019395436076,106.465948116469,64.3233288376395,19.9867662220883,100.116829214068,-58.7573505295408,-47.8135908505515,107.109587031758,82.3680632920612,109.001239975951,74.6454981988328,84.7438062599258,91.5006747163291,25.6752374933982,110.9743421683,88.9987488865687,108.720789414486,94.4719732615698,50.1978526642899,25.7953563059586,-11.9893823027801,90.3117362286821,111.33278647998,107.874611870295,108.874940825283,68.7982035617861,83.4351634479574,26.4609896361022,108.378636179314,109.504212054571,111.643545113783,105.11560389302,50.1583196797051,3.03684021967115,-11.6046351690942,77.9602308066444,104.328488174547,71.0740668527569,33.7348328058245,56.5832842094432,164.556819470325,105.897591726599,25.8406999746179,104.455314841151,95.4454248712079,112.506386384583,63.6226244649927,-3.36159232567275,-33.282016990853,101.512333665633,56.293557188375,-14.1220998741623,10.0653175225073,100.263666442784,-3.24568564040172,-63.9066760974596,111.060721332967,83.0949508879905,56.0967308177107,103.900122957432,49.3790308214772,-19.0143860873715,-52.873626701899,107.500227241246,101.682686717297,95.9646819411841,64.4146272641674,78.267349608895,-46.8594474828414,-77.1986504359265,76.1803228936117,-26.2210259319056,-58.5976405182326,-37.5676600080766,110.046060292396,-12.4593073565656,-34.67377472652,94.0191419106696,-91.3170495052617,-58.2507437593617,-94.6748578917762,80.7579533060976,-73.4767320109127,-77.3038348613124,109.133764622374,108.044525952053,108.367173536681,84.2870263266261,-89.4955882896376,133.325425430913,162.678038789325,173.911048869032,213.702759722794,214.191292534627,204.558137307848,200.52899035369,213.579568134279,206.340360393873
956.039500906612,1202.12979280317,1260.11594402551,151.838340156736,-26.5845585494637,11.4929768294984,-30.6069191186274,12.0408088648261,-27.6323462550868,-94.9012500316769,87.576248130938,-81.9273029031851,-86.4043490074644,-62.9457429102713,-31.6009511843144,-82.6635049189993,-83.1830084277219,-89.8544293742254,26.3885455751548,46.4604614630968,68.4070076237455,116.805391128385,202.284121074688,191.5072625581,166.261250200657,196.667257852691,152.519929455332,-81.6465477033452,-89.1259077821754,-88.4308446980153,-86.0314524343282,-71.9799513708181,70.8729160429033,-19.4888888855123,108.14636860505,-64.4270609707338,-38.9912389142847,-76.6030855247681,20.3474487899622,-74.5616393724546,-87.9857916554478,-15.3571395163119,-91.4917386429672,-74.0711264753845,-86.3968698993656,109.578164392248,-32.7923959580516,-40.2409248966995,101.16487384778,92.7157614574108,72.1481247445389,-26.0926300026389,108.52280127113,-78.8933352763577,-89.578984502699,31.4428174494164,8.22622198785292,31.1243702546599,-26.5485537137056,102.299418855528,-3.35050608924075,-12.4881164186201,108.82735625473,104.379789162158,62.9724764120224,19.347029434038,98.0838408412577,-57.7082623384694,-46.9190053590339,105.012596249852,80.714485309924,106.864990236754,73.1242144685544,82.9602986897746,90.2893720220518,25.4789197547498,108.782942718651,87.2121433764039,106.563779295679,92.590587249362,48.9938228544076,25.5952162247568,-11.6168266959431,88.436537429498,109.14997633342,105.722015051425,106.706471382213,67.2779556331085,82.3454039664381,26.2529203959626,106.219763721838,107.330657845036,109.455383691462,103.060070307208,48.954943702796,3.18392136588082,-11.2374263094301,76.288156230973,102.229022688958,69.5172627255566,33.4155299364098,55.9125620382148,162.205350581383,104.462588786225,25.0546785456441,102.353428461091,93.4862641871203,110.295764511732,62.190532213081,-3.11753688483066,-32.5943016451524,99.5249022962525,55.0798380437693,-14.2309622320988,9.5881663066701,98.2274768684635,-3.00332030930673,-62.7873301113626,108.889835412093,81.4309833381131,54.8857581563999,101.863811847802,48.1885096828956,-18.5375862016186,-51.9055056435287,105.397193795708,99.6919226896448,94.0754928313898,63.0633295764071,76.5907093581266,-45.9757387086966,-75.9070270235156,74.635985765414,-26.1591277612552,-58.0872610022626,-37.3538470444448,107.884646427971,-12.0845443122884,-33.9685089894473,92.1601777029098,-90.5436792371375,-57.7644319700904,-93.9878480149814,79.1287247285752,-72.2339041814356,-76.0136943252118,106.966798218581,105.896349118476,106.213493951001,82.512411919634,-88.0869723075295,131.462506116762,160.355909549285,171.412634164407,210.578791852792,211.059636514532,201.578093642897,197.612339895426,210.457538798749,203.332271645845
905.257003593497,1139.88718220457,1195.18475710226,139.732399585444,-26.1678356648491,10.3549868456973,-33.0650712830333,7.24837167074737,-30.2422862180944,-92.8110522053863,83.6079624236929,-78.8041081179541,-83.1810862144054,-60.9963636074684,-30.9741070605395,-79.8107455984319,-80.3082823315398,-86.5909272399819,25.8347190675458,45.1795113574816,66.3300382027425,112.962099835005,195.294448460391,184.915593222373,160.600787449103,189.88506821632,147.365242634348,-78.5382807547197,-85.8948580437667,-85.1968175256495,-83.0149695599081,-69.1376548450073,68.7074770927647,-18.4139821960636,103.26308664301,-63.0165985700241,-40.9517551644437,-76.2825771297969,18.9546960074037,-72.1021264475206,-84.861891359789,-15.4715938358567,-89.4049604298141,-72.3330810499825,-85.4538084301429,104.637095897757,-31.2509497344294,-38.4439246740304,96.627619723506,88.5343314843792,68.7914831430598,-25.828685415583,103.669488155095,-75.8484324579261,-86.2929379584154,29.6412639082902,7.27712082519741,29.3336959000716,-26.2795531234821,97.6040725847007,-2.84103010940274,-11.6582476818704,103.917348265753,99.7038358145251,59.9733453017281,17.9881445378968,93.5448118932612,-55.3243299297679,-44.8980050548087,100.311823085683,77.021476737987,102.076479857737,69.7335733320138,78.9947619973296,87.4157808454528,24.9573999924974,103.874436446773,83.2212753489047,101.735457622393,88.3833359792748,46.3545431742957,25.0655165230271,-10.8159843698774,84.2606344582823,104.256944273101,100.906732201576,101.854516988879,63.9163848479987,79.7544415434492,25.7040431559058,101.389369072095,102.464969301493,104.550127467016,98.4519147827321,46.3171630385767,3.46012395298771,-10.4491756414765,72.5783547715447,97.5366068757673,66.0713575708601,32.6085683350702,54.2909349823032,156.694301661124,101.071193893727,23.3692399770098,97.6555529369063,89.1175436050239,105.34136048344,59.0301415455326,-2.61603229616631,-31.0586031443796,95.0705308666612,52.3942183886975,-14.3599701901163,8.60309264487758,93.6813294189287,-2.50576566427802,-60.2374432765178,104.021962804979,77.7135855896147,52.2066117553602,97.3000838299431,45.5802140767321,-17.4937728908713,-49.7125563131019,100.68241546192,95.2300571244133,89.8447379434988,60.0628269559909,72.8702873608406,-43.9812628517235,-72.9466773184736,71.1916468428987,-25.8863992841752,-56.7561669280314,-36.7205370811702,103.040713546453,-11.2768510519975,-32.3907956740831,87.9994656763231,-88.5169537140077,-56.4825311813312,-92.1124984047837,75.4923756125096,-69.3895852966554,-73.0557122200553,102.116092634886,101.088553070789,101.393113339849,78.566882459876,-84.83052502974,127.081197444441,154.912723626692,165.561991627939,203.282644566946,203.745726460463,194.614465627751,190.795180928897,203.165870373175,196.303847302362
866.657269405001,1092.53246700363,1145.77572414316,130.640844742749,-25.823514186732,9.50451487930164,-34.8226468316264,3.71853875580068,-32.1154000571422,-91.1430274564261,80.5712703669504,-76.39643143833,-80.6934518340286,-59.4759930501033,-30.468507616726,-77.5997820281742,-78.0804654508023,-84.0686493164556,25.3891836474685,44.1717955044045,64.706915933884,109.973879065033,189.875664121099,179.804210160255,156.208677457371,184.626533306983,143.363843109402,-76.1419475864898,-83.3974189897957,-82.6982500641062,-80.6791572260842,-66.9504701807831,67.0159181016289,-17.5988648494703,99.5265786284253,-61.8911470982605,-42.332552283234,-75.9375285976135,17.9027352861382,-70.1910531566842,-82.4445528702655,-15.5349779760716,-87.7444471306725,-70.9535524423337,-84.6384226306006,100.856175121309,-30.0744816187094,-37.0692774592018,93.1544502775522,85.3340438915983,66.2253050978501,-25.5991845466211,99.9541759136049,-73.5026060612111,-83.7545847679617,28.2736355240099,6.5678597828112,27.9745025178864,-26.0456800120595,94.0140234481566,-2.4638806522408,-11.0329408888922,100.160270429374,96.1244279007307,57.6824329812959,16.9624564087781,90.0755054463113,-53.4939792360168,-43.3494229591944,96.7133123984602,74.1964183523757,98.411054942142,67.1410628980673,75.9678820775536,85.1769086463168,24.5368696919835,100.118524083145,80.1685790249921,98.0414561993842,85.1643203840509,44.3492047332015,24.6388272779918,-10.2132254005028,81.0715800824548,100.511685382609,97.2235818211586,98.1430665860411,61.3550026222098,77.7343001962819,25.262332791356,97.694426497239,98.7426210474357,100.795469808028,94.924039401963,44.3129800358698,3.65677279437931,-9.85620008819247,69.7486508866496,93.9488070990233,63.4449368071773,31.9672603893565,53.0197500985164,152.417608140088,98.4321606899223,22.0978197528055,94.063574195538,85.7797970571504,101.54954836066,56.623659338825,-2.24506551239146,-29.8866385085702,91.6604095621402,50.3444709780897,-14.4356669553769,7.86548641717575,90.2066049602289,-2.13786063805678,-58.2780310459472,100.295451515967,74.8696128020005,50.1618901413248,93.8065005443633,43.5987600237629,-16.7028361508099,-48.0306677517751,97.0730817412824,91.8142055125997,86.6063317094486,57.7707761675938,70.0323532087594,-42.4535071944105,-70.6672092042746,68.5575908184154,-25.6503675559333,-55.6981475954173,-36.2039930370016,99.3332670157439,-10.6683749911011,-31.1860229928636,84.8151666094607,-86.9018150125639,-55.4610146680323,-90.6031682468878,72.7111396870287,-67.2005378931463,-70.7778149530206,98.4052488255298,97.4106991701206,97.7055789130878,75.555304491172,-82.3160761828649,123.6772994776,150.688462684872,161.022991866096,197.627157675248,198.076520527718,189.215798286014,185.509639869981,197.513842734001,190.855134458758
861.863399721295,1086.6922344987,1139.69029919318,129.408332148146,-25.8055444798777,9.38568983464971,-35.1460305308332,3.17347788408642,-32.4529677188682,-91.01285784923,80.209451904025,-76.1284833341443,-80.4189071256932,-59.3219157024241,-30.431913960056,-77.3636253582944,-77.842356116782,-83.7932457253273,25.3536461798627,44.0747824573206,64.542573014821,109.659810300021,189.294091289901,179.256514163538,155.740208932809,184.062622116378,142.938374643247,-75.8754046718578,-83.124941995072,-82.424676332127,-80.4279014864076,-66.703889048045,66.8441211505742,-17.4976929367272,99.0830766057869,-61.8047161492648,-42.6078661589191,-75.9915577574408,17.7618206390942,-69.9911468539957,-82.1831136612612,-15.5688357916076,-87.610748438814,-70.840235477831,-84.6315144721014,100.4076366968,-29.9343260589663,-36.907943141265,92.7425514051493,84.9535029375286,65.9165147311926,-25.6015363422939,99.5142938007618,-73.2403291012408,-83.4762984212883,28.0981201555777,6.46440857535914,27.7998816933303,-26.0479706980428,93.5859199381451,-2.40993929571103,-10.9522295292212,99.7144585273822,95.7002367449752,57.4044780901369,16.8243166435268,89.660775249901,-53.2843944988274,-43.1696869634862,96.286977281426,73.8585510915872,97.9767686661819,66.8294556635836,75.6025406352845,84.9450973877974,24.5040443376681,99.6728358153908,79.8037221744463,97.6024058268325,84.7806395018194,44.0990479282425,24.6051913938496,-10.1348921435258,80.6880544812362,100.068011216939,96.78516904758,97.7015389764946,61.0418426872179,77.5262295515856,25.2272148525015,97.2548434372585,98.30033111587,100.350733171738,94.5061057112541,44.0629530210542,3.69109470971499,-9.77889689595047,69.4054041872833,93.5209620563549,63.1245959551804,31.9103638962296,52.8939859880563,151.961846261051,98.1564405618201,21.9309892286274,93.6352425577264,85.3796365689144,101.100187232603,56.328100728883,-2.19178409393857,-29.7469260969072,91.2561451517404,50.0937366977946,-14.469915949003,7.75943206080551,89.7912238009233,-2.08490755492362,-58.054955719233,99.8543078738833,74.5297419176995,49.9116829870308,93.392338351798,43.3512831765613,-16.6041921810284,-47.8366540726058,96.6455635750254,91.4092693846872,86.2216399152097,57.4927659816778,69.6882120746798,-42.2757845087141,-70.4113725831574,68.2414991097675,-25.6517771237876,-55.6136132136403,-36.1764887421236,98.8938228284508,-10.5897659822992,-31.0429911263829,84.436387577945,-86.773990690592,-55.3818145518297,-90.4968677631415,72.3780139489664,-66.9540012058008,-70.5223656165729,97.9642730649972,96.9734554629305,97.2672436268358,75.1917550863856,-82.0395590415073,123.31753264964,150.238464230132,160.538337788471,197.019494494604,197.467345300583,188.636441416329,184.942750255741,196.906560804661,190.270261962237
845.429250859177,1066.41508195081,1118.51045455133,125.827946194322,-25.5882363512609,9.06112514707132,-35.6000945617076,1.96959035774995,-32.956677110439,-90.0888511354155,78.8699686116786,-75.0155380143937,-79.2622475769782,-58.5755302287973,-30.141933096258,-76.312856782629,-76.7840117988961,-82.6118157612655,25.1052723573005,43.5630818591891,63.7427136336888,108.221848733141,186.722664718234,176.828309864191,153.647238121234,181.565853403089,141.027609830762,-74.7672927274054,-81.9545345199938,-81.2565789034367,-79.3228644244026,-65.7022300395275,66.012119192599,-17.1522280624564,97.4320578858948,-61.1787552437829,-42.905198601693,-75.574094865607,17.3390466354499,-69.070781378406,-81.0435843206518,-15.5263962372483,-86.7026111560663,-70.092891638474,-84.0210453786803,98.7363815778963,-29.4180533252381,-36.2974047465816,91.2059907681565,83.5399895051037,64.7924027002802,-25.4206568588878,97.8690543125607,-72.1595412402947,-82.2906182468682,27.5279895158938,6.20190245644382,27.2337745056689,-25.8638623628831,92.0056593029692,-2.27155328190224,-10.6965357215227,98.0539993917187,94.11604225076,56.4069311575796,16.4141075943373,88.136653107014,-52.4557856990295,-42.4758716644467,94.6940134079544,72.6156439274578,96.3544464789373,65.6928533396059,74.282921445122,83.8572131011075,24.2674479618696,98.0129335334961,78.4604122275605,95.9716750471796,83.3614664323815,43.2480658820173,24.3661099655022,-9.89001537021872,79.2937234580349,98.4103737054167,95.1612153522884,96.0644133259371,59.9366027925926,76.5413185115665,24.9806290514947,95.625049673678,96.6570575083093,98.6888036908127,92.9441167185369,43.2125026817559,3.74458712369892,-9.53871880500147,68.1766705278663,91.94171747418,61.9891645561263,31.5701463113903,52.2587011476282,149.922686630428,96.8815593991052,21.4149521163274,92.054132600366,83.9166944191945,99.4226377368624,55.2936189738783,-2.05634121572848,-29.2329067363342,89.7468359652239,49.2064974543379,-14.4359481936357,7.48225948037764,88.2647476279048,-1.95091771499489,-57.1640767732458,98.2039418800661,73.2778043989441,49.0268579228678,91.8463214103782,42.5112994175828,-16.2703929294835,-47.0795224052495,95.0475338540309,89.8974158520976,84.7902542861033,56.4944887664858,68.455596520396,-41.5924949587142,-69.3640483378179,67.085302670225,-25.4684907077538,-55.0347347423067,-35.8570252625615,97.253589280238,-10.3411931950181,-30.5128217469347,83.0303119714611,-85.8844858097401,-54.8161967799963,-89.6285846494906,71.1557410338318,-65.9507460762832,-69.4751488117387,96.3262139506566,95.3504545023054,95.6398128355127,73.878936552749,-80.8675401400448,121.685576592184,148.223777037516,158.376922447218,194.337799123274,194.779258498917,186.074390572213,182.433405570331,194.22647706239,187.684895477743
797.845690374407,1007.49606012068,1056.92717334237,115.986530248239,-24.8323037566984,8.18877996162276,-36.38155300909,-0.974698552498694,-33.8827112929027,-87.0240893904669,74.9112341574693,-71.6348318732915,-75.7378124594147,-56.2368526547123,-29.1683992391061,-73.0741314181978,-73.5226339774639,-78.9979139405087,24.283342259078,41.9359363102496,61.2345789635589,103.764596368438,178.807487478316,169.34985819592,147.191194040876,173.878322107161,135.127436134907,-71.4005948962256,-78.3733531034447,-77.6870206646022,-75.9249657572869,-62.6746785953689,63.4055581169481,-16.1529159166191,92.5455321168002,-59.0975315241053,-43.2394102373863,-73.8743152051846,16.1644228969786,-66.2146258502147,-77.5461523971885,-15.2740625037875,-83.7065650868877,-67.636428725987,-81.7753676339852,93.788841615465,-27.8939476516853,-34.4827401570651,86.6559208800936,79.3588779799663,61.4846225125572,-24.742701692545,92.9939050501358,-68.8822852477043,-78.6689885760506,25.9033017910791,5.51724768838783,25.621515437959,-25.174100324059,87.338591112964,-1.90856154438788,-9.97311601211761,93.1388997993008,89.4235657906163,53.4826003073367,15.2783498211563,83.6404959944832,-49.9668813527918,-40.4036602989882,89.9749892624714,68.9483282920288,91.5486941619373,62.3466011285538,70.4074980652643,80.4689716288035,23.4816358741465,93.0995544781828,74.495961878942,91.1479981239126,79.1681231009374,40.7895388698601,23.5733409517622,-9.20008283657474,75.1919159836636,93.4998035277448,90.360885385074,91.2239139195678,56.7107694082613,73.4687884130948,24.1641606081637,90.8063206278855,91.7958641130321,93.7652769878072,88.3165609042013,40.7555857320169,3.84743023727553,-8.86334053303706,64.5767106816026,87.2776970756757,58.6713725882958,30.4671410677456,50.2533724314108,143.630788074497,92.9222135280814,19.9663271140163,87.3845500632051,79.6068091454484,94.4540590462792,52.2811251080299,-1.70242484575184,-27.7159226255029,85.2765624161984,46.6153956213294,-14.2139488060878,6.75046406779995,83.7616735896455,-1.60147486618501,-54.4818420633296,93.3132957782402,69.582582197025,46.4432404536568,87.26748929842,40.086089658882,-15.3072973326322,-44.8122942694253,90.313019712213,85.4195778966719,80.5544290476388,53.5676033706653,64.8437344357877,-39.5537071585871,-66.1929426833929,63.6788805821609,-24.784236481726,-53.1228709909638,-34.7483103491507,92.395775538211,-9.63832250510433,-28.9451966992802,78.8718742216269,-82.9411629583148,-52.9386373250402,-86.7039183619517,67.5517364782432,-62.9171516015748,-66.3033622774258,91.4806968965522,90.5503822908445,90.8263540507225,70.0237409371887,-77.2916422723455,116.636255566548,142.006571928713,151.712160722388,186.086403444737,186.508374251542,178.187807365801,174.707537101414,185.979995568633,179.727218187176
781.696336379237,987.496264940743,1036.02234940724,112.654333919682,-24.5734127249948,7.89391579282082,-36.6391658352834,-1.96610637119512,-34.1894000399842,-85.9790631275916,73.565075413089,-70.4848479301902,-74.5386681252169,-55.439869267314,-28.8355258800842,-71.9714030412964,-72.4122045207733,-77.7680002642432,24.0016211636409,41.3800784541993,60.3787907853104,102.24527687811,176.111098346397,166.802124551049,144.991478432811,171.259420413863,133.116937624945,-70.2553628619481,-77.1545574685242,-76.4722852487381,-74.7681966901382,-61.6452189559524,62.5162573333337,-15.8144692162072,90.8845457729898,-58.388361356941,-43.3453703784805,-73.2906892491234,15.7650344399899,-65.2417837333989,-76.3556296874191,-15.1878924593298,-82.6852562249092,-66.7995130185124,-81.0067245286403,92.1071191280087,-27.3767771234313,-33.8665955915539,85.1088985534838,77.9371674358055,60.3597441186917,-24.5116826654172,91.3365117604884,-67.7676371823167,-77.4365626523113,25.3508046263036,5.284554272663,25.0732490219352,-24.9390318847928,85.7525290373101,-1.78682220588846,-9.72862907510705,91.4681991845436,87.8281973696714,52.4880975039617,14.8921926220279,82.1126342053614,-49.121021369589,-39.6997673665533,88.3705957445273,67.7012185837222,89.9148959735499,61.208629053167,69.0909440666652,79.3135644074766,23.2122136047426,91.4294399528609,73.1479578321305,89.5083502289915,77.7423343837624,39.9551157643531,23.3015647685796,-8.96700603215172,73.7983120878134,91.8304546248053,88.7292818308786,89.57864693567,55.6152607481238,72.4208843975041,23.8842988101986,89.1684531149951,90.143591172416,92.0915244459805,86.7431812880513,39.9217106243912,3.88058880829314,-8.63522300727587,63.3539155027784,85.6926708507735,57.5445930490193,30.0897222495522,49.5687551449061,141.486946777719,91.5723892572464,19.4754542541186,85.7976356413153,78.1423815047326,92.7650868456751,51.2582327524886,-1.58377696249678,-27.2011819100511,83.7565790206579,45.7341784210001,-14.138174058942,6.5016928058873,82.2314684598888,-1.48435069432905,-53.5700958146505,91.6506351706888,68.3259721070881,45.5645714898913,85.7106842621558,39.2630060879461,-14.9811930512232,-44.0419753015333,88.703354620495,83.8970272952215,79.1141030228415,52.5722255021643,63.6168822515539,-38.8612214506815,-65.1145205996238,62.5204324122053,-24.5510917639765,-52.4717448243428,-34.3706139114625,90.7443653614944,-9.40080424912541,-28.4131865736432,77.4578767851711,-81.9377236456293,-52.2990799646909,-85.7060584957504,66.326170289296,-61.8856083419881,-65.2246856213674,89.8337507842615,88.9188820896358,89.1903032473896,68.7140526192216,-76.0748755808736,114.915391726463,139.888156898162,149.441400195957,183.275570621832,183.690907799849,175.50115136751,172.075586197412,183.170835464796,177.01636276816
735.203308117212,929.662825238357,975.521403006807,103.702760519977,-23.6717576255845,7.12797593674017,-36.7308531565565,-4.15986582960471,-34.4233760248575,-82.4983170183443,69.5862809105097,-66.9799524439166,-70.8708449419056,-52.9263695726353,-27.7120207202206,-68.554798353714,-68.9725438817791,-73.9894210316207,23.0606063258567,39.5968212264648,57.6742328275742,97.5046168978368,167.76360351594,158.909897213403,138.165299656811,163.149227597663,126.870572423619,-66.76415558214,-73.4089745658419,-72.7445666768383,-71.1935555474649,-58.5258202283881,59.7085726068511,-14.8437621120172,85.9694814824446,-56.0227016848027,-43.0086097617446,-71.0128810691418,14.6703122142311,-62.2051217866177,-72.6843010119519,-14.7867889189399,-79.3007999957802,-64.0368925870204,-78.2122819918958,87.1294261780815,-25.8540251835198,-32.0370306271725,80.5270238064191,73.7312015068986,57.0512302640816,-23.6632009377747,86.4245756072273,-64.3773565502971,-73.6564919371958,23.7866590700345,4.70146872684485,23.5222385989916,-24.0758698918582,81.0717858658515,-1.48558634108366,-9.04823804449148,86.523660382002,83.1018433933642,49.5756208789404,13.8386102989887,77.6099165179174,-46.5769230375118,-37.5971810633166,83.6168539923334,64.0218697722586,85.0745938045264,57.859592869957,65.2322711875399,75.6892218566663,22.3091083909096,86.4867225832547,69.1704542733192,84.6595441454285,73.5297426610247,37.5590279190336,22.3919867058355,-8.3221561646116,69.7052852367014,86.8848912724275,83.9084169362908,84.7159648065295,52.4287700501955,69.1278144086005,22.948989453984,84.3277449299078,85.2574225032836,87.1326421608373,82.0807040644073,37.5272884218292,3.90901583640388,-8.00583022083296,59.7805142567636,81.0150387594364,54.262551948007,28.854418788132,47.3895729987853,134.831957980301,87.3515654343291,18.118127773704,81.1143777002873,73.8337227911438,87.7628441672031,48.2914439674732,-1.29212865546342,-25.6861684988156,79.2534355392187,43.164696941474,-13.7741364835247,5.86657748872058,77.7219014229243,-1.19741964808696,-50.8201211805487,86.7227433364068,64.617112176633,43.0030326619015,81.0989555581405,36.9013987948838,-14.0490505191911,-41.733643268745,83.9334242480343,79.3862625919797,74.8509141390352,49.6566867009638,60.0309645749596,-36.7951453029753,-61.8400602436536,59.1082354694514,-23.69731630419,-50.3137990430465,-33.0636732736876,85.8533293869282,-8.74037560328006,-26.8436294505841,73.2755097974599,-78.603195292027,-50.1693982376401,-82.3349234617406,62.7132114216006,-58.7584340282761,-61.9482500343615,84.9636161779481,84.0954508353906,84.3530902774536,64.87577503733,-72.3475949314293,109.556866086697,133.311120896226,142.39762878251,174.577611073497,174.972633176312,167.183470577207,163.925441824835,174.47799857502,168.624571936351
721.487199245174,912.620392711284,957.696693380296,101.01331234812,-23.4174223675754,6.89580448670714,-36.8072990753493,-4.8571966131657,-34.5417215874023,-81.5076085636414,68.4197311087645,-65.9605712804292,-69.8049686731757,-52.2012008803222,-27.3928982309379,-67.5649351533744,-67.9759449411288,-72.8924931836299,22.7923385777278,39.0840092181738,56.8939092404511,96.1329433420582,165.344040722837,156.622619765292,136.187764893766,160.798617329654,125.061489821519,-65.7488110063564,-72.3217066644852,-71.662118076267,-70.1572601470911,-57.6173313524432,58.8983174627562,-14.5573957963724,84.5291635365061,-55.3498350827067,-42.9580561854954,-70.3864195331562,14.342577146598,-61.3268803408631,-71.6194533702162,-14.6806260342785,-78.3363989596302,-63.2491130724728,-77.4322172888327,85.6708570296884,-25.4075736038291,-31.5016821605112,79.1844928757365,72.498381542537,56.0798825466702,-23.4273448381874,84.9856506515577,-63.3908411996176,-72.5587061943289,23.322601985814,4.52227656947159,23.0619845904329,-23.8359096348473,79.699276892225,-1.39335034064702,-8.84605309847858,85.0747620502501,81.7171114154618,48.7195349476835,13.522782548234,76.2891627485349,-45.8347077437831,-36.9827946484296,82.2241495826509,62.9425651419079,83.656519966107,56.8765037431768,64.0989002131142,74.6417888022138,22.0518392652122,85.0383516585262,68.0037908702971,83.2383859822455,72.2945849460777,36.8516357654163,22.1327864450121,-8.13025750249054,68.5036986438281,85.4360097252675,82.4951659761862,83.2905651531833,51.4910505586019,68.1764987761437,22.6823787594587,82.9087781600097,83.8253699972819,85.6798805596943,80.7147512963131,36.8203811958024,3.92208686213839,-7.8184044892791,58.7301745926112,79.6434377813615,53.2970649815165,28.5007231630436,46.7618271596761,132.904160386467,86.1308878201416,17.7135012446688,79.7411321916639,72.5693849175247,86.2972837476143,47.4177677017832,-1.20267029505547,-25.2419451706405,77.9340411900803,42.4085161877462,-13.6783731658259,5.67246727269391,76.3991371260016,-1.10932849518741,-50.0183649801928,85.2791719683196,63.5292638354857,42.2491494549933,79.7477451555704,36.2040439612239,-13.7738374908435,-41.0596319203764,82.5360197737044,78.0646385625146,73.6014868612265,48.7997379077744,58.9769926676154,-36.1912598427227,-60.8868650249611,58.1068305884703,-23.4598367607141,-49.6991631864546,-32.6952900215004,84.4203151168832,-8.54408563825065,-26.3836706751283,72.0495466342649,-77.6536362911172,-49.56347757348,-81.3785096660415,61.6531631253378,-57.8477812312041,-60.9945627007802,83.5362401340512,82.6816814622532,82.9353071062655,63.748370247486,-71.2648177082792,108.005704124785,131.405968077423,140.356869824375,172.056213248697,172.445332418511,164.772570350311,161.563222129732,171.958089232346,166.192137677911
719.22953494537,909.849270290108,954.805078718332,100.485027044646,-23.3964184411126,6.84652095574758,-36.9065942028581,-5.06008870878209,-34.6477797350149,-81.4075240271751,68.2415147090006,-65.8186879977264,-69.6582884244807,-52.1110664948499,-27.3624126362568,-67.4342854323308,-67.8443046244717,-72.7436615244307,22.7655338089179,39.0240285475689,56.7976128931882,95.9561050434677,165.02383075671,156.320540839319,135.928111333885,160.48785908645,124.824883136466,-65.6075911328704,-72.1743331726903,-71.5147135439889,-70.0192953773487,-57.4885602755305,58.7979813789363,-14.5097638220426,84.3098695363581,-55.2822947892242,-43.0353592962168,-70.3630251927191,14.2812994091512,-61.2138021328041,-71.4767237233778,-14.6835511173473,-78.2369070768038,-63.1665529480032,-77.3814020167285,85.4489497993469,-25.3385978283561,-31.4209932300321,78.9806181736364,72.3105458084957,55.9293636913195,-23.4129742657729,84.7675507166559,-63.2526478037948,-72.4089669450706,23.2427059671606,4.48121512880989,22.982587122492,-23.8212668068942,79.4886577132344,-1.37158837155616,-8.80963322304467,84.8542568592824,81.5069961639575,48.5852273713365,13.463058063756,76.0856647529325,-45.7270685342432,-36.8918186840586,82.0129095113751,62.776803108709,83.441357815264,56.7244293776966,63.9214796920644,74.5091602044252,22.0265109362841,84.81791537899,67.8246745851018,83.0216023508418,72.1056818554563,36.7343796918027,22.1070996681081,-8.09517144357437,68.3167225919763,85.2161646016582,82.2790451548821,83.072775680807,51.3410553598259,68.0567846222163,22.6557996727039,82.6919579425309,83.6069273442553,85.4594823017919,80.5076513169552,36.7031931960429,3.93319261707657,-7.78389723368794,58.5643726623284,79.4329508577923,53.1432361264566,28.4623634898437,46.68629622537,132.651314748713,85.9746500731797,17.6394470115902,79.5303998871098,72.373646335467,86.0747172290711,47.2768929659913,-1.18127377475005,-25.173236962496,77.7338569141105,42.2884046539984,-13.6820574501834,5.62971659883803,76.1953218811033,-1.08811289510692,-49.9030866914398,85.0604128019918,63.3623837399866,42.1293351788815,79.5426673161084,36.0881951315586,-13.727636738468,-40.9607781752513,82.3241411272785,77.8641179881812,73.4114019168582,48.6653607564369,58.8107045663583,-36.1015225623672,-60.7526174619061,57.9523033680455,-23.4450887419405,-49.6357888878429,-32.6639335524717,84.2026971278418,-8.50864945824804,-26.3130165602321,71.8626536154715,-77.5567899275764,-49.5022106091206,-81.2875633766762,61.489987941507,-57.718891166925,-60.8603999705318,83.3184740622945,82.4658568389958,82.7189126350734,63.571847861286,-71.1165199969576,107.804344412008,131.156215545533,140.088552377104,171.722042347032,172.110352350569,164.453546955356,161.250871100933,171.624122362139,165.870162530992
683.364473990625,864.975782755329,907.81060971572,94.2324339289103,-22.5400905821966,6.34085127568466,-36.3176546711618,-6.08155477748791,-34.1696061833796,-78.245891374859,65.0616688738818,-62.9165229089787,-66.6081825100613,-49.9469164594004,-26.32584488277,-64.5502097881772,-64.9415340516128,-69.5850071879571,21.902572258054,37.4565714629924,54.4597168058825,91.9175563384182,157.977694154892,149.653786445886,130.149930061656,153.639461933397,119.53018915618,-62.7159827992344,-69.0421414921213,-68.4027495460469,-67.010857675699,-54.92375949299,56.3736631633347,-13.7674246230001,80.3791123609999,-53.1325541352641,-42.1243610408619,-68.0004505587096,13.4870611987825,-58.6288119675566,-68.3942837446138,-14.2240193655266,-75.1782615416691,-60.68075601558,-74.6368280205133,81.4669300036316,-24.1316096951399,-29.9546905838848,75.3108731171722,68.9457919373499,53.3001522348122,-22.5773382586627,80.8311220091032,-60.4522872751729,-69.2551692417578,22.0571819942532,4.11399952308261,21.8081708349179,-22.9712104627351,75.7584853193921,-1.19283394956133,-8.31173877457033,80.8992369451346,77.7206217727489,46.2825018664021,12.7036690109706,72.5037485822536,-43.6544875296022,-35.1937827134828,78.2039876171257,59.8423599968901,79.5639448036136,54.0610752868841,60.873527950507,71.4026429333387,21.1953801261948,80.864439081415,64.6525981014334,79.1466549922869,68.7410630629076,34.8919147749422,21.2712992846368,-7.62748172636175,65.074976302828,81.2548344126133,78.4307731347099,79.189722142762,48.8486414073785,65.2283274226726,21.7976037060839,78.8265489546642,79.7026229423371,81.4872319891826,76.7709201125666,34.8621046638283,3.88310919817131,-7.32935298031246,55.7524278234057,75.7053090273182,50.5715229329244,27.3529762366654,44.7873413010145,127.015859105688,82.3700244372371,16.6496359984234,75.7982328477026,68.9533731003859,82.0697515168645,44.9651197618449,-1.01062677246519,-23.9729898868534,74.1255249179069,40.2673465930117,-13.2584321827223,5.21648868493992,72.6080399045953,-0.921446886083515,-47.6549134383201,81.1108784354005,60.4029670959609,40.1150238445677,75.8481718880195,34.2742344639215,-13.0181873147344,-39.0890139104498,78.5016933427648,74.2496845941162,69.9988062045517,46.3597149184796,55.988223444461,-34.4354609090571,-58.0535705454186,55.2359286215076,-22.6062176620578,-47.6878651517211,-31.4376739766683,80.2863555652036,-8.02603473508023,-25.0656882176298,68.5175247171186,-74.5350926069145,-47.5709122150226,-78.1836107359142,58.6112129106185,-55.1462393093666,-58.1585312169301,79.4272401157199,78.6129034153817,78.8546395583455,60.5402398834592,-68.011468200042,103.250304276228,125.585801225826,134.129034845152,164.383883930873,164.75526588344,157.432260481842,154.369193983769,164.290232590643,158.787121178183
615.181601474969,779.55057457948,818.324917493984,82.6371932742302,-20.8398633653684,5.41778053444995,-34.9037782459023,-7.72410926104268,-32.9667505361401,-72.0234337064482,58.9657060323806,-57.3103475110176,-60.7106919205676,-45.7314555777106,-24.2788758982919,-58.9557166510914,-59.3110916207788,-63.4706924579189,20.1995544022016,34.3895568546272,49.901107721259,84.067284831303,144.308255254061,136.718283614525,118.93351267735,140.352557509901,109.249239023017,-57.1298730610616,-62.9785863867546,-62.3805707711103,-61.1788578235056,-49.977012404434,51.6476617084485,-12.3597543659501,72.8432378405582,-48.9018012431523,-40.1020339901286,-63.2391727232155,11.9981114889363,-53.6055558744703,-62.4218815068425,-13.284760158329,-69.1644688310496,-55.7977651942681,-69.1567797223018,73.8322904708945,-21.8231067242227,-27.1429975774682,68.2726845661218,62.4940255696957,48.2659353218967,-20.9092007763395,73.2806655349766,-55.045704275219,-63.1528130452263,19.8113225979017,3.45132104852473,19.5838646384542,-21.2742704170615,68.6130225638113,-0.877848503525271,-7.37802017770447,73.3165571600834,70.4584505308407,41.8783177459571,11.2823647352531,65.645084638936,-39.6653543612758,-31.9320141194467,70.8983193386468,54.2193334453652,72.1273574556415,48.9606601049591,55.0467796754815,65.3561892334526,19.5540415677625,73.2847562755893,58.574444973597,71.7189245582836,62.291907499937,31.3917608858342,19.6212316637444,-6.75244299218265,58.8739276638393,73.65756097558,71.0561075752435,71.7478067354779,44.094702515583,59.7206394773968,20.1038098164461,71.4184900699404,72.218969498159,73.86891155622,69.603235329593,31.3646087810077,3.75476344398945,-6.47985623729026,50.3815582844964,68.5647153377847,45.6643386860484,25.1727335457229,41.0783665329942,116.07558190842,75.359510429339,14.7935899374016,68.6489554747087,62.4074213913847,74.3896318422915,40.5596655203212,-0.71137518438691,-21.6776508105291,67.2043348357855,36.4062500539084,-12.3907141441625,4.46370328183291,65.739144107675,-0.629917787725148,-43.3243917788372,73.5351527181022,54.7314743434633,36.2670309608404,68.7621615979909,30.8291309672138,-11.6744609082415,-35.4902005549317,71.1698454135556,67.3167989371957,63.4544338775751,41.949728197671,50.5969223236626,-31.2361999401549,-52.8450017436398,50.0327930207267,-20.9323110867936,-43.859428010277,-29.0103747826128,72.7759147687859,-7.12130648321704,-22.678582868289,62.1037025465493,-68.5908365170769,-43.7717565086501,-72.0587432025862,53.0960090250511,-50.1837274534752,-52.9440092826296,71.9687459770216,71.2281852093003,71.4480952651308,54.7448278728308,-62.0054124652402,94.4025277457762,114.771384566832,122.561807044025,150.149523647885,150.488157697902,143.81089788862,141.017912808357,150.064130174119,145.046291285249
545.609879436249,692.227784813375,726.820666830076,71.200507334251,-19.0075835329146,4.52752189635882,-33.0622864855113,-8.99452221218013,-31.3411834318193,-65.3863433697957,52.6782396415528,-51.4698575608039,-54.5594470988501,-41.2936874807924,-22.0872784711593,-53.0967619612259,-53.4149046390387,-57.0841789347215,18.3785274348659,31.1435412110681,45.0969018859979,75.825575526143,129.992318972043,123.168316540684,107.177781403837,126.435847046069,98.4699802472914,-51.3098550110402,-56.6444768991279,-56.0925947739442,-55.0760809706825,-44.8336416539651,46.6684896013861,-10.9275660103144,65.0693519378704,-44.3888146760136,-37.6448210998636,-58.0149594570852,10.508723191463,-48.3330870994241,-56.1762036297613,-12.2360547444197,-62.7576741107728,-50.6011978963513,-63.2091762074729,65.9558463140929,-19.4482146305845,-24.2409406702145,61.0089258221218,55.8376772226102,43.0821256339666,-19.098018152278,65.4869445770445,-49.4169960808692,-56.7821502359695,17.5319633182573,2.82459891234762,17.327087615706,-19.4318244374647,61.2495713643542,-0.589187677139392,-6.44186178175404,65.4939905451267,62.963034731135,37.3500551958051,9.86388380960076,58.5809062927789,-35.5284735131561,-28.5579056859336,63.3576623474003,48.4231383718118,64.4520957847187,43.7075592837834,49.0580726944273,58.9980131273793,17.7975185735395,65.4653316638195,52.3092522436444,64.0582073952603,55.6413995591631,27.823873078208,17.8559988932325,-5.87785034758733,52.4954034048702,65.8167185901886,63.4526563351248,64.0742098576919,39.2230923556627,53.9258519033879,18.2924155423694,63.7798598341786,64.5009113812697,66.0062034953257,62.2044339966143,27.7994886306557,3.57991371079632,-5.63206672583298,44.8676894636761,61.2063113494635,40.6329830973923,22.8529952893352,37.1615060064983,104.608081883589,67.9946164637907,12.9344204469603,61.2815795080533,55.6695762511847,66.4643333206053,36.0504178597493,-0.439200111792019,-19.316658747622,60.0603482959285,32.4424595931201,-11.4194345298828,3.74148218079118,58.6644778398896,-0.365829900969914,-38.8289941007369,65.7151663178678,48.8844893210481,32.3169860812364,61.4485662396481,27.3185708701377,-10.3094235469745,-31.7630784814229,63.6018471185376,60.1607452232324,56.7013553183853,37.41520679331,45.0616702575361,-27.9281837245945,-47.4256019175813,44.6722790188565,-19.1157557412217,-39.7821245732075,-26.4021985799717,65.0254424845856,-6.21465500295932,-20.2209190924837,55.4869306581247,-62.2540455063918,-39.7211954415022,-65.5049569910097,47.4125276769846,-45.0231460092175,-47.5177467841821,64.2767831698615,63.612861829393,63.8100853309656,48.7884620889513,-55.7378807775441,85.1194376202896,103.435283626772,110.439947039273,135.244024221814,135.548481534352,129.545139319961,127.034022652899,135.167248949287,130.655852450535
526.785482942781,668.62675490962,702.094637350995,68.0394370681473,-18.5277198773116,4.27819068444593,-32.631723786053,-9.40697287945164,-30.9689380681722,-63.6401231646538,50.9868461608693,-49.909546641185,-52.9171916243833,-40.1152486594797,-21.5110972459802,-51.5361660901475,-51.8443250246276,-55.3804728650856,17.8984871516488,30.2832950788428,43.8208946878756,73.6321942073003,126.177479391915,119.557965748024,104.046415027609,122.727588431224,95.5992736751952,-49.755080675409,-54.9548480361904,-54.414835620831,-53.4497764592902,-43.4580931083298,45.3458124619154,-10.5401219900508,62.9791648713309,-43.2021026452516,-37.0468389963115,-56.6638294862323,10.0990801885985,-46.930535016875,-54.5111983257277,-11.9690761716354,-61.070894217619,-49.2325318854305,-61.6606911307574,63.8382188465443,-18.8094841434806,-23.4617777825342,59.0560392297709,54.0475035096934,41.6858673470258,-18.6278674578347,63.3920161184337,-47.9126984234321,-55.0821655268369,16.9115390321968,2.64508840397733,16.7126749811748,-18.9535248540126,59.2686524082177,-0.506553326228357,-6.18663180288901,63.3907895018835,60.9480515981834,36.1290117289446,9.47311234204615,56.6799218825963,-34.4205566877147,-27.6530721834878,61.330585413493,46.8631660939366,62.3888328002584,42.2928445786642,47.4445148261484,57.3073252970976,17.3346787722578,63.3629671983542,50.6232091908991,61.9981048011319,53.8522821897063,26.8578196370736,17.3907733723971,-5.63900743505312,50.7776277977604,63.7089966784962,61.4075946980498,62.0104261817469,37.9081736330149,52.3854032206308,17.8149459543236,61.7254693826073,62.4254819727276,63.8926328888084,60.2154973744088,26.8341752442334,3.53893081782179,-5.40035730380353,43.3810737090995,59.2267445759017,39.2754192226835,22.2399143726504,36.1222965522826,101.553658020855,66.0352551473429,12.4256746314486,59.2996061323257,53.8557540200073,64.3338246598897,34.8324957888022,-0.360957094201581,-18.6816147235949,58.1397397180656,31.3723880205563,-11.1726729568392,3.53672246692588,56.7606701108054,-0.289741731587057,-37.6257010614142,63.6132145173272,47.3109969435371,31.250571234538,59.482370292755,26.3678449462113,-9.93984385866938,-30.7641913864423,61.5674759844479,58.2368974837033,54.885384505856,36.1925252249798,43.5693505841444,-27.0408653326588,-45.9767822865702,43.2289358223925,-18.644066935958,-38.7091274073592,-25.720131355238,62.9418720837291,-5.96741616925573,-19.5602027628449,53.7073212353022,-60.5863606862519,-38.6559494610994,-63.7839541429829,45.8826014762892,-43.6431174249206,-46.0671933851347,62.2083405317927,61.5649203881488,61.7560768451201,47.1835846869497,-54.0650315946899,82.648092592313,100.415932221682,107.210837282481,131.271788319787,131.567121487882,125.743695088564,123.307828225441,131.197313838653,126.821122465762
495.150820244593,628.788611802733,660.323091823618,63.1690998090684,-17.6123696602904,3.91690335252251,-31.4616174977979,-9.64599851567583,-29.8975136801572,-60.383074995508,48.0694004112175,-47.1530215922949,-50.0078706619293,-37.9822916090434,-20.4277183101894,-48.7452425553741,-49.0360077236917,-52.3522160801084,16.9988109407524,28.7075579604473,41.5059868269705,69.6875514484202,119.355336895638,113.09856634432,98.436819387256,116.094505010398,90.4522576882285,-47.0078578436381,-51.9509313662295,-51.4352372319697,-50.5467712696001,-41.0391673238646,42.9478205398048,-9.89349523801863,59.3721995631776,-40.988051809239,-35.6011074169269,-53.9834289244172,9.44448880535045,-44.4092590641092,-51.5435544743366,-11.4189709302877,-57.9331789011303,-46.6925001490514,-58.6598355555887,60.183143352472,-17.7142773662494,-22.1152329850908,55.6824644257676,50.9575183903548,39.2871213249559,-17.7153431921312,59.7715823265845,-45.2593801379255,-52.0642359703116,15.8829785222239,2.39913502121173,15.6948774140683,-18.025209672824,55.8587692237897,-0.404112709343835,-5.77607878379013,59.760921334763,57.4666257037943,34.0389168380917,8.85234308874008,53.4117765603832,-32.4842096457721,-26.0810222545997,57.8278744976201,44.1763246600326,58.8241560110334,39.8611299999428,44.6845692177664,54.2555019293592,16.4656611369009,59.7345987844529,47.7193424013705,58.4448692839276,50.7676253843623,25.238353044715,16.5179661819489,-5.25788244602495,47.8337242794971,60.0677751380672,57.8831121558106,58.452772742569,35.6751725240609,49.6013141271043,16.9198366906498,58.1840714010111,58.8461455590145,60.2411455823387,56.7780843519477,25.2160143367593,3.42116931961497,-5.03204818969083,40.8452635736741,55.8192221825983,36.9669684502317,21.1035102246337,34.228138931961,96.0805936788548,62.5061897459726,11.6095080799518,55.8879141947067,50.7421834270305,60.6543789602927,32.7700668440038,-0.266378318431549,-17.5931259891461,54.8208600795449,29.5475627384968,-10.6614955914076,3.24435819574855,53.4877253726032,-0.19901599964868,-35.5177030079518,59.9804384173604,44.5999393371836,29.4323107581802,56.085263937967,24.7754280037691,-9.32536680926141,-29.0239087799492,58.0518041478149,54.9124243217281,51.7495422028717,34.0992994170368,41.023357405255,-25.5008321789173,-43.4248078119662,40.7462005398806,-17.7295325953675,-36.714337726781,-24.4264484147145,59.3432179293603,-5.57021078720139,-18.4251787612711,50.6360513590559,-57.4796736166683,-36.6706788112615,-60.5510818617727,43.2492688135543,-41.2154066792639,-43.5114251095502,58.641220160991,58.033777154737,58.2142720305638,44.4386390410267,-51.0981424279353,78.2099947395722,95.0051330283626,101.427846765868,124.170456308797,124.449604656708,118.945318036674,116.642935974403,124.100063111972,119.963701143836
472.979885143423,600.919917033063,631.111919382627,59.6264599661491,-17.0027584553878,3.64679455531505,-30.7721892075673,-9.94637230016252,-29.277047575693,-58.194694541788,46.0467794987794,-45.2604730791179,-48.0126592910524,-36.5321097859934,-19.7021510098884,-46.8385364734706,-47.1172917258955,-50.2782434058667,16.3955648528531,27.6413754545734,39.9336219040825,66.998803742745,114.694628266074,108.686488616062,94.6071762787301,111.563382432287,86.9396212095424,-45.1218295200588,-49.89381733218,-49.3938845994101,-48.5619976273021,-39.3752781231805,41.3185905721348,-9.43895304493661,56.8719622926982,-39.5005711195759,-34.7168310469984,-52.2247573316538,8.97592790681922,-42.690349880909,-49.5133610946234,-11.063020070167,-55.8227393467761,-44.9824724583021,-56.6732930587287,57.649771945922,-16.9530546019499,-21.1823568379691,53.345041299987,48.8158845735761,37.6213833286562,-17.1115356268621,57.2635282459497,-43.4365028321038,-49.996306221297,15.1581030476924,2.21055701039867,14.977351812255,-17.4109489952259,53.4927029484325,-0.321597514490676,-5.48291814882462,57.2449347826215,55.054635464911,32.5853411069013,8.40686909112568,51.1428742513743,-31.1489135289848,-24.9942972019845,55.4012478961188,42.3124708168477,56.3544350501665,38.1728576045782,42.7644543775541,52.1784062323352,15.8833882572059,57.2196358196512,45.7048949219783,55.9813636190415,48.6286854820347,24.1021963008118,15.9329728842468,-4.98479254940872,45.787268744433,57.5449397486558,55.4387361095917,55.9856489302099,34.1170151821916,47.7073880820742,16.3197189872211,55.7282023983281,56.3644391865126,57.7112432428258,54.3968733594918,24.0807544933564,3.35300883635682,-4.76769756935951,39.0790643739684,53.4547845856191,35.3570394174819,20.3382084386219,32.9439711097253,92.3445197752122,60.1021617794392,11.0261457928321,53.5205909042479,48.5792389726949,58.1047293333541,31.3292336041762,-0.189231749932119,-16.8364582485333,52.521641491912,28.2765182737022,-10.3313769250511,3.02441836981095,51.2154750612538,-0.124501886314064,-34.0654386907794,57.4638920338812,42.7195515230872,28.1657443595601,53.7316897928793,23.6578502250434,-8.89273272480757,-27.8222605174539,55.6162997943387,52.6093292508514,49.5765027231925,32.6436401290999,39.25019685296,-24.435788888947,-41.6705787035668,39.0230223878496,-17.1241479677193,-35.3722797230872,-23.5628349822275,56.8496362399,-5.28642894010574,-17.6368914778852,48.5072525100344,-55.3912909289561,-35.3363191465666,-58.3849751927788,41.4220335585967,-39.5457289627067,-41.7547952905265,56.1679365813008,55.5852621717918,55.758421180099,42.5289166946536,-49.0643893822663,75.1831278395221,91.3117229112885,97.479357702449,119.318381472627,119.586436297761,114.300897740162,112.090008931393,119.250785690659,115.27881041142
436.594371600332,555.065801254399,583.025985032881,54.1067077724358,-15.9286790844213,3.24244211596363,-29.3443875241639,-10.1376352774758,-27.962864387528,-54.3908706642475,42.6740572127773,-42.0644731659024,-44.6378286878067,-34.0490924146149,-18.4336114746928,-43.5958290920602,-43.8544587941461,-46.7633813092205,15.3406761700018,25.8015089573336,37.2355231535638,62.4087113759456,106.76460246504,101.177470800226,88.0844870400709,103.852781910533,80.9538519437625,-41.9365223209468,-46.4070796656263,-45.9360257717007,-45.1900970961154,-36.5730837496927,38.5240027372313,-8.69765886639502,52.7036094409245,-36.9160114110781,-32.973165493935,-49.0672051395467,8.22591288493124,-39.7584676430406,-46.0672403983454,-10.4147217144916,-52.1599035241167,-42.0191427425135,-53.149379937172,53.4257314831607,-15.690558511711,-19.6277035268277,49.4449198052849,45.2435938965208,34.8493407398243,-16.0424369614336,53.0782265354706,-40.3610595031234,-46.4941765952927,13.9742679589837,1.93464821042738,13.8060206459435,-16.323286384251,49.5540477541222,-0.212601150865588,-5.01592710720585,53.050052570765,51.0299394513309,30.1708952763171,7.69615434996395,47.3687786408263,-28.9083870378872,-23.1773981423647,51.3518972276552,39.2067182215106,52.2337283497058,35.3625282521307,39.580034609851,48.6247610697146,14.8641122247127,53.0264972528167,42.348674878732,51.8752738158798,45.0632077240735,22.2400590339652,14.9093874850247,-4.55202868091582,42.3894733870724,53.3359972916792,51.3665132009092,51.874956910889,31.5436734039921,44.4647280070647,15.2701321895407,51.6363006072691,52.2285575788063,53.4904160064411,50.4227190351246,22.2201316696721,3.20624831688166,-4.34984069020593,36.1546427852606,49.5188608347036,32.6962313649191,19.0084210371631,30.7343451378579,85.980300565018,55.9944888117869,10.0948634203663,49.5798527462312,44.9846170403573,53.8519970420995,28.9536802093282,-0.0893745468225333,-15.5817952146043,48.6843813732176,26.1692861926536,-9.72880188759334,2.69437028177874,47.4358623944748,-0.0291227756808468,-31.6251939334704,53.2642989107483,39.5856620539403,26.0661424801012,49.804285781427,21.8270876014047,-8.18884490901471,-25.8098260004411,51.5519064485887,48.765614811957,45.9509993447237,30.2255196006039,36.3139344471907,-22.6562395497098,-38.7133467053256,36.1534619874544,-16.0528488513234,-33.0452958819956,-22.0505997632486,52.690017303539,-4.83476446928582,-16.3280183029919,44.9566680047415,-51.7639328492786,-33.019604574842,-54.6054372721253,38.378391939615,-36.7331705269934,-38.7930161651445,52.0461884775801,51.5051647920585,51.6659771329301,39.36180866523,-45.6220818163657,70.0202443478721,85.0197801867476,90.7554208209667,111.064325160824,111.313595615992,106.398455350312,104.342491875391,111.001466192294,107.307840165215
424.488393365779,539.857391078012,567.08665364404,52.1499593618622,-15.6008098864262,3.09226687173689,-28.9909889014978,-10.3249375083919,-27.6470821262277,-53.2133816085183,41.5718310330145,-41.0376105857156,-43.5555291275973,-33.2642680825237,-18.0427123480531,-42.5625307028449,-42.814631147178,-45.6387060884988,15.0145676517966,25.2242535045168,36.3836554438336,60.9511432289246,104.237025341922,98.7848090677972,86.0078689677406,101.395522668848,79.0492452520895,-40.913217033833,-45.2915762924975,-44.8289557999812,-44.1142693601013,-35.6699414852082,37.6412887879695,-8.45004466105978,51.34208330024,-36.116318230882,-32.5131304278555,-48.1283804921274,7.96665090403129,-38.8274723551454,-44.9666177059002,-10.2271242679751,-51.0240515837654,-41.0989126881117,-52.0856345543411,52.0462232005004,-15.2766306849827,-19.1207110580469,48.1718100848243,44.076761906226,33.9407664580856,-15.7205347538609,51.7124923875595,-39.3718628897591,-45.3726437827959,13.5760380094985,1.82717503285411,13.4117715724905,-15.9957763162328,48.2653621564975,-0.16673585059872,-4.85582855331896,51.6799814423382,49.7163519824863,29.3774281115406,7.44939558455108,46.1328531232312,-28.1832671977461,-22.5870152663445,50.030369160593,38.1906524260448,50.888792864525,34.4417459493305,38.5335247831802,47.4990566492832,14.5493792043078,51.6569809022768,41.2506958396016,50.5335815180961,43.8976794143563,21.6193720096666,14.5931621595088,-4.40280821164971,41.2743468484568,51.9622243795291,50.0351655614179,50.5312749405619,30.6937058262057,43.4383731821627,14.9457209986853,50.298743464803,50.8770906977903,52.1128083261115,49.1258629425239,21.5999318228998,3.17038488979723,-4.20535660026461,35.1917267896261,48.2310599198272,31.8181946377248,18.5944017720839,30.0388379306525,83.9544547245643,54.6914030178317,9.7744881195979,48.2904847658022,43.8062289692639,52.4636600973795,28.1674897193282,-0.0464198454289928,-15.1703326212581,47.4320438960745,25.4748821724333,-9.55507402665898,2.56996398327468,46.1981181798778,0.0124045688723768,-30.8366922449411,51.8939572920131,38.5606406865886,25.3741631957468,48.5224156636425,21.216491386842,-7.95310214096514,-25.1571319359401,50.2255640110522,47.511171789057,44.7671437293643,29.4309321728926,35.3472387913936,-22.0775875186183,-37.7612944224976,35.2137633400985,-15.7300588569278,-32.3236628221872,-21.5880570060629,51.332115511924,-4.67978595592844,-15.899433959435,43.7967965190915,-50.640171634745,-32.3023382326872,-53.4409600417006,37.3821716796756,-35.8269178629776,-37.8396874982751,50.6992940654851,50.1717114553809,50.3285430176935,38.3209438888084,-44.5189886134071,68.3792148723236,83.0170833469278,88.614313256834,108.432905797137,108.676156519613,103.879716696462,101.873400536961,108.371564802256,104.767140857845
419.338352983172,533.397204141263,560.317873237519,51.2934073511633,-15.4673873059506,3.02517840705178,-28.8649346452626,-10.4293471315743,-27.5369942676348,-52.7298392367394,41.1073614487489,-40.608166643135,-43.1033554089717,-32.9388725059984,-17.8828181614962,-42.1322895029745,-42.3816464981173,-45.1693947355549,14.8812097616329,24.9861331321175,36.0309780640311,60.3457230801006,103.184947906267,97.789058205192,85.1440575173056,100.372802921439,78.2572368896411,-40.4852871637674,-44.8261292391358,-44.366847605651,-43.6660231358374,-35.2916002277843,37.2757498061896,-8.3442936772354,50.7682525786698,-35.7878270897053,-32.3413894612059,-47.7512164920942,7.8548650441122,-38.4405382834016,-44.5077961936822,-10.1525177659499,-50.557147548928,-40.7202554883744,-51.6547013356683,51.4648497316591,-15.1016023386604,-18.9069530002233,47.6355212398377,43.5851550845654,33.5574524448748,-15.5899451757918,51.1372174704382,-38.957929670711,-44.9044365678037,13.4062140480812,1.77876285239346,13.2436048612727,-15.8629168519115,47.7217297121669,-0.14501934669395,-4.7865289092417,51.102571465745,49.1630215073512,29.0423113167652,7.3428128644384,45.6112442860247,-27.8788122166819,-22.3385861425474,49.4737125767908,37.7623122291003,50.3222279160259,34.0533455671286,38.0910708730935,47.0321271097736,14.4207623339976,51.0798016807684,40.787779172334,49.9680281780577,43.40643059547,21.3551260388062,14.4638975570493,-4.33803005741322,40.8032001039454,51.3834765173458,49.47380743361,49.9647628544862,30.3334585030718,43.0128532320357,14.8130713544871,49.7348106384312,50.3073673264885,51.5324525654379,48.5796501724903,21.3358895964542,3.158031319672,-4.14254682308761,34.7842241884557,47.6877990343374,31.4462111937661,18.4243821980599,29.7514015152181,83.1118380581457,54.1504534474677,9.63605127318935,47.7465635911855,43.3086361654409,51.8786958103795,27.8339404011495,-0.0259144760435888,-14.9963235211317,46.9045809316154,25.1812810919599,-9.48609426660818,2.51456757526739,45.6757372476514,0.0323157312323161,-30.5059132633153,51.3167512740965,38.1285729904196,25.0815705492579,47.9824637230306,20.9564652587172,-7.85228171698832,-24.8827659493948,49.6668982154014,46.9828205515977,44.2684319975576,29.0953598021759,34.9381627358096,-21.8340031054347,-37.3627051000418,34.8174754237282,-15.5990597192369,-32.0268252196169,-21.3990131548003,50.7600117349668,-4.61266999292928,-15.7183321930331,43.3080980866321,-50.1784704859843,-32.0075527308712,-52.9639617431181,36.9621086798616,-35.4473247732807,-37.4406053564462,50.1314905112776,49.6095439616031,49.76470721999,37.8808707646545,-44.0583177045708,67.6972214071952,82.1841284843821,87.7235781620267,107.337473785694,107.57821126761,102.831329091566,100.845740519682,107.276766543315,103.709584699923
379.283158971453,482.713276593313,507.127182904276,45.730313349808,-14.1573970131704,2.64762326332349,-26.7751764321044,-10.1129020544051,-25.5730938355148,-48.1697007069257,37.3044722316913,-36.9331493492109,-39.2136763262641,-30.026816289581,-16.3515457010829,-38.3656530565677,-38.5921345015613,-41.1070556487759,13.6093339582424,22.8065293224931,32.85906173159,54.9876085918059,93.9709405445399,89.0609295792736,77.5543827303935,91.4120251340558,71.2874300151709,-36.8220326940318,-40.7955463713301,-40.3732250397952,-39.755266770665,-32.0820344508198,33.9921469442276,-7.53489933592533,46.0679673492452,-32.6897759091247,-29.9106445843079,-43.800410601129,7.06547571951715,-35.020713716568,-40.5158469054425,-9.32387928257835,-46.1749156474493,-37.1816865561617,-47.3137257762124,46.7009583879933,-13.6875524830157,-17.1532508486779,43.2329597145421,39.5550638070022,30.4420938550279,-14.273635666341,46.4114837335784,-35.4263254954149,-40.860938441933,12.1162903388048,1.53676425646253,11.9682150413155,-14.5237243391,43.2904160045424,-0.0692310578907041,-4.29541808043687,46.3718859694528,44.6193718149213,26.3370708395619,6.59914329802033,41.3698382187243,-25.3261750872775,-20.2793590829128,44.9018100024267,34.2645730240097,45.6705507729351,30.8935667006306,34.5284989302816,42.8713752563026,13.190149880981,46.3511458653665,37.0084151169154,45.3398562732079,39.3879894211053,19.3097376835167,13.2288043635814,-3.8868201202784,36.9953473965946,46.6326701218553,44.8870944875566,45.3337170302435,27.4730392672788,39.2123683824785,13.5473219433626,45.1250019306177,45.6462680174918,46.7680586524649,44.091804472293,19.2922415226617,2.93763258146333,-3.70872098567258,31.5206066238784,43.2595946924256,28.4851240893409,16.8344401457942,27.1439976382403,75.7050987671884,49.3495917884203,8.65622956461785,43.312918012802,39.2743777808302,47.0799122201196,25.200227330601,0.0392461933882515,-13.591512589301,42.5716243309076,22.8276299582089,-8.71357134964875,2.20832890180532,41.4282062617279,0.0922742673516694,-27.7200411181366,46.5746622892595,34.5981161609638,22.7368080898158,43.5485140861679,18.9471371761073,-7.08656996345707,-22.5963248946172,45.077614872563,42.6425908617247,40.176848104832,26.385631722995,31.6607999156854,-19.8189348927852,-33.970790730066,31.5891039769002,-14.2809998483387,-29.245186377905,-19.5657165609408,46.0658000830458,-4.13832667508603,-14.2498499892184,39.3030210477258,-45.8340495790689,-29.2331192830538,-48.4092850414321,33.5362540186791,-32.2248654266826,-34.0426438012788,45.4864967340024,45.0121612232968,45.1531937843025,34.3378194880606,-40.0870931194014,61.6776400591619,74.8608581258245,79.9016380471846,97.7495258793626,97.968585191851,93.6491591106799,91.8423663468618,97.6942852141209,94.4483293494606
346.375257156953,441.097776356445,463.458187533037,41.0980569514085,-13.0962158859644,2.32944019507205,-25.1209395981475,-9.91656179968754,-24.0221605668136,-44.468774370176,34.1900656011911,-33.9325928273636,-36.0388208056345,-27.6554725754917,-15.109420034123,-35.2944207211031,-35.5021936372388,-37.7924827429716,12.5769000667114,21.0334426189618,30.2762927219025,50.6208514225389,86.4573184087816,81.9438600996505,71.3664527916991,84.1050783537597,65.6053852832519,-33.831139311441,-37.5069680816864,-37.1144177527947,-36.5658673871385,-29.4601691829918,31.3182600654725,-6.86959409440741,42.2191824240192,-30.1757782124001,-27.9754811151102,-40.6121635476538,6.41159261449629,-32.2338306384777,-37.2596956533718,-8.65788223665884,-42.6174538885381,-34.3085865810031,-43.8033876225427,42.8001994599507,-12.529094738393,-15.7178524420706,39.6282766785833,36.2549278768635,27.8893352906937,-13.2099105893041,42.5424824028794,-32.5423519043714,-37.5612921457761,11.0539443977057,1.3295410190786,10.9177176307701,-13.4414904472773,39.6608195084384,-0.00224222515532091,-3.8896960471258,42.498270572691,40.8992869313889,24.119256559651,5.98252834022619,37.8952557993847,-23.2395209929387,-18.5949159609435,41.1586489785667,31.3994893387717,41.86203466163,28.3045862832046,31.6081871800545,39.4817208648112,12.191375621492,42.4791850720832,33.9127000691437,41.5498509840956,36.0969322734192,17.6287141215031,12.2263196618574,-3.51362009374174,33.8747276631622,42.7429949232549,41.1306910843198,41.5411303534517,25.1261446450586,36.1166000551273,12.5198873249337,41.3497982853858,41.8293113072239,42.8672822378924,40.4175098530283,17.6126392474246,2.7629973355519,-3.34968956451845,28.8444284944853,39.6325403160378,26.0560566394189,15.5425023627764,25.0218749385073,69.6664674992507,45.4375855381465,7.84585351788643,39.6814116432982,35.9688804181375,43.150839997244,23.0385627488089,0.0975699288261538,-12.4405736755869,39.024039459888,20.8970449018797,-8.09298941123996,1.94888137270379,37.9486018757019,0.146355939428432,-25.4433282544581,42.6923003587144,31.706360893639,20.8134672408567,39.9182065240937,17.2955628984012,-6.45686096753125,-20.7266075677796,41.3202718924826,39.089052942721,36.8265417380418,24.1641828622914,28.9734096088456,-18.1704179129083,-31.2004717183904,28.9441760014981,-13.2157572102132,-26.9872310581138,-18.0807385073117,42.2223433200076,-3.7463898136273,-13.047065570805,36.0233016970664,-42.3077980225207,-26.9815690913971,-44.7153664733636,30.7298073956778,-29.5925782741152,-31.2674761894247,41.6827044141065,41.2472689408982,41.3767578403935,31.4334844190881,-36.8460823332283,56.7710681691259,68.8903444626699,73.5241443841874,89.9307081231192,90.1320746134565,86.1615208212394,84.5006533780449,89.8799290468574,86.8961449234086
337.435405757171,429.861059207038,451.680292961019,39.6674956600908,-12.8503468444996,2.22052485731025,-24.8455315020321,-10.0401491403212,-23.7745515121526,-43.5890686344517,33.3731429255084,-33.1698000993076,-35.2345479040281,-27.0706728616184,-14.81679570264,-34.5256215271392,-34.7285518485175,-36.9563493555286,12.3325690566693,20.6023522039866,29.6409975679255,49.5351956848033,84.5761826246749,80.1630194109309,69.8205614176009,82.2762161718713,64.1873729704748,-33.070972368895,-36.6776303846359,-36.2914672596239,-35.7656128971753,-28.7897057300385,30.6600232849698,-6.68715253745617,41.2103175909639,-29.5785080527735,-27.6215276499838,-39.9057262503665,6.22069107069608,-31.5406981408151,-36.441153124204,-8.51656246599225,-41.7691510543729,-33.6216307666638,-43.0050894135664,41.777993356692,-12.2229143709442,-15.342407786665,38.6846729930067,35.3900988633541,27.2161366115596,-12.9687167745078,41.5302572500085,-31.8076988669772,-36.7276292629278,10.7597714831291,1.25145071085035,10.6265063470887,-13.1960849333434,38.7062713691477,0.0300942116123224,-3.77236885579924,41.4830626518096,39.9256983095604,23.531516683444,5.8009300385763,36.9799378570993,-22.7016817645284,-18.157386023439,40.1791660291405,30.6464984913739,40.8652503232774,27.6223079135734,30.8336486226182,38.6428098089738,11.9555063983228,41.4643901066732,33.0990688754563,40.5557153316917,35.2331860719667,17.1704750837223,11.989357074953,-3.40439260772555,33.0492044036953,41.7248796231273,40.1443333260788,40.5456084442895,24.4976215405807,35.3515891269526,12.2768183436185,40.3588157542233,40.8279954135988,41.8463214718259,39.4562635180713,17.1547621916581,2.7345439144094,-3.24398893376749,28.1320066736676,38.6786483188147,25.4066847598628,15.2327927405788,24.5028422681496,68.1583213815948,44.4667871557639,7.61059626022424,38.7263591017902,35.0963466866115,42.1219991213194,22.4574164821735,0.127740033576259,-12.1362324148188,38.095767973462,20.3828303557128,-7.9620784794231,1.8581533647784,37.0319413349076,0.175463848884661,-24.858282123637,41.6766559129291,30.9467067963709,20.3010572422863,38.9680954383018,16.8448215726749,-6.28326123117505,-20.242705437436,40.3372099469815,38.1592228770544,35.9490589870426,23.5756028023196,28.2581741888758,-17.7416428648436,-30.4935376155004,28.2478322642495,-12.9739273508801,-26.4485511266248,-17.7348546327675,41.216012219318,-3.63283908059445,-12.7299600794323,35.1636444601842,-41.4683869434719,-26.4459946733921,-43.8446519214017,29.9915713030697,-28.9197723088721,-30.5595673022435,40.6847797408797,40.2593177061124,40.3858521603491,30.6631250604485,-36.0262323766816,55.5490150150323,67.3994089601218,71.9303117227286,87.9723773796199,88.1692688644476,84.2869556132655,82.6629955782652,87.9227267502126,85.0052543802586
300.311079597395,382.760377624767,402.225808450782,34.8243108582556,-11.557700825548,1.91213466644122,-22.5936628140712,-9.42612592517018,-21.639800412331,-39.1370452921113,29.7913909956241,-29.6677958732878,-31.5225385564194,-24.2618233281205,-13.3146278131135,-30.913596650832,-31.0948825753872,-33.072802955437,11.0843337036173,18.4858941792078,26.5754881726295,44.3796206137313,75.736297129029,71.7872916194829,62.5324814495394,73.6782363004913,57.4915796513494,-29.5798608229208,-32.8240027316038,-32.4753149689822,-32.0188779544768,-25.73889300991,27.4876230567304,-5.94218624593722,36.7844494185551,-26.5550315257293,-25.0577914196176,-35.9556686342778,5.50876537566057,-28.2528848179389,-32.6195159015664,-7.68079553602384,-37.4959392189505,-30.1754601017149,-38.7015189604301,37.2917831687811,-10.8984444783094,-13.691989100863,34.5357312993908,31.5932634111666,24.2875213255714,-11.6660317048142,37.0763538999614,-28.4452519945893,-32.8645555340053,9.56992616311862,1.06240883358876,9.45060150068285,-11.8706912656759,34.5398804006041,0.0719310938866755,-3.33248180371658,37.0282935306005,35.6436721458637,20.9930089416936,5.13288071577273,32.9950065692397,-20.2836359639536,-16.2133857935005,35.8702805807204,27.3543735333836,36.4817753566351,24.6511346286384,27.4963153138006,34.6317960804695,10.7467873496751,37.0115701794418,29.5424095208836,36.198771338084,31.4496951307391,15.2773950499549,10.7766516744204,-3.00286153249256,29.4780990664237,37.248415865291,35.828466990897,36.1874443259066,21.82925181454,31.6855513849714,11.0344400357899,36.0206755829251,36.4406617187483,37.3569598919555,35.2259691709644,15.2633404758376,2.49282392236695,-2.85917243283619,25.0796530288025,34.5152014169209,22.6423555723868,13.6802261148467,21.9770714745429,61.0450273691903,39.8438521078578,6.73032373337276,34.5577862487256,31.3093695390492,37.6013234531204,20.0047698321334,0.159376452413056,-10.8207072104805,34.0114905231818,18.1783191018811,-7.18186538517064,1.60672969796722,33.0413114041099,0.20211035902706,-22.2157893900739,37.2072179495057,27.6231914261955,18.1050833841714,34.7892365939863,14.9861067320503,-5.58033082134397,-18.080722755233,36.0117117439303,34.0681072827348,32.0934523223671,21.0326638509223,25.1926357002808,-15.8404567461795,-27.2664846055817,25.2110151096121,-11.6700329607182,-23.7384728346674,-15.9351771856189,36.7933988168692,-3.20842126189429,-11.3529482167657,31.3906760760542,-37.2294513482603,-23.7400759891354,-39.3846251877638,26.768214378907,-25.8560858966727,-27.3262604508102,36.3127025063829,35.9324313169204,36.0455424586992,27.344153809926,-32.234131657686,49.7612940867757,60.3658857714792,64.4203446393589,78.7752789785203,78.9514617543522,75.4774864900398,74.0243286050186,78.7308504820085,76.1202363017667
243.385767950391,310.441344727482,326.27412806502,27.6385420612639,-9.51549896290844,1.47107855004378,-18.8981780841683,-8.2377483548064,-18.1242634475363,-32.1363574026851,24.2561975351245,-24.2243306228238,-25.7486380472566,-19.8707035081562,-10.9477580946007,-25.2823528621302,-25.4301109321505,-27.0271093216154,9.11771770877404,15.1674091874053,21.7793344048889,36.3298482839441,61.9526273318201,58.7259175274076,51.1637076213137,60.2710037054092,47.0445838996885,-24.1530924789034,-26.8245588926869,-26.5357841554561,-26.1801928084012,-21.0023667698307,22.524986765705,-4.80343547907852,29.9451059717156,-21.8011629888938,-20.8872794604125,-29.6766068367802,4.43321418693285,-23.1209313393115,-26.6662326466387,-6.34624111306992,-30.7801087226419,-24.7623859450905,-31.8865884108447,30.358839035795,-8.85652056022121,-11.1417526497183,28.1219713791881,25.7247753457778,19.7661037132208,-9.60405237074824,30.1907209301004,-23.2208394173953,-26.8525423651889,7.75077907513024,0.800578611219596,7.65319125167027,-9.77274105872361,28.1061024814654,0.114805475055725,-2.66923184929291,30.144075284383,29.0240265966578,17.0774717253999,4.12576132468821,26.8436189123511,-16.5356175232183,-13.205032186781,29.2089302176962,22.268539948258,29.7055143102789,20.0633936579911,22.3519798529655,28.363659154988,8.8417362029279,30.1303927464009,24.0482126841375,29.4667539206435,25.6036210565255,12.3766992991717,8.8656137186575,-2.39947475332846,23.9703952429058,30.3286729746334,29.1614351992091,29.4546246145086,17.7245785705656,25.9548460095352,9.07694177149065,29.3188203299311,29.6620637518043,30.4172046279758,28.6856907549856,12.3652221164196,2.09399385429939,-2.28187513507989,20.3783185089818,28.0859857730431,18.3884925074574,11.2396709929595,18.0211683501272,49.948266446515,32.6231637266348,5.40189799774014,28.1206456493689,25.4660551732568,30.6139386947123,16.2351369318749,0.186342166690196,-8.79278994917584,27.6970382305179,14.7811879985835,-5.93521317701033,1.24706466997086,26.8811651230716,0.221296096640444,-18.1172933636556,30.2974741619172,22.4884060468004,14.7212728666928,28.3289677727462,12.1388248178834,-4.50721920578427,-14.7324758960511,29.3245017849737,27.7430928549243,26.1334798152992,17.1101237205669,20.4707462776641,-12.8991913632852,-22.2541989557674,20.5210277820374,-9.60651557649031,-19.4806039196631,-13.0974338229367,29.9573037689582,-2.56883931335098,-9.22886176431406,25.5593099614302,-30.5655919198261,-19.4866560856653,-32.361655558247,21.7894742457177,-21.0991165277195,-22.3038916447681,29.5577531015754,29.2475975646693,29.3398739492015,22.2281864238315,-26.3339839768332,40.7276288237778,49.3932841768895,52.7062789878826,64.4357427816822,64.5797001019101,61.7411505842159,60.5537847651031,64.3994406237976,62.2663361128111
188.304102341081,240.416925464958,252.723146039521,20.8043323330959,-7.50965387400709,1.06007027164577,-15.2026898228071,-6.96601008664422,-14.6030734250824,-25.2766444223496,18.8786990870359,-18.9207605281514,-20.1211478053707,-15.5801171419284,-8.62607915225535,-19.7875807624964,-19.9027289121025,-21.1322683075683,7.18853139451676,11.9199326673704,17.0909195554741,28.4689871581149,48.5016531847207,45.9790904650981,40.0669839268582,47.1870070502011,36.8465243321175,-18.8656751530687,-20.9746543405617,-20.7450715392948,-20.4842655132431,-16.3903422370686,17.6742011332716,-3.70348183148198,23.3009534707003,-17.1433754337993,-16.7337287299417,-23.4913313073086,3.40011054451186,-18.1103358318597,-20.8595497274762,-5.02904755861998,-24.2013108646548,-19.4612725729542,-25.1858736757574,23.6235886682367,-6.8754073322057,-8.66456322232541,21.8900200805923,20.023061678573,15.3755970661289,-7.57732433186897,23.5001045351216,-18.1317427192815,-20.9914308488498,5.99284206954381,0.560745359639544,5.91646554836769,-7.71063787840426,21.8582302059417,0.145579041777307,-2.03320210065061,23.4562257662239,22.5919720339254,13.277021877193,3.15944337841237,20.871054305119,-12.8891469444986,-10.2806158575236,22.7362654579871,17.3284354452013,23.1214079778905,15.6081846547094,17.3608359639248,22.239930312986,6.97260315771765,23.4455113505695,18.7116310433814,22.9272489538407,19.9245618875639,9.57096482858343,6.99075070522986,-1.82189045789979,18.6252116148128,23.6053037044033,22.6858129803381,22.9148860172726,13.7463207282477,20.355339795562,7.15664573188511,22.8091725406774,23.0775247501329,23.6743553248895,22.3304417113866,9.56199875400453,1.69394039177289,-1.72976373004273,15.8188213680311,21.8425516560108,14.2648666535423,8.84827875838125,14.1520590674507,39.1167312986264,25.5706629011651,4.12707024076033,21.8695116043216,19.7938446226841,23.8252090400358,12.5831901750086,0.201589444167688,-6.82537442419427,21.5612410242762,11.485445240288,-4.70442003356305,0.911486395729572,20.9001167510201,0.228951522038066,-14.1285585156338,23.5833848099963,17.5005302100266,11.4385328295397,22.0517002577011,9.38513176673865,-3.47136619864359,-11.4763715527801,22.8266237889537,21.597038396608,20.3425694131852,13.3027945883817,15.8911914495342,-10.0404053149252,-17.3726043996674,15.966097843822,-7.57845597565563,-15.3103949987975,-10.3132961903862,23.3154038834306,-1.95568428814465,-7.1674539646167,19.8937753805433,-24.0367906930214,-15.3197965309521,-25.4754251422292,16.9538085983246,-16.4669611351222,-17.4122946702376,22.9962220552975,22.7543157474829,22.8263080197704,17.2645949471822,-20.5826257234081,31.9075060436013,38.6828007539482,41.2729375232302,50.442872996254,50.5554146925171,48.3363218240975,47.4080694614709,50.4144929693965,48.7468973623716
183.271784244259,234.062094243198,246.056492719003,20.0731495548188,-7.35290873140235,1.00847595861073,-14.9728526801756,-6.95948197957157,-14.3889977421468,-24.7275359692577,18.4060339025644,-18.4688009589004,-19.6432879185004,-15.2252407259009,-8.44197743815158,-19.326490404671,-19.4388089585456,-20.6338229826304,7.03520103409942,11.6552135713086,16.7044252467725,27.8141285836773,47.373278826034,44.9103929072604,39.1381057726772,46.0897352794762,35.9937677140927,-18.4151928572948,-20.480149064187,-20.2549017180609,-20.0051929439086,-15.9949349509838,17.2740076932419,-3.60165177669028,22.717074519832,-16.7705191082242,-16.4606443700454,-23.025062234234,3.29807630043199,-17.6925131831252,-20.3702533348957,-4.93272235954508,-23.6731484354792,-19.0345376077137,-24.6697839136365,23.031866425334,-6.69948817666591,-8.44706604993931,21.3432711874669,19.5223404233986,14.9876351357226,-7.42125627529263,22.9133799256862,-17.6971571223226,-20.4950664161225,5.82936259778515,0.525887587894186,5.75476406326612,-7.55184657914108,21.3072206132393,0.157523267005633,-1.97036834065137,22.8686034280734,22.0277669590041,12.9395432593543,3.06300004493995,20.3433813426508,-12.5739363454157,-10.0257543705783,22.168581636512,16.8933871343669,22.5438009314489,15.214784007889,16.9166652379944,21.7320667119172,6.82433171379557,22.8581372984262,18.2415902166211,22.3521840195645,19.4250477217895,9.31367667597097,6.84190125964354,-1.76393500274338,18.1508513174324,23.0153928017784,22.1157201582312,22.3393482238119,13.3885730405407,19.891648544087,7.00406740768267,22.2362692694649,22.4983816584582,23.0827696973502,21.7732155131708,9.30492484645353,1.66956343979265,-1.67393332960079,15.4114430784002,21.2919262161995,13.8947497794494,8.65592808182954,13.8348562471341,38.2103190548297,24.9842194790479,4.00116679957597,21.3182122213435,19.2916262339063,23.2292840393412,12.2533944486139,0.212232857532737,-6.65057885498495,21.0231888653122,11.1912899413375,-4.61478670199598,0.868846104527098,20.371679811305,0.238957904349018,-13.7848552528391,22.9946453298133,17.0614798904006,11.145463802542,21.5010929004629,9.13228236795517,-3.37487260583143,-11.1936898894469,22.2568071095053,21.058084254809,19.8343050015517,12.9647793850892,15.4821278914101,-9.79090835131633,-16.9549926366084,15.5642911585621,-7.42212660186368,-14.9752530986937,-10.0940938481566,22.7324581636827,-1.89496187291252,-6.98490031293516,19.3961267585799,-23.513454595177,-14.9858126739829,-24.9283155851937,16.5275720221888,-16.0700226449538,-16.9939851260557,22.4190671183426,22.1830296694026,22.2532809372612,16.8228445905211,-20.0949564844667,31.1714278748738,37.7866372456027,40.3155324590522,49.2685693487736,49.3784484475081,47.2118575970575,46.305565429222,49.2408607460211,47.6127195918852
180.624027024096,230.717428469773,242.547502070933,19.6910975269222,-7.2697651295626,0.981684932525894,-14.8492487936352,-6.9533225199582,-14.2736907059723,-24.436713460414,18.1568418920598,-18.2301843969775,-19.3909487201627,-15.0375820250373,-8.34440226405607,-19.0828526378787,-19.1936786124069,-20.3705534985928,6.95392401273558,11.5150983708882,16.4999861441748,27.4679418341448,46.777003171599,44.3456348641767,38.6471925088611,45.509886066504,35.5430583062263,-18.1773534574674,-20.2189567813673,-19.9960183210183,-19.7520842922749,-15.7862437382322,17.0623318078136,-3.54812476393152,22.4092663167918,-16.5730585726685,-16.31432176245,-22.7772886818054,3.24454446796675,-17.4716640534149,-20.1117686054808,-4.88147801806591,-23.3934655927374,-18.8086059225898,-24.3958666979387,22.7199197261785,-6.60681523605664,-8.33242106150477,21.0550044561389,19.2583487808632,14.7831445402272,-7.3384509967884,22.6040348298446,-17.4677390240349,-20.2329178046367,5.74338210049136,0.507833031334876,5.66972306004364,-7.46759565904957,21.0167954275911,0.163557599968861,-1.93744583481972,22.5588194936948,21.7302964325601,12.7616993238766,3.01242267575359,20.0652817314774,-12.4076461401595,-9.89136067907844,21.8692750593613,16.6640448106346,22.2392682409102,15.0074200070128,16.6826591384079,21.4635200845118,6.74572736446431,22.5484845834632,17.993807113062,22.0490305465802,19.161712949462,9.17832616113181,6.7629942462841,-1.73359103019944,17.9009055663272,22.7043775679937,21.8152059447894,22.0359588589594,13.2001945546405,19.6464382377013,6.92318760567323,21.9342689839491,22.193084772121,22.7708707325629,21.4794164966037,9.1696874474369,1.65640975834897,-1.64471263227439,15.196863332679,21.0017036805829,13.6998407111018,8.55403864843941,13.6670167350559,37.7312711539237,24.6741680462857,3.93516069387419,21.0276344046045,19.0269710292752,22.9151073252339,12.0797713776203,0.217579757526863,-6.55850037426783,20.7394986727647,11.0363095892367,-4.56709355240795,0.846672520681185,20.0931781023475,0.243968183842849,-13.60350248028,22.6842369297106,16.8300228101208,10.9910575431562,21.2107890114385,8.99927542422463,-3.32416669179853,-11.0445950997796,21.9563740243228,20.7739186862171,19.566329387958,12.7866507981012,15.2666575806598,-9.65935343744406,-16.73455630989,15.3524866789041,-7.33918736260127,-14.7978079263634,-9.97791841290655,22.4251195237298,-1.86314960114466,-6.88871863666081,19.1337575999921,-23.2363045433072,-14.8089552734884,-24.6384331098408,16.3028842499704,-15.860517823416,-16.7731760568511,22.1148190797268,21.8818785260443,21.9512109970626,16.5901141905658,-19.8374172117059,30.7823437275254,37.3130023907463,39.8095529926804,48.6480367675669,48.7565096493084,46.6176470534686,45.7229529024145,48.620682769124,47.0133789610486
179.062900623924,228.76417403183,240.501921467693,19.4187886619223,-7.23234696427911,0.959741209594497,-14.8239123663748,-6.99803847932517,-14.2531738997763,-24.2995708701958,18.0179227082204,-18.103808268338,-19.2580894609381,-14.9431899794197,-8.29913194862248,-18.9571316895918,-19.0671432433649,-20.2329194595612,6.91591483557094,11.4463527503094,16.3976275193938,27.2913917572521,46.469259288055,44.0544393428649,38.3947564379671,45.2107674046622,35.3117124186295,-18.0514357980512,-20.0824747152186,-19.8604317004802,-19.6209556123298,-15.6746235352312,16.9562022578894,-3.51608033455124,22.237841177352,-16.4800209201695,-16.2749802421252,-22.6748277179522,3.20939773670093,-17.3589481729138,-19.9774274857054,-4.86204942469472,-23.2608202207537,-18.7009332932382,-24.2767978129242,22.5462669734978,-6.55449125262346,-8.26877665303459,20.8948217560294,19.111399329794,14.6681629037675,-7.30264868526096,22.4322913339102,-17.3458191991247,-20.0955104407781,5.69120634023826,0.491272146243226,5.61803091524306,-7.43116428853701,20.8541841494225,0.17100420714209,-1.91607039007906,22.3863393893799,21.5650588881173,12.6609168889511,2.97879339279484,19.9091482323691,-12.317528659367,-9.8175975040444,21.703057293388,16.5357913964916,22.070091453723,14.8909520943297,16.5498404069564,21.3276291808775,6.70910724163242,22.3760718454073,17.855230011947,21.8800126763804,19.014772350559,9.09809833237386,6.72617224004864,-1.71353458887934,17.7596284737735,22.5315728933234,21.6473733010044,21.8666129005243,13.0916062342728,19.5226811691482,6.88538633023381,21.7656919558517,22.0228383332455,22.5975915132915,21.3163186032955,9.08951970365917,1.65387073787754,-1.62523026015666,15.0743467560181,20.8392024714733,13.5878047468549,8.50527747846153,13.583807363503,37.485060850141,24.5165472874756,3.89211223328665,20.8649370306984,18.8779013272739,22.7404304628059,11.9790761472261,0.224672423072654,-6.50647116758242,20.5819668831863,10.9477770188203,-4.54923124292019,0.828106831792926,19.9368132937937,0.250887073285107,-13.5057155451765,22.5119239253512,16.7006817886775,10.9028187719598,21.0495292433164,8.92029174310356,-3.29355880290745,-10.9632481453203,21.7895669321582,20.6161225571668,19.4172976919037,12.6857408028992,15.1436796317656,-9.58698883459708,-16.617067727938,15.2337105402634,-7.30324484799123,-14.7135720915318,-9.92510646019652,22.2542717341215,-1.84243749211632,-6.8346316746011,18.9876623536608,-23.1052655796542,-14.7254395327801,-24.5037835498668,16.1770540222588,-15.7485517964878,-16.6555615198737,21.9451405291079,21.7138636446373,21.7827039768223,16.4580037993358,-19.7021479173644,30.5833066982367,37.0696293547027,39.5492071391828,48.3275551850444,48.435289680363,46.3109871282115,45.422382626423,48.3003873812156,46.7040253411368
177.939780803285,227.363721376129,239.036204684452,19.2107052650596,-7.20823306623916,0.942448829627118,-14.8181651840053,-7.04284166481152,-14.2508735715115,-24.2102267284314,17.9194144538349,-18.0164872122749,-19.1664644723722,-14.8792162310559,-8.26952846048313,-18.8710539689529,-18.9804955295913,-20.13822827509,6.8905781763991,11.3998297381387,16.3279327915812,27.1705233040943,46.2578294538856,43.8544360717625,38.2215133476233,45.0052933611873,35.1530275366037,-17.9644434787444,-19.988593923952,-19.7670933675007,-19.5310383333621,-15.5972632998941,16.883910528262,-3.49321709161443,22.116679310828,-16.4196873498836,-16.2590176204861,-22.6126886620365,3.18251341332963,-17.282102033328,-19.8851979455917,-4.85150458273078,-23.1742004624251,-18.6306110498271,-24.2024293575872,22.4235609914439,-6.51768999781767,-8.22420996201124,20.7815388701613,19.0073125205977,14.5862242646527,-7.28089060082178,22.3109672732934,-17.261486061332,-20.0008889662016,5.65261009648858,0.477162897772708,5.57976481710845,-7.40900895933391,20.7390935998084,0.176962941295763,-1.90053861817564,22.26444789567,21.4482594358414,12.5887942574494,2.95294416377394,19.7985452389874,-12.2548352092024,-9.76610333480788,21.5855801420286,16.4446732386971,21.9505424982519,14.8079970362447,16.4554110907851,21.2348106919293,6.68472634853252,22.2542264717757,17.7568478621585,21.7604711706083,18.9105989143706,9.04022106091334,6.70164168484554,-1.69890530036585,17.6593268609879,22.409492283201,21.5286179354259,21.746815929966,13.0139850201557,19.4382127332042,6.86019307245846,21.6464364539207,21.9024791472737,22.475182267437,21.2010274685919,9.03168417697236,1.65295551660416,-1.61099363154153,14.9870696038733,20.7241886156775,13.5078106124577,8.47253331387591,13.5273191853237,37.3161156408697,24.4087391494348,3.86011416365391,20.749786378375,18.7721925794162,22.6170324080064,11.906962936732,0.23038842209775,-6.46986932462685,20.4705532067673,10.8841414143267,-4.53968267277828,0.812660980710348,19.8260479746433,0.256483784598693,-13.4377832098013,22.3902058859349,16.6088211164153,10.8393832937506,20.9355034078112,8.86327844354721,-3.27167686356461,-10.9065493941501,21.6716842207677,20.5045242117697,19.3117810824684,12.6135361495289,15.0560835987695,-9.53643844778826,-16.5357264758684,15.1491734627173,-7.28137100780673,-14.6588262869937,-9.89178286867587,22.1335436252337,-1.82738320951677,-6.79663196985823,18.8841639449465,-23.0198281514269,-14.6713028312119,-24.416706551463,16.0875973998264,-15.670972253907,-16.574150019833,21.8251758146911,21.5950514420607,21.6635510296828,16.3640693553413,-19.6089353955091,30.4469196993802,36.9026421181867,39.3705025583179,48.107329662219,48.2145542934449,46.1003056839044,45.2159060776638,48.0802904270215,46.4914838818473
177.254231218875,226.505499993727,238.137324283613,19.0923048388391,-7.19150429183443,0.932969258982276,-14.8058513561531,-7.06126853988199,-14.2406779785158,-24.1491540379597,17.8581895280973,-17.9606283212682,-19.1077165663587,-14.8373491619736,-8.24933471048853,-18.8153871402393,-18.9244693794386,-20.0773397805552,6.8736213557637,11.369273211488,16.282504116454,27.0922720493184,46.1215464137715,43.7254725380492,38.1096938902628,44.8728253282013,35.0505370423557,-17.908785877805,-19.9282131442217,-19.7071180684612,-19.4729924965782,-15.5479595528907,16.8368130780921,-3.47916688407395,22.0411342836466,-16.3782607741806,-16.2405694852867,-22.5666079800444,3.16714872801601,-17.2321566556246,-19.8257427724346,-4.84272156500779,-23.1151553897551,-18.5827031990811,-24.1490863009142,22.3470325091464,-6.49466177455009,-8.19616816752511,20.7109337016191,18.9425443048625,14.5355711375941,-7.26486082416524,22.2352651189569,-17.2076093412321,-19.9401114800519,5.62971439924538,0.470018696534595,5.55708327082576,-7.39269726062158,20.6674581628349,0.180123207996488,-1.89121186159335,22.1884368616486,21.3754258837472,12.5444142321992,2.93825152709081,19.7297752033437,-12.2150649535523,-9.7335784559987,21.5123136005678,16.3881576559494,21.8759742339686,14.7566859831016,16.3969496395499,21.1745465538438,6.66838434478472,22.1782452791496,17.6957856151462,21.6859909968164,18.845844232768,9.00499904454835,6.68521166375601,-1.69016299007906,17.5971265259565,22.3333268490711,21.4546684356306,21.6721973133216,12.9662331470692,19.3833190515561,6.84332822853931,21.5721567976399,21.8274603015872,22.398807297732,21.1291334079024,8.99648871892832,1.65169638569911,-1.60250570549084,14.9331622847234,20.6526017487367,13.4585347352933,8.450818675349,13.4903624267749,37.207050026653,24.3388618211483,3.84131475999766,20.6781130607414,18.7065472613797,22.5400459832252,11.8626986194707,0.233391928506634,-6.4469720002187,20.4011125694513,10.8451714267537,-4.5316008880111,0.804625639206144,19.7571762957156,0.259410339727836,-13.3946135572498,22.3142522245382,16.5518238889219,10.8005434557789,20.8644221395068,8.82860636967652,-3.25826338243436,-10.870666109556,21.5981569761642,20.434967134458,19.2460917565769,12.5690990767606,15.0019719708866,-9.50453490606572,-16.4838182066548,15.0968409544148,-7.26528122787809,-14.6213411506205,-9.86821607500379,22.0582428014425,-1.81834746982917,-6.77282160404739,18.8197734241171,-22.9614855963242,-14.634124370894,-24.3566791374936,16.0321540299037,-15.6215131276969,-16.5221839672232,21.7504075874712,21.5210177952742,21.5893000362229,16.3059199604617,-19.5491119862274,30.3587211552792,36.7948316008217,39.255184502596,47.965412657021,48.0723106940376,45.9645020992667,45.0827960030494,47.9384557772932,46.3544888531275
175.558588970804,224.365559698472,235.892637045414,18.8426308855325,-7.13951774507736,0.915146995726687,-14.7317302336773,-7.06245236697448,-14.1718627578801,-23.9665074770968,17.6995347787229,-17.8093525707681,-18.9478306983217,-14.7189339997182,-8.188177232336,-18.6613007368631,-18.769434226114,-19.9106395425272,6.82269407221281,11.2810982446677,16.1536074856936,26.8736254208721,45.744518253804,43.3684061546976,37.7993958771393,44.5062009618615,34.7657001335004,-17.7580079996791,-19.7628353668643,-19.5431670242607,-19.3128589619451,-15.4155295252586,16.7033362500633,-3.44479736889013,21.8451350949217,-16.2542262097733,-16.1518320131557,-22.4125383108196,3.13256750053414,-17.0926200343457,-19.6621605820345,-4.81097304770693,-22.9394194138653,-18.4406664522484,-23.9781436792941,22.1484051645839,-6.43552994810539,-8.12314460886694,20.5274361959587,18.7744834655121,14.4052894119037,-7.21313963382091,22.0383547440364,-17.062117478457,-19.774080509498,5.57457710836949,0.457908440072163,5.50254010794124,-7.3400743280815,20.4824259504718,0.184451201157202,-1.86987543649543,21.9911839839825,21.1860708047703,12.4310374030019,2.90553829159174,19.5525485101272,-12.1094041832677,-9.64807517947064,21.3217934597959,16.2421062114203,21.6821171354337,14.6245863396459,16.2476636732037,21.0050615964473,6.61914820182897,21.981075341473,17.5379803699416,21.4929398559251,18.6781631932233,8.91827988122795,6.63577899582222,-1.67045576193293,17.4377363912256,22.1353354797994,21.263264409895,21.4789713620148,12.8458748985582,19.2286008392034,6.79265245057334,21.3798149430029,21.6330332026146,22.2002548377737,20.9421299477825,8.90984126467889,1.64388162996286,-1.58350813848688,14.7961898295804,20.4676983205064,13.334036712223,8.38684441348306,13.3846386575716,36.9042665089072,24.1430966925286,3.7985988423778,20.4929834145008,18.5378342489402,22.3400252137005,11.7516993062871,0.23728532189066,-6.38821472482972,20.2205440329001,10.7463066127053,-4.50206973200757,0.789923096612661,19.5796923899552,0.263090867680567,-13.2794397918096,22.1166669010009,16.4044352374528,10.702041501297,20.6796332408646,8.74337284902936,-3.22567558839541,-10.7758670666058,21.406923493541,20.2540956895895,19.0755080238717,12.4555443215187,14.8644363932963,-9.42081923679166,-16.3439829543976,14.9619307604401,-7.21346761861836,-14.5098016174987,-9.79541017027,21.862583615876,-1.79772322511211,-6.71147643182309,18.652740695414,-22.7873839879234,-14.5230016782044,-24.1748442822441,15.8890490662413,-15.488576941274,-16.3821204732276,21.5566469292232,21.3292234439027,21.396922496103,16.1574467186344,-19.3859686372891,30.1129094309476,36.4954759044687,38.9353443477382,47.5730211205237,47.6790285199748,45.5887818463215,44.7144214006953,47.5462888315661,45.9755194282425
172.341979806785,220.286198760232,231.609732086308,18.4189342270626,-7.02857418084826,0.887869521797132,-14.5406785268763,-7.01339454133693,-13.9909528468262,-23.5836180805456,17.3900483316715,-17.5071891253323,-18.6276250570541,-14.4770401491307,-8.05913915376323,-18.3499602927191,-18.4562243490271,-19.5757320652599,6.7155417667553,11.099086220602,15.8897655087082,26.4295605114149,44.9827330705345,42.6466494784016,37.1714356585258,43.7652775308802,34.1888163300317,-17.4567886806173,-19.4305137937076,-19.2140472732754,-18.9898603941897,-15.1521855700238,16.4302788563048,-3.3801271025303,21.4626358856185,-15.994139127038,-15.9337014807834,-22.0739831874768,3.07074384455007,-16.8093371078166,-19.3326657936522,-4.73932706026029,-22.5718378984279,-18.1441453461938,-23.6088485870116,21.7606950830081,-6.32090999124547,-7.98043572400872,20.1689426125192,18.4464164382918,14.1521915579335,-7.10123376582526,21.6534993616515,-16.7719538930513,-19.4409043441101,5.47152717879451,0.441186585030511,5.40069186566382,-7.22622079665616,20.1222586307318,0.188516521191577,-1.83150065867459,21.6061899255315,20.8160720861861,12.2116117940819,2.84749650983567,19.2080273121973,-11.9005571366034,-9.48007193226644,20.9494761009314,15.9576285547123,21.3033409770703,14.3678192636491,15.9589970245749,20.6596924229932,6.51540238567162,21.596249243274,17.2306242223592,21.1163897507584,18.3512184602593,8.75422680757272,6.53168532399973,-1.63538544816564,17.1289036912213,21.7485118247869,20.8902337872645,21.1022915603906,12.6149220492374,18.9129707490427,6.68600518757675,21.0048654573698,21.2538381830879,21.8123174831184,20.5766177134548,8.74593124530995,1.62350178138345,-1.5498777781927,14.532105647207,20.1077852898829,13.0948034560968,8.25345361312283,13.1673367697328,36.2913792629794,23.7449619742036,3.72195648565115,20.1326271674523,18.2103808896242,21.9493619264034,11.539358075123,0.240471630381641,-6.27436450044867,19.8676558228152,10.5557156345657,-4.43519010638158,0.7678338111828,19.2346772602534,0.265847133981069,-13.0512594220611,21.730470258082,16.1172518543193,10.5121862996446,20.318558257445,8.58228427448716,-3.16462620380984,-10.5890781063504,21.0331734435784,19.9006160103401,18.7423720287172,12.2357384233229,14.5992162124662,-9.25649950713234,-16.065468569053,14.699503178018,-7.10145144132541,-14.2766016986361,-9.64067745255084,21.4804077940007,-1.76069006294302,-6.59233284348384,18.3267326806226,-22.4227827438394,-14.2901958490572,-23.7914360003348,15.6105017076031,-15.2241304778174,-16.1030733644386,21.1787696990134,20.9552483610762,21.0217885133553,15.8703681392268,-19.0588863558405,29.6143323576484,35.8894675520634,38.2882488725188,46.7804300952819,46.8846515910821,44.8296197096684,43.9699890837511,46.7541481588401,45.2098420105093
169.18022565386,216.288716250421,227.41516829629,17.9716966069534,-6.92720251195005,0.856992537965112,-14.3838970898028,-6.99673697418493,-13.8440937999795,-23.2295197192257,17.0913423960744,-17.219587150475,-18.3233645541418,-14.2500222380758,-7.9404154173833,-18.0557749608639,-18.1602448086787,-19.2581402584143,6.61693959402216,10.9295293501251,15.6426402660288,26.0115204603338,44.2631907245124,41.965101837836,36.5789104614869,43.065537298472,33.6447601637087,-17.1701154271002,-19.1154160509475,-18.9017837726742,-18.6843285411502,-14.9008118311588,16.1744250522043,-3.31610672900224,21.0934181362065,-15.7535467694121,-15.7498963639253,-21.7696091735344,3.00791473316437,-16.5424550441176,-19.0207160908642,-4.67568359042605,-22.2314217322683,-17.8691543394523,-23.2734665744614,21.3864926997309,-6.20965533833902,-7.84265920254264,19.8231981235953,18.1298934849975,13.9073426065311,-6.9994831903504,21.2823870532229,-16.4955005273286,-19.12472196335,5.36955180541353,0.421162513284155,5.29985153536485,-7.12270283281235,19.7740092854801,0.195230313466592,-1.79234293707468,21.2345913567921,20.4592513309428,11.9988759938155,2.78823733988602,18.874627423065,-11.7004194042634,-9.31844828908876,20.5904426982217,15.6828328660251,20.9380278483696,14.1194999961516,15.6787039260236,20.3352648798358,6.42002440019272,21.2248091258713,16.9336900102579,20.7528097661385,18.0355491003086,8.59270670396736,6.43594935896955,-1.59934172523085,16.8294159900331,21.3754032019053,20.5298579666097,20.7384476869358,12.3895824101021,18.6166942984711,6.5878819689715,20.6426891116641,20.8876565467391,21.4381442407316,20.2242012112308,8.58454733671464,1.60707013737345,-1.51519067628523,14.2752060765129,19.7597797672931,12.8615865947254,8.12999182209046,12.9643432832914,35.7131585042424,23.3704902135612,3.64389404293192,19.7841943031878,17.89317797223,21.5724600610849,11.3317685855,0.246355603173459,-6.16382924442035,19.5274012802097,10.3705214115526,-4.37588424669059,0.742812634246341,18.900794505388,0.271324835913124,-12.8329255137407,21.3580767186113,15.8399012593864,10.3276859481549,19.9703575695268,8.4235861718615,-3.10401381248598,-10.4097107140124,20.6727811464386,19.5597899088325,18.4210412771347,12.0226554408596,14.3412431662967,-9.098312739801,-15.7998883248854,14.445823246121,-6.99955200034965,-14.060463316346,-9.49858094428424,21.1117302280629,-1.72285769902992,-6.47683571748284,18.0121665069941,-22.0853710786638,-14.0746914880394,-23.4381073516925,15.3413246345127,-14.9717628621419,-15.8370325625924,20.8138507922848,20.5940600034364,20.6594932290366,15.5916088575632,-18.7483057594378,29.144573421647,35.317773029119,37.6775611427688,46.0316460993364,46.1341723984962,44.1125669219175,43.2669177728654,46.0057916394689,44.4866048874675
167.260679814542,213.849740522541,224.853613865035,17.7302620120327,-6.85812628559822,0.842232555709469,-14.2583996718083,-6.95576607472924,-13.7246656617866,-22.9928110192444,16.9045533009554,-17.035767263726,-18.1283732071272,-14.1016542626554,-7.86037921106924,-17.8655583368149,-17.9688964081743,-19.0539538437087,6.55044823833441,10.8173803828082,15.4805851446846,25.7395810148126,43.7976055318261,41.5239098432502,36.194880773266,42.6126650447953,33.2918608600866,-16.986858579217,-18.9127905430506,-18.7011869354538,-18.4871135564074,-14.7408825139721,16.0067470426501,-3.27771226483391,20.8626116845106,-15.5928032138576,-15.608391895389,-21.5570635835213,2.97172212902819,-16.3690828943323,-18.819637458926,-4.63047323085583,-22.0043566180947,-17.6861424036897,-23.0428730244641,21.1525260035569,-6.14075454875058,-7.75658819422446,19.606749590892,17.9318523932673,13.7547836856222,-6.9297024604474,21.0500099664452,-16.3190846802377,-18.9216790552835,5.30824589031161,0.412452080277049,5.23927989438059,-7.05170504133245,19.5569039027576,0.196609451759453,-1.77000946885851,21.0022696561283,20.2358530236226,11.8667757729098,2.75435642934427,18.6670585715786,-11.5738864390156,-9.21690167438231,20.3656361746915,15.5112158277111,20.7093438704002,13.9647007798632,15.5051417747454,20.1234961669778,6.35561243557599,20.992590144909,16.7482923144515,20.5256289815985,17.8382707705204,8.49490230203336,6.37133592805043,-1.57903052440905,16.6435838859395,21.1418769658959,20.304875001031,20.5112429499907,12.2511267500449,18.4230775836732,6.52169854607514,20.4165294213311,20.6589036094476,21.203942306224,20.0034799996633,8.48682996498089,1.59353065127924,-1.49576082569918,14.1166029417659,19.5428284018605,12.7180926744785,8.04749352888133,12.8306660312237,35.3383152402971,23.1265511205311,3.5991747733377,19.566975445799,17.6960130039656,21.3366526302641,11.2046250699384,0.247197360886631,-6.0954017742797,19.3143026754842,10.2559249954273,-4.33364769116825,0.730795362777293,18.6929301667381,0.271903800545257,-12.6945523062325,21.1248855275064,15.6666306088537,10.2135395323966,19.7523384381775,8.32758539849947,-3.0678368448023,-10.2966830500812,20.447101250645,19.346334829701,18.2199103542593,11.8903183408997,14.181945776916,-8.99903334996641,-15.6306411377033,14.2875705125686,-6.92972052934261,-13.9165002838884,-9.40259192257665,20.8810285548931,-1.70132219259787,-6.40515882887248,17.8153790781235,-21.86005638945,-13.9308716257018,-23.2006117218756,15.173324772208,-14.8111417827961,-15.6674436817794,20.5858962455738,20.3684728293866,20.4332025716146,15.4190041492686,-18.5490454644071,28.8394055716989,34.9471229254562,37.2818703290838,45.5472883454941,45.6487263351021,43.6485802836305,42.8119073991716,45.5217083262414,44.0186478985456
130.111439046193,166.406902578704,174.979905708589,13.6579539851962,-5.36915359413838,0.637056640823918,-11.2264265726699,-5.54831812806754,-10.8110397810257,-17.9818808498673,13.1759402117075,-13.2935143414669,-14.1483294553983,-11.0174985659002,-6.15072853714499,-13.9501904375972,-14.0307691532403,-14.8734324647096,5.12669329298242,8.45771228702061,12.0980553333243,20.1064398408794,34.2020977287632,32.4273457814098,28.2676928485656,33.2771840122361,26.0016647674563,-13.2554755246681,-14.7634125293066,-14.5973782719435,-14.4341687992678,-11.4996071526049,12.5088342427482,-2.54674812035135,16.2597368662847,-12.1936537211427,-12.2747486114665,-16.8923261385234,2.3047470272412,-12.7849317861546,-14.6926623248088,-3.62967058302728,-17.2069310341799,-13.8282791942493,-18.0445865661337,16.4858483976458,-4.78227096462272,-6.04411525622687,15.2827085745875,13.9769620697273,10.7189773866082,-5.42466918584178,16.4076258747612,-12.7330810972309,-14.7691969455044,4.12834528617694,0.307210175669436,4.07449415190088,-5.52022421819922,15.2394171343478,0.166089830194434,-1.3694885123218,16.3686853796603,15.7730247521221,9.24603085373085,2.13501080111259,14.5447964777968,-9.02550135316852,-7.18466059537464,15.874269315327,12.0891821329322,16.1418577720236,10.8828691363036,12.0770157385411,15.7224677432775,4.97457354807795,16.3611259456864,13.0529584716362,15.9967610044163,13.9030604023906,6.60705158066596,4.98672919303625,-1.22032283916109,12.965441135837,16.4787344519163,15.8238288188581,15.984880408929,9.5377628443309,14.3948664192601,5.10425066636089,15.9110538781013,16.100243869468,16.52714381564,15.5923163176638,6.60075212320663,1.25671255516988,-1.15528296336209,10.9933942123114,15.2284412878338,9.90214704064443,6.29541801943684,10.029454008805,27.5990821309587,18.0666981238828,2.78764932964695,15.2472586358687,13.7867791752069,16.6300651767434,8.72119649074805,0.205595813126237,-4.74682301242532,15.0552109482561,7.98948269234507,-3.39723566107648,0.556077596801426,14.5649251164333,0.224888759995608,-9.90090138978472,16.4660306220777,12.2105396302525,7.95638204094566,15.3963164482091,6.47648071431718,-2.38280576514095,-8.02786325299365,15.937859197662,15.0801670916746,14.201806376975,9.26446286780899,11.0444234993982,-7.01435023833795,-12.1949321907387,11.134920756905,-5.42450373169593,-10.8809450207753,-7.35601842655398,16.2752237871747,-1.31609272210844,-4.98887090341838,13.8860638160809,-17.0950162855509,-10.8932187604818,-18.1492029145473,11.8254147748901,-11.5546707827647,-12.2238491058124,16.0433127430089,15.8737290590383,15.9242211091824,12.0099019073307,-14.4775637027952,22.5261334093065,27.2937203957057,29.1161535751737,35.5678227906847,35.6470009128123,34.0857739319213,33.4327022650581,35.5478561205796,34.3746328920593
119.912157978691,153.382747499451,161.288654542218,12.5368308592187,-4.96109927976456,0.580333161064722,-10.397122277071,-5.16507406913573,-10.0142227247896,-16.608410756495,12.1527332073411,-12.2670098463197,-13.0566405769378,-10.1717874106685,-5.68212954813471,-12.8763809922702,-12.9507153702404,-13.7268069603377,4.73640988273896,7.81072626485714,11.17051783015,18.561596066035,31.570424985027,29.9325280230152,26.0936218899586,30.7168338853022,24.002312903773,-12.2319552594234,-13.62533266586,-13.4717804235559,-13.3225997916039,-10.6104637149829,11.549649960626,-2.34605408787916,14.9966516828723,-11.2619886677965,-11.3625825243878,-15.6145000157368,2.12134851410062,-11.802028169864,-13.5607663834353,-3.35565150863098,-15.8919447517862,-12.7708143340368,-16.6751088904328,15.2052603936533,-4.40946980160563,-5.57423023960164,14.0961483949722,12.8916778119772,9.88581953655186,-5.01235948280556,15.1337255502924,-11.7494139191339,-13.6302426867155,3.80426086277695,0.277882873923245,3.75455492747768,-5.10066779611552,14.0545986150784,0.15793520740498,-1.25942347270549,15.0971762084592,14.5483867915725,8.52672812581921,1.96467432954713,13.4135273756935,-8.32636926974705,-6.62708010097239,14.6418028883324,11.1500771713114,14.8885027913594,10.0370886103281,11.1361524243071,14.5155737356829,4.59600593129894,15.0901982031616,12.0388567580873,14.7539704451471,12.8231548612328,6.08871611799067,4.6071806258552,-1.12172485199419,11.9559952428475,15.199131917852,14.5941456117917,14.7427675498659,8.79296687742673,13.29022580346,4.71569718201264,14.6746723375931,14.8492805807151,15.2437951458669,14.3818593373506,6.08290298720431,1.16454831415,-1.06168437412237,10.1361731171853,14.0444731549071,9.12921396667467,5.81508356632831,9.26136218166844,25.4765649638064,16.6790988741477,2.56458195487119,14.0618281780229,12.7139429363047,15.3385367086247,8.03947906848033,0.194401913488406,-4.37673769862089,13.8864775004374,7.36737228263265,-3.14086088901806,0.50770320678704,13.4320798632909,0.212210156977626,-9.13450842074733,15.1876120769103,11.2620946041721,7.33681786625887,14.2009840308337,5.96822516568158,-2.19470826933271,-7.40539901699743,14.7004899830577,13.909492079312,13.099184272336,8.54375962757459,10.1832765471154,-6.46980941325405,-11.2524738293426,10.2697173524299,-5.01213970798137,-10.0489104780716,-6.79520250757912,15.0113494141129,-1.21022634962571,-4.6002189123381,12.8077944893398,-15.7889286041515,-10.060632345871,-16.7647442149831,10.9066394792556,-10.661363753376,-11.2792315830551,14.796759786413,14.6402996519537,14.6868860400613,11.0742584338203,-13.3608117020167,20.7947388689745,25.1947453855193,26.8766567245303,32.8308344164045,32.9039068898535,31.4630708321945,30.8603590404888,32.8124074290304,31.7296551108485
103.930042900121,132.962773991613,139.820598851038,10.8082628417744,-4.31454444023478,0.495225494498721,-9.06925143148945,-4.53564289566358,-8.73730069185345,-14.4359758905461,10.5440711143899,-10.6498139640204,-11.3362898596282,-8.8365841028532,-4.94029987991925,-11.1827492354877,-11.2472586475478,-11.919315869603,4.11843252555086,6.78804654178873,9.70554320679538,16.1234943688734,27.4192053835541,25.9970182220385,22.6636781427668,26.6780321720737,20.8477709058828,-10.6194344276339,-11.8312763936716,-11.6975788307458,-11.5696986380186,-9.21032116970331,10.0347774693395,-2.03212230883779,13.011041634723,-9.7885071808114,-9.90524919740605,-13.5862365449247,1.83557120822634,-10.2510907377217,-11.7760476435217,-2.92032153935465,-13.8124150582546,-11.0989027961452,-14.5039672166656,13.1920993137987,-3.82410731448803,-4.83572142863276,12.230504028492,11.1853403608708,8.57638935593186,-4.35898087374836,13.1307442752197,-10.1999509114005,-11.8350490863316,3.29676641528124,0.234936430269713,3.25359843482135,-4.43579778795912,12.1925770499095,0.142487871020343,-1.08842588857154,13.0983007657503,12.6228723839885,7.3966064494188,1.69950086682153,11.6359165819446,-7.22615531185489,-5.75020331465612,12.7039609276627,9.67381130476628,12.9178768182408,8.70775349047753,9.65859210474468,12.6102065344345,3.99650306345034,13.0922400491902,10.4447607646124,12.8003434445057,11.1254767278274,5.27672693790631,4.0061561041488,-0.968821467895715,10.3703784248437,13.1872836520534,12.6613046868425,12.7903405772861,7.62429903534312,11.5460975530552,4.1004468995171,12.7312573126483,12.8828739748599,13.2260494838463,12.4785606998613,5.27168002572963,1.01663469269994,-0.916669978823334,8.7904014931655,12.1837897260139,7.91621695301529,5.05512804665033,8.04774322522382,22.1278822959842,14.4888697648402,2.21757040575373,12.19884607673,11.0284428263083,13.3080321573665,6.97016996884114,0.174160092627259,-3.79566581690087,12.0487741747336,6.39028079025836,-2.73350042920416,0.434652944230773,11.6519979895042,0.189626461735745,-7.9281417113236,13.1775171476587,9.77109647527096,6.36374334082924,12.3215192045196,5.17211733262081,-1.9006565836014,-6.42617571907985,12.7549197524257,12.0687379564269,11.3655181525238,7.41141866749163,8.83131208671655,-5.61353812364484,-9.7681263199079,8.90975978590841,-4.35871346783024,-8.73337264992177,-5.90750414968138,13.0242726560849,-1.0458009950951,-3.98982719450103,11.1125110196704,-13.7232729311423,-8.74400116189046,-14.5739048279081,9.46242349556136,-9.25461220848866,-9.79144107446723,12.8372935288167,12.7014930439793,12.7419300051371,9.60490093050878,-11.6007740430813,18.0625764248525,21.8831724707994,23.3435887497838,28.513618006917,28.5770668316101,27.3259893057089,26.8026543163585,28.4976178506553,27.5574644763812
89.8246467966108,114.937567347556,120.869635297833,9.29032856721396,-3.7419733987249,0.421137270492121,-7.88961349785227,-3.97228541033611,-7.60264017709891,-12.5131567195213,9.12286262883836,-9.22016373198258,-9.8153229384373,-7.65545709496147,-4.2835325682245,-9.68501087375849,-9.74083811911492,-10.3211543158066,3.57127919527384,5.88304722895394,8.40945951153592,13.966974275597,23.7479966017472,22.516531474688,19.6301948002542,23.1062187431475,18.0577897730914,-9.19390994054515,-10.2449839796529,-10.1288899569284,-10.019623370208,-7.97272842665485,8.69457161435698,-1.75520644444798,11.2568618968876,-8.48437130038851,-8.61145446324078,-11.789111515788,1.58378272576415,-8.87935736252604,-10.1979004164867,-2.53450173680833,-11.9719340889641,-9.61928394769878,-12.5809421296665,11.413570037396,-3.30716083230311,-4.18333567225975,10.5822160567618,9.67781743314971,7.4196622981272,-3.78035089605463,11.3611175026016,-8.83024497533301,-10.247816200548,2.84895310631691,0.197844961110864,2.81156688431391,-3.84698891581922,10.5477305812927,0.12812751989054,-0.937909860859921,11.3323956734074,10.9216898451206,6.39837629586409,1.46593365590869,10.0657046255874,-6.25386485658378,-4.9754394313262,10.9918820160921,8.3696175461936,11.1768496740443,7.53342482743636,8.35365532182218,10.9247254992446,3.465686344011,11.3271462153157,9.03648889474132,11.0744402266831,9.62565897700525,4.56015008688301,3.47400062474762,-0.834308997081289,8.9699138955366,11.4098498176336,10.9538139463596,11.0655341401929,6.59243293257496,10.0031959517406,3.55570484265085,11.0144130196864,11.1456995198822,11.4434033717674,10.7969835248267,4.55578054725069,0.885139141148949,-0.78913506462203,7.60197427602434,10.5401257786469,6.84516233261773,4.3824323494099,6.97390865506359,19.1662474144511,12.5515155088429,1.91199445240897,10.5531514255606,9.53967407333714,11.5141415326791,6.02613544652194,0.155559567784566,-3.28251559476114,10.4251479061615,5.52730942095242,-2.37245295330514,0.370922794444729,10.0796047947039,0.168954886138927,-6.86195827269891,11.4016029213022,8.45387421204731,5.50432458373177,10.661013444572,4.46958038063108,-1.64132480808926,-5.5609002355614,11.0360076734417,10.4424168661697,9.83383210101321,6.41122312594767,7.63740806581852,-4.85700698421752,-8.45603683734969,7.70835378409732,-3.78005162915651,-7.56912881650396,-5.12163202870035,11.2687356079955,-0.901083526233183,-3.45073862279574,9.61476078594919,-11.895017814208,-7.57873030993807,-12.634520483706,8.18656865886635,-8.01116351484955,-8.47629668593907,11.1062524194281,10.9887114243832,11.0237131127931,8.3072100646273,-10.0446681382024,15.6460538722169,18.9543493104928,20.2189269472448,24.6956416861007,24.7505816707563,23.6672808992463,23.2141277097171,24.6817872360603,23.8677140127067
88.4715414791701,113.213368277252,119.057827725217,9.13244730075584,-3.69015878878841,0.412384390285947,-7.78878156541895,-3.93080407615949,-7.50610471674716,-12.3374881248575,8.98885587582327,-9.08679732551078,-9.67363833570133,-7.54650474988507,-4.22381636008596,-9.54612211136578,-9.60113399417784,-10.1725254086388,3.52159453322907,5.80010462765963,8.29016712780141,13.7676779992313,23.4077903657119,22.1940715372401,19.3493244305305,22.7752611668268,17.7995720924509,-9.0609398636011,-10.0974745454056,-9.98294012679289,-9.87575765449882,-7.85699571166481,8.571180893662,-1.72839321748177,11.0913700750414,-8.36515646680056,-8.49950565178849,-11.6279837888281,1.55894933719773,-8.75244936587443,-10.0513265430551,-2.50005886460369,-11.8036146379563,-9.48380268823618,-12.4074152131833,11.2457963902318,-3.25808126802554,-4.12170734697771,10.4268634749185,9.53570462983861,7.31040668022511,-3.72799914632599,11.1943307077304,-8.70236383237323,-10.1001147506031,2.80586536570429,0.19299653765172,2.76901528950583,-3.79371988490328,10.3923127309674,0.127922033834672,-0.922820794783267,11.1658073555213,10.7613506559042,6.30393421258865,1.44278909972018,9.91722816844631,-6.16262959349829,-4.90248613582052,10.8305238199433,8.24657115316221,11.0127363972088,7.4225352720812,8.22988976425009,10.7692321457195,3.4175182361023,11.1606330176374,8.90359326335966,10.9115826172138,9.48418475740876,4.49130864704352,3.42569731151207,-0.820700385760638,8.83724135337044,11.2422836501672,10.7926143465295,10.9027208589121,6.49413972228892,9.86093985054416,3.5062443803913,10.8523499915343,10.9817473329563,11.2753490316642,10.6385281836925,4.48700227459466,0.874056577310625,-0.776171805811806,7.48906996254596,10.3848189347697,6.74321356266576,4.3210837521287,6.87527935292187,18.8920613651988,12.3726013411203,1.88157821181595,10.3976528990114,9.39877132712087,11.3449821069824,5.93604246425542,0.154961277703853,-3.23378496688816,10.2721588440405,5.44552469443003,-2.34024663268519,0.363630971133972,9.930919575676,0.168164625043184,-6.76204575847751,11.2342275980346,8.32962002484509,5.42286887942257,10.5045212302856,4.40204811974634,-1.61613666729174,-5.4795585435783,10.8740138723535,10.2891729056051,9.68947119591142,6.31660326666816,7.5239963325194,-4.78572744131647,-8.33344628748281,7.59494814595035,-3.72768049571935,-7.46253950024602,-5.05010169350178,11.1032153164891,-0.886553818218227,-3.39961842862115,9.47355862433885,-11.7279016555838,-7.47214202183924,-12.4577791045194,8.06615654552212,-7.8949060380994,-8.35343912766345,10.9428758275888,10.8270450850516,10.8615381101519,8.18412951469861,-9.89979317029834,15.4225739355088,18.6832151178786,19.9295727923388,24.3417786382911,24.39592688011,23.3282377155676,22.8816148239952,24.3281238441423,23.5257823947993
87.8514513187042,112.424963620104,118.229699364801,9.05574548902557,-3.66751881588982,0.407788579155518,-7.74694189940297,-3.91624590249724,-7.46622759408429,-12.2600937485177,8.92827558191259,-9.02701955700116,-9.61020573141534,-7.49812044512224,-4.19761751789397,-9.48417313660285,-9.53881757645457,-10.1060744677582,3.49982477799719,5.76347387571787,8.23729282770605,13.6790416216354,23.2561396784411,22.0503582471852,19.2242117567569,22.6277471783889,17.6845895730439,-9.0013439313486,-10.0315298486733,-9.91766419504855,-9.8115432857361,-7.80501792007594,8.51647615280858,-1.71601391134665,11.0165207126155,-8.31260572437978,-8.45251239541091,-11.5581349282213,1.54733454464012,-8.69595318254503,-9.98586557950795,-2.48517871484705,-11.7293931525901,-9.42399878704127,-12.3317697878507,11.1699204307098,-3.23576788886331,-4.09380097356084,10.3566554124013,9.47147102583918,7.26094959131919,-3.70512008692057,11.1189550119638,-8.64500549105126,-10.0340457700064,2.78608011948778,0.190323792116505,2.74946918585243,-3.77044145880645,10.3219321108864,0.128247521832105,-0.915671728348702,11.0904655210204,10.6888881314213,6.2611273056872,1.43192728541745,9.84995093132554,-6.12153955021213,-4.86953724906498,10.7576036122662,8.19092002109234,10.9385611027962,7.37234874360147,8.17367478806654,10.7001778563297,3.39642549172752,11.0853246481407,8.84347606368258,10.8379129350952,9.42020810044062,4.45972472839911,3.4045401847869,-0.814210306132789,8.77703590946271,11.1665397164112,10.7196657989529,10.8290496022732,6.44934107492943,9.79779536144625,3.48457484270734,10.7790177417629,10.9075707115896,11.1993855687056,10.5669303422997,4.45544665902483,0.869525197710111,-0.769968941758837,7.43772021744888,10.314488324782,6.69677641080847,4.29410350478899,6.83164088429767,18.7699380115078,12.2930773005317,1.86724757526457,10.3272355426965,9.33487982023999,11.2685025281733,5.89492149001688,0.155111713943178,-3.21162607708535,10.2030333915554,5.40840572891778,-2.32634180840315,0.359878227784119,9.86354681217833,0.168229468845986,-6.71709643210346,11.1585873681252,8.27343029868991,5.38589651865927,10.4338023927124,4.37105077026807,-1.60448014279914,-5.4428700968323,10.8008094449341,10.2199319060127,9.62423210961574,6.27371871131045,7.47242045353363,-4.75351880740202,-8.27842836194662,7.54363743845205,-3.70478675569584,-7.41549286265888,-5.01868258583679,11.0283895879701,-0.879662215682313,-3.37639955658397,9.40973282532967,-11.6542424398079,-7.42513120163282,-12.3800764055103,8.01168276042376,-7.84270093079482,-8.29830811402784,10.8689584705371,10.7538968564021,10.788161283919,8.12822492030359,-9.8349627323523,15.3231242418618,18.5624563259838,19.8006656393172,24.184019517613,24.2378136315522,23.1771071971698,22.73340512448,24.1704540245078,23.37335995235
86.1720263725441,110.290200753605,115.987476098696,8.84669024488632,-3.60650260990217,0.395181880109156,-7.63497705962482,-3.87818576577234,-7.35957580170031,-12.0514907029423,8.76436177342658,-8.86550860021545,-9.43883500773972,-7.36750222790502,-4.12697996989807,-9.31686455997109,-9.37051556633239,-9.92656872674632,3.44108212511344,5.66458260925886,8.09451761234213,13.4396482917019,22.8464950614683,21.6621590898117,18.8862679506381,22.2292792086016,17.3740152872739,-8.84032532027247,-9.85339319203161,-9.74132785124195,-9.63810484016913,-7.66456138232924,8.36875599512314,-1.68250663269822,10.8140408704003,-8.17099279643242,-8.32657459533878,-11.3702126670544,1.51570738479567,-8.5433989475523,-9.80905088563864,-2.44524724472626,-11.529327936496,-9.2628003588653,-12.1281178015457,10.9646665529228,-3.17542609907781,-4.01835232780888,10.1667230252266,9.29768434132745,7.1270905879829,-3.64358622228568,10.9150568520457,-8.49002368123902,-9.85556449211876,2.73238301189929,0.182850157374727,2.69641783101742,-3.7078319733718,10.1315260201667,0.129194428348455,-0.896292578843211,10.8866550762893,10.4928629152898,6.14523599705151,1.40233331392485,9.66793117152789,-6.01048415675625,-4.78046976297642,10.5603418141585,8.04032537641293,10.7379062965141,7.23651989631231,8.02155051603433,10.5136897433332,3.33951171233263,10.8816045841605,8.68080344858259,10.6386159571353,9.24710722099717,4.3741708351376,3.34745156641951,-0.796610906832129,8.61412713063854,10.9616450103562,10.5223147088206,10.6297462747761,6.32806856491096,9.62727204501045,3.42610294684499,10.5806312949782,10.706907999786,10.9938976862066,10.3732436050691,4.36996925973156,0.857351520051365,-0.7531452256584,7.29874456592876,10.1242174083308,6.57107791353882,4.22128445727054,6.71381789430572,18.4400707408282,12.0783030224501,1.82832738601098,10.1367301573751,9.16200947186329,11.0616186613024,5.7835909298112,0.155585804867016,-3.15170133290041,10.0160289539727,5.3078839995795,-2.28903769157901,0.349491051298198,9.68126877894808,0.168472364884604,-6.59561885058062,10.9539744657051,8.12138128538269,5.28577062679281,10.2424901110754,4.28708213996439,-1.57292477434617,-5.343701740392,10.6027798775439,10.0326151247788,9.44772962871976,6.15761816113525,7.33283376463958,-4.6664494559925,-8.12976406831984,7.40477244574987,-3.64321151359828,-7.28870617010882,-4.93409215632102,10.8259756990597,-0.860980378598668,-3.31361291810349,9.23704778407619,-11.4557029450831,-7.29845140357929,-12.1706897452276,7.86426791221611,-7.70163191440756,-8.14933972596543,10.6689964084951,10.5560130467413,10.5896597967859,7.97693966971235,-9.65982194305139,15.0545159648864,18.2362757635379,19.4524698288351,23.7578709495087,23.8107082708004,22.7688679788038,22.3330574500452,23.7445467323977,22.9616301782925
70.8251184862022,90.6530234411173,95.3368721795502,7.25847529484015,-2.9674180542883,0.323098342732123,-6.28792372547258,-3.20044442924825,-6.06155176428643,-9.91420521148507,7.20589204609288,-7.29049711117301,-7.7621746016142,-6.05988026718276,-3.39538156531977,-7.66251756367023,-7.70663163029869,-8.16352330942919,2.83115642533937,4.6597679090138,6.65814882060926,11.0539591346139,18.7900305849469,17.8160514146161,15.5331991773134,18.2824421568141,14.2895416935114,-7.2697995111934,-8.10336032991892,-8.0111193199586,-7.92659087282073,-6.30261453877185,6.88368544372705,-1.3825863958031,8.89099177560467,-6.72181771553954,-6.85617830318325,-9.35682848734547,1.24509592285134,-7.02669395813283,-8.06707580950009,-2.01237670097228,-9.48446983182818,-7.61976442981411,-9.97942039755523,9.01484709702016,-2.61040943297797,-3.30367352120914,8.35894616280011,7.6444103633015,5.85957438941364,-2.99790208596349,8.97421407963846,-6.98160959826352,-8.10503898330871,2.24565367136127,0.14898548565348,2.21607466522249,-3.05076704685325,8.32959806819883,0.107413892170115,-0.735978403141555,8.95070280594012,8.6270908183493,5.05218173608504,1.15185231704308,7.94834115194874,-4.94213464379587,-3.93049041585629,8.68257901676923,6.61053155594693,8.82854124820236,5.94957106187546,6.59441043547351,8.64767015424544,2.74762290384388,8.94654898828041,7.13708089978124,8.74672981349594,7.6027368898767,3.59504367342032,2.75414162218277,-0.653992919467699,7.08171776229198,9.0124723411421,8.65102826997675,8.7393755464459,5.2017823922914,7.91866407221255,2.81883761764692,8.69899373057153,8.80284272296263,9.03899310452736,8.52877969879148,3.59158850271204,0.706261421791648,-0.618243441376176,6.0000063966151,8.32358858832831,5.4016195166677,3.47280043812582,5.52266605235255,15.1662525910517,9.93439922445974,1.50156808761589,8.3338760375323,7.53227395173705,9.09462446539857,4.75403991882291,0.129119520488132,-2.59089415882076,8.23508909263227,4.36363157997674,-1.88384299562022,0.28606397092271,7.95930375001049,0.139717977561713,-5.42340089838824,9.00621564438498,6.67719510066492,4.34544435675617,8.42125284033524,3.52342609950809,-1.29245666279264,-4.39371782670622,8.71747958103439,8.24872498568971,7.76780520470494,5.06236981376621,6.02804313080038,-3.83669860311713,-6.68526559047417,6.08794249814904,-2.99757722728349,-5.99584251146141,-4.05929846270852,8.90090890135387,-0.706958487693536,-2.72407220845833,7.59454525251449,-9.42398873779915,-6.00395509011062,-10.0127091544734,6.46574233122948,-6.33312136213916,-6.70138195792591,8.77166992607298,8.67876594617693,8.70643344574242,6.55773438234288,-7.94399190868753,12.3820100293256,14.9986535881062,15.998834836483,19.5395313005256,19.5829838649915,18.7261912157606,18.3677875545395,19.5285736774583,18.8847157651059
54.7528144979089,70.0864897744771,73.708725370966,5.59811910942145,-2.29738939492152,0.247997438127582,-4.87425271319126,-2.48766756509531,-4.69923187016772,-7.67379003955856,5.57321881345064,-5.64014165049901,-6.00526169767152,-4.68942055849128,-2.62842468082536,-5.92884021455694,-5.96296241077479,-6.31603396396171,2.19174698265563,3.60655164557749,5.15270476171342,8.55372411131291,14.5390102225482,13.7854605781168,12.0192566511884,14.1462985900282,11.0570568392505,-5.62414165393233,-6.26950315222651,-6.19805380455601,-6.13303388917157,-4.8755806866474,5.32720594618144,-1.06854137660329,6.8763926050941,-5.2027259291688,-5.313373504745,-7.24558210489207,0.96187238076994,-5.43719033971928,-6.24162128965992,-1.55841699513277,-7.34098129568125,-5.89751364429765,-7.72654111784441,6.97219924275741,-2.01855844393569,-2.5549816284424,6.46507579401661,5.91240979563609,4.53175577858302,-2.32092997146663,6.94093780097688,-5.40106179287718,-6.27068966727328,1.73596592935837,0.11384451359313,1.71307935359634,-2.36186215082131,6.44194125437964,0.0843344879881238,-0.568232881715303,6.92258379214477,6.67246247436783,3.9071647894659,0.889724809085029,6.1469653671817,-3.82280013115074,-3.04000495596268,6.71538691641798,5.11267986461101,6.82824728472306,4.60138830168578,5.09948106597805,6.6919946109934,2.12711484468782,6.91936967051545,5.51988273131694,6.76478588553883,5.88008469395899,2.77911441430235,2.13214682867039,-0.504792941523284,5.47648285821966,6.97047901592766,6.69068280591102,6.75903243056496,4.02209808639983,6.12794443262747,2.18221597250328,6.72779976579591,6.80814569686511,6.99099409520542,6.59646659974625,2.77644135496295,0.547675504964605,-0.477130046291108,4.63962233487672,6.43729289381222,4.17669753741994,2.68819391441959,4.27418476665719,11.7353557629543,7.68752970239412,1.15962530853704,6.44524909312653,5.82505591020635,7.03396991138792,3.67571591086169,0.101129596056108,-2.00345521923039,6.36932541991463,3.37452588774175,-1.45890050474587,0.219936640055522,6.15544051510689,0.109330217157944,-4.19521065153651,6.96569290648218,5.16426077168979,3.36045319213466,6.51327810570131,2.72370809860269,-0.998797766062509,-3.39843146253352,6.74238898649079,6.37987068768107,6.00787786676464,3.91505252241966,4.66131632695281,-2.96741550441365,-5.17171016852996,4.70844685590945,-2.3206611923865,-4.64063921033211,-3.14222049305213,6.88417391547843,-0.545801979128797,-2.10651834055944,5.87383165786669,-7.29425815482438,-4.64701834329966,-7.75049816704292,5.00065689451537,-4.89920486652643,-5.1841976259244,6.78403328819458,6.71216770734302,6.73357028536287,5.0711173515239,-6.14601551461506,9.58122221241791,11.6056862202555,12.3795105360153,15.11888462503,15.1525030558794,14.4896187966052,14.2123285477073,15.1104069174655,14.6122662680173
47.6188177071859,60.9609734305654,64.1128013736425,4.85285166980066,-2.00209078104319,0.213548317110519,-4.25509172564663,-2.17976957278604,-4.10285184199196,-6.68526329152623,4.85011092028807,-4.91015411622628,-5.22827619178799,-4.08406139488038,-2.2902211920171,-5.16255409185978,-5.19225305043162,-5.49915708900611,1.90983824803924,3.14169150200288,4.48790480502751,7.44908541615804,12.6602269091953,12.0041469976117,10.466392961165,12.3183116879348,9.62864521552999,-4.89623964207954,-5.45866425663728,-5.39635607433507,-5.34019839153729,-4.24418298050783,4.63984387769205,-0.928971425223621,5.98406340434427,-4.53241419062877,-4.6367815148398,-6.31606990866954,0.83571308812813,-4.73482674469159,-5.43461692066446,-1.35863960299903,-6.39510564942194,-5.13740948916188,-6.73394451398282,6.06745648510311,-1.75619358262106,-2.22330062555311,5.62632469455097,5.14533065317661,3.94354513718885,-2.0225610603688,6.04044647614216,-4.70187993484047,-5.45956314207426,1.50965776602866,0.0973888489656947,1.48972925625655,-2.05823666107289,5.60567585107328,0.074890711998493,-0.493328921406656,6.02427264460158,5.80680135253012,3.39983036548921,0.772889440194856,5.34884939254943,-3.32733495507236,-2.645667136921,5.84416684877922,4.44923663993703,5.9423485423694,4.00417551320605,4.43688764314616,5.82813210060054,1.8535615725315,6.02147379430843,4.80355588584411,5.88689897911481,5.11708697632522,2.41688050639933,1.85792902361727,-0.43808367403306,4.76510235682356,6.06609730823595,5.82230901590648,5.88181430531582,3.49894247240316,5.33700252462699,1.90153983862549,5.85463349147054,5.92458781604463,6.08395462608487,5.74071318293489,2.41455337320867,0.478328155777916,-0.41399390120501,4.03653558864838,5.60163000865753,3.63353231179002,2.3420935472902,3.72299762162277,10.219212604439,6.6949171423502,1.00710096703755,5.60855352571359,5.06857143480491,6.12129451652188,3.19739797959728,0.0895156448157985,-1.74303840185996,5.54304906633433,2.93618116243049,-1.27190839163388,0.189802826371669,5.35622070604809,0.0966564818854119,-3.65165128730307,6.0619949556252,4.49415123239944,2.92392681881919,5.66828840209065,2.36864434127773,-0.868234745386398,-2.95777515134152,5.86767647651623,5.55222491005047,5.22845007505102,3.4067043291349,4.05542644052023,-2.58243770859244,-4.50210382103147,4.09739026373061,-2.02230612484825,-4.0425354619397,-2.73775043602398,5.99096671057723,-0.473824826913906,-1.83280132235099,5.11174431936416,-6.35450988578648,-4.04821253061353,-6.75264624980653,4.35170067888867,-4.26477726959478,-4.51299819764198,5.90360069460922,5.84104553173302,5.8596758947762,4.41220678412144,-5.35092561633937,8.34369086368182,10.1063139363907,10.7800491594116,13.1650955294063,13.1943654855086,12.6172240331239,12.3758006042996,13.1577143947134,12.7240073222144
46.5577447383349,59.6030841311006,62.6847982515704,4.74351843634184,-1.95778486807164,0.20862806050325,-4.16148033374679,-2.13242496668832,-4.01263100006665,-6.53715274104311,4.74227020230279,-4.80111306203485,-5.11219018975544,-3.99348544288475,-2.239512177889,-5.04798898995688,-5.07702789606238,-5.37708073987917,1.86756065703623,3.0720703280081,4.38840132280736,7.28384881017339,12.3793047600825,11.7377899495622,10.2341740387456,12.0449801350074,9.41502399662185,-4.78750870422036,-5.3374883243057,-5.27655575225956,-5.22167911562916,-4.14990350623841,4.53696801563743,-0.908244468523254,5.85099807708697,-4.43199095125733,-4.53464869296664,-6.17642988247844,0.817030251909546,-4.62978224569093,-5.31399216644094,-1.32861122174541,-6.25340668515322,-5.0235609322093,-6.58496146083318,5.93253818369188,-1.71710877330044,-2.17385117923457,5.50123007948726,5.03092849345305,3.85584473690409,-1.97779621548971,5.90614377611406,-4.59745359116965,-5.33835706516867,1.47601143809875,0.0950981121490653,1.4565251782377,-2.01268267106737,5.48100065287873,0.0733399282164235,-0.482269692860209,5.89031410619195,5.67769358144785,3.32420725445648,0.755600693390298,5.22987537883212,-3.25339130233182,-2.58684712881014,5.71422903288967,4.35030272841656,5.81022489692368,3.91512944623212,4.33816177385963,5.69887840389865,1.81253298963418,5.88757735554221,4.69673979362124,5.75599129085514,5.0033042930678,2.36301621869223,1.8168024449128,-0.428250057192765,4.65908835012042,5.93121983381485,5.69282973048066,5.7510137139173,3.42104529451583,5.21864912369116,1.85944645786391,5.72443722658588,5.79283852373352,5.94868039316724,5.61307854955769,2.36074076117845,0.467823141313835,-0.404694701903019,3.94669948167241,5.47704472552772,3.55264622371916,2.29022151586644,3.64047359187254,9.992481032931,6.54642216095447,0.984551676941652,5.48381426543121,4.95581909619726,5.98518540446679,3.1261976677317,0.0876403540689097,-1.70424522076353,5.4198100557518,2.87085839618624,-1.24379889949984,0.185463839020538,5.23708246453837,0.0946227350071425,-3.57051353581875,5.92721351895785,4.394220620365,2.85887595861027,5.54226189175378,2.31585116597561,-0.84885507378616,-2.89202955704167,5.73721675548935,5.4287817783281,5.11220262397374,3.33092910513906,3.96517117995529,-2.52501918493846,-4.40210566777936,4.00627509273003,-1.97754535724289,-3.9529501591277,-2.67711800551992,5.85775801209055,-0.463200523942923,-1.79201772325869,4.9980879267818,-6.21371850334084,-3.95851050183962,-6.60308491173641,4.2549318858064,-4.17004256064081,-4.4127598687872,5.77231781226636,5.71115252441911,5.72936899363893,4.31402991400453,-5.23212450283304,8.15859472624259,9.88208861928768,10.5408670267906,12.8729651611122,12.9015853172992,12.3372565481584,12.1011927685194,12.865747889261,12.4416692242615
36.0693739415278,46.1749061789182,48.5621397026149,3.67739531275963,-1.51610927607951,0.161963577364626,-3.22150600203965,-1.64950162734778,-3.10619258032709,-5.06271547174515,3.67346800905065,-3.71876904727323,-3.95967760420111,-3.09296236961515,-1.73433443952774,-3.90982295236534,-3.93231651849012,-4.16480034017568,1.44626781167117,2.37921188371094,3.39876687828843,5.64142151154882,9.58809665504528,9.09121192135651,7.9265881799733,9.32914578508086,7.29211717990655,-3.70822930164707,-4.13413103895763,-4.08695154352199,-4.04437602836101,-3.21442294673792,3.51383764157073,-0.703693341833717,4.53233625216747,-3.4323844314905,-3.51064209330915,-4.78275071419367,0.633100185679544,-3.58584973958726,-4.11589635799283,-1.0287962477334,-4.84300221201124,-3.89057258406524,-5.09931515995836,4.59549642065351,-1.33018477826863,-1.68394341563755,4.26136450564977,3.89706346023751,2.98685843008047,-1.53161618680177,4.57501984210916,-3.56104339107345,-4.13482495111757,1.14351706956926,0.0739260078624557,1.12842435211756,-1.55863154226937,4.24577587612167,0.0565750836005465,-0.373762422888626,4.56278959286013,4.39805758879027,2.5750653156147,0.585521240704017,4.05126783695141,-2.5200681408198,-2.00381656733461,4.42635716396974,3.36985491733356,4.50072337113658,3.03277663817194,3.36058677679759,4.41378937337748,1.40364689207252,4.56066991814486,3.63822088773836,4.45874773208883,3.87568275016212,1.830704258659,1.40695593618433,-0.331923302143853,3.60916372205208,4.59445341507138,4.40983733042034,4.45490424524222,2.65022234265857,4.04183414073103,1.43998299894568,4.43431757536315,4.4872977154563,4.607978138051,4.3479978025014,1.82894177827141,0.362117255600684,-0.313679306735364,3.05737611215724,4.24271161717635,2.75215574019301,1.77363587847222,2.81946348454964,7.73938528249535,5.07025052872373,0.762979344054005,4.24795552106723,3.83899888281559,4.63626523642623,2.42184311767175,0.0676511163685438,-1.32022219032694,4.19828656803081,2.2239094793704,-0.963118513107944,0.143911747711811,4.05685127732017,0.0730591651587433,-2.76568294683456,4.59134012348268,3.40387062391004,2.2146287897753,4.29314625804856,1.79417206775766,-0.65769556898289,-2.24018859694377,4.44416225506645,4.20523646244516,3.96001430252581,2.58027070502772,3.0716828855302,-1.95593237143674,-3.40975102280394,3.10337282243051,-1.53142515621771,-3.06142133634344,-2.07325498685497,4.53755185838328,-0.358988429317216,-1.3882014838381,3.87162653570506,-4.81224864621682,-3.06570885412708,-5.11368986851216,3.29598594158616,-3.23001758333463,-3.41799975411569,4.4714024055558,4.42402454874145,4.43813470686749,3.34189324645413,-4.05255666897913,6.31895337196921,7.65388117861386,8.16413692739654,9.97046096411972,9.99262868350918,9.55552826595322,9.37268526773956,9.96487083208006,9.63640101942689
18.7690817890338,24.0239941751344,25.2653390951174,1.92254708392035,-0.786635147442281,0.0854899247561889,-1.66733500063527,-0.849153165289102,-1.60734360330875,-2.62803481331405,1.90979248664864,-1.93233102116808,-2.05736407795617,-1.60625646119993,-0.900062213661387,-2.0310002037787,-2.04269211148715,-2.16376113217285,0.750499801964855,1.23517928497443,1.76485649923883,2.92997764595274,4.98043802164346,4.72228328703729,4.11720940218351,4.84590090793288,3.78757562691204,-1.92684607690326,-2.14781603549488,-2.12336118548774,-2.10098474992174,-1.67047235953028,1.82463590833594,-0.366373760350561,2.35639108400383,-1.78179880628664,-1.81791245904161,-2.48052741007262,0.329902438840814,-1.86249449194248,-2.1382128737885,-0.533500109091576,-2.51410792929332,-2.01980596209745,-2.6454919911295,2.38921785737902,-0.691815618357548,-0.875570627074951,2.21539418830036,2.02601655816379,1.55296004124626,-0.794717736945147,2.37846054931562,-1.85045255311373,-2.14825266647973,0.595100736992936,0.0393772056090587,0.5872606274223,-0.808732053272555,2.20758494567722,0.0285598610055535,-0.19498633450592,2.37221715530776,2.28646122515904,1.33896452042442,0.305187543301742,2.10653194666076,-1.30986003233149,-1.04171437418406,2.30116805621923,1.75199696179988,2.33985071101418,1.57681411237334,1.74767266363176,2.292184820069,0.728358828061353,2.37111615024055,1.89154661868364,2.31815444649767,2.01496470605278,0.95269991538915,0.730085780190383,-0.173255264801457,1.87683278657926,2.38859677317495,2.29278422484143,2.31620061674183,1.37855944111427,2.09895825339769,0.747234669267185,2.30549809844698,2.33302366420114,2.39562589239547,2.2604084251272,0.951784127979757,0.187287111021386,-0.163779499274667,1.59012654302148,2.20599220074819,1.43152587228695,0.920569963938883,1.46389364827201,4.01994954142971,2.63323564404226,0.397835367681211,2.20871868950605,1.99625233133043,2.41036642126182,1.25988679748391,0.0343131102580445,-0.686642722512862,2.18257112241478,1.15646888199971,-0.499426599146901,0.0757128850695175,2.10943714164365,0.0371223066745796,-1.43742513023914,2.38694233912792,1.7696665987993,1.15164820642017,2.23190845278069,0.933717786126739,-0.342483851097088,-1.16449620101782,2.31041852358601,2.18618500903499,2.0587225800531,1.34166529217419,1.59755789647402,-1.01685289663239,-1.7719005025672,1.61348995760023,-0.794630327308881,-1.58934680227518,-1.07605090961681,2.35902737065986,-0.187296133061406,-0.721943678510198,2.01279983372526,-2.49808254063443,-1.59150473336954,-2.65418069487909,1.71362013541009,-1.6785598396386,-1.77617354082315,2.32476165241609,2.30013819329637,2.30747127719424,1.73795247149512,-2.10556133810651,3.28198037442551,3.97552706216213,4.24062689203682,5.17909435235699,5.19061152297097,4.96351728835673,4.8685218274441,5.17619001704385,5.00553447065563
18.4671203644082,23.6379978944055,24.859495136292,1.89035465938931,-0.774301363817007,0.0839443324410474,-1.64177739224081,-0.836782941167925,-1.58274929947738,-2.58665466591538,1.8793113717741,-1.90163271338614,-2.0247000890106,-1.58086450774311,-0.88592168784135,-1.99881963371313,-2.01032524731509,-2.12943331765345,0.738718227878285,1.21571086160933,1.73698730189941,2.8836263789564,4.90155321285371,4.64749485103909,4.05202188850302,4.76915093293427,3.72761822564463,-1.8962360791637,-2.11374278090753,-2.08966793666518,-2.06768269146741,-1.64390488798164,1.79581887067102,-0.360451389179091,2.31877033659453,-1.75373443208673,-1.78991510999072,-2.44177698658883,0.324529959923418,-1.83301402878131,-2.10431022615634,-0.525176416926339,-2.47450396283984,-1.98797095546735,-2.60405426494764,2.35107450960459,-0.680736153554357,-0.861580858223305,2.18004097821682,1.9936833463472,1.52815615693758,-0.782251986431667,2.34050462952437,-1.82104399875485,-2.1141617635181,0.585518287854474,0.0386159136849278,0.577802407054816,-0.796046941272102,2.17231482884215,0.0282240850308972,-0.191779713573956,2.33434469758384,2.24997348113889,1.31756331698878,0.300206593016771,2.07286490860217,-1.28899538241126,-1.02509462475631,2.2644463983347,1.72402739377308,2.30250876759486,1.55163207642498,1.71970254927722,2.25595128258928,0.716928221768987,2.33326112589223,1.86134564065531,2.28114099616001,1.98279891786374,0.937362317638842,0.718626679273002,-0.170392582929296,1.84681136531151,2.350474437284,2.2561675700563,2.27921210647421,1.35645283500433,2.06578778978776,0.735504889084759,2.26868037030291,2.29576917288683,2.35739168154996,2.2243403405695,0.93646107548715,0.184434938146824,-0.16106677803897,1.56465833597597,2.17074745882445,1.40857777299351,0.906091533764614,1.44079837853211,3.9563052311208,2.59159193664569,0.39132086355557,2.17343039702287,1.96433463733774,2.37189210152445,1.2396659532379,0.0338862204916741,-0.67564489955011,2.14774594969477,1.13797108611719,-0.491636663158733,0.0743785665990897,2.07572339314927,0.0366509164347764,-1.41454237784505,2.34885145861012,1.74141708794832,1.1332267532466,2.1962928908925,0.918681670347584,-0.33693942541251,-1.14593160430175,2.27355009508496,2.15130205580269,2.02587037370974,1.32022175005711,1.5719720063122,-1.00062530995935,-1.74373116837365,1.58772625652784,-0.782164296365161,-1.56429672252965,-1.05913132554527,2.32137514023076,-0.184213571077237,-0.710388161295652,1.98067649276861,-2.45873955044129,-1.56643021867227,-2.61243322558623,1.68625930996851,-1.65186610145994,-1.74793817171986,2.28763877728011,2.26340723229597,2.27062364558923,1.71013772781444,-2.07214069171478,3.23004449282497,3.91258751918411,4.17348102138214,5.09705724529372,5.10839166134209,4.88490096757924,4.79141288731832,5.09419899590876,4.92625142208272
10.343988307321,13.2389242923362,13.9227744255079,1.06239518812305,-0.432803928733427,0.0474987057678848,-0.916044453029105,-0.465074555668916,-0.882986254407463,-1.44633008642456,1.05197163574528,-1.06406562540926,-1.13287023648407,-0.884223717605952,-0.495274892964556,-1.1182069911851,-1.1246465429776,-1.19139961111807,0.412954565482887,0.679820687644158,0.971463331802921,1.61299110873772,2.74201280193352,2.59986715623292,2.26670097451434,2.66793369460946,2.08519849265032,-1.06104261950884,-1.18261640944475,-1.16916916283731,-1.15676676901259,-0.919935323478127,1.00437752951181,-0.201978771501617,1.29799830407752,-0.980626859620566,-0.999069279309838,-1.36445773618225,0.181961302498989,-1.02536482253869,-1.17728761097249,-0.293437617023933,-1.38367065921722,-1.11166521131349,-1.45544785430664,1.31607729922966,-0.381158433370023,-0.482325558689444,1.22029415341246,1.1159848993891,0.855457916824183,-0.437263208597511,1.31011633449347,-1.01900293468993,-1.18288099574027,0.327989439557701,0.0219891056888439,0.323672902565942,-0.4449730010559,1.21608633813607,0.015460890526618,-0.107617689422684,1.30671380306263,1.25944067471784,0.737611449829862,0.168354191417045,1.16044529865377,-0.721417882409449,-0.573793577099977,1.26753981332354,0.965068672466416,1.28885393456655,0.868591675915042,0.962843722663995,1.26181451350684,0.400764078949839,1.30610764956235,1.04194621549168,1.27694309062025,1.10991741512686,0.525073841245276,0.401717437416263,-0.0956540874095342,1.03396618211778,1.31571014125584,1.26298672218896,1.27588094826051,0.759587352400721,1.15542655864531,0.411156750044037,1.26998575354774,1.28514192825209,1.31958129004866,1.24508131829456,0.524569557958423,0.102854468024779,-0.0904374250034821,0.876090920582108,1.21520910923087,0.788754150731726,0.506594860447919,0.805750478292747,2.21314780619567,1.44960097631977,0.219511447719724,1.21671102093127,1.09972420300929,1.32771175522937,0.694237575419358,0.0186283537538177,-0.378311118276752,1.20220480281798,0.637108241093852,-0.274691587512933,0.0419883407555435,1.16204634141328,0.0201749884041076,-0.79164429255123,1.31478743448493,0.97479697729277,0.634454212193663,1.22938795808621,0.514621245212087,-0.188827028407441,-0.641392177261476,1.27263329005455,1.20419567091272,1.13399359593864,0.739097388996102,0.880182251570223,-0.560109571444947,-0.975766769687201,0.88878551807969,-0.437218836903212,-0.874747614466892,-0.59214814613644,1.29942654679747,-0.10337871608119,-0.397743056218166,1.10870714422339,-1.37483165767246,-0.875913716597788,-1.46061939910639,0.943938037670552,-0.924383812229469,-0.978115609386347,1.28059152086224,1.26703061629873,1.2710690723245,0.957489019123902,-1.15939036970094,1.80680942004376,2.18868809664952,2.33465730200402,2.85139741480258,2.85773902385604,2.73269589497167,2.68038931003695,2.84979822370024,2.75583148276063
6.60266589206894,8.44979720778172,8.88612682295505,0.679961950246507,-0.275797458115772,0.0305650464064803,-0.582887893627222,-0.294994401379293,-0.56178920833343,-0.921904410179465,0.671130362249247,-0.67863991406323,-0.722492188028493,-0.563757742256855,-0.315647091564719,-0.713046758702199,-0.717154570822836,-0.759782735956178,0.263169482140481,0.433352423529983,0.619335977185207,1.02844933249236,1.74845688082478,1.6578062350602,1.44533639902304,1.70121433957445,1.32958738812123,-0.676710203542845,-0.754179181779301,-0.745615102312285,-0.737653412447299,-0.586758790499054,0.640325310772652,-0.12896562972589,0.828105989685564,-0.625073556814795,-0.635908327022383,-0.869273420487651,0.116241356449255,-0.653800411638853,-0.750754455723226,-0.186929080318005,-0.881990305442771,-0.70863200412744,-0.927401457768319,0.839637995802456,-0.243223892840509,-0.307733311363903,0.778507892180969,0.71196498218911,0.545785717941901,-0.278646868255179,0.835812263641423,-0.649915785877932,-0.754363437776173,0.20937064811343,0.0142204762896129,0.206618116162549,-0.28355927415089,0.775883588256729,0.00968984424465069,-0.0687941817547465,0.833664977245756,0.803482755319365,0.470621228789878,0.107564616058872,0.740400198672761,-0.460186117852727,-0.366056052055083,0.808648618131549,0.615698568398182,0.822250665896174,0.554160996186085,0.614379872766301,0.804497139139639,0.255395759770992,0.833278468472832,0.664750430761256,0.814677611387689,0.708107062815881,0.335174560156502,0.25600532616928,-0.061165909916164,0.659739464889766,0.839387683593319,0.805785573774275,0.814009033893528,0.484747692939307,0.736654652010768,0.262022984445953,0.810248103666719,0.819913656224949,0.841856923321191,0.794316289458265,0.334852943485756,0.0654201259334092,-0.0578396629397633,0.559052079359189,0.775324005572735,0.503349746763361,0.322884169495239,0.513658289272117,1.41118405176166,0.924252034856305,0.140281165552468,0.77628223645946,0.701677306923735,0.847050964580911,0.443068262320967,0.0117095748846821,-0.241408711244614,0.766961321638889,0.406516254331125,-0.174984175377716,0.0269694737745444,0.741422118160608,0.0126958019091669,-0.504962843405587,0.838791707517836,0.621901975093445,0.404823917356192,0.78430773328279,0.328508219991111,-0.120580005523172,-0.409160772507322,0.811896863458318,0.768231590608675,0.723449709832762,0.471568109670811,0.561660903510119,-0.357332724373601,-0.622353231534484,0.567038792030959,-0.278620984744657,-0.55760830026368,-0.377406806138847,0.829001828992183,-0.0660879166979317,-0.253797496643229,0.707323517545738,-0.876343722319703,-0.558337763652454,-0.930948302350528,0.602223225800142,-0.589592739045889,-0.62384859715178,0.817010974921064,0.80836104282796,0.810936939477058,0.610963374456053,-0.739393117990806,1.15205188038434,1.39558552299322,1.48867420944888,1.81821486732518,1.82225910813026,1.74251521521468,1.70915769531652,1.81719501368441,1.75726949541938
5.91776911605849,7.57327536890198,7.96433913806554,0.609482908277626,-0.247175398835921,0.0274016611068888,-0.522370751115594,-0.264339559468922,-0.503460719702736,-0.826236353433036,0.601503878790976,-0.608227905345292,-0.647529463761584,-0.505260074888737,-0.282890654724464,-0.639061383608496,-0.642743014902576,-0.680949866006319,0.235858823652677,0.388383999424401,0.555070365915911,0.921735270188621,1.5670371690487,1.48579212522134,1.29536744841409,1.52469635228746,1.19162818002753,-0.606498362531913,-0.675927653841065,-0.668252484488659,-0.661115387022115,-0.525881052267585,0.573881887736195,-0.115588927422304,0.742194282143595,-0.560208476737078,-0.569892074835143,-0.779054003540733,0.10418686493565,-0.585961153994343,-0.672857516293544,-0.167527354483876,-0.790464943734589,-0.635096904431232,-0.831153794672752,0.75252983161907,-0.217991856161898,-0.275807771587154,0.697741158009345,0.638101940322377,0.489164001059373,-0.249728663133288,0.749100404298075,-0.5824844843945,-0.676093232880381,0.187653420588637,0.0127513121116503,0.185186490376176,-0.254131245890815,0.69539069216687,0.00867977366578065,-0.061660819975343,0.747176509864784,0.720124976433184,0.421798062788069,0.0964104235569049,0.663588946106725,-0.412441922434769,-0.328078882031412,0.724754867205434,0.55182320802951,0.736945862463828,0.49667027069929,0.550643928430022,0.721019703651278,0.228891691099446,0.746830105483595,0.595786304759317,0.730159187849842,0.634644641765626,0.300407234841112,0.22943805580363,-0.0548240680351694,0.591297245498005,0.752305065485001,0.7221899841195,0.729560214678608,0.434461668703556,0.660216445892791,0.234831283341319,0.72618946566154,0.734852127763314,0.754518118050238,0.711909348884877,0.300118987395777,0.058627578186604,-0.0518429575159762,0.50105666696038,0.694889165842523,0.451133670047124,0.289377644817331,0.460357505133827,1.26475863661494,0.828349174500961,0.125734536108926,0.695747985059349,0.628883821705637,0.759173480819977,0.3971066271949,0.0104899366289088,-0.216365029732284,0.687392338882561,0.364344112355019,-0.156822107313925,0.0241773637536957,0.664504858229686,0.0113738329988289,-0.452572517739755,0.751770725115584,0.557382950116086,0.362827373410569,0.702939238013179,0.294432558946959,-0.108073413674192,-0.366711062437608,0.727666084404245,0.688530825985193,0.648395048263852,0.422646676646533,0.503394799948555,-0.32026075305021,-0.557782023864251,0.508211893163605,-0.249705535498361,-0.499744872453647,-0.338241138260639,0.742996778454072,-0.059235264128725,-0.227468296087451,0.633942053576958,-0.785403950450017,-0.500398235562447,-0.834339874555791,0.539746035021956,-0.52842087513032,-0.559122162725919,0.732250598879968,0.724498109127606,0.726806751231262,0.547581870318277,-0.66267647676081,1.03251320105232,1.25077856309427,1.33420867460592,1.62955730634667,1.63318193056712,1.56171199075083,1.5318155332869,1.62864326923295,1.57493541728732
4.91908003624866,6.29548353093774,6.62061958353974,0.505923709924641,-0.205640645945108,0.0226827346536846,-0.434919959331622,-0.220447849383957,-0.419200173480395,-0.687301140786553,0.500128694162315,-0.505799314946226,-0.538493774719436,-0.420241882325067,-0.2353386183899,-0.531487649445949,-0.534548969809961,-0.566300713588305,0.19621735086301,0.323063767097025,0.461687077706488,0.766619161551857,1.30327188628816,1.23570623842982,1.07734357590837,1.26806008742307,0.991070834533807,-0.504361687697611,-0.562124960305446,-0.555737606610006,-0.549822271668138,-0.43730386348995,0.477331672081328,-0.0960666889912735,0.617101456129772,-0.466002328288185,-0.474411970956782,-0.648223969123385,0.0865674608087256,-0.487342618508428,-0.559581876210729,-0.139400146848946,-0.657535025102704,-0.528285030517832,-0.691512832121938,0.625695844464681,-0.181231705549999,-0.229316092602031,0.58014968578121,0.530560317878276,0.406712016171233,-0.207762712024358,0.622853079350071,-0.48438509605551,-0.562256703097706,0.155979601657389,0.010527704424714,0.153927933757359,-0.21142570442976,0.578172437563131,0.00728342289107153,-0.0512164527725033,0.621244494045433,0.598760911031159,0.350692489141267,0.0800999925249279,0.551724994741604,-0.342953969535655,-0.27278974828871,0.602610955943285,0.458817091151136,0.612745750218568,0.412954644983274,0.45779822693904,0.599696988918582,0.190423087186099,0.620956393748107,0.495368569971374,0.607093019400123,0.527680704895633,0.249704428440656,0.19087685280163,-0.0455303258597249,0.491605648108621,0.625515083757047,0.60046240985158,0.606591543888714,0.361181411682134,0.549129620276641,0.195362810257552,0.60378886686216,0.610993013562971,0.62735533381102,0.591932025721216,0.24946472146574,0.0488226739874372,-0.0430509289162683,0.416561187874401,0.577755410451446,0.375045753368718,0.240726097438711,0.382920261459939,1.05188837407409,0.688956058021282,0.104452064948374,0.578469469870869,0.52286294462995,0.631223434485188,0.330117422376972,0.00878890397395471,-0.179878546128684,0.571547304977262,0.30291636844214,-0.130493506874487,0.020031906651811,0.552486355126488,0.00952401887181675,-0.376331075948104,0.625073587375237,0.463440973604108,0.301654921088387,0.584472386957982,0.244735875493885,-0.0898159459877358,-0.30491926111523,0.605032014504469,0.572493861683328,0.539120348561385,0.351398508121187,0.418505774704044,-0.266286675469456,-0.463837819258301,0.422553154742236,-0.207742549782603,-0.41569707402614,-0.281377951470188,0.617774548685779,-0.0492004218997182,-0.189113698199132,0.527100921057533,-0.653329884193237,-0.416245891109731,-0.694066745467736,0.448773250241801,-0.439417198454063,-0.464953299332035,0.608829794391247,0.602383265043395,0.604303025251697,0.455252359834734,-0.551094972499954,0.858745699079398,1.04026208553456,1.10964503515213,1.35526535659027,1.35827969462374,1.29884331457638,1.27398058681129,1.35450521792478,1.30984028352748
3.94975216207318,5.05587411845019,5.31717040651888,0.403877947207689,-0.165717531430325,0.0178959734252485,-0.351577163783363,-0.179412996040792,-0.338951585936145,-0.553542681151031,0.402030337611843,-0.406854712761693,-0.433192014105399,-0.338269172936841,-0.189597091023245,-0.427676829779263,-0.430138270339635,-0.455608690290601,0.158096654431584,0.260153724360072,0.371685638319963,0.617018637021159,1.04876836702602,0.99441090839024,0.867005437521492,1.02044003212305,0.797596974922699,-0.405700500711966,-0.452252121691107,-0.447098418852463,-0.442406802858094,-0.351703891433751,0.384273288641802,-0.0770841982402449,0.496037674002457,-0.375295490348318,-0.383255028260542,-0.522643780475368,0.0693875972437558,-0.392210557311357,-0.450240155914526,-0.112414273014562,-0.529536499661657,-0.42541403512448,-0.557340323242976,0.502948791796154,-0.145613603356265,-0.184308386506613,0.466365751198541,0.426498333205569,0.326903403374379,-0.167418324674437,0.500692909748661,-0.389609004988578,-0.452338123954956,0.12522719533272,0.00821474625162932,0.123576269971554,-0.170370877582864,0.46469901359513,0.006078404505934,-0.0409944900149684,0.499369716026433,0.481325972710169,0.281848022567414,0.064183228580976,0.443420919692188,-0.275762099337941,-0.219295396834568,0.484422365949889,0.368808876092947,0.492563885822925,0.331926358960364,0.367860422448856,0.482722501703111,0.153434415976085,0.499137866033219,0.398183245248372,0.487986783842142,0.424166824570675,0.200479735137898,0.153797441390953,-0.0364182713061797,0.395055565498557,0.502824143267294,0.482641609045148,0.487572046599587,0.290142959968781,0.442034743311352,0.157409133715622,0.485319038160132,0.491114906448321,0.504304020211277,0.475843697791817,0.200286913173991,0.0395015157585942,-0.0344228181812132,0.334688380248883,0.464363698707533,0.301295097899771,0.193907885967983,0.308313484718371,0.846526192673563,0.554535568437895,0.0836568997367979,0.464937634554189,0.420199979300383,0.507404397847882,0.265156571577583,0.00728991616249441,-0.144524146228435,0.459458442773585,0.2434256266563,-0.105235855712593,0.015867616522688,0.444032306053899,0.0078814667180841,-0.302625772679005,0.502478644331892,0.372529667536992,0.242410492992333,0.469842854034679,0.196482982959574,-0.0720532726545985,-0.245150432798569,0.486370167803663,0.4602191485426,0.433384959535186,0.282416988358884,0.336253266725823,-0.214059232262754,-0.373064958524726,0.339649056404659,-0.167398993787911,-0.334750529325863,-0.226662056015441,0.496598457736151,-0.0393763543423042,-0.151958530455131,0.423715479772792,-0.526165879606988,-0.335210351854236,-0.559074407269275,0.360728064789143,-0.353407946789975,-0.373965675574759,0.489375527975966,0.484191428525448,0.485735323872992,0.365814346673882,-0.443345005397845,0.691137387765956,0.83717245836375,0.892992424877741,1.09059772791239,1.09302280038847,1.04520550668294,1.02520311743397,1.08998618672391,1.05405270740172
3.16778919261513,4.05581165283359,4.26559300649209,0.321710488363347,-0.133472337903156,0.0140550709123772,-0.284189771276469,-0.146152778331966,-0.274060537273998,-0.445529047668429,0.322864539715435,-0.326988189239873,-0.348191594484219,-0.272086776065322,-0.152655952843309,-0.343872041017151,-0.345849335546236,-0.366254134128685,0.127309279275397,0.209355225679466,0.299017726553967,0.496239989939711,0.843308791981336,0.799613345377219,0.697197407088746,0.820536976144684,0.641402310616122,-0.326062602892748,-0.363558646244091,-0.359401755719885,-0.355693575704926,-0.282612467502387,0.309137639025782,-0.0617740750452374,0.398339847309456,-0.30204812191269,-0.309565993947413,-0.421196512597892,0.055536881243729,-0.315408310535384,-0.361973202193469,-0.0906125746502356,-0.426176320489667,-0.342346661793658,-0.448965607467046,0.403892385216781,-0.116873912160813,-0.147988482762437,0.374540834688101,0.34251946542652,0.262499812449962,-0.13483288093085,0.402108267641892,-0.31310856843622,-0.363609026346289,0.100420540598333,0.0063648979226329,0.099093128192813,-0.137211577094284,0.373129577237717,0.00509157238242863,-0.0327565666446062,0.401017299892111,0.386554677925999,0.226294166443086,0.0513522028428403,0.356024365244405,-0.221532544590598,-0.176124067875955,0.389042767138548,0.29617275568598,0.395576030645288,0.266538167132441,0.295289286912086,0.388280812891691,0.123560886580566,0.400830861232616,0.319755621965082,0.391869097930122,0.340631375153145,0.160771124628342,0.123850796428689,-0.0290764038408118,0.317147044388024,0.403811710646443,0.387562251346593,0.391525099966058,0.232827108740469,0.355568513371682,0.126756583633957,0.389715682322509,0.394374723859592,0.405000724393573,0.382158678587901,0.160616147812864,0.0319628379695003,-0.0274716519083578,0.268627281018192,0.372860210525018,0.241789997362445,0.156099420283321,0.248072774732511,0.680734903844106,0.44601079606738,0.0668951158945179,0.373321068921687,0.337357140534123,0.407482110945751,0.21274638539124,0.00606576226132988,-0.115997376250006,0.369000975387428,0.195421454663564,-0.0848300760006378,0.0125228848405196,0.35651476105032,0.00654141458488317,-0.243137658142284,0.403543085000005,0.299164492039224,0.194605171191037,0.37733538255511,0.157558802111481,-0.0577279573912529,-0.196913756923815,0.390608540774983,0.369611709082603,0.348055272023257,0.226752435803475,0.269885635477692,-0.171910869758426,-0.299796916775945,0.272746616087918,-0.13481442516181,-0.269386792794379,-0.182474241149782,0.398808747461494,-0.0314593762594735,-0.121977833275414,0.340282719686446,-0.423478531788381,-0.269773576296575,-0.450058931327011,0.289676586907269,-0.28398589066272,-0.300524056574625,0.392977419929066,0.388812247647654,0.390052771189215,0.293646521515977,-0.35636733997515,0.555822249503197,0.673215652573509,0.718087177511365,0.876933410268743,0.878882811606465,0.840444758585295,0.824365767385199,0.876441821004514,0.847556607938178
3.12755511006269,4.004320126843,4.2114422336995,0.317571407243848,-0.131790638927226,0.0138693992370231,-0.28063351088036,-0.144350748144737,-0.270632850530256,-0.439908201812303,0.318774120430748,-0.322851486489343,-0.343787517888343,-0.268649921411347,-0.15073136385675,-0.339525322730965,-0.341477579672378,-0.361622661676004,0.125704646176636,0.206713187254752,0.295241965971357,0.489970358425715,0.832650167656289,0.789507304335864,0.688386529234869,0.810166330294525,0.633297010914393,-0.321937658880558,-0.358961326434945,-0.354856667358675,-0.351196898438948,-0.279035930298369,0.305233930344877,-0.0609882902217355,0.393292713667696,-0.298237070799654,-0.305686706019841,-0.415895503554848,0.0548288054930858,-0.311422654587552,-0.357396697425552,-0.0894725795132983,-0.420798889687911,-0.338026237430597,-0.443310502098604,0.398774960819185,-0.115391614599944,-0.146112933738466,0.369795942166141,0.3381801538393,0.259173414863653,-0.133133785605382,0.397014110631162,-0.309146992503908,-0.359010619369335,0.0991447764910522,0.00627871381363387,0.097834143483478,-0.135482526580169,0.368400811102953,0.00503211979229401,-0.0323375844359763,0.395936281900853,0.381657566804428,0.223425930605171,0.0506970206726422,0.351511897678548,-0.21872762708765,-0.173892976883058,0.384114167934392,0.292420210246494,0.390564537557428,0.263160714557634,0.291544997022461,0.383376346052495,0.122003641333353,0.395752199427346,0.315704125349055,0.386903819854129,0.336315607728452,0.158728736939266,0.122289839083439,-0.0287039246139834,0.313126260470015,0.398695776627248,0.382651195599442,0.386563916868728,0.229873001515466,0.351077607232189,0.125158939350118,0.3847774216414,0.38937754286583,0.399869739581424,0.377317423762696,0.1585757205676,0.0315636601406019,-0.0271194499785009,0.26522024803842,0.368134855131721,0.238722499651608,0.154130775601695,0.244941204227048,0.672132210369686,0.44037632850956,0.0660406855190203,0.368589873318115,0.333080719091523,0.402319484357681,0.210046335389908,0.00599399730922734,-0.114526145054722,0.364326444522794,0.192943962320132,-0.0837629178522988,0.0123589737201735,0.351996066078363,0.00646363759018975,-0.240059772686255,0.398430767221397,0.295374130602197,0.192137995453664,0.372555136586334,0.15555704974313,-0.0569932930151861,-0.194419898974118,0.385660141003727,0.364929436384081,0.343645952260349,0.223878426245743,0.266462699050951,-0.169732961794306,-0.296003379447618,0.26929066244011,-0.133115493321125,-0.265987129238426,-0.180173093021588,0.393756120171331,-0.0310568839248952,-0.120431074948433,0.33597170087609,-0.418135498332106,-0.266369432546685,-0.444382793303326,0.286006184764663,-0.280392071496937,-0.296721397936809,0.387997931289636,0.383885483026449,0.385110305535544,0.289923054082136,-0.351860212310282,0.548799165177487,0.664708044179364,0.709012123322242,0.865849559131982,0.867774307810538,0.829822353171118,0.813946700921157,0.86536418663541,0.836844264195574
3.10073560122428,3.96999655466739,4.17534604267476,0.314812350354142,-0.130669640567447,0.0137456329467965,-0.278262954598858,-0.143149538586385,-0.268347999749844,-0.436161420090083,0.316047500878395,-0.320094014989026,-0.340851818508739,-0.266358959422876,-0.149448458219022,-0.336627857644181,-0.338563424859837,-0.358535383217058,0.124635018914263,0.204952039282987,0.292725093760214,0.485791104739886,0.825545269242901,0.782770750652138,0.68251331425182,0.803253394534753,0.627894125022683,-0.31918802560015,-0.355896813677788,-0.351826971395906,-0.348199472673833,-0.276651857764118,0.30263176961874,-0.0604644964210058,0.389928360941685,-0.295696674386326,-0.303100823845824,-0.412361920834348,0.0543568115355283,-0.308765868893969,-0.35434605970038,-0.0887126737888167,-0.417214365230873,-0.335146299526215,-0.439540883437274,0.395363753202302,-0.114403534593817,-0.144862717493079,0.366633059384754,0.335287625960372,0.256956082099826,-0.132001191068417,0.393618412747522,-0.306506258231112,-0.355945381920455,0.0982943689614082,0.00622126462313732,0.0969949208792242,-0.134329964309488,0.365248677958603,0.00499248947974767,-0.0320582964210739,0.392549342314322,0.378393217111939,0.221514002420767,0.0502602848782699,0.348503946307772,-0.216857906070318,-0.172405761049931,0.380828828701305,0.289918812943607,0.387223942354633,0.260909349211767,0.28904910276024,0.380107093135641,0.120965602187891,0.392366830443321,0.313003451134334,0.383594030968781,0.333438774077772,0.157367308239923,0.121249325502379,-0.0284556348734868,0.310446058934766,0.395285562476952,0.379377550603438,0.383256857642153,0.227903832596868,0.348084028423884,0.124093970739607,0.381485642195187,0.38604648791622,0.396449492771029,0.374090307140753,0.157215598674249,0.0312975734640566,-0.0268846768167566,0.262949164784698,0.364984995542652,0.236677746130501,0.152818503018625,0.24285374062601,0.666397768348529,0.436620466740629,0.0654711334986012,0.365436120721895,0.330230112953627,0.398878145556736,0.208246517666204,0.00594615973856349,-0.113545441741957,0.361210463894279,0.191292498596182,-0.0830515643038717,0.0122497127289459,0.348983963600805,0.00641179247121942,-0.238008094831192,0.395022963609386,0.292847525654051,0.190493408643262,0.369368687663526,0.1542227080127,-0.0565035754305608,-0.192757526152854,0.382361602973733,0.361808295151193,0.340706757854746,0.221962649375852,0.264181014769208,-0.168281197066805,-0.293474657492213,0.266986969314221,-0.131983007760961,-0.263720958345435,-0.178639178025957,0.390388105451743,-0.0307885878425734,-0.119400026245698,0.333098032589106,-0.414573902691948,-0.264100275215498,-0.440599154551382,0.283559543100202,-0.27799647903488,-0.294186595836786,0.384678669830104,0.380601366702162,0.381815723110075,0.287441039794343,-0.348855820447084,0.544117669783605,0.659036984618775,0.70296281187797,0.858461210133628,0.860369525674693,0.822741597806076,0.807001488618722,0.857979981652391,0.829703557126873
2.67258065475772,3.42204441669452,3.59909526832391,0.270765911546191,-0.112773675521545,0.0117697895528828,-0.24041865983874,-0.123973057120977,-0.231871934156496,-0.376346636107121,0.27251890177145,-0.276072885828364,-0.293985404276861,-0.229785332611121,-0.128967755237001,-0.290371827506001,-0.292040954770026,-0.30924911361081,0.107559157979615,0.176836527544357,0.252544966177811,0.419072204371238,0.712120470222067,0.675226320990778,0.588751491028104,0.692893146776858,0.541640781098008,-0.275292028210004,-0.306973982786604,-0.303459966594849,-0.300347639303868,-0.238591785358435,0.261090069764755,-0.0521024899404941,0.336218791911963,-0.255140999153589,-0.261818999840191,-0.355950711753449,0.0468217537964682,-0.266352119139539,-0.305644734117583,-0.0765813034216255,-0.359989906488632,-0.289170078756956,-0.379361523484609,0.340906178181335,-0.0986295193172288,-0.124903878095971,0.316139818956531,0.289110414937697,0.221557895037003,-0.113920101057998,0.339408439912211,-0.264348758330077,-0.307010981826118,0.0847181997435681,0.00530412795110019,0.0835973112748572,-0.115930103213007,0.314927048065747,0.00435981889472753,-0.027599656041424,0.33847918964694,0.326280127485395,0.19099138866325,0.0432880993775499,0.300484078908698,-0.187009100601645,-0.148663386823277,0.328380655547116,0.249985731589949,0.333893645784456,0.224967855467632,0.249203873652353,0.327915726916568,0.104394023736051,0.338321751360856,0.269889051433938,0.330755535992597,0.287512110576166,0.135633038779684,0.104638244394192,-0.0244918605482004,0.267658491430893,0.340843847464313,0.327116067872351,0.330461939784146,0.196467410028285,0.300293609064011,0.107092481966298,0.328934655483795,0.332868494902982,0.341847613264942,0.322571617785402,0.135502191469644,0.0270496833390691,-0.0231366853414446,0.22669288825192,0.314699661390547,0.204034667555068,0.131868977024727,0.209528825105063,0.574851359673542,0.376660726079414,0.0563786286253099,0.315088637397773,0.284722153590103,0.343939546980243,0.179513670029616,0.00518246594275107,-0.0978891902831135,0.311465983962494,0.164928020164472,-0.0716952959143012,0.0105054364212809,0.300897826647257,0.00558412093289884,-0.205254474043667,0.340619731176601,0.252512021643393,0.164238715389559,0.318499230054028,0.132920863314404,-0.0486855722190804,-0.166218891512526,0.329702720137377,0.311981429732684,0.293784547945241,0.191378594011066,0.227755500141421,-0.145104775271378,-0.253105356921929,0.230210098681235,-0.113903657489939,-0.227543104260987,-0.154151283903986,0.336620075222256,-0.0265054260794048,-0.102940045386866,0.287221901933999,-0.357715486684595,-0.227874744706643,-0.38019597352941,0.244500597719002,-0.239752498933397,-0.253720229954495,0.331688951745514,0.328172716442867,0.329219988769618,0.247817394897553,-0.300892778129553,0.46938082721771,0.568502433177065,0.606389730201235,0.740511318175286,0.742157290019261,0.709702225887363,0.696125968136073,0.740096246038476,0.71570709764085
2.00443549106829,2.56653331252089,2.69932145124293,0.203074433659644,-0.0845802566411589,0.00882734216466213,-0.180313994879055,-0.0929797928407327,-0.173903950617372,-0.282259977080341,0.204389176328587,-0.207054664371273,-0.220489053207646,-0.172338999458341,-0.0967258164277507,-0.217778870629501,-0.21903071607752,-0.231936835208107,0.0806693684847115,0.132627395658267,0.189408724633358,0.314304153278429,0.53409035266655,0.506419740743083,0.441563618271078,0.519669860082643,0.406230585823506,-0.206469021157503,-0.230230487089953,-0.227594974946136,-0.225260729477901,-0.178943839018826,0.195817552323566,-0.0390768674553706,0.252164093933972,-0.191355749365192,-0.196364249880143,-0.266963033815087,0.0351163153473512,-0.199764089354654,-0.229233550588187,-0.057435977566219,-0.269992429866474,-0.216877559067717,-0.284521142613456,0.255679633636001,-0.0739721394879216,-0.0936779085719782,0.237104864217399,0.216832811203273,0.166168421277752,-0.0854400757934981,0.254556329934158,-0.198261568747558,-0.230258236369588,0.0635386498076761,0.00397809596332521,0.0626979834561429,-0.0869475774097552,0.23619528604931,0.00326986417104569,-0.020699742031068,0.253859392235205,0.244710095614046,0.143243541497437,0.0324660745331625,0.225363059181524,-0.140256825451234,-0.111497540117458,0.246285491660337,0.187489298692462,0.250420234338342,0.168725891600724,0.186902905239265,0.245936795187425,0.0782955178020383,0.253741313520642,0.202416788575454,0.248066651994447,0.215634082932124,0.101724779084763,0.078478683295644,-0.0183688954111503,0.20074386857317,0.255632885598235,0.245337050904263,0.247846454838109,0.147350557521214,0.225220206798008,0.0803193614747232,0.246700991612846,0.249651371177236,0.256385709948706,0.241928713339051,0.101626643602233,0.0202872625043019,-0.0173525140060836,0.17001966618894,0.23602474604291,0.153026000666301,0.0989017327685451,0.157146618828797,0.431138519755156,0.28249554455956,0.0422839714689825,0.23631647804833,0.213541615192577,0.257954660235182,0.134635252522212,0.00388684945706325,-0.0734168927123351,0.23359948797187,0.123696015123354,-0.0537714719357258,0.00787907731596077,0.225673369985442,0.00418809069967413,-0.15394085553275,0.255464798382451,0.189384016232545,0.123179036542169,0.238874422540521,0.0996906474858032,-0.0365141791643104,-0.124664168634394,0.247277040103033,0.233986072299513,0.22033841095893,0.1435339455083,0.170816625106065,-0.108828581453533,-0.189829017691447,0.172657574010926,-0.0854277431174538,-0.17065732819574,-0.11561346292799,0.252465056416692,-0.0198790695595535,-0.0772050340401492,0.215416426450499,-0.268286615013446,-0.170906058529982,-0.285146980147057,0.183375448289251,-0.179814374200048,-0.190290172465871,0.248766713809136,0.246129537332151,0.246914991577213,0.185863046173164,-0.225669583597165,0.352035620413283,0.426376824882799,0.454792297650926,0.555383488631464,0.556617967514445,0.532276669415522,0.522094476102055,0.555072184528857,0.536780323230637
1.31889523462711,1.68874906200721,1.77612211250242,0.133620614892205,-0.0556528249098748,0.00580828845192249,-0.118644510956955,-0.0611796220136275,-0.114426776403684,-0.18572378126213,0.134485700273379,-0.13623956039665,-0.145079231962721,-0.113397056746819,-0.0636444619547154,-0.143295963355069,-0.144119663096587,-0.152611739341849,0.0530795060000459,0.0872672834292443,0.124628737332222,0.206808476416218,0.351425238742306,0.333218298001286,0.290543723915027,0.341936722382144,0.267294999609517,-0.135854213975039,-0.151488982130816,-0.149754845800278,-0.148218939437502,-0.117742964340562,0.128845671395616,-0.0257121241869327,0.165921040270708,-0.125909856955158,-0.129205392027866,-0.175658570549785,0.0231061269747326,-0.131442446850239,-0.150833009510463,-0.0377922050601203,-0.177651877909277,-0.142702910832776,-0.187211601877769,0.168234224496795,-0.0486728072320226,-0.0616389740432942,0.156012242307967,0.142673467258544,0.109336888089091,-0.0562185759094526,0.167495103728877,-0.130453805770265,-0.151507240833996,0.0418076923998795,0.00261754086489596,0.0412545437204189,-0.0572104944355082,0.155413750454895,0.00215153258475365,-0.0136201894470726,0.167036526830755,0.161016396091898,0.0942525838890387,0.0213622993504347,0.148286271192038,-0.0922873594764423,-0.0733640842964649,0.162052988363069,0.123365777392654,0.164773600943883,0.111019673809409,0.122979937322228,0.161823550140436,0.0515175398669151,0.166958832410235,0.133187892077487,0.163224971141878,0.141884718001471,0.0669337212278576,0.0516380606308614,-0.0120865194869494,0.132087130177812,0.168203464831786,0.161428925379209,0.163080083974659,0.0969549526539267,0.148192275985551,0.0528492054592619,0.162326382498123,0.164267697928405,0.168698814496453,0.159186278912017,0.0668691492220072,0.0133487827170195,-0.0114177523464355,0.111870962437396,0.155301537114652,0.100689328218422,0.0650761895935487,0.103400647032348,0.283684130371391,0.185878781922995,0.0278223613182118,0.155493493380369,0.140507898571464,0.169731165532653,0.0885884298874212,0.00255750172528696,-0.0483074613131212,0.153705745518021,0.0813905389400212,-0.035381002986091,0.00518434121306685,0.148490452091032,0.00275571495845056,-0.101291292077629,0.168092865399234,0.124612479491931,0.081050373047845,0.157176591098517,0.0655952862997061,-0.0240259051043157,-0.0820275726873222,0.162705415703236,0.153960113508301,0.144980111115555,0.0944436663497862,0.112395352133485,-0.0716079405447939,-0.124905285274987,0.1136066750963,-0.056210461152087,-0.112290536619663,-0.0760723136234212,0.166119070083106,-0.0130801965080665,-0.0508000142376781,0.141741502568658,-0.176529471580493,-0.112454198286003,-0.18762339569423,0.120658911685606,-0.11831576636248,-0.125208719751739,0.16368560367181,0.161950372229409,0.162467191985119,0.12229572215388,-0.148487960691594,0.231635342843896,0.280550990540309,0.299248041051815,0.365435874494631,0.366248147238387,0.350231856262519,0.343532091516272,0.365231040016656,0.353195208079843
0.893489810451748,1.1440484730692,1.20323962660129,0.0905217144910198,-0.0377021848849785,0.0039348436568009,-0.0803761048056574,-0.0414463313243534,-0.0775187869932964,-0.125819171803437,0.0911077693594863,-0.0922959275300202,-0.0982843914084701,-0.076821200106275,-0.0431161450547661,-0.0970763103657892,-0.097634328399819,-0.10338731271238,0.0359588817289663,0.0591195012937322,0.084430138173402,0.140103066219043,0.238074156087613,0.22573980563695,0.196829778433599,0.231646130220565,0.181079855522665,-0.0920348733597086,-0.102626697235629,-0.101451901011798,-0.100411396315959,-0.0797653491563484,0.087286913691326,-0.017418761068304,0.1124037413505,-0.0852980367744508,-0.0875306075883744,-0.119000462496271,0.0156533198914506,-0.0890461075589063,-0.10218230647825,-0.0256024506338196,-0.120350834965626,-0.0966745450308185,-0.126827100655519,0.113970815429959,-0.0329735495027321,-0.0417575208314057,0.105690994362648,0.0966545983869389,0.0740706258156486,-0.0380854547157461,0.113470095693099,-0.0883763494856651,-0.102639066652711,0.0283227554221581,0.00177326146142827,0.0279480230736084,-0.0387574331053561,0.105285544135581,0.00145756265612394,-0.00922704106275925,0.1131594313014,0.109081074407285,0.0638517155135637,0.0144719582695513,0.10045701042921,-0.0625203679267309,-0.0497007344109084,0.10978331716893,0.0835745419081446,0.111626404895175,0.0752106344037476,0.0833131533138586,0.109627883508493,0.0349007227580473,0.113106796966813,0.0902285650311169,0.110577280664588,0.09612025767079,0.0453444643081278,0.0349823699364635,-0.00818805142507704,0.0894828503486528,0.113949977196158,0.109360543697224,0.110479126388057,0.0656824439081455,0.100393333074843,0.03580286388833,0.109968528903338,0.111283679273352,0.114285553416596,0.10784125564896,0.0453007197954835,0.00904317570224861,-0.00773499297894271,0.0757873426174783,0.10520952484802,0.0682123086219411,0.0440860735396479,0.0700491002559741,0.192182724767648,0.125924177498704,0.0188483479869102,0.105339566236424,0.0951875269282365,0.114984922939995,0.0600145162028045,0.00173258775357001,-0.0327260447371842,0.10412845070827,0.0551382818747131,-0.0239689740486272,0.00351214859692023,0.10059533343467,0.00186686794465615,-0.0686201109707108,0.113875051255543,0.0844191242473077,0.0549078353991,0.106479786188454,0.0444377372695741,-0.0162764265378942,-0.0555698424317487,0.110225306164867,0.104300773119826,0.0982172416723722,0.0639811649399862,0.076142592100424,-0.0485110291889844,-0.0846174864649679,0.0769632067300218,-0.0380799573473197,-0.0760715844941197,-0.0515354330620761,0.1125378972826,-0.00886122111281133,-0.034414632717209,0.0960232359160979,-0.119590457195181,-0.0761824576153479,-0.12710607169837,0.0817407670456608,-0.080153395724835,-0.0848230491252908,0.110889337650656,0.109713799539777,0.110063920742313,0.0828496295516789,-0.100593645628123,0.156922106576595,0.190060169131465,0.202726546019433,0.247565706253229,0.248115983030943,0.237265695295833,0.232726918161736,0.24742694047859,0.239273227497063
0.680857502995103,0.871788326590347,0.916893195747033,0.0689793971618211,-0.028729835704861,0.00299843131450048,-0.061248235154225,-0.0315829518408715,-0.0590709005632418,-0.0958767812916501,0.0694259829535051,-0.0703313837713879,-0.0748947156811231,-0.0585393250931429,-0.0328553840428469,-0.0739741332273405,-0.0743993543779697,-0.0787832460441096,0.0274014030580847,0.0450502686861249,0.0643374914653022,0.106761400871069,0.181417374373328,0.17201834715369,0.149988315358205,0.17651908724142,0.13798655209234,-0.0701324551563487,-0.0782036415000152,-0.0773084227587049,-0.0765155369073206,-0.0607828268625307,0.0665144128168371,-0.0132734520612357,0.0856539490075602,-0.0649988479435193,-0.0667001125487185,-0.0906807853908353,0.0119281497899658,-0.0678549545107144,-0.077865006657307,-0.019509590825982,-0.0917097968208971,-0.0736679798279863,-0.0966448436840773,0.0868480914949931,-0.0251265188664712,-0.031820084607526,0.0805386985604672,0.0736527800775402,0.0564433312480966,-0.0290218951518713,0.0864665328182735,-0.0673445851656772,-0.0782130672487244,0.0215825186914238,0.00135126148800176,0.0212969649804127,-0.0295339564233761,0.0802297371979972,0.00111069254388652,-0.00703119393700449,0.0862298002002538,0.0831220088647873,0.0486563126719242,0.0110279280810982,0.0765502957941999,-0.0476417985913091,-0.0378729757543904,0.0836571322065388,0.0636855096184802,0.0850616027359313,0.057312041099744,0.0634863261655352,0.0835386885794387,0.0265950642881468,0.0861896917611881,0.0687560112799239,0.0842621486228416,0.0732456015272198,0.0345534088719748,0.0266572811073793,-0.00623946259091071,0.0681877614457232,0.0868322123347982,0.0833349701774804,0.0841873530573573,0.0500513651379026,0.0765017723482865,0.0272825142737296,0.0837982673348184,0.0848004388050649,0.0870879282756402,0.082177241622805,0.0345200746589817,0.00689108477316133,-0.00589422279216033,0.0577515045494268,0.0801718089466588,0.0519791737729887,0.033594489378549,0.0533788465513918,0.146447165455573,0.0959567977782882,0.0143628265211688,0.0802709031433235,0.072534841631681,0.0876208621511047,0.0457322883454498,0.00132026729103826,-0.0249379151748801,0.0793480083495705,0.0420164980926602,-0.0182648482715787,0.0026763290368558,0.0766557007523788,0.00142259154200919,-0.0522899275002847,0.0867751172361861,0.0643290986284384,0.0418408931667567,0.0811397740586081,0.0338624643305304,-0.0124029697939934,-0.0423453560603924,0.0839939368579236,0.0794793215503138,0.0748435462093378,0.0487549557814563,0.0580222119185197,-0.0369663960517189,-0.0644802546938181,0.0586475370437684,-0.0290177060447365,-0.0579681026707628,-0.0392710536370592,0.0857561785706431,-0.00675243165594236,-0.0262246537389001,0.0731716689665312,-0.091130373413868,-0.0580525902559437,-0.0968574253223025,0.0622881356816754,-0.0610785262813433,-0.06463689764372,0.0844999424262415,0.0836041583518333,0.0838709578664064,0.0631331115819945,-0.076654414609283,0.119577853489401,0.144829734665076,0.154481772818233,0.188650129654606,0.189069451809653,0.180801310720982,0.17734266974934,0.18854438729726,0.182331091302386
0.601330647320487,0.769959993756268,0.809796435372879,0.060922330097893,-0.0253740769923477,0.00264820264939866,-0.0540941984637165,-0.0278939378522199,-0.0521711851852117,-0.0846779931241023,0.0613167528985762,-0.062116399311382,-0.0661467159622937,-0.0517016998375021,-0.0290177449283252,-0.0653336611888502,-0.0657092148232559,-0.0695810505624322,0.0242008105454134,0.0397882186974802,0.0568226173900074,0.0942912459835286,0.160227105799965,0.151925922222925,0.132469085481323,0.155900958024793,0.121869175747052,-0.0619407063472509,-0.0690691461269858,-0.0682784924838409,-0.0675782188433703,-0.0536831517056477,0.0587452656970698,-0.0117230602366112,0.0756492281801918,-0.0574067248095576,-0.0589092749640431,-0.0800889101445261,0.0105348946042053,-0.0599292268063962,-0.0687700651764562,-0.0172307932698658,-0.0809977289599423,-0.0650632677203151,-0.085356342784037,0.0767038900908003,-0.0221916418463765,-0.0281033725715935,0.0711314592652196,0.0650498433609819,0.0498505263833256,-0.0256320227380495,0.0763668989802474,-0.0594784706242674,-0.0690774709108764,0.0190615949423028,0.0011934287889975,0.0188093950368428,-0.0260842732229267,0.070858585814793,0.000980959251313654,-0.00620992260932045,0.0761578176705616,0.073413028684214,0.0429730624492312,0.00973982235994869,0.0676089177544571,-0.0420770476353702,-0.0334492620352374,0.0738856474981011,0.0562467896077385,0.0751260703015026,0.0506177674802172,0.0560708715717795,0.0737810385562276,0.0234886553406115,0.0761223940561925,0.0607250365726361,0.0744199955983342,0.0646902248796373,0.0305174337254289,0.0235436049886932,-0.00551066862334515,0.0602231605719509,0.0766898656794705,0.073601115271279,0.0743539364514327,0.0442051672563642,0.0675660620394024,0.0240958084424169,0.0740102974838539,0.0748954113531709,0.0769157129846119,0.0725786140017154,0.0304879930806701,0.00608617875129051,-0.00520575420182506,0.0510058998566821,0.070807423812873,0.0459078001998903,0.0296705198305635,0.0471439856486392,0.129341555926547,0.0847486633678681,0.0126851914406948,0.070894943414499,0.0640624845577731,0.0773863980705547,0.0403905757566635,0.00116605483711894,-0.0220250678137006,0.0700798463915611,0.0371088045370062,-0.0161314415807178,0.00236372319478817,0.0677020109956328,0.00125642720990218,-0.0461822566598251,0.0766394395147353,0.0568152048697633,0.0369537109626507,0.0716623267621563,0.029907194245741,-0.0109542537492931,-0.0373992505903183,0.0741831120309099,0.0701958216898538,0.0661015232876791,0.0430601836524899,0.0512449875318197,-0.03264857443606,-0.056948705307434,0.0517972722032779,-0.0256283229352362,-0.0511971984587222,-0.034684038878397,0.0757395169250077,-0.00596372086786612,-0.0231615102120448,0.0646249279351498,-0.0804859845040339,-0.0512718175589948,-0.0855440940441173,0.0550126344867754,-0.0539443122600144,-0.0570870517397614,0.0746300141427407,0.0738388611996452,0.074074497473164,0.0557589138519493,-0.0677008750791495,0.105610686123985,0.12791304746484,0.136437689295278,0.166615046589439,0.166985390254334,0.159683000824657,0.156628342830616,0.166521655358657,0.161034096969191
0.376165722059606,0.481652745122722,0.50657265215186,0.0381103015336814,-0.0158728946145588,0.00165659785711916,-0.0338389259137404,-0.0174492075533177,-0.0326359742902662,-0.052970788314253,0.038357034904543,-0.0388572581537751,-0.0413784450912355,-0.0323422851267345,-0.0181522113036214,-0.0408698341676293,-0.0411047638268573,-0.0435268121508756,0.015138951280478,0.0248897409145793,0.0355457035078356,0.058984411965935,0.100230954825494,0.0950381033915599,0.0828667712392512,0.0975247090872539,0.0762359389064469,-0.0387473524454802,-0.0432065874917081,-0.042711989719421,-0.0422739296591518,-0.0335817933341219,0.0367484268213994,-0.00733342535974696,0.0473227943203224,-0.0359110951442248,-0.0368510237281268,-0.0501000620003758,0.00659016175754752,-0.0374890602608637,-0.0430194957440787,-0.0107788183105265,-0.0506685786516487,-0.0407006880334934,-0.053395133706884,0.0479825439287959,-0.0138821046557791,-0.0175802206037727,0.044496678915143,0.0406922903510465,0.03118427330387,-0.0160342540066278,0.0477717372702734,-0.0372070872307531,-0.0432117951064491,0.0119240864523201,0.000746555999000559,0.0117663214024869,-0.0163171618061116,0.0443259814145782,0.000613644501117186,-0.00388465153518829,0.047640945297209,0.0459239273212394,0.0268820375900653,0.00609279990482468,0.0422931335332714,-0.02632153055299,-0.0209243714118234,0.0462195766419202,0.0351854912444754,0.0469955300073106,0.0316642252279771,0.03507544474125,0.0461541379380572,0.0146934586417334,0.0476187858587429,0.0379868834745543,0.0465538410600919,0.0404673290152095,0.019090349949541,0.0147278326989009,-0.00344722932544471,0.0376729321583801,0.0479737708804941,0.046041585929109,0.0465125173943124,0.0276527875867493,0.0422663249029949,0.0150732666324937,0.0462975521319511,0.0468512400226984,0.048115050915018,0.0454019545880388,0.0190719331909025,0.0038072428783808,-0.00325648841767862,0.0319070235890754,0.0442939767404775,0.0287178790692106,0.0185605582647102,0.0294911817338931,0.080910327777609,0.0530149964772542,0.00793529187147868,0.0443487251127527,0.0400746425747425,0.0484094905814566,0.0252665487142732,0.000729432071557415,-0.0137779033456394,0.0438388366486468,0.0232136185235742,-0.01009111276319,0.00147864015625779,0.0423513685266843,0.00078596501065463,-0.0288895668301543,0.0479422265134261,0.0355410665646791,0.02311659887782,0.0448287660226154,0.018708611257976,-0.00685249419697523,-0.0233953086633506,0.0464056572304778,0.0439113856398179,0.0413501745629431,0.0269365367420319,0.0320565862104958,-0.020423496842681,-0.0356245785040013,0.032402070950293,-0.0160319395744548,-0.0320266914907299,-0.0216967929154658,0.0473792749454808,-0.00373063867012115,-0.0144888111918588,0.0404264821493781,-0.0503484540685685,-0.0320733698828234,-0.0535125825490981,0.0344134586626017,-0.0337451637675841,-0.0357111218821623,0.0466852193255347,0.0461903092133938,0.0463377127913864,0.0348802978591564,-0.0423506579478272,0.0660653505356198,0.0800167163853395,0.0853493533692271,0.104226966620758,0.104458637154658,0.0998905869399968,0.0979797286873973,0.104168545218294,0.100735772627847
