"V1","V2","V3","V4","V5","V6","V7","V8","V9","V10","V11","V12","V13","V14","V15","V16","V17","V18","V19","V20","V21","V22","V23","V24","V25","V26","V27","V28","V29","V30","V31","V32","V33","V34","V35","V36","V37","V38","V39","V40","V41","V42","V43","V44","V45","V46","V47","V48","V49","V50","V51","V52","V53","V54","V55","V56","V57","V58","V59","V60","V61","V62","V63","V64","V65","V66","V67","V68","V69","V70","V71","V72","V73","V74","V75","V76","V77","V78","V79","V80","V81","V82","V83","V84","V85","V86","V87","V88","V89","V90","V91","V92","V93","V94","V95","V96","V97","V98","V99","V100","V101","V102","V103","V104","V105","V106","V107","V108","V109","V110","V111","V112","V113","V114","V115","V116","V117","V118","V119","V120","V121","V122","V123","V124","V125","V126","V127","V128","V129","V130","V131","V132","V133","V134","V135","V136","V137","V138","V139","V140","V141","V142","V143","V144","V145","V146","V147","V148","V149","V150","V151","V152","V153","V154","V155","V156","V157","V158","V159","V160"
3000,3000,3000,3000,3000,3000,3000,3000,3000,3000,3000,3000,3000,3000,3000,3000,3000,3000,3000,3000,3000,3000,3000,3000,3000,3000,3000,3000,3000,3000,3000,3000,3000,3000,3000,3000,3000,3000,3000,3000,3000,3000,3000,3000,3000,3000,3000,3000,3000,3000,3000,3000,3000,3000,3000,3000,3000,3000,3000,3000,3000,3000,3000,3000,3000,3000,3000,3000,3000,3000,3000,3000,3000,3000,3000,3000,3000,3000,3000,3000,3000,3000,3000,3000,3000,3000,3000,3000,3000,3000,3000,3000,3000,3000,3000,3000,3000,3000,3000,3000,3000,3000,3000,3000,3000,3000,3000,3000,3000,3000,3000,3000,3000,3000,3000,3000,3000,3000,3000,3000,3000,3000,3000,3000,3000,3000,3000,3000,3000,3000,3000,3000,3000,3000,3000,3000,3000,3000,3000,3000,3000,3000,3000,3000,3000,3000,3000,3000,3000,3000,3000,3000,3000,3000,3000,3000,3000,3000,3000,3000
3000,3000,3000,3000,3000,3000,3000,3000,3000,3000,3000,3000,3000,3000,3000,3000,3000,3000,3000,3000,3000,3000,3000,3000,3000,3000,3000,3000,3000,3000,3000,3000,3000,3000,3000,3000,3000,3000,3000,3000,3000,3000,3000,3000,3000,3000,3000,3000,3000,3000,3000,3000,3000,3000,3000,3000,3000,3000,3000,3000,3000,3000,3000,3000,3000,3000,3000,3000,3000,3000,3000,3000,3000,3000,3000,3000,3000,3000,3000,3000,3000,3000,3000,3000,3000,3000,3000,3000,3000,3000,3000,3000,3000,3000,3000,3000,3000,3000,3000,3000,3000,3000,3000,3000,3000,3000,3000,3000,3000,3000,3000,3000,3000,3000,3000,3000,3000,3000,3000,3000,3000,3000,3000,3000,3000,3000,3000,3000,3000,3000,3000,3000,3000,3000,3000,3000,3000,3000,3000,3000,3000,3000,3000,3000,3000,3000,3000,3000,3000,3000,3000,3000,3000,3000,3000,3000,3000,3000,3000,3000
3000,3000,3000,3000,3000,3000,3000,3000,3000,3000,3000,3000,3000,3000,3000,3000,3000,3000,3000,3000,3000,3000,3000,3000,3000,3000,3000,3000,3000,3000,3000,3000,3000,3000,3000,3000,3000,3000,3000,3000,3000,3000,3000,3000,3000,3000,3000,3000,3000,3000,3000,3000,3000,3000,3000,3000,3000,3000,3000,3000,3000,3000,3000,3000,3000,3000,3000,3000,3000,3000,3000,3000,3000,3000,3000,3000,3000,3000,3000,3000,3000,3000,3000,3000,3000,3000,3000,3000,3000,3000,3000,3000,3000,3000,3000,3000,3000,3000,3000,3000,3000,3000,3000,3000,3000,3000,3000,3000,3000,3000,3000,3000,3000,3000,3000,3000,3000,3000,3000,3000,3000,3000,3000,3000,3000,3000,3000,3000,3000,3000,3000,3000,3000,3000,3000,3000,3000,3000,3000,3000,3000,3000,3000,3000,3000,3000,3000,3000,3000,3000,3000,3000,3000,3000,3000,3000,3000,3000,3000,3000
3000,3000,3000,3000,3000,3000,3000,3000,3000,3000,3000,3000,3000,3000,3000,3000,3000,3000,3000,3000,3000,3000,3000,3000,3000,3000,3000,3000,3000,3000,3000,3000,3000,3000,3000,3000,3000,3000,3000,3000,3000,3000,3000,3000,3000,3000,3000,3000,3000,3000,3000,3000,3000,3000,3000,3000,3000,3000,3000,3000,3000,3000,3000,3000,3000,3000,3000,3000,3000,3000,3000,3000,3000,3000,3000,3000,3000,3000,3000,3000,3000,3000,3000,3000,3000,3000,3000,3000,3000,3000,3000,3000,3000,3000,3000,3000,3000,3000,3000,3000,3000,3000,3000,3000,3000,3000,3000,3000,3000,3000,3000,3000,3000,3000,3000,3000,3000,3000,3000,3000,3000,3000,3000,3000,3000,3000,3000,3000,3000,3000,3000,3000,3000,3000,3000,3000,3000,3000,3000,3000,3000,3000,3000,3000,3000,3000,3000,3000,3000,3000,3000,3000,3000,3000,3000,3000,3000,3000,3000,3000
3000,3000,3000,3000,3000,3000,3000,3000,3000,3000,3000,3000,3000,3000,3000,3000,3000,3000,3000,3000,3000,3000,3000,3000,3000,3000,3000,3000,3000,3000,3000,3000,3000,3000,3000,3000,3000,3000,3000,3000,3000,3000,3000,3000,3000,3000,3000,3000,3000,3000,3000,3000,3000,3000,3000,3000,3000,3000,3000,3000,3000,3000,3000,3000,3000,3000,3000,3000,3000,3000,3000,3000,3000,3000,3000,3000,3000,3000,3000,3000,3000,3000,3000,3000,3000,3000,3000,3000,3000,3000,3000,3000,3000,3000,3000,3000,3000,3000,3000,3000,3000,3000,3000,3000,3000,3000,3000,3000,3000,3000,3000,3000,3000,3000,3000,3000,3000,3000,3000,3000,3000,3000,3000,3000,3000,3000,3000,3000,3000,3000,3000,3000,3000,3000,3000,3000,3000,3000,3000,3000,3000,3000,3000,3000,3000,3000,3000,3000,3000,3000,3000,3000,3000,3000,3000,3000,3000,3000,3000,3000
3000,3000,3000,3000,3000,3000,3000,3000,3000,3000,3000,3000,3000,3000,3000,3000,3000,3000,3000,3000,3000,3000,3000,3000,3000,3000,3000,3000,3000,3000,3000,3000,3000,3000,3000,3000,3000,3000,3000,3000,3000,3000,3000,3000,3000,3000,3000,3000,3000,3000,3000,3000,3000,3000,3000,3000,3000,3000,3000,3000,3000,3000,3000,3000,3000,3000,3000,3000,3000,3000,3000,3000,3000,3000,3000,3000,3000,3000,3000,3000,3000,3000,3000,3000,3000,3000,3000,3000,3000,3000,3000,3000,3000,3000,3000,3000,3000,3000,3000,3000,3000,3000,3000,3000,3000,3000,3000,3000,3000,3000,3000,3000,3000,3000,3000,3000,3000,3000,3000,3000,3000,3000,3000,3000,3000,3000,3000,3000,3000,3000,3000,3000,3000,3000,3000,3000,3000,3000,3000,3000,3000,3000,3000,3000,3000,3000,3000,3000,3000,3000,3000,3000,3000,3000,3000,3000,3000,3000,3000,3000
3000,3000,3000,3000,3000,3000,3000,3000,3000,3000,3000,3000,3000,3000,3000,3000,3000,3000,3000,3000,3000,3000,3000,3000,3000,3000,3000,3000,3000,3000,3000,3000,3000,3000,3000,3000,3000,3000,3000,3000,3000,3000,3000,3000,3000,3000,3000,3000,3000,3000,3000,3000,3000,3000,3000,3000,3000,3000,3000,3000,3000,3000,3000,3000,3000,3000,3000,3000,3000,3000,3000,3000,3000,3000,3000,3000,3000,3000,3000,3000,3000,3000,3000,3000,3000,3000,3000,3000,3000,3000,3000,3000,3000,3000,3000,3000,3000,3000,3000,3000,3000,3000,3000,3000,3000,3000,3000,3000,3000,3000,3000,3000,3000,3000,3000,3000,3000,3000,3000,3000,3000,3000,3000,3000,3000,3000,3000,3000,3000,3000,3000,3000,3000,3000,3000,3000,3000,3000,3000,3000,3000,3000,3000,3000,3000,3000,3000,3000,3000,3000,3000,3000,3000,3000,3000,3000,3000,3000,3000,3000
3000,3000,3000,3000,3000,3000,3000,3000,3000,3000,3000,3000,3000,3000,3000,3000,3000,3000,3000,3000,3000,3000,3000,3000,3000,3000,3000,3000,3000,3000,3000,3000,3000,3000,3000,3000,3000,3000,3000,3000,3000,3000,3000,3000,3000,3000,3000,3000,3000,3000,3000,3000,3000,3000,3000,3000,3000,3000,3000,3000,3000,3000,3000,3000,3000,3000,3000,3000,3000,3000,3000,3000,3000,3000,3000,3000,3000,3000,3000,3000,3000,3000,3000,3000,3000,3000,3000,3000,3000,3000,3000,3000,3000,3000,3000,3000,3000,3000,3000,3000,3000,3000,3000,3000,3000,3000,3000,3000,3000,3000,3000,3000,3000,3000,3000,3000,3000,3000,3000,3000,3000,3000,3000,3000,3000,3000,3000,3000,3000,3000,3000,3000,3000,3000,3000,3000,3000,3000,3000,3000,3000,3000,3000,3000,3000,3000,3000,3000,3000,3000,3000,3000,3000,3000,3000,3000,3000,3000,3000,3000
3000,3000,3000,3000,3000,3000,3000,3000,3000,3000,3000,3000,3000,3000,3000,3000,3000,3000,3000,3000,3000,3000,3000,3000,3000,3000,3000,3000,3000,3000,3000,3000,3000,3000,3000,3000,3000,3000,3000,3000,3000,3000,3000,3000,3000,3000,3000,3000,3000,3000,3000,3000,3000,3000,3000,3000,3000,3000,3000,3000,3000,3000,3000,3000,3000,3000,3000,3000,3000,3000,3000,3000,3000,3000,3000,3000,3000,3000,3000,3000,3000,3000,3000,3000,3000,3000,3000,3000,3000,3000,3000,3000,3000,3000,3000,3000,3000,3000,3000,3000,3000,3000,3000,3000,3000,3000,3000,3000,3000,3000,3000,3000,3000,3000,3000,3000,3000,3000,3000,3000,3000,3000,3000,3000,3000,3000,3000,3000,3000,3000,3000,3000,3000,3000,3000,3000,3000,3000,3000,3000,3000,3000,3000,3000,3000,3000,3000,3000,3000,3000,3000,3000,3000,3000,3000,3000,3000,3000,3000,3000
3000,3000,3000,3000,3000,3000,3000,3000,3000,3000,3000,3000,3000,3000,3000,3000,3000,3000,3000,3000,3000,3000,3000,3000,3000,3000,3000,3000,3000,3000,3000,3000,3000,3000,3000,3000,3000,3000,3000,3000,3000,3000,3000,3000,3000,3000,3000,3000,3000,3000,3000,3000,3000,3000,3000,3000,3000,3000,3000,3000,3000,3000,3000,3000,3000,3000,3000,3000,3000,3000,3000,3000,3000,3000,3000,3000,3000,3000,3000,3000,3000,3000,3000,3000,3000,3000,3000,3000,3000,3000,3000,3000,3000,3000,3000,3000,3000,3000,3000,3000,3000,3000,3000,3000,3000,3000,3000,3000,3000,3000,3000,3000,3000,3000,3000,3000,3000,3000,3000,3000,3000,3000,3000,3000,3000,3000,3000,3000,3000,3000,3000,3000,3000,3000,3000,3000,3000,3000,3000,3000,3000,3000,3000,3000,3000,3000,3000,3000,3000,3000,3000,3000,3000,3000,3000,3000,3000,3000,3000,3000
3000,3000,3000,3000,3000,3000,3000,3000,3000,3000,3000,3000,3000,3000,3000,3000,3000,3000,3000,3000,3000,3000,3000,3000,3000,3000,3000,3000,3000,3000,3000,3000,3000,3000,3000,3000,3000,3000,3000,3000,3000,3000,3000,3000,3000,3000,3000,3000,3000,3000,3000,3000,3000,3000,3000,3000,3000,3000,3000,3000,3000,3000,3000,3000,3000,3000,3000,3000,3000,3000,3000,3000,3000,3000,3000,3000,3000,3000,3000,3000,3000,3000,3000,3000,3000,3000,3000,3000,3000,3000,3000,3000,3000,3000,3000,3000,3000,3000,3000,3000,3000,3000,3000,3000,3000,3000,3000,3000,3000,3000,3000,3000,3000,3000,3000,3000,3000,3000,3000,3000,3000,3000,3000,3000,3000,3000,3000,3000,3000,3000,3000,3000,3000,3000,3000,3000,3000,3000,3000,3000,3000,3000,3000,3000,3000,3000,3000,3000,3000,3000,3000,3000,3000,3000,3000,3000,3000,3000,3000,3000
3000,3000,3000,3000,3000,3000,3000,3000,3000,3000,3000,3000,3000,3000,3000,3000,3000,3000,3000,3000,3000,3000,3000,3000,3000,3000,3000,3000,3000,3000,3000,3000,3000,3000,3000,3000,3000,3000,3000,3000,3000,3000,3000,3000,3000,3000,3000,3000,3000,3000,3000,3000,3000,3000,3000,3000,3000,3000,3000,3000,3000,3000,3000,3000,3000,3000,3000,3000,3000,3000,3000,3000,3000,3000,3000,3000,3000,3000,3000,3000,3000,3000,3000,3000,3000,3000,3000,3000,3000,3000,3000,3000,3000,3000,3000,3000,3000,3000,3000,3000,3000,3000,3000,3000,3000,3000,3000,3000,3000,3000,3000,3000,3000,3000,3000,3000,3000,3000,3000,3000,3000,3000,3000,3000,3000,3000,3000,3000,3000,3000,3000,3000,3000,3000,3000,3000,3000,3000,3000,3000,3000,3000,3000,3000,3000,3000,3000,3000,3000,3000,3000,3000,3000,3000,3000,3000,3000,3000,3000,3000
3000,3000,3000,3000,3000,3000,3000,3000,3000,3000,3000,3000,3000,3000,3000,3000,3000,3000,3000,3000,3000,3000,3000,3000,3000,3000,3000,3000,3000,3000,3000,3000,3000,3000,3000,3000,3000,3000,3000,3000,3000,3000,3000,3000,3000,3000,3000,3000,3000,3000,3000,3000,3000,3000,3000,3000,3000,3000,3000,3000,3000,3000,3000,3000,3000,3000,3000,3000,3000,3000,3000,3000,3000,3000,3000,3000,3000,3000,3000,3000,3000,3000,3000,3000,3000,3000,3000,3000,3000,3000,3000,3000,3000,3000,3000,3000,3000,3000,3000,3000,3000,3000,3000,3000,3000,3000,3000,3000,3000,3000,3000,3000,3000,3000,3000,3000,3000,3000,3000,3000,3000,3000,3000,3000,3000,3000,3000,3000,3000,3000,3000,3000,3000,3000,3000,3000,3000,3000,3000,3000,3000,3000,3000,3000,3000,3000,3000,3000,3000,3000,3000,3000,3000,3000,3000,3000,3000,3000,3000,3000
3000,3000,3000,3000,3000,3000,3000,3000,3000,3000,3000,3000,3000,3000,3000,3000,3000,3000,3000,3000,3000,3000,3000,3000,3000,3000,3000,3000,3000,3000,3000,3000,3000,3000,3000,3000,3000,3000,3000,3000,3000,3000,3000,3000,3000,3000,3000,3000,3000,3000,3000,3000,3000,3000,3000,3000,3000,3000,3000,3000,3000,3000,3000,3000,3000,3000,3000,3000,3000,3000,3000,3000,3000,3000,3000,3000,3000,3000,3000,3000,3000,3000,3000,3000,3000,3000,3000,3000,3000,3000,3000,3000,3000,3000,3000,3000,3000,3000,3000,3000,3000,3000,3000,3000,3000,3000,3000,3000,3000,3000,3000,3000,3000,3000,3000,3000,3000,3000,3000,3000,3000,3000,3000,3000,3000,3000,3000,3000,3000,3000,3000,3000,3000,3000,3000,3000,3000,3000,3000,3000,3000,3000,3000,3000,3000,3000,3000,3000,3000,3000,3000,3000,3000,3000,3000,3000,3000,3000,3000,3000
3000,3000,3000,3000,3000,3000,3000,3000,3000,3000,3000,3000,3000,3000,3000,3000,3000,3000,3000,3000,3000,3000,3000,3000,3000,3000,3000,3000,3000,3000,3000,3000,3000,3000,3000,3000,3000,3000,3000,3000,3000,3000,3000,3000,3000,3000,3000,3000,3000,3000,3000,3000,3000,3000,3000,3000,3000,3000,3000,3000,3000,3000,3000,3000,3000,3000,3000,3000,3000,3000,3000,3000,3000,3000,3000,3000,3000,3000,3000,3000,3000,3000,3000,3000,3000,3000,3000,3000,3000,3000,3000,3000,3000,3000,3000,3000,3000,3000,3000,3000,3000,3000,3000,3000,3000,3000,3000,3000,3000,3000,3000,3000,3000,3000,3000,3000,3000,3000,3000,3000,3000,3000,3000,3000,3000,3000,3000,3000,3000,3000,3000,3000,3000,3000,3000,3000,3000,3000,3000,3000,3000,3000,3000,3000,3000,3000,3000,3000,3000,3000,3000,3000,3000,3000,3000,3000,3000,3000,3000,3000
3000,3000,3000,3000,3000,3000,3000,3000,3000,3000,3000,3000,3000,3000,3000,3000,3000,3000,3000,3000,3000,3000,3000,3000,3000,3000,3000,3000,3000,3000,3000,3000,3000,3000,3000,3000,3000,3000,3000,3000,3000,3000,3000,3000,3000,3000,3000,3000,3000,3000,3000,3000,3000,3000,3000,3000,3000,3000,3000,3000,3000,3000,3000,3000,3000,3000,3000,3000,3000,3000,3000,3000,3000,3000,3000,3000,3000,3000,3000,3000,3000,3000,3000,3000,3000,3000,3000,3000,3000,3000,3000,3000,3000,3000,3000,3000,3000,3000,3000,3000,3000,3000,3000,3000,3000,3000,3000,3000,3000,3000,3000,3000,3000,3000,3000,3000,3000,3000,3000,3000,3000,3000,3000,3000,3000,3000,3000,3000,3000,3000,3000,3000,3000,3000,3000,3000,3000,3000,3000,3000,3000,3000,3000,3000,3000,3000,3000,3000,3000,3000,3000,3000,3000,3000,3000,3000,3000,3000,3000,3000
3000,3000,3000,3000,3000,3000,3000,3000,3000,3000,3000,3000,3000,3000,3000,3000,3000,3000,3000,3000,3000,3000,3000,3000,3000,3000,3000,3000,3000,3000,3000,3000,3000,3000,3000,3000,3000,3000,3000,3000,3000,3000,3000,3000,3000,3000,3000,3000,3000,3000,3000,3000,3000,3000,3000,3000,3000,3000,3000,3000,3000,3000,3000,3000,3000,3000,3000,3000,3000,3000,3000,3000,3000,3000,3000,3000,3000,3000,3000,3000,3000,3000,3000,3000,3000,3000,3000,3000,3000,3000,3000,3000,3000,3000,3000,3000,3000,3000,3000,3000,3000,3000,3000,3000,3000,3000,3000,3000,3000,3000,3000,3000,3000,3000,3000,3000,3000,3000,3000,3000,3000,3000,3000,3000,3000,3000,3000,3000,3000,3000,3000,3000,3000,3000,3000,3000,3000,3000,3000,3000,3000,3000,3000,3000,3000,3000,3000,3000,3000,3000,3000,3000,3000,3000,3000,3000,3000,3000,3000,3000
3000,3000,3000,3000,3000,3000,3000,3000,3000,3000,3000,3000,3000,3000,3000,3000,3000,3000,3000,3000,3000,3000,3000,3000,3000,3000,3000,3000,3000,3000,3000,3000,3000,3000,3000,3000,3000,3000,3000,3000,3000,3000,3000,3000,3000,3000,3000,3000,3000,3000,3000,3000,3000,3000,3000,3000,3000,3000,3000,3000,3000,3000,3000,3000,3000,3000,3000,3000,3000,3000,3000,3000,3000,3000,3000,3000,3000,3000,3000,3000,3000,3000,3000,3000,3000,3000,3000,3000,3000,3000,3000,3000,3000,3000,3000,3000,3000,3000,3000,3000,3000,3000,3000,3000,3000,3000,3000,3000,3000,3000,3000,3000,3000,3000,3000,3000,3000,3000,3000,3000,3000,3000,3000,3000,3000,3000,3000,3000,3000,3000,3000,3000,3000,3000,3000,3000,3000,3000,3000,3000,3000,3000,3000,3000,3000,3000,3000,3000,3000,3000,3000,3000,3000,3000,3000,3000,3000,3000,3000,3000
3000,3000,3000,3000,3000,3000,3000,3000,3000,3000,3000,3000,3000,3000,3000,3000,3000,3000,3000,3000,3000,3000,3000,3000,3000,3000,3000,3000,3000,3000,3000,3000,3000,3000,3000,3000,3000,3000,3000,3000,3000,3000,3000,3000,3000,3000,3000,3000,3000,3000,3000,3000,3000,3000,3000,3000,3000,3000,3000,3000,3000,3000,3000,3000,3000,3000,3000,3000,3000,3000,3000,3000,3000,3000,3000,3000,3000,3000,3000,3000,3000,3000,3000,3000,3000,3000,3000,3000,3000,3000,3000,3000,3000,3000,3000,3000,3000,3000,3000,3000,3000,3000,3000,3000,3000,3000,3000,3000,3000,3000,3000,3000,3000,3000,3000,3000,3000,3000,3000,3000,3000,3000,3000,3000,3000,3000,3000,3000,3000,3000,3000,3000,3000,3000,3000,3000,3000,3000,3000,3000,3000,3000,3000,3000,3000,3000,3000,3000,3000,3000,3000,3000,3000,3000,3000,3000,3000,3000,3000,3000
3000,3000,3000,3000,3000,3000,3000,3000,3000,3000,3000,3000,3000,3000,3000,3000,3000,3000,3000,3000,3000,3000,3000,3000,3000,3000,3000,3000,3000,3000,3000,3000,3000,3000,3000,3000,3000,3000,3000,3000,3000,3000,3000,3000,3000,3000,3000,3000,3000,3000,3000,3000,3000,3000,3000,3000,3000,3000,3000,3000,3000,3000,3000,3000,3000,3000,3000,3000,3000,3000,3000,3000,3000,3000,3000,3000,3000,3000,3000,3000,3000,3000,3000,3000,3000,3000,3000,3000,3000,3000,3000,3000,3000,3000,3000,3000,3000,3000,3000,3000,3000,3000,3000,3000,3000,3000,3000,3000,3000,3000,3000,3000,3000,3000,3000,3000,3000,3000,3000,3000,3000,3000,3000,3000,3000,3000,3000,3000,3000,3000,3000,3000,3000,3000,3000,3000,3000,3000,3000,3000,3000,3000,3000,3000,3000,3000,3000,3000,3000,3000,3000,3000,3000,3000,3000,3000,3000,3000,3000,3000
3000,3000,3000,3000,3000,3000,3000,3000,3000,3000,3000,3000,3000,3000,3000,3000,3000,3000,3000,3000,3000,3000,3000,3000,3000,3000,3000,3000,3000,3000,3000,3000,3000,3000,3000,3000,3000,3000,3000,3000,3000,3000,3000,3000,3000,3000,3000,3000,3000,3000,3000,3000,3000,3000,3000,3000,3000,3000,3000,3000,3000,3000,3000,3000,3000,3000,3000,3000,3000,3000,3000,3000,3000,3000,3000,3000,3000,3000,3000,3000,3000,3000,3000,3000,3000,3000,3000,3000,3000,3000,3000,3000,3000,3000,3000,3000,3000,3000,3000,3000,3000,3000,3000,3000,3000,3000,3000,3000,3000,3000,3000,3000,3000,3000,3000,3000,3000,3000,3000,3000,3000,3000,3000,3000,3000,3000,3000,3000,3000,3000,3000,3000,3000,3000,3000,3000,3000,3000,3000,3000,3000,3000,3000,3000,3000,3000,3000,3000,3000,3000,3000,3000,3000,3000,3000,3000,3000,3000,3000,3000
3000,3000,3000,3000,3000,3000,3000,3000,3000,3000,3000,3000,3000,3000,3000,3000,3000,3000,3000,3000,3000,3000,3000,3000,3000,3000,3000,3000,3000,3000,3000,3000,3000,3000,3000,3000,3000,3000,3000,3000,3000,3000,3000,3000,3000,3000,3000,3000,3000,3000,3000,3000,3000,3000,3000,3000,3000,3000,3000,3000,3000,3000,3000,3000,3000,3000,3000,3000,3000,3000,3000,3000,3000,3000,3000,3000,3000,3000,3000,3000,3000,3000,3000,3000,3000,3000,3000,3000,3000,3000,3000,3000,3000,3000,3000,3000,3000,3000,3000,3000,3000,3000,3000,3000,3000,3000,3000,3000,3000,3000,3000,3000,3000,3000,3000,3000,3000,3000,3000,3000,3000,3000,3000,3000,3000,3000,3000,3000,3000,3000,3000,3000,3000,3000,3000,3000,3000,3000,3000,3000,3000,3000,3000,3000,3000,3000,3000,3000,3000,3000,3000,3000,3000,3000,3000,3000,3000,3000,3000,3000
3000,3000,3000,3000,3000,3000,3000,3000,3000,3000,3000,3000,3000,3000,3000,3000,3000,3000,3000,3000,3000,3000,3000,3000,3000,3000,3000,3000,3000,3000,3000,3000,3000,3000,3000,3000,3000,3000,3000,3000,3000,3000,3000,3000,3000,3000,3000,3000,3000,3000,3000,3000,3000,3000,3000,3000,3000,3000,3000,3000,3000,3000,3000,3000,3000,3000,3000,3000,3000,3000,3000,3000,3000,3000,3000,3000,3000,3000,3000,3000,3000,3000,3000,3000,3000,3000,3000,3000,3000,3000,3000,3000,3000,3000,3000,3000,3000,3000,3000,3000,3000,3000,3000,3000,3000,3000,3000,3000,3000,3000,3000,3000,3000,3000,3000,3000,3000,3000,3000,3000,3000,3000,3000,3000,3000,3000,3000,3000,3000,3000,3000,3000,3000,3000,3000,3000,3000,3000,3000,3000,3000,3000,3000,3000,3000,3000,3000,3000,3000,3000,3000,3000,3000,3000,3000,3000,3000,3000,3000,3000
3000,3000,3000,3000,3000,3000,3000,3000,3000,3000,3000,3000,3000,3000,3000,3000,3000,3000,3000,3000,3000,3000,3000,3000,3000,3000,3000,3000,3000,3000,3000,3000,3000,3000,3000,3000,3000,3000,3000,3000,3000,3000,3000,3000,3000,3000,3000,3000,3000,3000,3000,3000,3000,3000,3000,3000,3000,3000,3000,3000,3000,3000,3000,3000,3000,3000,3000,3000,3000,3000,3000,3000,3000,3000,3000,3000,3000,3000,3000,3000,3000,3000,3000,3000,3000,3000,3000,3000,3000,3000,3000,3000,3000,3000,3000,3000,3000,3000,3000,3000,3000,3000,3000,3000,3000,3000,3000,3000,3000,3000,3000,3000,3000,3000,3000,3000,3000,3000,3000,3000,3000,3000,3000,3000,3000,3000,3000,3000,3000,3000,3000,3000,3000,3000,3000,3000,3000,3000,3000,3000,3000,3000,3000,3000,3000,3000,3000,3000,3000,3000,3000,3000,3000,3000,3000,3000,3000,3000,3000,3000
3000,3000,3000,3000,3000,3000,3000,3000,3000,3000,3000,3000,3000,3000,3000,3000,3000,3000,3000,3000,3000,3000,3000,3000,3000,3000,3000,3000,3000,3000,3000,3000,3000,3000,3000,3000,3000,3000,3000,3000,3000,3000,3000,3000,3000,3000,3000,3000,3000,3000,3000,3000,3000,3000,3000,3000,3000,3000,3000,3000,3000,3000,3000,3000,3000,3000,3000,3000,3000,3000,3000,3000,3000,3000,3000,3000,3000,3000,3000,3000,3000,3000,3000,3000,3000,3000,3000,3000,3000,3000,3000,3000,3000,3000,3000,3000,3000,3000,3000,3000,3000,3000,3000,3000,3000,3000,3000,3000,3000,3000,3000,3000,3000,3000,3000,3000,3000,3000,3000,3000,3000,3000,3000,3000,3000,3000,3000,3000,3000,3000,3000,3000,3000,3000,3000,3000,3000,3000,3000,3000,3000,3000,3000,3000,3000,3000,3000,3000,3000,3000,3000,3000,3000,3000,3000,3000,3000,3000,3000,3000
3000,3000,3000,3000,3000,3000,3000,3000,3000,3000,3000,3000,3000,3000,3000,3000,3000,3000,3000,3000,3000,3000,3000,3000,3000,3000,3000,3000,3000,3000,3000,3000,3000,3000,3000,3000,3000,3000,3000,3000,3000,3000,3000,3000,3000,3000,3000,3000,3000,3000,3000,3000,3000,3000,3000,3000,3000,3000,3000,3000,3000,3000,3000,3000,3000,3000,3000,3000,3000,3000,3000,3000,3000,3000,3000,3000,3000,3000,3000,3000,3000,3000,3000,3000,3000,3000,3000,3000,3000,3000,3000,3000,3000,3000,3000,3000,3000,3000,3000,3000,3000,3000,3000,3000,3000,3000,3000,3000,3000,3000,3000,3000,3000,3000,3000,3000,3000,3000,3000,3000,3000,3000,3000,3000,3000,3000,3000,3000,3000,3000,3000,3000,3000,3000,3000,3000,3000,3000,3000,3000,3000,3000,3000,3000,3000,3000,3000,3000,3000,3000,3000,3000,3000,3000,3000,3000,3000,3000,3000,3000
3000,3000,3000,3000,3000,3000,3000,3000,3000,3000,3000,3000,3000,3000,3000,3000,3000,3000,3000,3000,3000,3000,3000,3000,3000,3000,3000,3000,3000,3000,3000,3000,3000,3000,3000,3000,3000,3000,3000,3000,3000,3000,3000,3000,3000,3000,3000,3000,3000,3000,3000,3000,3000,3000,3000,3000,3000,3000,3000,3000,3000,3000,3000,3000,3000,3000,3000,3000,3000,3000,3000,3000,3000,3000,3000,3000,3000,3000,3000,3000,3000,3000,3000,3000,3000,3000,3000,3000,3000,3000,3000,3000,3000,3000,3000,3000,3000,3000,3000,3000,3000,3000,3000,3000,3000,3000,3000,3000,3000,3000,3000,3000,3000,3000,3000,3000,3000,3000,3000,3000,3000,3000,3000,3000,3000,3000,3000,3000,3000,3000,3000,3000,3000,3000,3000,3000,3000,3000,3000,3000,3000,3000,3000,3000,3000,3000,3000,3000,3000,3000,3000,3000,3000,3000,3000,3000,3000,3000,3000,3000
3000,3000,3000,3000,3000,3000,3000,3000,3000,3000,3000,3000,3000,3000,3000,3000,3000,3000,3000,3000,3000,3000,3000,3000,3000,3000,3000,3000,3000,3000,3000,3000,3000,3000,3000,3000,3000,3000,3000,3000,3000,3000,3000,3000,3000,3000,3000,3000,3000,3000,3000,3000,3000,3000,3000,3000,3000,3000,3000,3000,3000,3000,3000,3000,3000,3000,3000,3000,3000,3000,3000,3000,3000,3000,3000,3000,3000,3000,3000,3000,3000,3000,3000,3000,3000,3000,3000,3000,3000,3000,3000,3000,3000,3000,3000,3000,3000,3000,3000,3000,3000,3000,3000,3000,3000,3000,3000,3000,3000,3000,3000,3000,3000,3000,3000,3000,3000,3000,3000,3000,3000,3000,3000,3000,3000,3000,3000,3000,3000,3000,3000,3000,3000,3000,3000,3000,3000,3000,3000,3000,3000,3000,3000,3000,3000,3000,3000,3000,3000,3000,3000,3000,3000,3000,3000,3000,3000,3000,3000,3000
3000,3000,3000,3000,3000,3000,3000,3000,3000,3000,3000,3000,3000,3000,3000,3000,3000,3000,3000,3000,3000,3000,3000,3000,3000,3000,3000,3000,3000,3000,3000,3000,3000,3000,3000,3000,3000,3000,3000,3000,3000,3000,3000,3000,3000,3000,3000,3000,3000,3000,3000,3000,3000,3000,3000,3000,3000,3000,3000,3000,3000,3000,3000,3000,3000,3000,3000,3000,3000,3000,3000,3000,3000,3000,3000,3000,3000,3000,3000,3000,3000,3000,3000,3000,3000,3000,3000,3000,3000,3000,3000,3000,3000,3000,3000,3000,3000,3000,3000,3000,3000,3000,3000,3000,3000,3000,3000,3000,3000,3000,3000,3000,3000,3000,3000,3000,3000,3000,3000,3000,3000,3000,3000,3000,3000,3000,3000,3000,3000,3000,3000,3000,3000,3000,3000,3000,3000,3000,3000,3000,3000,3000,3000,3000,3000,3000,3000,3000,3000,3000,3000,3000,3000,3000,3000,3000,3000,3000,3000,3000
3000,3000,3000,3000,3000,3000,3000,3000,3000,3000,3000,3000,3000,3000,3000,3000,3000,3000,3000,3000,3000,3000,3000,3000,3000,3000,3000,3000,3000,3000,3000,3000,3000,3000,3000,3000,3000,3000,3000,3000,3000,3000,3000,3000,3000,3000,3000,3000,3000,3000,3000,3000,3000,3000,3000,3000,3000,3000,3000,3000,3000,3000,3000,3000,3000,3000,3000,3000,3000,3000,3000,3000,3000,3000,3000,3000,3000,3000,3000,3000,3000,3000,3000,3000,3000,3000,3000,3000,3000,3000,3000,3000,3000,3000,3000,3000,3000,3000,3000,3000,3000,3000,3000,3000,3000,3000,3000,3000,3000,3000,3000,3000,3000,3000,3000,3000,3000,3000,3000,3000,3000,3000,3000,3000,3000,3000,3000,3000,3000,3000,3000,3000,3000,3000,3000,3000,3000,3000,3000,3000,3000,3000,3000,3000,3000,3000,3000,3000,3000,3000,3000,3000,3000,3000,3000,3000,3000,3000,3000,3000
3000,3000,3000,3000,3000,3000,3000,3000,3000,3000,3000,3000,3000,3000,3000,3000,3000,3000,3000,3000,3000,3000,3000,3000,3000,3000,3000,3000,3000,3000,3000,3000,3000,3000,3000,3000,3000,3000,3000,3000,3000,3000,3000,3000,3000,3000,3000,3000,3000,3000,3000,3000,3000,3000,3000,3000,3000,3000,3000,3000,3000,3000,3000,3000,3000,3000,3000,3000,3000,3000,3000,3000,3000,3000,3000,3000,3000,3000,3000,3000,3000,3000,3000,3000,3000,3000,3000,3000,3000,3000,3000,3000,3000,3000,3000,3000,3000,3000,3000,3000,3000,3000,3000,3000,3000,3000,3000,3000,3000,3000,3000,3000,3000,3000,3000,3000,3000,3000,3000,3000,3000,3000,3000,3000,3000,3000,3000,3000,3000,3000,3000,3000,3000,3000,3000,3000,3000,3000,3000,3000,3000,3000,3000,3000,3000,3000,3000,3000,3000,3000,3000,3000,3000,3000,3000,3000,3000,3000,3000,3000
3000,3000,3000,3000,3000,3000,3000,3000,3000,3000,3000,3000,3000,3000,3000,3000,3000,3000,3000,3000,3000,3000,3000,3000,3000,3000,3000,3000,3000,3000,3000,3000,3000,3000,3000,3000,3000,3000,3000,3000,3000,3000,3000,3000,3000,3000,3000,3000,3000,3000,3000,3000,3000,3000,3000,3000,3000,3000,3000,3000,3000,3000,3000,3000,3000,3000,3000,3000,3000,3000,3000,3000,3000,3000,3000,3000,3000,3000,3000,3000,3000,3000,3000,3000,3000,3000,3000,3000,3000,3000,3000,3000,3000,3000,3000,3000,3000,3000,3000,3000,3000,3000,3000,3000,3000,3000,3000,3000,3000,3000,3000,3000,3000,3000,3000,3000,3000,3000,3000,3000,3000,3000,3000,3000,3000,3000,3000,3000,3000,3000,3000,3000,3000,3000,3000,3000,3000,3000,3000,3000,3000,3000,3000,3000,3000,3000,3000,3000,3000,3000,3000,3000,3000,3000,3000,3000,3000,3000,3000,3000
3000,3000,3000,3000,3000,3000,3000,3000,3000,3000,3000,3000,3000,3000,3000,3000,3000,3000,3000,3000,3000,3000,3000,3000,3000,3000,3000,3000,3000,3000,3000,3000,3000,3000,3000,3000,3000,3000,3000,3000,3000,3000,3000,3000,3000,3000,3000,3000,3000,3000,3000,3000,3000,3000,3000,3000,3000,3000,3000,3000,3000,3000,3000,3000,3000,3000,3000,3000,3000,3000,3000,3000,3000,3000,3000,3000,3000,3000,3000,3000,3000,3000,3000,3000,3000,3000,3000,3000,3000,3000,3000,3000,3000,3000,3000,3000,3000,3000,3000,3000,3000,3000,3000,3000,3000,3000,3000,3000,3000,3000,3000,3000,3000,3000,3000,3000,3000,3000,3000,3000,3000,3000,3000,3000,3000,3000,3000,3000,3000,3000,3000,3000,3000,3000,3000,3000,3000,3000,3000,3000,3000,3000,3000,3000,3000,3000,3000,3000,3000,3000,3000,3000,3000,3000,3000,3000,3000,3000,3000,3000
3000,3000,3000,3000,3000,3000,3000,3000,3000,3000,3000,3000,3000,3000,3000,3000,3000,3000,3000,3000,3000,3000,3000,3000,3000,3000,3000,3000,3000,3000,3000,3000,3000,3000,3000,3000,3000,3000,3000,3000,3000,3000,3000,3000,3000,3000,3000,3000,3000,3000,3000,3000,3000,3000,3000,3000,3000,3000,3000,3000,3000,3000,3000,3000,3000,3000,3000,3000,3000,3000,3000,3000,3000,3000,3000,3000,3000,3000,3000,3000,3000,3000,3000,3000,3000,3000,3000,3000,3000,3000,3000,3000,3000,3000,3000,3000,3000,3000,3000,3000,3000,3000,3000,3000,3000,3000,3000,3000,3000,3000,3000,3000,3000,3000,3000,3000,3000,3000,3000,3000,3000,3000,3000,3000,3000,3000,3000,3000,3000,3000,3000,3000,3000,3000,3000,3000,3000,3000,3000,3000,3000,3000,3000,3000,3000,3000,3000,3000,3000,3000,3000,3000,3000,3000,3000,3000,3000,3000,3000,3000
3000,3000,3000,3000,3000,3000,3000,3000,3000,3000,3000,3000,3000,3000,3000,3000,3000,3000,3000,3000,3000,3000,3000,3000,3000,3000,3000,3000,3000,3000,3000,3000,3000,3000,3000,3000,3000,3000,3000,3000,3000,3000,3000,3000,3000,3000,3000,3000,3000,3000,3000,3000,3000,3000,3000,3000,3000,3000,3000,3000,3000,3000,3000,3000,3000,3000,3000,3000,3000,3000,3000,3000,3000,3000,3000,3000,3000,3000,3000,3000,3000,3000,3000,3000,3000,3000,3000,3000,3000,3000,3000,3000,3000,3000,3000,3000,3000,3000,3000,3000,3000,3000,3000,3000,3000,3000,3000,3000,3000,3000,3000,3000,3000,3000,3000,3000,3000,3000,3000,3000,3000,3000,3000,3000,3000,3000,3000,3000,3000,3000,3000,3000,3000,3000,3000,3000,3000,3000,3000,3000,3000,3000,3000,3000,3000,3000,3000,3000,3000,3000,3000,3000,3000,3000,3000,3000,3000,3000,3000,3000
3000,3000,3000,3000,3000,3000,3000,3000,3000,3000,3000,3000,3000,3000,3000,3000,3000,3000,3000,3000,3000,3000,3000,3000,3000,3000,3000,3000,3000,3000,3000,3000,3000,3000,3000,3000,3000,3000,3000,3000,3000,3000,3000,3000,3000,3000,3000,3000,3000,3000,3000,3000,3000,3000,3000,3000,3000,3000,3000,3000,3000,3000,3000,3000,3000,3000,3000,3000,3000,3000,3000,3000,3000,3000,3000,3000,3000,3000,3000,3000,3000,3000,3000,3000,3000,3000,3000,3000,3000,3000,3000,3000,3000,3000,3000,3000,3000,3000,3000,3000,3000,3000,3000,3000,3000,3000,3000,3000,3000,3000,3000,3000,3000,3000,3000,3000,3000,3000,3000,3000,3000,3000,3000,3000,3000,3000,3000,3000,3000,3000,3000,3000,3000,3000,3000,3000,3000,3000,3000,3000,3000,3000,3000,3000,3000,3000,3000,3000,3000,3000,3000,3000,3000,3000,3000,3000,3000,3000,3000,3000
3000,3000,3000,3000,3000,3000,3000,3000,3000,3000,3000,3000,3000,3000,3000,3000,3000,3000,3000,3000,3000,3000,3000,3000,3000,3000,3000,3000,3000,3000,3000,3000,3000,3000,3000,3000,3000,3000,3000,3000,3000,3000,3000,3000,3000,3000,3000,3000,3000,3000,3000,3000,3000,3000,3000,3000,3000,3000,3000,3000,3000,3000,3000,3000,3000,3000,3000,3000,3000,3000,3000,3000,3000,3000,3000,3000,3000,3000,3000,3000,3000,3000,3000,3000,3000,3000,3000,3000,3000,3000,3000,3000,3000,3000,3000,3000,3000,3000,3000,3000,3000,3000,3000,3000,3000,3000,3000,3000,3000,3000,3000,3000,3000,3000,3000,3000,3000,3000,3000,3000,3000,3000,3000,3000,3000,3000,3000,3000,3000,3000,3000,3000,3000,3000,3000,3000,3000,3000,3000,3000,3000,3000,3000,3000,3000,3000,3000,3000,3000,3000,3000,3000,3000,3000,3000,3000,3000,3000,3000,3000
3000,3000,3000,3000,3000,3000,3000,3000,3000,3000,3000,3000,3000,3000,3000,3000,3000,3000,3000,3000,3000,3000,3000,3000,3000,3000,3000,3000,3000,3000,3000,3000,3000,3000,3000,3000,3000,3000,3000,3000,3000,3000,3000,3000,3000,3000,3000,3000,3000,3000,3000,3000,3000,3000,3000,3000,3000,3000,3000,3000,3000,3000,3000,3000,3000,3000,3000,3000,3000,3000,3000,3000,3000,3000,3000,3000,3000,3000,3000,3000,3000,3000,3000,3000,3000,3000,3000,3000,3000,3000,3000,3000,3000,3000,3000,3000,3000,3000,3000,3000,3000,3000,3000,3000,3000,3000,3000,3000,3000,3000,3000,3000,3000,3000,3000,3000,3000,3000,3000,3000,3000,3000,3000,3000,3000,3000,3000,3000,3000,3000,3000,3000,3000,3000,3000,3000,3000,3000,3000,3000,3000,3000,3000,3000,3000,3000,3000,3000,3000,3000,3000,3000,3000,3000,3000,3000,3000,3000,3000,3000
3000,3000,3000,3000,3000,3000,3000,3000,3000,3000,3000,3000,3000,3000,3000,3000,3000,3000,3000,3000,3000,3000,3000,3000,3000,3000,3000,3000,3000,3000,3000,3000,3000,3000,3000,3000,3000,3000,3000,3000,3000,3000,3000,3000,3000,3000,3000,3000,3000,3000,3000,3000,3000,3000,3000,3000,3000,3000,3000,3000,3000,3000,3000,3000,3000,3000,3000,3000,3000,3000,3000,3000,3000,3000,3000,3000,3000,3000,3000,3000,3000,3000,3000,3000,3000,3000,3000,3000,3000,3000,3000,3000,3000,3000,3000,3000,3000,3000,3000,3000,3000,3000,3000,3000,3000,3000,3000,3000,3000,3000,3000,3000,3000,3000,3000,3000,3000,3000,3000,3000,3000,3000,3000,3000,3000,3000,3000,3000,3000,3000,3000,3000,3000,3000,3000,3000,3000,3000,3000,3000,3000,3000,3000,3000,3000,3000,3000,3000,3000,3000,3000,3000,3000,3000,3000,3000,3000,3000,3000,3000
3000,3000,3000,3000,3000,3000,3000,3000,3000,3000,3000,3000,3000,3000,3000,3000,3000,3000,3000,3000,3000,3000,3000,3000,3000,3000,3000,3000,3000,3000,3000,3000,3000,3000,3000,3000,3000,3000,3000,3000,3000,3000,3000,3000,3000,3000,3000,3000,3000,3000,3000,3000,3000,3000,3000,3000,3000,3000,3000,3000,3000,3000,3000,3000,3000,3000,3000,3000,3000,3000,3000,3000,3000,3000,3000,3000,3000,3000,3000,3000,3000,3000,3000,3000,3000,3000,3000,3000,3000,3000,3000,3000,3000,3000,3000,3000,3000,3000,3000,3000,3000,3000,3000,3000,3000,3000,3000,3000,3000,3000,3000,3000,3000,3000,3000,3000,3000,3000,3000,3000,3000,3000,3000,3000,3000,3000,3000,3000,3000,3000,3000,3000,3000,3000,3000,3000,3000,3000,3000,3000,3000,3000,3000,3000,3000,3000,3000,3000,3000,3000,3000,3000,3000,3000,3000,3000,3000,3000,3000,3000
3000,3000,3000,3000,3000,3000,3000,3000,3000,3000,3000,3000,3000,3000,3000,3000,3000,3000,3000,3000,3000,3000,3000,3000,3000,3000,3000,3000,3000,3000,3000,3000,3000,3000,3000,3000,3000,3000,3000,3000,3000,3000,3000,3000,3000,3000,3000,3000,3000,3000,3000,3000,3000,3000,3000,3000,3000,3000,3000,3000,3000,3000,3000,3000,3000,3000,3000,3000,3000,3000,3000,3000,3000,3000,3000,3000,3000,3000,3000,3000,3000,3000,3000,3000,3000,3000,3000,3000,3000,3000,3000,3000,3000,3000,3000,3000,3000,3000,3000,3000,3000,3000,3000,3000,3000,3000,3000,3000,3000,3000,3000,3000,3000,3000,3000,3000,3000,3000,3000,3000,3000,3000,3000,3000,3000,3000,3000,3000,3000,3000,3000,3000,3000,3000,3000,3000,3000,3000,3000,3000,3000,3000,3000,3000,3000,3000,3000,3000,3000,3000,3000,3000,3000,3000,3000,3000,3000,3000,3000,3000
3000,3000,3000,3000,3000,3000,3000,3000,3000,3000,3000,3000,3000,3000,3000,3000,3000,3000,3000,3000,3000,3000,3000,3000,3000,3000,3000,3000,3000,3000,3000,3000,3000,3000,3000,3000,3000,3000,3000,3000,3000,3000,3000,3000,3000,3000,3000,3000,3000,3000,3000,3000,3000,3000,3000,3000,3000,3000,3000,3000,3000,3000,3000,3000,3000,3000,3000,3000,3000,3000,3000,3000,3000,3000,3000,3000,3000,3000,3000,3000,3000,3000,3000,3000,3000,3000,3000,3000,3000,3000,3000,3000,3000,3000,3000,3000,3000,3000,3000,3000,3000,3000,3000,3000,3000,3000,3000,3000,3000,3000,3000,3000,3000,3000,3000,3000,3000,3000,3000,3000,3000,3000,3000,3000,3000,3000,3000,3000,3000,3000,3000,3000,3000,3000,3000,3000,3000,3000,3000,3000,3000,3000,3000,3000,3000,3000,3000,3000,3000,3000,3000,3000,3000,3000,3000,3000,3000,3000,3000,3000
3000,3000,3000,3000,3000,3000,3000,3000,3000,3000,3000,3000,3000,3000,3000,3000,3000,3000,3000,3000,3000,3000,3000,3000,3000,3000,3000,3000,3000,3000,3000,3000,3000,3000,3000,3000,3000,3000,3000,3000,3000,3000,3000,3000,3000,3000,3000,3000,3000,3000,3000,3000,3000,3000,3000,3000,3000,3000,3000,3000,3000,3000,3000,3000,3000,3000,3000,3000,3000,3000,3000,3000,3000,3000,3000,3000,3000,3000,3000,3000,3000,3000,3000,3000,3000,3000,3000,3000,3000,3000,3000,3000,3000,3000,3000,3000,3000,3000,3000,3000,3000,3000,3000,3000,3000,3000,3000,3000,3000,3000,3000,3000,3000,3000,3000,3000,3000,3000,3000,3000,3000,3000,3000,3000,3000,3000,3000,3000,3000,3000,3000,3000,3000,3000,3000,3000,3000,3000,3000,3000,3000,3000,3000,3000,3000,3000,3000,3000,3000,3000,3000,3000,3000,3000,3000,3000,3000,3000,3000,3000
3000,3000,3000,3000,3000,3000,3000,3000,3000,3000,3000,3000,3000,3000,3000,3000,3000,3000,3000,3000,3000,3000,3000,3000,3000,3000,3000,3000,3000,3000,3000,3000,3000,3000,3000,3000,3000,3000,3000,3000,3000,3000,3000,3000,3000,3000,3000,3000,3000,3000,3000,3000,3000,3000,3000,3000,3000,3000,3000,3000,3000,3000,3000,3000,3000,3000,3000,3000,3000,3000,3000,3000,3000,3000,3000,3000,3000,3000,3000,3000,3000,3000,3000,3000,3000,3000,3000,3000,3000,3000,3000,3000,3000,3000,3000,3000,3000,3000,3000,3000,3000,3000,3000,3000,3000,3000,3000,3000,3000,3000,3000,3000,3000,3000,3000,3000,3000,3000,3000,3000,3000,3000,3000,3000,3000,3000,3000,3000,3000,3000,3000,3000,3000,3000,3000,3000,3000,3000,3000,3000,3000,3000,3000,3000,3000,3000,3000,3000,3000,3000,3000,3000,3000,3000,3000,3000,3000,3000,3000,3000
3000,3000,3000,3000,3000,3000,3000,3000,3000,3000,3000,3000,3000,3000,3000,3000,3000,3000,3000,3000,3000,3000,3000,3000,3000,3000,3000,3000,3000,3000,3000,3000,3000,3000,3000,3000,3000,3000,3000,3000,3000,3000,3000,3000,3000,3000,3000,3000,3000,3000,3000,3000,3000,3000,3000,3000,3000,3000,3000,3000,3000,3000,3000,3000,3000,3000,3000,3000,3000,3000,3000,3000,3000,3000,3000,3000,3000,3000,3000,3000,3000,3000,3000,3000,3000,3000,3000,3000,3000,3000,3000,3000,3000,3000,3000,3000,3000,3000,3000,3000,3000,3000,3000,3000,3000,3000,3000,3000,3000,3000,3000,3000,3000,3000,3000,3000,3000,3000,3000,3000,3000,3000,3000,3000,3000,3000,3000,3000,3000,3000,3000,3000,3000,3000,3000,3000,3000,3000,3000,3000,3000,3000,3000,3000,3000,3000,3000,3000,3000,3000,3000,3000,3000,3000,3000,3000,3000,3000,3000,3000
3000,3000,3000,3000,3000,3000,3000,3000,3000,3000,3000,3000,3000,3000,3000,3000,3000,3000,3000,3000,3000,3000,3000,3000,3000,3000,3000,3000,3000,3000,3000,3000,3000,3000,3000,3000,3000,3000,3000,3000,3000,3000,3000,3000,3000,3000,3000,3000,3000,3000,3000,3000,3000,3000,3000,3000,3000,3000,3000,3000,3000,3000,3000,3000,3000,3000,3000,3000,3000,3000,3000,3000,3000,3000,3000,3000,3000,3000,3000,3000,3000,3000,3000,3000,3000,3000,3000,3000,3000,3000,3000,3000,3000,3000,3000,3000,3000,3000,3000,3000,3000,3000,3000,3000,3000,3000,3000,3000,3000,3000,3000,3000,3000,3000,3000,3000,3000,3000,3000,3000,3000,3000,3000,3000,3000,3000,3000,3000,3000,3000,3000,3000,3000,3000,3000,3000,3000,3000,3000,3000,3000,3000,3000,3000,3000,3000,3000,3000,3000,3000,3000,3000,3000,3000,3000,3000,3000,3000,3000,3000
3000,3000,3000,3000,3000,3000,3000,3000,3000,3000,3000,3000,3000,3000,3000,3000,3000,3000,3000,3000,3000,3000,3000,3000,3000,3000,3000,3000,3000,3000,3000,3000,3000,3000,3000,3000,3000,3000,3000,3000,3000,3000,3000,3000,3000,3000,3000,3000,3000,3000,3000,3000,3000,3000,3000,3000,3000,3000,3000,3000,3000,3000,3000,3000,3000,3000,3000,3000,3000,3000,3000,3000,3000,3000,3000,3000,3000,3000,3000,3000,3000,3000,3000,3000,3000,3000,3000,3000,3000,3000,3000,3000,3000,3000,3000,3000,3000,3000,3000,3000,3000,3000,3000,3000,3000,3000,3000,3000,3000,3000,3000,3000,3000,3000,3000,3000,3000,3000,3000,3000,3000,3000,3000,3000,3000,3000,3000,3000,3000,3000,3000,3000,3000,3000,3000,3000,3000,3000,3000,3000,3000,3000,3000,3000,3000,3000,3000,3000,3000,3000,3000,3000,3000,3000,3000,3000,3000,3000,3000,3000
3000,3000,3000,3000,3000,3000,3000,3000,3000,3000,3000,3000,3000,3000,3000,3000,3000,3000,3000,3000,3000,3000,3000,3000,3000,3000,3000,3000,3000,3000,3000,3000,3000,3000,3000,3000,3000,3000,3000,3000,3000,3000,3000,3000,3000,3000,3000,3000,3000,3000,3000,3000,3000,3000,3000,3000,3000,3000,3000,3000,3000,3000,3000,3000,3000,3000,3000,3000,3000,3000,3000,3000,3000,3000,3000,3000,3000,3000,3000,3000,3000,3000,3000,3000,3000,3000,3000,3000,3000,3000,3000,3000,3000,3000,3000,3000,3000,3000,3000,3000,3000,3000,3000,3000,3000,3000,3000,3000,3000,3000,3000,3000,3000,3000,3000,3000,3000,3000,3000,3000,3000,3000,3000,3000,3000,3000,3000,3000,3000,3000,3000,3000,3000,3000,3000,3000,3000,3000,3000,3000,3000,3000,3000,3000,3000,3000,3000,3000,3000,3000,3000,3000,3000,3000,3000,3000,3000,3000,3000,3000
3000,3000,3000,3000,3000,3000,3000,3000,3000,3000,3000,3000,3000,3000,3000,3000,3000,3000,3000,3000,3000,3000,3000,3000,3000,3000,3000,3000,3000,3000,3000,3000,3000,3000,3000,3000,3000,3000,3000,3000,3000,3000,3000,3000,3000,3000,3000,3000,3000,3000,3000,3000,3000,3000,3000,3000,3000,3000,3000,3000,3000,3000,3000,3000,3000,3000,3000,3000,3000,3000,3000,3000,3000,3000,3000,3000,3000,3000,3000,3000,3000,3000,3000,3000,3000,3000,3000,3000,3000,3000,3000,3000,3000,3000,3000,3000,3000,3000,3000,3000,3000,3000,3000,3000,3000,3000,3000,3000,3000,3000,3000,3000,3000,3000,3000,3000,3000,3000,3000,3000,3000,3000,3000,3000,3000,3000,3000,3000,3000,3000,3000,3000,3000,3000,3000,3000,3000,3000,3000,3000,3000,3000,3000,3000,3000,3000,3000,3000,3000,3000,3000,3000,3000,3000,3000,3000,3000,3000,3000,3000
3000,3000,3000,3000,3000,3000,3000,3000,3000,3000,3000,3000,3000,3000,3000,3000,3000,3000,3000,3000,3000,3000,3000,3000,3000,3000,3000,3000,3000,3000,3000,3000,3000,3000,3000,3000,3000,3000,3000,3000,3000,3000,3000,3000,3000,3000,3000,3000,3000,3000,3000,3000,3000,3000,3000,3000,3000,3000,3000,3000,3000,3000,3000,3000,3000,3000,3000,3000,3000,3000,3000,3000,3000,3000,3000,3000,3000,3000,3000,3000,3000,3000,3000,3000,3000,3000,3000,3000,3000,3000,3000,3000,3000,3000,3000,3000,3000,3000,3000,3000,3000,3000,3000,3000,3000,3000,3000,3000,3000,3000,3000,3000,3000,3000,3000,3000,3000,3000,3000,3000,3000,3000,3000,3000,3000,3000,3000,3000,3000,3000,3000,3000,3000,3000,3000,3000,3000,3000,3000,3000,3000,3000,3000,3000,3000,3000,3000,3000,3000,3000,3000,3000,3000,3000,3000,3000,3000,3000,3000,3000
3000,3000,3000,3000,3000,3000,3000,3000,3000,3000,3000,3000,3000,3000,3000,3000,3000,3000,3000,3000,3000,3000,3000,3000,3000,3000,3000,3000,3000,3000,3000,3000,3000,3000,3000,3000,3000,3000,3000,3000,3000,3000,3000,3000,3000,3000,3000,3000,3000,3000,3000,3000,3000,3000,3000,3000,3000,3000,3000,3000,3000,3000,3000,3000,3000,3000,3000,3000,3000,3000,3000,3000,3000,3000,3000,3000,3000,3000,3000,3000,3000,3000,3000,3000,3000,3000,3000,3000,3000,3000,3000,3000,3000,3000,3000,3000,3000,3000,3000,3000,3000,3000,3000,3000,3000,3000,3000,3000,3000,3000,3000,3000,3000,3000,3000,3000,3000,3000,3000,3000,3000,3000,3000,3000,3000,3000,3000,3000,3000,3000,3000,3000,3000,3000,3000,3000,3000,3000,3000,3000,3000,3000,3000,3000,3000,3000,3000,3000,3000,3000,3000,3000,3000,3000,3000,3000,3000,3000,3000,3000
3000,3000,3000,3000,3000,3000,3000,3000,3000,3000,3000,3000,3000,3000,3000,3000,3000,3000,3000,3000,3000,3000,3000,3000,3000,3000,3000,3000,3000,3000,3000,3000,3000,3000,3000,3000,3000,3000,3000,3000,3000,3000,3000,3000,3000,3000,3000,3000,3000,3000,3000,3000,3000,3000,3000,3000,3000,3000,3000,3000,3000,3000,3000,3000,3000,3000,3000,3000,3000,3000,3000,3000,3000,3000,3000,3000,3000,3000,3000,3000,3000,3000,3000,3000,3000,3000,3000,3000,3000,3000,3000,3000,3000,3000,3000,3000,3000,3000,3000,3000,3000,3000,3000,3000,3000,3000,3000,3000,3000,3000,3000,3000,3000,3000,3000,3000,3000,3000,3000,3000,3000,3000,3000,3000,3000,3000,3000,3000,3000,3000,3000,3000,3000,3000,3000,3000,3000,3000,3000,3000,3000,3000,3000,3000,3000,3000,3000,3000,3000,3000,3000,3000,3000,3000,3000,3000,3000,3000,3000,3000
3000,3000,3000,3000,3000,3000,3000,3000,3000,3000,3000,3000,3000,3000,3000,3000,3000,3000,3000,3000,3000,3000,3000,3000,3000,3000,3000,3000,3000,3000,3000,3000,3000,3000,3000,3000,3000,3000,3000,3000,3000,3000,3000,3000,3000,3000,3000,3000,3000,3000,3000,3000,3000,3000,3000,3000,3000,3000,3000,3000,3000,3000,3000,3000,3000,3000,3000,3000,3000,3000,3000,3000,3000,3000,3000,3000,3000,3000,3000,3000,3000,3000,3000,3000,3000,3000,3000,3000,3000,3000,3000,3000,3000,3000,3000,3000,3000,3000,3000,3000,3000,3000,3000,3000,3000,3000,3000,3000,3000,3000,3000,3000,3000,3000,3000,3000,3000,3000,3000,3000,3000,3000,3000,3000,3000,3000,3000,3000,3000,3000,3000,3000,3000,3000,3000,3000,3000,3000,3000,3000,3000,3000,3000,3000,3000,3000,3000,3000,3000,3000,3000,3000,3000,3000,3000,3000,3000,3000,3000,3000
3000,3000,3000,3000,3000,3000,3000,3000,3000,3000,3000,3000,3000,3000,3000,3000,3000,3000,3000,3000,3000,3000,3000,3000,3000,3000,3000,3000,3000,3000,3000,3000,3000,3000,3000,3000,3000,3000,3000,3000,3000,3000,3000,3000,3000,3000,3000,3000,3000,3000,3000,3000,3000,3000,3000,3000,3000,3000,3000,3000,3000,3000,3000,3000,3000,3000,3000,3000,3000,3000,3000,3000,3000,3000,3000,3000,3000,3000,3000,3000,3000,3000,3000,3000,3000,3000,3000,3000,3000,3000,3000,3000,3000,3000,3000,3000,3000,3000,3000,3000,3000,3000,3000,3000,3000,3000,3000,3000,3000,3000,3000,3000,3000,3000,3000,3000,3000,3000,3000,3000,3000,3000,3000,3000,3000,3000,3000,3000,3000,3000,3000,3000,3000,3000,3000,3000,3000,3000,3000,3000,3000,3000,3000,3000,3000,3000,3000,3000,3000,3000,3000,3000,3000,3000,3000,3000,3000,3000,3000,3000
3000,3000,3000,3000,3000,3000,3000,3000,3000,3000,3000,3000,3000,3000,3000,3000,3000,3000,3000,3000,3000,3000,3000,3000,3000,3000,3000,3000,3000,3000,3000,3000,3000,3000,3000,3000,3000,3000,3000,3000,3000,3000,3000,3000,3000,3000,3000,3000,3000,3000,3000,3000,3000,3000,3000,3000,3000,3000,3000,3000,3000,3000,3000,3000,3000,3000,3000,3000,3000,3000,3000,3000,3000,3000,3000,3000,3000,3000,3000,3000,3000,3000,3000,3000,3000,3000,3000,3000,3000,3000,3000,3000,3000,3000,3000,3000,3000,3000,3000,3000,3000,3000,3000,3000,3000,3000,3000,3000,3000,3000,3000,3000,3000,3000,3000,3000,3000,3000,3000,3000,3000,3000,3000,3000,3000,3000,3000,3000,3000,3000,3000,3000,3000,3000,3000,3000,3000,3000,3000,3000,3000,3000,3000,3000,3000,3000,3000,3000,3000,3000,3000,3000,3000,3000,3000,3000,3000,3000,3000,3000
3000,3000,3000,3000,3000,3000,3000,3000,3000,3000,3000,3000,3000,3000,3000,3000,3000,3000,3000,3000,3000,3000,3000,3000,3000,3000,3000,3000,3000,3000,3000,3000,3000,3000,3000,3000,3000,3000,3000,3000,3000,3000,3000,3000,3000,3000,3000,3000,3000,3000,3000,3000,3000,3000,3000,3000,3000,3000,3000,3000,3000,3000,3000,3000,3000,3000,3000,3000,3000,3000,3000,3000,3000,3000,3000,3000,3000,3000,3000,3000,3000,3000,3000,3000,3000,3000,3000,3000,3000,3000,3000,3000,3000,3000,3000,3000,3000,3000,3000,3000,3000,3000,3000,3000,3000,3000,3000,3000,3000,3000,3000,3000,3000,3000,3000,3000,3000,3000,3000,3000,3000,3000,3000,3000,3000,3000,3000,3000,3000,3000,3000,3000,3000,3000,3000,3000,3000,3000,3000,3000,3000,3000,3000,3000,3000,3000,3000,3000,3000,3000,3000,3000,3000,3000,3000,3000,3000,3000,3000,3000
3000,3000,3000,3000,3000,3000,3000,3000,3000,3000,3000,3000,3000,3000,3000,3000,3000,3000,3000,3000,3000,3000,3000,3000,3000,3000,3000,3000,3000,3000,3000,3000,3000,3000,3000,3000,3000,3000,3000,3000,3000,3000,3000,3000,3000,3000,3000,3000,3000,3000,3000,3000,3000,3000,3000,3000,3000,3000,3000,3000,3000,3000,3000,3000,3000,3000,3000,3000,3000,3000,3000,3000,3000,3000,3000,3000,3000,3000,3000,3000,3000,3000,3000,3000,3000,3000,3000,3000,3000,3000,3000,3000,3000,3000,3000,3000,3000,3000,3000,3000,3000,3000,3000,3000,3000,3000,3000,3000,3000,3000,3000,3000,3000,3000,3000,3000,3000,3000,3000,3000,3000,3000,3000,3000,3000,3000,3000,3000,3000,3000,3000,3000,3000,3000,3000,3000,3000,3000,3000,3000,3000,3000,3000,3000,3000,3000,3000,3000,3000,3000,3000,3000,3000,3000,3000,3000,3000,3000,3000,3000
3000,3000,3000,3000,3000,3000,3000,3000,3000,3000,3000,3000,3000,3000,3000,3000,3000,3000,3000,3000,3000,3000,3000,3000,3000,3000,3000,3000,3000,3000,3000,3000,3000,3000,3000,3000,3000,3000,3000,3000,3000,3000,3000,3000,3000,3000,3000,3000,3000,3000,3000,3000,3000,3000,3000,3000,3000,3000,3000,3000,3000,3000,3000,3000,3000,3000,3000,3000,3000,3000,3000,3000,3000,3000,3000,3000,3000,3000,3000,3000,3000,3000,3000,3000,3000,3000,3000,3000,3000,3000,3000,3000,3000,3000,3000,3000,3000,3000,3000,3000,3000,3000,3000,3000,3000,3000,3000,3000,3000,3000,3000,3000,3000,3000,3000,3000,3000,3000,3000,3000,3000,3000,3000,3000,3000,3000,3000,3000,3000,3000,3000,3000,3000,3000,3000,3000,3000,3000,3000,3000,3000,3000,3000,3000,3000,3000,3000,3000,3000,3000,3000,3000,3000,3000,3000,3000,3000,3000,3000,3000
3000,3000,3000,3000,3000,3000,3000,3000,3000,3000,3000,3000,3000,3000,3000,3000,3000,3000,3000,3000,3000,3000,3000,3000,3000,3000,3000,3000,3000,3000,3000,3000,3000,3000,3000,3000,3000,3000,3000,3000,3000,3000,3000,3000,3000,3000,3000,3000,3000,3000,3000,3000,3000,3000,3000,3000,3000,3000,3000,3000,3000,3000,3000,3000,3000,3000,3000,3000,3000,3000,3000,3000,3000,3000,3000,3000,3000,3000,3000,3000,3000,3000,3000,3000,3000,3000,3000,3000,3000,3000,3000,3000,3000,3000,3000,3000,3000,3000,3000,3000,3000,3000,3000,3000,3000,3000,3000,3000,3000,3000,3000,3000,3000,3000,3000,3000,3000,3000,3000,3000,3000,3000,3000,3000,3000,3000,3000,3000,3000,3000,3000,3000,3000,3000,3000,3000,3000,3000,3000,3000,3000,3000,3000,3000,3000,3000,3000,3000,3000,3000,3000,3000,3000,3000,3000,3000,3000,3000,3000,3000
3000,3000,3000,3000,3000,3000,3000,3000,3000,3000,3000,3000,3000,3000,3000,3000,3000,3000,3000,3000,3000,3000,3000,3000,3000,3000,3000,3000,3000,3000,3000,3000,3000,3000,3000,3000,3000,3000,3000,3000,3000,3000,3000,3000,3000,3000,3000,3000,3000,3000,3000,3000,3000,3000,3000,3000,3000,3000,3000,3000,3000,3000,3000,3000,3000,3000,3000,3000,3000,3000,3000,3000,3000,3000,3000,3000,3000,3000,3000,3000,3000,3000,3000,3000,3000,3000,3000,3000,3000,3000,3000,3000,3000,3000,3000,3000,3000,3000,3000,3000,3000,3000,3000,3000,3000,3000,3000,3000,3000,3000,3000,3000,3000,3000,3000,3000,3000,3000,3000,3000,3000,3000,3000,3000,3000,3000,3000,3000,3000,3000,3000,3000,3000,3000,3000,3000,3000,3000,3000,3000,3000,3000,3000,3000,3000,3000,3000,3000,3000,3000,3000,3000,3000,3000,3000,3000,3000,3000,3000,3000
3000,3000,3000,3000,3000,3000,3000,3000,3000,3000,3000,3000,3000,3000,3000,3000,3000,3000,3000,3000,3000,3000,3000,3000,3000,3000,3000,3000,3000,3000,3000,3000,3000,3000,3000,3000,3000,3000,3000,3000,3000,3000,3000,3000,3000,3000,3000,3000,3000,3000,3000,3000,3000,3000,3000,3000,3000,3000,3000,3000,3000,3000,3000,3000,3000,3000,3000,3000,3000,3000,3000,3000,3000,3000,3000,3000,3000,3000,3000,3000,3000,3000,3000,3000,3000,3000,3000,3000,3000,3000,3000,3000,3000,3000,3000,3000,3000,3000,3000,3000,3000,3000,3000,3000,3000,3000,3000,3000,3000,3000,3000,3000,3000,3000,3000,3000,3000,3000,3000,3000,3000,3000,3000,3000,3000,3000,3000,3000,3000,3000,3000,3000,3000,3000,3000,3000,3000,3000,3000,3000,3000,3000,3000,3000,3000,3000,3000,3000,3000,3000,3000,3000,3000,3000,3000,3000,3000,3000,3000,3000
3000,3000,3000,3000,3000,3000,3000,3000,3000,3000,3000,3000,3000,3000,3000,3000,3000,3000,3000,3000,3000,3000,3000,3000,3000,3000,3000,3000,3000,3000,3000,3000,3000,3000,3000,3000,3000,3000,3000,3000,3000,3000,3000,3000,3000,3000,3000,3000,3000,3000,3000,3000,3000,3000,3000,3000,3000,3000,3000,3000,3000,3000,3000,3000,3000,3000,3000,3000,3000,3000,3000,3000,3000,3000,3000,3000,3000,3000,3000,3000,3000,3000,3000,3000,3000,3000,3000,3000,3000,3000,3000,3000,3000,3000,3000,3000,3000,3000,3000,3000,3000,3000,3000,3000,3000,3000,3000,3000,3000,3000,3000,3000,3000,3000,3000,3000,3000,3000,3000,3000,3000,3000,3000,3000,3000,3000,3000,3000,3000,3000,3000,3000,3000,3000,3000,3000,3000,3000,3000,3000,3000,3000,3000,3000,3000,3000,3000,3000,3000,3000,3000,3000,3000,3000,3000,3000,3000,3000,3000,3000
3000,3000,3000,3000,3000,3000,3000,3000,3000,3000,3000,3000,3000,3000,3000,3000,3000,3000,3000,3000,3000,3000,3000,3000,3000,3000,3000,3000,3000,3000,3000,3000,3000,3000,3000,3000,3000,3000,3000,3000,3000,3000,3000,3000,3000,3000,3000,3000,3000,3000,3000,3000,3000,3000,3000,3000,3000,3000,3000,3000,3000,3000,3000,3000,3000,3000,3000,3000,3000,3000,3000,3000,3000,3000,3000,3000,3000,3000,3000,3000,3000,3000,3000,3000,3000,3000,3000,3000,3000,3000,3000,3000,3000,3000,3000,3000,3000,3000,3000,3000,3000,3000,3000,3000,3000,3000,3000,3000,3000,3000,3000,3000,3000,3000,3000,3000,3000,3000,3000,3000,3000,3000,3000,3000,3000,3000,3000,3000,3000,3000,3000,3000,3000,3000,3000,3000,3000,3000,3000,3000,3000,3000,3000,3000,3000,3000,3000,3000,3000,3000,3000,3000,3000,3000,3000,3000,3000,3000,3000,3000
3000,3000,3000,3000,3000,3000,3000,3000,3000,3000,3000,3000,3000,3000,3000,3000,3000,3000,3000,3000,3000,3000,3000,3000,3000,3000,3000,3000,3000,3000,3000,3000,3000,3000,3000,3000,3000,3000,3000,3000,3000,3000,3000,3000,3000,3000,3000,3000,3000,3000,3000,3000,3000,3000,3000,3000,3000,3000,3000,3000,3000,3000,3000,3000,3000,3000,3000,3000,3000,3000,3000,3000,3000,3000,3000,3000,3000,3000,3000,3000,3000,3000,3000,3000,3000,3000,3000,3000,3000,3000,3000,3000,3000,3000,3000,3000,3000,3000,3000,3000,3000,3000,3000,3000,3000,3000,3000,3000,3000,3000,3000,3000,3000,3000,3000,3000,3000,3000,3000,3000,3000,3000,3000,3000,3000,3000,3000,3000,3000,3000,3000,3000,3000,3000,3000,3000,3000,3000,3000,3000,3000,3000,3000,3000,3000,3000,3000,3000,3000,3000,3000,3000,3000,3000,3000,3000,3000,3000,3000,3000
3000,3000,3000,3000,3000,3000,3000,3000,3000,3000,3000,3000,3000,3000,3000,3000,3000,3000,3000,3000,3000,3000,3000,3000,3000,3000,3000,3000,3000,3000,3000,3000,3000,3000,3000,3000,3000,3000,3000,3000,3000,3000,3000,3000,3000,3000,3000,3000,3000,3000,3000,3000,3000,3000,3000,3000,3000,3000,3000,3000,3000,3000,3000,3000,3000,3000,3000,3000,3000,3000,3000,3000,3000,3000,3000,3000,3000,3000,3000,3000,3000,3000,3000,3000,3000,3000,3000,3000,3000,3000,3000,3000,3000,3000,3000,3000,3000,3000,3000,3000,3000,3000,3000,3000,3000,3000,3000,3000,3000,3000,3000,3000,3000,3000,3000,3000,3000,3000,3000,3000,3000,3000,3000,3000,3000,3000,3000,3000,3000,3000,3000,3000,3000,3000,3000,3000,3000,3000,3000,3000,3000,3000,3000,3000,3000,3000,3000,3000,3000,3000,3000,3000,3000,3000,3000,3000,3000,3000,3000,3000
3000,3000,3000,3000,3000,3000,3000,3000,3000,3000,3000,3000,3000,3000,3000,3000,3000,3000,3000,3000,3000,3000,3000,3000,3000,3000,3000,3000,3000,3000,3000,3000,3000,3000,3000,3000,3000,3000,3000,3000,3000,3000,3000,3000,3000,3000,3000,3000,3000,3000,3000,3000,3000,3000,3000,3000,3000,3000,3000,3000,3000,3000,3000,3000,3000,3000,3000,3000,3000,3000,3000,3000,3000,3000,3000,3000,3000,3000,3000,3000,3000,3000,3000,3000,3000,3000,3000,3000,3000,3000,3000,3000,3000,3000,3000,3000,3000,3000,3000,3000,3000,3000,3000,3000,3000,3000,3000,3000,3000,3000,3000,3000,3000,3000,3000,3000,3000,3000,3000,3000,3000,3000,3000,3000,3000,3000,3000,3000,3000,3000,3000,3000,3000,3000,3000,3000,3000,3000,3000,3000,3000,3000,3000,3000,3000,3000,3000,3000,3000,3000,3000,3000,3000,3000,3000,3000,3000,3000,3000,3000
3000,3000,3000,3000,3000,3000,3000,3000,3000,3000,3000,3000,3000,3000,3000,3000,3000,3000,3000,3000,3000,3000,3000,3000,3000,3000,3000,3000,3000,3000,3000,3000,3000,3000,3000,3000,3000,3000,3000,3000,3000,3000,3000,3000,3000,3000,3000,3000,3000,3000,3000,3000,3000,3000,3000,3000,3000,3000,3000,3000,3000,3000,3000,3000,3000,3000,3000,3000,3000,3000,3000,3000,3000,3000,3000,3000,3000,3000,3000,3000,3000,3000,3000,3000,3000,3000,3000,3000,3000,3000,3000,3000,3000,3000,3000,3000,3000,3000,3000,3000,3000,3000,3000,3000,3000,3000,3000,3000,3000,3000,3000,3000,3000,3000,3000,3000,3000,3000,3000,3000,3000,3000,3000,3000,3000,3000,3000,3000,3000,3000,3000,3000,3000,3000,3000,3000,3000,3000,3000,3000,3000,3000,3000,3000,3000,3000,3000,3000,3000,3000,3000,3000,3000,3000,3000,3000,3000,3000,3000,3000
3000,3000,3000,3000,3000,3000,3000,3000,3000,3000,3000,3000,3000,3000,3000,3000,3000,3000,3000,3000,3000,3000,3000,3000,3000,3000,3000,3000,3000,3000,3000,3000,3000,3000,3000,3000,3000,3000,3000,3000,3000,3000,3000,3000,3000,3000,3000,3000,3000,3000,3000,3000,3000,3000,3000,3000,3000,3000,3000,3000,3000,3000,3000,3000,3000,3000,3000,3000,3000,3000,3000,3000,3000,3000,3000,3000,3000,3000,3000,3000,3000,3000,3000,3000,3000,3000,3000,3000,3000,3000,3000,3000,3000,3000,3000,3000,3000,3000,3000,3000,3000,3000,3000,3000,3000,3000,3000,3000,3000,3000,3000,3000,3000,3000,3000,3000,3000,3000,3000,3000,3000,3000,3000,3000,3000,3000,3000,3000,3000,3000,3000,3000,3000,3000,3000,3000,3000,3000,3000,3000,3000,3000,3000,3000,3000,3000,3000,3000,3000,3000,3000,3000,3000,3000,3000,3000,3000,3000,3000,3000
3000,3000,3000,3000,3000,3000,3000,3000,3000,3000,3000,3000,3000,3000,3000,3000,3000,3000,3000,3000,3000,3000,3000,3000,3000,3000,3000,3000,3000,3000,3000,3000,3000,3000,3000,3000,3000,3000,3000,3000,3000,3000,3000,3000,3000,3000,3000,3000,3000,3000,3000,3000,3000,3000,3000,3000,3000,3000,3000,3000,3000,3000,3000,3000,3000,3000,3000,3000,3000,3000,3000,3000,3000,3000,3000,3000,3000,3000,3000,3000,3000,3000,3000,3000,3000,3000,3000,3000,3000,3000,3000,3000,3000,3000,3000,3000,3000,3000,3000,3000,3000,3000,3000,3000,3000,3000,3000,3000,3000,3000,3000,3000,3000,3000,3000,3000,3000,3000,3000,3000,3000,3000,3000,3000,3000,3000,3000,3000,3000,3000,3000,3000,3000,3000,3000,3000,3000,3000,3000,3000,3000,3000,3000,3000,3000,3000,3000,3000,3000,3000,3000,3000,3000,3000,3000,3000,3000,3000,3000,3000
3000,3000,3000,3000,3000,3000,3000,3000,3000,3000,3000,3000,3000,3000,3000,3000,3000,3000,3000,3000,3000,3000,3000,3000,3000,3000,3000,3000,3000,3000,3000,3000,3000,3000,3000,3000,3000,3000,3000,3000,3000,3000,3000,3000,3000,3000,3000,3000,3000,3000,3000,3000,3000,3000,3000,3000,3000,3000,3000,3000,3000,3000,3000,3000,3000,3000,3000,3000,3000,3000,3000,3000,3000,3000,3000,3000,3000,3000,3000,3000,3000,3000,3000,3000,3000,3000,3000,3000,3000,3000,3000,3000,3000,3000,3000,3000,3000,3000,3000,3000,3000,3000,3000,3000,3000,3000,3000,3000,3000,3000,3000,3000,3000,3000,3000,3000,3000,3000,3000,3000,3000,3000,3000,3000,3000,3000,3000,3000,3000,3000,3000,3000,3000,3000,3000,3000,3000,3000,3000,3000,3000,3000,3000,3000,3000,3000,3000,3000,3000,3000,3000,3000,3000,3000,3000,3000,3000,3000,3000,3000
3000,3000,3000,3000,3000,3000,3000,3000,3000,3000,3000,3000,3000,3000,3000,3000,3000,3000,3000,3000,3000,3000,3000,3000,3000,3000,3000,3000,3000,3000,3000,3000,3000,3000,3000,3000,3000,3000,3000,3000,3000,3000,3000,3000,3000,3000,3000,3000,3000,3000,3000,3000,3000,3000,3000,3000,3000,3000,3000,3000,3000,3000,3000,3000,3000,3000,3000,3000,3000,3000,3000,3000,3000,3000,3000,3000,3000,3000,3000,3000,3000,3000,3000,3000,3000,3000,3000,3000,3000,3000,3000,3000,3000,3000,3000,3000,3000,3000,3000,3000,3000,3000,3000,3000,3000,3000,3000,3000,3000,3000,3000,3000,3000,3000,3000,3000,3000,3000,3000,3000,3000,3000,3000,3000,3000,3000,3000,3000,3000,3000,3000,3000,3000,3000,3000,3000,3000,3000,3000,3000,3000,3000,3000,3000,3000,3000,3000,3000,3000,3000,3000,3000,3000,3000,3000,3000,3000,3000,3000,3000
3000,3000,3000,3000,3000,3000,3000,3000,3000,3000,3000,3000,3000,3000,3000,3000,3000,3000,3000,3000,3000,3000,3000,3000,3000,3000,3000,3000,3000,3000,3000,3000,3000,3000,3000,3000,3000,3000,3000,3000,3000,3000,3000,3000,3000,3000,3000,3000,3000,3000,3000,3000,3000,3000,3000,3000,3000,3000,3000,3000,3000,3000,3000,3000,3000,3000,3000,3000,3000,3000,3000,3000,3000,3000,3000,3000,3000,3000,3000,3000,3000,3000,3000,3000,3000,3000,3000,3000,3000,3000,3000,3000,3000,3000,3000,3000,3000,3000,3000,3000,3000,3000,3000,3000,3000,3000,3000,3000,3000,3000,3000,3000,3000,3000,3000,3000,3000,3000,3000,3000,3000,3000,3000,3000,3000,3000,3000,3000,3000,3000,3000,3000,3000,3000,3000,3000,3000,3000,3000,3000,3000,3000,3000,3000,3000,3000,3000,3000,3000,3000,3000,3000,3000,3000,3000,3000,3000,3000,3000,3000
3000,3000,3000,3000,3000,3000,3000,3000,3000,3000,3000,3000,3000,3000,3000,3000,3000,3000,3000,3000,3000,3000,3000,3000,3000,3000,3000,3000,3000,3000,3000,3000,3000,3000,3000,3000,3000,3000,3000,3000,3000,3000,3000,3000,3000,3000,3000,3000,3000,3000,3000,3000,3000,3000,3000,3000,3000,3000,3000,3000,3000,3000,3000,3000,3000,3000,3000,3000,3000,3000,3000,3000,3000,3000,3000,3000,3000,3000,3000,3000,3000,3000,3000,3000,3000,3000,3000,3000,3000,3000,3000,3000,3000,3000,3000,3000,3000,3000,3000,3000,3000,3000,3000,3000,3000,3000,3000,3000,3000,3000,3000,3000,3000,3000,3000,3000,3000,3000,3000,3000,3000,3000,3000,3000,3000,3000,3000,3000,3000,3000,3000,3000,3000,3000,3000,3000,3000,3000,3000,3000,3000,3000,3000,3000,3000,3000,3000,3000,3000,3000,3000,3000,3000,3000,3000,3000,3000,3000,3000,3000
3000,3000,3000,3000,3000,3000,3000,3000,3000,3000,3000,3000,3000,3000,3000,3000,3000,3000,3000,3000,3000,3000,3000,3000,3000,3000,3000,3000,3000,3000,3000,3000,3000,3000,3000,3000,3000,3000,3000,3000,3000,3000,3000,3000,3000,3000,3000,3000,3000,3000,3000,3000,3000,3000,3000,3000,3000,3000,3000,3000,3000,3000,3000,3000,3000,3000,3000,3000,3000,3000,3000,3000,3000,3000,3000,3000,3000,3000,3000,3000,3000,3000,3000,3000,3000,3000,3000,3000,3000,3000,3000,3000,3000,3000,3000,3000,3000,3000,3000,3000,3000,3000,3000,3000,3000,3000,3000,3000,3000,3000,3000,3000,3000,3000,3000,3000,3000,3000,3000,3000,3000,3000,3000,3000,3000,3000,3000,3000,3000,3000,3000,3000,3000,3000,3000,3000,3000,3000,3000,3000,3000,3000,3000,3000,3000,3000,3000,3000,3000,3000,3000,3000,3000,3000,3000,3000,3000,3000,3000,3000
3000,3000,3000,3000,3000,3000,3000,3000,3000,3000,3000,3000,3000,3000,3000,3000,3000,3000,3000,3000,3000,3000,3000,3000,3000,3000,3000,3000,3000,3000,3000,3000,3000,3000,3000,3000,3000,3000,3000,3000,3000,3000,3000,3000,3000,3000,3000,3000,3000,3000,3000,3000,3000,3000,3000,3000,3000,3000,3000,3000,3000,3000,3000,3000,3000,3000,3000,3000,3000,3000,3000,3000,3000,3000,3000,3000,3000,3000,3000,3000,3000,3000,3000,3000,3000,3000,3000,3000,3000,3000,3000,3000,3000,3000,3000,3000,3000,3000,3000,3000,3000,3000,3000,3000,3000,3000,3000,3000,3000,3000,3000,3000,3000,3000,3000,3000,3000,3000,3000,3000,3000,3000,3000,3000,3000,3000,3000,3000,3000,3000,3000,3000,3000,3000,3000,3000,3000,3000,3000,3000,3000,3000,3000,3000,3000,3000,3000,3000,3000,3000,3000,3000,3000,3000,3000,3000,3000,3000,3000,3000
3000,3000,3000,3000,3000,3000,3000,3000,3000,3000,3000,3000,3000,3000,3000,3000,3000,3000,3000,3000,3000,3000,3000,3000,3000,3000,3000,3000,3000,3000,3000,3000,3000,3000,3000,3000,3000,3000,3000,3000,3000,3000,3000,3000,3000,3000,3000,3000,3000,3000,3000,3000,3000,3000,3000,3000,3000,3000,3000,3000,3000,3000,3000,3000,3000,3000,3000,3000,3000,3000,3000,3000,3000,3000,3000,3000,3000,3000,3000,3000,3000,3000,3000,3000,3000,3000,3000,3000,3000,3000,3000,3000,3000,3000,3000,3000,3000,3000,3000,3000,3000,3000,3000,3000,3000,3000,3000,3000,3000,3000,3000,3000,3000,3000,3000,3000,3000,3000,3000,3000,3000,3000,3000,3000,3000,3000,3000,3000,3000,3000,3000,3000,3000,3000,3000,3000,3000,3000,3000,3000,3000,3000,3000,3000,3000,3000,3000,3000,3000,3000,3000,3000,3000,3000,3000,3000,3000,3000,3000,3000
3000,3000,3000,3000,3000,3000,3000,3000,3000,3000,3000,3000,3000,3000,3000,3000,3000,3000,3000,3000,3000,3000,3000,3000,3000,3000,3000,3000,3000,3000,3000,3000,3000,3000,3000,3000,3000,3000,3000,3000,3000,3000,3000,3000,3000,3000,3000,3000,3000,3000,3000,3000,3000,3000,3000,3000,3000,3000,3000,3000,3000,3000,3000,3000,3000,3000,3000,3000,3000,3000,3000,3000,3000,3000,3000,3000,3000,3000,3000,3000,3000,3000,3000,3000,3000,3000,3000,3000,3000,3000,3000,3000,3000,3000,3000,3000,3000,3000,3000,3000,3000,3000,3000,3000,3000,3000,3000,3000,3000,3000,3000,3000,3000,3000,3000,3000,3000,3000,3000,3000,3000,3000,3000,3000,3000,3000,3000,3000,3000,3000,3000,3000,3000,3000,3000,3000,3000,3000,3000,3000,3000,3000,3000,3000,3000,3000,3000,3000,3000,3000,3000,3000,3000,3000,3000,3000,3000,3000,3000,3000
3000,3000,3000,3000,3000,3000,3000,3000,3000,3000,3000,3000,3000,3000,3000,3000,3000,3000,3000,3000,3000,3000,3000,3000,3000,3000,3000,3000,3000,3000,3000,3000,3000,3000,3000,3000,3000,3000,3000,3000,3000,3000,3000,3000,3000,3000,3000,3000,3000,3000,3000,3000,3000,3000,3000,3000,3000,3000,3000,3000,3000,3000,3000,3000,3000,3000,3000,3000,3000,3000,3000,3000,3000,3000,3000,3000,3000,3000,3000,3000,3000,3000,3000,3000,3000,3000,3000,3000,3000,3000,3000,3000,3000,3000,3000,3000,3000,3000,3000,3000,3000,3000,3000,3000,3000,3000,3000,3000,3000,3000,3000,3000,3000,3000,3000,3000,3000,3000,3000,3000,3000,3000,3000,3000,3000,3000,3000,3000,3000,3000,3000,3000,3000,3000,3000,3000,3000,3000,3000,3000,3000,3000,3000,3000,3000,3000,3000,3000,3000,3000,3000,3000,3000,3000,3000,3000,3000,3000,3000,3000
3000,3000,3000,3000,3000,3000,3000,3000,3000,3000,3000,3000,3000,3000,3000,3000,3000,3000,3000,3000,3000,3000,3000,3000,3000,3000,3000,3000,3000,3000,3000,3000,3000,3000,3000,3000,3000,3000,3000,3000,3000,3000,3000,3000,3000,3000,3000,3000,3000,3000,3000,3000,3000,3000,3000,3000,3000,3000,3000,3000,3000,3000,3000,3000,3000,3000,3000,3000,3000,3000,3000,3000,3000,3000,3000,3000,3000,3000,3000,3000,3000,3000,3000,3000,3000,3000,3000,3000,3000,3000,3000,3000,3000,3000,3000,3000,3000,3000,3000,3000,3000,3000,3000,3000,3000,3000,3000,3000,3000,3000,3000,3000,3000,3000,3000,3000,3000,3000,3000,3000,3000,3000,3000,3000,3000,3000,3000,3000,3000,3000,3000,3000,3000,3000,3000,3000,3000,3000,3000,3000,3000,3000,3000,3000,3000,3000,3000,3000,3000,3000,3000,3000,3000,3000,3000,3000,3000,3000,3000,3000
3000,3000,3000,3000,3000,3000,3000,3000,3000,3000,3000,3000,3000,3000,3000,3000,3000,3000,3000,3000,3000,3000,3000,3000,3000,3000,3000,3000,3000,3000,3000,3000,3000,3000,3000,3000,3000,3000,3000,3000,3000,3000,3000,3000,3000,3000,3000,3000,3000,3000,3000,3000,3000,3000,3000,3000,3000,3000,3000,3000,3000,3000,3000,3000,3000,3000,3000,3000,3000,3000,3000,3000,3000,3000,3000,3000,3000,3000,3000,3000,3000,3000,3000,3000,3000,3000,3000,3000,3000,3000,3000,3000,3000,3000,3000,3000,3000,3000,3000,3000,3000,3000,3000,3000,3000,3000,3000,3000,3000,3000,3000,3000,3000,3000,3000,3000,3000,3000,3000,3000,3000,3000,3000,3000,3000,3000,3000,3000,3000,3000,3000,3000,3000,3000,3000,3000,3000,3000,3000,3000,3000,3000,3000,3000,3000,3000,3000,3000,3000,3000,3000,3000,3000,3000,3000,3000,3000,3000,3000,3000
3000,3000,3000,3000,3000,3000,3000,3000,3000,3000,3000,3000,3000,3000,3000,3000,3000,3000,3000,3000,3000,3000,3000,3000,3000,3000,3000,3000,3000,3000,3000,3000,3000,3000,3000,3000,3000,3000,3000,3000,3000,3000,3000,3000,3000,3000,3000,3000,3000,3000,3000,3000,3000,3000,3000,3000,3000,3000,3000,3000,3000,3000,3000,3000,3000,3000,3000,3000,3000,3000,3000,3000,3000,3000,3000,3000,3000,3000,3000,3000,3000,3000,3000,3000,3000,3000,3000,3000,3000,3000,3000,3000,3000,3000,3000,3000,3000,3000,3000,3000,3000,3000,3000,3000,3000,3000,3000,3000,3000,3000,3000,3000,3000,3000,3000,3000,3000,3000,3000,3000,3000,3000,3000,3000,3000,3000,3000,3000,3000,3000,3000,3000,3000,3000,3000,3000,3000,3000,3000,3000,3000,3000,3000,3000,3000,3000,3000,3000,3000,3000,3000,3000,3000,3000,3000,3000,3000,3000,3000,3000
3000,3000,3000,3000,3000,3000,3000,3000,3000,3000,3000,3000,3000,3000,3000,3000,3000,3000,3000,3000,3000,3000,3000,3000,3000,3000,3000,3000,3000,3000,3000,3000,3000,3000,3000,3000,3000,3000,3000,3000,3000,3000,3000,3000,3000,3000,3000,3000,3000,3000,3000,3000,3000,3000,3000,3000,3000,3000,3000,3000,3000,3000,3000,3000,3000,3000,3000,3000,3000,3000,3000,3000,3000,3000,3000,3000,3000,3000,3000,3000,3000,3000,3000,3000,3000,3000,3000,3000,3000,3000,3000,3000,3000,3000,3000,3000,3000,3000,3000,3000,3000,3000,3000,3000,3000,3000,3000,3000,3000,3000,3000,3000,3000,3000,3000,3000,3000,3000,3000,3000,3000,3000,3000,3000,3000,3000,3000,3000,3000,3000,3000,3000,3000,3000,3000,3000,3000,3000,3000,3000,3000,3000,3000,3000,3000,3000,3000,3000,3000,3000,3000,3000,3000,3000,3000,3000,3000,3000,3000,3000
3000,3000,3000,3000,3000,3000,3000,3000,3000,3000,3000,3000,3000,3000,3000,3000,3000,3000,3000,3000,3000,3000,3000,3000,3000,3000,3000,3000,3000,3000,3000,3000,3000,3000,3000,3000,3000,3000,3000,3000,3000,3000,3000,3000,3000,3000,3000,3000,3000,3000,3000,3000,3000,3000,3000,3000,3000,3000,3000,3000,3000,3000,3000,3000,3000,3000,3000,3000,3000,3000,3000,3000,3000,3000,3000,3000,3000,3000,3000,3000,3000,3000,3000,3000,3000,3000,3000,3000,3000,3000,3000,3000,3000,3000,3000,3000,3000,3000,3000,3000,3000,3000,3000,3000,3000,3000,3000,3000,3000,3000,3000,3000,3000,3000,3000,3000,3000,3000,3000,3000,3000,3000,3000,3000,3000,3000,3000,3000,3000,3000,3000,3000,3000,3000,3000,3000,3000,3000,3000,3000,3000,3000,3000,3000,3000,3000,3000,3000,3000,3000,3000,3000,3000,3000,3000,3000,3000,3000,3000,3000
3000,3000,3000,3000,3000,3000,3000,3000,3000,3000,3000,3000,3000,3000,3000,3000,3000,3000,3000,3000,3000,3000,3000,3000,3000,3000,3000,3000,3000,3000,3000,3000,3000,3000,3000,3000,3000,3000,3000,3000,3000,3000,3000,3000,3000,3000,3000,3000,3000,3000,3000,3000,3000,3000,3000,3000,3000,3000,3000,3000,3000,3000,3000,3000,3000,3000,3000,3000,3000,3000,3000,3000,3000,3000,3000,3000,3000,3000,3000,3000,3000,3000,3000,3000,3000,3000,3000,3000,3000,3000,3000,3000,3000,3000,3000,3000,3000,3000,3000,3000,3000,3000,3000,3000,3000,3000,3000,3000,3000,3000,3000,3000,3000,3000,3000,3000,3000,3000,3000,3000,3000,3000,3000,3000,3000,3000,3000,3000,3000,3000,3000,3000,3000,3000,3000,3000,3000,3000,3000,3000,3000,3000,3000,3000,3000,3000,3000,3000,3000,3000,3000,3000,3000,3000,3000,3000,3000,3000,3000,3000
3000,3000,3000,3000,3000,3000,3000,3000,3000,3000,3000,3000,3000,3000,3000,3000,3000,3000,3000,3000,3000,3000,3000,3000,3000,3000,3000,3000,3000,3000,3000,3000,3000,3000,3000,3000,3000,3000,3000,3000,3000,3000,3000,3000,3000,3000,3000,3000,3000,3000,3000,3000,3000,3000,3000,3000,3000,3000,3000,3000,3000,3000,3000,3000,3000,3000,3000,3000,3000,3000,3000,3000,3000,3000,3000,3000,3000,3000,3000,3000,3000,3000,3000,3000,3000,3000,3000,3000,3000,3000,3000,3000,3000,3000,3000,3000,3000,3000,3000,3000,3000,3000,3000,3000,3000,3000,3000,3000,3000,3000,3000,3000,3000,3000,3000,3000,3000,3000,3000,3000,3000,3000,3000,3000,3000,3000,3000,3000,3000,3000,3000,3000,3000,3000,3000,3000,3000,3000,3000,3000,3000,3000,3000,3000,3000,3000,3000,3000,3000,3000,3000,3000,3000,3000,3000,3000,3000,3000,3000,3000
3000,3000,3000,3000,3000,3000,3000,3000,3000,3000,3000,3000,3000,3000,3000,3000,3000,3000,3000,3000,3000,3000,3000,3000,3000,3000,3000,3000,3000,3000,3000,3000,3000,3000,3000,3000,3000,3000,3000,3000,3000,3000,3000,3000,3000,3000,3000,3000,3000,3000,3000,3000,3000,3000,3000,3000,3000,3000,3000,3000,3000,3000,3000,3000,3000,3000,3000,3000,3000,3000,3000,3000,3000,3000,3000,3000,3000,3000,3000,3000,3000,3000,3000,3000,3000,3000,3000,3000,3000,3000,3000,3000,3000,3000,3000,3000,3000,3000,3000,3000,3000,3000,3000,3000,3000,3000,3000,3000,3000,3000,3000,3000,3000,3000,3000,3000,3000,3000,3000,3000,3000,3000,3000,3000,3000,3000,3000,3000,3000,3000,3000,3000,3000,3000,3000,3000,3000,3000,3000,3000,3000,3000,3000,3000,3000,3000,3000,3000,3000,3000,3000,3000,3000,3000,3000,3000,3000,3000,3000,3000
3000,3000,3000,3000,3000,3000,3000,3000,3000,3000,3000,3000,3000,3000,3000,3000,3000,3000,3000,3000,3000,3000,3000,3000,3000,3000,3000,3000,3000,3000,3000,3000,3000,3000,3000,3000,3000,3000,3000,3000,3000,3000,3000,3000,3000,3000,3000,3000,3000,3000,3000,3000,3000,3000,3000,3000,3000,3000,3000,3000,3000,3000,3000,3000,3000,3000,3000,3000,3000,3000,3000,3000,3000,3000,3000,3000,3000,3000,3000,3000,3000,3000,3000,3000,3000,3000,3000,3000,3000,3000,3000,3000,3000,3000,3000,3000,3000,3000,3000,3000,3000,3000,3000,3000,3000,3000,3000,3000,3000,3000,3000,3000,3000,3000,3000,3000,3000,3000,3000,3000,3000,3000,3000,3000,3000,3000,3000,3000,3000,3000,3000,3000,3000,3000,3000,3000,3000,3000,3000,3000,3000,3000,3000,3000,3000,3000,3000,3000,3000,3000,3000,3000,3000,3000,3000,3000,3000,3000,3000,3000
3000,3000,3000,3000,3000,3000,3000,3000,3000,3000,3000,3000,3000,3000,3000,3000,3000,3000,3000,3000,3000,3000,3000,3000,3000,3000,3000,3000,3000,3000,3000,3000,3000,3000,3000,3000,3000,3000,3000,3000,3000,3000,3000,3000,3000,3000,3000,3000,3000,3000,3000,3000,3000,3000,3000,3000,3000,3000,3000,3000,3000,3000,3000,3000,3000,3000,3000,3000,3000,3000,3000,3000,3000,3000,3000,3000,3000,3000,3000,3000,3000,3000,3000,3000,3000,3000,3000,3000,3000,3000,3000,3000,3000,3000,3000,3000,3000,3000,3000,3000,3000,3000,3000,3000,3000,3000,3000,3000,3000,3000,3000,3000,3000,3000,3000,3000,3000,3000,3000,3000,3000,3000,3000,3000,3000,3000,3000,3000,3000,3000,3000,3000,3000,3000,3000,3000,3000,3000,3000,3000,3000,3000,3000,3000,3000,3000,3000,3000,3000,3000,3000,3000,3000,3000,3000,3000,3000,3000,3000,3000
3000,3000,3000,3000,3000,3000,3000,3000,3000,3000,3000,3000,3000,3000,3000,3000,3000,3000,3000,3000,3000,3000,3000,3000,3000,3000,3000,3000,3000,3000,3000,3000,3000,3000,3000,3000,3000,3000,3000,3000,3000,3000,3000,3000,3000,3000,3000,3000,3000,3000,3000,3000,3000,3000,3000,3000,3000,3000,3000,3000,3000,3000,3000,3000,3000,3000,3000,3000,3000,3000,3000,3000,3000,3000,3000,3000,3000,3000,3000,3000,3000,3000,3000,3000,3000,3000,3000,3000,3000,3000,3000,3000,3000,3000,3000,3000,3000,3000,3000,3000,3000,3000,3000,3000,3000,3000,3000,3000,3000,3000,3000,3000,3000,3000,3000,3000,3000,3000,3000,3000,3000,3000,3000,3000,3000,3000,3000,3000,3000,3000,3000,3000,3000,3000,3000,3000,3000,3000,3000,3000,3000,3000,3000,3000,3000,3000,3000,3000,3000,3000,3000,3000,3000,3000,3000,3000,3000,3000,3000,3000
3000,3000,3000,3000,3000,3000,3000,3000,3000,3000,3000,3000,3000,3000,3000,3000,3000,3000,3000,3000,3000,3000,3000,3000,3000,3000,3000,3000,3000,3000,3000,3000,3000,3000,3000,3000,3000,3000,3000,3000,3000,3000,3000,3000,3000,3000,3000,3000,3000,3000,3000,3000,3000,3000,3000,3000,3000,3000,3000,3000,3000,3000,3000,3000,3000,3000,3000,3000,3000,3000,3000,3000,3000,3000,3000,3000,3000,3000,3000,3000,3000,3000,3000,3000,3000,3000,3000,3000,3000,3000,3000,3000,3000,3000,3000,3000,3000,3000,3000,3000,3000,3000,3000,3000,3000,3000,3000,3000,3000,3000,3000,3000,3000,3000,3000,3000,3000,3000,3000,3000,3000,3000,3000,3000,3000,3000,3000,3000,3000,3000,3000,3000,3000,3000,3000,3000,3000,3000,3000,3000,3000,3000,3000,3000,3000,3000,3000,3000,3000,3000,3000,3000,3000,3000,3000,3000,3000,3000,3000,3000
3000,3000,3000,3000,3000,3000,3000,3000,3000,3000,3000,3000,3000,3000,3000,3000,3000,3000,3000,3000,3000,3000,3000,3000,3000,3000,3000,3000,3000,3000,3000,3000,3000,3000,3000,3000,3000,3000,3000,3000,3000,3000,3000,3000,3000,3000,3000,3000,3000,3000,3000,3000,3000,3000,3000,3000,3000,3000,3000,3000,3000,3000,3000,3000,3000,3000,3000,3000,3000,3000,3000,3000,3000,3000,3000,3000,3000,3000,3000,3000,3000,3000,3000,3000,3000,3000,3000,3000,3000,3000,3000,3000,3000,3000,3000,3000,3000,3000,3000,3000,3000,3000,3000,3000,3000,3000,3000,3000,3000,3000,3000,3000,3000,3000,3000,3000,3000,3000,3000,3000,3000,3000,3000,3000,3000,3000,3000,3000,3000,3000,3000,3000,3000,3000,3000,3000,3000,3000,3000,3000,3000,3000,3000,3000,3000,3000,3000,3000,3000,3000,3000,3000,3000,3000,3000,3000,3000,3000,3000,3000
3000,3000,3000,3000,3000,3000,3000,3000,3000,3000,3000,3000,3000,3000,3000,3000,3000,3000,3000,3000,3000,3000,3000,3000,3000,3000,3000,3000,3000,3000,3000,3000,3000,3000,3000,3000,3000,3000,3000,3000,3000,3000,3000,3000,3000,3000,3000,3000,3000,3000,3000,3000,3000,3000,3000,3000,3000,3000,3000,3000,3000,3000,3000,3000,3000,3000,3000,3000,3000,3000,3000,3000,3000,3000,3000,3000,3000,3000,3000,3000,3000,3000,3000,3000,3000,3000,3000,3000,3000,3000,3000,3000,3000,3000,3000,3000,3000,3000,3000,3000,3000,3000,3000,3000,3000,3000,3000,3000,3000,3000,3000,3000,3000,3000,3000,3000,3000,3000,3000,3000,3000,3000,3000,3000,3000,3000,3000,3000,3000,3000,3000,3000,3000,3000,3000,3000,3000,3000,3000,3000,3000,3000,3000,3000,3000,3000,3000,3000,3000,3000,3000,3000,3000,3000,3000,3000,3000,3000,3000,3000
3000,3000,3000,3000,3000,3000,3000,3000,3000,3000,3000,3000,3000,3000,3000,3000,3000,3000,3000,3000,3000,3000,3000,3000,3000,3000,3000,3000,3000,3000,3000,3000,3000,3000,3000,3000,3000,3000,3000,3000,3000,3000,3000,3000,3000,3000,3000,3000,3000,3000,3000,3000,3000,3000,3000,3000,3000,3000,3000,3000,3000,3000,3000,3000,3000,3000,3000,3000,3000,3000,3000,3000,3000,3000,3000,3000,3000,3000,3000,3000,3000,3000,3000,3000,3000,3000,3000,3000,3000,3000,3000,3000,3000,3000,3000,3000,3000,3000,3000,3000,3000,3000,3000,3000,3000,3000,3000,3000,3000,3000,3000,3000,3000,3000,3000,3000,3000,3000,3000,3000,3000,3000,3000,3000,3000,3000,3000,3000,3000,3000,3000,3000,3000,3000,3000,3000,3000,3000,3000,3000,3000,3000,3000,3000,3000,3000,3000,3000,3000,3000,3000,3000,3000,3000,3000,3000,3000,3000,3000,3000
3000,3000,3000,3000,3000,3000,3000,3000,3000,3000,3000,3000,3000,3000,3000,3000,3000,3000,3000,3000,3000,3000,3000,3000,3000,3000,3000,3000,3000,3000,3000,3000,3000,3000,3000,3000,3000,3000,3000,3000,3000,3000,3000,3000,3000,3000,3000,3000,3000,3000,3000,3000,3000,3000,3000,3000,3000,3000,3000,3000,3000,3000,3000,3000,3000,3000,3000,3000,3000,3000,3000,3000,3000,3000,3000,3000,3000,3000,3000,3000,3000,3000,3000,3000,3000,3000,3000,3000,3000,3000,3000,3000,3000,3000,3000,3000,3000,3000,3000,3000,3000,3000,3000,3000,3000,3000,3000,3000,3000,3000,3000,3000,3000,3000,3000,3000,3000,3000,3000,3000,3000,3000,3000,3000,3000,3000,3000,3000,3000,3000,3000,3000,3000,3000,3000,3000,3000,3000,3000,3000,3000,3000,3000,3000,3000,3000,3000,3000,3000,3000,3000,3000,3000,3000,3000,3000,3000,3000,3000,3000
3000,3000,3000,3000,3000,3000,3000,3000,3000,3000,3000,3000,3000,3000,3000,3000,3000,3000,3000,3000,3000,3000,3000,3000,3000,3000,3000,3000,3000,3000,3000,3000,3000,3000,3000,3000,3000,3000,3000,3000,3000,3000,3000,3000,3000,3000,3000,3000,3000,3000,3000,3000,3000,3000,3000,3000,3000,3000,3000,3000,3000,3000,3000,3000,3000,3000,3000,3000,3000,3000,3000,3000,3000,3000,3000,3000,3000,3000,3000,3000,3000,3000,3000,3000,3000,3000,3000,3000,3000,3000,3000,3000,3000,3000,3000,3000,3000,3000,3000,3000,3000,3000,3000,3000,3000,3000,3000,3000,3000,3000,3000,3000,3000,3000,3000,3000,3000,3000,3000,3000,3000,3000,3000,3000,3000,3000,3000,3000,3000,3000,3000,3000,3000,3000,3000,3000,3000,3000,3000,3000,3000,3000,3000,3000,3000,3000,3000,3000,3000,3000,3000,3000,3000,3000,3000,3000,3000,3000,3000,3000
3000,3000,3000,3000,3000,3000,3000,3000,3000,3000,3000,3000,3000,3000,3000,3000,3000,3000,3000,3000,3000,3000,3000,3000,3000,3000,3000,3000,3000,3000,3000,3000,3000,3000,3000,3000,3000,3000,3000,3000,3000,3000,3000,3000,3000,3000,3000,3000,3000,3000,3000,3000,3000,3000,3000,3000,3000,3000,3000,3000,3000,3000,3000,3000,3000,3000,3000,3000,3000,3000,3000,3000,3000,3000,3000,3000,3000,3000,3000,3000,3000,3000,3000,3000,3000,3000,3000,3000,3000,3000,3000,3000,3000,3000,3000,3000,3000,3000,3000,3000,3000,3000,3000,3000,3000,3000,3000,3000,3000,3000,3000,3000,3000,3000,3000,3000,3000,3000,3000,3000,3000,3000,3000,3000,3000,3000,3000,3000,3000,3000,3000,3000,3000,3000,3000,3000,3000,3000,3000,3000,3000,3000,3000,3000,3000,3000,3000,3000,3000,3000,3000,3000,3000,3000,3000,3000,3000,3000,3000,3000
3000,3000,3000,3000,3000,3000,3000,3000,3000,3000,3000,3000,3000,3000,3000,3000,3000,3000,3000,3000,3000,3000,3000,3000,3000,3000,3000,3000,3000,3000,3000,3000,3000,3000,3000,3000,3000,3000,3000,3000,3000,3000,3000,3000,3000,3000,3000,3000,3000,3000,3000,3000,3000,3000,3000,3000,3000,3000,3000,3000,3000,3000,3000,3000,3000,3000,3000,3000,3000,3000,3000,3000,3000,3000,3000,3000,3000,3000,3000,3000,3000,3000,3000,3000,3000,3000,3000,3000,3000,3000,3000,3000,3000,3000,3000,3000,3000,3000,3000,3000,3000,3000,3000,3000,3000,3000,3000,3000,3000,3000,3000,3000,3000,3000,3000,3000,3000,3000,3000,3000,3000,3000,3000,3000,3000,3000,3000,3000,3000,3000,3000,3000,3000,3000,3000,3000,3000,3000,3000,3000,3000,3000,3000,3000,3000,3000,3000,3000,3000,3000,3000,3000,3000,3000,3000,3000,3000,3000,3000,3000
3000,3000,3000,3000,3000,3000,3000,3000,3000,3000,3000,3000,3000,3000,3000,3000,3000,3000,3000,3000,3000,3000,3000,3000,3000,3000,3000,3000,3000,3000,3000,3000,3000,3000,3000,3000,3000,3000,3000,3000,3000,3000,3000,3000,3000,3000,3000,3000,3000,3000,3000,3000,3000,3000,3000,3000,3000,3000,3000,3000,3000,3000,3000,3000,3000,3000,3000,3000,3000,3000,3000,3000,3000,3000,3000,3000,3000,3000,3000,3000,3000,3000,3000,3000,3000,3000,3000,3000,3000,3000,3000,3000,3000,3000,3000,3000,3000,3000,3000,3000,3000,3000,3000,3000,3000,3000,3000,3000,3000,3000,3000,3000,3000,3000,3000,3000,3000,3000,3000,3000,3000,3000,3000,3000,3000,3000,3000,3000,3000,3000,3000,3000,3000,3000,3000,3000,3000,3000,3000,3000,3000,3000,3000,3000,3000,3000,3000,3000,3000,3000,3000,3000,3000,3000,3000,3000,3000,3000,3000,3000
3000,3000,3000,3000,3000,3000,3000,3000,3000,3000,3000,3000,3000,3000,3000,3000,3000,3000,3000,3000,3000,3000,3000,3000,3000,3000,3000,3000,3000,3000,3000,3000,3000,3000,3000,3000,3000,3000,3000,3000,3000,3000,3000,3000,3000,3000,3000,3000,3000,3000,3000,3000,3000,3000,3000,3000,3000,3000,3000,3000,3000,3000,3000,3000,3000,3000,3000,3000,3000,3000,3000,3000,3000,3000,3000,3000,3000,3000,3000,3000,3000,3000,3000,3000,3000,3000,3000,3000,3000,3000,3000,3000,3000,3000,3000,3000,3000,3000,3000,3000,3000,3000,3000,3000,3000,3000,3000,3000,3000,3000,3000,3000,3000,3000,3000,3000,3000,3000,3000,3000,3000,3000,3000,3000,3000,3000,3000,3000,3000,3000,3000,3000,3000,3000,3000,3000,3000,3000,3000,3000,3000,3000,3000,3000,3000,3000,3000,3000,3000,3000,3000,3000,3000,3000,3000,3000,3000,3000,3000,3000
3000,3000,3000,3000,3000,3000,3000,3000,3000,3000,3000,3000,3000,3000,3000,3000,3000,3000,3000,3000,3000,3000,3000,3000,3000,3000,3000,3000,3000,3000,3000,3000,3000,3000,3000,3000,3000,3000,3000,3000,3000,3000,3000,3000,3000,3000,3000,3000,3000,3000,3000,3000,3000,3000,3000,3000,3000,3000,3000,3000,3000,3000,3000,3000,3000,3000,3000,3000,3000,3000,3000,3000,3000,3000,3000,3000,3000,3000,3000,3000,3000,3000,3000,3000,3000,3000,3000,3000,3000,3000,3000,3000,3000,3000,3000,3000,3000,3000,3000,3000,3000,3000,3000,3000,3000,3000,3000,3000,3000,3000,3000,3000,3000,3000,3000,3000,3000,3000,3000,3000,3000,3000,3000,3000,3000,3000,3000,3000,3000,3000,3000,3000,3000,3000,3000,3000,3000,3000,3000,3000,3000,3000,3000,3000,3000,3000,3000,3000,3000,3000,3000,3000,3000,3000,3000,3000,3000,3000,3000,3000
3000,3000,3000,3000,3000,3000,3000,3000,3000,3000,3000,3000,3000,3000,3000,3000,3000,3000,3000,3000,3000,3000,3000,3000,3000,3000,3000,3000,3000,3000,3000,3000,3000,3000,3000,3000,3000,3000,3000,3000,3000,3000,3000,3000,3000,3000,3000,3000,3000,3000,3000,3000,3000,3000,3000,3000,3000,3000,3000,3000,3000,3000,3000,3000,3000,3000,3000,3000,3000,3000,3000,3000,3000,3000,3000,3000,3000,3000,3000,3000,3000,3000,3000,3000,3000,3000,3000,3000,3000,3000,3000,3000,3000,3000,3000,3000,3000,3000,3000,3000,3000,3000,3000,3000,3000,3000,3000,3000,3000,3000,3000,3000,3000,3000,3000,3000,3000,3000,3000,3000,3000,3000,3000,3000,3000,3000,3000,3000,3000,3000,3000,3000,3000,3000,3000,3000,3000,3000,3000,3000,3000,3000,3000,3000,3000,3000,3000,3000,3000,3000,3000,3000,3000,3000,3000,3000,3000,3000,3000,3000
3000,3000,3000,3000,3000,3000,3000,3000,3000,3000,3000,3000,3000,3000,3000,3000,3000,3000,3000,3000,3000,3000,3000,3000,3000,3000,3000,3000,3000,3000,3000,3000,3000,3000,3000,3000,3000,3000,3000,3000,3000,3000,3000,3000,3000,3000,3000,3000,3000,3000,3000,3000,3000,3000,3000,3000,3000,3000,3000,3000,3000,3000,3000,3000,3000,3000,3000,3000,3000,3000,3000,3000,3000,3000,3000,3000,3000,3000,3000,3000,3000,3000,3000,3000,3000,3000,3000,3000,3000,3000,3000,3000,3000,3000,3000,3000,3000,3000,3000,3000,3000,3000,3000,3000,3000,3000,3000,3000,3000,3000,3000,3000,3000,3000,3000,3000,3000,3000,3000,3000,3000,3000,3000,3000,3000,3000,3000,3000,3000,3000,3000,3000,3000,3000,3000,3000,3000,3000,3000,3000,3000,3000,3000,3000,3000,3000,3000,3000,3000,3000,3000,3000,3000,3000,3000,3000,3000,3000,3000,3000
3000,3000,3000,3000,3000,3000,3000,3000,3000,3000,3000,3000,3000,3000,3000,3000,3000,3000,3000,3000,3000,3000,3000,3000,3000,3000,3000,3000,3000,3000,3000,3000,3000,3000,3000,3000,3000,3000,3000,3000,3000,3000,3000,3000,3000,3000,3000,3000,3000,3000,3000,3000,3000,3000,3000,3000,3000,3000,3000,3000,3000,3000,3000,3000,3000,3000,3000,3000,3000,3000,3000,3000,3000,3000,3000,3000,3000,3000,3000,3000,3000,3000,3000,3000,3000,3000,3000,3000,3000,3000,3000,3000,3000,3000,3000,3000,3000,3000,3000,3000,3000,3000,3000,3000,3000,3000,3000,3000,3000,3000,3000,3000,3000,3000,3000,3000,3000,3000,3000,3000,3000,3000,3000,3000,3000,3000,3000,3000,3000,3000,3000,3000,3000,3000,3000,3000,3000,3000,3000,3000,3000,3000,3000,3000,3000,3000,3000,3000,3000,3000,3000,3000,3000,3000,3000,3000,3000,3000,3000,3000
3000,3000,3000,3000,3000,3000,3000,3000,3000,3000,3000,3000,3000,3000,3000,3000,3000,3000,3000,3000,3000,3000,3000,3000,3000,3000,3000,3000,3000,3000,3000,3000,3000,3000,3000,3000,3000,3000,3000,3000,3000,3000,3000,3000,3000,3000,3000,3000,3000,3000,3000,3000,3000,3000,3000,3000,3000,3000,3000,3000,3000,3000,3000,3000,3000,3000,3000,3000,3000,3000,3000,3000,3000,3000,3000,3000,3000,3000,3000,3000,3000,3000,3000,3000,3000,3000,3000,3000,3000,3000,3000,3000,3000,3000,3000,3000,3000,3000,3000,3000,3000,3000,3000,3000,3000,3000,3000,3000,3000,3000,3000,3000,3000,3000,3000,3000,3000,3000,3000,3000,3000,3000,3000,3000,3000,3000,3000,3000,3000,3000,3000,3000,3000,3000,3000,3000,3000,3000,3000,3000,3000,3000,3000,3000,3000,3000,3000,3000,3000,3000,3000,3000,3000,3000,3000,3000,3000,3000,3000,3000
3000,3000,3000,3000,3000,3000,3000,3000,3000,3000,3000,3000,3000,3000,3000,3000,3000,3000,3000,3000,3000,3000,3000,3000,3000,3000,3000,3000,3000,3000,3000,3000,3000,3000,3000,3000,3000,3000,3000,3000,3000,3000,3000,3000,3000,3000,3000,3000,3000,3000,3000,3000,3000,3000,3000,3000,3000,3000,3000,3000,3000,3000,3000,3000,3000,3000,3000,3000,3000,3000,3000,3000,3000,3000,3000,3000,3000,3000,3000,3000,3000,3000,3000,3000,3000,3000,3000,3000,3000,3000,3000,3000,3000,3000,3000,3000,3000,3000,3000,3000,3000,3000,3000,3000,3000,3000,3000,3000,3000,3000,3000,3000,3000,3000,3000,3000,3000,3000,3000,3000,3000,3000,3000,3000,3000,3000,3000,3000,3000,3000,3000,3000,3000,3000,3000,3000,3000,3000,3000,3000,3000,3000,3000,3000,3000,3000,3000,3000,3000,3000,3000,3000,3000,3000,3000,3000,3000,3000,3000,3000
3000,3000,3000,3000,3000,3000,3000,3000,3000,3000,3000,3000,3000,3000,3000,3000,3000,3000,3000,3000,3000,3000,3000,3000,3000,3000,3000,3000,3000,3000,3000,3000,3000,3000,3000,3000,3000,3000,3000,3000,3000,3000,3000,3000,3000,3000,3000,3000,3000,3000,3000,3000,3000,3000,3000,3000,3000,3000,3000,3000,3000,3000,3000,3000,3000,3000,3000,3000,3000,3000,3000,3000,3000,3000,3000,3000,3000,3000,3000,3000,3000,3000,3000,3000,3000,3000,3000,3000,3000,3000,3000,3000,3000,3000,3000,3000,3000,3000,3000,3000,3000,3000,3000,3000,3000,3000,3000,3000,3000,3000,3000,3000,3000,3000,3000,3000,3000,3000,3000,3000,3000,3000,3000,3000,3000,3000,3000,3000,3000,3000,3000,3000,3000,3000,3000,3000,3000,3000,3000,3000,3000,3000,3000,3000,3000,3000,3000,3000,3000,3000,3000,3000,3000,3000,3000,3000,3000,3000,3000,3000
3000,3000,3000,3000,3000,3000,3000,3000,3000,3000,3000,3000,3000,3000,3000,3000,3000,3000,3000,3000,3000,3000,3000,3000,3000,3000,3000,3000,3000,3000,3000,3000,3000,3000,3000,3000,3000,3000,3000,3000,3000,3000,3000,3000,3000,3000,3000,3000,3000,3000,3000,3000,3000,3000,3000,3000,3000,3000,3000,3000,3000,3000,3000,3000,3000,3000,3000,3000,3000,3000,3000,3000,3000,3000,3000,3000,3000,3000,3000,3000,3000,3000,3000,3000,3000,3000,3000,3000,3000,3000,3000,3000,3000,3000,3000,3000,3000,3000,3000,3000,3000,3000,3000,3000,3000,3000,3000,3000,3000,3000,3000,3000,3000,3000,3000,3000,3000,3000,3000,3000,3000,3000,3000,3000,3000,3000,3000,3000,3000,3000,3000,3000,3000,3000,3000,3000,3000,3000,3000,3000,3000,3000,3000,3000,3000,3000,3000,3000,3000,3000,3000,3000,3000,3000,3000,3000,3000,3000,3000,3000
3000,3000,3000,3000,3000,3000,3000,3000,3000,3000,3000,3000,3000,3000,3000,3000,3000,3000,3000,3000,3000,3000,3000,3000,3000,3000,3000,3000,3000,3000,3000,3000,3000,3000,3000,3000,3000,3000,3000,3000,3000,3000,3000,3000,3000,3000,3000,3000,3000,3000,3000,3000,3000,3000,3000,3000,3000,3000,3000,3000,3000,3000,3000,3000,3000,3000,3000,3000,3000,3000,3000,3000,3000,3000,3000,3000,3000,3000,3000,3000,3000,3000,3000,3000,3000,3000,3000,3000,3000,3000,3000,3000,3000,3000,3000,3000,3000,3000,3000,3000,3000,3000,3000,3000,3000,3000,3000,3000,3000,3000,3000,3000,3000,3000,3000,3000,3000,3000,3000,3000,3000,3000,3000,3000,3000,3000,3000,3000,3000,3000,3000,3000,3000,3000,3000,3000,3000,3000,3000,3000,3000,3000,3000,3000,3000,3000,3000,3000,3000,3000,3000,3000,3000,3000,3000,3000,3000,3000,3000,3000
3000,3000,3000,3000,3000,3000,3000,3000,3000,3000,3000,3000,3000,3000,3000,3000,3000,3000,3000,3000,3000,3000,3000,3000,3000,3000,3000,3000,3000,3000,3000,3000,3000,3000,3000,3000,3000,3000,3000,3000,3000,3000,3000,3000,3000,3000,3000,3000,3000,3000,3000,3000,3000,3000,3000,3000,3000,3000,3000,3000,3000,3000,3000,3000,3000,3000,3000,3000,3000,3000,3000,3000,3000,3000,3000,3000,3000,3000,3000,3000,3000,3000,3000,3000,3000,3000,3000,3000,3000,3000,3000,3000,3000,3000,3000,3000,3000,3000,3000,3000,3000,3000,3000,3000,3000,3000,3000,3000,3000,3000,3000,3000,3000,3000,3000,3000,3000,3000,3000,3000,3000,3000,3000,3000,3000,3000,3000,3000,3000,3000,3000,3000,3000,3000,3000,3000,3000,3000,3000,3000,3000,3000,3000,3000,3000,3000,3000,3000,3000,3000,3000,3000,3000,3000,3000,3000,3000,3000,3000,3000
3000,3000,3000,3000,3000,3000,3000,3000,3000,3000,3000,3000,3000,3000,3000,3000,3000,3000,3000,3000,3000,3000,3000,3000,3000,3000,3000,3000,3000,3000,3000,3000,3000,3000,3000,3000,3000,3000,3000,3000,3000,3000,3000,3000,3000,3000,3000,3000,3000,3000,3000,3000,3000,3000,3000,3000,3000,3000,3000,3000,3000,3000,3000,3000,3000,3000,3000,3000,3000,3000,3000,3000,3000,3000,3000,3000,3000,3000,3000,3000,3000,3000,3000,3000,3000,3000,3000,3000,3000,3000,3000,3000,3000,3000,3000,3000,3000,3000,3000,3000,3000,3000,3000,3000,3000,3000,3000,3000,3000,3000,3000,3000,3000,3000,3000,3000,3000,3000,3000,3000,3000,3000,3000,3000,3000,3000,3000,3000,3000,3000,3000,3000,3000,3000,3000,3000,3000,3000,3000,3000,3000,3000,3000,3000,3000,3000,3000,3000,3000,3000,3000,3000,3000,3000,3000,3000,3000,3000,3000,3000
3000,3000,3000,3000,3000,3000,3000,3000,3000,3000,3000,3000,3000,3000,3000,3000,3000,3000,3000,3000,3000,3000,3000,3000,3000,3000,3000,3000,3000,3000,3000,3000,3000,3000,3000,3000,3000,3000,3000,3000,3000,3000,3000,3000,3000,3000,3000,3000,3000,3000,3000,3000,3000,3000,3000,3000,3000,3000,3000,3000,3000,3000,3000,3000,3000,3000,3000,3000,3000,3000,3000,3000,3000,3000,3000,3000,3000,3000,3000,3000,3000,3000,3000,3000,3000,3000,3000,3000,3000,3000,3000,3000,3000,3000,3000,3000,3000,3000,3000,3000,3000,3000,3000,3000,3000,3000,3000,3000,3000,3000,3000,3000,3000,3000,3000,3000,3000,3000,3000,3000,3000,3000,3000,3000,3000,3000,3000,3000,3000,3000,3000,3000,3000,3000,3000,3000,3000,3000,3000,3000,3000,3000,3000,3000,3000,3000,3000,3000,3000,3000,3000,3000,3000,3000,3000,3000,3000,3000,3000,3000
3000,3000,3000,3000,3000,3000,3000,3000,3000,3000,3000,3000,3000,3000,3000,3000,3000,3000,3000,3000,3000,3000,3000,3000,3000,3000,3000,3000,3000,3000,3000,3000,3000,3000,3000,3000,3000,3000,3000,3000,3000,3000,3000,3000,3000,3000,3000,3000,3000,3000,3000,3000,3000,3000,3000,3000,3000,3000,3000,3000,3000,3000,3000,3000,3000,3000,3000,3000,3000,3000,3000,3000,3000,3000,3000,3000,3000,3000,3000,3000,3000,3000,3000,3000,3000,3000,3000,3000,3000,3000,3000,3000,3000,3000,3000,3000,3000,3000,3000,3000,3000,3000,3000,3000,3000,3000,3000,3000,3000,3000,3000,3000,3000,3000,3000,3000,3000,3000,3000,3000,3000,3000,3000,3000,3000,3000,3000,3000,3000,3000,3000,3000,3000,3000,3000,3000,3000,3000,3000,3000,3000,3000,3000,3000,3000,3000,3000,3000,3000,3000,3000,3000,3000,3000,3000,3000,3000,3000,3000,3000
3000,3000,3000,3000,3000,3000,3000,3000,3000,3000,3000,3000,3000,3000,3000,3000,3000,3000,3000,3000,3000,3000,3000,3000,3000,3000,3000,3000,3000,3000,3000,3000,3000,3000,3000,3000,3000,3000,3000,3000,3000,3000,3000,3000,3000,3000,3000,3000,3000,3000,3000,3000,3000,3000,3000,3000,3000,3000,3000,3000,3000,3000,3000,3000,3000,3000,3000,3000,3000,3000,3000,3000,3000,3000,3000,3000,3000,3000,3000,3000,3000,3000,3000,3000,3000,3000,3000,3000,3000,3000,3000,3000,3000,3000,3000,3000,3000,3000,3000,3000,3000,3000,3000,3000,3000,3000,3000,3000,3000,3000,3000,3000,3000,3000,3000,3000,3000,3000,3000,3000,3000,3000,3000,3000,3000,3000,3000,3000,3000,3000,3000,3000,3000,3000,3000,3000,3000,3000,3000,3000,3000,3000,3000,3000,3000,3000,3000,3000,3000,3000,3000,3000,3000,3000,3000,3000,3000,3000,3000,3000
3000,3000,3000,3000,3000,3000,3000,3000,3000,3000,3000,3000,3000,3000,3000,3000,3000,3000,3000,3000,3000,3000,3000,3000,3000,3000,3000,3000,3000,3000,3000,3000,3000,3000,3000,3000,3000,3000,3000,3000,3000,3000,3000,3000,3000,3000,3000,3000,3000,3000,3000,3000,3000,3000,3000,3000,3000,3000,3000,3000,3000,3000,3000,3000,3000,3000,3000,3000,3000,3000,3000,3000,3000,3000,3000,3000,3000,3000,3000,3000,3000,3000,3000,3000,3000,3000,3000,3000,3000,3000,3000,3000,3000,3000,3000,3000,3000,3000,3000,3000,3000,3000,3000,3000,3000,3000,3000,3000,3000,3000,3000,3000,3000,3000,3000,3000,3000,3000,3000,3000,3000,3000,3000,3000,3000,3000,3000,3000,3000,3000,3000,3000,3000,3000,3000,3000,3000,3000,3000,3000,3000,3000,3000,3000,3000,3000,3000,3000,3000,3000,3000,3000,3000,3000,3000,3000,3000,3000,3000,3000
3000,3000,3000,3000,3000,3000,3000,3000,3000,3000,3000,3000,3000,3000,3000,3000,3000,3000,3000,3000,3000,3000,3000,3000,3000,3000,3000,3000,3000,3000,3000,3000,3000,3000,3000,3000,3000,3000,3000,3000,3000,3000,3000,3000,3000,3000,3000,3000,3000,3000,3000,3000,3000,3000,3000,3000,3000,3000,3000,3000,3000,3000,3000,3000,3000,3000,3000,3000,3000,3000,3000,3000,3000,3000,3000,3000,3000,3000,3000,3000,3000,3000,3000,3000,3000,3000,3000,3000,3000,3000,3000,3000,3000,3000,3000,3000,3000,3000,3000,3000,3000,3000,3000,3000,3000,3000,3000,3000,3000,3000,3000,3000,3000,3000,3000,3000,3000,3000,3000,3000,3000,3000,3000,3000,3000,3000,3000,3000,3000,3000,3000,3000,3000,3000,3000,3000,3000,3000,3000,3000,3000,3000,3000,3000,3000,3000,3000,3000,3000,3000,3000,3000,3000,3000,3000,3000,3000,3000,3000,3000
3000,3000,3000,3000,3000,3000,3000,3000,3000,3000,3000,3000,3000,3000,3000,3000,3000,3000,3000,3000,3000,3000,3000,3000,3000,3000,3000,3000,3000,3000,3000,3000,3000,3000,3000,3000,3000,3000,3000,3000,3000,3000,3000,3000,3000,3000,3000,3000,3000,3000,3000,3000,3000,3000,3000,3000,3000,3000,3000,3000,3000,3000,3000,3000,3000,3000,3000,3000,3000,3000,3000,3000,3000,3000,3000,3000,3000,3000,3000,3000,3000,3000,3000,3000,3000,3000,3000,3000,3000,3000,3000,3000,3000,3000,3000,3000,3000,3000,3000,3000,3000,3000,3000,3000,3000,3000,3000,3000,3000,3000,3000,3000,3000,3000,3000,3000,3000,3000,3000,3000,3000,3000,3000,3000,3000,3000,3000,3000,3000,3000,3000,3000,3000,3000,3000,3000,3000,3000,3000,3000,3000,3000,3000,3000,3000,3000,3000,3000,3000,3000,3000,3000,3000,3000,3000,3000,3000,3000,3000,3000
3000,3000,3000,3000,3000,3000,3000,3000,3000,3000,3000,3000,3000,3000,3000,3000,3000,3000,3000,3000,3000,3000,3000,3000,3000,3000,3000,3000,3000,3000,3000,3000,3000,3000,3000,3000,3000,3000,3000,3000,3000,3000,3000,3000,3000,3000,3000,3000,3000,3000,3000,3000,3000,3000,3000,3000,3000,3000,3000,3000,3000,3000,3000,3000,3000,3000,3000,3000,3000,3000,3000,3000,3000,3000,3000,3000,3000,3000,3000,3000,3000,3000,3000,3000,3000,3000,3000,3000,3000,3000,3000,3000,3000,3000,3000,3000,3000,3000,3000,3000,3000,3000,3000,3000,3000,3000,3000,3000,3000,3000,3000,3000,3000,3000,3000,3000,3000,3000,3000,3000,3000,3000,3000,3000,3000,3000,3000,3000,3000,3000,3000,3000,3000,3000,3000,3000,3000,3000,3000,3000,3000,3000,3000,3000,3000,3000,3000,3000,3000,3000,3000,3000,3000,3000,3000,3000,3000,3000,3000,3000
3000,3000,3000,3000,3000,3000,3000,3000,3000,3000,3000,3000,3000,3000,3000,3000,3000,3000,3000,3000,3000,3000,3000,3000,3000,3000,3000,3000,3000,3000,3000,3000,3000,3000,3000,3000,3000,3000,3000,3000,3000,3000,3000,3000,3000,3000,3000,3000,3000,3000,3000,3000,3000,3000,3000,3000,3000,3000,3000,3000,3000,3000,3000,3000,3000,3000,3000,3000,3000,3000,3000,3000,3000,3000,3000,3000,3000,3000,3000,3000,3000,3000,3000,3000,3000,3000,3000,3000,3000,3000,3000,3000,3000,3000,3000,3000,3000,3000,3000,3000,3000,3000,3000,3000,3000,3000,3000,3000,3000,3000,3000,3000,3000,3000,3000,3000,3000,3000,3000,3000,3000,3000,3000,3000,3000,3000,3000,3000,3000,3000,3000,3000,3000,3000,3000,3000,3000,3000,3000,3000,3000,3000,3000,3000,3000,3000,3000,3000,3000,3000,3000,3000,3000,3000,3000,3000,3000,3000,3000,3000
3000,3000,3000,3000,3000,3000,3000,3000,3000,3000,3000,3000,3000,3000,3000,3000,3000,3000,3000,3000,3000,3000,3000,3000,3000,3000,3000,3000,3000,3000,3000,3000,3000,3000,3000,3000,3000,3000,3000,3000,3000,3000,3000,3000,3000,3000,3000,3000,3000,3000,3000,3000,3000,3000,3000,3000,3000,3000,3000,3000,3000,3000,3000,3000,3000,3000,3000,3000,3000,3000,3000,3000,3000,3000,3000,3000,3000,3000,3000,3000,3000,3000,3000,3000,3000,3000,3000,3000,3000,3000,3000,3000,3000,3000,3000,3000,3000,3000,3000,3000,3000,3000,3000,3000,3000,3000,3000,3000,3000,3000,3000,3000,3000,3000,3000,3000,3000,3000,3000,3000,3000,3000,3000,3000,3000,3000,3000,3000,3000,3000,3000,3000,3000,3000,3000,3000,3000,3000,3000,3000,3000,3000,3000,3000,3000,3000,3000,3000,3000,3000,3000,3000,3000,3000,3000,3000,3000,3000,3000,3000
3000,3000,3000,3000,3000,3000,3000,3000,3000,3000,3000,3000,3000,3000,3000,3000,3000,3000,3000,3000,3000,3000,3000,3000,3000,3000,3000,3000,3000,3000,3000,3000,3000,3000,3000,3000,3000,3000,3000,3000,3000,3000,3000,3000,3000,3000,3000,3000,3000,3000,3000,3000,3000,3000,3000,3000,3000,3000,3000,3000,3000,3000,3000,3000,3000,3000,3000,3000,3000,3000,3000,3000,3000,3000,3000,3000,3000,3000,3000,3000,3000,3000,3000,3000,3000,3000,3000,3000,3000,3000,3000,3000,3000,3000,3000,3000,3000,3000,3000,3000,3000,3000,3000,3000,3000,3000,3000,3000,3000,3000,3000,3000,3000,3000,3000,3000,3000,3000,3000,3000,3000,3000,3000,3000,3000,3000,3000,3000,3000,3000,3000,3000,3000,3000,3000,3000,3000,3000,3000,3000,3000,3000,3000,3000,3000,3000,3000,3000,3000,3000,3000,3000,3000,3000,3000,3000,3000,3000,3000,3000
3000,3000,3000,3000,3000,3000,3000,3000,3000,3000,3000,3000,3000,3000,3000,3000,3000,3000,3000,3000,3000,3000,3000,3000,3000,3000,3000,3000,3000,3000,3000,3000,3000,3000,3000,3000,3000,3000,3000,3000,3000,3000,3000,3000,3000,3000,3000,3000,3000,3000,3000,3000,3000,3000,3000,3000,3000,3000,3000,3000,3000,3000,3000,3000,3000,3000,3000,3000,3000,3000,3000,3000,3000,3000,3000,3000,3000,3000,3000,3000,3000,3000,3000,3000,3000,3000,3000,3000,3000,3000,3000,3000,3000,3000,3000,3000,3000,3000,3000,3000,3000,3000,3000,3000,3000,3000,3000,3000,3000,3000,3000,3000,3000,3000,3000,3000,3000,3000,3000,3000,3000,3000,3000,3000,3000,3000,3000,3000,3000,3000,3000,3000,3000,3000,3000,3000,3000,3000,3000,3000,3000,3000,3000,3000,3000,3000,3000,3000,3000,3000,3000,3000,3000,3000,3000,3000,3000,3000,3000,3000
3000,3000,3000,3000,3000,3000,3000,3000,3000,3000,3000,3000,3000,3000,3000,3000,3000,3000,3000,3000,3000,3000,3000,3000,3000,3000,3000,3000,3000,3000,3000,3000,3000,3000,3000,3000,3000,3000,3000,3000,3000,3000,3000,3000,3000,3000,3000,3000,3000,3000,3000,3000,3000,3000,3000,3000,3000,3000,3000,3000,3000,3000,3000,3000,3000,3000,3000,3000,3000,3000,3000,3000,3000,3000,3000,3000,3000,3000,3000,3000,3000,3000,3000,3000,3000,3000,3000,3000,3000,3000,3000,3000,3000,3000,3000,3000,3000,3000,3000,3000,3000,3000,3000,3000,3000,3000,3000,3000,3000,3000,3000,3000,3000,3000,3000,3000,3000,3000,3000,3000,3000,3000,3000,3000,3000,3000,3000,3000,3000,3000,3000,3000,3000,3000,3000,3000,3000,3000,3000,3000,3000,3000,3000,3000,3000,3000,3000,3000,3000,3000,3000,3000,3000,3000,3000,3000,3000,3000,3000,3000
3000,3000,3000,3000,3000,3000,3000,3000,3000,3000,3000,3000,3000,3000,3000,3000,3000,3000,3000,3000,3000,3000,3000,3000,3000,3000,3000,3000,3000,3000,3000,3000,3000,3000,3000,3000,3000,3000,3000,3000,3000,3000,3000,3000,3000,3000,3000,3000,3000,3000,3000,3000,3000,3000,3000,3000,3000,3000,3000,3000,3000,3000,3000,3000,3000,3000,3000,3000,3000,3000,3000,3000,3000,3000,3000,3000,3000,3000,3000,3000,3000,3000,3000,3000,3000,3000,3000,3000,3000,3000,3000,3000,3000,3000,3000,3000,3000,3000,3000,3000,3000,3000,3000,3000,3000,3000,3000,3000,3000,3000,3000,3000,3000,3000,3000,3000,3000,3000,3000,3000,3000,3000,3000,3000,3000,3000,3000,3000,3000,3000,3000,3000,3000,3000,3000,3000,3000,3000,3000,3000,3000,3000,3000,3000,3000,3000,3000,3000,3000,3000,3000,3000,3000,3000,3000,3000,3000,3000,3000,3000
3000,3000,3000,3000,3000,3000,3000,3000,3000,3000,3000,3000,3000,3000,3000,3000,3000,3000,3000,3000,3000,3000,3000,3000,3000,3000,3000,3000,3000,3000,3000,3000,3000,3000,3000,3000,3000,3000,3000,3000,3000,3000,3000,3000,3000,3000,3000,3000,3000,3000,3000,3000,3000,3000,3000,3000,3000,3000,3000,3000,3000,3000,3000,3000,3000,3000,3000,3000,3000,3000,3000,3000,3000,3000,3000,3000,3000,3000,3000,3000,3000,3000,3000,3000,3000,3000,3000,3000,3000,3000,3000,3000,3000,3000,3000,3000,3000,3000,3000,3000,3000,3000,3000,3000,3000,3000,3000,3000,3000,3000,3000,3000,3000,3000,3000,3000,3000,3000,3000,3000,3000,3000,3000,3000,3000,3000,3000,3000,3000,3000,3000,3000,3000,3000,3000,3000,3000,3000,3000,3000,3000,3000,3000,3000,3000,3000,3000,3000,3000,3000,3000,3000,3000,3000,3000,3000,3000,3000,3000,3000
3000,3000,3000,3000,3000,3000,3000,3000,3000,3000,3000,3000,3000,3000,3000,3000,3000,3000,3000,3000,3000,3000,3000,3000,3000,3000,3000,3000,3000,3000,3000,3000,3000,3000,3000,3000,3000,3000,3000,3000,3000,3000,3000,3000,3000,3000,3000,3000,3000,3000,3000,3000,3000,3000,3000,3000,3000,3000,3000,3000,3000,3000,3000,3000,3000,3000,3000,3000,3000,3000,3000,3000,3000,3000,3000,3000,3000,3000,3000,3000,3000,3000,3000,3000,3000,3000,3000,3000,3000,3000,3000,3000,3000,3000,3000,3000,3000,3000,3000,3000,3000,3000,3000,3000,3000,3000,3000,3000,3000,3000,3000,3000,3000,3000,3000,3000,3000,3000,3000,3000,3000,3000,3000,3000,3000,3000,3000,3000,3000,3000,3000,3000,3000,3000,3000,3000,3000,3000,3000,3000,3000,3000,3000,3000,3000,3000,3000,3000,3000,3000,3000,3000,3000,3000,3000,3000,3000,3000,3000,3000
3000,3000,3000,3000,3000,3000,3000,3000,3000,3000,3000,3000,3000,3000,3000,3000,3000,3000,3000,3000,3000,3000,3000,3000,3000,3000,3000,3000,3000,3000,3000,3000,3000,3000,3000,3000,3000,3000,3000,3000,3000,3000,3000,3000,3000,3000,3000,3000,3000,3000,3000,3000,3000,3000,3000,3000,3000,3000,3000,3000,3000,3000,3000,3000,3000,3000,3000,3000,3000,3000,3000,3000,3000,3000,3000,3000,3000,3000,3000,3000,3000,3000,3000,3000,3000,3000,3000,3000,3000,3000,3000,3000,3000,3000,3000,3000,3000,3000,3000,3000,3000,3000,3000,3000,3000,3000,3000,3000,3000,3000,3000,3000,3000,3000,3000,3000,3000,3000,3000,3000,3000,3000,3000,3000,3000,3000,3000,3000,3000,3000,3000,3000,3000,3000,3000,3000,3000,3000,3000,3000,3000,3000,3000,3000,3000,3000,3000,3000,3000,3000,3000,3000,3000,3000,3000,3000,3000,3000,3000,3000
3000,3000,3000,3000,3000,3000,3000,3000,3000,3000,3000,3000,3000,3000,3000,3000,3000,3000,3000,3000,3000,3000,3000,3000,3000,3000,3000,3000,3000,3000,3000,3000,3000,3000,3000,3000,3000,3000,3000,3000,3000,3000,3000,3000,3000,3000,3000,3000,3000,3000,3000,3000,3000,3000,3000,3000,3000,3000,3000,3000,3000,3000,3000,3000,3000,3000,3000,3000,3000,3000,3000,3000,3000,3000,3000,3000,3000,3000,3000,3000,3000,3000,3000,3000,3000,3000,3000,3000,3000,3000,3000,3000,3000,3000,3000,3000,3000,3000,3000,3000,3000,3000,3000,3000,3000,3000,3000,3000,3000,3000,3000,3000,3000,3000,3000,3000,3000,3000,3000,3000,3000,3000,3000,3000,3000,3000,3000,3000,3000,3000,3000,3000,3000,3000,3000,3000,3000,3000,3000,3000,3000,3000,3000,3000,3000,3000,3000,3000,3000,3000,3000,3000,3000,3000,3000,3000,3000,3000,3000,3000
3000,3000,3000,3000,3000,3000,3000,3000,3000,3000,3000,3000,3000,3000,3000,3000,3000,3000,3000,3000,3000,3000,3000,3000,3000,3000,3000,3000,3000,3000,3000,3000,3000,3000,3000,3000,3000,3000,3000,3000,3000,3000,3000,3000,3000,3000,3000,3000,3000,3000,3000,3000,3000,3000,3000,3000,3000,3000,3000,3000,3000,3000,3000,3000,3000,3000,3000,3000,3000,3000,3000,3000,3000,3000,3000,3000,3000,3000,3000,3000,3000,3000,3000,3000,3000,3000,3000,3000,3000,3000,3000,3000,3000,3000,3000,3000,3000,3000,3000,3000,3000,3000,3000,3000,3000,3000,3000,3000,3000,3000,3000,3000,3000,3000,3000,3000,3000,3000,3000,3000,3000,3000,3000,3000,3000,3000,3000,3000,3000,3000,3000,3000,3000,3000,3000,3000,3000,3000,3000,3000,3000,3000,3000,3000,3000,3000,3000,3000,3000,3000,3000,3000,3000,3000,3000,3000,3000,3000,3000,3000
3000,3000,3000,3000,3000,3000,3000,3000,3000,3000,3000,3000,3000,3000,3000,3000,3000,3000,3000,3000,3000,3000,3000,3000,3000,3000,3000,3000,3000,3000,3000,3000,3000,3000,3000,3000,3000,3000,3000,3000,3000,3000,3000,3000,3000,3000,3000,3000,3000,3000,3000,3000,3000,3000,3000,3000,3000,3000,3000,3000,3000,3000,3000,3000,3000,3000,3000,3000,3000,3000,3000,3000,3000,3000,3000,3000,3000,3000,3000,3000,3000,3000,3000,3000,3000,3000,3000,3000,3000,3000,3000,3000,3000,3000,3000,3000,3000,3000,3000,3000,3000,3000,3000,3000,3000,3000,3000,3000,3000,3000,3000,3000,3000,3000,3000,3000,3000,3000,3000,3000,3000,3000,3000,3000,3000,3000,3000,3000,3000,3000,3000,3000,3000,3000,3000,3000,3000,3000,3000,3000,3000,3000,3000,3000,3000,3000,3000,3000,3000,3000,3000,3000,3000,3000,3000,3000,3000,3000,3000,3000
3000,3000,3000,3000,3000,3000,3000,3000,3000,3000,3000,3000,3000,3000,3000,3000,3000,3000,3000,3000,3000,3000,3000,3000,3000,3000,3000,3000,3000,3000,3000,3000,3000,3000,3000,3000,3000,3000,3000,3000,3000,3000,3000,3000,3000,3000,3000,3000,3000,3000,3000,3000,3000,3000,3000,3000,3000,3000,3000,3000,3000,3000,3000,3000,3000,3000,3000,3000,3000,3000,3000,3000,3000,3000,3000,3000,3000,3000,3000,3000,3000,3000,3000,3000,3000,3000,3000,3000,3000,3000,3000,3000,3000,3000,3000,3000,3000,3000,3000,3000,3000,3000,3000,3000,3000,3000,3000,3000,3000,3000,3000,3000,3000,3000,3000,3000,3000,3000,3000,3000,3000,3000,3000,3000,3000,3000,3000,3000,3000,3000,3000,3000,3000,3000,3000,3000,3000,3000,3000,3000,3000,3000,3000,3000,3000,3000,3000,3000,3000,3000,3000,3000,3000,3000,3000,3000,3000,3000,3000,3000
3000,3000,3000,3000,3000,3000,3000,3000,3000,3000,3000,3000,3000,3000,3000,3000,3000,3000,3000,3000,3000,3000,3000,3000,3000,3000,3000,3000,3000,3000,3000,3000,3000,3000,3000,3000,3000,3000,3000,3000,3000,3000,3000,3000,3000,3000,3000,3000,3000,3000,3000,3000,3000,3000,3000,3000,3000,3000,3000,3000,3000,3000,3000,3000,3000,3000,3000,3000,3000,3000,3000,3000,3000,3000,3000,3000,3000,3000,3000,3000,3000,3000,3000,3000,3000,3000,3000,3000,3000,3000,3000,3000,3000,3000,3000,3000,3000,3000,3000,3000,3000,3000,3000,3000,3000,3000,3000,3000,3000,3000,3000,3000,3000,3000,3000,3000,3000,3000,3000,3000,3000,3000,3000,3000,3000,3000,3000,3000,3000,3000,3000,3000,3000,3000,3000,3000,3000,3000,3000,3000,3000,3000,3000,3000,3000,3000,3000,3000,3000,3000,3000,3000,3000,3000,3000,3000,3000,3000,3000,3000
3000,3000,3000,3000,3000,3000,3000,3000,3000,3000,3000,3000,3000,3000,3000,3000,3000,3000,3000,3000,3000,3000,3000,3000,3000,3000,3000,3000,3000,3000,3000,3000,3000,3000,3000,3000,3000,3000,3000,3000,3000,3000,3000,3000,3000,3000,3000,3000,3000,3000,3000,3000,3000,3000,3000,3000,3000,3000,3000,3000,3000,3000,3000,3000,3000,3000,3000,3000,3000,3000,3000,3000,3000,3000,3000,3000,3000,3000,3000,3000,3000,3000,3000,3000,3000,3000,3000,3000,3000,3000,3000,3000,3000,3000,3000,3000,3000,3000,3000,3000,3000,3000,3000,3000,3000,3000,3000,3000,3000,3000,3000,3000,3000,3000,3000,3000,3000,3000,3000,3000,3000,3000,3000,3000,3000,3000,3000,3000,3000,3000,3000,3000,3000,3000,3000,3000,3000,3000,3000,3000,3000,3000,3000,3000,3000,3000,3000,3000,3000,3000,3000,3000,3000,3000,3000,3000,3000,3000,3000,3000
3000,3000,3000,3000,3000,3000,3000,3000,3000,3000,3000,3000,3000,3000,3000,3000,3000,3000,3000,3000,3000,3000,3000,3000,3000,3000,3000,3000,3000,3000,3000,3000,3000,3000,3000,3000,3000,3000,3000,3000,3000,3000,3000,3000,3000,3000,3000,3000,3000,3000,3000,3000,3000,3000,3000,3000,3000,3000,3000,3000,3000,3000,3000,3000,3000,3000,3000,3000,3000,3000,3000,3000,3000,3000,3000,3000,3000,3000,3000,3000,3000,3000,3000,3000,3000,3000,3000,3000,3000,3000,3000,3000,3000,3000,3000,3000,3000,3000,3000,3000,3000,3000,3000,3000,3000,3000,3000,3000,3000,3000,3000,3000,3000,3000,3000,3000,3000,3000,3000,3000,3000,3000,3000,3000,3000,3000,3000,3000,3000,3000,3000,3000,3000,3000,3000,3000,3000,3000,3000,3000,3000,3000,3000,3000,3000,3000,3000,3000,3000,3000,3000,3000,3000,3000,3000,3000,3000,3000,3000,3000
3000,3000,3000,3000,3000,3000,3000,3000,3000,3000,3000,3000,3000,3000,3000,3000,3000,3000,3000,3000,3000,3000,3000,3000,3000,3000,3000,3000,3000,3000,3000,3000,3000,3000,3000,3000,3000,3000,3000,3000,3000,3000,3000,3000,3000,3000,3000,3000,3000,3000,3000,3000,3000,3000,3000,3000,3000,3000,3000,3000,3000,3000,3000,3000,3000,3000,3000,3000,3000,3000,3000,3000,3000,3000,3000,3000,3000,3000,3000,3000,3000,3000,3000,3000,3000,3000,3000,3000,3000,3000,3000,3000,3000,3000,3000,3000,3000,3000,3000,3000,3000,3000,3000,3000,3000,3000,3000,3000,3000,3000,3000,3000,3000,3000,3000,3000,3000,3000,3000,3000,3000,3000,3000,3000,3000,3000,3000,3000,3000,3000,3000,3000,3000,3000,3000,3000,3000,3000,3000,3000,3000,3000,3000,3000,3000,3000,3000,3000,3000,3000,3000,3000,3000,3000,3000,3000,3000,3000,3000,3000
3000,3000,3000,3000,3000,3000,3000,3000,3000,3000,3000,3000,3000,3000,3000,3000,3000,3000,3000,3000,3000,3000,3000,3000,3000,3000,3000,3000,3000,3000,3000,3000,3000,3000,3000,3000,3000,3000,3000,3000,3000,3000,3000,3000,3000,3000,3000,3000,3000,3000,3000,3000,3000,3000,3000,3000,3000,3000,3000,3000,3000,3000,3000,3000,3000,3000,3000,3000,3000,3000,3000,3000,3000,3000,3000,3000,3000,3000,3000,3000,3000,3000,3000,3000,3000,3000,3000,3000,3000,3000,3000,3000,3000,3000,3000,3000,3000,3000,3000,3000,3000,3000,3000,3000,3000,3000,3000,3000,3000,3000,3000,3000,3000,3000,3000,3000,3000,3000,3000,3000,3000,3000,3000,3000,3000,3000,3000,3000,3000,3000,3000,3000,3000,3000,3000,3000,3000,3000,3000,3000,3000,3000,3000,3000,3000,3000,3000,3000,3000,3000,3000,3000,3000,3000,3000,3000,3000,3000,3000,3000
3000,3000,3000,3000,3000,3000,3000,3000,3000,3000,3000,3000,3000,3000,3000,3000,3000,3000,3000,3000,3000,3000,3000,3000,3000,3000,3000,3000,3000,3000,3000,3000,3000,3000,3000,3000,3000,3000,3000,3000,3000,3000,3000,3000,3000,3000,3000,3000,3000,3000,3000,3000,3000,3000,3000,3000,3000,3000,3000,3000,3000,3000,3000,3000,3000,3000,3000,3000,3000,3000,3000,3000,3000,3000,3000,3000,3000,3000,3000,3000,3000,3000,3000,3000,3000,3000,3000,3000,3000,3000,3000,3000,3000,3000,3000,3000,3000,3000,3000,3000,3000,3000,3000,3000,3000,3000,3000,3000,3000,3000,3000,3000,3000,3000,3000,3000,3000,3000,3000,3000,3000,3000,3000,3000,3000,3000,3000,3000,3000,3000,3000,3000,3000,3000,3000,3000,3000,3000,3000,3000,3000,3000,3000,3000,3000,3000,3000,3000,3000,3000,3000,3000,3000,3000,3000,3000,3000,3000,3000,3000
3000,3000,3000,3000,3000,3000,3000,3000,3000,3000,3000,3000,3000,3000,3000,3000,3000,3000,3000,3000,3000,3000,3000,3000,3000,3000,3000,3000,3000,3000,3000,3000,3000,3000,3000,3000,3000,3000,3000,3000,3000,3000,3000,3000,3000,3000,3000,3000,3000,3000,3000,3000,3000,3000,3000,3000,3000,3000,3000,3000,3000,3000,3000,3000,3000,3000,3000,3000,3000,3000,3000,3000,3000,3000,3000,3000,3000,3000,3000,3000,3000,3000,3000,3000,3000,3000,3000,3000,3000,3000,3000,3000,3000,3000,3000,3000,3000,3000,3000,3000,3000,3000,3000,3000,3000,3000,3000,3000,3000,3000,3000,3000,3000,3000,3000,3000,3000,3000,3000,3000,3000,3000,3000,3000,3000,3000,3000,3000,3000,3000,3000,3000,3000,3000,3000,3000,3000,3000,3000,3000,3000,3000,3000,3000,3000,3000,3000,3000,3000,3000,3000,3000,3000,3000,3000,3000,3000,3000,3000,3000
3000,3000,3000,3000,3000,3000,3000,3000,3000,3000,3000,3000,3000,3000,3000,3000,3000,3000,3000,3000,3000,3000,3000,3000,3000,3000,3000,3000,3000,3000,3000,3000,3000,3000,3000,3000,3000,3000,3000,3000,3000,3000,3000,3000,3000,3000,3000,3000,3000,3000,3000,3000,3000,3000,3000,3000,3000,3000,3000,3000,3000,3000,3000,3000,3000,3000,3000,3000,3000,3000,3000,3000,3000,3000,3000,3000,3000,3000,3000,3000,3000,3000,3000,3000,3000,3000,3000,3000,3000,3000,3000,3000,3000,3000,3000,3000,3000,3000,3000,3000,3000,3000,3000,3000,3000,3000,3000,3000,3000,3000,3000,3000,3000,3000,3000,3000,3000,3000,3000,3000,3000,3000,3000,3000,3000,3000,3000,3000,3000,3000,3000,3000,3000,3000,3000,3000,3000,3000,3000,3000,3000,3000,3000,3000,3000,3000,3000,3000,3000,3000,3000,3000,3000,3000,3000,3000,3000,3000,3000,3000
3000,3000,3000,3000,3000,3000,3000,3000,3000,3000,3000,3000,3000,3000,3000,3000,3000,3000,3000,3000,3000,3000,3000,3000,3000,3000,3000,3000,3000,3000,3000,3000,3000,3000,3000,3000,3000,3000,3000,3000,3000,3000,3000,3000,3000,3000,3000,3000,3000,3000,3000,3000,3000,3000,3000,3000,3000,3000,3000,3000,3000,3000,3000,3000,3000,3000,3000,3000,3000,3000,3000,3000,3000,3000,3000,3000,3000,3000,3000,3000,3000,3000,3000,3000,3000,3000,3000,3000,3000,3000,3000,3000,3000,3000,3000,3000,3000,3000,3000,3000,3000,3000,3000,3000,3000,3000,3000,3000,3000,3000,3000,3000,3000,3000,3000,3000,3000,3000,3000,3000,3000,3000,3000,3000,3000,3000,3000,3000,3000,3000,3000,3000,3000,3000,3000,3000,3000,3000,3000,3000,3000,3000,3000,3000,3000,3000,3000,3000,3000,3000,3000,3000,3000,3000,3000,3000,3000,3000,3000,3000
3000,3000,3000,3000,3000,3000,3000,3000,3000,3000,3000,3000,3000,3000,3000,3000,3000,3000,3000,3000,3000,3000,3000,3000,3000,3000,3000,3000,3000,3000,3000,3000,3000,3000,3000,3000,3000,3000,3000,3000,3000,3000,3000,3000,3000,3000,3000,3000,3000,3000,3000,3000,3000,3000,3000,3000,3000,3000,3000,3000,3000,3000,3000,3000,3000,3000,3000,3000,3000,3000,3000,3000,3000,3000,3000,3000,3000,3000,3000,3000,3000,3000,3000,3000,3000,3000,3000,3000,3000,3000,3000,3000,3000,3000,3000,3000,3000,3000,3000,3000,3000,3000,3000,3000,3000,3000,3000,3000,3000,3000,3000,3000,3000,3000,3000,3000,3000,3000,3000,3000,3000,3000,3000,3000,3000,3000,3000,3000,3000,3000,3000,3000,3000,3000,3000,3000,3000,3000,3000,3000,3000,3000,3000,3000,3000,3000,3000,3000,3000,3000,3000,3000,3000,3000,3000,3000,3000,3000,3000,3000
3000,3000,3000,3000,3000,3000,3000,3000,3000,3000,3000,3000,3000,3000,3000,3000,3000,3000,3000,3000,3000,3000,3000,3000,3000,3000,3000,3000,3000,3000,3000,3000,3000,3000,3000,3000,3000,3000,3000,3000,3000,3000,3000,3000,3000,3000,3000,3000,3000,3000,3000,3000,3000,3000,3000,3000,3000,3000,3000,3000,3000,3000,3000,3000,3000,3000,3000,3000,3000,3000,3000,3000,3000,3000,3000,3000,3000,3000,3000,3000,3000,3000,3000,3000,3000,3000,3000,3000,3000,3000,3000,3000,3000,3000,3000,3000,3000,3000,3000,3000,3000,3000,3000,3000,3000,3000,3000,3000,3000,3000,3000,3000,3000,3000,3000,3000,3000,3000,3000,3000,3000,3000,3000,3000,3000,3000,3000,3000,3000,3000,3000,3000,3000,3000,3000,3000,3000,3000,3000,3000,3000,3000,3000,3000,3000,3000,3000,3000,3000,3000,3000,3000,3000,3000,3000,3000,3000,3000,3000,3000
3000,3000,3000,3000,3000,3000,3000,3000,3000,3000,3000,3000,3000,3000,3000,3000,3000,3000,3000,3000,3000,3000,3000,3000,3000,3000,3000,3000,3000,3000,3000,3000,3000,3000,3000,3000,3000,3000,3000,3000,3000,3000,3000,3000,3000,3000,3000,3000,3000,3000,3000,3000,3000,3000,3000,3000,3000,3000,3000,3000,3000,3000,3000,3000,3000,3000,3000,3000,3000,3000,3000,3000,3000,3000,3000,3000,3000,3000,3000,3000,3000,3000,3000,3000,3000,3000,3000,3000,3000,3000,3000,3000,3000,3000,3000,3000,3000,3000,3000,3000,3000,3000,3000,3000,3000,3000,3000,3000,3000,3000,3000,3000,3000,3000,3000,3000,3000,3000,3000,3000,3000,3000,3000,3000,3000,3000,3000,3000,3000,3000,3000,3000,3000,3000,3000,3000,3000,3000,3000,3000,3000,3000,3000,3000,3000,3000,3000,3000,3000,3000,3000,3000,3000,3000,3000,3000,3000,3000,3000,3000
3000,3000,3000,3000,3000,3000,3000,3000,3000,3000,3000,3000,3000,3000,3000,3000,3000,3000,3000,3000,3000,3000,3000,3000,3000,3000,3000,3000,3000,3000,3000,3000,3000,3000,3000,3000,3000,3000,3000,3000,3000,3000,3000,3000,3000,3000,3000,3000,3000,3000,3000,3000,3000,3000,3000,3000,3000,3000,3000,3000,3000,3000,3000,3000,3000,3000,3000,3000,3000,3000,3000,3000,3000,3000,3000,3000,3000,3000,3000,3000,3000,3000,3000,3000,3000,3000,3000,3000,3000,3000,3000,3000,3000,3000,3000,3000,3000,3000,3000,3000,3000,3000,3000,3000,3000,3000,3000,3000,3000,3000,3000,3000,3000,3000,3000,3000,3000,3000,3000,3000,3000,3000,3000,3000,3000,3000,3000,3000,3000,3000,3000,3000,3000,3000,3000,3000,3000,3000,3000,3000,3000,3000,3000,3000,3000,3000,3000,3000,3000,3000,3000,3000,3000,3000,3000,3000,3000,3000,3000,3000
3000,3000,3000,3000,3000,3000,3000,3000,3000,3000,3000,3000,3000,3000,3000,3000,3000,3000,3000,3000,3000,3000,3000,3000,3000,3000,3000,3000,3000,3000,3000,3000,3000,3000,3000,3000,3000,3000,3000,3000,3000,3000,3000,3000,3000,3000,3000,3000,3000,3000,3000,3000,3000,3000,3000,3000,3000,3000,3000,3000,3000,3000,3000,3000,3000,3000,3000,3000,3000,3000,3000,3000,3000,3000,3000,3000,3000,3000,3000,3000,3000,3000,3000,3000,3000,3000,3000,3000,3000,3000,3000,3000,3000,3000,3000,3000,3000,3000,3000,3000,3000,3000,3000,3000,3000,3000,3000,3000,3000,3000,3000,3000,3000,3000,3000,3000,3000,3000,3000,3000,3000,3000,3000,3000,3000,3000,3000,3000,3000,3000,3000,3000,3000,3000,3000,3000,3000,3000,3000,3000,3000,3000,3000,3000,3000,3000,3000,3000,3000,3000,3000,3000,3000,3000,3000,3000,3000,3000,3000,3000
3000,3000,3000,3000,3000,3000,3000,3000,3000,3000,3000,3000,3000,3000,3000,3000,3000,3000,3000,3000,3000,3000,3000,3000,3000,3000,3000,3000,3000,3000,3000,3000,3000,3000,3000,3000,3000,3000,3000,3000,3000,3000,3000,3000,3000,3000,3000,3000,3000,3000,3000,3000,3000,3000,3000,3000,3000,3000,3000,3000,3000,3000,3000,3000,3000,3000,3000,3000,3000,3000,3000,3000,3000,3000,3000,3000,3000,3000,3000,3000,3000,3000,3000,3000,3000,3000,3000,3000,3000,3000,3000,3000,3000,3000,3000,3000,3000,3000,3000,3000,3000,3000,3000,3000,3000,3000,3000,3000,3000,3000,3000,3000,3000,3000,3000,3000,3000,3000,3000,3000,3000,3000,3000,3000,3000,3000,3000,3000,3000,3000,3000,3000,3000,3000,3000,3000,3000,3000,3000,3000,3000,3000,3000,3000,3000,3000,3000,3000,3000,3000,3000,3000,3000,3000,3000,3000,3000,3000,3000,3000
3000,3000,3000,3000,3000,3000,3000,3000,3000,3000,3000,3000,3000,3000,3000,3000,3000,3000,3000,3000,3000,3000,3000,3000,3000,3000,3000,3000,3000,3000,3000,3000,3000,3000,3000,3000,3000,3000,3000,3000,3000,3000,3000,3000,3000,3000,3000,3000,3000,3000,3000,3000,3000,3000,3000,3000,3000,3000,3000,3000,3000,3000,3000,3000,3000,3000,3000,3000,3000,3000,3000,3000,3000,3000,3000,3000,3000,3000,3000,3000,3000,3000,3000,3000,3000,3000,3000,3000,3000,3000,3000,3000,3000,3000,3000,3000,3000,3000,3000,3000,3000,3000,3000,3000,3000,3000,3000,3000,3000,3000,3000,3000,3000,3000,3000,3000,3000,3000,3000,3000,3000,3000,3000,3000,3000,3000,3000,3000,3000,3000,3000,3000,3000,3000,3000,3000,3000,3000,3000,3000,3000,3000,3000,3000,3000,3000,3000,3000,3000,3000,3000,3000,3000,3000,3000,3000,3000,3000,3000,3000
3000,3000,3000,3000,3000,3000,3000,3000,3000,3000,3000,3000,3000,3000,3000,3000,3000,3000,3000,3000,3000,3000,3000,3000,3000,3000,3000,3000,3000,3000,3000,3000,3000,3000,3000,3000,3000,3000,3000,3000,3000,3000,3000,3000,3000,3000,3000,3000,3000,3000,3000,3000,3000,3000,3000,3000,3000,3000,3000,3000,3000,3000,3000,3000,3000,3000,3000,3000,3000,3000,3000,3000,3000,3000,3000,3000,3000,3000,3000,3000,3000,3000,3000,3000,3000,3000,3000,3000,3000,3000,3000,3000,3000,3000,3000,3000,3000,3000,3000,3000,3000,3000,3000,3000,3000,3000,3000,3000,3000,3000,3000,3000,3000,3000,3000,3000,3000,3000,3000,3000,3000,3000,3000,3000,3000,3000,3000,3000,3000,3000,3000,3000,3000,3000,3000,3000,3000,3000,3000,3000,3000,3000,3000,3000,3000,3000,3000,3000,3000,3000,3000,3000,3000,3000,3000,3000,3000,3000,3000,3000
3000,3000,3000,3000,3000,3000,3000,3000,3000,3000,3000,3000,3000,3000,3000,3000,3000,3000,3000,3000,3000,3000,3000,3000,3000,3000,3000,3000,3000,3000,3000,3000,3000,3000,3000,3000,3000,3000,3000,3000,3000,3000,3000,3000,3000,3000,3000,3000,3000,3000,3000,3000,3000,3000,3000,3000,3000,3000,3000,3000,3000,3000,3000,3000,3000,3000,3000,3000,3000,3000,3000,3000,3000,3000,3000,3000,3000,3000,3000,3000,3000,3000,3000,3000,3000,3000,3000,3000,3000,3000,3000,3000,3000,3000,3000,3000,3000,3000,3000,3000,3000,3000,3000,3000,3000,3000,3000,3000,3000,3000,3000,3000,3000,3000,3000,3000,3000,3000,3000,3000,3000,3000,3000,3000,3000,3000,3000,3000,3000,3000,3000,3000,3000,3000,3000,3000,3000,3000,3000,3000,3000,3000,3000,3000,3000,3000,3000,3000,3000,3000,3000,3000,3000,3000,3000,3000,3000,3000,3000,3000
3000,3000,3000,3000,3000,3000,3000,3000,3000,3000,3000,3000,3000,3000,3000,3000,3000,3000,3000,3000,3000,3000,3000,3000,3000,3000,3000,3000,3000,3000,3000,3000,3000,3000,3000,3000,3000,3000,3000,3000,3000,3000,3000,3000,3000,3000,3000,3000,3000,3000,3000,3000,3000,3000,3000,3000,3000,3000,3000,3000,3000,3000,3000,3000,3000,3000,3000,3000,3000,3000,3000,3000,3000,3000,3000,3000,3000,3000,3000,3000,3000,3000,3000,3000,3000,3000,3000,3000,3000,3000,3000,3000,3000,3000,3000,3000,3000,3000,3000,3000,3000,3000,3000,3000,3000,3000,3000,3000,3000,3000,3000,3000,3000,3000,3000,3000,3000,3000,3000,3000,3000,3000,3000,3000,3000,3000,3000,3000,3000,3000,3000,3000,3000,3000,3000,3000,3000,3000,3000,3000,3000,3000,3000,3000,3000,3000,3000,3000,3000,3000,3000,3000,3000,3000,3000,3000,3000,3000,3000,3000
3000,3000,3000,3000,3000,3000,3000,3000,3000,3000,3000,3000,3000,3000,3000,3000,3000,3000,3000,3000,3000,3000,3000,3000,3000,3000,3000,3000,3000,3000,3000,3000,3000,3000,3000,3000,3000,3000,3000,3000,3000,3000,3000,3000,3000,3000,3000,3000,3000,3000,3000,3000,3000,3000,3000,3000,3000,3000,3000,3000,3000,3000,3000,3000,3000,3000,3000,3000,3000,3000,3000,3000,3000,3000,3000,3000,3000,3000,3000,3000,3000,3000,3000,3000,3000,3000,3000,3000,3000,3000,3000,3000,3000,3000,3000,3000,3000,3000,3000,3000,3000,3000,3000,3000,3000,3000,3000,3000,3000,3000,3000,3000,3000,3000,3000,3000,3000,3000,3000,3000,3000,3000,3000,3000,3000,3000,3000,3000,3000,3000,3000,3000,3000,3000,3000,3000,3000,3000,3000,3000,3000,3000,3000,3000,3000,3000,3000,3000,3000,3000,3000,3000,3000,3000,3000,3000,3000,3000,3000,3000
3000,3000,3000,3000,3000,3000,3000,3000,3000,3000,3000,3000,3000,3000,3000,3000,3000,3000,3000,3000,3000,3000,3000,3000,3000,3000,3000,3000,3000,3000,3000,3000,3000,3000,3000,3000,3000,3000,3000,3000,3000,3000,3000,3000,3000,3000,3000,3000,3000,3000,3000,3000,3000,3000,3000,3000,3000,3000,3000,3000,3000,3000,3000,3000,3000,3000,3000,3000,3000,3000,3000,3000,3000,3000,3000,3000,3000,3000,3000,3000,3000,3000,3000,3000,3000,3000,3000,3000,3000,3000,3000,3000,3000,3000,3000,3000,3000,3000,3000,3000,3000,3000,3000,3000,3000,3000,3000,3000,3000,3000,3000,3000,3000,3000,3000,3000,3000,3000,3000,3000,3000,3000,3000,3000,3000,3000,3000,3000,3000,3000,3000,3000,3000,3000,3000,3000,3000,3000,3000,3000,3000,3000,3000,3000,3000,3000,3000,3000,3000,3000,3000,3000,3000,3000,3000,3000,3000,3000,3000,3000
3000,3000,3000,3000,3000,3000,3000,3000,3000,3000,3000,3000,3000,3000,3000,3000,3000,3000,3000,3000,3000,3000,3000,3000,3000,3000,3000,3000,3000,3000,3000,3000,3000,3000,3000,3000,3000,3000,3000,3000,3000,3000,3000,3000,3000,3000,3000,3000,3000,3000,3000,3000,3000,3000,3000,3000,3000,3000,3000,3000,3000,3000,3000,3000,3000,3000,3000,3000,3000,3000,3000,3000,3000,3000,3000,3000,3000,3000,3000,3000,3000,3000,3000,3000,3000,3000,3000,3000,3000,3000,3000,3000,3000,3000,3000,3000,3000,3000,3000,3000,3000,3000,3000,3000,3000,3000,3000,3000,3000,3000,3000,3000,3000,3000,3000,3000,3000,3000,3000,3000,3000,3000,3000,3000,3000,3000,3000,3000,3000,3000,3000,3000,3000,3000,3000,3000,3000,3000,3000,3000,3000,3000,3000,3000,3000,3000,3000,3000,3000,3000,3000,3000,3000,3000,3000,3000,3000,3000,3000,3000
3000,3000,3000,3000,3000,3000,3000,3000,3000,3000,3000,3000,3000,3000,3000,3000,3000,3000,3000,3000,3000,3000,3000,3000,3000,3000,3000,3000,3000,3000,3000,3000,3000,3000,3000,3000,3000,3000,3000,3000,3000,3000,3000,3000,3000,3000,3000,3000,3000,3000,3000,3000,3000,3000,3000,3000,3000,3000,3000,3000,3000,3000,3000,3000,3000,3000,3000,3000,3000,3000,3000,3000,3000,3000,3000,3000,3000,3000,3000,3000,3000,3000,3000,3000,3000,3000,3000,3000,3000,3000,3000,3000,3000,3000,3000,3000,3000,3000,3000,3000,3000,3000,3000,3000,3000,3000,3000,3000,3000,3000,3000,3000,3000,3000,3000,3000,3000,3000,3000,3000,3000,3000,3000,3000,3000,3000,3000,3000,3000,3000,3000,3000,3000,3000,3000,3000,3000,3000,3000,3000,3000,3000,3000,3000,3000,3000,3000,3000,3000,3000,3000,3000,3000,3000,3000,3000,3000,3000,3000,3000
3000,3000,3000,3000,3000,3000,3000,3000,3000,3000,3000,3000,3000,3000,3000,3000,3000,3000,3000,3000,3000,3000,3000,3000,3000,3000,3000,3000,3000,3000,3000,3000,3000,3000,3000,3000,3000,3000,3000,3000,3000,3000,3000,3000,3000,3000,3000,3000,3000,3000,3000,3000,3000,3000,3000,3000,3000,3000,3000,3000,3000,3000,3000,3000,3000,3000,3000,3000,3000,3000,3000,3000,3000,3000,3000,3000,3000,3000,3000,3000,3000,3000,3000,3000,3000,3000,3000,3000,3000,3000,3000,3000,3000,3000,3000,3000,3000,3000,3000,3000,3000,3000,3000,3000,3000,3000,3000,3000,3000,3000,3000,3000,3000,3000,3000,3000,3000,3000,3000,3000,3000,3000,3000,3000,3000,3000,3000,3000,3000,3000,3000,3000,3000,3000,3000,3000,3000,3000,3000,3000,3000,3000,3000,3000,3000,3000,3000,3000,3000,3000,3000,3000,3000,3000,3000,3000,3000,3000,3000,3000
3000,3000,3000,3000,3000,3000,3000,3000,3000,3000,3000,3000,3000,3000,3000,3000,3000,3000,3000,3000,3000,3000,3000,3000,3000,3000,3000,3000,3000,3000,3000,3000,3000,3000,3000,3000,3000,3000,3000,3000,3000,3000,3000,3000,3000,3000,3000,3000,3000,3000,3000,3000,3000,3000,3000,3000,3000,3000,3000,3000,3000,3000,3000,3000,3000,3000,3000,3000,3000,3000,3000,3000,3000,3000,3000,3000,3000,3000,3000,3000,3000,3000,3000,3000,3000,3000,3000,3000,3000,3000,3000,3000,3000,3000,3000,3000,3000,3000,3000,3000,3000,3000,3000,3000,3000,3000,3000,3000,3000,3000,3000,3000,3000,3000,3000,3000,3000,3000,3000,3000,3000,3000,3000,3000,3000,3000,3000,3000,3000,3000,3000,3000,3000,3000,3000,3000,3000,3000,3000,3000,3000,3000,3000,3000,3000,3000,3000,3000,3000,3000,3000,3000,3000,3000,3000,3000,3000,3000,3000,3000
3000,3000,3000,3000,3000,3000,3000,3000,3000,3000,3000,3000,3000,3000,3000,3000,3000,3000,3000,3000,3000,3000,3000,3000,3000,3000,3000,3000,3000,3000,3000,3000,3000,3000,3000,3000,3000,3000,3000,3000,3000,3000,3000,3000,3000,3000,3000,3000,3000,3000,3000,3000,3000,3000,3000,3000,3000,3000,3000,3000,3000,3000,3000,3000,3000,3000,3000,3000,3000,3000,3000,3000,3000,3000,3000,3000,3000,3000,3000,3000,3000,3000,3000,3000,3000,3000,3000,3000,3000,3000,3000,3000,3000,3000,3000,3000,3000,3000,3000,3000,3000,3000,3000,3000,3000,3000,3000,3000,3000,3000,3000,3000,3000,3000,3000,3000,3000,3000,3000,3000,3000,3000,3000,3000,3000,3000,3000,3000,3000,3000,3000,3000,3000,3000,3000,3000,3000,3000,3000,3000,3000,3000,3000,3000,3000,3000,3000,3000,3000,3000,3000,3000,3000,3000,3000,3000,3000,3000,3000,3000
3000,3000,3000,3000,3000,3000,3000,3000,3000,3000,3000,3000,3000,3000,3000,3000,3000,3000,3000,3000,3000,3000,3000,3000,3000,3000,3000,3000,3000,3000,3000,3000,3000,3000,3000,3000,3000,3000,3000,3000,3000,3000,3000,3000,3000,3000,3000,3000,3000,3000,3000,3000,3000,3000,3000,3000,3000,3000,3000,3000,3000,3000,3000,3000,3000,3000,3000,3000,3000,3000,3000,3000,3000,3000,3000,3000,3000,3000,3000,3000,3000,3000,3000,3000,3000,3000,3000,3000,3000,3000,3000,3000,3000,3000,3000,3000,3000,3000,3000,3000,3000,3000,3000,3000,3000,3000,3000,3000,3000,3000,3000,3000,3000,3000,3000,3000,3000,3000,3000,3000,3000,3000,3000,3000,3000,3000,3000,3000,3000,3000,3000,3000,3000,3000,3000,3000,3000,3000,3000,3000,3000,3000,3000,3000,3000,3000,3000,3000,3000,3000,3000,3000,3000,3000,3000,3000,3000,3000,3000,3000
3000,3000,3000,3000,3000,3000,3000,3000,3000,3000,3000,3000,3000,3000,3000,3000,3000,3000,3000,3000,3000,3000,3000,3000,3000,3000,3000,3000,3000,3000,3000,3000,3000,3000,3000,3000,3000,3000,3000,3000,3000,3000,3000,3000,3000,3000,3000,3000,3000,3000,3000,3000,3000,3000,3000,3000,3000,3000,3000,3000,3000,3000,3000,3000,3000,3000,3000,3000,3000,3000,3000,3000,3000,3000,3000,3000,3000,3000,3000,3000,3000,3000,3000,3000,3000,3000,3000,3000,3000,3000,3000,3000,3000,3000,3000,3000,3000,3000,3000,3000,3000,3000,3000,3000,3000,3000,3000,3000,3000,3000,3000,3000,3000,3000,3000,3000,3000,3000,3000,3000,3000,3000,3000,3000,3000,3000,3000,3000,3000,3000,3000,3000,3000,3000,3000,3000,3000,3000,3000,3000,3000,3000,3000,3000,3000,3000,3000,3000,3000,3000,3000,3000,3000,3000,3000,3000,3000,3000,3000,3000
3000,3000,3000,3000,3000,3000,3000,3000,3000,3000,3000,3000,3000,3000,3000,3000,3000,3000,3000,3000,3000,3000,3000,3000,3000,3000,3000,3000,3000,3000,3000,3000,3000,3000,3000,3000,3000,3000,3000,3000,3000,3000,3000,3000,3000,3000,3000,3000,3000,3000,3000,3000,3000,3000,3000,3000,3000,3000,3000,3000,3000,3000,3000,3000,3000,3000,3000,3000,3000,3000,3000,3000,3000,3000,3000,3000,3000,3000,3000,3000,3000,3000,3000,3000,3000,3000,3000,3000,3000,3000,3000,3000,3000,3000,3000,3000,3000,3000,3000,3000,3000,3000,3000,3000,3000,3000,3000,3000,3000,3000,3000,3000,3000,3000,3000,3000,3000,3000,3000,3000,3000,3000,3000,3000,3000,3000,3000,3000,3000,3000,3000,3000,3000,3000,3000,3000,3000,3000,3000,3000,3000,3000,3000,3000,3000,3000,3000,3000,3000,3000,3000,3000,3000,3000,3000,3000,3000,3000,3000,3000
3000,3000,3000,3000,3000,3000,3000,3000,3000,3000,3000,3000,3000,3000,3000,3000,3000,3000,3000,3000,3000,3000,3000,3000,3000,3000,3000,3000,3000,3000,3000,3000,3000,3000,3000,3000,3000,3000,3000,3000,3000,3000,3000,3000,3000,3000,3000,3000,3000,3000,3000,3000,3000,3000,3000,3000,3000,3000,3000,3000,3000,3000,3000,3000,3000,3000,3000,3000,3000,3000,3000,3000,3000,3000,3000,3000,3000,3000,3000,3000,3000,3000,3000,3000,3000,3000,3000,3000,3000,3000,3000,3000,3000,3000,3000,3000,3000,3000,3000,3000,3000,3000,3000,3000,3000,3000,3000,3000,3000,3000,3000,3000,3000,3000,3000,3000,3000,3000,3000,3000,3000,3000,3000,3000,3000,3000,3000,3000,3000,3000,3000,3000,3000,3000,3000,3000,3000,3000,3000,3000,3000,3000,3000,3000,3000,3000,3000,3000,3000,3000,3000,3000,3000,3000,3000,3000,3000,3000,3000,3000
3000,3000,3000,3000,3000,3000,3000,3000,3000,3000,3000,3000,3000,3000,3000,3000,3000,3000,3000,3000,3000,3000,3000,3000,3000,3000,3000,3000,3000,3000,3000,3000,3000,3000,3000,3000,3000,3000,3000,3000,3000,3000,3000,3000,3000,3000,3000,3000,3000,3000,3000,3000,3000,3000,3000,3000,3000,3000,3000,3000,3000,3000,3000,3000,3000,3000,3000,3000,3000,3000,3000,3000,3000,3000,3000,3000,3000,3000,3000,3000,3000,3000,3000,3000,3000,3000,3000,3000,3000,3000,3000,3000,3000,3000,3000,3000,3000,3000,3000,3000,3000,3000,3000,3000,3000,3000,3000,3000,3000,3000,3000,3000,3000,3000,3000,3000,3000,3000,3000,3000,3000,3000,3000,3000,3000,3000,3000,3000,3000,3000,3000,3000,3000,3000,3000,3000,3000,3000,3000,3000,3000,3000,3000,3000,3000,3000,3000,3000,3000,3000,3000,3000,3000,3000,3000,3000,3000,3000,3000,3000
3000,3000,3000,3000,3000,3000,3000,3000,3000,3000,3000,3000,3000,3000,3000,3000,3000,3000,3000,3000,3000,3000,3000,3000,3000,3000,3000,3000,3000,3000,3000,3000,3000,3000,3000,3000,3000,3000,3000,3000,3000,3000,3000,3000,3000,3000,3000,3000,3000,3000,3000,3000,3000,3000,3000,3000,3000,3000,3000,3000,3000,3000,3000,3000,3000,3000,3000,3000,3000,3000,3000,3000,3000,3000,3000,3000,3000,3000,3000,3000,3000,3000,3000,3000,3000,3000,3000,3000,3000,3000,3000,3000,3000,3000,3000,3000,3000,3000,3000,3000,3000,3000,3000,3000,3000,3000,3000,3000,3000,3000,3000,3000,3000,3000,3000,3000,3000,3000,3000,3000,3000,3000,3000,3000,3000,3000,3000,3000,3000,3000,3000,3000,3000,3000,3000,3000,3000,3000,3000,3000,3000,3000,3000,3000,3000,3000,3000,3000,3000,3000,3000,3000,3000,3000,3000,3000,3000,3000,3000,3000
3000,3000,3000,3000,3000,3000,3000,3000,3000,3000,3000,3000,3000,3000,3000,3000,3000,3000,3000,3000,3000,3000,3000,3000,3000,3000,3000,3000,3000,3000,3000,3000,3000,3000,3000,3000,3000,3000,3000,3000,3000,3000,3000,3000,3000,3000,3000,3000,3000,3000,3000,3000,3000,3000,3000,3000,3000,3000,3000,3000,3000,3000,3000,3000,3000,3000,3000,3000,3000,3000,3000,3000,3000,3000,3000,3000,3000,3000,3000,3000,3000,3000,3000,3000,3000,3000,3000,3000,3000,3000,3000,3000,3000,3000,3000,3000,3000,3000,3000,3000,3000,3000,3000,3000,3000,3000,3000,3000,3000,3000,3000,3000,3000,3000,3000,3000,3000,3000,3000,3000,3000,3000,3000,3000,3000,3000,3000,3000,3000,3000,3000,3000,3000,3000,3000,3000,3000,3000,3000,3000,3000,3000,3000,3000,3000,3000,3000,3000,3000,3000,3000,3000,3000,3000,3000,3000,3000,3000,3000,3000
3000,3000,3000,3000,3000,3000,3000,3000,3000,3000,3000,3000,3000,3000,3000,3000,3000,3000,3000,3000,3000,3000,3000,3000,3000,3000,3000,3000,3000,3000,3000,3000,3000,3000,3000,3000,3000,3000,3000,3000,3000,3000,3000,3000,3000,3000,3000,3000,3000,3000,3000,3000,3000,3000,3000,3000,3000,3000,3000,3000,3000,3000,3000,3000,3000,3000,3000,3000,3000,3000,3000,3000,3000,3000,3000,3000,3000,3000,3000,3000,3000,3000,3000,3000,3000,3000,3000,3000,3000,3000,3000,3000,3000,3000,3000,3000,3000,3000,3000,3000,3000,3000,3000,3000,3000,3000,3000,3000,3000,3000,3000,3000,3000,3000,3000,3000,3000,3000,3000,3000,3000,3000,3000,3000,3000,3000,3000,3000,3000,3000,3000,3000,3000,3000,3000,3000,3000,3000,3000,3000,3000,3000,3000,3000,3000,3000,3000,3000,3000,3000,3000,3000,3000,3000,3000,3000,3000,3000,3000,3000
3000,3000,3000,3000,3000,3000,3000,3000,3000,3000,3000,3000,3000,3000,3000,3000,3000,3000,3000,3000,3000,3000,3000,3000,3000,3000,3000,3000,3000,3000,3000,3000,3000,3000,3000,3000,3000,3000,3000,3000,3000,3000,3000,3000,3000,3000,3000,3000,3000,3000,3000,3000,3000,3000,3000,3000,3000,3000,3000,3000,3000,3000,3000,3000,3000,3000,3000,3000,3000,3000,3000,3000,3000,3000,3000,3000,3000,3000,3000,3000,3000,3000,3000,3000,3000,3000,3000,3000,3000,3000,3000,3000,3000,3000,3000,3000,3000,3000,3000,3000,3000,3000,3000,3000,3000,3000,3000,3000,3000,3000,3000,3000,3000,3000,3000,3000,3000,3000,3000,3000,3000,3000,3000,3000,3000,3000,3000,3000,3000,3000,3000,3000,3000,3000,3000,3000,3000,3000,3000,3000,3000,3000,3000,3000,3000,3000,3000,3000,3000,3000,3000,3000,3000,3000,3000,3000,3000,3000,3000,3000
3000,3000,3000,3000,3000,3000,3000,3000,3000,3000,3000,3000,3000,3000,3000,3000,3000,3000,3000,3000,3000,3000,3000,3000,3000,3000,3000,3000,3000,3000,3000,3000,3000,3000,3000,3000,3000,3000,3000,3000,3000,3000,3000,3000,3000,3000,3000,3000,3000,3000,3000,3000,3000,3000,3000,3000,3000,3000,3000,3000,3000,3000,3000,3000,3000,3000,3000,3000,3000,3000,3000,3000,3000,3000,3000,3000,3000,3000,3000,3000,3000,3000,3000,3000,3000,3000,3000,3000,3000,3000,3000,3000,3000,3000,3000,3000,3000,3000,3000,3000,3000,3000,3000,3000,3000,3000,3000,3000,3000,3000,3000,3000,3000,3000,3000,3000,3000,3000,3000,3000,3000,3000,3000,3000,3000,3000,3000,3000,3000,3000,3000,3000,3000,3000,3000,3000,3000,3000,3000,3000,3000,3000,3000,3000,3000,3000,3000,3000,3000,3000,3000,3000,3000,3000,3000,3000,3000,3000,3000,3000
3000,3000,3000,3000,3000,3000,3000,3000,3000,3000,3000,3000,3000,3000,3000,3000,3000,3000,3000,3000,3000,3000,3000,3000,3000,3000,3000,3000,3000,3000,3000,3000,3000,3000,3000,3000,3000,3000,3000,3000,3000,3000,3000,3000,3000,3000,3000,3000,3000,3000,3000,3000,3000,3000,3000,3000,3000,3000,3000,3000,3000,3000,3000,3000,3000,3000,3000,3000,3000,3000,3000,3000,3000,3000,3000,3000,3000,3000,3000,3000,3000,3000,3000,3000,3000,3000,3000,3000,3000,3000,3000,3000,3000,3000,3000,3000,3000,3000,3000,3000,3000,3000,3000,3000,3000,3000,3000,3000,3000,3000,3000,3000,3000,3000,3000,3000,3000,3000,3000,3000,3000,3000,3000,3000,3000,3000,3000,3000,3000,3000,3000,3000,3000,3000,3000,3000,3000,3000,3000,3000,3000,3000,3000,3000,3000,3000,3000,3000,3000,3000,3000,3000,3000,3000,3000,3000,3000,3000,3000,3000
3000,3000,3000,3000,3000,3000,3000,3000,3000,3000,3000,3000,3000,3000,3000,3000,3000,3000,3000,3000,3000,3000,3000,3000,3000,3000,3000,3000,3000,3000,3000,3000,3000,3000,3000,3000,3000,3000,3000,3000,3000,3000,3000,3000,3000,3000,3000,3000,3000,3000,3000,3000,3000,3000,3000,3000,3000,3000,3000,3000,3000,3000,3000,3000,3000,3000,3000,3000,3000,3000,3000,3000,3000,3000,3000,3000,3000,3000,3000,3000,3000,3000,3000,3000,3000,3000,3000,3000,3000,3000,3000,3000,3000,3000,3000,3000,3000,3000,3000,3000,3000,3000,3000,3000,3000,3000,3000,3000,3000,3000,3000,3000,3000,3000,3000,3000,3000,3000,3000,3000,3000,3000,3000,3000,3000,3000,3000,3000,3000,3000,3000,3000,3000,3000,3000,3000,3000,3000,3000,3000,3000,3000,3000,3000,3000,3000,3000,3000,3000,3000,3000,3000,3000,3000,3000,3000,3000,3000,3000,3000
3000,3000,3000,3000,3000,3000,3000,3000,3000,3000,3000,3000,3000,3000,3000,3000,3000,3000,3000,3000,3000,3000,3000,3000,3000,3000,3000,3000,3000,3000,3000,3000,3000,3000,3000,3000,3000,3000,3000,3000,3000,3000,3000,3000,3000,3000,3000,3000,3000,3000,3000,3000,3000,3000,3000,3000,3000,3000,3000,3000,3000,3000,3000,3000,3000,3000,3000,3000,3000,3000,3000,3000,3000,3000,3000,3000,3000,3000,3000,3000,3000,3000,3000,3000,3000,3000,3000,3000,3000,3000,3000,3000,3000,3000,3000,3000,3000,3000,3000,3000,3000,3000,3000,3000,3000,3000,3000,3000,3000,3000,3000,3000,3000,3000,3000,3000,3000,3000,3000,3000,3000,3000,3000,3000,3000,3000,3000,3000,3000,3000,3000,3000,3000,3000,3000,3000,3000,3000,3000,3000,3000,3000,3000,3000,3000,3000,3000,3000,3000,3000,3000,3000,3000,3000,3000,3000,3000,3000,3000,3000
3000,3000,3000,3000,3000,3000,3000,3000,3000,3000,3000,3000,3000,3000,3000,3000,3000,3000,3000,3000,3000,3000,3000,3000,3000,3000,3000,3000,3000,3000,3000,3000,3000,3000,3000,3000,3000,3000,3000,3000,3000,3000,3000,3000,3000,3000,3000,3000,3000,3000,3000,3000,3000,3000,3000,3000,3000,3000,3000,3000,3000,3000,3000,3000,3000,3000,3000,3000,3000,3000,3000,3000,3000,3000,3000,3000,3000,3000,3000,3000,3000,3000,3000,3000,3000,3000,3000,3000,3000,3000,3000,3000,3000,3000,3000,3000,3000,3000,3000,3000,3000,3000,3000,3000,3000,3000,3000,3000,3000,3000,3000,3000,3000,3000,3000,3000,3000,3000,3000,3000,3000,3000,3000,3000,3000,3000,3000,3000,3000,3000,3000,3000,3000,3000,3000,3000,3000,3000,3000,3000,3000,3000,3000,3000,3000,3000,3000,3000,3000,3000,3000,3000,3000,3000,3000,3000,3000,3000,3000,3000
3000,3000,3000,3000,3000,3000,3000,3000,3000,3000,3000,3000,3000,3000,3000,3000,3000,3000,3000,3000,3000,3000,3000,3000,3000,3000,3000,3000,3000,3000,3000,3000,3000,3000,3000,3000,3000,3000,3000,3000,3000,3000,3000,3000,3000,3000,3000,3000,3000,3000,3000,3000,3000,3000,3000,3000,3000,3000,3000,3000,3000,3000,3000,3000,3000,3000,3000,3000,3000,3000,3000,3000,3000,3000,3000,3000,3000,3000,3000,3000,3000,3000,3000,3000,3000,3000,3000,3000,3000,3000,3000,3000,3000,3000,3000,3000,3000,3000,3000,3000,3000,3000,3000,3000,3000,3000,3000,3000,3000,3000,3000,3000,3000,3000,3000,3000,3000,3000,3000,3000,3000,3000,3000,3000,3000,3000,3000,3000,3000,3000,3000,3000,3000,3000,3000,3000,3000,3000,3000,3000,3000,3000,3000,3000,3000,3000,3000,3000,3000,3000,3000,3000,3000,3000,3000,3000,3000,3000,3000,3000
3000,3000,3000,3000,3000,3000,3000,3000,3000,3000,3000,3000,3000,3000,3000,3000,3000,3000,3000,3000,3000,3000,3000,3000,3000,3000,3000,3000,3000,3000,3000,3000,3000,3000,3000,3000,3000,3000,3000,3000,3000,3000,3000,3000,3000,3000,3000,3000,3000,3000,3000,3000,3000,3000,3000,3000,3000,3000,3000,3000,3000,3000,3000,3000,3000,3000,3000,3000,3000,3000,3000,3000,3000,3000,3000,3000,3000,3000,3000,3000,3000,3000,3000,3000,3000,3000,3000,3000,3000,3000,3000,3000,3000,3000,3000,3000,3000,3000,3000,3000,3000,3000,3000,3000,3000,3000,3000,3000,3000,3000,3000,3000,3000,3000,3000,3000,3000,3000,3000,3000,3000,3000,3000,3000,3000,3000,3000,3000,3000,3000,3000,3000,3000,3000,3000,3000,3000,3000,3000,3000,3000,3000,3000,3000,3000,3000,3000,3000,3000,3000,3000,3000,3000,3000,3000,3000,3000,3000,3000,3000
3000,3000,3000,3000,3000,3000,3000,3000,3000,3000,3000,3000,3000,3000,3000,3000,3000,3000,3000,3000,3000,3000,3000,3000,3000,3000,3000,3000,3000,3000,3000,3000,3000,3000,3000,3000,3000,3000,3000,3000,3000,3000,3000,3000,3000,3000,3000,3000,3000,3000,3000,3000,3000,3000,3000,3000,3000,3000,3000,3000,3000,3000,3000,3000,3000,3000,3000,3000,3000,3000,3000,3000,3000,3000,3000,3000,3000,3000,3000,3000,3000,3000,3000,3000,3000,3000,3000,3000,3000,3000,3000,3000,3000,3000,3000,3000,3000,3000,3000,3000,3000,3000,3000,3000,3000,3000,3000,3000,3000,3000,3000,3000,3000,3000,3000,3000,3000,3000,3000,3000,3000,3000,3000,3000,3000,3000,3000,3000,3000,3000,3000,3000,3000,3000,3000,3000,3000,3000,3000,3000,3000,3000,3000,3000,3000,3000,3000,3000,3000,3000,3000,3000,3000,3000,3000,3000,3000,3000,3000,3000
3000,3000,3000,3000,3000,3000,3000,3000,3000,3000,3000,3000,3000,3000,3000,3000,3000,3000,3000,3000,3000,3000,3000,3000,3000,3000,3000,3000,3000,3000,3000,3000,3000,3000,3000,3000,3000,3000,3000,3000,3000,3000,3000,3000,3000,3000,3000,3000,3000,3000,3000,3000,3000,3000,3000,3000,3000,3000,3000,3000,3000,3000,3000,3000,3000,3000,3000,3000,3000,3000,3000,3000,3000,3000,3000,3000,3000,3000,3000,3000,3000,3000,3000,3000,3000,3000,3000,3000,3000,3000,3000,3000,3000,3000,3000,3000,3000,3000,3000,3000,3000,3000,3000,3000,3000,3000,3000,3000,3000,3000,3000,3000,3000,3000,3000,3000,3000,3000,3000,3000,3000,3000,3000,3000,3000,3000,3000,3000,3000,3000,3000,3000,3000,3000,3000,3000,3000,3000,3000,3000,3000,3000,3000,3000,3000,3000,3000,3000,3000,3000,3000,3000,3000,3000,3000,3000,3000,3000,3000,3000
3000,3000,3000,3000,3000,3000,3000,3000,3000,3000,3000,3000,3000,3000,3000,3000,3000,3000,3000,3000,3000,3000,3000,3000,3000,3000,3000,3000,3000,3000,3000,3000,3000,3000,3000,3000,3000,3000,3000,3000,3000,3000,3000,3000,3000,3000,3000,3000,3000,3000,3000,3000,3000,3000,3000,3000,3000,3000,3000,3000,3000,3000,3000,3000,3000,3000,3000,3000,3000,3000,3000,3000,3000,3000,3000,3000,3000,3000,3000,3000,3000,3000,3000,3000,3000,3000,3000,3000,3000,3000,3000,3000,3000,3000,3000,3000,3000,3000,3000,3000,3000,3000,3000,3000,3000,3000,3000,3000,3000,3000,3000,3000,3000,3000,3000,3000,3000,3000,3000,3000,3000,3000,3000,3000,3000,3000,3000,3000,3000,3000,3000,3000,3000,3000,3000,3000,3000,3000,3000,3000,3000,3000,3000,3000,3000,3000,3000,3000,3000,3000,3000,3000,3000,3000,3000,3000,3000,3000,3000,3000
3000,3000,3000,3000,3000,3000,3000,3000,3000,3000,3000,3000,3000,3000,3000,3000,3000,3000,3000,3000,3000,3000,3000,3000,3000,3000,3000,3000,3000,3000,3000,3000,3000,3000,3000,3000,3000,3000,3000,3000,3000,3000,3000,3000,3000,3000,3000,3000,3000,3000,3000,3000,3000,3000,3000,3000,3000,3000,3000,3000,3000,3000,3000,3000,3000,3000,3000,3000,3000,3000,3000,3000,3000,3000,3000,3000,3000,3000,3000,3000,3000,3000,3000,3000,3000,3000,3000,3000,3000,3000,3000,3000,3000,3000,3000,3000,3000,3000,3000,3000,3000,3000,3000,3000,3000,3000,3000,3000,3000,3000,3000,3000,3000,3000,3000,3000,3000,3000,3000,3000,3000,3000,3000,3000,3000,3000,3000,3000,3000,3000,3000,3000,3000,3000,3000,3000,3000,3000,3000,3000,3000,3000,3000,3000,3000,3000,3000,3000,3000,3000,3000,3000,3000,3000,3000,3000,3000,3000,3000,3000
3000,3000,3000,3000,3000,3000,3000,3000,3000,3000,3000,3000,3000,3000,3000,3000,3000,3000,3000,3000,3000,3000,3000,3000,3000,3000,3000,3000,3000,3000,3000,3000,3000,3000,3000,3000,3000,3000,3000,3000,3000,3000,3000,3000,3000,3000,3000,3000,3000,3000,3000,3000,3000,3000,3000,3000,3000,3000,3000,3000,3000,3000,3000,3000,3000,3000,3000,3000,3000,3000,3000,3000,3000,3000,3000,3000,3000,3000,3000,3000,3000,3000,3000,3000,3000,3000,3000,3000,3000,3000,3000,3000,3000,3000,3000,3000,3000,3000,3000,3000,3000,3000,3000,3000,3000,3000,3000,3000,3000,3000,3000,3000,3000,3000,3000,3000,3000,3000,3000,3000,3000,3000,3000,3000,3000,3000,3000,3000,3000,3000,3000,3000,3000,3000,3000,3000,3000,3000,3000,3000,3000,3000,3000,3000,3000,3000,3000,3000,3000,3000,3000,3000,3000,3000,3000,3000,3000,3000,3000,3000
3000,3000,3000,3000,3000,3000,3000,3000,3000,3000,3000,3000,3000,3000,3000,3000,3000,3000,3000,3000,3000,3000,3000,3000,3000,3000,3000,3000,3000,3000,3000,3000,3000,3000,3000,3000,3000,3000,3000,3000,3000,3000,3000,3000,3000,3000,3000,3000,3000,3000,3000,3000,3000,3000,3000,3000,3000,3000,3000,3000,3000,3000,3000,3000,3000,3000,3000,3000,3000,3000,3000,3000,3000,3000,3000,3000,3000,3000,3000,3000,3000,3000,3000,3000,3000,3000,3000,3000,3000,3000,3000,3000,3000,3000,3000,3000,3000,3000,3000,3000,3000,3000,3000,3000,3000,3000,3000,3000,3000,3000,3000,3000,3000,3000,3000,3000,3000,3000,3000,3000,3000,3000,3000,3000,3000,3000,3000,3000,3000,3000,3000,3000,3000,3000,3000,3000,3000,3000,3000,3000,3000,3000,3000,3000,3000,3000,3000,3000,3000,3000,3000,3000,3000,3000,3000,3000,3000,3000,3000,3000
3000,3000,3000,3000,3000,3000,3000,3000,3000,3000,3000,3000,3000,3000,3000,3000,3000,3000,3000,3000,3000,3000,3000,3000,3000,3000,3000,3000,3000,3000,3000,3000,3000,3000,3000,3000,3000,3000,3000,3000,3000,3000,3000,3000,3000,3000,3000,3000,3000,3000,3000,3000,3000,3000,3000,3000,3000,3000,3000,3000,3000,3000,3000,3000,3000,3000,3000,3000,3000,3000,3000,3000,3000,3000,3000,3000,3000,3000,3000,3000,3000,3000,3000,3000,3000,3000,3000,3000,3000,3000,3000,3000,3000,3000,3000,3000,3000,3000,3000,3000,3000,3000,3000,3000,3000,3000,3000,3000,3000,3000,3000,3000,3000,3000,3000,3000,3000,3000,3000,3000,3000,3000,3000,3000,3000,3000,3000,3000,3000,3000,3000,3000,3000,3000,3000,3000,3000,3000,3000,3000,3000,3000,3000,3000,3000,3000,3000,3000,3000,3000,3000,3000,3000,3000,3000,3000,3000,3000,3000,3000
3000,3000,3000,3000,3000,3000,3000,3000,3000,3000,3000,3000,3000,3000,3000,3000,3000,3000,3000,3000,3000,3000,3000,3000,3000,3000,3000,3000,3000,3000,3000,3000,3000,3000,3000,3000,3000,3000,3000,3000,3000,3000,3000,3000,3000,3000,3000,3000,3000,3000,3000,3000,3000,3000,3000,3000,3000,3000,3000,3000,3000,3000,3000,3000,3000,3000,3000,3000,3000,3000,3000,3000,3000,3000,3000,3000,3000,3000,3000,3000,3000,3000,3000,3000,3000,3000,3000,3000,3000,3000,3000,3000,3000,3000,3000,3000,3000,3000,3000,3000,3000,3000,3000,3000,3000,3000,3000,3000,3000,3000,3000,3000,3000,3000,3000,3000,3000,3000,3000,3000,3000,3000,3000,3000,3000,3000,3000,3000,3000,3000,3000,3000,3000,3000,3000,3000,3000,3000,3000,3000,3000,3000,3000,3000,3000,3000,3000,3000,3000,3000,3000,3000,3000,3000,3000,3000,3000,3000,3000,3000
3000,3000,3000,3000,3000,3000,3000,3000,3000,3000,3000,3000,3000,3000,3000,3000,3000,3000,3000,3000,3000,3000,3000,3000,3000,3000,3000,3000,3000,3000,3000,3000,3000,3000,3000,3000,3000,3000,3000,3000,3000,3000,3000,3000,3000,3000,3000,3000,3000,3000,3000,3000,3000,3000,3000,3000,3000,3000,3000,3000,3000,3000,3000,3000,3000,3000,3000,3000,3000,3000,3000,3000,3000,3000,3000,3000,3000,3000,3000,3000,3000,3000,3000,3000,3000,3000,3000,3000,3000,3000,3000,3000,3000,3000,3000,3000,3000,3000,3000,3000,3000,3000,3000,3000,3000,3000,3000,3000,3000,3000,3000,3000,3000,3000,3000,3000,3000,3000,3000,3000,3000,3000,3000,3000,3000,3000,3000,3000,3000,3000,3000,3000,3000,3000,3000,3000,3000,3000,3000,3000,3000,3000,3000,3000,3000,3000,3000,3000,3000,3000,3000,3000,3000,3000,3000,3000,3000,3000,3000,3000
3000,3000,3000,3000,3000,3000,3000,3000,3000,3000,3000,3000,3000,3000,3000,3000,3000,3000,3000,3000,3000,3000,3000,3000,3000,3000,3000,3000,3000,3000,3000,3000,3000,3000,3000,3000,3000,3000,3000,3000,3000,3000,3000,3000,3000,3000,3000,3000,3000,3000,3000,3000,3000,3000,3000,3000,3000,3000,3000,3000,3000,3000,3000,3000,3000,3000,3000,3000,3000,3000,3000,3000,3000,3000,3000,3000,3000,3000,3000,3000,3000,3000,3000,3000,3000,3000,3000,3000,3000,3000,3000,3000,3000,3000,3000,3000,3000,3000,3000,3000,3000,3000,3000,3000,3000,3000,3000,3000,3000,3000,3000,3000,3000,3000,3000,3000,3000,3000,3000,3000,3000,3000,3000,3000,3000,3000,3000,3000,3000,3000,3000,3000,3000,3000,3000,3000,3000,3000,3000,3000,3000,3000,3000,3000,3000,3000,3000,3000,3000,3000,3000,3000,3000,3000,3000,3000,3000,3000,3000,3000
3000,3000,3000,3000,3000,3000,3000,3000,3000,3000,3000,3000,3000,3000,3000,3000,3000,3000,3000,3000,3000,3000,3000,3000,3000,3000,3000,3000,3000,3000,3000,3000,3000,3000,3000,3000,3000,3000,3000,3000,3000,3000,3000,3000,3000,3000,3000,3000,3000,3000,3000,3000,3000,3000,3000,3000,3000,3000,3000,3000,3000,3000,3000,3000,3000,3000,3000,3000,3000,3000,3000,3000,3000,3000,3000,3000,3000,3000,3000,3000,3000,3000,3000,3000,3000,3000,3000,3000,3000,3000,3000,3000,3000,3000,3000,3000,3000,3000,3000,3000,3000,3000,3000,3000,3000,3000,3000,3000,3000,3000,3000,3000,3000,3000,3000,3000,3000,3000,3000,3000,3000,3000,3000,3000,3000,3000,3000,3000,3000,3000,3000,3000,3000,3000,3000,3000,3000,3000,3000,3000,3000,3000,3000,3000,3000,3000,3000,3000,3000,3000,3000,3000,3000,3000,3000,3000,3000,3000,3000,3000
3000,3000,3000,3000,3000,3000,3000,3000,3000,3000,3000,3000,3000,3000,3000,3000,3000,3000,3000,3000,3000,3000,3000,3000,3000,3000,3000,3000,3000,3000,3000,3000,3000,3000,3000,3000,3000,3000,3000,3000,3000,3000,3000,3000,3000,3000,3000,3000,3000,3000,3000,3000,3000,3000,3000,3000,3000,3000,3000,3000,3000,3000,3000,3000,3000,3000,3000,3000,3000,3000,3000,3000,3000,3000,3000,3000,3000,3000,3000,3000,3000,3000,3000,3000,3000,3000,3000,3000,3000,3000,3000,3000,3000,3000,3000,3000,3000,3000,3000,3000,3000,3000,3000,3000,3000,3000,3000,3000,3000,3000,3000,3000,3000,3000,3000,3000,3000,3000,3000,3000,3000,3000,3000,3000,3000,3000,3000,3000,3000,3000,3000,3000,3000,3000,3000,3000,3000,3000,3000,3000,3000,3000,3000,3000,3000,3000,3000,3000,3000,3000,3000,3000,3000,3000,3000,3000,3000,3000,3000,3000
3000,3000,3000,3000,3000,3000,3000,3000,3000,3000,3000,3000,3000,3000,3000,3000,3000,3000,3000,3000,3000,3000,3000,3000,3000,3000,3000,3000,3000,3000,3000,3000,3000,3000,3000,3000,3000,3000,3000,3000,3000,3000,3000,3000,3000,3000,3000,3000,3000,3000,3000,3000,3000,3000,3000,3000,3000,3000,3000,3000,3000,3000,3000,3000,3000,3000,3000,3000,3000,3000,3000,3000,3000,3000,3000,3000,3000,3000,3000,3000,3000,3000,3000,3000,3000,3000,3000,3000,3000,3000,3000,3000,3000,3000,3000,3000,3000,3000,3000,3000,3000,3000,3000,3000,3000,3000,3000,3000,3000,3000,3000,3000,3000,3000,3000,3000,3000,3000,3000,3000,3000,3000,3000,3000,3000,3000,3000,3000,3000,3000,3000,3000,3000,3000,3000,3000,3000,3000,3000,3000,3000,3000,3000,3000,3000,3000,3000,3000,3000,3000,3000,3000,3000,3000,3000,3000,3000,3000,3000,3000
3000,3000,3000,3000,3000,3000,3000,3000,3000,3000,3000,3000,3000,3000,3000,3000,3000,3000,3000,3000,3000,3000,3000,3000,3000,3000,3000,3000,3000,3000,3000,3000,3000,3000,3000,3000,3000,3000,3000,3000,3000,3000,3000,3000,3000,3000,3000,3000,3000,3000,3000,3000,3000,3000,3000,3000,3000,3000,3000,3000,3000,3000,3000,3000,3000,3000,3000,3000,3000,3000,3000,3000,3000,3000,3000,3000,3000,3000,3000,3000,3000,3000,3000,3000,3000,3000,3000,3000,3000,3000,3000,3000,3000,3000,3000,3000,3000,3000,3000,3000,3000,3000,3000,3000,3000,3000,3000,3000,3000,3000,3000,3000,3000,3000,3000,3000,3000,3000,3000,3000,3000,3000,3000,3000,3000,3000,3000,3000,3000,3000,3000,3000,3000,3000,3000,3000,3000,3000,3000,3000,3000,3000,3000,3000,3000,3000,3000,3000,3000,3000,3000,3000,3000,3000,3000,3000,3000,3000,3000,3000
3000,3000,3000,3000,3000,3000,3000,3000,3000,3000,3000,3000,3000,3000,3000,3000,3000,3000,3000,3000,3000,3000,3000,3000,3000,3000,3000,3000,3000,3000,3000,3000,3000,3000,3000,3000,3000,3000,3000,3000,3000,3000,3000,3000,3000,3000,3000,3000,3000,3000,3000,3000,3000,3000,3000,3000,3000,3000,3000,3000,3000,3000,3000,3000,3000,3000,3000,3000,3000,3000,3000,3000,3000,3000,3000,3000,3000,3000,3000,3000,3000,3000,3000,3000,3000,3000,3000,3000,3000,3000,3000,3000,3000,3000,3000,3000,3000,3000,3000,3000,3000,3000,3000,3000,3000,3000,3000,3000,3000,3000,3000,3000,3000,3000,3000,3000,3000,3000,3000,3000,3000,3000,3000,3000,3000,3000,3000,3000,3000,3000,3000,3000,3000,3000,3000,3000,3000,3000,3000,3000,3000,3000,3000,3000,3000,3000,3000,3000,3000,3000,3000,3000,3000,3000,3000,3000,3000,3000,3000,3000
3000,3000,3000,3000,3000,3000,3000,3000,3000,3000,3000,3000,3000,3000,3000,3000,3000,3000,3000,3000,3000,3000,3000,3000,3000,3000,3000,3000,3000,3000,3000,3000,3000,3000,3000,3000,3000,3000,3000,3000,3000,3000,3000,3000,3000,3000,3000,3000,3000,3000,3000,3000,3000,3000,3000,3000,3000,3000,3000,3000,3000,3000,3000,3000,3000,3000,3000,3000,3000,3000,3000,3000,3000,3000,3000,3000,3000,3000,3000,3000,3000,3000,3000,3000,3000,3000,3000,3000,3000,3000,3000,3000,3000,3000,3000,3000,3000,3000,3000,3000,3000,3000,3000,3000,3000,3000,3000,3000,3000,3000,3000,3000,3000,3000,3000,3000,3000,3000,3000,3000,3000,3000,3000,3000,3000,3000,3000,3000,3000,3000,3000,3000,3000,3000,3000,3000,3000,3000,3000,3000,3000,3000,3000,3000,3000,3000,3000,3000,3000,3000,3000,3000,3000,3000,3000,3000,3000,3000,3000,3000
3000,3000,3000,3000,3000,3000,3000,3000,3000,3000,3000,3000,3000,3000,3000,3000,3000,3000,3000,3000,3000,3000,3000,3000,3000,3000,3000,3000,3000,3000,3000,3000,3000,3000,3000,3000,3000,3000,3000,3000,3000,3000,3000,3000,3000,3000,3000,3000,3000,3000,3000,3000,3000,3000,3000,3000,3000,3000,3000,3000,3000,3000,3000,3000,3000,3000,3000,3000,3000,3000,3000,3000,3000,3000,3000,3000,3000,3000,3000,3000,3000,3000,3000,3000,3000,3000,3000,3000,3000,3000,3000,3000,3000,3000,3000,3000,3000,3000,3000,3000,3000,3000,3000,3000,3000,3000,3000,3000,3000,3000,3000,3000,3000,3000,3000,3000,3000,3000,3000,3000,3000,3000,3000,3000,3000,3000,3000,3000,3000,3000,3000,3000,3000,3000,3000,3000,3000,3000,3000,3000,3000,3000,3000,3000,3000,3000,3000,3000,3000,3000,3000,3000,3000,3000,3000,3000,3000,3000,3000,3000
3000,3000,3000,3000,3000,3000,3000,3000,3000,3000,3000,3000,3000,3000,3000,3000,3000,3000,3000,3000,3000,3000,3000,3000,3000,3000,3000,3000,3000,3000,3000,3000,3000,3000,3000,3000,3000,3000,3000,3000,3000,3000,3000,3000,3000,3000,3000,3000,3000,3000,3000,3000,3000,3000,3000,3000,3000,3000,3000,3000,3000,3000,3000,3000,3000,3000,3000,3000,3000,3000,3000,3000,3000,3000,3000,3000,3000,3000,3000,3000,3000,3000,3000,3000,3000,3000,3000,3000,3000,3000,3000,3000,3000,3000,3000,3000,3000,3000,3000,3000,3000,3000,3000,3000,3000,3000,3000,3000,3000,3000,3000,3000,3000,3000,3000,3000,3000,3000,3000,3000,3000,3000,3000,3000,3000,3000,3000,3000,3000,3000,3000,3000,3000,3000,3000,3000,3000,3000,3000,3000,3000,3000,3000,3000,3000,3000,3000,3000,3000,3000,3000,3000,3000,3000,3000,3000,3000,3000,3000,3000
3000,3000,3000,3000,3000,3000,3000,3000,3000,3000,3000,3000,3000,3000,3000,3000,3000,3000,3000,3000,3000,3000,3000,3000,3000,3000,3000,3000,3000,3000,3000,3000,3000,3000,3000,3000,3000,3000,3000,3000,3000,3000,3000,3000,3000,3000,3000,3000,3000,3000,3000,3000,3000,3000,3000,3000,3000,3000,3000,3000,3000,3000,3000,3000,3000,3000,3000,3000,3000,3000,3000,3000,3000,3000,3000,3000,3000,3000,3000,3000,3000,3000,3000,3000,3000,3000,3000,3000,3000,3000,3000,3000,3000,3000,3000,3000,3000,3000,3000,3000,3000,3000,3000,3000,3000,3000,3000,3000,3000,3000,3000,3000,3000,3000,3000,3000,3000,3000,3000,3000,3000,3000,3000,3000,3000,3000,3000,3000,3000,3000,3000,3000,3000,3000,3000,3000,3000,3000,3000,3000,3000,3000,3000,3000,3000,3000,3000,3000,3000,3000,3000,3000,3000,3000,3000,3000,3000,3000,3000,3000
3000,3000,3000,3000,3000,3000,3000,3000,3000,3000,3000,3000,3000,3000,3000,3000,3000,3000,3000,3000,3000,3000,3000,3000,3000,3000,3000,3000,3000,3000,3000,3000,3000,3000,3000,3000,3000,3000,3000,3000,3000,3000,3000,3000,3000,3000,3000,3000,3000,3000,3000,3000,3000,3000,3000,3000,3000,3000,3000,3000,3000,3000,3000,3000,3000,3000,3000,3000,3000,3000,3000,3000,3000,3000,3000,3000,3000,3000,3000,3000,3000,3000,3000,3000,3000,3000,3000,3000,3000,3000,3000,3000,3000,3000,3000,3000,3000,3000,3000,3000,3000,3000,3000,3000,3000,3000,3000,3000,3000,3000,3000,3000,3000,3000,3000,3000,3000,3000,3000,3000,3000,3000,3000,3000,3000,3000,3000,3000,3000,3000,3000,3000,3000,3000,3000,3000,3000,3000,3000,3000,3000,3000,3000,3000,3000,3000,3000,3000,3000,3000,3000,3000,3000,3000,3000,3000,3000,3000,3000,3000
3000,3000,3000,3000,3000,3000,3000,3000,3000,3000,3000,3000,3000,3000,3000,3000,3000,3000,3000,3000,3000,3000,3000,3000,3000,3000,3000,3000,3000,3000,3000,3000,3000,3000,3000,3000,3000,3000,3000,3000,3000,3000,3000,3000,3000,3000,3000,3000,3000,3000,3000,3000,3000,3000,3000,3000,3000,3000,3000,3000,3000,3000,3000,3000,3000,3000,3000,3000,3000,3000,3000,3000,3000,3000,3000,3000,3000,3000,3000,3000,3000,3000,3000,3000,3000,3000,3000,3000,3000,3000,3000,3000,3000,3000,3000,3000,3000,3000,3000,3000,3000,3000,3000,3000,3000,3000,3000,3000,3000,3000,3000,3000,3000,3000,3000,3000,3000,3000,3000,3000,3000,3000,3000,3000,3000,3000,3000,3000,3000,3000,3000,3000,3000,3000,3000,3000,3000,3000,3000,3000,3000,3000,3000,3000,3000,3000,3000,3000,3000,3000,3000,3000,3000,3000,3000,3000,3000,3000,3000,3000
3000,3000,3000,3000,3000,3000,3000,3000,3000,3000,3000,3000,3000,3000,3000,3000,3000,3000,3000,3000,3000,3000,3000,3000,3000,3000,3000,3000,3000,3000,3000,3000,3000,3000,3000,3000,3000,3000,3000,3000,3000,3000,3000,3000,3000,3000,3000,3000,3000,3000,3000,3000,3000,3000,3000,3000,3000,3000,3000,3000,3000,3000,3000,3000,3000,3000,3000,3000,3000,3000,3000,3000,3000,3000,3000,3000,3000,3000,3000,3000,3000,3000,3000,3000,3000,3000,3000,3000,3000,3000,3000,3000,3000,3000,3000,3000,3000,3000,3000,3000,3000,3000,3000,3000,3000,3000,3000,3000,3000,3000,3000,3000,3000,3000,3000,3000,3000,3000,3000,3000,3000,3000,3000,3000,3000,3000,3000,3000,3000,3000,3000,3000,3000,3000,3000,3000,3000,3000,3000,3000,3000,3000,3000,3000,3000,3000,3000,3000,3000,3000,3000,3000,3000,3000,3000,3000,3000,3000,3000,3000
3000,3000,3000,3000,3000,3000,3000,3000,3000,3000,3000,3000,3000,3000,3000,3000,3000,3000,3000,3000,3000,3000,3000,3000,3000,3000,3000,3000,3000,3000,3000,3000,3000,3000,3000,3000,3000,3000,3000,3000,3000,3000,3000,3000,3000,3000,3000,3000,3000,3000,3000,3000,3000,3000,3000,3000,3000,3000,3000,3000,3000,3000,3000,3000,3000,3000,3000,3000,3000,3000,3000,3000,3000,3000,3000,3000,3000,3000,3000,3000,3000,3000,3000,3000,3000,3000,3000,3000,3000,3000,3000,3000,3000,3000,3000,3000,3000,3000,3000,3000,3000,3000,3000,3000,3000,3000,3000,3000,3000,3000,3000,3000,3000,3000,3000,3000,3000,3000,3000,3000,3000,3000,3000,3000,3000,3000,3000,3000,3000,3000,3000,3000,3000,3000,3000,3000,3000,3000,3000,3000,3000,3000,3000,3000,3000,3000,3000,3000,3000,3000,3000,3000,3000,3000,3000,3000,3000,3000,3000,3000
3000,3000,3000,3000,3000,3000,3000,3000,3000,3000,3000,3000,3000,3000,3000,3000,3000,3000,3000,3000,3000,3000,3000,3000,3000,3000,3000,3000,3000,3000,3000,3000,3000,3000,3000,3000,3000,3000,3000,3000,3000,3000,3000,3000,3000,3000,3000,3000,3000,3000,3000,3000,3000,3000,3000,3000,3000,3000,3000,3000,3000,3000,3000,3000,3000,3000,3000,3000,3000,3000,3000,3000,3000,3000,3000,3000,3000,3000,3000,3000,3000,3000,3000,3000,3000,3000,3000,3000,3000,3000,3000,3000,3000,3000,3000,3000,3000,3000,3000,3000,3000,3000,3000,3000,3000,3000,3000,3000,3000,3000,3000,3000,3000,3000,3000,3000,3000,3000,3000,3000,3000,3000,3000,3000,3000,3000,3000,3000,3000,3000,3000,3000,3000,3000,3000,3000,3000,3000,3000,3000,3000,3000,3000,3000,3000,3000,3000,3000,3000,3000,3000,3000,3000,3000,3000,3000,3000,3000,3000,3000
3000,3000,3000,3000,3000,3000,3000,3000,3000,3000,3000,3000,3000,3000,3000,3000,3000,3000,3000,3000,3000,3000,3000,3000,3000,3000,3000,3000,3000,3000,3000,3000,3000,3000,3000,3000,3000,3000,3000,3000,3000,3000,3000,3000,3000,3000,3000,3000,3000,3000,3000,3000,3000,3000,3000,3000,3000,3000,3000,3000,3000,3000,3000,3000,3000,3000,3000,3000,3000,3000,3000,3000,3000,3000,3000,3000,3000,3000,3000,3000,3000,3000,3000,3000,3000,3000,3000,3000,3000,3000,3000,3000,3000,3000,3000,3000,3000,3000,3000,3000,3000,3000,3000,3000,3000,3000,3000,3000,3000,3000,3000,3000,3000,3000,3000,3000,3000,3000,3000,3000,3000,3000,3000,3000,3000,3000,3000,3000,3000,3000,3000,3000,3000,3000,3000,3000,3000,3000,3000,3000,3000,3000,3000,3000,3000,3000,3000,3000,3000,3000,3000,3000,3000,3000,3000,3000,3000,3000,3000,3000
3000,3000,3000,3000,3000,3000,3000,3000,3000,3000,3000,3000,3000,3000,3000,3000,3000,3000,3000,3000,3000,3000,3000,3000,3000,3000,3000,3000,3000,3000,3000,3000,3000,3000,3000,3000,3000,3000,3000,3000,3000,3000,3000,3000,3000,3000,3000,3000,3000,3000,3000,3000,3000,3000,3000,3000,3000,3000,3000,3000,3000,3000,3000,3000,3000,3000,3000,3000,3000,3000,3000,3000,3000,3000,3000,3000,3000,3000,3000,3000,3000,3000,3000,3000,3000,3000,3000,3000,3000,3000,3000,3000,3000,3000,3000,3000,3000,3000,3000,3000,3000,3000,3000,3000,3000,3000,3000,3000,3000,3000,3000,3000,3000,3000,3000,3000,3000,3000,3000,3000,3000,3000,3000,3000,3000,3000,3000,3000,3000,3000,3000,3000,3000,3000,3000,3000,3000,3000,3000,3000,3000,3000,3000,3000,3000,3000,3000,3000,3000,3000,3000,3000,3000,3000,3000,3000,3000,3000,3000,3000
3000,3000,3000,3000,3000,3000,3000,3000,3000,3000,3000,3000,3000,3000,3000,3000,3000,3000,3000,3000,3000,3000,3000,3000,3000,3000,3000,3000,3000,3000,3000,3000,3000,3000,3000,3000,3000,3000,3000,3000,3000,3000,3000,3000,3000,3000,3000,3000,3000,3000,3000,3000,3000,3000,3000,3000,3000,3000,3000,3000,3000,3000,3000,3000,3000,3000,3000,3000,3000,3000,3000,3000,3000,3000,3000,3000,3000,3000,3000,3000,3000,3000,3000,3000,3000,3000,3000,3000,3000,3000,3000,3000,3000,3000,3000,3000,3000,3000,3000,3000,3000,3000,3000,3000,3000,3000,3000,3000,3000,3000,3000,3000,3000,3000,3000,3000,3000,3000,3000,3000,3000,3000,3000,3000,3000,3000,3000,3000,3000,3000,3000,3000,3000,3000,3000,3000,3000,3000,3000,3000,3000,3000,3000,3000,3000,3000,3000,3000,3000,3000,3000,3000,3000,3000,3000,3000,3000,3000,3000,3000
3000,3000,3000,3000,3000,3000,3000,3000,3000,3000,3000,3000,3000,3000,3000,3000,3000,3000,3000,3000,3000,3000,3000,3000,3000,3000,3000,3000,3000,3000,3000,3000,3000,3000,3000,3000,3000,3000,3000,3000,3000,3000,3000,3000,3000,3000,3000,3000,3000,3000,3000,3000,3000,3000,3000,3000,3000,3000,3000,3000,3000,3000,3000,3000,3000,3000,3000,3000,3000,3000,3000,3000,3000,3000,3000,3000,3000,3000,3000,3000,3000,3000,3000,3000,3000,3000,3000,3000,3000,3000,3000,3000,3000,3000,3000,3000,3000,3000,3000,3000,3000,3000,3000,3000,3000,3000,3000,3000,3000,3000,3000,3000,3000,3000,3000,3000,3000,3000,3000,3000,3000,3000,3000,3000,3000,3000,3000,3000,3000,3000,3000,3000,3000,3000,3000,3000,3000,3000,3000,3000,3000,3000,3000,3000,3000,3000,3000,3000,3000,3000,3000,3000,3000,3000,3000,3000,3000,3000,3000,3000
3000,3000,3000,3000,3000,3000,3000,3000,3000,3000,3000,3000,3000,3000,3000,3000,3000,3000,3000,3000,3000,3000,3000,3000,3000,3000,3000,3000,3000,3000,3000,3000,3000,3000,3000,3000,3000,3000,3000,3000,3000,3000,3000,3000,3000,3000,3000,3000,3000,3000,3000,3000,3000,3000,3000,3000,3000,3000,3000,3000,3000,3000,3000,3000,3000,3000,3000,3000,3000,3000,3000,3000,3000,3000,3000,3000,3000,3000,3000,3000,3000,3000,3000,3000,3000,3000,3000,3000,3000,3000,3000,3000,3000,3000,3000,3000,3000,3000,3000,3000,3000,3000,3000,3000,3000,3000,3000,3000,3000,3000,3000,3000,3000,3000,3000,3000,3000,3000,3000,3000,3000,3000,3000,3000,3000,3000,3000,3000,3000,3000,3000,3000,3000,3000,3000,3000,3000,3000,3000,3000,3000,3000,3000,3000,3000,3000,3000,3000,3000,3000,3000,3000,3000,3000,3000,3000,3000,3000,3000,3000
3000,3000,3000,3000,3000,3000,3000,3000,3000,3000,3000,3000,3000,3000,3000,3000,3000,3000,3000,3000,3000,3000,3000,3000,3000,3000,3000,3000,3000,3000,3000,3000,3000,3000,3000,3000,3000,3000,3000,3000,3000,3000,3000,3000,3000,3000,3000,3000,3000,3000,3000,3000,3000,3000,3000,3000,3000,3000,3000,3000,3000,3000,3000,3000,3000,3000,3000,3000,3000,3000,3000,3000,3000,3000,3000,3000,3000,3000,3000,3000,3000,3000,3000,3000,3000,3000,3000,3000,3000,3000,3000,3000,3000,3000,3000,3000,3000,3000,3000,3000,3000,3000,3000,3000,3000,3000,3000,3000,3000,3000,3000,3000,3000,3000,3000,3000,3000,3000,3000,3000,3000,3000,3000,3000,3000,3000,3000,3000,3000,3000,3000,3000,3000,3000,3000,3000,3000,3000,3000,3000,3000,3000,3000,3000,3000,3000,3000,3000,3000,3000,3000,3000,3000,3000,3000,3000,3000,3000,3000,3000
3000,3000,3000,3000,3000,3000,3000,3000,3000,3000,3000,3000,3000,3000,3000,3000,3000,3000,3000,3000,3000,3000,3000,3000,3000,3000,3000,3000,3000,3000,3000,3000,3000,3000,3000,3000,3000,3000,3000,3000,3000,3000,3000,3000,3000,3000,3000,3000,3000,3000,3000,3000,3000,3000,3000,3000,3000,3000,3000,3000,3000,3000,3000,3000,3000,3000,3000,3000,3000,3000,3000,3000,3000,3000,3000,3000,3000,3000,3000,3000,3000,3000,3000,3000,3000,3000,3000,3000,3000,3000,3000,3000,3000,3000,3000,3000,3000,3000,3000,3000,3000,3000,3000,3000,3000,3000,3000,3000,3000,3000,3000,3000,3000,3000,3000,3000,3000,3000,3000,3000,3000,3000,3000,3000,3000,3000,3000,3000,3000,3000,3000,3000,3000,3000,3000,3000,3000,3000,3000,3000,3000,3000,3000,3000,3000,3000,3000,3000,3000,3000,3000,3000,3000,3000,3000,3000,3000,3000,3000,3000
3000,3000,3000,3000,3000,3000,3000,3000,3000,3000,3000,3000,3000,3000,3000,3000,3000,3000,3000,3000,3000,3000,3000,3000,3000,3000,3000,3000,3000,3000,3000,3000,3000,3000,3000,3000,3000,3000,3000,3000,3000,3000,3000,3000,3000,3000,3000,3000,3000,3000,3000,3000,3000,3000,3000,3000,3000,3000,3000,3000,3000,3000,3000,3000,3000,3000,3000,3000,3000,3000,3000,3000,3000,3000,3000,3000,3000,3000,3000,3000,3000,3000,3000,3000,3000,3000,3000,3000,3000,3000,3000,3000,3000,3000,3000,3000,3000,3000,3000,3000,3000,3000,3000,3000,3000,3000,3000,3000,3000,3000,3000,3000,3000,3000,3000,3000,3000,3000,3000,3000,3000,3000,3000,3000,3000,3000,3000,3000,3000,3000,3000,3000,3000,3000,3000,3000,3000,3000,3000,3000,3000,3000,3000,3000,3000,3000,3000,3000,3000,3000,3000,3000,3000,3000,3000,3000,3000,3000,3000,3000
3000,3000,3000,3000,3000,3000,3000,3000,3000,3000,3000,3000,3000,3000,3000,3000,3000,3000,3000,3000,3000,3000,3000,3000,3000,3000,3000,3000,3000,3000,3000,3000,3000,3000,3000,3000,3000,3000,3000,3000,3000,3000,3000,3000,3000,3000,3000,3000,3000,3000,3000,3000,3000,3000,3000,3000,3000,3000,3000,3000,3000,3000,3000,3000,3000,3000,3000,3000,3000,3000,3000,3000,3000,3000,3000,3000,3000,3000,3000,3000,3000,3000,3000,3000,3000,3000,3000,3000,3000,3000,3000,3000,3000,3000,3000,3000,3000,3000,3000,3000,3000,3000,3000,3000,3000,3000,3000,3000,3000,3000,3000,3000,3000,3000,3000,3000,3000,3000,3000,3000,3000,3000,3000,3000,3000,3000,3000,3000,3000,3000,3000,3000,3000,3000,3000,3000,3000,3000,3000,3000,3000,3000,3000,3000,3000,3000,3000,3000,3000,3000,3000,3000,3000,3000,3000,3000,3000,3000,3000,3000
3000,3000,3000,3000,3000,3000,3000,3000,3000,3000,3000,3000,3000,3000,3000,3000,3000,3000,3000,3000,3000,3000,3000,3000,3000,3000,3000,3000,3000,3000,3000,3000,3000,3000,3000,3000,3000,3000,3000,3000,3000,3000,3000,3000,3000,3000,3000,3000,3000,3000,3000,3000,3000,3000,3000,3000,3000,3000,3000,3000,3000,3000,3000,3000,3000,3000,3000,3000,3000,3000,3000,3000,3000,3000,3000,3000,3000,3000,3000,3000,3000,3000,3000,3000,3000,3000,3000,3000,3000,3000,3000,3000,3000,3000,3000,3000,3000,3000,3000,3000,3000,3000,3000,3000,3000,3000,3000,3000,3000,3000,3000,3000,3000,3000,3000,3000,3000,3000,3000,3000,3000,3000,3000,3000,3000,3000,3000,3000,3000,3000,3000,3000,3000,3000,3000,3000,3000,3000,3000,3000,3000,3000,3000,3000,3000,3000,3000,3000,3000,3000,3000,3000,3000,3000,3000,3000,3000,3000,3000,3000
3000,3000,3000,3000,3000,3000,3000,3000,3000,3000,3000,3000,3000,3000,3000,3000,3000,3000,3000,3000,3000,3000,3000,3000,3000,3000,3000,3000,3000,3000,3000,3000,3000,3000,3000,3000,3000,3000,3000,3000,3000,3000,3000,3000,3000,3000,3000,3000,3000,3000,3000,3000,3000,3000,3000,3000,3000,3000,3000,3000,3000,3000,3000,3000,3000,3000,3000,3000,3000,3000,3000,3000,3000,3000,3000,3000,3000,3000,3000,3000,3000,3000,3000,3000,3000,3000,3000,3000,3000,3000,3000,3000,3000,3000,3000,3000,3000,3000,3000,3000,3000,3000,3000,3000,3000,3000,3000,3000,3000,3000,3000,3000,3000,3000,3000,3000,3000,3000,3000,3000,3000,3000,3000,3000,3000,3000,3000,3000,3000,3000,3000,3000,3000,3000,3000,3000,3000,3000,3000,3000,3000,3000,3000,3000,3000,3000,3000,3000,3000,3000,3000,3000,3000,3000,3000,3000,3000,3000,3000,3000
3000,3000,3000,3000,3000,3000,3000,3000,3000,3000,3000,3000,3000,3000,3000,3000,3000,3000,3000,3000,3000,3000,3000,3000,3000,3000,3000,3000,3000,3000,3000,3000,3000,3000,3000,3000,3000,3000,3000,3000,3000,3000,3000,3000,3000,3000,3000,3000,3000,3000,3000,3000,3000,3000,3000,3000,3000,3000,3000,3000,3000,3000,3000,3000,3000,3000,3000,3000,3000,3000,3000,3000,3000,3000,3000,3000,3000,3000,3000,3000,3000,3000,3000,3000,3000,3000,3000,3000,3000,3000,3000,3000,3000,3000,3000,3000,3000,3000,3000,3000,3000,3000,3000,3000,3000,3000,3000,3000,3000,3000,3000,3000,3000,3000,3000,3000,3000,3000,3000,3000,3000,3000,3000,3000,3000,3000,3000,3000,3000,3000,3000,3000,3000,3000,3000,3000,3000,3000,3000,3000,3000,3000,3000,3000,3000,3000,3000,3000,3000,3000,3000,3000,3000,3000,3000,3000,3000,3000,3000,3000
3000,3000,3000,3000,3000,3000,3000,3000,3000,3000,3000,3000,3000,3000,3000,3000,3000,3000,3000,3000,3000,3000,3000,3000,3000,3000,3000,3000,3000,3000,3000,3000,3000,3000,3000,3000,3000,3000,3000,3000,3000,3000,3000,3000,3000,3000,3000,3000,3000,3000,3000,3000,3000,3000,3000,3000,3000,3000,3000,3000,3000,3000,3000,3000,3000,3000,3000,3000,3000,3000,3000,3000,3000,3000,3000,3000,3000,3000,3000,3000,3000,3000,3000,3000,3000,3000,3000,3000,3000,3000,3000,3000,3000,3000,3000,3000,3000,3000,3000,3000,3000,3000,3000,3000,3000,3000,3000,3000,3000,3000,3000,3000,3000,3000,3000,3000,3000,3000,3000,3000,3000,3000,3000,3000,3000,3000,3000,3000,3000,3000,3000,3000,3000,3000,3000,3000,3000,3000,3000,3000,3000,3000,3000,3000,3000,3000,3000,3000,3000,3000,3000,3000,3000,3000,3000,3000,3000,3000,3000,3000
3000,3000,3000,3000,3000,3000,3000,3000,3000,3000,3000,3000,3000,3000,3000,3000,3000,3000,3000,3000,3000,3000,3000,3000,3000,3000,3000,3000,3000,3000,3000,3000,3000,3000,3000,3000,3000,3000,3000,3000,3000,3000,3000,3000,3000,3000,3000,3000,3000,3000,3000,3000,3000,3000,3000,3000,3000,3000,3000,3000,3000,3000,3000,3000,3000,3000,3000,3000,3000,3000,3000,3000,3000,3000,3000,3000,3000,3000,3000,3000,3000,3000,3000,3000,3000,3000,3000,3000,3000,3000,3000,3000,3000,3000,3000,3000,3000,3000,3000,3000,3000,3000,3000,3000,3000,3000,3000,3000,3000,3000,3000,3000,3000,3000,3000,3000,3000,3000,3000,3000,3000,3000,3000,3000,3000,3000,3000,3000,3000,3000,3000,3000,3000,3000,3000,3000,3000,3000,3000,3000,3000,3000,3000,3000,3000,3000,3000,3000,3000,3000,3000,3000,3000,3000,3000,3000,3000,3000,3000,3000
3000,3000,3000,3000,3000,3000,3000,3000,3000,3000,3000,3000,3000,3000,3000,3000,3000,3000,3000,3000,3000,3000,3000,3000,3000,3000,3000,3000,3000,3000,3000,3000,3000,3000,3000,3000,3000,3000,3000,3000,3000,3000,3000,3000,3000,3000,3000,3000,3000,3000,3000,3000,3000,3000,3000,3000,3000,3000,3000,3000,3000,3000,3000,3000,3000,3000,3000,3000,3000,3000,3000,3000,3000,3000,3000,3000,3000,3000,3000,3000,3000,3000,3000,3000,3000,3000,3000,3000,3000,3000,3000,3000,3000,3000,3000,3000,3000,3000,3000,3000,3000,3000,3000,3000,3000,3000,3000,3000,3000,3000,3000,3000,3000,3000,3000,3000,3000,3000,3000,3000,3000,3000,3000,3000,3000,3000,3000,3000,3000,3000,3000,3000,3000,3000,3000,3000,3000,3000,3000,3000,3000,3000,3000,3000,3000,3000,3000,3000,3000,3000,3000,3000,3000,3000,3000,3000,3000,3000,3000,3000
3000,3000,3000,3000,3000,3000,3000,3000,3000,3000,3000,3000,3000,3000,3000,3000,3000,3000,3000,3000,3000,3000,3000,3000,3000,3000,3000,3000,3000,3000,3000,3000,3000,3000,3000,3000,3000,3000,3000,3000,3000,3000,3000,3000,3000,3000,3000,3000,3000,3000,3000,3000,3000,3000,3000,3000,3000,3000,3000,3000,3000,3000,3000,3000,3000,3000,3000,3000,3000,3000,3000,3000,3000,3000,3000,3000,3000,3000,3000,3000,3000,3000,3000,3000,3000,3000,3000,3000,3000,3000,3000,3000,3000,3000,3000,3000,3000,3000,3000,3000,3000,3000,3000,3000,3000,3000,3000,3000,3000,3000,3000,3000,3000,3000,3000,3000,3000,3000,3000,3000,3000,3000,3000,3000,3000,3000,3000,3000,3000,3000,3000,3000,3000,3000,3000,3000,3000,3000,3000,3000,3000,3000,3000,3000,3000,3000,3000,3000,3000,3000,3000,3000,3000,3000,3000,3000,3000,3000,3000,3000
3000,3000,3000,3000,3000,3000,3000,3000,3000,3000,3000,3000,3000,3000,3000,3000,3000,3000,3000,3000,3000,3000,3000,3000,3000,3000,3000,3000,3000,3000,3000,3000,3000,3000,3000,3000,3000,3000,3000,3000,3000,3000,3000,3000,3000,3000,3000,3000,3000,3000,3000,3000,3000,3000,3000,3000,3000,3000,3000,3000,3000,3000,3000,3000,3000,3000,3000,3000,3000,3000,3000,3000,3000,3000,3000,3000,3000,3000,3000,3000,3000,3000,3000,3000,3000,3000,3000,3000,3000,3000,3000,3000,3000,3000,3000,3000,3000,3000,3000,3000,3000,3000,3000,3000,3000,3000,3000,3000,3000,3000,3000,3000,3000,3000,3000,3000,3000,3000,3000,3000,3000,3000,3000,3000,3000,3000,3000,3000,3000,3000,3000,3000,3000,3000,3000,3000,3000,3000,3000,3000,3000,3000,3000,3000,3000,3000,3000,3000,3000,3000,3000,3000,3000,3000,3000,3000,3000,3000,3000,3000
3000,3000,3000,3000,3000,3000,3000,3000,3000,3000,3000,3000,3000,3000,3000,3000,3000,3000,3000,3000,3000,3000,3000,3000,3000,3000,3000,3000,3000,3000,3000,3000,3000,3000,3000,3000,3000,3000,3000,3000,3000,3000,3000,3000,3000,3000,3000,3000,3000,3000,3000,3000,3000,3000,3000,3000,3000,3000,3000,3000,3000,3000,3000,3000,3000,3000,3000,3000,3000,3000,3000,3000,3000,3000,3000,3000,3000,3000,3000,3000,3000,3000,3000,3000,3000,3000,3000,3000,3000,3000,3000,3000,3000,3000,3000,3000,3000,3000,3000,3000,3000,3000,3000,3000,3000,3000,3000,3000,3000,3000,3000,3000,3000,3000,3000,3000,3000,3000,3000,3000,3000,3000,3000,3000,3000,3000,3000,3000,3000,3000,3000,3000,3000,3000,3000,3000,3000,3000,3000,3000,3000,3000,3000,3000,3000,3000,3000,3000,3000,3000,3000,3000,3000,3000,3000,3000,3000,3000,3000,3000
3000,3000,3000,3000,3000,3000,3000,3000,3000,3000,3000,3000,3000,3000,3000,3000,3000,3000,3000,3000,3000,3000,3000,3000,3000,3000,3000,3000,3000,3000,3000,3000,3000,3000,3000,3000,3000,3000,3000,3000,3000,3000,3000,3000,3000,3000,3000,3000,3000,3000,3000,3000,3000,3000,3000,3000,3000,3000,3000,3000,3000,3000,3000,3000,3000,3000,3000,3000,3000,3000,3000,3000,3000,3000,3000,3000,3000,3000,3000,3000,3000,3000,3000,3000,3000,3000,3000,3000,3000,3000,3000,3000,3000,3000,3000,3000,3000,3000,3000,3000,3000,3000,3000,3000,3000,3000,3000,3000,3000,3000,3000,3000,3000,3000,3000,3000,3000,3000,3000,3000,3000,3000,3000,3000,3000,3000,3000,3000,3000,3000,3000,3000,3000,3000,3000,3000,3000,3000,3000,3000,3000,3000,3000,3000,3000,3000,3000,3000,3000,3000,3000,3000,3000,3000,3000,3000,3000,3000,3000,3000
3000,3000,3000,3000,3000,3000,3000,3000,3000,3000,3000,3000,3000,3000,3000,3000,3000,3000,3000,3000,3000,3000,3000,3000,3000,3000,3000,3000,3000,3000,3000,3000,3000,3000,3000,3000,3000,3000,3000,3000,3000,3000,3000,3000,3000,3000,3000,3000,3000,3000,3000,3000,3000,3000,3000,3000,3000,3000,3000,3000,3000,3000,3000,3000,3000,3000,3000,3000,3000,3000,3000,3000,3000,3000,3000,3000,3000,3000,3000,3000,3000,3000,3000,3000,3000,3000,3000,3000,3000,3000,3000,3000,3000,3000,3000,3000,3000,3000,3000,3000,3000,3000,3000,3000,3000,3000,3000,3000,3000,3000,3000,3000,3000,3000,3000,3000,3000,3000,3000,3000,3000,3000,3000,3000,3000,3000,3000,3000,3000,3000,3000,3000,3000,3000,3000,3000,3000,3000,3000,3000,3000,3000,3000,3000,3000,3000,3000,3000,3000,3000,3000,3000,3000,3000,3000,3000,3000,3000,3000,3000
3000,3000,3000,3000,3000,3000,3000,3000,3000,3000,3000,3000,3000,3000,3000,3000,3000,3000,3000,3000,3000,3000,3000,3000,3000,3000,3000,3000,3000,3000,3000,3000,3000,3000,3000,3000,3000,3000,3000,3000,3000,3000,3000,3000,3000,3000,3000,3000,3000,3000,3000,3000,3000,3000,3000,3000,3000,3000,3000,3000,3000,3000,3000,3000,3000,3000,3000,3000,3000,3000,3000,3000,3000,3000,3000,3000,3000,3000,3000,3000,3000,3000,3000,3000,3000,3000,3000,3000,3000,3000,3000,3000,3000,3000,3000,3000,3000,3000,3000,3000,3000,3000,3000,3000,3000,3000,3000,3000,3000,3000,3000,3000,3000,3000,3000,3000,3000,3000,3000,3000,3000,3000,3000,3000,3000,3000,3000,3000,3000,3000,3000,3000,3000,3000,3000,3000,3000,3000,3000,3000,3000,3000,3000,3000,3000,3000,3000,3000,3000,3000,3000,3000,3000,3000,3000,3000,3000,3000,3000,3000
3000,3000,3000,3000,3000,3000,3000,3000,3000,3000,3000,3000,3000,3000,3000,3000,3000,3000,3000,3000,3000,3000,3000,3000,3000,3000,3000,3000,3000,3000,3000,3000,3000,3000,3000,3000,3000,3000,3000,3000,3000,3000,3000,3000,3000,3000,3000,3000,3000,3000,3000,3000,3000,3000,3000,3000,3000,3000,3000,3000,3000,3000,3000,3000,3000,3000,3000,3000,3000,3000,3000,3000,3000,3000,3000,3000,3000,3000,3000,3000,3000,3000,3000,3000,3000,3000,3000,3000,3000,3000,3000,3000,3000,3000,3000,3000,3000,3000,3000,3000,3000,3000,3000,3000,3000,3000,3000,3000,3000,3000,3000,3000,3000,3000,3000,3000,3000,3000,3000,3000,3000,3000,3000,3000,3000,3000,3000,3000,3000,3000,3000,3000,3000,3000,3000,3000,3000,3000,3000,3000,3000,3000,3000,3000,3000,3000,3000,3000,3000,3000,3000,3000,3000,3000,3000,3000,3000,3000,3000,3000
3000,3000,3000,3000,3000,3000,3000,3000,3000,3000,3000,3000,3000,3000,3000,3000,3000,3000,3000,3000,3000,3000,3000,3000,3000,3000,3000,3000,3000,3000,3000,3000,3000,3000,3000,3000,3000,3000,3000,3000,3000,3000,3000,3000,3000,3000,3000,3000,3000,3000,3000,3000,3000,3000,3000,3000,3000,3000,3000,3000,3000,3000,3000,3000,3000,3000,3000,3000,3000,3000,3000,3000,3000,3000,3000,3000,3000,3000,3000,3000,3000,3000,3000,3000,3000,3000,3000,3000,3000,3000,3000,3000,3000,3000,3000,3000,3000,3000,3000,3000,3000,3000,3000,3000,3000,3000,3000,3000,3000,3000,3000,3000,3000,3000,3000,3000,3000,3000,3000,3000,3000,3000,3000,3000,3000,3000,3000,3000,3000,3000,3000,3000,3000,3000,3000,3000,3000,3000,3000,3000,3000,3000,3000,3000,3000,3000,3000,3000,3000,3000,3000,3000,3000,3000,3000,3000,3000,3000,3000,3000
3000,3000,3000,3000,3000,3000,3000,3000,3000,3000,3000,3000,3000,3000,3000,3000,3000,3000,3000,3000,3000,3000,3000,3000,3000,3000,3000,3000,3000,3000,3000,3000,3000,3000,3000,3000,3000,3000,3000,3000,3000,3000,3000,3000,3000,3000,3000,3000,3000,3000,3000,3000,3000,3000,3000,3000,3000,3000,3000,3000,3000,3000,3000,3000,3000,3000,3000,3000,3000,3000,3000,3000,3000,3000,3000,3000,3000,3000,3000,3000,3000,3000,3000,3000,3000,3000,3000,3000,3000,3000,3000,3000,3000,3000,3000,3000,3000,3000,3000,3000,3000,3000,3000,3000,3000,3000,3000,3000,3000,3000,3000,3000,3000,3000,3000,3000,3000,3000,3000,3000,3000,3000,3000,3000,3000,3000,3000,3000,3000,3000,3000,3000,3000,3000,3000,3000,3000,3000,3000,3000,3000,3000,3000,3000,3000,3000,3000,3000,3000,3000,3000,3000,3000,3000,3000,3000,3000,3000,3000,3000
3000,3000,3000,3000,3000,3000,3000,3000,3000,3000,3000,3000,3000,3000,3000,3000,3000,3000,3000,3000,3000,3000,3000,3000,3000,3000,3000,3000,3000,3000,3000,3000,3000,3000,3000,3000,3000,3000,3000,3000,3000,3000,3000,3000,3000,3000,3000,3000,3000,3000,3000,3000,3000,3000,3000,3000,3000,3000,3000,3000,3000,3000,3000,3000,3000,3000,3000,3000,3000,3000,3000,3000,3000,3000,3000,3000,3000,3000,3000,3000,3000,3000,3000,3000,3000,3000,3000,3000,3000,3000,3000,3000,3000,3000,3000,3000,3000,3000,3000,3000,3000,3000,3000,3000,3000,3000,3000,3000,3000,3000,3000,3000,3000,3000,3000,3000,3000,3000,3000,3000,3000,3000,3000,3000,3000,3000,3000,3000,3000,3000,3000,3000,3000,3000,3000,3000,3000,3000,3000,3000,3000,3000,3000,3000,3000,3000,3000,3000,3000,3000,3000,3000,3000,3000,3000,3000,3000,3000,3000,3000
3000,3000,3000,3000,3000,3000,3000,3000,3000,3000,3000,3000,3000,3000,3000,3000,3000,3000,3000,3000,3000,3000,3000,3000,3000,3000,3000,3000,3000,3000,3000,3000,3000,3000,3000,3000,3000,3000,3000,3000,3000,3000,3000,3000,3000,3000,3000,3000,3000,3000,3000,3000,3000,3000,3000,3000,3000,3000,3000,3000,3000,3000,3000,3000,3000,3000,3000,3000,3000,3000,3000,3000,3000,3000,3000,3000,3000,3000,3000,3000,3000,3000,3000,3000,3000,3000,3000,3000,3000,3000,3000,3000,3000,3000,3000,3000,3000,3000,3000,3000,3000,3000,3000,3000,3000,3000,3000,3000,3000,3000,3000,3000,3000,3000,3000,3000,3000,3000,3000,3000,3000,3000,3000,3000,3000,3000,3000,3000,3000,3000,3000,3000,3000,3000,3000,3000,3000,3000,3000,3000,3000,3000,3000,3000,3000,3000,3000,3000,3000,3000,3000,3000,3000,3000,3000,3000,3000,3000,3000,3000
3000,3000,3000,3000,3000,3000,3000,3000,3000,3000,3000,3000,3000,3000,3000,3000,3000,3000,3000,3000,3000,3000,3000,3000,3000,3000,3000,3000,3000,3000,3000,3000,3000,3000,3000,3000,3000,3000,3000,3000,3000,3000,3000,3000,3000,3000,3000,3000,3000,3000,3000,3000,3000,3000,3000,3000,3000,3000,3000,3000,3000,3000,3000,3000,3000,3000,3000,3000,3000,3000,3000,3000,3000,3000,3000,3000,3000,3000,3000,3000,3000,3000,3000,3000,3000,3000,3000,3000,3000,3000,3000,3000,3000,3000,3000,3000,3000,3000,3000,3000,3000,3000,3000,3000,3000,3000,3000,3000,3000,3000,3000,3000,3000,3000,3000,3000,3000,3000,3000,3000,3000,3000,3000,3000,3000,3000,3000,3000,3000,3000,3000,3000,3000,3000,3000,3000,3000,3000,3000,3000,3000,3000,3000,3000,3000,3000,3000,3000,3000,3000,3000,3000,3000,3000,3000,3000,3000,3000,3000,3000
3000,3000,3000,3000,3000,3000,3000,3000,3000,3000,3000,3000,3000,3000,3000,3000,3000,3000,3000,3000,3000,3000,3000,3000,3000,3000,3000,3000,3000,3000,3000,3000,3000,3000,3000,3000,3000,3000,3000,3000,3000,3000,3000,3000,3000,3000,3000,3000,3000,3000,3000,3000,3000,3000,3000,3000,3000,3000,3000,3000,3000,3000,3000,3000,3000,3000,3000,3000,3000,3000,3000,3000,3000,3000,3000,3000,3000,3000,3000,3000,3000,3000,3000,3000,3000,3000,3000,3000,3000,3000,3000,3000,3000,3000,3000,3000,3000,3000,3000,3000,3000,3000,3000,3000,3000,3000,3000,3000,3000,3000,3000,3000,3000,3000,3000,3000,3000,3000,3000,3000,3000,3000,3000,3000,3000,3000,3000,3000,3000,3000,3000,3000,3000,3000,3000,3000,3000,3000,3000,3000,3000,3000,3000,3000,3000,3000,3000,3000,3000,3000,3000,3000,3000,3000,3000,3000,3000,3000,3000,3000
3000,3000,3000,3000,3000,3000,3000,3000,3000,3000,3000,3000,3000,3000,3000,3000,3000,3000,3000,3000,3000,3000,3000,3000,3000,3000,3000,3000,3000,3000,3000,3000,3000,3000,3000,3000,3000,3000,3000,3000,3000,3000,3000,3000,3000,3000,3000,3000,3000,3000,3000,3000,3000,3000,3000,3000,3000,3000,3000,3000,3000,3000,3000,3000,3000,3000,3000,3000,3000,3000,3000,3000,3000,3000,3000,3000,3000,3000,3000,3000,3000,3000,3000,3000,3000,3000,3000,3000,3000,3000,3000,3000,3000,3000,3000,3000,3000,3000,3000,3000,3000,3000,3000,3000,3000,3000,3000,3000,3000,3000,3000,3000,3000,3000,3000,3000,3000,3000,3000,3000,3000,3000,3000,3000,3000,3000,3000,3000,3000,3000,3000,3000,3000,3000,3000,3000,3000,3000,3000,3000,3000,3000,3000,3000,3000,3000,3000,3000,3000,3000,3000,3000,3000,3000,3000,3000,3000,3000,3000,3000
3000,3000,3000,3000,3000,3000,3000,3000,3000,3000,3000,3000,3000,3000,3000,3000,3000,3000,3000,3000,3000,3000,3000,3000,3000,3000,3000,3000,3000,3000,3000,3000,3000,3000,3000,3000,3000,3000,3000,3000,3000,3000,3000,3000,3000,3000,3000,3000,3000,3000,3000,3000,3000,3000,3000,3000,3000,3000,3000,3000,3000,3000,3000,3000,3000,3000,3000,3000,3000,3000,3000,3000,3000,3000,3000,3000,3000,3000,3000,3000,3000,3000,3000,3000,3000,3000,3000,3000,3000,3000,3000,3000,3000,3000,3000,3000,3000,3000,3000,3000,3000,3000,3000,3000,3000,3000,3000,3000,3000,3000,3000,3000,3000,3000,3000,3000,3000,3000,3000,3000,3000,3000,3000,3000,3000,3000,3000,3000,3000,3000,3000,3000,3000,3000,3000,3000,3000,3000,3000,3000,3000,3000,3000,3000,3000,3000,3000,3000,3000,3000,3000,3000,3000,3000,3000,3000,3000,3000,3000,3000
3000,3000,3000,3000,3000,3000,3000,3000,3000,3000,3000,3000,3000,3000,3000,3000,3000,3000,3000,3000,3000,3000,3000,3000,3000,3000,3000,3000,3000,3000,3000,3000,3000,3000,3000,3000,3000,3000,3000,3000,3000,3000,3000,3000,3000,3000,3000,3000,3000,3000,3000,3000,3000,3000,3000,3000,3000,3000,3000,3000,3000,3000,3000,3000,3000,3000,3000,3000,3000,3000,3000,3000,3000,3000,3000,3000,3000,3000,3000,3000,3000,3000,3000,3000,3000,3000,3000,3000,3000,3000,3000,3000,3000,3000,3000,3000,3000,3000,3000,3000,3000,3000,3000,3000,3000,3000,3000,3000,3000,3000,3000,3000,3000,3000,3000,3000,3000,3000,3000,3000,3000,3000,3000,3000,3000,3000,3000,3000,3000,3000,3000,3000,3000,3000,3000,3000,3000,3000,3000,3000,3000,3000,3000,3000,3000,3000,3000,3000,3000,3000,3000,3000,3000,3000,3000,3000,3000,3000,3000,3000
3000,3000,3000,3000,3000,3000,3000,3000,3000,3000,3000,3000,3000,3000,3000,3000,3000,3000,3000,3000,3000,3000,3000,3000,3000,3000,3000,3000,3000,3000,3000,3000,3000,3000,3000,3000,3000,3000,3000,3000,3000,3000,3000,3000,3000,3000,3000,3000,3000,3000,3000,3000,3000,3000,3000,3000,3000,3000,3000,3000,3000,3000,3000,3000,3000,3000,3000,3000,3000,3000,3000,3000,3000,3000,3000,3000,3000,3000,3000,3000,3000,3000,3000,3000,3000,3000,3000,3000,3000,3000,3000,3000,3000,3000,3000,3000,3000,3000,3000,3000,3000,3000,3000,3000,3000,3000,3000,3000,3000,3000,3000,3000,3000,3000,3000,3000,3000,3000,3000,3000,3000,3000,3000,3000,3000,3000,3000,3000,3000,3000,3000,3000,3000,3000,3000,3000,3000,3000,3000,3000,3000,3000,3000,3000,3000,3000,3000,3000,3000,3000,3000,3000,3000,3000,3000,3000,3000,3000,3000,3000
3000,3000,3000,3000,3000,3000,3000,3000,3000,3000,3000,3000,3000,3000,3000,3000,3000,3000,3000,3000,3000,3000,3000,3000,3000,3000,3000,3000,3000,3000,3000,3000,3000,3000,3000,3000,3000,3000,3000,3000,3000,3000,3000,3000,3000,3000,3000,3000,3000,3000,3000,3000,3000,3000,3000,3000,3000,3000,3000,3000,3000,3000,3000,3000,3000,3000,3000,3000,3000,3000,3000,3000,3000,3000,3000,3000,3000,3000,3000,3000,3000,3000,3000,3000,3000,3000,3000,3000,3000,3000,3000,3000,3000,3000,3000,3000,3000,3000,3000,3000,3000,3000,3000,3000,3000,3000,3000,3000,3000,3000,3000,3000,3000,3000,3000,3000,3000,3000,3000,3000,3000,3000,3000,3000,3000,3000,3000,3000,3000,3000,3000,3000,3000,3000,3000,3000,3000,3000,3000,3000,3000,3000,3000,3000,3000,3000,3000,3000,3000,3000,3000,3000,3000,3000,3000,3000,3000,3000,3000,3000
3000,3000,3000,3000,3000,3000,3000,3000,3000,3000,3000,3000,3000,3000,3000,3000,3000,3000,3000,3000,3000,3000,3000,3000,3000,3000,3000,3000,3000,3000,3000,3000,3000,3000,3000,3000,3000,3000,3000,3000,3000,3000,3000,3000,3000,3000,3000,3000,3000,3000,3000,3000,3000,3000,3000,3000,3000,3000,3000,3000,3000,3000,3000,3000,3000,3000,3000,3000,3000,3000,3000,3000,3000,3000,3000,3000,3000,3000,3000,3000,3000,3000,3000,3000,3000,3000,3000,3000,3000,3000,3000,3000,3000,3000,3000,3000,3000,3000,3000,3000,3000,3000,3000,3000,3000,3000,3000,3000,3000,3000,3000,3000,3000,3000,3000,3000,3000,3000,3000,3000,3000,3000,3000,3000,3000,3000,3000,3000,3000,3000,3000,3000,3000,3000,3000,3000,3000,3000,3000,3000,3000,3000,3000,3000,3000,3000,3000,3000,3000,3000,3000,3000,3000,3000,3000,3000,3000,3000,3000,3000
3000,3000,3000,3000,3000,3000,3000,3000,3000,3000,3000,3000,3000,3000,3000,3000,3000,3000,3000,3000,3000,3000,3000,3000,3000,3000,3000,3000,3000,3000,3000,3000,3000,3000,3000,3000,3000,3000,3000,3000,3000,3000,3000,3000,3000,3000,3000,3000,3000,3000,3000,3000,3000,3000,3000,3000,3000,3000,3000,3000,3000,3000,3000,3000,3000,3000,3000,3000,3000,3000,3000,3000,3000,3000,3000,3000,3000,3000,3000,3000,3000,3000,3000,3000,3000,3000,3000,3000,3000,3000,3000,3000,3000,3000,3000,3000,3000,3000,3000,3000,3000,3000,3000,3000,3000,3000,3000,3000,3000,3000,3000,3000,3000,3000,3000,3000,3000,3000,3000,3000,3000,3000,3000,3000,3000,3000,3000,3000,3000,3000,3000,3000,3000,3000,3000,3000,3000,3000,3000,3000,3000,3000,3000,3000,3000,3000,3000,3000,3000,3000,3000,3000,3000,3000,3000,3000,3000,3000,3000,3000
3000,3000,3000,3000,3000,3000,3000,3000,3000,3000,3000,3000,3000,3000,3000,3000,3000,3000,3000,3000,3000,3000,3000,3000,3000,3000,3000,3000,3000,3000,3000,3000,3000,3000,3000,3000,3000,3000,3000,3000,3000,3000,3000,3000,3000,3000,3000,3000,3000,3000,3000,3000,3000,3000,3000,3000,3000,3000,3000,3000,3000,3000,3000,3000,3000,3000,3000,3000,3000,3000,3000,3000,3000,3000,3000,3000,3000,3000,3000,3000,3000,3000,3000,3000,3000,3000,3000,3000,3000,3000,3000,3000,3000,3000,3000,3000,3000,3000,3000,3000,3000,3000,3000,3000,3000,3000,3000,3000,3000,3000,3000,3000,3000,3000,3000,3000,3000,3000,3000,3000,3000,3000,3000,3000,3000,3000,3000,3000,3000,3000,3000,3000,3000,3000,3000,3000,3000,3000,3000,3000,3000,3000,3000,3000,3000,3000,3000,3000,3000,3000,3000,3000,3000,3000,3000,3000,3000,3000,3000,3000
3000,3000,3000,3000,3000,3000,3000,3000,3000,3000,3000,3000,3000,3000,3000,3000,3000,3000,3000,3000,3000,3000,3000,3000,3000,3000,3000,3000,3000,3000,3000,3000,3000,3000,3000,3000,3000,3000,3000,3000,3000,3000,3000,3000,3000,3000,3000,3000,3000,3000,3000,3000,3000,3000,3000,3000,3000,3000,3000,3000,3000,3000,3000,3000,3000,3000,3000,3000,3000,3000,3000,3000,3000,3000,3000,3000,3000,3000,3000,3000,3000,3000,3000,3000,3000,3000,3000,3000,3000,3000,3000,3000,3000,3000,3000,3000,3000,3000,3000,3000,3000,3000,3000,3000,3000,3000,3000,3000,3000,3000,3000,3000,3000,3000,3000,3000,3000,3000,3000,3000,3000,3000,3000,3000,3000,3000,3000,3000,3000,3000,3000,3000,3000,3000,3000,3000,3000,3000,3000,3000,3000,3000,3000,3000,3000,3000,3000,3000,3000,3000,3000,3000,3000,3000,3000,3000,3000,3000,3000,3000
3000,3000,3000,3000,3000,3000,3000,3000,3000,3000,3000,3000,3000,3000,3000,3000,3000,3000,3000,3000,3000,3000,3000,3000,3000,3000,3000,3000,3000,3000,3000,3000,3000,3000,3000,3000,3000,3000,3000,3000,3000,3000,3000,3000,3000,3000,3000,3000,3000,3000,3000,3000,3000,3000,3000,3000,3000,3000,3000,3000,3000,3000,3000,3000,3000,3000,3000,3000,3000,3000,3000,3000,3000,3000,3000,3000,3000,3000,3000,3000,3000,3000,3000,3000,3000,3000,3000,3000,3000,3000,3000,3000,3000,3000,3000,3000,3000,3000,3000,3000,3000,3000,3000,3000,3000,3000,3000,3000,3000,3000,3000,3000,3000,3000,3000,3000,3000,3000,3000,3000,3000,3000,3000,3000,3000,3000,3000,3000,3000,3000,3000,3000,3000,3000,3000,3000,3000,3000,3000,3000,3000,3000,3000,3000,3000,3000,3000,3000,3000,3000,3000,3000,3000,3000,3000,3000,3000,3000,3000,3000
3000,3000,3000,3000,3000,3000,3000,3000,3000,3000,3000,3000,3000,3000,3000,3000,3000,3000,3000,3000,3000,3000,3000,3000,3000,3000,3000,3000,3000,3000,3000,3000,3000,3000,3000,3000,3000,3000,3000,3000,3000,3000,3000,3000,3000,3000,3000,3000,3000,3000,3000,3000,3000,3000,3000,3000,3000,3000,3000,3000,3000,3000,3000,3000,3000,3000,3000,3000,3000,3000,3000,3000,3000,3000,3000,3000,3000,3000,3000,3000,3000,3000,3000,3000,3000,3000,3000,3000,3000,3000,3000,3000,3000,3000,3000,3000,3000,3000,3000,3000,3000,3000,3000,3000,3000,3000,3000,3000,3000,3000,3000,3000,3000,3000,3000,3000,3000,3000,3000,3000,3000,3000,3000,3000,3000,3000,3000,3000,3000,3000,3000,3000,3000,3000,3000,3000,3000,3000,3000,3000,3000,3000,3000,3000,3000,3000,3000,3000,3000,3000,3000,3000,3000,3000,3000,3000,3000,3000,3000,3000
3000,3000,3000,3000,3000,3000,3000,3000,3000,3000,3000,3000,3000,3000,3000,3000,3000,3000,3000,3000,3000,3000,3000,3000,3000,3000,3000,3000,3000,3000,3000,3000,3000,3000,3000,3000,3000,3000,3000,3000,3000,3000,3000,3000,3000,3000,3000,3000,3000,3000,3000,3000,3000,3000,3000,3000,3000,3000,3000,3000,3000,3000,3000,3000,3000,3000,3000,3000,3000,3000,3000,3000,3000,3000,3000,3000,3000,3000,3000,3000,3000,3000,3000,3000,3000,3000,3000,3000,3000,3000,3000,3000,3000,3000,3000,3000,3000,3000,3000,3000,3000,3000,3000,3000,3000,3000,3000,3000,3000,3000,3000,3000,3000,3000,3000,3000,3000,3000,3000,3000,3000,3000,3000,3000,3000,3000,3000,3000,3000,3000,3000,3000,3000,3000,3000,3000,3000,3000,3000,3000,3000,3000,3000,3000,3000,3000,3000,3000,3000,3000,3000,3000,3000,3000,3000,3000,3000,3000,3000,3000
3000,3000,3000,3000,3000,3000,3000,3000,3000,3000,3000,3000,3000,3000,3000,3000,3000,3000,3000,3000,3000,3000,3000,3000,3000,3000,3000,3000,3000,3000,3000,3000,3000,3000,3000,3000,3000,3000,3000,3000,3000,3000,3000,3000,3000,3000,3000,3000,3000,3000,3000,3000,3000,3000,3000,3000,3000,3000,3000,3000,3000,3000,3000,3000,3000,3000,3000,3000,3000,3000,3000,3000,3000,3000,3000,3000,3000,3000,3000,3000,3000,3000,3000,3000,3000,3000,3000,3000,3000,3000,3000,3000,3000,3000,3000,3000,3000,3000,3000,3000,3000,3000,3000,3000,3000,3000,3000,3000,3000,3000,3000,3000,3000,3000,3000,3000,3000,3000,3000,3000,3000,3000,3000,3000,3000,3000,3000,3000,3000,3000,3000,3000,3000,3000,3000,3000,3000,3000,3000,3000,3000,3000,3000,3000,3000,3000,3000,3000,3000,3000,3000,3000,3000,3000,3000,3000,3000,3000,3000,3000
3000,3000,3000,3000,3000,3000,3000,3000,3000,3000,3000,3000,3000,3000,3000,3000,3000,3000,3000,3000,3000,3000,3000,3000,3000,3000,3000,3000,3000,3000,3000,3000,3000,3000,3000,3000,3000,3000,3000,3000,3000,3000,3000,3000,3000,3000,3000,3000,3000,3000,3000,3000,3000,3000,3000,3000,3000,3000,3000,3000,3000,3000,3000,3000,3000,3000,3000,3000,3000,3000,3000,3000,3000,3000,3000,3000,3000,3000,3000,3000,3000,3000,3000,3000,3000,3000,3000,3000,3000,3000,3000,3000,3000,3000,3000,3000,3000,3000,3000,3000,3000,3000,3000,3000,3000,3000,3000,3000,3000,3000,3000,3000,3000,3000,3000,3000,3000,3000,3000,3000,3000,3000,3000,3000,3000,3000,3000,3000,3000,3000,3000,3000,3000,3000,3000,3000,3000,3000,3000,3000,3000,3000,3000,3000,3000,3000,3000,3000,3000,3000,3000,3000,3000,3000,3000,3000,3000,3000,3000,3000
3000,3000,3000,3000,3000,3000,3000,3000,3000,3000,3000,3000,3000,3000,3000,3000,3000,3000,3000,3000,3000,3000,3000,3000,3000,3000,3000,3000,3000,3000,3000,3000,3000,3000,3000,3000,3000,3000,3000,3000,3000,3000,3000,3000,3000,3000,3000,3000,3000,3000,3000,3000,3000,3000,3000,3000,3000,3000,3000,3000,3000,3000,3000,3000,3000,3000,3000,3000,3000,3000,3000,3000,3000,3000,3000,3000,3000,3000,3000,3000,3000,3000,3000,3000,3000,3000,3000,3000,3000,3000,3000,3000,3000,3000,3000,3000,3000,3000,3000,3000,3000,3000,3000,3000,3000,3000,3000,3000,3000,3000,3000,3000,3000,3000,3000,3000,3000,3000,3000,3000,3000,3000,3000,3000,3000,3000,3000,3000,3000,3000,3000,3000,3000,3000,3000,3000,3000,3000,3000,3000,3000,3000,3000,3000,3000,3000,3000,3000,3000,3000,3000,3000,3000,3000,3000,3000,3000,3000,3000,3000
3000,3000,3000,3000,3000,3000,3000,3000,3000,3000,3000,3000,3000,3000,3000,3000,3000,3000,3000,3000,3000,3000,3000,3000,3000,3000,3000,3000,3000,3000,3000,3000,3000,3000,3000,3000,3000,3000,3000,3000,3000,3000,3000,3000,3000,3000,3000,3000,3000,3000,3000,3000,3000,3000,3000,3000,3000,3000,3000,3000,3000,3000,3000,3000,3000,3000,3000,3000,3000,3000,3000,3000,3000,3000,3000,3000,3000,3000,3000,3000,3000,3000,3000,3000,3000,3000,3000,3000,3000,3000,3000,3000,3000,3000,3000,3000,3000,3000,3000,3000,3000,3000,3000,3000,3000,3000,3000,3000,3000,3000,3000,3000,3000,3000,3000,3000,3000,3000,3000,3000,3000,3000,3000,3000,3000,3000,3000,3000,3000,3000,3000,3000,3000,3000,3000,3000,3000,3000,3000,3000,3000,3000,3000,3000,3000,3000,3000,3000,3000,3000,3000,3000,3000,3000,3000,3000,3000,3000,3000,3000
3000,3000,3000,3000,3000,3000,3000,3000,3000,3000,3000,3000,3000,3000,3000,3000,3000,3000,3000,3000,3000,3000,3000,3000,3000,3000,3000,3000,3000,3000,3000,3000,3000,3000,3000,3000,3000,3000,3000,3000,3000,3000,3000,3000,3000,3000,3000,3000,3000,3000,3000,3000,3000,3000,3000,3000,3000,3000,3000,3000,3000,3000,3000,3000,3000,3000,3000,3000,3000,3000,3000,3000,3000,3000,3000,3000,3000,3000,3000,3000,3000,3000,3000,3000,3000,3000,3000,3000,3000,3000,3000,3000,3000,3000,3000,3000,3000,3000,3000,3000,3000,3000,3000,3000,3000,3000,3000,3000,3000,3000,3000,3000,3000,3000,3000,3000,3000,3000,3000,3000,3000,3000,3000,3000,3000,3000,3000,3000,3000,3000,3000,3000,3000,3000,3000,3000,3000,3000,3000,3000,3000,3000,3000,3000,3000,3000,3000,3000,3000,3000,3000,3000,3000,3000,3000,3000,3000,3000,3000,3000
3000.04007629138,2999.63135809203,3000.30519599647,2999.60637479175,2999.16735319819,2999.62482281189,2999.21685230146,2999.6878588551,2999.62537210239,2999.00105938515,2999.17995747046,2998.75106546934,3001.59659019591,3001.25872491868,3000.25635956412,2998.28250626791,2998.50388904994,2998.89820913244,2998.9005336726,2999.12297565566,2995.65936375233,2977.35362490148,2958.24221988472,2967.98335446164,2969.69768685311,2969.77174225545,2998.47870415833,2999.34734181081,2999.04458258744,2998.17232423649,2998.18149472373,2990.84033667531,2985.98113140681,3000.92677016035,2999.088955085,3000.08832326441,2999.44649853778,3000.21185646689,2999.18369258829,2998.10136848954,2999.19229879351,2999.96444596221,3000.23038383422,2999.77748266266,2999.79599780499,2999.2825306359,2988.37443851991,3001.150065744,3000.22293985937,2999.14567393586,2998.96320647495,2998.96310959187,2998.33282258029,2999.26760877996,2998.94356693734,3000.04542518357,2998.94671567377,2999.00276126876,2999.42729893284,2999.09163934476,2987.26611393392,3001.65842583843,3000.23104516518,3000.70572569,3000.23340522636,3000.69853772581,2999.08175817804,2994.83710584669,3001.14184843601,3000.92295915957,3001.37584773728,3001.1539106975,3001.66878340863,2997.9376526023,2977.45604496437,3001.5491663337,3000.47131312042,2999.41710004197,3000.94472182996,3001.82740955978,2996.87016579393,2982.30367402216,3001.73835613055,3001.84362457,3001.83335828304,3001.16018031783,3001.43393414446,2995.64531531214,2976.35810323377,3000.60489274731,3001.81756396734,3001.5659806259,3001.7558710727,3000.78994621357,2992.98553138057,2999.23620811097,3000.79192335461,3001.82699867469,3000.79018538891,2999.1558123919,2971.77399240314,2975.10282102503,2967.86055362246,3000.03891266351,3001.58230359558,3001.83394006783,3001.56741335597,3001.87594313357,2998.38842498368,2988.38168838346,3001.88538828151,2999.58520217416,2999.58763767752,2999.11878790419,3000.94628349894,2999.27412628778,2985.90168815626,3001.8932771086,3000.49894762716,2999.7884685278,2999.5907066352,3001.85105906945,2997.95899194242,2991.89219874184,3001.17824844899,3000.00230743815,3001.18552947997,3000.70281754745,3001.37113259646,2999.19267397226,2996.25188098202,3000.01171009626,2999.23881330278,2999.31282381189,2999.43344195082,2999.80772442662,2999.20343193599,2980.04313035662,3000.24044317829,2999.19555199194,3000.03929545099,2999.93316882955,2999.19324571974,2998.23721531019,2998.66091749341,3000.71197653862,3001.53753355707,3001.61578329398,3001.52598460954,2998.89899834344,2981.28852129695,2965.60045107458,2980.28240271048,2961.32083633286,2957.97909118004,2958.06348840328,2965.01268527064,2958.69426502402,2959.10442585666,2972.30514677283
3000.0888007844,2999.18316567064,3000.6762512935,2999.12780783722,2998.1550266607,2999.16868483964,2998.26470645009,2999.30835969202,2999.16990195394,2997.78655391705,2998.18295512478,2997.23261903297,3003.53771411699,3002.78907444481,3000.568039846,2996.19438861803,2996.68492713898,2997.55865899958,2997.56380970047,2998.05669519212,2990.3820465831,2949.82031012708,2907.47338384837,2929.05772615277,2932.85633265684,2933.02042413316,2996.62912262081,2998.5538442517,2997.88299234412,2995.95024799324,2995.9705678989,2979.70407789441,2968.93708263176,3002.05353126173,2997.98131263409,3000.19570611178,2998.77355507901,3000.46943017415,2998.19123137444,2995.79302471307,2998.21030094771,2999.92121959553,3000.51048299353,2999.50694753881,2999.54797327014,2998.41023607412,2974.24015688465,3002.548308156,3000.49398868273,2998.10698989297,2997.70267968613,2997.70246501323,2996.30587917402,2998.37717232329,2997.6591625271,3000.10065282474,2997.66613947671,2997.79032493963,2998.73101271992,2997.98726039932,2971.78433851365,3003.6747291294,3000.51194836634,3001.5637423696,3000.51717777447,3001.54781532555,2997.9653657747,2988.560092892,3002.53010029868,3002.04508687112,3003.04859442047,3002.55682777882,3003.69767936573,2995.43026412056,2950.04725183276,3003.43263263318,3001.04433253061,2998.70841408421,3002.09330845388,3004.04916215428,2993.0649338302,2960.78859660343,3003.85183814806,3004.08509126791,3004.06234329637,3002.57071996257,3003.17730190169,2990.35091814119,2947.61443972484,3001.34031739448,3004.02734635493,3003.46988963191,3003.89064764235,3001.75035765507,2984.45738629626,2998.30759492623,3001.75473859127,3004.04825171779,3001.75088761822,2998.12945461758,2937.45699691895,2944.83299361422,2928.78562485623,3000.08622242537,3003.50605796141,3004.06363241133,3003.47306426583,3004.15670252974,2996.42908261592,2974.25622108488,3004.17763102681,2999.0808936896,2999.08629026203,2998.04741599978,3002.09676878981,2998.3916137745,2968.76105279662,3004.19511103829,3001.10556488996,2999.53128994697,2999.09309043839,3004.10156458319,2995.47754769089,2982.03478698397,3002.61075520944,3000.00511280637,3002.62688847028,3001.55729852635,3003.03814664225,2998.21113226632,2991.69494238656,3000.02594715474,2998.31336749322,2998.47735949539,2998.74462437898,2999.57395704166,2998.23496969203,2955.7796987296,3000.53277242235,2998.21750936352,3000.08707060338,2999.85191592947,2998.21239914066,2996.09403321005,2997.03286973732,3001.57759295911,3003.40685680279,3003.5802420582,3003.38126672037,2997.56040772816,2958.53922783236,2923.77770440802,2956.30987684683,2914.29496204502,2906.89034498496,2907.07735180041,2922.47533678268,2908.47502251239,2909.38385420357,2938.63392529843
3000.09038247777,2999.16861645868,3000.68829648194,2999.11227260785,2998.12216454015,2999.15387769938,2998.23379791357,2999.296040399,2999.15511649256,2997.74712866875,2998.15059045779,2997.18332726002,3003.60072683663,3002.83875261557,3000.57815760407,2996.12660419138,2996.62588003967,2997.51517455428,2997.52041699793,2998.02208162048,2990.21073443572,2948.92652430238,2905.82532707215,2927.79412331071,2931.66038947262,2931.82740369788,2996.5690815479,2998.52808575237,2997.84528482861,2995.87811500584,2995.89879684367,2979.34257292052,2968.38379911629,3002.09010815443,2997.94535637058,3000.19919197128,2998.75171000408,3000.47779152585,2998.15901412157,2995.71809131101,2998.17842335646,2999.91981638222,3000.51957556594,2999.49816543391,2999.53992190345,2998.38191966831,2973.78133016249,3002.5936978687,3000.50278746334,2998.0732721557,2997.6617604948,2997.6615419982,2996.24008058424,2998.34826699571,2997.61746822098,3000.10244562315,2997.62456944195,2997.75096685968,2998.70840989305,2997.95141007564,2971.28176947954,3003.74018231999,3000.52106703952,3001.59159528712,3000.52638959233,3001.57538455526,2997.92912547043,2988.35632864325,3002.5751656984,3002.08151335483,3003.10289508444,3002.60236924053,3003.76354133916,2995.3488693339,2949.15750822673,3003.49377367245,3001.0629338734,2998.68540873711,3002.13059384618,3004.12128463539,2992.94140847857,2960.09017465998,3003.92044595222,3004.15785370779,3004.1347005561,3002.61650886775,3003.23389506533,2990.17905154319,2946.68136358763,3001.36419073229,3004.09908025946,3003.53169428184,3003.95994670976,3001.78153450897,2984.1805458486,2998.2774503066,3001.78599347711,3004.12035798247,3001.78207391167,2998.09613701534,2936.3429994086,2943.85037517987,2927.5171754262,3000.08775819376,3003.56850683094,3004.13601263239,3003.5349254614,3004.23074048828,2996.36547848948,2973.79768049352,3004.25204175756,2999.06452283929,2999.07001553387,2998.01263714991,3002.1341158166,2998.36296567379,2968.20463388968,3004.26983311784,3001.12525688546,2999.52294142185,2999.07693683297,3004.1746204409,2995.39699510522,2981.71479591243,3002.65725721062,3000.00520387417,3002.67367783234,3001.58503666804,3003.09226121349,2998.17926948226,2991.54701515171,3000.0264093178,2998.28332569284,2998.45023867215,2998.72226399897,2999.56636849024,2998.20353149315,2954.99205977568,3000.54226200748,2998.18576016644,3000.08862147927,2999.84927829972,2998.1805589218,2996.02446128249,2996.98002008887,3001.60569257924,3003.46753873056,3003.64401227298,3003.44149284516,2997.5169544307,2957.80074079629,2922.42005537713,2955.53168126904,2912.76840920614,2905.2319032926,2905.42224101824,2921.09449036406,2906.8448066284,2907.7698261614,2937.54089088899
3000.09038247777,2999.16861645868,3000.68829648195,2999.11227260785,2998.12216454015,2999.15387769938,2998.23379791358,2999.296040399,2999.15511649256,2997.74712866875,2998.1505904578,2997.18332726002,3003.60072683663,3002.83875261558,3000.57815760407,2996.12660419139,2996.62588003967,2997.51517455428,2997.52041699794,2998.02208162048,2990.21073443572,2948.92652430238,2905.82532707214,2927.79412331071,2931.66038947261,2931.82740369787,2996.56908154791,2998.52808575237,2997.84528482862,2995.87811500584,2995.89879684367,2979.34257292052,2968.38379911629,3002.09010815443,2997.94535637057,3000.19919197128,2998.75171000408,3000.47779152585,2998.15901412157,2995.71809131102,2998.17842335645,2999.91981638221,3000.51957556594,2999.4981654339,2999.53992190345,2998.38191966831,2973.78133016249,3002.5936978687,3000.50278746334,2998.07327215569,2997.66176049479,2997.6615419982,2996.24008058425,2998.34826699571,2997.61746822097,3000.10244562314,2997.62456944194,2997.75096685967,2998.70840989304,2997.95141007564,2971.28176947954,3003.74018231999,3000.52106703952,3001.59159528712,3000.52638959233,3001.57538455527,2997.92912547043,2988.35632864325,3002.5751656984,3002.08151335483,3003.10289508445,3002.60236924053,3003.76354133916,2995.34886933391,2949.15750822673,3003.49377367245,3001.0629338734,2998.68540873711,3002.13059384619,3004.1212846354,2992.94140847857,2960.09017465998,3003.92044595223,3004.1578537078,3004.13470055611,3002.61650886775,3003.23389506534,2990.17905154319,2946.68136358763,3001.3641907323,3004.09908025947,3003.53169428185,3003.95994670977,3001.78153450898,2984.1805458486,2998.2774503066,3001.78599347712,3004.12035798248,3001.78207391168,2998.09613701535,2936.3429994086,2943.85037517987,2927.51717542619,3000.08775819376,3003.56850683095,3004.13601263239,3003.5349254614,3004.23074048829,2996.36547848949,2973.79768049352,3004.25204175757,2999.06452283929,2999.07001553387,2998.0126371499,3002.1341158166,2998.36296567379,2968.20463388968,3004.26983311785,3001.12525688546,2999.52294142185,2999.07693683297,3004.1746204409,2995.39699510523,2981.71479591243,3002.65725721062,3000.00520387417,3002.67367783234,3001.58503666804,3003.09226121349,2998.17926948226,2991.54701515171,3000.0264093178,2998.28332569284,2998.45023867215,2998.72226399896,2999.56636849024,2998.20353149316,2954.99205977568,3000.54226200748,2998.18576016643,3000.08862147926,2999.84927829971,2998.18055892179,2996.02446128249,2996.98002008887,3001.60569257924,3003.46753873057,3003.64401227298,3003.44149284516,2997.5169544307,2957.80074079629,2922.42005537712,2955.53168126904,2912.76840920613,2905.23190329259,2905.42224101823,2921.09449036406,2906.8448066284,2907.7698261614,2937.54089088899
3000.17077153228,2998.39396952418,3001.32346108837,2998.30469092996,2996.27747557055,2998.3674123273,2996.59662800965,2998.64096678099,2998.36980457435,2995.65973696293,2996.3325263964,2994.4167432578,3006.90099137081,3005.41637448528,3001.03358060244,2992.4136524719,2993.3810176162,2995.05006779788,2994.97040181047,2996.01280658558,2980.72984093775,2900.66684288519,2817.17181146377,2859.72510699424,2867.21479635543,2867.53839056961,2993.27103863863,2997.06331576684,2995.74170314327,2991.93067409311,2991.97187306399,2959.6310215448,2938.37821369044,3004.03831573334,2996.03972694908,3000.37825031102,2997.59345742872,3000.9130646677,2996.34887196755,2991.61182260426,2996.48710306932,2999.83715822489,3000.99315468711,2999.0253446858,2999.12940806998,2996.6855771279,2948.84402956986,3005.00594043318,3000.98476671099,2996.29863805634,2995.50177976631,2995.50136982349,2992.61083361861,2996.60945731124,2995.41200137984,3000.18886299344,2995.42569390852,2995.66704856215,2997.52558174946,2995.81551248921,2943.99731562495,3007.20271863692,3001.02027470958,3003.08032789763,3001.03027845344,3003.0489214141,2995.77321106187,2977.12423021306,3004.96991412837,3004.02194362111,3005.98366407126,3005.0227445988,3007.24771078834,2990.72683578115,2901.11462768389,3006.68888943527,3002.06356963584,2997.48138105865,3004.11660140405,3007.92111441833,2986.03882102938,2922.3009728776,3007.52218890586,3007.9911424125,3007.94666884511,3005.04995210079,3006.18252842877,2980.66625554614,2896.31686779472,3002.55493449078,3007.87200678989,3006.76141318486,3007.59798693504,3003.36297279798,2969.01678796515,2996.47433469305,3003.37191536366,3007.91293492542,3003.36411461573,2996.22704797064,2876.28629379831,2890.83154519306,2859.18851224118,3000.08243674955,3006.83196546296,3007.94308441903,3006.81190873182,3008.13713664805,2992.70713888666,2948.87573738561,3008.17806735454,2998.2132419576,2998.2238352811,2996.18209534294,3004.12361332246,2996.6494869666,2938.03055769512,3008.21223451949,3002.18402525482,2999.09715567522,2998.23701672917,3008.02896256668,2990.81965455605,2964.23303080536,3005.12865808738,3000.02665938009,3005.16023455358,3003.0677481811,3005.96317569615,2996.27059389441,2983.3268595338,3000.06777873917,2996.70549183109,2997.00939701135,2997.53245099555,2999.18033106733,2996.35416750993,2912.42140630584,3001.06057188131,2996.50123819662,3000.16226565284,2999.70132383647,2996.49123107896,2992.19954135906,2993.91203319417,3003.10754772784,3006.68192968901,3006.98415286843,3006.5883080514,2995.10615756539,2917.86470553173,2849.31483258594,2913.46804774192,2830.61977361077,2816.0224509278,2816.39110939343,2846.74726206142,2819.14640911057,2820.93805163814,2878.60804119847
3000.17345072061,2998.36815226537,3001.34462971152,2998.27777602942,2996.21599619146,2998.34120118626,2996.5420647793,2998.61913463478,2998.34363187536,2995.59016884163,2996.27193436626,2994.32453916839,3007.01098184496,3005.50228088723,3001.0487588377,2992.28990805206,2993.27287357113,2994.96791127432,2994.88541547782,2995.94584191911,2980.41386385156,2899.0584550768,2814.21718703426,2857.45651812756,2865.0669681222,2865.39578079904,2993.16112220629,2997.0144982422,2995.67159544597,2991.79911467017,2991.84099743144,2958.97407939379,2937.3781942878,3004.10324515737,2995.9762165603,3000.3842179271,2997.55485544739,3000.92757135307,2996.28854395695,2991.47496980432,2996.43073512718,2999.83440341241,3001.00893802555,2999.00958662224,2999.11572655726,2996.62904180523,2948.01292482426,3005.08633511085,3001.00083000696,2996.2394934502,2995.42979241438,2995.42937609109,2992.48987889198,2996.55150665315,2995.33849807698,3000.19174309213,2995.35241027928,2995.59759620182,2997.48616071911,2995.74432777483,2943.08798548332,3007.31811726855,3001.03691219053,3003.12994404325,3001.04707194808,3003.09803111912,2995.70135923134,2976.74988936274,3005.04972576545,3004.08661384461,3006.07967369215,3005.10341032438,3007.36383040413,2990.57279368642,2899.51346536628,3006.79537553481,3002.09691859948,2997.44125349497,3004.18279061727,3008.04775429073,2985.80877314731,2921.04154285961,3007.64222698497,3008.11889739632,3008.07371326691,3005.13105334957,3006.28079981834,2980.34921522064,2894.6383312062,3002.59461933096,3007.99775003675,3006.86905253007,3007.71923472145,3003.4156786176,2968.51141365283,2996.41424086142,3003.42477061161,3008.0393330768,3003.4168405125,2996.16475539133,2874.28473742083,2889.0645455515,2856.91126992206,3000.08225939766,3006.94072927828,3008.0699656513,3006.92112329325,3008.26732814069,2992.58521456715,2948.0451444708,3008.30891305265,2998.18487065983,2998.19563397595,2996.1210874573,3004.18991884788,2996.59238053362,2937.02492287004,3008.34362598674,3002.21931164891,2999.08296518362,2998.20902406086,3008.15741921418,2990.6671019797,2963.65040246962,3005.21102437997,3000.02737444436,3005.24310595674,3003.11716365694,3006.05885688834,2996.20698198369,2983.05290003613,3000.06915748994,2996.65290613901,2996.96137696453,2997.49279717537,2999.16746529892,2996.29253232303,2911.00262114139,3001.07784599622,2996.44509682727,3000.16472004929,2999.6963928434,2996.43492954056,2992.0720652881,2993.80978401695,3003.15760121845,3006.78905818794,3007.09547232298,3006.69318440086,2995.02581106966,2916.53372633028,2846.87839816255,2912.06616042409,2827.88194235935,2813.04929836311,2813.42389986226,2844.26943435767,2816.22361664197,2818.0441417858,2876.64394043833
3000.17446653531,2998.35836364739,3001.35265579852,2998.2675712404,2996.19268627462,2998.33126322776,2996.52137712142,2998.61085697291,2998.33370849218,2995.56379207684,2996.24896088793,2994.28957997252,3007.05268475156,3005.53485231385,3001.05451366813,2992.24299033464,2993.23187073842,2994.93676161472,2994.85319289562,2995.92045225466,2980.29406108666,2898.44863457114,2813.09694068929,2856.5963822806,2864.25261868955,2864.58340994737,2993.11944737265,2996.99598906959,2995.64501410085,2991.74923389303,2991.79137591355,2958.72499966773,2936.99903676459,3004.12786315931,2995.95213658581,3000.38648054973,2997.54021949973,3000.93307156525,2996.26567058168,2991.42308204241,2996.40936321252,2999.8333589248,3001.01492228095,2999.00361194982,2999.11053920943,2996.60760642822,2947.69781132142,3005.11681676628,3001.0069204083,2996.21706876293,2995.4024983979,2995.40207965544,2992.44401888721,2996.52953465147,2995.31062928745,3000.19283508202,2995.32462477904,2995.57126332782,2997.47121422889,2995.7173380785,2942.74321280854,3007.36187067896,3001.04322029421,3003.14875601313,3001.05343920437,3003.11665107197,2995.67411659782,2976.60795796694,3005.07998636095,3004.11113357063,3006.11607575592,3005.13399474768,3007.40785717581,2990.51438860053,2898.90638440665,3006.83574975721,3002.10956286461,2997.42603912252,3004.2078862685,3008.09576981946,2985.72155045447,2920.56402975835,3007.68773944267,3008.16733571974,3008.12188218061,3005.16180290156,3006.31805943208,2980.22900932837,2894.00191377886,3002.60966584473,3008.04542560975,3006.90986400576,3007.76520583988,3003.4356620379,2968.31980089807,2996.39145627513,3003.44481068769,3008.08725695697,3003.43683154505,2996.1411371495,2873.52584698666,2888.39458734286,2856.04785311716,3000.08219215466,3006.98196709699,3008.11807269167,3006.96253201242,3008.31669026683,2992.53898694109,2947.73022502869,3008.3585232209,2998.17411367756,2998.1849414464,2996.09795630729,3004.2150585989,2996.57072862003,2936.64363625847,3008.39344308345,3002.23269049111,2999.07758485636,2998.198410636,3008.2061235735,2990.60926164495,2963.42949883901,3005.24225357353,3000.0276455611,3005.27452666306,3003.13589954284,3006.09513442831,2996.18286351714,2982.94902824691,3000.06968024353,2996.63296826509,2996.94317015577,2997.47776242284,2999.16258724069,2996.26916333164,2910.46468850978,3001.08439547976,2996.42381081772,3000.16565063412,2999.69452325655,2996.41358280288,2992.02373271454,2993.77101622436,3003.17657900776,3006.82967597616,3007.13767911273,3006.73294828624,2994.99534768241,2916.02908534418,2845.95462364478,2911.53463461384,2826.843893184,2811.9220270726,2812.2988818739,2843.32996557075,2815.11543939029,2816.94691538289,2875.89925130771
3000.2518819954,2997.5511706345,3002.00428434704,2997.4582578427,2994.11303265197,2997.51494020675,2994.82954514263,2997.92967512426,2997.51858657138,2993.40834300638,2994.19727900221,2991.17115202964,3010.40041727366,3008.10868714491,3001.39087367723,2988.20193179837,2989.68333559156,2992.11966747608,2991.79921597445,2993.55104223016,2969.82040057427,2847.05550413293,2719.23034556969,2784.36691901607,2795.83314786734,2796.32867340962,2989.51507367296,2995.31500882423,2993.29409663832,2987.45892846841,2987.52452421626,2937.41978312498,2904.83101268717,3006.15860526298,2993.98123996397,3000.5622667773,2996.34135629419,3001.37029940023,2994.2223639504,2986.95112873441,2994.65706714158,2999.73424586511,3001.49103960202,2998.50246777104,2998.71260051571,2994.52729587301,2920.87509104996,3007.62245733052,3001.53112811228,2994.40198444547,2993.18281311021,2993.18221479292,2988.45359900352,2994.38661412395,2993.03664925901,3000.26808070928,2993.05747028395,2993.41926462189,2996.27269728044,2993.11554961404,2913.44494473011,3010.93214117615,3001.58569743943,3004.7090663014,3001.60033804046,3004.66098098965,2993.05270747175,2964.2711180618,3007.56702942343,3006.13415272552,3009.10008258056,3007.64819548983,3011.00044856997,2985.22114319264,2847.74175189465,3010.06483505322,3003.16874644795,2996.20581591225,3006.27813492078,3011.98803776718,2977.99039994285,2880.19368067313,3011.35550213518,3012.09344790707,3012.02619873372,3007.68944216705,3009.28315066659,2969.71817325406,2840.39448619032,3003.71703893321,3011.89938628041,3010.17379643508,3011.46994719866,3004.95314889471,2951.81903605858,2994.18431012094,3004.9675128055,3011.96140144672,3004.9551110903,2994.03581402328,2809.72189617397,2831.99424616411,2783.54521902267,2999.93217600292,3010.28012618383,3012.0071681029,3010.3488855848,3012.32756177919,2988.27702285476,2920.92370904624,3012.38948589677,2997.3205705054,2997.33668385817,2994.2255913032,3006.28928570322,2994.47343087018,2904.29749493948,3012.44113479657,3003.35253986858,2998.66463551641,2997.35636576304,3012.16315176302,2985.36233653463,2944.47965957384,3007.80942142895,3000.07717118079,3007.85724680603,3004.69008477845,3009.06896297026,2993.84246418317,2973.81479948508,3000.14020696618,2995.02468264508,2995.44726483704,2996.23940042029,2998.78987743259,2994.05122965772,2865.06085778627,3001.6457155111,2994.67853518951,3000.22776449407,2999.52808523642,2994.66336667763,2987.83810942826,2990.15347732672,3004.75053944178,3010.15114116974,3010.52620441686,3009.91239130859,2992.32218357223,2873.39939155108,2768.43015365236,2866.66605263637,2739.81366150584,2717.47122091477,2718.03547678967,2764.50003172633,2722.25260393077,2724.99484014739,2813.27900193693
3000.25356594228,2997.53401184554,3002.01819789515,2997.44085943894,2994.06977461435,2997.49756814019,2994.79349612081,2997.91518648641,2997.50124004263,2993.36240561983,2994.15461419043,2991.10628377369,3010.47213069649,3008.16407573024,3001.39885726131,2988.1170679558,2989.60891271164,2992.06128204433,2991.73669087498,2993.50233808714,2969.6013465075,2845.96970306205,2717.243985668,2782.839370843,2794.38638229387,2794.88540011763,2989.43946637475,2995.28020865073,2993.24508127656,2987.36879588628,2987.4348776943,2936.97151292688,2904.15265203553,3006.20176863695,2993.93925494081,3000.56606870921,2996.31582307586,3001.37969236498,2994.17987644651,2986.85723216822,2994.61975743742,2999.73221755068,3001.50126545995,2998.49186608345,2998.70396110123,2994.48496038974,2920.3099698879,3007.67576782112,3001.54213825726,2994.36319472517,2993.13544128197,2993.13483902698,2988.37003219524,2994.34305854405,2992.98816499957,3000.26976976369,2993.00913137388,2993.3734016023,2996.24701460769,2993.06251199671,2912.82738007371,3011.00826254737,3001.59709402007,3004.74217922338,3001.61183137288,3004.69375509992,2992.99924530658,2964.01268977732,3007.61994681228,3006.17714962868,3009.16362122185,3007.70168742695,3011.07704575482,2985.11150157228,2846.66079243019,3010.13408116452,3003.19116168936,2996.17966950493,3006.32213737238,3012.07118176417,2977.82930669952,2879.34151484916,3011.43398298898,3012.17731749642,3012.10960247091,3007.74322084597,3009.34682817808,2969.49835267735,2839.2617423856,3003.74138319366,3011.98177797733,3010.24379060196,3011.54921920762,3004.98619292212,2951.472499236,2994.13937249235,3005.00066441562,3012.04422395859,3004.98817097237,2993.99201179658,2808.37298877253,2830.80229612089,2782.0118797827,2999.92985842222,3010.35085353098,3012.09030935254,3010.42104045714,3012.41318132681,2988.18913982605,2920.35893112554,3012.47553471726,2997.30222400901,2997.31844989528,2994.18557805844,3006.33337065924,2994.43072904201,2903.61536338825,3012.52754125047,3003.376244139,2998.65567155742,2997.33826574219,3012.2476243531,2985.25368106634,2944.08126553437,3007.86404051489,3000.07805959298,3007.91219794039,3004.72306659899,3009.13228470545,2993.79483435418,2973.6240627224,3000.14154028514,2994.99027839813,2995.41543315191,2996.21306774872,2998.78177597937,2994.00583694385,2864.1020028405,3001.65751906006,2994.64137510334,3000.22917332732,2999.52462146693,2994.62610116402,2987.7503407112,2990.07911630478,3004.78394266932,3010.22191468615,3010.59878955781,3009.98057801385,2992.26633093404,2872.49933303242,2766.79033331449,2865.71853377775,2737.97227246492,2715.47247199053,2716.04070190387,2762.832528923,2720.28752978287,2723.04907958999,2811.95518051251
3000.3794336438,2996.01498593759,3003.21265059434,2996.01422924959,2989.66845746573,2995.97139575279,2991.65390421144,2996.6378674756,2995.97733261248,2989.36965927609,2989.80661479003,2984.50764694492,3016.48297893539,3012.65531793244,3001.60142099702,2979.98041944494,2982.4136754348,2985.98993837712,2984.76610699424,2988.18923715446,2948.07525122605,2745.93565657904,2536.17266062849,2643.02908667848,2661.84544014403,2662.65904343975,2982.13789433287,2991.63744813569,2988.32881675216,2978.74785594388,2978.86461645076,2894.55516222005,2840.89342237373,3010.01773038862,2990.27913026305,3000.86409280098,2994.08486739882,3002.15329433036,2989.84800210503,2977.84404249046,2991.35663886892,2999.50818801856,3002.34505453369,2997.52564911107,2998.04326977658,2989.60229479091,2867.29788889696,3012.35821051529,3002.59086644185,2991.05237196428,2989.05536610571,2989.05448463652,2980.21435806868,2989.28655126893,2988.78586155461,3000.36803892446,2988.81952952315,2989.38664653324,2994.09440826115,2987.00535282655,2855.06926351187,3017.60138661278,3002.68106758376,3007.69914608096,3002.70278249575,3007.62026998775,2986.90897900519,2938.865782165,3012.2663556514,3009.97973416865,3014.71536239897,3012.40046932117,3017.71145128501,2973.6852449952,2747.06432509938,3015.89390170656,3005.22880661227,2993.9873967595,3010.21267623076,3019.17954143619,2961.63087682961,2800.3783674336,3018.06466824829,3019.34618105231,3019.2387766008,3012.46672056551,3014.58819209526,2947.89033573005,2734.99954941688,3005.4089441536,3018.98660371061,3016.06543516757,3018.246853449,3007.43438964955,2918.2908339051,2988.97062716352,3007.46033106915,3019.08610337888,3007.4383633192,2989.54166406004,2684.64027022625,2721.20555343899,2641.67992724707,2999.19831873451,3016.23400553406,3019.15983245744,3016.69713048778,3019.76769848213,2978.78485784665,2867.37793675467,3019.86671666771,2995.79629783128,2995.82236824341,2990.76996945168,3010.23240615179,2989.51878410001,2840.01341891024,3019.94915464639,3005.5281463342,2997.96940890214,2995.85295024276,3019.50213657865,2973.9137560552,2906.19146082924,3012.66174780483,3000.25024526665,3012.73840903647,3007.66896761113,3014.6651696156,2988.30442615425,2954.69519488556,3000.35391712655,2992.07308551587,2992.62064318955,2993.89045679519,2998.16768224931,2988.93120089735,2775.51752298457,3002.77379932995,2991.39125951997,3000.30327945778,2999.17618343195,2991.36690072941,2979.25450256246,2981.97603531122,3007.76648563503,3016.37706004195,3016.68400077579,3015.64916463718,2986.73729046989,2789.21947987822,2616.87889580003,2778.1617024097,2569.93409175781,2533.28754977907,2534.21302898043,2610.43179424057,2541.12972434992,2545.62751154654,2690.48689961853
3000.38533751214,2995.95312502087,3003.26254365742,2995.95230458094,2989.50840220507,2995.90885084473,2991.52431330569,2996.58567203505,2995.91487983467,2989.2045879908,2989.6487038506,2984.26764193681,3016.73906830209,3012.85202573675,3001.62657645062,2979.66999829696,2982.14101776528,2985.77297048556,2984.53042084701,2988.00646490758,2947.27032245855,2741.99353946685,2528.97476588732,2637.48974706682,2656.59815325946,2657.42438450135,2981.86095622673,2991.50795400731,2988.14796810763,2978.41831158475,2978.53687981141,2892.91967292353,2838.42510853442,3010.17327187902,2990.12818562599,3000.87752590857,2993.99302698635,3002.18674844286,2989.69073342864,2977.50050302388,2991.22242957168,2999.50056843256,3002.38148674477,2997.48724282979,2998.0128513429,2989.44153039403,2865.23937513158,3012.55010411402,3002.63106550789,2990.9134070759,2988.88540006411,2988.88450488332,2979.90764851631,2989.12091973378,2988.61172041165,3000.37377170257,2988.64591115708,2989.22183920278,2994.00267400484,2986.80439144309,2852.82096039731,3017.8747359923,3002.72266673619,3007.81867611096,3002.74471937638,3007.73857557322,2986.70651908302,2937.91795149963,3012.45682365305,3010.13468514672,3014.94386920994,3012.59301889716,3017.98650986688,2973.27768275566,2743.13972532004,3016.14086371997,3005.30997064571,2993.89400056048,3010.37124429022,3019.47744762814,2961.03628993945,2797.28124341423,3018.34530145398,3019.64667627781,3019.53760356898,3012.66029903777,3014.81489763431,2947.08254362385,2730.88769261864,3005.49319888696,3019.28153444317,3016.31506248992,3018.53031664799,3007.55008191626,2917.02370985563,2988.80008562304,3007.57642503088,3019.38257939474,3007.55411696066,2989.37964089838,2679.74678568584,2716.87960050783,2636.11964732023,2999.1861801368,3016.48625165112,3019.45745339466,3016.9564238706,3020.07472122552,2978.4564146133,2865.32066532646,3020.17527734566,2995.7309878883,2995.75746311185,2990.62661876321,3010.39127999501,2989.35672155081,2837.53144809247,3020.25899579178,3005.61395777281,2997.93784255535,2995.78852033078,3019.80503568955,2973.50974186771,2904.73656127709,3012.85835427439,3000.25409630317,3012.93620612868,3007.78802886483,3014.89289699764,2988.12358602761,2953.99299035875,3000.35937744761,2991.94996590379,2992.5060645354,2993.79559826224,2998.13919579974,2988.75997628596,2772.03453903751,3002.81683959392,2991.25758783592,3000.30800659199,2999.16340820594,2991.23285075733,2978.93287366904,2981.69707896157,3007.88706121901,3016.63138357545,3016.943212486,3015.89232583372,2986.53173933795,2785.94915992564,2610.9336724361,2774.71975545316,2563.26022184451,2526.04487396379,2526.98471791445,2604.38650310952,2534.00877025528,2538.57636947205,2685.68415826848
3000.38917132495,2995.91330025966,3003.29471685863,2995.91227494282,2989.40617796585,2995.8685690909,2991.4408118488,2996.55206220604,2995.8746573906,2989.09821458113,2989.54785892166,2984.1143529527,3016.90441154401,3012.9792473694,3001.64348918698,2979.47104660913,2981.96635288937,2985.63457874716,2984.38074204968,2987.89022872997,2946.75518417014,2739.46132498023,2524.3484658345,2633.93025038724,2653.22650204009,2654.06085498539,2981.68353784191,2991.42539020202,2988.03236513091,2978.20707423623,2978.32679538707,2891.87070350786,2836.8406716228,3010.27340942785,2990.03093147296,3000.88622921186,2993.93386016567,3002.20836891487,2989.59030135862,2977.28033991555,2991.13597349232,2999.49572805996,3002.4050296162,2997.46255888822,2997.99311779834,2989.33965315182,2863.91843593512,3012.67368951664,3002.65683607085,2990.82376841391,2988.77581796963,2988.774913861,2979.71127665602,2989.01600349559,2988.49948507305,3000.37753688391,2988.5340126017,2989.11563657847,2993.94344348021,2986.67696198315,2851.37798891237,3018.05091571267,3002.74933710392,3007.89558661655,3002.77160946936,3007.81469850086,2986.57811850091,2937.31101112275,3012.57949310395,3010.23444058257,3015.09107680055,3012.71702619064,3018.1637911145,2973.0177633706,2740.61877509364,3016.30037769047,3005.3621427029,2993.83369812984,3010.47332978397,3019.66958870377,2960.65628141313,2795.29245317757,3018.52641556196,3019.84048942764,3019.73034053011,3012.78496965364,3014.9614075545,2946.56558216054,2728.24630885255,3005.54813431774,3019.47181288678,3016.47629860353,3018.71325703972,3007.62524098264,2916.21155489879,2988.69199400937,3007.65183990861,3019.57385419401,3007.62931469019,2989.27615100392,2676.60269337196,2714.10052190968,2632.54668282207,2999.17911572477,3016.64917852821,3019.64946607807,3017.12350589219,3020.27269256597,2978.24729232452,2864.00052490386,3020.37424067352,2995.68877221069,2995.7155082051,2990.53415157303,3010.49356061718,2989.25400408746,2835.9382319853,3020.45878520354,3005.66912142393,2997.91736543521,2995.7468729372,3020.00035018529,2973.25210799345,2903.80369056263,3012.98497446593,3000.25643930669,3013.0635940795,3007.8646368109,3015.03960232497,2988.00898389078,2953.54385316759,3000.36275526837,2991.87051990816,2992.43227003296,2993.73452003634,2998.12070747658,2988.65125242675,2769.79759714645,3002.84444310186,2991.17147819952,3000.31112344052,2999.15524497627,2991.14649723513,2978.72685180778,2981.51966554962,3007.96464498603,3016.79526426958,3017.11056980358,3016.04938930772,2986.40024423389,2783.84898178431,2607.11311268451,2772.5091973524,2558.97098699559,2521.38976937749,2522.33885311011,2600.50157824412,2529.43196040714,2534.04446449997,2682.59842102197
3000.39126569689,2995.89134490655,3003.31242272479,2995.89031939023,2989.34933181352,2995.84637106752,2991.39481976141,2996.53353681918,2995.85249203493,2989.03962200355,2989.49177399787,2984.02911341563,3016.99530659616,3013.04905542257,3001.65239212565,2979.36082483151,2981.86953606521,2985.55751257838,2984.29696826285,2987.82529078995,2946.4692450186,2738.06147706591,2521.79267075454,2631.96331345472,2651.36325694451,2652.202093421,2981.58520147255,2991.37939280631,2987.96813803454,2978.09006430304,2978.2104270747,2891.28984440042,2835.96410453352,3010.32864643506,2989.97735001093,3000.89099128411,2993.90126585384,3002.22023220965,2989.53444445366,2977.15836049829,2991.08832948474,2999.49300898408,3002.41794885596,2997.44891275023,2997.98234729652,2989.28251273205,2863.18737370724,3012.74182824064,3002.67113372277,2990.77445954462,2988.71549857161,2988.71458961421,2979.60236714901,2988.95712738503,2988.43767653798,3000.37955706785,2988.47238964311,2989.05713754771,2993.91090491477,2986.60552443037,2850.57953945154,3018.14795896664,3002.76413224801,3007.93804289245,3002.78652406649,3007.85671985292,2986.50614947654,2936.97432561331,3012.64712532209,3010.28946820803,3015.1722094037,3012.78539790251,3018.26144109675,2972.87293922184,2739.22514686724,3016.38802939764,3005.39098180191,2993.80056984594,3010.52964157187,3019.77533768368,2960.44503730289,2794.19262190819,3018.62602582485,3019.94715714292,3019.83641615973,3012.8537065717,3015.04186595685,2946.27862483595,2726.78619520566,3005.57801710902,3019.57650161492,3016.56489598633,3018.8138716081,3007.66628408756,2915.76149232633,2988.63137593783,3007.6930258352,3019.67909139556,3007.67037964995,2989.21860621412,2674.86506430535,2712.56439362779,2630.57231106453,2999.17477821212,3016.73870520764,3019.7551096678,3017.21556347186,3020.38168099926,2978.13056701611,2863.26990378701,3020.48377493375,2995.66561595334,2995.69249566197,2990.48328642821,3010.54998122843,2989.19640316934,2835.05681562028,3020.56877389204,3005.69961078058,2997.90618826227,2995.72402882328,3020.10787480394,2973.10854329672,2903.28695387851,3013.0547865096,3000.25783498969,3013.13382871271,3007.90692675295,3015.1204582424,2987.94469992288,2953.2943920075,3000.36472262454,2991.82683900868,2992.39159154428,2993.70083945266,2998.11062270119,2988.59040759495,2768.56076554642,3002.85974886882,2991.1240250329,3000.31278676237,2999.15069595516,2991.09890980841,2978.61264829957,2981.42052057771,3008.00747250039,3016.88555749716,3017.20257305626,3016.13569198482,2986.32724835499,2782.68765725091,2605.00206902988,2771.28693670268,2556.60124263969,2518.81807517027,2519.77225898632,2598.35500626923,2526.90348245929,2531.54077272628,2680.89301078379
3000.44709356504,2994.63948709038,3004.2199410839,2994.94388182326,2984.54662716699,2994.61296682863,2988.91439229602,2995.49206718774,2994.62097220191,2985.90466934994,2984.73461991637,2976.8306555599,3021.24595417549,3015.89629736745,3000.77969280484,2971.37417709512,2974.69359439424,2978.69763981101,2975.60867378943,2981.3875433368,2924.37461041247,2647.71791758852,2362.06418373558,2507.51204518638,2533.1362228388,2534.24507348363,2974.31865736176,2987.2215419933,2982.7304384667,2969.66751738619,2969.84552080884,2850.7788199071,2777.33026061995,3013.45284550821,2987.08143324101,3001.05818130321,2992.12347137015,3002.74045101923,2984.7914481459,2968.29067016945,2988.48516252,2999.22043659212,3002.98895007299,2996.59968886479,2997.64655887958,2982.92650022547,2813.44203155677,3016.51408284309,3003.68010103123,2988.29817444559,2985.58784297461,2985.5868427391,2971.32355526638,2982.3235946785,2985.16215524967,3000.35840059109,2985.20698104406,2985.92593252448,2992.38250537998,2978.81914567699,2796.71668213234,3023.27065683955,3003.80412274927,3010.41810551833,3003.8290902632,3010.31084010063,2978.70167099235,2911.62356589186,3016.3872829964,3013.405407924,3019.58594567089,3016.57164030436,3023.41638090578,2959.9362513729,2649.26006678742,3020.36525741605,3007.17113395178,2992.24232231194,3013.71573414517,3025.10448762787,2943.13680403849,2721.9846393838,3023.42928638576,3025.31846569919,3025.17823674614,3016.6589240591,3018.5400906731,2924.08784293652,2632.81447653193,3005.94579231104,3024.74487810997,3020.58402130107,3023.66591860434,3008.69833624939,2883.31808649536,2981.9261454454,3008.73849605493,3024.87574169389,3008.70528453107,2984.37377896346,2564.18453598602,2614.01145587641,2505.67327015288,2997.48749712457,3020.80150570471,3024.97333924789,3022.14693309991,3025.96862495307,2967.0535976121,2813.5515792949,3026.09815946931,2994.66322602909,2994.69796203958,2987.9278840948,3013.74546484554,2982.82273785664,2776.12273815209,3026.20569368103,3007.57397490109,2997.55566796996,2994.73617057771,3025.61566792339,2960.24092968146,2866.72865973581,3016.9206293271,3000.58539847293,3017.02130430963,3010.37897936307,3019.51938945275,2980.80452954702,2933.52200185999,3000.72692627046,2989.684889636,2990.14035281049,2991.80865128115,2997.81109271743,2982.23718855175,2688.07308375405,3003.91888842855,2988.53106057733,3000.27303850977,2998.78117876507,2988.49897426638,2970.11926264966,2971.62717943443,3010.5083090037,3021.72018726509,3021.50866223589,3020.04305313728,2980.56944599723,2706.76952206689,2471.90553943052,2691.69431222315,2408.00752695249,2358.13859292737,2359.39794188498,2463.13057366526,2368.80957932519,2374.93003156007,2572.16548021271
3000.44972907237,2994.58042099363,3004.26276251309,2994.89922092349,2984.3200555558,2994.55477068039,2988.79735574686,2995.44292740577,2994.56286496244,2985.75674846499,2984.51019746939,2976.49106233713,3021.44653337883,3016.03066383153,3000.73854656369,2970.99738092154,2974.35504864553,2978.37402469389,2975.19881733352,2981.08385085456,2923.33223954956,2643.45544916074,2354.52799265894,2501.6403066558,2527.55815638975,2528.67974683797,2973.97583680648,2987.02539590894,2982.48334284877,2969.27015534323,2969.45087792644,2848.86753962747,2774.56391571883,3013.60025686377,2986.94479160888,3001.06607178735,2992.03958835841,3002.76499924131,2984.56769368001,2967.87230859558,2988.3623345256,2999.20757751437,3003.0158944919,2996.55962068565,2997.63071093502,2982.62667160673,2811.09506141897,3016.69207325105,3003.72770467991,2988.1813296618,2985.44026471111,2985.43926016588,2970.93298208798,2982.01067540335,2985.00760118861,3000.35740446324,2985.05290414087,2985.77818848976,2992.31038518614,2978.45184038115,2794.17544058304,3023.51237136151,3003.85319013907,3010.5351228098,3003.87827924875,3010.4266333599,2978.33351144809,2910.4275683722,3016.56375901746,3013.55242951011,3019.79420519436,3016.75029069159,3023.65961675322,2959.32595813286,2645.01545569412,3020.55293769133,3007.25512573604,2992.16879372985,3013.86606583692,3025.35594910422,2942.32025964539,2718.5778421395,3023.65593841277,3025.57191656007,3025.43029618503,3016.83846978839,3018.70517155527,2923.04093631643,2628.38082434184,3005.9631743848,3024.98875586223,3020.77367866315,3023.89487269802,3008.7470602856,2881.78744886452,2981.6098426839,3008.78785308875,3025.12095355342,3008.75414313457,2984.14521993022,2558.96252897737,2609.3616527572,2499.7804048223,2997.40791774432,3020.99322398601,3025.2195693169,3022.37961830209,3026.23224845328,2966.53104640924,2811.20588389523,3026.36307777606,2994.61592491205,2994.65103161528,2987.80730614333,3013.89623958078,2982.52207614883,2773.34222779119,3026.47167533891,3007.66241192335,2997.53912479451,2994.68955516642,3025.87555674956,2959.63389563121,2865.00387539366,3017.10303557459,3000.6008502504,3017.20473130952,3010.49561868899,3019.72695040644,2980.46770954381,2932.58919673053,3000.74401245683,2989.5838197345,2990.03413067695,2991.71937098396,2997.79695561372,2981.93748739414,2684.27563443961,3003.96885949093,2988.40871398347,3000.27116513436,2998.76374538522,2988.37629874173,2969.71856335748,2971.16518808493,3010.62630648443,3021.94830789015,3021.711857508,3020.22743673403,2980.29781085528,2703.18767259696,2465.62589971898,2687.93909315621,2400.99669775304,2350.55753189037,2351.83127918094,2456.75053505479,2361.35051135184,2367.54094228525,2567.03561926939
3000.45253062456,2994.54143332571,3004.29273098979,2994.86467809091,2984.19654626046,2994.51581710488,2988.71773160012,2995.41024288613,2994.52396964516,2985.65565222159,2984.38807122098,2976.30591143086,3021.59453592903,3016.13830149551,3000.73443180274,2970.77704717745,2974.15919122072,2978.2015469799,2974.99347468218,2980.92901388885,2922.74056040409,2640.81653407618,2349.78545248731,2497.96839255423,2524.07494655917,2525.20470921684,2973.77722324655,2986.92153437783,2982.34652078551,2969.03706193096,2969.21922708552,2847.72880560849,2772.88163378186,3013.69805146511,2986.85191615119,3001.07301425757,2991.98287236838,3002.78379544845,2984.44598913952,2967.62805622061,2988.2793387302,2999.20102547557,3003.0364279307,2996.53433169323,2997.61564646687,2982.48042870775,2809.67981593378,3016.81151716739,3003.7559483756,2988.09861982268,2985.33764679425,2985.33663634254,2970.70968472996,2981.85876212922,2984.90141686691,3000.35899813989,2984.94704268993,2985.67723524012,2992.25735160478,2978.27128749002,2792.63650865903,3023.67884681792,3003.8823567611,3010.61144023089,3003.90759613829,3010.50216124052,2978.15219129215,2909.74049390468,3016.6822560298,3013.64990569148,3019.93529071414,3016.87015883226,3023.82713597963,2959.0010516148,2642.38793400005,3020.69389856524,3007.30836262296,2992.11476759249,3013.96577910079,3025.53368901946,2941.86890343155,2716.48675139851,3023.82022788394,3025.75114040135,3025.60853012155,3016.95895991888,3018.83235906651,2922.44689660766,2625.63208009581,3005.99696177557,3025.16315981169,3020.91614514707,3024.06082332938,3008.80107366184,2880.88988305441,2981.45523523393,3008.84219655926,3025.29628835203,3008.80821860229,2984.02043665781,2555.70801284523,2606.47430678861,2496.09493883147,2997.37942345905,3021.13720631036,3025.39560292762,3022.53858482576,3026.41680126562,2966.25978419685,2809.79144898888,3026.54854683347,2994.57943166505,2994.61478879233,2987.72197185697,3013.99619259097,2982.37513987887,2771.6509882184,3026.65790270217,3007.71858273925,2997.52346148817,2994.65356878137,3026.05757166788,2959.31118661775,2863.98333846709,3017.22542609336,3000.60696067719,3017.32783684202,3010.57166204939,3019.86755845843,2980.30331692117,2932.06582473751,3000.75116857502,2989.51130642862,2989.96284923405,2991.65993869854,2997.78306802385,2981.78776454527,2681.93440957826,3003.99878757515,2988.32604737633,3000.27215050346,2998.75404997253,2988.29340356948,2969.48712392048,2970.92922883573,3010.70327780841,3022.10419588092,3021.86171652947,3020.3661034321,2980.14512457853,2700.98439826747,2461.69180350837,2685.6246813542,2396.59226236084,2345.78610645776,2347.06912104682,2452.75185098028,2356.6576095925,2362.89308023797,2563.84001258972
3000.45304812447,2994.53521042027,3004.29762717003,2994.85882799869,2984.17855865675,2994.50956389661,2988.70486554587,2995.40500960416,2994.51772570935,2985.63928759996,2984.37030200413,2976.27894391325,3021.61919122902,3016.15673587143,3000.73530156178,2970.74376023275,2974.12975979508,2978.17674317334,2974.9650217767,2980.90732347743,2922.65251495587,2640.40693528851,2349.04390732172,2497.39586320086,2523.53219401288,2524.66324526065,2973.74735626835,2986.90665385555,2982.32642388914,2969.00179240133,2969.18416449626,2847.55520583162,2772.62266570816,3013.71369099147,2986.83691517958,3001.07423749846,2991.97373056307,3002.78696780513,2984.4282859568,2967.59118455419,2988.26596522698,2999.20010879303,3003.0398879351,2996.53037296889,2997.61293557872,2982.46051085947,2809.46281882274,3016.8307091433,3003.76024400026,2988.085047965,2985.32092292078,2985.31991132251,2970.67633074132,2981.83813634472,2984.88419295018,3000.35940246049,2984.92987082859,2985.66089518899,2992.24852617979,2978.2465723491,2792.40007243868,3023.70587478345,3003.88679679448,3010.62355808699,3003.91206481705,3010.51415431838,2978.12734020045,2909.63762176435,3016.70130039243,3013.66549033433,3019.9580469703,3016.88941775288,3023.85433315594,2958.95436113934,2641.98012751263,3020.71752763052,3007.31671178693,2992.10577957071,3013.98172423439,3025.5628352592,2941.80267416196,2716.16346066284,3023.84742141503,3025.78053480568,3025.63776179554,3016.97832016566,3018.85386569135,2922.35851642776,2625.20516214555,3006.00383252473,3025.19188437073,3020.94002781895,3024.08829138107,3008.8111419826,2880.75410551356,2981.43414888461,3008.85231174476,3025.32516480877,3008.81829505981,2984.00224823049,2555.2013405555,2606.02553778654,2495.52027264533,2997.37646767828,3021.16134122827,3025.42459268899,3022.56431157261,3026.44695427478,2966.22137209481,2809.57457920279,3026.57885016215,2994.57325646587,2994.60865394099,2987.70797047658,3014.01217248391,2982.35510184982,2771.39061652386,3026.68833080108,3007.72740012179,2997.52064570705,2994.64747808657,3026.08731480311,2959.26484993567,2863.82827799074,3017.24509044525,3000.6076633964,3017.34761804678,3010.58373453288,3019.89023742588,2980.2809181307,2931.98841499623,3000.75203597156,2989.49934747783,2989.95139545152,2991.6504203557,2997.78054812749,2981.76705485472,2681.57170906965,3004.00336012259,2988.31272716971,3000.27245579047,2998.75262337108,2988.28004612349,2969.45237379266,2970.89614129761,3010.71550048193,3022.12942694863,3021.88667672388,3020.38935850582,2980.12251773317,2700.64342580281,2461.07789751872,2685.26618984162,2395.90410455577,2345.03999967807,2346.32447766043,2452.12774817852,2355.92390273872,2362.16648549787,2563.34261548818
3000.43978775874,2993.96468573389,3004.64936831457,2994.59886574039,2981.0513261636,2993.96746291677,2987.66129978453,2994.93996582586,2993.97652139552,2984.34343730135,2981.26502075926,2971.59175028822,3022.97268876523,3016.75503974056,2999.49960781333,2966.08494229766,2969.86753195241,2973.56700094642,2968.67584695958,2976.3293599798,2909.19359018564,2593.28573377659,2268.48486595757,2433.7994547035,2462.93546641225,2464.19713852342,2969.44166036702,2984.08791027498,2978.99300272702,2964.11479336544,2964.33649306014,2824.82354706628,2740.94976627899,3015.09476696597,2985.62314675977,3001.09011349011,2991.21267837919,3002.93515139025,2981.33011937849,2962.40272483775,2987.15892918017,2999.01476243062,3003.20618406458,2996.11135074914,2997.61198032801,2977.70525283782,2782.15944739567,3018.45285776451,3004.31556941363,2987.15498152151,2984.08565373297,2984.08470125456,2965.66040489301,2976.8521900866,2983.54837475598,3000.27671229374,2983.59834203693,2984.36587650415,2991.73922903778,2972.48212127037,2763.07200674057,3025.76282618516,3004.45743961663,3011.76342610596,3004.48158484294,3011.64177315133,2972.36191102067,2894.49241299245,3018.30726081446,3015.04492622535,3021.8113313501,3018.5182387621,3025.92442979665,2950.2919775199,2595.04418301962,3021.89457817352,3008.18556755799,2991.58511992313,3015.39089527631,3027.54165534084,2930.81908410929,2677.85285029687,3025.4839561831,3027.77233523173,3027.61877511344,3018.6146114094,3019.77303323551,2908.83367586049,2576.32951588111,3005.35724485713,3027.03849340278,3022.12892897933,3025.74187392183,3008.48251341541,2862.03090418119,2976.43214107059,3008.53287104859,3027.18277179911,3008.49190684209,2980.854558033,2498.24501255693,2554.93184542799,2431.70723999529,2995.73588290869,3022.36448365051,3027.29101366341,3024.58939421541,3028.58556934754,2958.55170138543,2782.28452879995,3028.72769042845,2994.29493237065,2994.33366725058,2986.74756936225,3015.42736305588,2977.59695241759,2739.56793229102,3028.84536692954,3008.63859588024,2997.51762798716,2994.37390400168,3028.19276150816,2950.632088218,2843.05926943936,3018.90823037283,3000.8873775314,3019.01907049874,3011.72083406922,3021.73742242077,2974.94908668262,2919.72248025187,3001.04838965984,2988.72655290104,2988.97802253856,2990.81672540259,2997.79432326277,2977.1394642585,2639.23965511773,3004.57722873414,2987.20989206395,3000.18233815905,2998.52779262983,2987.17445872153,2964.3919915258,2963.97263796447,3011.86446501581,3024.11320816329,3023.26059932389,3021.53900181977,2976.54076058758,2660.53424202645,2393.31776445431,2643.37685394291,2320.69289724471,2264.02451074232,2265.45551803568,2383.34472863642,2276.1497600287,2283.10454456587,2507.33807942527
3000.44138707329,2993.92640928108,3004.67694657293,2994.57027253061,2980.9019771201,2993.9298096495,2987.58570478053,2994.908154114,2993.9389260736,2984.24802194938,2981.11706673484,2971.36788965021,3023.1008824861,3016.84006310643,2999.47061260503,2965.83806333555,2969.64550629246,2973.35328548634,2968.40418032721,2976.12813515862,2908.50982716639,2590.51103209946,2263.58632631528,2429.98064131022,2459.30717396433,2460.57711227053,2969.21686053561,2983.95830612271,2978.83033734038,2963.85450622845,2964.07800685191,2823.57510030449,2739.14608630769,3015.18992458688,2985.53497955203,3001.09508653564,2991.15845834121,3002.95086612108,2981.18259970445,2962.1285518044,2987.07964953904,2999.00635269238,3003.22344390517,2996.0853985824,2997.6019791448,2977.5059875996,2780.62804815891,3018.56767038175,3004.34648148846,2987.07976896378,2983.99055624403,2983.98960114611,2965.4039644509,2976.64419009425,2983.44871071057,3000.27595229075,2983.49898599607,2984.27057410921,2991.69291174974,2972.23828276003,2761.41447467326,3025.91843164599,3004.48929955124,3011.83904223349,3004.51351969295,3011.71659733514,2972.11753789676,2893.70869560708,3018.42109131073,3015.13983617346,3021.94558099927,3018.63347871107,3026.08101571023,2949.88946993825,2592.28107332511,3022.01428600006,3008.23992949297,2991.53789571483,3015.48794062914,3027.70313262494,2930.28224129298,2675.63344037346,3025.62910868653,3027.93508412409,3027.78063023666,3018.73042778342,3019.87800616404,2908.14692146512,2573.44374368599,3005.36621558005,3027.19491017022,3022.24989836868,3025.8885034376,3008.51182107749,2861.02969555243,2976.22199326353,3008.56259627734,3027.34004724403,3008.52130400291,2980.70391874605,2494.84772354802,2551.90581961388,2427.87471849367,2995.68191161861,3022.48677272337,3027.44894560471,3024.7392923128,3028.75502683789,2958.20635455955,2780.75395729119,3028.89798022845,2994.26464391462,2994.30361799232,2986.66995245588,3015.52469857603,2977.3971610138,2737.75504994453,3029.0163398098,3008.69583070062,2997.50718481394,2994.34405569862,3028.35980950979,2950.23168572267,2841.93195385139,3019.02589489102,3000.89756975557,3019.13739172104,3011.79620760083,3021.87122171251,2974.72532771366,2919.10997956229,3001.05963985112,2988.66154680084,2988.90943633084,2990.7590540918,2997.78542512534,2976.9406009684,2636.76673217755,3004.60966398173,2987.13092280159,3000.18101239785,2998.51643357725,2987.0952775695,2964.129140599,2963.66689657711,3011.94071409492,3024.26016008812,3023.39047358686,3021.65658703453,2976.36216978607,2658.20124070268,2389.23433017228,2640.93135584044,2316.13514352305,2259.0968660762,2260.53721303291,2379.19616654413,2271.30124735032,2278.30142456726,2504.00059633535
3000.44381492224,2993.87641417515,3004.71351121847,2994.53133964471,2980.71519035516,2993.88045539433,2987.48620781294,2994.86652233855,2993.88964731685,2984.12227513703,2980.93209097837,2971.08790522759,3023.27333851254,3016.9571836801,2999.44009017173,2965.52462154146,2969.36428290714,2973.08722941204,2968.07003847364,2975.87981982069,2907.64719390056,2586.94160022268,2257.26047745527,2425.05645396041,2454.63025266581,2455.91091477581,2968.93203407131,2983.79717331637,2978.62623077511,2963.52381096492,2963.74955096648,2821.98315624062,2736.83539549113,3015.3144297396,2985.41894426314,3001.10212892725,2991.08720825288,3002.97220662155,2980.99818523542,2961.78058193997,2986.97546343149,2998.99596441399,3003.24685074888,2996.05184728699,2997.58748294178,2977.26214732425,2778.66996475044,3018.71831761965,3004.3858900635,2986.97975900815,2983.86468162383,2983.86372215224,2965.07999136559,2976.38987947247,2983.31719200566,3000.27565740048,2983.36787219025,2984.14498303179,2991.63070582661,2971.93945156852,2759.29305240623,3026.12394556717,3004.52993329245,3011.93756974486,3004.55427304157,3011.81409575495,2971.8179438321,2892.71738545162,3018.57047173331,3015.26399855282,3022.12214791559,3018.78468074256,3026.28782313507,2949.38843171626,2588.72666040371,3022.17612383141,3008.31028382865,2991.47448525135,3015.61490960608,3027.91784890911,2929.60877673004,2672.78405763581,3025.82342664628,3028.1515158546,3027.99587164722,3018.88239272018,3020.02095807665,2907.28058084372,2569.73021284879,3005.38505606263,3027.40354510589,3022.41344786263,3026.08479586512,3008.55708112246,2859.75754816782,2975.96473060787,3008.60837401982,3027.54981991261,3008.56667249445,2980.51545852762,2490.47057704377,2548.01035322566,2422.93274760514,2995.61907660138,3022.6520955462,3027.65958439668,3024.93685977927,3028.97978334985,2957.77863832769,2778.79694545182,3029.12384360451,2994.22343148002,2994.2627198976,2986.56675116032,3015.65203015644,2977.15258786985,2735.43246154074,3029.24311344374,3008.76993879228,2997.49206767391,2994.30343524597,3028.58139505191,2949.73341222325,2840.49670166372,3019.18027847272,3000.90962027398,3019.29264632425,3011.89441043169,3022.04719505051,2974.45147360217,2918.33917198842,3001.07306248331,2988.57480598578,2988.81945627139,2990.68354251338,2997.77238500226,2976.69615635625,2633.58860925359,3004.65110064713,2987.02714581928,3000.17996924702,2998.50215304402,2986.99122015532,2963.79632864176,2963.28944157882,3012.04007081991,3024.45385754407,3023.56516631854,3021.81561440273,2976.13736660205,2655.20452871627,2383.96668220299,2637.788724182,2310.25174617235,2252.73322670052,2254.1856999172,2373.84396940325,2265.04035130533,2272.09946426693,2499.70097360531
3000.39523751087,2993.40200452535,3004.94601070588,2994.47994543358,2977.20564408642,2993.44913407128,2986.7027829951,2994.48919392529,2993.45911097646,2983.17447361289,2977.44194209822,2965.82752091407,3023.83081902856,3016.7752549226,2997.59985589805,2960.66392300823,2964.85955134244,2967.81675192846,2960.58563325112,2970.48029344028,2893.18132391946,2542.03625714544,2182.81973111254,2365.56385607489,2397.78735250267,2399.18384471476,2964.38907045696,2980.55816376241,2974.93759722623,2958.44475202021,2958.71588883597,2798.96319998404,2705.72794982348,3016.41852251672,2984.51350109893,3001.05713791342,2990.50207402662,3003.00981788452,2977.51459064884,2956.35518365222,2986.13300280059,2998.78363860327,3003.29471651891,2995.67357077984,2997.73245133777,2971.50769080301,2751.50072379428,3019.97011133089,3004.93799308144,2986.3983967085,2983.02206394223,2983.02125009749,2959.70499572631,2970.34295462347,2982.35933017435,3000.13707245737,2982.41326364511,2983.19703209386,2991.38769444496,2965.000922801,2730.29848391267,3027.56207578316,3005.09587118533,3012.89197376095,3005.11707832895,3012.75792894855,2964.88563983922,2876.65493573692,3019.80733222451,3016.36877629334,3023.50667283527,3020.04229779769,3027.73536914799,2939.50974092067,2543.98756934808,3022.53680308642,3009.08601673203,2991.22419340642,3016.74220456418,3029.12436894065,2917.48361342698,2635.72571388989,3026.64623500216,3029.36278113935,3029.20074534458,3020.14507356714,3020.12904381173,2892.73857350756,2523.26972378478,3004.05740786613,3028.44316738029,3022.77696115546,3026.91674542932,3007.50840317896,2840.38844291464,2969.92054934615,3007.57030271415,3028.59674943334,3007.52076573932,2976.98769189416,2436.84650957587,2499.58128657371,2363.24804425929,2993.40979402293,3023.02195670591,3028.71284740098,3026.40203866848,3030.35999544686,2948.86504491694,2751.63974586373,3030.51034138487,2994.16364484608,2994.20546871135,2985.96570318336,3016.78599747565,2971.4007188497,2704.18805134023,3030.63441163567,3009.5802302257,2997.63978247101,2994.24579345942,3029.93687337282,2939.87752985087,2819.26315394322,3020.46448860547,3001.26663786189,3020.58226320889,3012.84736653899,3023.42728270428,2968.00596224388,2904.99460250755,3001.44470263046,2988.12863259031,2988.06229388164,2990.01931992072,2997.92785457778,2971.17009063875,2592.94952985662,3005.21444221722,2986.18773918313,3000.03622019421,2998.26157347882,2986.14993789885,2958.43613569991,2955.15163150074,3013.00166514373,3025.88744284346,3024.13491982669,3022.15782053304,2972.23136836076,2616.5478420026,2320.79865688755,2597.55109456347,2240.51805404529,2177.89099847013,2179.47241066057,2309.77480190294,2191.29030708468,2198.97616191435,2446.92731524809
3000.1706249156,2992.07824859525,3005.45298627694,2994.69642269036,2965.27762651606,2992.29257831975,2984.71769721133,2993.45984076542,2992.30488736692,2980.85220960032,2965.57053550141,2947.94748199431,3024.00367615226,3014.63419478579,2990.53909101025,2944.79152078982,2950.04037961831,2949.73345433785,2934.45695538757,2951.675358488,2845.32704717807,2404.10510530756,1958.98273986599,2185.12872030445,2225.05926876217,2226.79365007365,2949.45873481816,2969.41552710202,2962.4930601551,2941.89552806767,2942.32395410691,2725.43421530278,2608.26169820284,3019.33687501943,2982.25128203777,3000.80022004422,2988.98267903631,3002.92441214876,2965.66290371066,2938.61236317886,2983.98790623769,2998.07425749583,3003.22794861786,2994.57010479497,2998.44600351492,2951.23353694395,2665.66062482376,3023.17345060611,3006.64562120024,2985.21920096169,2981.10854012064,2981.10833661581,2941.88081914816,2949.02333932669,2980.05988878394,2999.60496283125,2980.12208757727,2980.87254067696,2991.11257894154,2940.64043418047,2639.06869660527,3030.87070474247,3006.84379960991,3015.51511532058,3006.85163435719,3015.35121846398,2940.55887796347,2823.92258302879,3022.96633137534,3019.29366157962,3026.93784396593,3023.26226964094,3031.06643755004,2905.76414666261,2406.54568052116,3022.04578667903,3011.32420821437,2990.93377963948,3019.72392067239,3031.40000550904,2876.77468632772,2520.75916368449,3027.62507050646,3031.63728884695,3031.46364159776,3023.37634394583,3018.84738181428,2844.62353177423,2380.80342382297,2998.47453311702,3030.12226478071,3022.27734952857,3027.9090897107,3002.73496434111,2777.71888204838,2948.64633316842,3002.83321848066,3030.29174910771,3002.75713788675,2965.00622917527,2273.48780820226,2351.36875452288,2182.25249289528,2985.24777693847,3022.52703140186,3030.42305281014,3029.91063943444,3033.21270683296,2918.11957347069,2665.83527093589,3033.37525106927,2994.37201830236,2994.42027146974,2984.74442767635,3019.78987456244,2951.14544490047,2606.31324819693,3033.50789583629,3011.91193742442,2998.37054942821,2994.45611106416,3032.72789336912,2906.19086714738,2751.04538820059,3023.75318455615,3002.5147177838,3023.88237684212,3015.4684625832,3026.84769454578,2945.32282500884,2860.5492929804,3002.73463969952,2987.33035057475,2986.09562342459,2988.25775265851,2998.66643212154,2951.81499549945,2467.50573485101,3006.9437802571,2984.05005253219,2999.49205287659,2997.48459591696,2984.00801216742,2940.77642410249,2926.91850093389,3015.64371247339,3029.31530842076,3024.3305834584,3021.62578800351,2959.15639737698,2496.91131061163,2129.67842653766,2473.29765361294,2030.33558070665,1952.88996231946,1954.84533631762,2116.03869256012,1969.45662066599,1978.96029741936,2286.06324583896
3000.11591270398,2991.80323989502,3005.54553855317,2994.77149346917,2962.60849720485,2992.05661218467,2984.32353110061,2993.24821753305,2992.06942254564,2980.40012344754,2962.91337303237,2943.94619940401,3023.91187069742,3014.04012481472,2988.89845457125,2941.28801743092,2946.7609237261,2945.67424218025,2928.56315575426,2947.43411607539,2834.73074272949,2374.38427828551,1911.14867962304,2146.4394551674,2187.99505245555,2189.80076205942,2946.15581766716,2966.91208931007,2959.71521351749,2938.24534558854,2938.70925559894,2709.35640736404,2587.10131273357,3019.92393955862,2981.80667425975,3000.73550082003,2988.67727874596,3002.89048515564,2963.00996053042,2934.69365862302,2983.56253031388,2997.91802838971,3003.19710783607,2994.33838203328,2998.61928511599,2946.64484111939,2646.96627678037,3023.8080696803,3007.01175014195,2985.01331538683,2980.75060700761,2980.75054675249,2937.92504133087,2944.19746087785,2979.61681951529,2999.48290980386,2979.68065639984,2980.41984289067,2991.08988163098,2935.13493427075,2619.23104632512,3031.48980508773,3007.2183817129,3016.05206050929,3007.22306636066,3015.88197436685,2935.06183678499,2812.27766473601,3023.59156307732,3019.88248191677,3027.60679578376,3023.90035723507,3031.6898339147,2898.20831144004,2376.92850212388,3021.80602369126,3011.79167711685,2990.90834774294,3020.32394437649,3031.77024795593,2867.7138461038,2495.89246558708,3027.70619357293,3032.00599649564,3031.83050797758,3024.01651426751,3018.43598721102,2833.96886731236,2350.12534632853,2997.14471405187,3030.35709932236,3022.034321564,3027.99193044647,3001.57581690907,2763.951360886,2943.83326354331,3001.68221191417,3030.52947153257,3001.60021035334,2962.32578283683,2238.39973705844,2319.47733579738,2143.44492224247,2983.37232797946,3022.28380037631,3030.66370280509,3030.58233101446,3033.7108312287,2911.212854014,2647.14848562391,3033.87542038206,2994.44671049382,2994.49623485412,2984.53093912276,3020.3947894311,2946.56171116072,2585.06584894254,3034.00940757104,3012.39846054782,2998.54818854341,2994.53086109285,3033.21390927642,2898.64681764557,2736.09731053696,3024.40498474241,3002.7933563147,3024.53620959666,3016.00516057317,3027.51456711409,2940.19190664614,2850.68439665116,3003.02200465342,2987.20339135986,2985.70206529404,2987.90196547647,2998.84451556272,2947.44205545554,2440.42458103691,3007.31356837461,2983.6261097593,2999.36770357625,2997.31537132306,2983.58327991714,2936.86597735802,2920.56348112124,3016.18445898847,3029.97097018142,3024.24246113001,3021.37847893808,2956.24557072079,2471.0581482151,2088.73665078847,2446.46942741658,1985.3774763429,1904.81077865163,1906.84491141841,2074.54579940658,1922.04447455557,1931.9310033524,2251.50297473141
3000.11362907739,2991.78320924478,3005.55499058979,2994.76992598505,2962.45498428425,2992.03853233167,2984.29098784861,2993.23236116999,2992.05137674705,2980.36111163953,2962.76068306935,2943.71608148116,3023.93141291323,3014.02794362341,2988.81575454223,2941.07711045286,2946.5651789566,2945.44325805288,2928.23459528399,2947.19681761268,2834.10345221783,2372.4656758454,1907.98065870356,2143.90359876556,2185.57128508644,2187.38189690283,2945.95845212479,2966.77004802111,2959.55410978854,2938.02504678031,2938.49095906255,2708.36537115523,2585.76717788713,3019.96950501102,2981.76933490768,3000.73333102708,2988.65287066819,3002.89171599057,2962.85755012159,2934.45814022409,2983.52772450269,2997.90899190059,3003.1987613768,2994.32253807858,2998.62581240822,2946.39145188099,2645.79914225424,3023.85951729599,3007.03498137401,2984.98979204286,2980.71617511612,2980.71612126953,2937.69105698271,2943.93122627998,2979.57747115382,2999.47690204884,2979.64144251497,2980.3808220714,2991.08040015627,2934.82989888492,2617.98650595416,3031.54804817038,3007.24219153697,3016.09164514922,3007.24673824066,3015.92111788796,2934.75710328162,2811.58227570595,3023.64238222933,3019.92808574067,3027.66345912537,3023.95204876795,3031.74846189402,2897.77689809391,2375.01694598888,3021.8170018468,3011.82404611594,2990.89857060919,3020.37047488354,3031.81779666379,2867.18637526572,2494.30614180754,3027.73704939217,3032.05370778978,3031.87796683915,3024.06841102033,3018.43612799684,2833.33826079765,2348.14092959901,2997.08371093589,3030.3973068167,3022.04537792809,3028.02314027854,3001.52663402393,2763.11533382646,2943.56723858122,3001.63349143702,3030.56997442816,3001.55114906158,2962.17149673541,2236.11215083576,2317.40959537922,2140.90093541599,2983.27391792967,3022.29509081472,3030.70446551215,3030.64201342835,3033.76590626443,2910.82272765032,2645.98186190199,3033.93074595909,2994.44481774204,2994.49444662326,2984.50661504691,3020.44160638823,2946.30845966863,2583.72589604885,3034.0649227894,3012.43226593431,2998.55484542617,2994.52905098713,3033.26796542232,2898.21635073125,2735.18211646553,3024.45777523124,3002.80861542679,3024.58921770825,3016.04468894279,3027.57104862866,2939.90831677956,2850.10489010825,3003.03787501653,2987.18551114292,2985.67072413347,2987.87441559341,2998.85147361671,2947.19895617571,2438.68663683903,3007.33725184066,2983.59142921077,2999.36148338987,2997.30517551519,2983.54852294397,2936.63294391626,2920.20678998956,3016.22434121311,3030.02934792347,3024.26248875929,3021.3887078176,2956.07524761937,2469.40416129202,2086.04532711055,2444.74851921333,1982.40849005122,1901.62578274143,1903.66536743648,2071.81636735077,1918.90565874569,1928.81868826971,2249.25141266584
3000.00228674405,2991.47638773971,3005.57852094616,2995.03674105998,2958.28634257241,2991.80231927654,2983.96531263804,2993.01036291305,2991.81583595833,2980.04885715188,2958.60664259738,2937.46512383715,3023.0251006566,3012.42880336247,2985.89970019974,2935.88585347336,2941.65628293317,2939.02979915184,2918.7661956727,2940.3807757929,2818.23541896994,2332.79974114181,1846.54107728682,2093.41711908373,2137.03836236025,2138.93523440768,2941.02116272903,2962.80162417338,2955.25556862693,2932.63226756641,2933.15539465483,2685.49094065416,2556.56590178801,3020.49505465675,2981.43473563881,3000.59131019295,2988.37623694007,3002.75479360029,2958.70896941047,2928.63728394748,2983.1831163183,2997.68278745061,3003.06060381568,2994.05223684653,2998.96966829103,2938.92605722405,2619.65218288213,3024.36498553878,3007.50685564022,2985.00235714515,2980.56429345088,2980.56449820211,2931.7025766642,2936.07781272592,2979.30133278084,2999.27210422832,2979.3666267083,2980.06698468502,2991.26632783273,2925.92329231917,2590.42296518598,3031.80268297752,3007.72385423003,3016.63162301374,3007.72265676339,3016.45435896633,2925.86895346763,2794.33053042049,3024.13641224525,3020.45804664977,3028.12575643581,3024.46142504613,3032.00556491463,2885.96669208192,2335.47859556727,3020.68354261078,3012.35257329029,2991.08419922316,3020.90904200239,3031.58210856016,2853.34122987723,2460.54913941431,3027.05707251539,3031.80817780655,3031.63396840615,3024.57844023904,3017.06585000446,2817.37932336472,2307.31807568756,2994.53707287119,3029.93951502722,3020.89905547521,3027.33826665007,2999.18553139708,2743.1442861557,2935.74914872641,2999.30510220029,3030.11278537798,2999.21364612734,2957.98893529073,2189.95847552433,2275.11747909874,2090.27137212996,2980.05907442628,3021.14118964308,3030.24907948404,3031.02395093101,3033.72214219828,2899.89432855734,2619.84430894341,3033.88619241822,2994.71920356828,2994.76983519849,2984.51776911051,3020.98735870376,2938.85506983557,2554.41468065468,3034.01911728702,3012.97949327951,2998.90827694045,2994.80137786331,3033.21520850988,2886.41637340433,2713.72619693892,3024.97877988742,3003.23338858599,3025.11035282533,3016.58549673197,3028.03201994871,2931.58046339494,2835.19354170286,3003.47244393514,2987.28373107124,2985.32908589914,2987.54481005568,2999.19818358227,2940.12807248952,2402.23499165538,3007.8079336745,2983.24774459147,2999.15541994786,2997.07108091389,2983.20452980262,2930.76486313229,2910.07653625474,3016.76772661096,3030.39818955387,3023.35365033214,3020.25296968802,2951.61609645971,2434.45031508369,2032.85383582296,2408.61282338271,1924.40706736159,1839.89347459345,1842.02717608604,2017.96508505387,1857.9702970941,1868.34087824745,2203.74327917845
2999.99514429492,2991.44570938858,3005.58720602877,2995.04845268473,2957.96432401674,2991.77656658829,2983.9237119917,2992.9870650403,2991.79014224869,2980.00261421595,2958.28598143654,2936.98232411817,3022.99774698728,3012.34288442622,2985.69429805424,2935.46900887245,2941.26506868196,2938.53853784969,2918.05048146923,2939.86519058181,2816.97382355527,2329.36361009839,1841.06096323714,2088.96814196656,2132.77276561055,2134.677697172,2940.6272923586,2962.49836556039,2954.92126388886,2932.19828359621,2932.72574052955,2683.60229932629,2554.09930781671,3020.55704137844,2981.38874034652,3000.58274470453,2988.34349446722,3002.74914775643,2958.38879324538,2928.17068696227,2983.1386525197,2997.66459772651,3003.05522659426,2994.02648027903,2998.99157980899,2938.36649811467,2617.46569406188,3024.43073712903,3007.54832700609,2984.98421970304,2980.5294820719,2980.52970448244,2931.22921636303,2935.48938101993,2979.25657487459,2999.25736765092,2979.32204009078,2980.0206575985,2991.26780020133,2925.25333503343,2588.1066032621,3031.86189395547,3007.76626275634,3016.68949778195,3007.76467631166,3016.51155489847,2925.20012129308,2792.94809443547,3024.20110865917,3020.52027643001,3028.19363340087,3024.52756043459,3032.06520359872,2885.05640535081,2332.05422140287,3020.63846121154,3012.40410424616,2991.08542159269,3020.97243004449,3031.60929094383,2852.25650866098,2457.66226943405,3027.04961930927,3031.83502073096,3031.66068156851,3024.64477187308,3017.00075488792,2816.11071770525,2303.77379787258,2994.36671825923,3029.95018763441,3020.85342157408,3027.33086350222,2999.03447561772,2741.51891340989,2935.1625741456,2999.15502547933,3030.12372416748,2999.06286006801,2957.66563144665,2185.91595236247,2271.43606466481,2085.80902721674,2979.82679568003,3021.09538131341,3030.26031309,3031.09040935237,3033.76454298603,2899.05935970608,2617.65867995119,3033.92875668578,2994.73102365851,2994.78178739176,2984.49892551423,3021.05132208167,2938.29619532994,2551.93815905332,3034.06177390381,3013.03307690458,2998.93075697721,2994.81316402702,3033.25636019514,2885.50733538918,2711.96626858799,3025.04635648814,3003.26620094122,3025.17811058535,3016.64336630865,3028.09968720111,2930.95540507788,2834.01605755096,3003.506219207,2987.27424992744,2985.28752425715,2987.5068514221,2999.22057712009,2939.5956413696,2399.09756927678,3007.84970811486,2983.20342567289,2999.14045328648,2997.05158371538,2983.1601348686,2930.2980079351,2909.30658269818,3016.82600426186,3030.46297181885,3023.32656661502,3020.20717757745,2951.26673191458,2431.45190433135,2028.15072948762,2405.50418451836,1919.25110507085,1834.38573881304,1836.52831651177,2013.19984272716,1852.53773391377,1862.95146381838,2199.76054031954
2999.99147589558,2991.41899337192,3005.5988183654,2995.04908356677,2957.74450793108,2991.75277528625,2983.88170575598,2992.96607231705,2991.7663970356,2979.95273783375,2958.06728187259,2936.65281662609,3023.01438212875,3012.31536503456,2985.57052170462,2935.17135981439,2940.98807585177,2938.20664043989,2917.5749117345,2939.52229604543,2816.08297350372,2326.7100940117,1836.71253417746,2085.47674408382,2129.43342495671,2131.34501369033,2940.34810336261,2962.2940813637,2954.6911973486,2931.88763369798,2932.4179718247,2682.21238030242,2552.24101810314,3020.61706064523,2981.34066636436,3000.57888812823,2988.31173104613,3002.749374241,2958.1704770933,2927.83815158439,2983.09353125617,2997.65158722647,3003.05593764256,2994.00486101078,2999.00269005199,2937.99870643358,2615.83516730636,3024.49772635769,3007.58079370848,2984.95602468896,2980.48661798791,2980.48685053703,2930.89718360869,2935.1027911959,2979.20663248064,2999.24820376638,2979.2722718355,2979.97075531623,2991.25813819836,2924.81095347076,2586.3704992679,3031.93504189325,3007.79951906104,3016.74238434274,3007.79771236881,3016.56384691282,2924.75825894728,2791.96320731633,3024.26723553412,3020.5803807641,3028.26659269858,3024.59487946006,3032.13883969795,2884.43669731103,2329.4103045397,3020.64284498515,3012.44814188088,2991.07540115276,3021.03373347761,3031.66541507291,2851.50345719415,2455.4605104451,3027.081839199,3031.89126142049,3031.71662835783,3024.71234554293,3016.99005316553,2815.21509207838,2301.03091620612,2994.27225503659,3029.99557737541,3020.85779331324,3027.36347206645,2998.95601822775,2740.3409792159,2934.776530702,2999.07723392425,3030.16947738663,2998.98457988811,2957.44476416517,2182.76140077548,2268.58000393825,2082.30658810798,2979.68153105204,3021.09997415795,3030.30639629195,3031.16636401556,3033.831380708,2898.49702545626,2616.02885038842,3033.9958917851,2994.73133438426,2994.78223352297,2984.46975425095,3021.11303507051,2937.92867007256,2550.07190468094,3034.12912852064,3013.07901911993,2998.94211368835,2994.81355513698,3033.32188635582,2884.8888593035,2710.68005132986,3025.11510872963,3003.28860136737,3025.24712809062,3016.6961919703,3028.1724145459,2930.54383159194,2833.19107452764,3003.5294476593,2987.25365237037,2985.24659603249,2987.47059534731,2999.23223287575,2939.24359786392,2396.68968494931,3007.88270876075,2983.15846417404,2999.13102283393,2997.03710300624,2983.11507829018,2929.96810192148,2908.79141123127,3016.8792814414,3030.53723225927,3023.34377098105,3020.21063366971,2951.02418943074,2429.15820640202,2024.44846721446,2403.11957149703,1915.17242109066,1830.01430836286,1832.16427436582,2009.44592070948,1848.22888325326,1858.67852680128,2196.65500778569
2999.66625099919,2991.05205942025,3005.32293705129,2996.03924530584,2948.22654649464,2991.57438402561,2983.92854683887,2992.75566118854,2991.58928003431,2980.32449616727,2948.57136863653,2922.37655621423,3018.8283590213,3006.80629581976,2977.93603478954,2924.08801847926,2930.36442171893,2923.36388050147,2895.29194993618,2923.44289418168,2781.89360920286,2255.23587730253,1733.74808817129,1998.21256239081,2044.9949693197,2047.03314581227,2929.68240628239,2953.07196992387,2944.98606191452,2920.41889241385,2921.08540336602,2636.41034947114,2496.51896685185,3020.70072787413,2981.5714152742,3000.14829511622,2988.22583353516,3002.21826170066,2948.68389824678,2915.36652720938,2983.19439145169,2997.20070668053,3002.50667842668,2993.65579149883,2999.95581842406,2920.15533564087,2564.84918621229,3024.27636464401,3008.34526782884,2985.88413737647,2981.24857835911,2981.24947581048,2917.74208363556,2916.33241876474,2979.71750650014,2998.7583395578,2979.78274171986,2980.33734152994,2992.26420971282,2903.67788078588,2533.18608295366,3030.5227227292,3008.57627535879,3017.11345384552,3008.559595574,3016.92798599224,2903.68139396881,2755.33548562451,3024.02921926032,3020.67848189681,3027.68119037965,3024.37810563397,3030.7203881124,2857.54571244666,2258.13120301728,3015.95150800316,3013.06024386366,2992.091508176,3021.12660399828,3028.86171991356,2820.86804572675,2392.79381707706,3023.28945325201,3029.04472779993,3028.88571275073,3024.4898796253,3011.84628863583,2780.82051312658,2227.86145797362,2987.16084473021,3026.65858904573,3016.11598655262,3023.53916345613,2992.14521827626,2699.18549395292,2916.12829709786,2992.29526918228,3026.82309832218,2992.18230946398,2947.90543465021,2101.77723319016,2193.24762634769,1994.83238798771,2971.5535149784,3016.32103107606,3026.9564966041,3030.16622574507,3031.44157321532,2873.2416096017,2565.05759179176,3031.59334234181,2995.7601944002,2995.81063990954,2985.42291503769,3021.22074349642,2920.12418980829,2494.1719131489,3031.71454614506,3013.70252981779,2999.9237920018,2995.83205556739,3030.93905940562,2857.99863219205,2667.14396940268,3024.89747851402,3004.19299167019,3025.02140802727,3017.07244879945,3027.58932188921,2910.70438550138,2800.66007251863,3004.44508025962,2988.26916488953,2985.22836266805,2987.3525727057,3000.17910688927,2922.45202874379,2330.01006744392,3008.62585426813,2983.25779372579,2998.64455156648,2996.60232009363,2983.21623430642,2917.22384300886,2885.1697673489,3017.25100933604,3029.54048860655,3019.12915884167,3015.54026645575,2941.08170827368,2364.72150475039,1933.28171137597,2336.93911792832,1817.11317760658,1726.63335018591,1728.9174566511,1917.33450050669,1745.9831931881,1757.08511823853,2116.64372724369
2999.27549220816,2990.72286662462,3004.91899517465,2997.25671569462,2937.36001788503,2991.46847947938,2984.19584776528,2992.5960097657,2991.48478429022,2981.04896117376,2937.72687244742,2906.077048806,3013.45465738622,2999.99754619809,2968.94842542964,2911.64531043112,2918.39598726204,2906.36526773104,2869.70431622243,2904.94956518698,2743.5221319973,2179.2088861866,1626.97457775264,1906.70719033171,1956.24875357938,1958.4113274386,2917.67231415818,2942.49859293496,2933.93582751238,2907.55614329604,2908.38000235848,2586.0544253418,2436.141455916,3020.46472111692,2982.1122039838,2999.63109692219,2988.27511859535,3001.55897775945,2937.84918137028,2901.35085319954,2983.55921215634,2996.71389766283,3001.82323660035,2993.34075423101,3001.07053735102,2899.57771671516,2509.23493480276,3023.62083406569,3009.10921407564,2987.18018762115,2982.41768233485,2982.41934672052,2902.86377487358,2894.68946563897,2980.61408138174,2998.20283687759,2980.67789630271,2981.05557170289,2993.55699520258,2879.36050363356,2475.36001794045,3028.33995975874,3009.35106607155,3017.27543402619,3009.31722312347,3017.08461754887,2879.43185275497,2714.39223472933,3023.35763740618,3020.46002147962,3026.53727520946,3023.72650823984,3028.52731791342,2826.92485471615,2182.29934020919,3010.00604874267,3013.57122036122,2993.39858476639,3020.89505823015,3025.02006412376,2786.24098468179,2325.4804533021,3018.32953109681,3025.14861217817,3025.01077017127,3023.82978379396,3005.41005165503,2742.21638350418,2150.16965546939,2978.68131095234,3022.20266268481,3010.10723864767,3018.53713752591,2983.96187187057,2653.56166507888,2894.63584475348,2984.14467809298,3022.3534700126,2984.00875459164,2937.0174328544,2016.40951652738,2113.42742272066,1903.12061361148,2962.0555524399,3010.2644991267,3022.48073047346,3028.48595108332,3028.06404539385,2844.37510070309,2509.4582034218,3028.19826010606,2997.02713644298,2997.07628354604,2986.75505655994,3021.00551640621,2899.59400561183,2433.61239771849,3028.30321716999,3014.21738657139,3001.07239729723,2997.08575970548,3027.57722705872,2827.37234720282,2619.09404507016,3024.23705779075,3005.18561897147,3024.34942907234,3017.24122832867,3026.44954660447,2887.84999302611,2764.02773943293,3005.44713095628,2989.63237137274,2985.4240655223,2987.40037469128,3001.2831671397,2903.11260070012,2258.7280720562,3009.36055149193,2983.61984955046,2998.0945956815,2996.14329058556,2983.5810662715,2902.8517846399,2858.10824811434,3017.41167950853,3027.87354198342,3013.71649350783,3009.62598100562,2929.79610203505,2295.6629095753,1837.97010237388,2266.16292105568,1715.09971280522,1619.4561476871,1621.87036522794,1821.10470501291,1639.90689876709,1651.64157969306,2032.24304590864
2999.26080575993,2990.69507654674,3004.91385202126,2997.29630637744,2936.8741780089,2991.44959798022,2984.17681988866,2992.57725080389,2991.46597585641,2981.03880227041,2937.2424605844,2905.34845230559,3013.2974813396,2999.76603479639,2968.58490211005,2911.05882635123,2917.83796144568,2905.61307259492,2868.58616384928,2904.14296696502,2741.72595520204,2175.05920294061,1620.73445473176,1901.51528072416,1951.2444098169,1953.41530924356,2917.11153182367,2942.03218672509,2933.43748375859,2906.94795221694,2907.77862704993,2583.55010141865,2433.01125766212,3020.49808314999,2982.09735073914,2999.61212277505,2988.25593567909,3001.53802993392,2937.365329638,2900.69212002893,2983.54067933531,2996.68950462235,3001.80180540852,2993.31610054112,3001.11389545815,2898.68892575049,2506.40561257601,3023.64560362845,3009.15576822942,2987.20292078319,2982.42650203601,2982.42819786121,2902.17826625604,2893.75463061211,2980.60940839505,2998.1788183661,2980.67329418681,2981.04519459374,2993.59207535683,2878.30438600705,2472.39110585381,3028.32067941799,3009.39850215903,3017.31661133416,3009.36395911687,3017.12522295391,2878.37821751623,2712.45272357018,3023.38131625539,3020.49399767451,3026.55061900097,3023.75162429016,3028.50803863472,2825.55255673698,2178.16215991152,3009.82277911455,3013.61752131894,2993.43388415831,3020.92942664412,3024.93725227851,2784.65408913329,2321.90434273346,3018.19569401279,3025.064163924,3024.9267931491,3023.85480171305,3005.20136902717,2740.40970760564,2145.90837112057,2978.35307382605,3022.09340375671,3009.9219661451,3018.40223119553,2983.65349565802,2651.34681480993,2893.70611350328,2983.83777453182,3022.24402083518,2983.70080415229,2936.53022418762,2011.63391729677,2109.0241677166,1897.91489302309,2961.6618052721,3010.07786760943,3022.37130649301,3028.4843795725,3028.00294783813,2843.09610556949,2506.6298110983,3028.13680670543,2997.06810257033,2997.11729934604,2986.77829623706,3021.0406769585,2898.70688587148,2430.47119040984,3028.24139710085,3014.26509105908,3001.11701126785,2997.12635507325,3027.51575135538,2826.00069319326,2616.73104847451,3024.26285588787,3005.23268774826,3024.37503943526,3017.28258067131,3026.46286598175,2886.86040997662,2762.32999921793,3005.49505925402,2989.66236522826,2985.40289982973,2987.37758162517,3001.32654957647,2902.2732683901,2254.8904813503,3009.40652639742,2983.6013359324,2998.0705790812,2996.11880162585,2983.56257754619,2902.18358000502,2856.91739551656,3017.45307811856,3027.87125895451,3013.5584706618,3009.44307851586,2929.2821614252,2291.97095716849,1832.51871962038,2262.35667588015,1709.18806938085,1613.18808453577,1615.61129069455,1815.59020616173,1633.7149339501,1645.49331699137,2027.53036450845
2999.25766768439,2990.68459150592,3004.91571559849,2997.3028280282,2936.74759711406,2991.44117217073,2984.16418238547,2992.56948482498,2991.45757176218,2981.02565582854,2937.11636094038,2905.15866278625,3013.27696939308,2999.72367204902,2968.49963492689,2910.8985635191,2917.6869078651,2905.41903667174,2868.30147706364,2903.93785802329,2741.23877562948,2173.79489552873,1618.75002846693,1899.89359491244,1949.68733252885,1951.86107846506,2916.95953970649,2941.9122305208,2933.3065842527,2906.78130628954,2907.61370537618,2582.83632418195,2432.09090320118,3020.51745053644,2982.08386513056,2999.60823052462,2988.24563370866,3001.5347308976,2937.23940618006,2900.5125469616,2983.52728236808,2996.68257157464,3001.79853349053,2993.30713670136,3001.12345088528,2898.46516810138,2505.58516731579,3023.66524368827,3009.17079853304,2987.20006622016,2982.41802424014,2982.41972746176,2901.99463321429,2893.51929906803,2980.59712900366,2998.17283404692,2980.66106633487,2981.03200696894,2993.59548963267,2878.03711423584,2471.5243295255,3028.33484772548,3009.41385741936,3017.33554861701,3009.37915074679,3017.14393073034,2878.11145504901,2711.92129250884,3023.40058255083,3020.51348204318,3026.56985592423,3023.77139597763,3028.52232084323,2825.19463548757,2176.90203530775,3009.79534831824,3013.63520660444,2993.43725103934,3020.94925271629,3024.93752760099,2784.23163703417,2320.83455233043,3018.18244578493,3025.06421053248,3024.92684513342,3023.87461729171,3005.16647017036,2739.91977558876,2144.60587759165,2978.28009881642,3022.08705251009,3009.89421875155,3018.38890563901,2983.58732602246,2650.7275093789,2893.47170772124,2983.77198979536,3022.23772423527,2983.63474225373,2936.40318609697,2010.15548253096,2107.67321331469,1896.28848572785,2961.5668423303,3010.04995870059,3022.36509035721,3028.50197551398,3028.0091063522,2842.76610240378,2505.80967306103,3028.1429785146,2997.0747716395,2997.124007786,2986.77529809967,3021.06072350101,2898.48345170248,2429.54726557683,3028.24756235718,3014.28344206377,3001.12682593982,2997.13298321675,3027.52154567434,2825.64315822407,2616.06344208153,3024.28306905184,3005.24545946769,3024.39528487177,3017.30153149079,3026.48204503204,2886.6107066584,2761.87350821582,3005.50816065686,2989.66243383888,2985.39004505007,2987.36554189327,3001.33623505226,2902.06090944993,2253.73197333019,3009.42158733238,2983.58797913343,2998.06453406462,2996.11151318143,2983.5492026816,2902.00313723064,2856.61213628337,3017.47214147039,3027.88834860638,3013.53795894193,3009.4154899684,2929.14594491564,2290.86171942651,1830.80753789076,2261.20847083292,1707.31758694107,1611.19395313758,1613.62027888685,1813.85716996596,1631.74722013108,1643.54076862135,2026.07314337984
2998.7862457854,2990.60455082949,3004.22443760807,2998.70931038742,2925.29702428873,2991.62566457571,2985.08857608827,2992.64774882966,2991.64358589227,2982.73645418895,2925.67887362841,2887.99850549122,3005.64881184263,2990.85464710213,2958.15431265828,2898.44504971367,2905.5767932646,2887.37160431279,2841.1961999697,2884.0956414442,2703.75421930202,2113.88832965444,1544.36922884021,1832.47085795852,1883.56409961924,1885.79939902835,2904.82603157731,2930.62847431996,2921.75576608221,2893.94387466314,2894.95044157198,2537.28337517653,2380.56067589363,3019.02775538163,2983.54683859,2999.01295578837,2988.7392069134,3000.73098484899,2925.80933525475,2886.43049763272,2984.73251374502,2996.3334624198,3000.96442537445,2993.31092998006,3002.21699573485,2876.26779155417,2456.8185458628,3021.51043653692,3009.44582382488,2989.21210263174,2984.53445296122,2984.53688726159,2886.75136441982,2870.21473520661,2982.51228288125,2997.67574945585,2982.57159060587,2982.73598914513,2995.27619625409,2852.08555892557,2421.47167778746,3024.06669016602,3009.68705874242,3016.48293164018,3009.636125573,3016.29563267149,2852.24103377593,2672.50760949148,3021.24104449523,3019.04455005319,3023.67469234556,3021.61574286568,3024.23239531476,2793.70758768256,2117.10464621932,3001.59307205487,3013.38405140462,2995.14095374837,3019.44208438242,3018.73682099264,2749.54084524342,2265.45747092327,3010.86435047932,3018.78915156619,3018.68462450786,3021.70355338763,2996.53976023406,2702.20376724873,2083.87963341129,2968.18264284559,3015.23667592773,3001.60860952856,3011.00911263835,2973.64948751142,2608.1349496379,2870.35710664727,2973.86723177139,3015.36342290876,2973.70712863645,2924.93962054886,1945.64437662257,2045.88297340433,1828.76355185535,2950.86011368777,3001.69769640518,3015.47754499407,3024.85089755185,3022.2572018577,2812.69703989271,2457.05188180679,3022.36317699129,2998.54509287995,2998.59030704037,2988.84651833021,3019.56727040421,2876.34443910194,2377.90033016265,3022.44290399028,3014.00340136552,3002.25568802942,2998.58611754562,3021.81164695897,2794.13008983285,2571.94709337759,3022.09107925479,3005.9843578636,3022.18372429038,3016.45859527846,3023.59623088348,2862.10298129828,2725.65808552754,3006.24346702775,2991.61987642602,2986.32526509312,2988.0470508731,3002.40749673,2881.24848971666,2196.29755985875,3009.65223541546,2984.78700291141,2997.57810261797,2995.82112245038,2984.75325937661,2887.40695136519,2828.18442245769,3016.61086100828,3024.28328262525,3005.8485722421,3001.2689827293,2917.45908819074,2234.59934638747,1761.60860078243,2204.08128290495,1635.06793347853,1536.63427538285,1539.11862858988,1744.24158776979,1557.67755779837,1569.75356155677,1962.08144518199
2998.48438238431,2990.57308462085,3003.76878429709,2999.63471747571,2918.0692857669,2991.76232601638,2985.71774846734,2992.713426671,2991.78118539401,2983.87786989979,2918.45880552218,2877.1603693409,3000.72792427475,2985.16123913593,2951.57312821255,2890.62625336248,2897.96462127018,2875.96060249127,2824.00629283429,2871.52888930205,2680.09823793735,2076.81282298649,1498.98601425856,1791.05434199335,1842.89352761414,1845.16450826746,2897.20028086704,2923.49744291483,2914.47076805659,2885.88691566516,2887.00364372259,2508.71250769495,2348.41137301305,3018.0471069668,2984.52516705889,2998.62827697472,2989.0820756184,3000.20650204987,2918.59379156864,2877.58596037598,2985.54078419904,2996.11071454682,3000.41950370423,2993.32262766059,3002.93452418877,2862.19095376362,2426.31660713051,3020.09554370141,3009.62239046048,2990.54324665471,2985.93909564564,2985.94200517799,2877.15576713722,2855.43219315798,2983.78765191347,2997.35459329678,2983.84385700092,2983.87294311647,2996.38430656899,2835.62260333655,2390.20288372819,3021.28143630223,3009.86223519063,3015.91865541376,3009.80072487385,3015.734366072,2835.83031130314,2647.66048710517,3019.82341083207,3018.07735309554,3021.77751322708,3020.20016248254,3021.43280088925,2773.76833094314,2080.09383589745,2996.30926938117,3013.21401843851,2996.26426978479,3018.44957927474,3014.7130111896,2727.60896091201,2231.03193233156,3006.13380267996,3014.71723416649,3014.63410329769,3020.27786506028,2990.99169681337,2678.40078638662,2046.3294321638,2961.74113396235,3010.79985367648,2996.27092413768,3006.23842979454,2967.29997716735,2581.3491030829,2855.69723253446,2967.53868377466,3010.91091567063,2967.36411579284,2917.70420648447,1905.9016586685,2007.71478796769,1787.28778703568,2944.06016379455,2996.31678054662,3011.0162680781,3022.46311962959,3018.51673582745,2793.64079181772,2426.55522589291,3018.60449241704,2999.51246282696,2999.55500636854,2990.2168284947,3018.58348335577,2862.30523191731,2345.68040689909,3018.66800811859,3013.81381550338,3002.99631447451,2999.54220992636,3018.0990997613,2774.17320358021,2544.24192315001,3020.65127845946,3006.46679493217,3020.73111564591,3015.90063469747,3021.70522272002,2846.55637120321,2702.78326382212,3006.72329322428,2992.91280394622,2986.95490796931,2988.50858795248,3003.11025111917,2868.05892566597,2160.66897421243,3009.79958045675,2985.59115492202,2997.26405660606,2995.63738198507,2985.56073908612,2878.22810801778,2810.16226883246,3016.04080034617,3021.92616868116,3000.88780175355,2996.02180926671,2910.09522643429,2199.65818796149,1719.17444158778,2168.6371344457,1590.89502449546,1491.14970383415,1493.66698372537,1701.57012263861,1512.47091631893,1524.70722624362,1922.64438230116
2998.20416358796,2990.58542258464,3003.31964195705,3000.43951369169,2911.58731527184,2991.93156536062,2986.38146871744,2992.81198955458,2991.95132385168,2985.06141583573,2911.98192893329,2867.44970201215,2995.95462727836,2979.75112352755,2945.51722741757,2883.72355332211,2891.22159206195,2865.71527752116,2808.66721743095,2860.22286031975,2659.64866411048,2047.78843291298,1466.00471888598,1759.85574335304,1812.05049339226,1814.33985849273,2890.4486972523,2917.07771126368,2907.95289414496,2878.77938274537,2879.99700035819,2484.79320055994,2322.2022122877,3016.89834078117,2985.55848087099,2998.28400280798,2989.4576284981,2999.73495803963,2912.12044666407,2869.7660072955,2986.41386885038,2995.96099057581,2999.93053922241,2993.41117075168,3003.51408456404,2849.52339440574,2401.13433123257,3018.52014760014,3009.63430348342,2991.8158058361,2987.32995203152,2987.33324419586,2868.62209000592,2842.14591934313,2985.08953123693,2997.10407526628,2985.14239219914,2985.05268371075,2997.39030266615,2820.88864402076,2364.54158937404,3018.39916784131,3009.86968924616,3015.17932336296,3009.7997405187,3014.99997865506,2821.14423492309,2626.30915481547,3018.24847025315,3016.94070653936,3019.7325550492,3018.6230425969,3018.53568263937,2756.1822400197,2051.10830764011,2991.21897158928,3012.86805073266,2997.28494279079,3017.28549648934,3010.70008972631,2708.46026762819,2203.46829271058,3001.50579574338,3010.65846438304,3010.5962981022,3018.69054384519,2985.68357363543,2657.82433254819,2017.06225337634,2955.75986376198,3006.42057422337,2991.12986041577,3001.57165281084,2961.37412359902,2558.62065184209,2842.52517769797,2961.6311110522,3006.5159395167,2961.44399461138,2911.21710938387,1875.51061337739,1978.12445350456,1756.05863200825,2937.84062241706,2991.13439697853,3006.612252255,3019.9481966228,3014.74695237451,2776.75090082256,2401.3763188307,3014.81680622687,3000.35537332321,3000.39501513189,2991.52733868972,3017.42617352394,2849.67246570668,2319.42318169947,3014.86452777555,3013.44349367228,3003.59517996599,3000.37482327241,3014.35899257277,2756.56773381093,2520.89814142568,3019.04717450893,3006.79236088706,3019.1142550811,3015.16731698962,3019.66671636875,2832.61105723819,2682.91524846556,3007.04340054605,2994.12313286298,2987.65611611833,2989.04529896825,3003.67470690389,2856.18897837254,2132.44450702922,3009.78356487109,2986.45996606779,2997.02058900889,2995.52754286618,2986.43286792705,2870.0861342681,2794.13395170718,3015.29481431565,3019.44480031461,2996.0752582912,2990.96827018569,2903.52551674453,2171.8193808431,1687.49840635294,2140.5326462043,1558.43924997161,1458.12531696652,1460.65678262775,1669.78830545346,1479.5657880315,1491.87128960897,1892.42873257709
2997.58174665763,2990.66608469159,3002.28863259614,3002.14573755302,2897.4847534773,2992.36215873541,2987.95804706703,2993.07963276624,2992.38396466808,2987.85315733693,2897.8880145121,2846.33627257739,2985.0750989329,2967.56432992187,2932.13194461462,2868.85327836981,2876.66418202369,2843.41132182677,2775.422097489,2835.58132578908,2616.25585093494,1990.55354177479,1405.00192623132,1700.2733056008,1752.80735367477,1755.11783823974,2875.8776211875,2903.07727469806,2893.79306561382,2863.47502815962,2864.91515616351,2435.1610606292,2268.86727501358,3014.02024107844,2988.01920779745,2997.53809272465,2990.36529951872,2998.71152678157,2898.03349476883,2852.90307619988,2988.51659217624,2995.7083934606,2998.87085915203,2993.7146895494,3004.67669841048,2821.91428061385,2349.40712561339,3014.66357228139,3009.448560765,2994.68414881701,2990.52950150845,2990.53355991692,2850.15244976459,2813.21255684263,2988.13495174364,2996.61524139078,2988.17976828974,2987.83646789503,2999.58591372317,2788.89300845839,2312.06242888123,3011.59543288706,3009.66966401608,3013.24064234036,3009.58294779301,3013.07523067059,2789.2540494649,2581.18795793211,3014.39703494973,3014.08897377376,3014.80444747866,3014.76115462333,3011.69691043829,2718.35912503882,1993.93134586488,2979.66209069783,3011.83919398554,2999.51382451932,3014.36750706354,3001.41213287396,2667.55363665498,2148.14071189296,2990.90697421552,3001.26713076393,3001.25298212405,3014.80491089978,2973.67956864288,2614.16278732444,1959.55276562696,2942.4678793952,2996.34206111331,2979.45930700574,2990.88475518089,2948.16569921722,2511.00828756314,2813.84577061806,2948.46169219493,2996.40106068673,2948.24789512174,2897.10580430573,1816.7240229499,1920.23233005992,1696.44102253156,2924.14405619592,2979.37053871978,2996.47610737864,3013.95750303366,3005.9721409199,2740.30752583064,2349.65453834792,3006.0009311166,3002.1448208498,3002.1774492825,2994.48190408779,3014.52139534171,2822.14038201774,2266.00495768979,3006.01260098754,3012.35211818664,3004.79756926563,3002.1417051026,3005.6551095892,2718.69758938285,2472.23839199421,3015.11928443613,3007.34272077872,3015.15688479107,3013.24217820401,3014.75390668591,2802.28250523195,2640.62098088578,3007.57746485976,2996.81661035302,2989.3699691062,2990.38330460381,3004.80194780475,2830.31508618183,2076.25932117873,3009.53485925481,2988.55259971808,2996.54797459108,2995.36835008034,2988.53316640644,2852.49276630305,2759.47086997846,3013.33961414554,3013.53546737052,2985.10561296107,2979.49666844074,2889.27849016814,2116.15286874108,1627.4802135623,2084.54526058853,1497.80443890195,1397.09496927932,1399.63605111243,1609.68822057887,1418.61489807388,1430.96766826687,1833.88667809854
2997.24772572639,2990.73159611707,3001.7213620769,3003.03680543462,2890.04492776451,2992.61573382132,2988.84687952275,2993.24316111776,2992.63865604401,2989.41919470623,2890.45174108765,2835.19889705885,2979.13282581023,2960.96346132618,2924.98351391858,2861.07042591161,2869.03189857939,2831.63301494572,2757.90936054975,2822.55381990891,2593.76208053483,1962.67066128438,1377.0746359105,1672.10756558514,1724.64627360055,1726.96033347018,2868.24017837242,2895.677446577,2886.33181054253,2855.46800385108,2857.02678877858,2409.8916279162,2242.15276563007,3012.35405037547,2989.40789497834,2997.1441851408,2990.88298957675,2998.16995592517,2890.60059899887,2844.06959509784,2989.71160290212,2995.60309288693,2998.31065885407,2993.91909142863,3005.25909193861,2807.31398762393,2323.29144803236,3012.45983423744,3009.27289896922,2996.24656616391,2992.29568503757,2992.30012503123,2840.44746783748,2797.92009626435,2989.83425757062,2996.37802620867,2989.87450896794,2989.39840313328,3000.75620221644,2772.0147326762,2285.6655593879,3007.79165564567,3009.48470651575,3012.09074428231,3009.38968399787,3011.93392436665,2772.43209681586,2557.87324471262,3012.19760936591,3012.43675145067,3012.01410397164,3012.55400063545,3007.87352134192,2698.54804382049,1966.06841076371,2973.36697101072,3011.19205151584,3000.70228850205,3012.67766409164,2996.28538909936,2646.23749464468,2120.75565699589,2985.09862169818,2996.08428515695,2996.0964867109,3012.58458276502,2967.15919725911,2591.52971009127,1931.62668852353,2935.33998440316,2990.80016052128,2973.102787679,2985.02833440385,2941.06655880738,2486.57811242193,2798.68989664234,2941.38285710226,2990.83904355746,2941.15520961161,2889.66235735219,1788.59239869701,1892.23277394025,1668.26927524586,2916.84971846152,2972.96331744498,2990.90220108093,3010.5892161983,3001.11020185173,2721.17252861834,2323.54096578818,3001.11643069899,3003.08019576637,3003.10883886252,2996.09149866113,3012.83795947709,2807.5813903915,2239.25492857444,3001.108357849,3011.66818672788,3005.40025101304,3003.06504071593,3000.83321844621,2698.85965812165,2447.37107433211,3012.874351176,3007.57779571676,3012.89567303306,3012.09963100075,3011.97215336602,2786.26706427773,2618.64164993674,3007.80222419497,2998.27131395253,2990.35279956451,2991.15970927424,3005.36461456833,2816.63312353812,2048.65394136173,3009.32494564009,2989.74195066814,2996.31970940255,2995.31517782096,2989.72675753652,2843.2608319451,2741.2403507008,3012.18018004284,3010.2135186381,2979.11380943708,2973.24877393012,2881.78195166507,2088.6930149624,1599.32671550366,2057.0191288264,1469.75955902816,1369.17976270093,1371.71737475012,1581.5510993772,1390.6692302405,1403.00541708862,1805.82930021785
2996.25182029019,2990.98563614991,2999.99459152214,3005.49090003423,2868.21378363032,2993.43567664598,2991.6118119833,2993.78962102315,2993.46211020995,2994.30362674275,2868.62761060567,2802.5499642772,2960.97471252409,2940.99948866452,2903.71449079971,2838.42562566547,2846.7846162451,2797.07684921937,2706.91188862049,2784.32047578939,2529.80826124738,1890.52102598309,1312.27512176163,1602.81896474196,1654.7002357169,1656.99549652533,2845.98470423054,2873.91820616697,2864.46488399906,2832.17824085889,2834.09074264848,2339.908140567,2169.95400608998,3006.82850224882,2993.77778944365,2996.01274727912,2992.50852084265,2996.62210593028,2868.78533448349,2818.34073795912,2993.51052787542,2995.44103374743,2996.71418303299,2994.71391326596,3006.7266367546,2764.50122271737,2251.86172739079,3005.2909191095,3008.35013024585,3000.89760802085,2997.66987735018,2997.67528150093,2812.09469671685,2753.13078131668,2995.0922167799,2995.80677101246,2995.11797527487,2994.27175022139,3004.10828029363,2722.75533558329,2213.86866828921,2995.80499760701,3008.52640729384,3008.14341521129,3008.41074700678,3008.01728298245,2723.33837748327,2491.89787650635,3005.04876542174,3006.95146870106,3003.05966503281,3005.3723966024,2995.82535163552,2641.35890483038,1893.93549326779,2954.19800837259,3008.79273756488,3004.10882551229,3007.07188949425,2980.40901530635,2585.16890915713,2048.08642652218,2967.27717524179,2980.03880437547,2980.13153196336,3005.36215175082,2947.37270681984,2527.18265236599,1859.74364057442,2914.03454760857,2973.72401844213,2953.75016593681,2967.06120038418,2919.79320983756,2418.14674237733,2754.30626782781,2920.16746061546,2973.70085620176,2919.90043213025,2867.82408719635,1717.91786366202,1820.63170582113,1599.01162468445,2895.21829515351,2953.45781994179,2973.72692719211,2999.89028360484,2985.9805689769,2665.73688548764,2252.11441002409,2985.91782714154,3005.66141311085,3005.67729923028,3000.88420895448,3007.24794547289,2764.89078654851,2166.98601348863,2985.84968156656,3009.14545672632,3006.92140480569,3005.61151310742,2985.83032937503,2641.58493022053,2378.12179460228,3005.57062875625,3007.93563892003,3005.54183278489,3008.17431764879,3003.04476874813,2739.43806371238,2555.92270763554,3008.12206956749,3002.53870934123,2993.51761138485,2993.70097323155,3006.77095048501,2776.48939739893,1976.24205894173,3008.29998305614,2993.52315862078,2995.77558637352,2995.31477203773,2993.52095421994,2816.32557562394,2688.28533217528,3008.20162465596,2999.66314816564,2960.80388822136,2954.22554642157,2859.84554439435,2016.2081879019,1531.00517955344,1984.73942868459,1403.42121163011,1304.51755392427,1307.01228027625,1513.50608835035,1325.64060287729,1337.76916535468,1735.15833018668
2995.53693117734,2991.16306783975,2998.76075614187,3007.0259507226,2852.53968263507,2994.02675605832,2993.5903480204,2994.18811614504,2994.05594135385,2997.85719390578,2852.95758335766,2779.15600853357,2947.68294996113,2926.47754601311,2888.36264360372,2822.19845446228,2830.83692940075,2772.3294962409,2670.82840366404,2756.98864785316,2485.4514160873,1844.04377195592,1274.46778379088,1560.08548468942,1611.1902986315,1613.45857516614,2830.03312932323,2858.28489707586,2848.76911981147,2815.48660627636,2817.65645331109,2292.33928533198,2121.79663316276,3002.4898582445,2996.98471841428,2995.24345638051,2993.67060098671,2995.58856509764,2853.12131169326,2799.89387203822,2996.32582270864,2995.44064611329,2995.65364569928,2995.40442914267,3007.52087724955,2733.97506007085,2203.77362103129,2999.76224374864,3007.36985079172,3004.1166147394,3001.48166066453,3001.48760197861,2791.76433310195,2721.24645674515,2998.88706821829,2995.50978523932,2998.90209233034,2997.81851216141,3006.32096917713,2687.82881721007,2165.74094792062,2986.82493860992,3007.51504513553,3004.94642130196,3007.38831011221,3004.84567459637,2688.52824292598,2446.31121773762,2999.53942220359,3002.64023804167,2996.24176067016,2999.83302229108,2986.79979002117,2601.20614793781,1847.45012161238,2940.20052704639,3006.72192370302,3006.35956002957,3002.66975536999,2968.68209268074,2542.55813259683,2000.30918116056,2954.19934771169,2968.1903218605,2968.34144412596,2999.79287468931,2932.95470518427,2482.55790239833,1813.63863172937,2898.62955157432,2961.15776500099,2939.62171876178,2953.87855050012,2904.39575905126,2371.2309659598,2722.70915676062,2904.81015932766,2961.08938507481,2904.51591574597,2852.14607181314,1673.51379591289,1774.95901612743,1556.32273918906,2879.63028171497,2939.21970858071,2961.08829629685,2991.82025035417,2974.76671548785,2626.70079294316,2204.02709014531,2974.65404360099,3007.28095882173,3007.28724657996,3004.20237907618,3002.85466566387,2734.45083991814,2118.79576065583,2974.54258682019,3006.97799668193,3007.74744335207,3007.2077336057,2974.71057629194,2601.36891469486,2330.85474699321,2999.938613244,3007.89572020277,2999.87331076509,3004.99290274385,2996.24694137993,2706.16486036466,2512.29848780209,3008.04998250295,3005.44159549823,2995.89153553001,2995.63572871529,3007.52068901579,2747.82299415775,1929.07226654916,3007.24839232895,2996.32545524844,2995.49768076276,2995.43160741927,2996.33256881291,2797.01177266206,2650.90307239582,3004.98063244603,2991.70482010745,2947.40164931478,2940.33417585648,2844.1064675572,1968.75086101672,1489.38729693563,1937.61445792649,1363.97504838505,1266.85423087791,1269.3035526589,1472.18930736967,1287.59047320128,1299.49891788311,1690.65532664163
2994.48355523042,2991.40970008575,2996.95629383566,3008.91898842278,2829.39600063446,2994.89509858481,2996.48243226276,2994.77963923871,2994.92871253304,3003.14969242842,2829.8186519201,2744.69358268484,2927.70112720496,2904.77902927488,2865.58839063086,2798.2698288668,2807.3157451527,2735.89966773157,2618.42649510796,2716.84073940693,2422.41887498849,1783.49462592504,1231.70760159006,1507.55208250092,1557.06287740211,1559.27143093701,2806.50883734331,2835.18800406873,2825.59729772715,2790.86848137142,2793.42340569587,2226.24776626592,2056.33100705224,2995.51653301263,3001.80399021779,2994.17885763408,2995.36580991758,2994.19132644117,2829.99074395928,2772.67936009252,3000.59870360661,2995.62192817001,2994.22940311713,2996.60681985659,3008.27350173037,2689.26870550709,2137.69131332541,2991.02200875641,3005.42112845089,3008.65332430354,3007.0058074208,3007.01229289611,2761.77771069933,2674.63390373061,3004.49151830028,2995.2509281889,3004.49025534103,3003.10283731267,3009.26210802647,2636.99236947129,2099.93371813576,2973.01603150431,3005.51178646618,2999.66612513519,3005.37471388139,2999.60799972732,2637.85913256833,2381.80065222344,2990.83534750908,2995.70489628158,2985.59287905892,2991.0745632111,2972.9218512852,2543.38190846322,1786.85910801855,2919.20839090001,3003.12141512047,3009.35492438092,2995.59379750517,2950.89725923957,2481.60775638463,1936.47038137896,2934.49206913863,2950.22627278731,2950.46424149232,2990.98949897227,2911.37599658368,2419.1529532825,1753.90560751161,2875.741459234,2942.1695277842,2918.43815801472,2934.01665425937,2881.49815364259,2305.41293857029,2676.51304209759,2881.96951152988,2942.03357749747,2881.63676302225,2828.99827595365,1617.5202476674,1716.20333673192,1503.88816137168,2856.54112825283,2917.87486822634,2941.99172440649,2979.32885232109,2957.70320790883,2570.30621842522,2137.94372805665,2957.51642653476,3009.28741410152,3009.27889640949,3008.88072755718,2995.78789510058,2689.86907732803,2053.30783144994,2957.34095707431,3003.22274070451,3008.53617580839,3009.18247338036,2957.79028152018,2543.44895417861,2264.87153122622,2991.03612561756,3007.36273834275,2990.91629205038,2999.73516549502,2985.62861363774,2657.62281476055,2450.11361293454,3007.4619826639,3009.44932608789,2999.53803785955,2998.65057823137,3008.20703584901,2705.76759492275,1866.75509651909,3005.19812641954,3000.5787987848,2995.26620839033,2995.78693387492,3000.59959130595,2768.52040570936,2596.75066178049,2999.66255981805,2979.38557941256,2927.25490380327,2919.50042773394,2820.87812148536,1905.66123442272,1439.12013535763,1875.28864946162,1318.01203804153,1224.37328347234,1226.73413780204,1422.51723265852,1244.35700565105,1255.83626566637,1634.36536646414
2993.76108939162,2991.5519706254,2995.73870448447,3009.96936951103,2813.39812456683,2995.47243095099,2998.41819984482,2995.17403475021,2995.50934278829,3006.77245383338,2813.82391059028,2720.92565710739,2913.78636674016,2889.7255141582,2849.83486498566,2781.70558897528,2791.04029705028,2710.80302832041,2582.8034024125,2689.25497451823,2380.29563254789,1745.65525280306,1208.2661006338,1476.31193881076,1524.53227756229,1526.69103976818,2790.23159134265,2819.22323554019,2809.57615540419,2773.82125577575,2776.64512515724,2182.82247180073,2014.02273505667,2990.40301382954,3005.12910691584,2993.49406309027,2996.49390391849,2993.31872577259,2814.00164673663,2753.83668366585,3003.57236041008,2995.85665639209,2993.34698129328,2997.53609035704,3008.51863043313,2658.64899586289,2094.63117217339,2984.69596449548,3003.77576122817,3011.59992014209,3010.69331673997,3010.70001784336,2741.04247163625,2642.76196090996,3008.29879689253,2995.18519514837,3008.28620097548,3006.7212137273,3011.05524699522,2602.36846863388,2057.21491578293,2963.2393107964,3003.82387484911,2995.71280238329,3003.68353716925,2995.6868773347,2603.34720959931,2338.82804742621,2984.53853463312,2990.61581490943,2977.95967644356,2984.73464826643,2963.09693426483,2504.33957885455,1748.9774476363,2904.61447505933,3000.32443264393,3011.1836987049,2990.40493909429,2938.43823931943,2440.67122858817,1895.76099369101,2920.7481716539,2937.64472249732,2937.94241414814,2984.61847104305,2896.39316187666,2376.78686222624,1716.74424862676,2859.90538174585,2928.90278627957,2903.714369013,2920.16717644353,2865.65218623921,2261.85407976604,2644.92165126169,2866.16146350177,2928.72024531175,2865.80312665867,2812.99800595641,1583.46872647411,1679.86312808995,1472.73044693602,2840.58038364663,2903.04114805189,2928.65023933956,2970.43936195906,2945.72139325469,2532.13512264358,2094.88184636032,2945.48377429522,3010.40782730499,3010.38883616816,3011.92058363316,2990.60303728169,2659.33309146468,2010.99653064991,2945.26454792631,3000.31303392132,3008.79906356709,3010.28300235887,2945.90855444408,2504.3403132739,2221.3638418677,2984.59368894847,3006.6988138248,2984.43625171033,2995.79696737448,2978.01679381155,2624.4932978673,2408.4584843742,3006.75594712904,3011.99743709879,3002.10192296317,3000.79579295358,3008.40673333598,2676.91103099107,1827.36905440823,3003.48600166365,3003.53895086599,2995.21855089853,2996.14056166679,3003.56899890056,2748.8069273322,2560.01360804056,2995.68206518836,2970.61770242675,2913.22633178061,2905.01555937736,2804.81520323473,1865.58916705701,1409.70664134102,1835.86213164726,1292.0315574538,1201.15236228606,1203.44317992819,1393.57780674798,1220.54074213423,1231.6801253641,1600.04280515154
2993.24519115719,2991.6350248396,2994.88239796409,3010.58987129744,2801.86404838103,2995.87070431698,2999.7662616739,2995.44581930185,2995.91008951478,3009.33510533961,2802.2922793227,2703.82789891605,2903.75378281899,2878.88878541508,2838.4938606192,2769.7357255505,2779.28567167911,2692.76868257603,2557.45419306522,2669.47581649776,2350.62162008937,1719.94084942185,1193.53945777153,1455.66772840707,1502.903157427,1505.02347857374,2778.47531441387,2807.71699456685,2798.02112479468,2761.499304249,2764.51779982019,2152.51066787548,1984.74889809539,2986.60005612777,3007.49338572362,2993.02708787338,2997.27514332144,2992.73742743296,2802.47408788619,2740.22340326588,3005.69835627143,2996.07205503798,2992.76278083789,2998.24126324636,3008.55585031168,2636.74969897632,2064.70669725756,2980.02941229288,3002.45094940533,3013.60711714455,3013.25700620986,3013.26378572204,2726.08563405122,2619.99421622052,3010.97836166639,2995.18820849742,3010.95765168589,3009.28133030141,3012.21489033243,2577.70094569589,2027.5870254818,2956.12536995358,3002.46635037759,2992.73524326862,3002.32553742334,2992.73361505862,2578.75816077133,2308.61078853877,2979.89481884798,2986.82951116332,2972.3630484057,2980.05760322717,2955.94831173655,2476.67340200346,1723.22821705669,2894.10118336117,2998.17167920081,3012.36788620397,2986.54610205916,2929.42865827415,2411.75178439367,1867.79318350044,2910.83271244468,2928.54795137158,2928.88825335702,2979.91914221718,2885.60532155956,2346.94512033936,1691.55259732855,2848.51043313748,2919.32306316932,2893.10912676342,2910.17672546307,2854.25243121456,2231.33255907472,2622.35131619061,2854.78835824499,2919.10725360284,2854.41205168761,2801.46217446508,1560.67570066771,1655.30730940715,1452.14988706319,2829.09063415988,2892.35787671547,2919.01714980356,2963.95093856951,2937.04622903597,2505.04734059027,2064.95577405103,2936.77241316497,3011.07432428152,3011.04773667548,3013.99209033207,2986.7460163101,2637.49262081236,1981.72494199763,2936.52209869863,2998.07707370455,3008.84551295819,3010.93626661553,2937.30538657663,2476.62684324752,2190.93750848448,2979.84201236116,3006.07679329037,2979.65771485668,2992.83001030489,2972.4355734502,2600.85726698907,2379.07559406129,3006.10191735144,3013.70450925773,3003.94665012509,3002.35046100813,3008.41170211126,2656.24347381428,1800.43910391107,3002.11515048717,3005.65532207869,2995.23405067708,2996.44004867119,3005.69187363621,2734.57647743099,2533.90564159423,2992.68459364123,2964.21736494437,2903.11235375825,2894.5800350074,2793.22594579559,1838.11716812195,1390.45413560823,1808.89112151804,1275.38353112085,1186.59240176265,1188.83024815942,1374.68477800015,1205.53062850779,1216.41291787143,1577.03346147091
2992.4021259039,2991.69542037861,2993.53632352533,3011.07701726935,2782.55089718697,2996.46451189021,3001.8294742322,2995.84969552419,2996.50840489186,3013.4171021888,2782.98402363548,2675.36200246736,2886.96581378599,2860.82001389323,2819.57698798556,2749.58013699671,2759.51907211938,2662.8225957607,2516.37189684024,2636.81172567141,2303.73856542725,1683.08739523886,1177.41308152682,1428.50460919351,1473.88176931954,1475.92793402779,2758.70439734315,2788.46713861996,2778.655695446,2740.73904805735,2744.08589157589,2105.74420720615,1940.62843740765,2979.77372106379,3011.30852695802,2992.35217006298,2998.45283682507,2991.95457826144,2783.17267968294,2717.31602954897,3009.17552244096,2996.61266114134,2991.99152110255,2999.55625208289,3008.0571657975,2600.80948110186,2019.07387571663,2971.80124562251,2999.67918127039,3016.49005579233,3017.15890199339,3017.16550603932,2701.01611118034,2582.73897570859,3015.19152260372,2995.39095271262,3015.15748368586,3013.36158061665,3013.61769086443,2537.60480036949,1982.64752973289,2943.9650638568,2999.6317687818,2987.24496317205,2999.49765255414,2987.28825434164,2538.78418062032,2261.09210933268,2971.71182371053,2980.02718904555,2962.62874191917,2971.80994171503,2943.73028972612,2432.30462537701,1686.29958727288,2876.54396351058,2994.02506911679,3013.80712552349,2979.62014741443,2914.24870030285,2365.7318884179,1826.45473288521,2894.21752870897,2913.22674373007,2913.63651481818,2971.63481194285,2867.61118454463,2299.81090867224,1655.70499972935,2829.52741999821,2903.23734301396,2875.40481287502,2893.44062653859,2835.27167003147,2183.7707510524,2585.4066462781,2835.84947284355,2902.96719189118,2835.44498352814,2782.14590094886,1529.44683229279,1620.69314532754,1425.10959821102,2809.9261819952,2874.52795261769,2902.84428770543,2952.78072416986,2922.38796438236,2461.4489265708,2019.31894130641,2922.05543692498,3011.62041707646,3011.58094983949,3016.97081317552,2979.8188653211,2601.64460325671,1937.62563256964,2921.75496669703,2993.78368294058,3008.34800003216,3011.46463652003,2922.76681156109,2432.1811243821,2143.76345142824,2971.46674927053,3004.46078269747,2971.23853967898,2987.35625432167,2962.72698982797,2562.30305274818,2332.49649696416,3004.42583735959,3016.03468631944,3007.01026229536,3004.97641639983,3007.86112264912,2622.20517308407,1761.16210039159,2999.27476401729,3009.11686264774,2995.45549377647,2997.11458744632,3009.1636003943,2710.68019764966,2491.73078643793,2987.15974503406,2953.19600230262,2886.19090653111,2877.14943696931,2773.78618570169,1797.74901583615,1365.90774542799,1769.4989449982,1255.69294368456,1170.77431874898,1172.91401188453,1350.80793393332,1188.87890250617,1199.28468562909,1545.36140109931
2991.17448700184,2991.73504043649,2991.61269722882,3011.3608583891,2754.27565850594,2997.29652690676,3004.75052348669,2996.41759346209,2997.3475031111,3019.37507252976,2754.71550874592,2633.73726805778,2862.1716780551,2834.23937049875,2791.84679660086,2720.03742743189,2730.5574949011,2619.07532349264,2457.1515689378,2589.20842308677,2237.49681186632,1636.20685762651,1164.80817895515,1397.78466648015,1440.08850528217,1442.01026736227,2729.73750184288,2760.28351319661,2750.29855529702,2710.29801002228,2714.13217501773,2041.1285004064,1881.13330080386,2969.25278181522,3016.92563509352,2991.45291910752,3000.106181766,2990.97461900427,2754.91390698889,2683.71953983313,3014.34151376487,2997.61320945363,2991.04509982919,3001.67737555679,3006.86262683692,2548.59324945632,1956.76938953158,2959.23747933744,2995.10427155262,3020.41573494043,3022.68485923248,3022.69092186014,2664.28079319147,2528.7039408954,3021.28781258192,2995.90056477475,3021.23402302316,3019.31922852585,3015.27924539406,2479.68786139271,1921.63441321974,2925.72341454543,2994.95607599032,2978.66817811707,2994.83858723373,2978.78229202422,2481.04046162209,2194.22305997717,2959.22193091395,2969.53828358949,2947.87516262183,2959.21527154432,2925.40301298154,2368.83480602122,1639.28448426378,2850.65726836221,2987.41326494075,3015.51904106413,2968.9450745374,2891.69563688729,2300.30876811243,1771.90440754466,2869.64058433632,2890.46876892029,2890.97999127113,2958.98617178234,2841.1154252767,2233.22550590275,1610.50911899091,2801.68791436309,2879.39975041321,2849.30658342229,2868.68846037929,2807.42663830688,2117.40660916027,2531.81565762043,2808.0632000798,2879.04999368754,2807.61926259111,2753.86707607924,1491.99029074596,1577.57368902531,1394.5957565671,2781.85510584947,2848.24809228959,2878.87893780131,2935.95004381918,2900.56063941602,2398.90377776939,1957.00673876302,2900.14258725698,3011.97629208526,3011.91748122881,3021.02927285629,2969.137832758,2549.55978831132,1878.18381111484,2899.76934049616,2986.94602746525,3007.14260873501,3011.79804147398,2901.11729623737,2368.59777917458,2078.26616531645,2958.67935716078,3001.58879924706,2958.38681965044,2978.80290591085,2948.01166273688,2506.4920741975,2266.49131444959,3001.45841104443,3019.09040952872,3011.60864100716,3008.96232057301,3006.59096269637,2572.66443803982,1710.13268614056,2994.60500887826,3014.25982041647,2995.99107243619,2998.30994739011,3014.32121771963,2675.64946800205,2431.0739581696,2978.53030136192,2936.58866343887,2861.20113174774,2851.44795800278,2745.31714630911,1744.84100009445,1339.50574685208,1718.23820587313,1237.25904082572,1158.67261290946,1160.65190399278,1325.50389633413,1175.41537275731,1185.04231386235,1507.13398394625
2990.69979498104,2991.72771412013,2990.88416105351,3011.3956168915,2743.21276411877,2997.598663417,3005.83760243748,2996.62159151904,2997.65245242027,3021.63312207462,2743.65584264796,2617.47135584737,2852.56832318223,2823.93212660129,2781.04922685798,2708.43207868787,2719.19081060679,2601.99755832968,2434.16241492905,2570.65870567768,2211.79397541465,1617.67259415722,1159.10847093884,1385.29816770862,1426.45119542564,1428.32642187495,2718.36753644905,2749.26553789327,2739.19686119281,2698.33638227197,2702.36112216252,2015.99100493639,1857.89193997008,2965.13873559846,3019.06128160637,2991.11742276103,3000.71525313171,2990.62092178192,2743.85819754329,2670.5266924558,3016.31195654103,2998.01953552097,2990.70682920257,3002.50786531793,3006.32781092361,2528.28146252554,1932.48474164302,2954.34069625635,2993.26979005933,3021.85918805113,3024.75384852333,3024.75966414912,2649.88335158769,2507.69757489845,3023.59064376272,2996.1207867151,3023.52931323739,3021.57748073911,3015.84514527539,2457.19782196113,1897.82924720709,2918.65087279642,2993.08178931523,2975.2982929572,2992.97166763039,2975.44016771958,2458.61654417232,2168.27175492567,2954.35433597837,2965.4361674259,2942.13915656898,2954.30639675533,2918.29754801486,2344.21389846049,1620.70011682791,2840.62959469742,2984.79600018215,3016.10366377001,2964.77103869614,2882.96490353774,2274.9312020798,1750.50507505317,2860.12539766703,2881.65929626341,2882.20945799921,2954.05657866086,2830.84781857119,2207.39134315761,1592.60512007227,2790.86471322238,2870.17277640556,2839.19783358666,2859.10615668519,2796.61004307849,2091.62700361811,2510.97894303898,2797.2693152298,2869.79251111467,2796.8101203389,2742.80228415271,1476.98159175285,1560.44622079902,1382.18635363512,2770.91572557566,2838.06971717604,2869.60305538576,2929.41798209894,2892.11095681726,2374.64031809777,1932.71923395644,2891.66014371997,3012.03636383604,3011.97009418035,3022.52212734643,2964.96109715357,2529.29820478017,1854.96187309047,2891.25904265782,2984.24106342636,3006.60175003034,3011.85004368868,2892.73582694022,2343.93373105121,2052.80457677212,2953.69606710533,3000.4070193541,2953.37885778223,2975.44191131485,2942.29036933785,2484.80708832038,2240.88504653459,3000.23912788118,3020.19323796169,3013.36879749268,3010.4937474835,3006.02736871275,2553.37501611914,1690.04874127319,2992.73515918068,3016.22147628009,2996.22093876165,2998.7901716216,3016.28841577573,2661.90791474136,2407.53426813864,2975.14001381178,2930.14259360002,2851.52257641477,2841.49117303122,2734.16402542448,1724.05565187421,1328.63636344873,1698.06882392186,1229.37495192463,1153.16150040287,1155.08067868511,1315.04589025456,1169.39388549637,1178.7289489334,1491.83767529866
2990.63012258967,2991.73428289772,2990.77173389738,3011.45697562356,2741.62972444834,2997.64864925794,3006.01106447387,2996.65540988519,2997.70279508717,3021.97188231326,2742.07322373911,2615.13037868653,2851.2016336805,2822.45654087384,2779.50020226071,2706.78095203602,2717.57129569587,2599.53236820892,2430.73925595231,2567.96349490849,2207.82194144345,1614.300829345,1157.25371657042,1382.62909836517,1423.6461368121,1425.51602098825,2716.74762606243,2747.68775303985,2737.60972719843,2696.63589985533,2700.68746356375,2011.95834675755,1854.01705411692,2964.6034897779,3019.37587770484,2991.05822154864,3000.81460961687,2990.55004740644,2742.27615351808,2668.64947935715,3016.59681227556,2998.05645662837,2990.63632206526,3002.60927747642,3006.30969377235,2525.3073302572,1928.51401769598,2953.6898864311,2993.06719670478,3022.11156529531,3025.08522558563,3025.09103908486,2647.82647435301,2504.60993039943,3023.9425624014,2996.12965782217,3023.88014359497,3021.91600257984,3015.98012999166,2453.86268424724,1893.90229301522,2917.67368923079,2992.87442332836,2974.87331503464,2992.76454978383,2975.01865965793,2455.29174958857,2164.23272157484,2953.70690122444,2964.90302969597,2941.36397155642,2953.65408756652,2917.31567158961,2340.49283723204,1617.32334331045,2839.19830931179,2984.48150294612,3016.2417797419,2964.22796806453,2881.73504332276,2271.05173150109,1746.81723078726,2858.7743961595,2880.41775348346,2880.97363264129,2953.40126945801,2829.37936964436,2203.39745117158,1589.30594983412,2789.31074859284,2868.86676551071,2837.75430249705,2857.74514525082,2795.05661694718,2087.55701325454,2507.91742073555,2795.7194360797,2868.48203802257,2795.25784998378,2741.21894821798,1474.01558501637,1557.23555846846,1379.52613093385,2769.34547113203,2836.61577101246,2868.28989295924,2928.52377177348,2890.92555188806,2370.99251872134,1928.74826867281,2890.46989719158,3012.10320326005,3012.03589678455,3022.78272126846,2964.41810974552,2526.33184680975,1851.08765107695,2890.06464788554,2983.91498155936,3006.58428754369,3011.91527317256,2891.56014488098,2340.20636952044,2048.75208942145,2953.03352973774,3000.29891786665,2952.7127148033,2975.01832360995,2941.51727203516,2481.60632988555,2236.94809761622,3000.12641873953,3020.40285910997,3013.61794952806,3010.70560792793,3006.00496786974,2550.56293112525,1686.50638862967,2992.52667534313,3016.50504588882,2996.23140443539,2998.83820924134,3016.57283878112,2659.94847212232,2404.0132242316,2974.71228468716,2929.26037939294,2850.14493212489,2840.07029712873,2732.57088986648,1720.43700924558,1326.15925707612,1694.52001126643,1227.25620977336,1151.32962787828,1153.24153053949,1312.61823212822,1167.50019435907,1176.79994324151,1488.84105938972
2988.16117805791,2991.01975520228,2987.45314272589,3007.34148763741,2679.57330092139,2998.690761126,3010.3925295764,2997.33064253299,2998.76299414198,3032.52011574061,2680.04508075287,2525.36951741755,2798.22825237679,2765.91656161495,2719.83911958282,2640.59178984952,2652.98799284472,2505.98419263677,2312.7874855401,2467.86225444716,2084.60111541118,1550.47339143443,1175.96191426516,1358.35000055862,1391.96455537104,1393.52662596174,2652.12574013494,2686.06579482248,2675.17059308346,2628.32838373786,2633.45434444807,1899.21582999601,1757.04396055882,2938.54464458369,3029.75421382478,2989.99864339486,3003.08671605944,2990.01069733721,2680.2715483333,2593.62183981242,3026.54118757962,3001.53090343028,2990.30176915014,3008.02850380224,2999.02486991274,2417.55230203815,1823.3496939891,2923.67499722883,2978.75546888722,3026.21062035328,3033.23665989423,3033.2388321739,2566.86259271837,2394.04574857051,3034.24605615258,2998.73374516713,3034.14485173686,3032.48405504364,3014.85072996937,2337.5733166887,1792.51748188152,2876.93333094148,2978.28516673413,2952.54310771178,2978.27206127539,2952.87133966037,2339.29615426522,2041.42720259344,2923.90209512034,2938.88101327552,2907.13030888327,2923.55924383364,2876.3983488965,2217.63950436505,1553.12438557413,2784.10351770163,2965.98466158059,3015.17858264499,2937.79748483428,2832.94404893034,2147.01899649214,1663.34596180548,2806.17467453188,2831.22867338125,2831.98398576609,2923.19802211239,2773.0717910301,2079.66725266483,1529.63451730248,2729.80854748208,2817.66370908804,2782.26408348116,2804.81188851672,2735.73295715805,1968.60897607076,2398.13271022469,2736.50303881766,2817.12245821075,2735.9696792873,2679.14640765996,1433.45282805443,1502.7349222857,1355.75720432815,2708.82701016972,2780.78044804711,2816.83658698089,2890.34374069569,2843.43972021825,2248.7786502532,1823.56039630344,2842.81887679144,3007.98839044065,3007.8792587887,3027.05917138807,2937.94232717396,2418.80486878634,1754.32724288543,2842.27520216863,2964.88554670973,2999.1583615495,3007.78997939351,2844.43877770243,2217.13777324258,1932.93037684722,2922.51399621167,2989.3879870259,2922.0661819187,2952.72762110898,2907.36326019012,2368.42018096953,2113.07602201819,2988.96281065491,3022.27180935298,3022.8577029264,3019.0710334333,2998.5797490504,2447.24070294904,1612.03379337368,2978.08655570957,3026.40575280852,2998.87106223656,3002.65960671418,3026.49813996946,2582.26113362029,2284.26850177964,2952.26180607539,2891.55815161977,2796.78022368662,2785.33565482825,2669.67179308699,1641.09665905986,1312.23489461528,1619.30204579657,1232.23124591501,1171.21866450815,1172.75322646443,1301.29470467279,1184.18802487852,1191.65493582866,1446.24591658927
2986.13939742839,2990.26153151499,2984.85472573028,3003.08351192682,2627.67423395308,2999.40549303125,3013.65724650777,2997.77938684092,2999.49329891727,3040.84580521419,2628.17282823357,2450.54370034011,2754.33366831809,2719.0785730068,2670.22179576475,2584.94572513214,2598.75633739722,2428.14901377757,2216.15729901608,2384.88580744178,1985.03774490919,1502.08268079587,1196.4176764179,1343.03011645554,1370.46966636745,1371.77391102289,2597.85551138408,2634.58215103057,2622.9084452666,2570.87826026456,2576.9041515609,1809.22649045088,1680.64889615069,2916.34384562976,3038.04173366648,2989.27843429054,3004.71941961455,2989.85297941354,2628.41959580429,2530.58195117601,3034.56724472901,3004.6552182542,2990.33895499627,3012.67827356015,2992.14474834221,2328.60391041408,1739.93903045659,2898.27364671793,2966.10021654726,3028.82162278514,3039.31223659135,3039.31094465529,2499.03629082463,2302.94665802838,3042.27059236984,3001.17126451472,3042.13796548761,3040.82989939164,3013.06891473432,2242.14516339358,1712.34539951865,2842.89994222281,2965.38907386033,2933.35118961117,2965.46717125422,2933.83637137853,2244.09836536208,1942.45308107089,2898.6838166843,2916.70505513241,2878.31921036315,2898.08930363314,2842.21967738341,2117.58631817887,1504.41767301077,2738.480006055,2949.89820335331,3013.44388865179,2915.28177685459,2792.43513755677,2046.42547204516,1598.41820625816,2762.58463639195,2790.39702500155,2791.31432281111,2897.63964440696,2726.4479620235,1979.71820259027,1484.72335797836,2680.41602651878,2775.20779001548,2736.32301043034,2760.95303219894,2686.53490829118,1873.18845279242,2307.65023331595,2687.39106704752,2774.53949477672,2686.80013002553,2627.2316728519,1404.5419960623,1462.15896081046,1340.86466847405,2658.45953466547,2734.56123169327,2774.17781835336,2858.35237328351,2803.97589736511,2149.05879131707,1740.1294577434,2803.22150305078,3003.70290913285,3003.5591075702,3029.79727840844,2915.3834241837,2330.03638112481,1678.12033750294,2802.56632546881,2948.34976619661,2992.14000389677,3003.50268846041,2805.27338459403,2116.91185958592,1840.25032953565,2896.69061590197,2979.5018960691,2896.13959777873,2933.56648859089,2878.61765632875,2275.33823675862,2012.81408382375,2978.85894873389,3022.97174515245,3030.39479850588,3025.96527891966,2991.58745652725,2361.75059531766,1554.67927915774,2965.33872379814,3034.39669605489,3001.33424299104,3006.05811278657,3034.50820106506,2517.08936512866,2186.35081236152,2932.96903751729,2859.96183460144,2752.56645171758,2740.00359939518,2616.97847832276,1579.63749152177,1305.5468249866,1561.30171301491,1241.27078459729,1192.65542267531,1193.87638063402,1296.77053992808,1202.96461787162,1208.90819200459,1415.61713695845
2984.87770364656,2989.56204458621,2983.3866070954,2999.19995058652,2593.57421281172,2999.66731414994,3015.25990901619,2997.91981121666,2999.76560834396,3045.5121372992,2594.09516782021,2401.86659287712,2726.16979414705,2689.0038753901,2638.03730499298,2547.99214917315,2562.82393579454,2377.73173738292,2155.6388021947,2331.58333827368,1924.38274717071,1475.80780726859,1213.80167417407,1337.82412589016,1361.34747301872,1362.48695452924,2561.88819301844,2600.83015341661,2588.51107519916,2532.70799930977,2539.31892398101,1755.62841564773,1636.19306577118,2901.33991853996,3042.81684758983,2989.00669332513,3005.43618036291,2990.09045152656,2594.35623713741,2488.82344267613,3039.30370377357,3006.89253227687,2990.72846856871,3015.76506885651,2986.59890253286,2271.9907519679,1690.81754888923,2881.32606947917,2956.94005657235,3029.38284505951,3042.21033373818,3042.20627583342,2454.41582784948,2245.19481896075,3046.61893516184,3003.02053615365,3046.46738721047,3045.51371466424,3010.76162636943,2182.17135159493,1665.37945349948,2820.75568333384,2956.06176192156,2920.16398371658,2956.21203537687,2920.75583391911,2184.25367943141,1882.4582948941,2881.86385734173,2901.70995935198,2859.30381552606,2881.09522630458,2819.98465091208,2055.68037575579,1477.93517767335,2709.23432760106,2938.60005854938,3011.15642498714,2900.06885722613,2766.37593800664,1984.69996206168,1561.47708518601,2734.62453554025,2764.1403947111,2765.15693660955,2880.59097795557,2696.55352998561,1918.86457052795,1460.67027418658,2648.51886360769,2747.95712829632,2706.88680262957,2732.8308011678,2654.83516967912,1815.84446085408,2250.2511650886,2655.74355395785,2747.21124075734,2655.11766566256,2593.11772753703,1390.70777157295,1440.88113318885,1335.93180557835,2625.72561556579,2704.95709000533,2746.80372188966,2837.41773983056,2778.5503175436,2087.12803394865,1690.99437141396,2777.71494656974,2999.76557270404,2999.599697927,3030.4131079811,2900.13616612395,2273.52550352957,1633.79654794684,2776.99265799134,2936.75595135472,2986.47874783012,2999.57300704948,2780.03294777196,2054.90425598151,1784.80125320337,2879.46990255771,2972.04198316009,2878.85566372196,2920.39646971834,2859.64329839278,2216.56847481697,1951.53224968552,2971.24988596031,3022.23742828243,3034.94442344132,3030.2142189486,2985.97575522492,2307.05454337976,1522.62021324165,2956.13750477441,3039.11250476042,3003.19500126948,3008.45076107117,3039.23437481133,2474.07474347121,2125.2608131005,2919.71619117183,2839.27717474696,2724.20529950842,2710.93473298276,2582.23308373717,1544.9230287229,1305.80815553735,1528.80460134633,1251.46166870426,1210.65678429596,1211.68023657502,1298.39751297928,1219.29101164345,1224.27509862823,1400.6666400756
2982.5240645779,2987.77226475567,2980.97200100915,2989.28216539412,2525.78996353192,2999.7523674389,3017.29604844063,2997.87222836665,2999.87143917511,3052.85864781458,2526.36643109626,2306.37798640902,2671.89479848367,2630.91047461204,2575.02929361997,2473.70154562665,2490.75132224534,2279.31814886958,2041.85733932186,2228.51431523524,1813.4689527714,1431.60847292034,1249.84451542033,1332.52661607895,1348.85159359145,1349.68592785807,2489.72365064706,2533.90711703973,2520.00934953374,2455.95353009598,2463.69986096355,1659.48116388363,1557.80365606111,2870.96210090353,3050.64482931026,2988.84028496143,3006.1169972119,2991.16853450701,2526.65828818982,2405.18662365153,3047.32410095746,3011.51439597488,2992.14429604072,3021.72533892317,2973.55049683301,2163.66096946501,1603.45568418196,2847.44575987915,2937.1748626178,3028.01503001578,3045.52612793892,3045.5157073873,2365.75595320862,2135.17205449013,3053.10432570915,3007.01774928697,3052.91947965379,3052.90262455227,3003.82443242917,2068.99813202128,1582.16594027691,2777.57608207429,2935.95185958609,2893.03637808014,2936.26771287909,2893.84373562322,2071.28849051622,1773.27765544226,2848.24696184,2871.33523786389,2821.6998540787,2847.12138159635,2776.63658313068,1940.75971251196,1433.34098248572,2652.90599551459,2914.87805471988,3004.23544645507,2869.27857984379,2716.10497800047,1871.05857662658,1497.34454945962,2680.79413420316,2713.50929028238,2714.70662675898,2846.51706464298,2638.92985038141,1807.66763260298,1420.58249247946,2586.40998854522,2695.48503506294,2650.21833365378,2678.71012313584,2593.28449013474,1712.26053858768,2140.81263785361,2594.28891009693,2694.59861525143,2593.59861304425,2525.29668138731,1369.53449373868,1405.9420543835,1331.14019626577,2561.4796517153,2647.98715127644,2694.10928268166,2796.37131694606,2729.4495322687,1971.73317393684,1603.60613876768,2728.46852661116,2989.67113421599,2989.46347454857,3029.09326210201,2869.26776199238,2165.36374534159,1555.673061936,2727.62651200239,2912.45551954544,2973.1554819174,2989.51107872068,2731.27239157244,1939.81023665819,1684.98725847161,2845.06410859276,2955.36944592581,2844.33489884601,2893.29668098709,2822.11571302541,2105.10260465922,1839.130670494,2954.27382975942,3018.25841612588,3042.87134456226,3037.80158307335,2972.8144109034,2201.77256457485,1467.60666483488,2936.3314654054,3047.09788595756,3007.20405307463,3013.32340986379,3047.23534501294,2388.27864779015,2010.87051103033,2892.46148598763,2798.7002799357,2669.56733779385,2654.92393315883,2512.89782724385,1484.93278083838,1310.54724405979,1472.93380505206,1274.36953895233,1247.82558896373,1248.48855199338,1305.63443430024,1253.40336587095,1256.63600293141,1377.392461319
2982.39173621448,2987.7153801071,2980.8064012905,2988.97221228435,2522.30045582662,2999.79259428776,3017.49424083095,2997.89622352025,2999.912666344,3053.36840254989,2522.87904376234,2301.37908003218,2669.00431629927,2627.81454627835,2571.72070654525,2469.94188922644,2487.09048133917,2274.12761990584,2035.46321666903,2222.99709393283,1806.84697385989,1428.02606577122,1250.41911235249,1330.93874928366,1346.89087694959,1347.70967359629,2486.0595603986,2530.44993284109,2516.49266075498,2452.07270091191,2459.87817974312,1653.41062666523,1552.54070205211,2869.4964086136,3051.15489065325,2988.79438005749,3006.21371131404,2991.15982211582,2523.17234761245,2400.93814040835,3047.82005644886,3011.71109693577,2992.14817380091,3022.01641515979,2973.07160137146,2157.76290501414,1597.77455372384,2845.77349075658,2936.32408304197,3028.14860042158,3045.88483192693,3045.87417920107,2361.20136971445,2129.13619954271,3053.59222871418,3007.17185387746,3053.4054029788,3053.41374967336,3003.67397980284,2062.68316857327,1576.67780832402,2775.34384382174,2935.08527852556,2891.76457090297,2935.40728607728,2892.58216061798,2064.98816697415,1766.68305125355,2846.58662620046,2869.87109346624,2819.80714858613,2845.4446640162,2774.39497927659,1934.13474784439,1429.73967367446,2649.89911146629,2913.80614329328,3004.08779898328,2867.79246469606,2713.44650565173,1864.38579275285,1492.76798808901,2677.92801056432,2710.82980740692,2712.03762687511,2844.83464355878,2635.85313469884,1801.02080811736,1417.20982485729,2583.125919139,2692.69667348307,2647.19079316272,2675.82661135712,2590.01844794413,1705.86986248142,2134.81596869579,2591.0286578383,2691.80207177046,2590.3344757294,2521.80580742655,1367.12621051456,1402.83052016624,1329.57808254363,2558.11518535219,2644.94156743374,2691.30789459115,2794.27243877631,2726.86205735913,1965.13508659467,1597.92380406876,2725.87243582185,2989.35867163884,2989.14877468986,3029.23439973693,2867.77882788394,2159.47711953236,1550.42113546957,2725.02322670234,2911.35452945224,2972.66712750875,2989.19866212783,2728.70405076955,1933.17448214051,1678.75798323963,2843.36458931253,2954.6965119571,2842.62872185732,2892.02684014042,2820.22722787569,2098.93900556779,1832.47139319625,2953.58667937319,3018.26747895778,3043.33860074697,3038.23007328527,2972.32841330375,2196.09528712342,1463.48546166738,2935.47506776501,3047.59165542242,3007.35971486849,3013.5371111157,3047.73028703376,2383.89474628227,2004.39112764628,2891.18315233601,2796.62681251897,2666.65617251186,2651.93577724895,2509.34880632377,1480.56502385676,1309.48073386807,1468.77434044158,1274.25371959452,1248.45953050437,1249.10352569055,1304.69873897738,1253.87640267823,1257.01690553621,1374.88110663901
2981.92067956922,2987.25042139589,2980.39394138257,2986.42785930609,2507.78362781206,2999.72116992601,3017.69129722646,2997.81852175212,2999.84560796726,3054.52422620357,2508.37662559497,2281.18990341153,2657.79072333736,2615.76611666618,2558.44692009174,2453.84962475562,2471.51405067641,2253.42208094678,2012.37666011229,2201.51267014603,1784.84911451406,1419.28117874735,1256.85378217439,1329.58554914951,1344.17581674526,1344.93646493161,2470.45830332696,2516.15539501024,2501.79471862286,2435.4435163966,2443.48566533376,1634.52621492761,1537.18764283439,2862.94586440011,3052.46535148992,2988.83100409433,3006.20623844424,2991.50428333389,2508.67709081143,2382.88888578367,3049.22497775534,3012.71464577567,2992.57069922603,3023.23158160482,2969.89983373422,2135.41383352566,1580.65240209649,2838.55104272178,2931.82401677594,3027.35409836323,3046.08696805372,3046.07480115449,2342.21722068035,2106.53398141952,3054.52059055435,3008.07329548561,3054.32761266835,3054.58003461527,3001.7292426292,2039.6432734983,1560.37411681941,2766.34589033762,2930.509859806,2885.83222946643,2930.87125824624,2886.69604397527,2041.98300814737,1745.10461587764,2839.42167471961,2863.31845658318,2811.87029083972,2838.20226516043,2765.36373463571,1911.0773261765,1420.91768866113,2638.26238704994,2908.52650794509,3002.14184263361,2861.15537714257,2703.06674335668,1841.73682520276,1480.19252289494,2666.82337033778,2700.37976594467,2701.62271169619,2837.57271188887,2623.93335833265,1778.98327608839,1409.24784766499,2570.1191365962,2681.87653463531,2635.48919567156,2664.66660348131,2577.1691887332,1685.47950326116,2112.31486958877,2578.19860718597,2680.95486044026,2577.49149516858,2507.27894200895,1362.76652218462,1395.85125256239,1328.3212969523,2544.54085396432,2633.18221573289,2680.44523100322,2785.67690988868,2716.71853098696,1941.91244038969,1580.79642096433,2715.70103613278,2986.76309176829,2986.54477375312,3028.43787066399,2861.12341183036,2137.15684254726,1535.12254524822,2714.82910802539,2905.95456581571,2969.42821754803,2986.61337487928,2718.62691326103,1910.08634130358,1659.13235009143,2836.03457808421,2950.7940780738,2835.27644911332,2886.0991618178,2812.30550163085,2076.13654210353,1810.13209353678,2949.61872131847,3016.91417772803,3044.77945834477,3039.65109595263,2969.13636307071,2174.24796439235,1452.66160418025,2930.97445635605,3048.99041767364,3008.26145728329,3014.5818324268,3049.13132423504,2365.45463966123,1981.26603076833,2885.22461581404,2788.12507045458,2655.3712981743,2640.35960539891,2494.44116998729,1468.7822707443,1310.02400446073,1457.77894135708,1278.21922680249,1255.1056104159,1255.68186990413,1305.71231818439,1259.94830988473,1262.75968262441,1370.11505907053
2980.51951544785,2985.19306429098,2979.61644019838,2975.04393355493,2458.58745479324,2998.93977171786,3016.9385750761,2997.14875388821,2999.07878123742,3055.97750736075,2459.24286316835,2214.49303810151,2621.89464913741,2577.01421360157,2514.65205012273,2398.30970385756,2417.94504837302,2185.65558878813,1942.52441762547,2132.47770978596,1722.69510168656,1400.1802831675,1281.13647619221,1331.87198857992,1342.56909541945,1343.16014888755,2416.77744686187,2467.91961703511,2451.83138634191,2378.040197399,2386.84427126778,1583.90903086334,1498.0644313723,2840.04803356983,3054.76990348681,2989.39927725101,3005.26260850227,2993.38635971887,2459.57045916761,2321.01890310294,3052.18241528402,3016.27050141169,2994.75721623705,3027.06387480186,2956.60973792425,2065.12584142883,1535.89026428605,2813.82619758605,2914.62121102096,3021.53134410357,3043.67941081736,3043.66106333873,2278.03233249855,2036.11214621215,3054.92177902781,3011.46800280937,3054.71341114487,3056.07804283317,2992.18315983396,1969.34621052446,1518.22491919579,2736.88446625561,2913.03695060533,2864.57974853493,2913.55884784167,2865.60407294457,1971.74189456759,1684.91337870277,2814.90310181493,2840.39577643886,2785.20600156148,2813.40865699493,2735.80453317206,1843.38479264275,1401.5769897616,2601.05238594057,2889.04990771898,2992.56286800884,2837.96876213424,2669.77760494649,1776.6051934723,1449.66088366999,2631.34742824462,2666.89269523739,2668.23410833072,2812.72347913202,2585.7563749211,1716.8366373808,1392.42562370537,2527.63375402003,2647.30150952349,2598.10723575862,2629.04283516568,2535.42219659874,1629.74819687538,2042.08693214521,2536.50716457179,2646.3052045003,2535.76244446112,2458.03745076297,1356.43452249669,1381.90794497998,1330.88902110754,2499.54772318197,2595.64474709495,2645.7548328179,2757.24363364962,2684.12075081254,1873.11754003074,1536.0173296347,2683.02789932146,2975.11964693902,2974.87544415612,3022.53303360652,2837.86276317588,2066.9215694675,1496.18912878332,2682.09599497319,2886.08284703794,2955.85491152015,2975.02609017089,2686.21919474177,1842.32600579387,1606.0082047254,2810.967792759,2935.25715430091,2810.14758532149,2864.85463253394,2785.68594557656,2005.77280334331,1746.50917424716,2933.8516521777,3009.15830435129,3048.20289454807,3043.32824617981,2955.79998181129,2104.69067237422,1427.35026149396,2913.82026396046,3051.93469171761,3011.64369401609,3018.20398738546,3052.07697628443,2302.69073397268,1911.95353691985,2863.8877786611,2759.97495450012,2619.27016316255,2603.31247989464,2443.5949405693,1440.58923529874,1317.71303454325,1431.90079258654,1295.57026940269,1279.97975716311,1280.36610874273,1314.72772823496,1283.2137354027,1285.10206427204,1362.54943078571
2979.80355261334,2983.96201098459,2979.33813958603,2968.23166476859,2431.77159121915,2998.3919018678,3016.19668185357,2996.69241060728,2998.53867907607,3056.16586237902,2432.46449839743,2178.54266731185,2602.89335679497,2556.43402014378,2491.08434607126,2367.78800060742,2388.55239269086,2149.28235031033,1906.35335322098,2095.73082291858,1691.46719877637,1391.18697066794,1293.14921558804,1333.30507096094,1342.11686825364,1342.62488446451,2387.31671041404,2441.67941176164,2424.55966796794,2346.4927020811,2355.70162677673,1558.9726026008,1479.07010493429,2827.48883728516,3055.49499038354,2989.80992922348,3004.53756766769,2994.56689415596,2432.80765474273,2287.12099526921,3053.33852860185,3018.21656996972,2996.110718908,3029.05330358577,2948.81913654298,2028.07927428829,1514.00869858786,2800.38127791003,2904.85311045561,3017.63567535788,3041.63602332982,3041.61409537899,2243.07776716868,1999.15374898473,3054.47603293059,3013.37157543979,3054.2606743563,3056.29269521188,2986.31805072429,1932.80696269422,1497.68222842913,2721.16224948512,2903.11947624495,2852.80774372202,2903.7343940484,2853.91964786944,1935.21884131458,1654.83894824486,2801.57212414276,2827.81916089727,2770.82094897796,2799.92637575175,2720.03295010026,1808.80701577931,1392.46232215068,2581.35883899629,2878.13796483666,2986.67319857987,2825.25469742627,2652.16255145878,1743.6372824344,1435.00255951692,2612.5940015775,2649.17942219607,2650.56944201613,2799.21355258591,2565.52842276697,1685.64378932356,1384.54675214579,2504.88311668509,2629.02966439768,2578.33119758247,2610.21841032533,2513.12670002214,1602.11805484736,2005.19931830941,2514.24001283516,2627.9969390151,2513.47602503038,2431.19389322383,1353.68760233238,1375.44201704498,1332.45984911291,2475.2780962007,2575.79354344056,2627.42726961998,2742.00508594766,2666.86196841547,1837.83846090598,1514.12701938274,2665.73271254268,2968.14702951866,2967.88946001782,3018.57521654702,2825.10610600976,2029.89327030458,1477.29584833972,2664.77223105515,2874.96056028951,2947.89826855209,2968.08877210972,2669.05489412528,1807.72037117887,1579.753581567,2797.34351725513,2926.30595768889,2796.49279818587,2853.08514172483,2771.32354853982,1969.00716089988,1714.43799195843,2924.77428693629,3004.20956292915,3049.69201754409,3045.03054495565,2947.989666917,2067.82128155667,1415.27741007592,2904.09023117663,3053.08557565988,3013.53736052571,3020.16820167329,3053.22708022933,2268.40928641582,1876.21528684394,2852.07124191962,2744.88121008696,2600.16619958202,2583.69722533347,2415.7991542437,1427.08302231689,1321.75727765737,1419.53294120937,1304.26065242975,1292.27541935489,1292.57081539124,1319.40938840923,1294.7392020218,1296.18536754406,1359.18571302078
2978.2402497036,2980.65700359592,2979.13973796413,2949.936298704,2367.55880015718,2996.68361913802,3013.35257165457,2995.30255251911,2996.84856903858,3054.71119575231,2368.35242342924,2093.73610984873,2559.14369957715,2508.8471676413,2435.60425372191,2293.91228174045,2317.55517608403,2063.97454369253,1825.86942849847,2010.54785096908,1625.37974648731,1375.08960067039,1319.54882224822,1338.55599953056,1343.55271224448,1343.88942265919,2316.13416632819,2379.00969278342,2359.13538171983,2270.1263943739,2280.27295077054,1508.15923787007,1441.63629818017,2797.08629372711,3055.56310955226,2991.12271601489,3002.11936351483,2997.90733197518,2368.73523451022,2205.38940235864,3054.68299703708,3022.936429231,2999.89064682748,3033.53684884209,2928.36694310642,1943.41340370135,1470.1683266472,2768.20701475199,2880.14718452951,3005.98412285403,3034.40825172759,3034.37703539467,2159.46640925717,1915.22212102556,3051.30290728216,3018.13306541174,3051.07517519709,3054.90742638737,2970.12437725036,1851.02529667608,1456.81612040736,2684.50869257805,2878.04766093871,2823.94212685837,2878.90390065475,2825.26485070405,1853.43005272017,1591.81903023864,2769.6767196756,2797.36216845813,2736.7672853105,2767.66264144692,2683.27340415477,1733.52872407802,1376.10054813227,2536.03236652237,2850.99076205185,2970.39930754191,2794.48798619348,2611.6048555346,1672.95297692252,1406.9750198174,2569.49178981239,2608.41735048972,2609.90773293373,2766.89201530884,2518.90394005397,1619.74153005713,1370.74402694565,2451.68381389244,2587.04505456902,2532.84328453987,2566.9767141481,2461.18219203148,1545.07086379823,1921.32560370624,2462.35687096461,2585.93855533947,2461.5509194291,2366.9054926456,1350.45682287204,1364.56618334784,1337.99502674138,2417.96653067437,2530.15630423263,2585.33184237216,2706.2612548521,2627.0864275446,1760.53597324659,1470.26702327082,2625.88481246557,2949.40577281204,2949.11846129273,3006.71873157645,2794.22965475743,1945.23762790369,1440.09946305359,2624.8689947649,2847.32376021168,2927.0096137846,2949.4474027601,2629.4772333179,1732.4039665905,1525.89719168678,2764.76061588583,2903.27024715708,2763.84732678353,2824.2196758137,2737.3187782926,1886.06277747352,1646.16814954835,2901.4329623538,2990.02852310845,3052.08931926085,3048.17907726017,2927.5077295602,1982.86702827482,1392.68878914296,2879.51288240546,3054.42361216084,3018.26507300047,3024.87466222693,3054.55838967005,2186.08824078206,1797.22764622667,2823.10323037952,2709.45488005424,2556.19938259474,2538.52509613289,2348.9841959136,1401.45746958247,1332.27372929561,1396.27339602808,1324.06090640923,1319.23496627026,1319.34993937768,1331.1980792954,1320.17202964502,1320.74082756852,1354.63691725256
2977.03816005217,2977.65885389725,2979.28343567467,2933.00742338135,2313.04385096632,2994.96693599447,3010.21036619875,2993.91733062325,2995.14617544983,3051.79794112672,2313.93099712498,2023.17679049907,2523.39253181155,2469.74314571564,2389.20270580598,2230.71422245417,2256.89183101991,1993.41602928087,1762.76511553384,1940.91619026813,1576.11467155782,1364.07426736304,1337.00057744217,1342.08257757776,1344.52284735272,1344.74166457137,2255.29677841,2325.9197820112,2303.51532134904,2204.83686725991,2215.73153503164,1471.5502873559,1415.28087200516,2771.25985040599,3054.09034029969,2992.38212601139,2999.61418163957,3000.9236598246,2314.34922147087,2135.87073324789,3054.45172228971,3026.66875199832,3003.27551787691,3036.79484211176,2909.78233381055,1875.20188121298,1438.98415261129,2741.14322330173,2858.37326334872,2994.31563384216,3026.3952066617,3026.35579401929,2088.92523252335,1848.03442497462,3046.81721845472,3022.0179658369,3046.58280251402,3052.05603859903,2954.81775750758,1786.52318109276,1427.87664911604,2654.34534741705,2855.96393749391,2799.15682562038,2857.03409897283,2800.65515089124,1788.88498398257,1545.30873296122,2742.84788969459,2771.48210865495,2708.38813640445,2740.52487720024,2653.03064364206,1675.80487956464,1364.89016020617,2498.98484176239,2827.3982098654,2955.00995226032,2768.36460591466,2578.53986693278,1619.58231706443,1387.5227292626,2534.35625872487,2575.20177353429,2576.76491158252,2739.71202265794,2480.72242095658,1570.70981801755,1361.30372039942,2407.46350692728,2552.85411029866,2495.68408711463,2531.74532111429,2418.15328731653,1503.54018016582,1854.09522754885,2419.37681515172,2551.69557914172,2418.53719385678,2312.31881888647,1348.27799271582,1357.15135250389,1341.71729964028,2369.88829580369,2492.89267877145,2551.06468177362,2676.70538484004,2594.65707474503,1700.87848587654,1439.06786394976,2593.4053246816,2932.0610490798,2931.75066017078,2994.83737648113,2768.01056585423,1877.00741321724,1413.9344780303,2592.35227963401,2823.33587310739,2908.0340510536,2932.19669270583,2597.19150563368,1674.67213576458,1486.89202625794,2737.37325977245,2882.68052159293,2736.41513847605,2799.43053232126,2708.97642430637,1820.10780295236,1594.987259211,2880.5872975414,2976.25638681354,3052.92379860267,3049.821612125,2908.91147663332,1913.84455235401,1377.07740796995,2857.87313422984,3054.19239140023,3022.11495165883,3028.54850176799,3054.31750407505,2116.35230350556,1735.71874809887,2798.23606243762,2680.14105323442,2520.28676609669,2501.58276801665,2292.09411852368,1383.68160333757,1339.31126775291,1380.14210212483,1337.20763798287,1337.05002392852,1337.04753748396,1339.07143801536,1336.99418994985,1336.99153458431,1351.50857181545
2976.40993548485,2975.91673432742,2979.46909050277,2922.91716140246,2282.1481851283,2993.90482227575,3008.17980686481,2993.06113257367,2994.09137873147,3049.39902016657,2283.09137461354,1983.93455758066,2503.70423008234,2448.09515880029,2363.16992149163,2194.75721517646,2222.39032366367,1954.35543162614,1729.25571736146,1902.71863139281,1550.92942719423,1358.17423979489,1343.52802267497,1342.66179480873,1343.98557705758,1344.15122414715,2220.69016325066,2295.87289048427,2271.9691267416,2167.72300065867,2179.01344453828,1453.20786372546,1402.11566489414,2756.71881406211,3052.55184858992,2993.11020107437,2998.04529736722,3002.618685527,2283.53033119558,2096.53740720708,3053.66702983789,3028.54675716009,3005.16790979658,3038.29094255623,2898.8364903593,1838.20747418707,1423.41931736843,2726.00587600881,2845.80831157127,2987.00742630421,3021.08145197529,3021.03736912417,2049.26770007315,1811.77661351147,3043.4987947702,3024.03160434258,3043.26229129943,3049.69253295889,2945.56869899705,1752.11577681951,1413.42873032973,2637.71104556955,2843.22667362071,2785.10305947067,2844.4194975341,2786.6978281826,1754.4380712338,1521.70675907202,2727.84036329204,2756.9087471596,2692.61393532143,2725.34721154147,2636.35599886469,1645.67473411338,1358.89524537951,2478.57029908693,2813.91342690018,2945.70896638247,2753.66304648549,2560.39546861421,1592.0466376852,1377.69792335072,2515.0532010833,2556.98078379786,2558.58017529244,2724.5132950737,2459.64498113892,1545.68595771063,1356.11183443434,2382.76255556592,2534.09435178971,2475.21533185912,2512.39648971925,2394.17745438202,1482.64400286905,1817.77464012907,2395.42810659226,2532.91064010084,2394.56965907151,2281.37934770895,1346.35358105846,1352.87887062244,1342.38481446259,2342.85424242161,2472.37308014628,2532.26900340579,2660.36087950382,2576.87252234192,1669.58988214222,1423.4954873265,2575.59679310123,2921.72459221388,2921.40216234189,2987.39490280441,2753.25516247144,1839.99099472854,1400.86946910489,2574.52638139075,2809.63898687788,2896.86246013748,2921.9160951047,2579.47764578042,1644.54806464951,1467.30919084152,2722.06480067271,2870.68839633126,2721.08464390909,2785.37323919245,2693.22096474949,1784.69926965904,1568.71884582962,2868.45406778601,2967.79382774777,3052.80107880668,3050.21808973167,2897.96449467595,1876.16083235026,1369.0365219189,2845.39257767095,3053.41024483629,3024.10679250211,3030.37337269848,3053.52823116241,2077.01961277999,1703.22871351832,2784.13864589982,2663.92076424087,2500.51638574281,2481.21746329033,2259.79858426875,1374.62518690804,1341.41441842946,1371.83596447096,1341.91835546584,1343.72968840547,1343.67776598336,1341.53058014226,1343.2565423793,1343.01322699936,1349.13349670341
2975.64749689276,2973.32954591733,2980.00135718609,2907.74414516491,2239.36958306027,2992.20692084859,3004.73324772812,2991.70313393,2992.4026703666,3044.66224949641,2240.39746137656,1930.75369900045,2477.66293404463,2419.26055680934,2327.7431676599,2144.52995170068,2174.26555039492,1901.7869398406,1687.23503270338,1852.04300108566,1521.81989979079,1352.18923988741,1348.23377128203,1342.58206972524,1342.94420070583,1343.05979544662,2172.40515093566,2254.37203709291,2228.22039466357,2115.90474862559,2127.70584513995,1433.3101466521,1388.44308114064,2736.57031321363,3049.13743537696,2994.26464339111,2995.48039394115,3005.15505420788,2240.8666894845,2041.90487331192,3051.43574342617,3030.95526318764,3007.9764159624,3039.93552969326,2882.62785453288,1790.03214497873,1406.94526627191,2705.26309352849,2827.71888876519,2975.36789632449,3012.12490438518,3012.07406351301,1994.66789838213,1764.96277975891,3037.38691951442,3026.7284602379,3037.15078460756,3045.00754821447,2931.42311521984,1708.59839148429,1398.26178925112,2615.50900337509,2824.89874295187,2765.40035449752,2826.26971189103,2767.12611556013,1710.83460142418,1494.91878363128,2707.27637145803,2736.70886413084,2671.23269441161,2704.55014322041,2614.10714792986,1609.15502016547,1352.80399897147,2451.5613309714,2794.7682277925,2931.47865399528,2733.30223713433,2536.46602995208,1559.50764202513,1367.72536156109,2489.60079248079,2532.96521208736,2534.60402629873,2703.69296080035,2431.69130211228,1516.86487440203,1350.78808321958,2349.39480846355,2509.3889412885,2448.15350427088,2486.90033134674,2361.92428177636,1459.52606806865,1770.79598895755,2363.20953178153,2508.17952739989,2362.32681475386,2238.53353618987,1344.08737674884,1348.4350625076,1342.3883048614,2305.93450958856,2445.26032394199,2507.529301349,2638.41493513388,2553.41466808593,1631.28161068255,1407.01242533685,2552.11553521001,2906.17746514379,2905.84020797446,2975.53543933593,2732.81728430861,1791.76195513045,1387.32615679357,2551.02955804697,2790.21685149982,2880.32272788714,2906.45452725122,2556.09677986663,1608.05749419691,1445.85351760102,2701.1046691088,2853.19077747391,2700.10116464508,2765.66215974562,2671.86164243835,1739.39823162712,1538.05488748694,2850.76356166277,2954.58946768942,3051.63741774045,3049.92196654998,2881.76604879123,1826.54976957738,1360.86976303494,2827.44201129826,3051.18715379762,3026.76781664694,3032.66798749851,3051.29188595346,2022.62700046851,1662.89754508484,2764.3797260011,2642.12342850885,2474.38121065074,2454.25430385618,2214.93171245531,1365.40619154542,1342.62341245133,1363.34431922708,1345.21997966238,1348.55021379202,1348.46042942279,1343.02330032611,1347.75897047047,1347.33094849549,1346.38817394486
2974.95428829579,2970.56737790873,2980.74688661466,2891.17572654984,2195.26067202313,2990.28862220464,3000.71284652374,2990.17098660229,2990.49263525686,3038.48800731006,2196.38134996654,1877.15918159426,2451.81662588723,2390.44144206825,2291.69199533919,2092.46422971613,2124.41062477528,1849.14144989132,1647.85255669559,1801.94771049905,1496.72759663332,1347.17835277205,1348.10286223545,1340.74924282547,1340.6707034185,1340.75717308056,2122.37342092283,2211.65619250132,2183.06473246283,2062.23893505184,2074.52123671545,1417.27296187071,1377.82902087288,2715.90075710487,3044.41380437429,2995.5053261874,2992.55354374927,3007.79315641545,2196.88297983904,1985.62802998397,3048.02888672078,3033.08726913715,3010.8799803633,3041.0804017221,2865.13140806153,1743.22434096564,1393.97833566647,2684.16836371361,2808.6066393522,2962.11620269092,3001.52395863962,3001.46604769715,1938.86580890864,1719.84132434418,3029.73445806445,3029.2440898464,3029.50163169355,3038.88780408228,2915.7828721333,1667.47457820948,1386.39604755787,2593.38395202959,2805.5446610456,2745.00618250288,2807.10312928285,2746.86254431605,1669.59514241365,1472.28678348462,2686.36158256215,2715.98228957359,2649.67476111756,2683.40182073619,2591.94186971895,1576.07322444742,1347.70875065996,2424.73741625229,2774.7590219261,2915.74160789824,2712.42589965363,2512.81696141407,1530.79621423119,1360.00412562312,2464.42030795455,2509.24314110543,2510.91374978587,2682.52567454089,2403.86189398102,1492.1230398832,1346.15481161112,2315.63750272532,2484.98704415128,2421.29185492873,2461.69021836561,2329.4049513271,1440.52719352616,1725.43670136551,2330.72444063935,2483.75874710129,2329.81746646512,2194.34981402377,1341.20890264934,1344.33307350148,1340.6040269493,2268.25495351711,2418.3613401389,2483.10490161456,2616.45036726463,2530.2446362255,1596.22715520838,1394.03770191037,2528.92930371187,2889.20202556789,2888.85122620143,2962.03159686101,2711.86136563165,1744.87863084681,1376.83391162739,2527.83400894234,2769.94111482133,2862.4751284827,2889.57253613651,2532.98766051816,1575.02412292659,1428.38962009749,2679.805933825,2834.51678463789,2678.78431772354,2745.2568154296,2650.32268708841,1696.11120624252,1511.34478772661,2831.89621969018,2939.77972671536,3049.44080817312,3048.73288096955,2864.28981112327,1777.85229381894,1354.36767613341,2808.48875759078,3047.79305681019,3029.24270352323,3034.64758647865,3047.88122005829,1966.81242522617,1625.47359781835,2743.93205398461,2620.29019415916,2448.45470672846,2427.45919780808,2168.56735182057,1358.1636310764,1341.34643783818,1356.55297396493,1344.67912130108,1348.44816523371,1348.34788777469,1341.84306443539,1347.57123615818,1347.09138613566,1343.15782219788
2974.32095361324,2967.67355732762,2981.65977875928,2873.27336753278,2149.60601675023,2988.16817333595,2996.19714527274,2988.4717090506,2988.37932481003,3030.85361200048,2150.8269956088,1823.07167773389,2425.90793880852,2361.3537699441,2254.74726813055,2038.43105618689,2072.67112569871,1796.33320875071,1610.89246498073,1752.32428917761,1475.28525538774,1342.60625718905,1342.6291015909,1336.631510134,1336.63073449326,1336.70903280261,2070.44167370687,2167.4981554962,2136.29841158859,2006.61824984754,2019.34407873771,1404.63965688832,1369.7701630307,2694.68406864861,3038.3366953556,2996.75514903052,2989.31200591486,3010.40523920807,2151.36304425279,1927.63907905959,3043.38145203663,3034.7953717307,3013.74014020529,3041.58928468207,2846.40420777953,1697.64526027016,1384.03431277348,2662.66986193866,2788.50869519819,2947.30719297999,2989.31233954126,2989.24715121682,1881.79649582653,1676.25634917833,3020.5398996922,3031.42695903405,3020.31324662153,3031.30968041046,2898.71188235115,1628.54720300189,1377.33828913205,2571.19778125839,2785.20362479975,2723.92028434052,2786.95666073699,2725.90580837442,1630.5235981812,1453.41802076666,2665.04220750555,2694.70442516258,2627.85941190138,2661.85091885518,2569.7214996407,1546.14686567681,1343.07479183353,2397.82459054119,2753.90845056752,2898.56333970343,2691.00921881829,2489.23573796972,1505.58348983871,1354.01071973729,2439.26247553964,2485.59939725442,2487.29532898449,2660.95961387272,2375.87360074516,1471.08957492205,1341.67651449937,2281.20545159922,2460.65343979728,2394.35297611596,2436.51437853957,2296.32696767265,1425.21824671646,1681.54271904197,2297.68157357101,2459.41220187106,2296.74950419274,2148.61295898475,1337.18168927303,1340.03646460014,1336.50012897296,2229.54904407149,2391.39606347566,2458.75916021434,2594.35604125574,2507.16631904793,1564.16522429256,1384.08716766534,2505.84089991833,2870.86569137106,2870.50258230103,2946.9422013178,2690.3640205689,1699.20283473658,1368.88825311538,2504.7415052486,2748.83581578746,2843.38112913938,2871.33600070734,2509.95537954804,1545.16504308632,1414.47404543735,2658.11720387039,2814.71921703584,2657.08201654099,2724.15748742091,2628.52359281808,1654.66327481611,1488.23847921914,2811.90649035007,2923.4312752377,3046.1263315583,3046.54982955968,2845.59187686096,1729.94691487762,1349.0015610113,2788.5668618758,3043.16298627389,3031.38095644074,3036.16610531812,3043.23138538187,1909.50667253742,1590.72017188479,2722.79551921627,2598.31057807894,2422.47757409057,2400.56038187733,2120.51380510708,1352.37252534362,1337.05601759006,1350.93578341625,1339.77971296483,1342.91827916037,1342.83459644728,1337.46402133301,1342.18564879507,1341.78549469396,1338.90803453873
2973.81121008098,2964.72693815619,2982.78699332044,2854.61232219325,2104.76366992109,2985.90140494667,2991.22047106131,2986.66035577858,2986.11797135258,3021.81053502542,2106.08979761659,1771.42339054236,2401.68400578008,2333.89053256333,2219.03759148825,1985.02501748732,2021.57016672859,1746.32059091037,1579.28602107856,1706.15358569562,1460.06043514842,1339.3575086181,1331.06891662818,1330.30812124163,1331.04963458777,1331.14711525145,2019.1378721321,2124.21715054572,2090.30820018651,1951.70083025937,1964.80807041938,1397.5077852689,1365.91538923215,2674.00890241097,3030.92454108574,2998.04936908963,2985.80858739674,3012.99657769643,2106.66110995633,1870.74239703803,3037.48694342732,3036.04275107806,3016.55522343793,3041.41920256812,2827.10305964311,1656.29221498859,1378.98067443831,2641.942392315,2768.25278052409,2931.28357516882,2975.69384056035,2975.62140219769,1826.33011137984,1637.19786589699,3009.8955571802,3033.24448280295,3009.6785101293,3022.32302847269,2880.70750471869,1594.77427632797,1372.85465812077,2550.35908073817,2764.71444047663,2703.15323891305,2766.6627088396,2705.2599291542,1596.57700683229,1440.79453240415,2644.4848666857,2673.96453438424,2607.05390396498,2641.07499724661,2548.85892834354,1522.1898910454,1339.7959024583,2372.63646006526,2733.14485554792,2880.44244905302,2670.15272960967,2467.32854160557,1486.56503353512,1351.06401724962,2415.84862027645,2463.64964878063,2465.35984275707,2640.17485329141,2349.5894667786,1456.32935910899,1338.15182223637,2248.17014012645,2438.06140611408,2369.15913683901,2413.1012991842,2264.72898952131,1415.89912594874,1642.09969419351,2266.11651993257,2436.81660260433,2265.16061309169,2103.68318683039,1332.40864576571,1336.23506970272,1330.14524527533,2192.00100474403,2366.19436546975,2436.17064189359,2573.48569677784,2485.74677728097,1537.96104701015,1379.02896290763,2484.4209411861,2851.7537919211,2851.38071868537,2930.61317803355,2669.4284447022,1657.73076467885,1365.13048711291,2483.32555548731,2727.84558005293,2823.70882059177,2852.32816573299,2488.55872588319,1521.29615844546,1406.30339593011,2637.22756568936,2794.55130422968,2636.18620621885,2703.37425751047,2607.72966452264,1618.02986534524,1471.36552820427,2791.5569804061,2905.96613923422,3041.66996614654,3043.33873870594,2826.33110097222,1685.82137473039,1345.89206332091,2768.50248572816,3037.29075406529,3033.15021764247,3037.18516788858,3037.33625262057,1853.53793669126,1561.53686920906,2701.98423126966,2577.52627089468,2398.2063544637,2375.36391390508,2073.19191104031,1349.26326391915,1329.62885171338,1347.63563979319,1330.03706422607,1331.1949128482,1331.16200294311,1329.71327583925,1330.89661762278,1330.74214840909,1334.08883714994
2973.02567206863,2959.01323827423,2985.25227973303,2816.77168272788,2017.83002699449,2981.22435569757,2980.83902912123,2982.90104740208,2981.44743497497,3001.18610322919,2019.36921024514,1674.99753202572,2356.66309899358,2282.31425708305,2150.60953055413,1881.30130762239,1922.27990301303,1653.79177666932,1527.4675531726,1622.38577216023,1441.51735190401,1333.92714387619,1294.70877774839,1311.84077315095,1315.35031508935,1315.53993333108,1919.43389114991,2040.42229551896,2001.10145386821,1845.25830674444,1858.95445875879,1393.07309642379,1365.14925590405,2634.49977554877,3013.55978427702,3000.36652637808,2978.58927151773,3017.53289498173,2020.01074148496,1761.36755820954,3023.19183489323,3036.9943566932,3021.44072270026,3039.20092062849,2788.3622674605,1583.40240579433,1377.30139577388,2602.69428427157,2728.40049189224,2897.67008130586,2946.32581260631,2946.23962575366,1720.79748294275,1569.34259593418,2986.13303258665,3035.48756001174,2985.9413724102,3001.80586710706,2843.81226033556,1538.38091528594,1371.62984013608,2511.72652391708,2724.43281733534,2663.114837527,2726.75610309503,2665.43884728568,1539.78808281848,1427.31217117721,2605.54452308513,2634.32709508433,2568.02342995161,2601.74178466615,2510.19823397581,1486.34821419619,1334.37186753384,2325.74792651988,2692.73462269086,2843.30660473818,2630.33065234368,2426.98356513176,1460.6811366688,1349.69947918651,2372.56047317254,2423.25152897495,2424.97180836728,2600.83512817108,2300.48211992689,1438.79487247858,1331.44402428026,2185.23631532742,2396.42793006527,2322.28737993674,2369.84296613689,2204.74566895122,1408.25102377923,1573.3461946794,2206.1977929226,2395.19163604806,2205.19462549513,2016.56888655437,1319.86813071588,1328.069141329,1311.52577071692,2119.83296422636,2319.33446409012,2394.57004718262,2534.64391250328,2446.38580766812,1497.57013788842,1377.34483815798,2445.07444313338,2813.01896358622,2812.63087759478,2896.36660069091,2629.46000089901,1584.56525670331,1364.51799028214,2443.99929785915,2687.05300911403,2784.24912375465,2813.79985995137,2449.2007598851,1485.66715253718,1400.36604251424,2597.71969478925,2754.50493342984,2596.67846586236,2663.30067192357,2568.71332003648,1555.43282075326,1449.68692173193,2751.18236319245,2869.77039657105,3030.32636951042,3034.60066614747,2787.68796686401,1606.66834510837,1342.61663571586,2729.04464418754,3023.04923200578,3035.29540816475,3037.6173256524,3023.04406881965,1746.4679840422,1514.82290364829,2661.87255486625,2538.79802614369,2353.12804484646,2328.42256408937,1981.33726833507,1346.84840312248,1307.16103516239,1344.11624884323,1299.67688719765,1294.30532548669,1294.43890977287,1306.14965370851,1295.42656007584,1296.07896336846,1321.81662934887
2972.7667322436,2956.94433758475,2986.17499050925,2802.57814563697,1985.62091808215,2979.47251908606,2976.94720708027,2981.48495882923,2979.69703898702,2993.00036695818,1987.23991121277,1640.06511117117,2340.23920773766,2263.40042789876,2125.33200766276,1842.93100570432,1885.51898133821,1620.42387222265,1509.92815766562,1592.47048669862,1436.40740648995,1331.67746611014,1278.37250029255,1303.49505054003,1308.26584901788,1308.49949179357,1882.51747088661,2009.38242037022,1968.05416974957,1805.94030910842,1819.81990785174,1392.80748585188,1365.71010466732,2620.03917068166,3006.57595378446,3001.13255419123,2975.89636236652,3019.02050045351,1987.90760074021,1721.16305691779,3017.34610132051,3036.96198482393,3023.03254368036,3037.93060200683,2773.89727401351,1557.75557664163,1377.79793696675,2588.37685203784,2713.6482310925,2884.86292905225,2934.98776496995,2934.89665461797,1682.20698802403,1545.64597534422,2976.80185245742,3035.96255850231,2976.6207519614,2993.65849884712,2829.90772662695,1519.10063029834,1372.16821092098,2497.7215757754,2709.52832114225,2648.41437920061,2711.98728546565,2650.81432471538,1520.35199117261,1424.05177167755,2591.33477181359,2619.81987828158,2553.8318451176,2587.39505099465,2496.18586438281,1474.8578306339,1332.13682088603,2308.62239124609,2677.84484041679,2829.31195875443,2615.76297811429,2412.35427300889,1452.89664893885,1349.59344338484,2356.81228466851,2408.60599514431,2410.32764163794,2586.4875808401,2282.51351415166,1434.07373110008,1328.58764977243,2162.02980492101,2381.31259943322,2305.17044541729,2354.10903697715,2182.65195610245,1407.00932249265,1549.2919054187,2184.12903104184,2380.08161818543,2183.10756016269,1984.29125022491,1314.23740116252,1324.50614499745,1303.10729433624,2093.14544766216,2302.2248132557,2379.47056158683,2520.55606399586,2432.13977266274,1484.38353359039,1377.84037293562,2430.83571723064,2798.49700661381,2798.10415198035,2883.32172761656,2614.84085434033,1558.80903704256,1365.12830621633,2429.76953023863,2672.03415681251,2769.52293457472,2799.35364636416,2434.9490570327,1474.26250874762,1399.64989873306,2583.31712461802,2739.62558439996,2582.27764484866,2648.5869740327,2554.52556061816,1533.76204157265,1443.44501780163,2736.18785947407,2856.06109972973,3025.58262099046,3030.83974635717,2773.261807065,1578.56327907512,1341.51076063065,2714.43954991174,3017.22522218682,3035.73436552645,3037.38026376318,3017.20031651012,1707.20462858963,1499.22383749378,2647.14755656321,2524.74257196615,2336.68784437295,2311.27248430358,1947.31041031383,1346.21973232315,1297.00396293755,1342.94533130481,1285.99730923073,1277.73565195594,1277.94283259297,1295.50427498623,1279.48383321371,1280.49304046222,1316.35174214706
2972.46198960383,2953.95213059531,2987.59800533356,2781.04622886559,1937.95204357773,2976.80177160902,2971.00244981122,2979.31007222591,2977.02641214117,2979.59615971165,1939.69179223399,1590.13379211174,2316.59736378233,2235.94266692507,2088.15030362746,1786.210201905,1831.12313952818,1573.10062356035,1487.92753143459,1550.76911434635,1433.20702660603,1328.2503418596,1247.96716869695,1288.10282596004,1295.29020920482,1295.6119405237,1827.88519111904,1963.46945330773,1919.14428299665,1747.93991312236,1762.01549727454,1395.98464452179,1368.9226521897,2598.97302990524,2994.95746669622,3002.09313893978,2971.81223453388,3020.85484468806,1940.39866408073,1662.29145215023,3007.43312879729,3036.11247842234,3024.97092228426,3035.09001276067,2752.10728338041,1522.96603993749,1381.53152260622,2567.64693672996,2691.73011913192,2864.98240294123,2917.06495354938,2916.96685293318,1626.17413020912,1513.96097243151,2961.72217913833,3035.93532581074,2961.55945014826,2980.3087342475,2808.66303883825,1494.39551285802,1375.67930155241,2477.70709352575,2687.3984347258,2626.87463965281,2690.05290509898,2629.37754561656,1495.39334227908,1423.55790281859,2570.75152698988,2598.68566283713,2533.41171749906,2566.62639942882,2476.16761038043,1462.18726665696,1328.759239783,2283.92862049097,2655.89063517852,2807.93018339417,2594.55734426839,2391.48697478227,1445.80107878417,1350.80636162492,2334.24464237375,2387.72428060478,2389.44175070502,2565.72171546974,2256.52718114195,1431.48824738703,1323.95301533153,2128.01158541881,2359.71973040978,2280.49723536363,2331.57160509001,2150.33409133306,1409.21062734624,1517.01677078799,2151.84968923002,2358.50216879861,2150.79981568372,1936.51692914579,1304.07353405206,1318.44032823595,1287.56938248384,2053.81506509025,2277.57083326904,2357.91054993844,2500.38790155112,2411.8727655485,1469.1540716619,1381.57423283567,2410.58475268671,2776.48006219949,2776.08197876645,2863.07833198767,2593.56414794924,1523.83982401228,1368.39799511703,2409.53589776082,2649.91618785625,2747.35398518149,2777.44842253198,2414.65731927358,1461.73562394743,1402.39285789494,2562.48592669496,2717.38198664158,2561.45340410062,2627.02674861893,2534.10774015819,1505.27844729461,1438.61985768406,2713.78696932706,2834.95811475588,3017.33850846629,3024.10571622945,2751.53618860824,1539.7918734018,1340.57159297399,2692.74435575688,3007.34876674628,3035.65345968266,3036.19789054713,3007.29223683673,1649.93424796619,1480.23293818293,2625.57725253245,2504.59993534596,2313.03445174573,2286.52941488611,1896.94377500333,1346.35067674397,1278.1621476962,1341.96604130393,1260.54105908031,1246.89748443543,1247.24153018674,1275.7469773265,1249.81057115745,1251.48357665749,1306.58543673005
2972.17574362727,2950.21530578965,2989.49042142336,2752.53001134339,1876.32440051546,2973.24552347409,2963.10614888131,2976.38543115179,2973.46737284449,2960.42614336443,1878.22329097691,1528.2378777344,2286.88366927113,2201.10470292905,2040.34235770377,1713.0595183336,1760.87249390963,1514.98921987403,1465.16070972275,1500.63865520815,1435.21464354265,1323.51488731844,1199.67215803253,1263.72329279592,1274.81375739776,1275.28194503145,1757.32125916815,1904.13555668235,1855.92274054113,1673.33059693357,1687.54451648012,1405.04997697205,1376.31455163684,2572.24028084589,2978.08926393854,3003.02947882043,2966.42037530326,3022.61035085579,1878.98128736134,1587.22195818163,2992.78408628395,3033.77039184314,3026.78234999658,3029.95719946109,2723.46120546603,1482.59645448919,1390.4853457527,2541.51131129724,2663.33249761557,2838.02005747861,2892.30668601143,2892.20005007098,1555.42011120789,1477.9033223743,2940.43062228212,3034.75422144743,2940.29548651774,2961.2050737802,2780.31773839849,1467.96356304059,1383.93536098844,2452.80765325411,2658.74809987322,2599.37574084412,2661.64595496202,2601.99741319696,1468.60170031301,1429.00301568782,2544.78586000957,2571.86722246451,2507.83618492766,2540.44770334406,2451.27331055466,1451.97245247494,1324.12786154926,2252.82935715623,2627.67782709619,2779.40357210472,2567.67247541087,2365.54726475953,1442.8895370883,1354.16124761174,2306.02730552517,2361.77824755005,2363.48211073442,2539.55204269912,2223.69137673505,1434.34439222866,1317.21682538612,2084.41512349326,2332.82231732867,2249.433759994,2303.40486175068,2109.00281020213,1417.69925372773,1480.11087851846,2110.57108889622,2331.62952454862,2109.48221212114,1874.74764205878,1288.16798267864,1309.30612164909,1262.94750605699,2003.14898784449,2246.54275903298,2331.06818204263,2475.26109754698,2386.76403077053,1455.57703900697,1390.53095897198,2385.50357531083,2747.34285960915,2746.94061651193,2835.63420221676,2566.59569710354,1483.21305603148,1375.8401369532,2384.48232782019,2621.53188728233,2718.23232364355,2748.45395697632,2389.4939719182,1451.73013474166,1411.23636217556,2536.25524646694,2688.37666207341,2535.2375570805,2599.5004490097,2508.53050707232,1473.63513417126,1438.610775997,2684.59842821812,2806.58644724584,3004.8858438275,3013.67193578314,2722.9825021301,1493.79720978855,1340.18608602266,2664.6399355431,2992.75313109342,3034.40323101432,3033.38413301581,2992.65241115026,1577.2310440603,1461.53867893803,2598.04723731343,2479.47435340646,2283.32278471639,2255.3492334968,1831.84104497552,1347.86779414201,1248.23459932856,1341.61016636575,1220.0812862617,1197.91946799796,1198.47992356897,1244.36334464942,1202.6733259898,1205.39622236864,1291.41126764565
2971.99853387248,2947.96296432711,2990.60467634427,2734.15458155011,1836.33007794249,2970.94052675277,2958.15674403094,2974.45308024464,2971.15952983317,2947.51814137399,1838.32969908241,1489.32966838988,2267.37069491096,2178.20216815786,2009.09358512784,1666.00837678873,1715.56774554525,1478.61903375708,1451.9385556212,1469.54718209237,1437.7040288679,1319.62192348715,1165.61768492436,1246.1383124387,1259.93177324702,1260.5025392552,1711.81746987608,1865.57921981452,1814.94675391159,1625.4714214161,1639.71399934526,1411.56614421742,1381.20370086968,2555.10604918482,2966.60074661372,3003.29920068086,2963.01441761704,3023.18879230699,1839.12009057371,1539.39592458614,2982.66977767332,3031.49854705154,3027.34726600927,3025.86505712052,2705.04619520548,1457.94234990655,1396.65186707691,2524.73920299969,2645.13796190492,2820.46797912451,2876.026507059,2875.91479934181,1510.57086008377,1456.06396454073,2926.22789919213,3033.24297234048,2926.11130335896,2948.33614140107,2762.00419687534,1452.38262585885,1389.52671845765,2436.69753474687,2640.40243149993,2581.77364252566,2643.44803338861,2584.46495501025,1452.78295437226,1433.62925995925,2528.11248057771,2554.68239120047,2491.39399837125,2523.65112220082,2435.16779391403,1446.80109324288,1320.31353692959,2232.38360773611,2609.62762598299,2760.976723105,2550.45149179185,2348.60617009925,1442.33437559957,1356.03449308829,2287.51923091666,2344.82991870077,2346.52571931025,2522.76145968586,2202.09645060746,1437.38564841601,1311.92432614961,2055.84589682204,2315.20818115879,2229.0049162425,2284.92609680164,2081.87857929323,1424.08489353192,1457.70605367815,2083.48436183906,2314.03106239661,2082.36783533505,1834.66199133993,1276.45962965808,1302.32916297344,1245.19275322521,1970.06192138879,2226.13286236869,2313.48911628554,2459.06410964907,2370.4091320947,1448.27790806755,1396.70014690651,2369.16544903335,2728.58597097954,2728.18162687076,2817.77985881234,2549.32694788618,1458.38794101961,1380.75282127583,2368.16072062378,2603.38607979591,2699.52739883768,2729.78423598781,2373.10103328531,1446.69884682205,1417.72800278001,2519.43293859519,2669.78171962086,2518.42458857551,2581.88189616728,2492.08651607626,1454.66525454907,1439.86498778383,2665.89560227672,2788.206637212,2996.13983553652,3006.19769292543,2704.62676712695,1465.43192958951,1339.3963050627,2646.62693731032,2982.6748710412,3032.85042532176,3030.80193903058,2982.54520768239,1531.00987439153,1450.93603566944,2580.42782521455,2463.27126327493,2263.8109163942,2234.85254750417,1789.69871348729,1348.44327804889,1226.8140064278,1340.86634315704,1191.40886520344,1163.39647696352,1164.10550817019,1221.9406432833,1169.41377724572,1172.85755749597,1280.23381968087
2971.85932044699,2945.61072380201,2991.81678944273,2713.72805422833,1792.46635115968,2968.37654068376,2952.68843548857,2972.28213499175,2968.59059128584,2932.33545627181,1794.57728420043,1448.29923708155,2246.33820139659,2153.33686284074,1974.89290891972,1614.60604266966,1665.99245634345,1440.59661525897,1440.63777187357,1437.6902928381,1443.76702373426,1314.99851235072,1123.17055701395,1224.20742978866,1241.39108057887,1242.09226724699,1662.02122443043,1823.29093579514,1770.02571068074,1573.3162861945,1587.51727219873,1421.31762048516,1388.18629662798,2536.64699098781,2952.94882870711,3003.35845419868,2959.26514551548,3023.36757338791,1795.40324450529,1487.69342046726,2970.51184882125,3028.18627638385,3027.45776685688,3020.44761601166,2684.68997897836,1433.57767963705,1405.53984710006,2506.74949582397,2625.24507688297,2800.60271830618,2857.34741863389,2857.2305369865,1462.49721047362,1434.93693296243,2909.67213992547,3030.81498608208,2909.57795289446,2933.19311578273,2741.53217581949,1438.41753279424,1397.55084681498,2419.54440217584,2620.35806690991,2562.73467286691,2623.55799637251,2565.49305414701,1438.54022197161,1441.98077664623,2510.21787947426,2536.17049647097,2473.83444421981,2505.63907444626,2418.02501574626,1444.54461135898,1315.79888986085,2210.30481023791,2590.01424601711,2740.37976337989,2531.91479190773,2330.5246543033,1445.15474862796,1358.894431668,2267.65245079625,2326.74556183625,2328.42872001914,2504.75869899539,2178.71766330079,1444.0804764271,1305.52428767181,2024.63013786219,2296.36291828764,2206.947267629,2265.09606659047,2052.27427349884,1434.09297609104,1435.91299164346,2053.92361552322,2295.20651731494,2052.77492759751,1790.6955982073,1261.91186937245,1293.77996949713,1223.04596760373,1933.80893558274,2204.09995173009,2294.68830151376,2441.82000355006,2353.01195284489,1443.67581317746,1405.59250524313,2351.7896801557,2707.75063579533,2707.34544743734,2797.5800658919,2530.74390410008,1433.82240690762,1387.74725978967,2350.80520373024,2583.69237350912,2678.86597692032,2709.0420028898,2355.65021383965,1444.60866859065,1427.65037655393,2501.40929741192,2649.35599508855,2500.41397440296,2562.82483193222,2474.5224686092,1436.82153433153,1444.63397386299,2645.36480155035,2767.54406685778,2985.4841935843,2996.95774574613,2684.33985192337,1436.74681396863,1338.8047026462,2626.93294494909,2970.55993081005,3030.37798470659,3027.12778616005,2970.39682821699,1481.23143688584,1442.59082595146,2561.37486851115,2446.00275440516,2242.78789798985,2212.70990703491,1743.51404374084,1349.6374442225,1200.08228544958,1340.37210319738,1155.64534371101,1120.36850423711,1121.26192385792,1193.96155286282,1127.95328020772,1132.29183665913,1266.38954281461
2971.75804313283,2943.33675080721,2993.0035891113,2691.86796740173,1745.66496208649,2965.63105816518,2946.98575670195,2969.91284672548,2965.83753169533,2915.00776105151,1747.89319577742,1406.75295146559,2223.98657529942,2126.75466892653,1938.27192732008,1560.2550678087,1613.41466521541,1402.4899573538,1432.17782961286,1406.51589880341,1453.61997667419,1309.11197585218,1071.9272769507,1197.41491790075,1218.66459961431,1219.52415036197,1609.20921501322,1778.12775591419,1722.15382704279,1518.37360973939,1532.42657304681,1434.11702489044,1396.86866358186,2517.39934872031,2937.17131540768,3002.97466572687,2955.34776905422,3022.76115571342,1748.7565079001,1433.81010312461,2956.26184810649,3023.42643245847,3026.6970015875,3013.35503957077,2663.02612442225,1410.79418626203,1416.83960741389,2488.03332415812,2604.28775381472,2778.93352844581,2836.65545854117,2836.53374167301,1412.89523757049,1415.7299103905,2890.98434044471,3027.04106831814,2890.91611264089,2915.9019781446,2719.49886851275,1427.07596917387,1407.65849489818,2401.68050333274,2599.26059899237,2542.84493437432,2602.61078228055,2545.66169801894,1426.88665240014,1454.15678258111,2491.58363479249,2516.87272849637,2455.59805808447,2486.90533523672,2400.17711533605,1445.80870129357,1310.05391793246,2186.79043856711,2569.46434942997,2718.21643019164,2512.60735006242,2311.52321359885,1451.74179438048,1362.25925949227,2246.62042720836,2307.74208710461,2309.40965530955,2486.0369622569,2153.7675777275,1454.62767503877,1297.48344837711,1991.1839426352,2276.48329401045,2183.45191332007,2244.10357059456,2020.54662084615,1447.65860701096,1415.94978349984,2022.2470682648,2275.35122103872,2021.06071026045,1743.78329218137,1243.98805455991,1283.12141690975,1195.99123854203,1894.98442939112,2180.63040049308,2274.85989908987,2423.91443145955,2334.81143579683,1442.47427553844,1416.89864024343,2333.61324469987,2685.47990114918,2685.07538982744,2775.56073595164,2511.39698606466,1410.81158108872,1396.42458844791,2332.65072816457,2563.08812407461,2656.90190785676,2686.86407565196,2337.38155251654,1446.06286948022,1440.87479223046,2482.68217640536,2627.75680810909,2481.70253185355,2542.91689511752,2456.27885597002,1421.2195250744,1453.21185367167,2623.67263031295,2745.17941733719,2972.78894652983,2985.75492354244,2662.75246399521,1409.12274578464,1337.90719653699,2606.18013843827,2956.35949138087,3026.56028621486,3021.96261209287,2956.15925726994,1429.577041799,1437.3239820089,2541.47632512596,2428.05232542594,2220.4522008998,2189.12296139158,1694.35014224488,1350.96232837587,1167.54286172057,1339.63471815102,1112.34413660691,1068.43610439066,1069.54849965256,1159.93661968681,1077.88180995434,1083.28312746876,1249.35075061522
2971.65829182312,2941.63657047552,2993.84215416502,2674.72610935573,1708.4452262187,2963.45678048587,2942.63259645775,2968.00893405104,2963.65718501773,2901.26020578772,1710.76375443905,1374.17816510196,2205.78942676683,2105.18941005825,1908.88756301931,1517.35534837906,1571.83234996845,1372.62474219064,1425.47295358497,1382.08348639275,1461.08330886103,1303.9468185071,1031.18620437131,1175.83506810154,1200.27411535853,1201.25809832117,1567.44627380612,1742.1607294715,1684.12609830352,1475.07693377282,1488.98668285611,1443.7570068061,1403.19951425115,2502.11800732117,2924.59732030609,3002.44365959512,2952.31949854012,3021.94304375708,1711.65594937445,1391.48553889845,2944.8451631755,3019.29765214782,3025.73372489567,3007.41525175911,2646.02775397001,1392.93244591991,1425.2574841408,2473.11443401088,2587.79973874503,2761.9319621778,2820.37991924344,2820.25461987225,1373.97559939858,1400.65838026117,2876.21170844114,3023.67883474762,2876.16372268773,2902.18118391582,2702.22742988328,1418.13333049017,1415.12532178148,2387.24881625339,2582.66659729375,2527.11434016221,2586.13016878173,2529.9748956619,1417.69953277714,1463.40744624257,2476.72514854004,2501.55508239525,2440.99450009073,2471.97363772622,2385.75676867345,1446.65130310224,1305.00096238918,2167.64790603777,2553.26436506864,2700.84613715936,2497.28146012254,2296.04429395647,1456.69837726746,1364.38025335285,2229.47384337262,2292.25601470779,2293.91379842288,2471.1136146291,2133.48182262042,1462.63201180409,1290.62585556958,1964.24744528152,2260.26883854306,2164.31708928458,2226.98273327746,1994.93823354592,1457.94432032604,1400.28389692308,1996.68134010979,2259.15398705368,1995.46366405523,1706.47721349804,1229.36625398729,1274.20618583504,1174.20534814973,1863.88303640275,2161.51024203736,2258.6825953764,2409.50638276139,2319.99442334667,1441.41121892696,1425.32162209918,2318.81281952875,2668.02766064093,2667.62354997311,2758.29226947784,2496.04301864906,1392.77131608407,1402.74965392671,2317.8653581188,2546.84807613962,2639.67667481056,2669.48156878916,2322.51369472971,1447.05471635842,1450.86970362876,2467.75533972263,2610.7986035117,2466.78651434999,2527.17314184567,2441.67010766035,1408.95661195774,1459.70041792716,2606.64465685907,2727.65471958337,2962.55258526204,2976.65798075788,2645.81213463537,1387.46955837045,1336.67161230525,2589.84639385451,2944.98188610614,3023.16590546406,3017.51785137583,2944.7526895784,1389.01501846371,1433.09885107294,2525.73906343247,2413.61062397652,2202.26345954259,2169.92817885585,1655.34196806172,1351.47846177087,1141.45643203882,1338.52898594438,1077.82430317997,1027.1553538441,1028.4392634194,1132.68616580762,1038.05857834377,1044.29232702926,1235.42750102778
2971.60583045064,2940.33198775104,2994.48833041145,2659.54333420038,1675.55545052734,2961.52434574554,2938.90560218402,2966.27810249937,2961.7175770109,2888.20884534201,1677.95227811267,1347.23518584563,2189.73475117559,2086.04610557981,1882.79012237946,1479.87604061154,1535.3662010316,1348.25892042554,1422.45025241629,1362.79579562722,1470.3788866482,1298.61283294409,990.466592869977,1154.06700477367,1181.67881535607,1182.78795755083,1530.82233718476,1710.33843233916,1650.57300751029,1437.42423597729,1451.12159222139,1454.17327486809,1409.7608332332,2488.96806379887,2912.51104133631,3001.59120597716,2949.71430826102,3020.54659280615,1678.86942524949,1355.16831390703,2933.72299869021,3014.63259293748,3024.14173748747,3001.08490564211,2631.06729683631,1379.76123935797,1434.12987423307,2460.30350119387,2573.45464251598,2746.54651355752,2805.40102878259,2805.2731355925,1340.99663903749,1390.04622342645,2862.34364346069,3019.72335720684,2862.31514284277,2889.14865483809,2686.83143664909,1413.10636606039,1422.9412537507,2374.8180133902,2568.24550523802,2513.55465239724,2571.79719404971,2516.44313769342,1412.44417131375,1474.18291080639,2463.95153945495,2488.3783848197,2428.47249770637,2459.15650141779,2373.33980529156,1450.34277452724,1299.78645750904,2150.71899516552,2539.25748821183,2685.3658399424,2484.11082483702,2282.55729276025,1463.94087241528,1366.48982360046,2214.40799713175,2278.76296319724,2280.41067343364,2458.30541297052,2115.50391638234,1472.42087257,1283.59162302814,1940.2970088974,2246.07790809064,2147.39145159394,2211.93934705445,1972.15666680233,1469.32716897739,1389.11052799742,1973.94135372683,2244.97984475789,1972.69319764792,1673.51023952846,1214.52973381399,1265.09665171601,1152.23000157997,1836.26120325497,2144.59653321992,2244.52718066199,2397.14608965531,2307.15110853,1443.45270478407,1434.19988522168,2305.98490439818,2652.5925326929,2652.19002190359,2742.67749129148,2482.85584667668,1379.43208852831,1409.29161097197,2305.05079657026,2532.8311178097,2624.53717306469,2654.1024629519,2309.61706346922,1450.88806069233,1461.79466258198,2454.95761250136,2595.98334315072,2453.99960944642,2513.60283574962,2429.14163104421,1400.90323654594,1468.22210814901,2591.78340735983,2711.93373628552,2952.42967286438,2967.52299859911,2630.90471731127,1370.76745922744,1335.35528386105,2575.63068175626,2933.8971736735,3019.1851933325,3012.55882870563,2933.64127679869,1354.39589327481,1432.29438936203,2512.1783985269,2401.20576842028,2186.22045247886,2152.9500661261,1620.97246448884,1351.96175215226,1115.21301566737,1337.37248885011,1043.24126252073,985.904190618572,987.35718623755,1105.29222889672,998.24389085757,1005.29838861127,1221.31510263672
2971.46638552141,2935.95215195937,2996.5413039465,2598.02270757693,1541.40388950093,2953.57944031864,2924.53144840564,2958.95507849483,2953.73734722817,2831.88837331349,1544.10713871391,1244.98711544707,2123.22380017973,2006.55047075721,1775.20963669691,1329.33376813887,1388.19178164535,1257.10073020718,1420.41169967121,1293.12679571143,1516.94557978148,1273.23927573325,808.29721444639,1055.49843620532,1097.17073143763,1098.83932429151,1383.02530747325,1580.27418412572,1514.00348164144,1286.9827502459,1299.44870977773,1502.1359330693,1438.69618264525,2436.5321643738,2859.73410982683,2996.18524702764,2939.50352488803,3011.64969064244,1545.12190263829,1212.17309798727,2884.53593403174,2991.20350464211,3014.16011343958,2970.74851953357,2570.74950950069,1335.87900525989,1474.11973143552,2409.16513834517,2516.0820650621,2683.05174479709,2742.63287053643,2742.49700822189,1212.77479168314,1356.79840526859,2803.13715686655,2999.25613056057,2803.19262641748,2832.88275191803,2624.1232319994,1402.92805845811,1457.86745089516,2324.58503661652,2510.63696411358,2459.55607866873,2514.49159625794,2462.51507139868,1401.29985800627,1526.29827862303,2412.89865479277,2435.86043103024,2378.38359319451,2408.01323744528,2323.17293015637,1475.4043102378,1274.96965672851,2080.45974774089,2483.46186057813,2622.3354577255,2431.66194677507,2227.21631432129,1502.9106049674,1374.78224037512,2152.13864370738,2223.38455581521,2224.99276051214,2407.20095746459,2040.83214054561,1521.02607638674,1250.62515342516,1841.21891895281,2187.58995179275,2077.11506625405,2149.74650149689,1877.72956858116,1522.68932386549,1353.46454500673,1879.7021259215,2186.56046811656,1878.31668837878,1539.04557736458,1146.7130129911,1222.8344879058,1052.73475797227,1722.53236917556,2074.35077245802,2186.18438604507,2347.51135740554,2254.69800671939,1462.03343520888,1474.21849162575,2253.59079771531,2590.15771974832,2589.76565910598,2678.2981693684,2430.37608965396,1334.8340678459,1438.09443284734,2252.70534984675,2477.08894383003,2563.59187617539,2591.8668970554,2256.92607996698,1476.55839291712,1512.54752561652,2403.94429114809,2536.60557486059,2403.03066114626,2459.56766849936,2379.02123218212,1378.22081121752,1512.0290254386,2532.28205259046,2647.57858686693,2907.02986102032,2925.97089885466,2570.80242660032,1311.99150593652,1328.16333978287,2518.74136282654,2884.87209391481,2998.63257481112,2987.89563731936,2884.50486756195,1218.79526595817,1439.25543827573,2458.19350298518,2351.34350003954,2119.76109245695,2082.49333513584,1481.36793911668,1352.94295458057,996.838601968397,1330.99444726967,888.083585017377,801.397816877507,803.594756008515,981.845219470336,820.056264016788,830.722249908523,1156.80878559427
2971.36543739934,2934.0722457086,2997.29152105909,2567.26111770401,1473.28308432583,2949.50221757018,2917.68172159046,2955.10584242384,2949.64155758294,2802.86092909205,1476.13356062191,1195.25906030616,2088.36970719627,1965.05024094169,1719.85138145786,1253.93136609453,1314.1859608176,1213.04620950433,1421.12910828534,1259.95088721587,1541.33357293292,1259.0587219608,713.620143451559,1003.65027940068,1052.54156806797,1054.49854451746,1308.71858377168,1514.08175852667,1444.79015376667,1211.91201580675,1223.64219910154,1526.43643691525,1452.77573726751,2410.04370032156,2832.33108767006,2992.65102873563,2934.50596272239,3005.93904981773,1477.19545866248,1141.47080840961,2858.79133394953,2977.92991865795,3007.81242286881,2954.0413349994,2540.61299036364,1315.73149708521,1494.06519647503,2383.19979407613,2487.39393780733,2651.10820366516,2710.82657208474,2710.6875587888,1149.76190833022,1341.976938849,2772.82089254676,2987.46019304437,2772.91879629802,2803.87522790052,2592.7322652755,1399.62184438857,1475.12370061955,2298.59907271043,2481.85028972414,2432.41545935337,2485.83854795072,2435.39893705566,1397.50477541371,1553.31461961189,2386.95787259993,2409.34130880167,2352.79707075308,2382.05057091503,2297.218993873,1489.48135336598,1261.08138093869,2043.63679772647,2455.52706066779,2590.79317114045,2405.18277844347,2198.23562886783,1523.7330493174,1378.04784750638,2119.46734488706,2194.37177126442,2195.96550850701,2381.25585360823,2001.74999540503,1546.43184804147,1232.53221902017,1789.97549895185,2156.89842581718,2040.2640078392,2117.10027658648,1828.74755650772,1550.01918186819,1337.42162157338,1830.8221192778,2155.89939481921,1829.36243014233,1470.77011309603,1110.66172393092,1199.94538481615,1000.40888694412,1664.14070419864,2037.50076471803,2155.55920977787,2321.98828592023,2227.26998845307,1472.96394763502,1494.17933520843,2226.18693141684,2558.98079785056,2558.59429133165,2645.93604764053,2403.89304511981,1314.32265933498,1452.09526276589,2225.3204339139,2449.20063739865,2533.17508359683,2560.77880585397,2229.38140860402,1490.94544505193,1538.40423887417,2378.05367324596,2506.97031709314,2377.15920515477,2432.41208683298,2353.41917307898,1368.67146267246,1535.1513594719,2502.60131813315,2615.32868705531,2883.05404330531,2903.82698460885,2540.76953549003,1284.31578885428,1323.40688298644,2490.27538647455,2859.21035744329,2986.80120378013,2974.0034383758,2858.7874075025,1151.90316525637,1444.42024409896,2431.06291527934,2325.70283636042,2084.9249973472,2045.58183616388,1410.75809339172,1352.42958990253,934.828270025037,1326.68024749222,807.230361056572,705.525417174959,708.103004738013,917.23682984796,727.416574656578,739.930512548938,1122.48110258928
2971.24407422601,2933.0120624523,2997.55101753485,2545.64503881165,1424.26139181244,2946.51060325941,2913.18584398727,2952.19721907861,2946.63675318292,2781.87089770067,1427.2090833791,1161.14421717139,2062.06058167199,1933.95155722434,1679.25317326431,1200.64953094384,1261.62322492256,1182.98513481009,1422.39079024575,1237.56637361315,1558.59819468184,1247.76697353464,645.080175415271,965.50498607474,1019.53081444914,1021.69372250496,1255.95560318345,1466.30019390821,1395.11165738448,1159.10669767007,1170.22048274777,1543.09415276291,1461.84949406191,2390.95651669871,2812.34828217353,2989.3854958568,2931.07201748621,3000.78662445637,1428.30240723816,1092.26339785543,2839.84593910773,2967.28032972816,3002.13531714884,2941.03036645906,2519.42070881656,1302.52119045887,1507.44416892022,2364.33074152731,2467.11986049437,2628.58607839166,2688.24992724086,2688.10938621654,1106.15927699081,1332.47887024647,2751.05957787047,2977.83094959621,2751.18709810289,2782.89302593604,2570.67734503873,1398.12021822269,1486.52741477803,2279.2061310544,2461.52106988357,2413.02086397247,2465.588452244,2416.01416568257,1395.65830796241,1572.30339497074,2368.0926925916,2390.24190125472,2334.02574768188,2363.18691868645,2277.84572872555,1499.89537815687,1250.00203472271,2015.85596469917,2435.7059999185,2568.64158044953,2386.11167130543,2176.30203172743,1538.68659507807,1379.27879744935,2094.73406241427,2172.40049428167,2173.99062621821,2362.4017880817,1972.34060841905,1564.40340909739,1218.44776012792,1752.11870969607,2133.63287141745,2012.44304504624,2092.36993380739,1792.40783660162,1569.00904901435,1327.05540526519,1794.56140051337,2132.65023344309,1793.04449124113,1421.64237813242,1083.75780988017,1182.43293802639,961.922436765624,1621.46257982205,2009.66498160146,2132.33208211976,2303.08262731755,2206.52309724752,1481.25877656414,1507.56966709611,2205.45067677029,2537.11024061014,2536.72745903558,2623.14361364264,2384.82857845208,1300.85426021476,1461.10569914133,2204.5914259733,2429.42334395912,2511.81412136901,2538.96098359616,2208.55882294498,1501.57936292412,1556.25428543145,2359.24196020937,2486.11717042728,2358.35700235196,2413.01028398891,2334.63799931467,1362.83286051797,1551.61849001674,2481.72768621082,2592.67487917369,2865.2302055737,2887.19513928194,2519.64465928797,1265.80109955219,1318.88101113249,2470.13853583961,2840.32400659038,2977.15384942919,2962.92392331542,2839.862323793,1105.44050574668,1448.73597631067,2411.67679901648,2306.71677458472,2058.61791434725,2017.751586966,1360.21484644423,1350.95462772913,889.459861113749,1322.48579342862,748.490504356806,636.138541623945,638.985922621103,870.02510172396,660.320695835888,674.144474423176,1096.8200014217
2971.12865779799,2932.43085288817,2997.57289170537,2530.77548761509,1389.86945959099,2944.36972744955,2910.2752787072,2950.06831021093,2944.48685219166,2767.1143719392,1392.88019936551,1138.14070366465,2042.86621719607,1911.39946550069,1650.32197611204,1163.83607757967,1225.14966092596,1162.80247534257,1423.62600487659,1222.67052618375,1570.46110398273,1239.24603915313,596.934174244428,938.361176557504,995.94121096634,998.247120019821,1219.35120644485,1432.69184271085,1360.33402302699,1122.76262883352,1133.39537080364,1554.23942918575,1467.57224463711,2377.52110676803,2798.20647039919,2986.67643845713,2928.74741752096,2996.57745343525,1393.99409782445,1058.69695315953,2826.3427659313,2959.19724142742,2997.52192959572,2931.35789341491,2504.82871178853,1293.9327254123,1516.22031560257,2350.95414682581,2453.09125796093,2613.0633129151,2672.60947038172,2672.4682671036,1076.5563179603,1326.42067642728,2735.84981774979,2970.43697414453,2735.99750235549,2768.13838014352,2555.51278447772,1397.49549909198,1493.90182183952,2265.16423036498,2447.4622540238,2399.46583444325,2451.57567188569,2402.46193391649,1394.79617398564,1585.28100176565,2354.71142364377,2376.8034682158,2320.61413030358,2349.81592298757,2263.81546809338,1507.27850962037,1241.63061918235,1995.59888372815,2421.93880017862,2553.41625459162,2372.69220652803,2160.25671681942,1549.07236134266,1379.48921997211,2076.64514142573,2156.32014440551,2157.91182383929,2349.0356465443,1950.94159514698,1576.74677014512,1207.9881270561,1724.98041298814,2116.59638387788,1992.14624432932,2074.27418410976,1766.26821946062,1581.86610330701,1320.39573337857,1768.48032098562,2115.62191811378,1766.92116953676,1387.17923119886,1064.39865505094,1169.59117897874,934.541709813441,1591.13431518383,1989.34865100234,2115.31693144433,2289.47116234378,2191.34835880173,1487.23934566351,1516.35390750986,2190.27939008921,2522.08729400034,2521.70690740092,2607.44910371817,2371.41894859717,1292.0872941378,1466.78060317696,2189.42145267687,2415.69175286209,2497.12223417687,2523.96870122401,2193.33623557476,1509.11453924711,1568.27183613829,2345.9067566958,2471.74527363954,2345.02588933394,2399.45224982999,2321.2203423568,1359.26025721115,1562.98551461865,2467.34790386155,2577.10615773456,2852.42681015525,2875.15454838741,2505.09564978342,1253.5638700864,1315.07824810682,2456.19319375747,2826.86178455497,2969.75138305483,2954.54882375033,2826.37377948353,1073.79670949277,1452.02674230135,2398.12823282727,2293.05207557259,2039.4183618935,1997.46841696267,1324.91214183487,1349.28194928148,857.31874877441,1318.92170080142,707.110458957825,587.408114272873,590.441726779815,836.610543495637,613.171538945895,627.89950127449,1078.33045716222
2971.04382202705,2932.21263352007,2997.47991383388,2522.66978987087,1370.7070458519,2943.13635964351,2908.80641130983,2948.81081624162,2943.24869941547,2758.86779779536,1373.74935160813,1125.96174836436,2031.65551243561,1898.32362791565,1633.89201022201,1143.71333263445,1205.10351081013,1152.17968205729,1424.55929846122,1214.92651455129,1576.90913137406,1234.09458543254,570.06246671718,922.977049211386,982.50548507499,984.890097557964,1199.23883494327,1413.90651993475,1341.008143272,1102.99381544623,1113.32536311184,1560.08870467741,1470.32986656965,2369.97820181262,2790.2419338694,2984.87749037714,2927.49656327692,2993.82768444184,1374.87368673354,1040.64927863898,2818.67520546874,2954.28159053022,2994.52346686146,2925.60257132853,2496.86261609652,1289.61575960629,1520.70224972804,2343.38014563192,2445.38164631922,2604.5877133679,2664.01903592423,2663.8777293141,1060.73867308576,1323.4632944639,2727.40819488876,2965.88694304462,2727.56667890331,2759.89050267069,2547.25315228676,1397.445850619,1497.59161305514,2257.01975836862,2439.74118563951,2391.92127419269,2443.87410055017,2394.91637112613,1394.61730025644,1592.28562699341,2347.13012916096,2369.26252475838,2312.95059349043,2342.24616905311,2255.67595458956,1511.45208858226,1236.56284575454,1983.77691799723,2414.33527968521,2545.12744762344,2365.16099154186,2150.84985097087,1554.7953231503,1379.16757881686,2066.04873725145,2146.88796987075,2148.4832824604,2341.46730740464,1938.48518554257,1583.45197975935,1201.77007648929,1709.45934396989,2106.60033249194,1980.29442067125,2063.66798742997,1751.25812980556,1588.72092704751,1317.10834851908,1753.50486578714,2105.62814724877,1751.92082094685,1367.9793641537,1053.28424592101,1162.06091334868,919.027180264316,1573.96960962136,1977.47981321797,2105.32892603683,2281.62529764131,2182.45089055125,1490.68857824159,1520.84043761842,2181.38112801465,2513.91262937658,2513.53340707987,2598.88970236031,2363.89655413225,1287.67260839821,1469.5092268187,2180.52137850168,2408.11091984881,2489.11249804822,2515.8069627115,2184.41580384289,1513.37132996411,1574.63163244507,2338.35623802884,2463.887794779,2337.47588650755,2391.90738037784,2313.55406135701,1357.6323657124,1569.20046261835,2459.49011338282,2568.63389258047,2845.09145353395,2868.19527895593,2497.1505851011,1247.26303797001,1312.5371774749,2448.52134945507,2819.21668904893,2965.19941566279,2949.47709240729,2818.71459962616,1056.81834015886,1454.04630255414,2390.58753158624,2285.17895551856,2028.2002388012,1985.63776095623,1305.34972214463,1347.92110750324,839.196938668687,1316.51784924255,683.935572303938,560.217274206873,563.352618374777,817.792372113237,586.844390265297,602.06629966183,1067.69917738061
2970.84240282356,2932.0436543439,2997.07763355128,2508.17825848461,1335.51595434669,2940.78051408607,2906.44478501172,2946.34290046167,2940.88462976058,2743.67639171,1338.60834560026,1104.99132026432,2009.92242175469,1873.17953632623,1603.03269362543,1107.61618445933,1168.89858502599,1134.03080038471,1426.78703483594,1201.91334397058,1588.36335645948,1223.73676248195,520.640328801598,894.160555101684,957.193641463945,959.720513697016,1162.92707757853,1379.27644635922,1305.63033845097,1067.74964786974,1077.455421728,1570.00835142261,1474.42302997139,2355.99281546108,2775.43551632218,2980.93579386094,2925.29563165282,2987.88838284036,1339.74957491256,1008.94569786471,2804.28461601953,2944.35178089295,2988.07619754175,2914.23291875923,2482.59306704127,1282.69964172171,1528.00949131722,2329.19608244209,2431.45413726341,2589.4074532547,2648.52156212673,2648.38064718054,1033.17521252932,1318.9317048199,2711.98476422296,2956.58768717113,2712.16209994208,2744.69155453431,2532.50315549249,1397.98711457461,1503.4211206668,2241.34647755517,2425.80433296823,2378.076844423,2429.95957732716,2381.06455534704,1394.9281454045,1604.61971066075,2332.92247891462,2355.28874869282,2298.44700775234,2328.07234287326,2240.00835646728,1519.21907981546,1226.35936510302,1960.87943628917,2400.51409288273,2530.33419643045,2351.20306872107,2132.536373396,1565.13405206478,1377.5939069696,2045.43941942894,2128.51520289312,2130.12333619901,2327.29320688709,1914.42713871319,1595.35504122027,1189.48523262329,1680.06968579509,2087.12378278706,1957.32504590282,2043.0274372685,1722.70612070739,1600.59899955898,1311.98244159003,1725.02088284546,2086.150737174,1723.38815235288,1332.72443735501,1032.15273893191,1147.40159859176,889.974956452872,1541.85794690494,1954.46563256506,2085.85861677796,2266.629912979,2165.12604208083,1497.25182925884,1528.1563005732,2164.04879965451,2499.33070377076,2498.95322875326,2583.58177261706,2349.96212911271,1280.58098304944,1473.54405806738,2163.18009129237,2394.33740912204,2474.78914694913,2501.23963566365,2167.05706237285,1521.28770968717,1585.5416735156,2324.2159983951,2449.78542952377,2323.33267711134,2378.06539209532,2299.04683181863,1355.41865929102,1580.32182250727,2445.39602956853,2553.52234094714,2831.18379332504,2854.87026597514,2482.91317685089,1236.81437070565,1306.92803729989,2434.64419720476,2804.86654735671,2955.9027544226,2939.27544275374,2804.33989023847,1027.07278619682,1458.13767254921,2376.75070293338,2270.13901076618,2006.44345707486,1962.73729426984,1269.66117214374,1344.46281587775,805.460146778533,1311.16975465686,641.135691105294,510.223886249194,513.541415739872,782.806888236865,538.397511932682,554.504055260982,1047.45099132602
2970.6125717157,2932.13038611658,2996.47372838817,2495.52394399376,1303.714509237,2938.57875118779,2904.67179649034,2943.97045439983,2938.67590681508,2729.92635657549,1306.84426565989,1087.41865973561,1989.14304529702,1849.3272219506,1574.45830160256,1075.85531153291,1136.79172518241,1118.96752987329,1429.26166217605,1191.33230460176,1598.266067884,1213.49635630182,476.036952440683,867.627205515203,933.743590106218,936.396320729226,1130.73849137901,1347.85012887847,1273.77406894773,1036.96199224215,1046.03011519257,1578.10207777273,1477.12324238714,2343.25970686893,2761.89579317952,2976.73977141557,2923.42488013111,2981.6287967476,1307.99850437525,981.733449812672,2790.98672776485,2934.47305167862,2981.30494421464,2903.15842503631,2470.1051978994,1277.42266739155,1533.65087670297,2316.13851131921,2419.14503124437,2576.11727318675,2634.83285023593,2634.69289218672,1009.7434105418,1315.69368083695,2698.1557665265,2947.23664272617,2698.34913586642,2730.92937446838,2519.63899547366,1399.05873713172,1507.70907743945,2226.48964724896,2413.49901429,2365.61859442078,2417.66044392252,2368.59381068153,1395.79878986393,1615.17547989142,2319.83294559402,2342.57440817853,2284.94178333582,2315.0265822929,2225.15319411081,1526.28103930725,1216.25860731432,1939.00347497479,2388.21131659306,2517.44160982594,2338.50114980707,2114.96115664905,1574.24429001521,1375.17925481343,2025.67267285854,2110.8732461591,2112.49925951555,2314.24427119288,1891.50531294801,1605.63922096415,1177.54087172442,1652.62308857978,2068.41313238782,1935.36656876382,2023.21887606095,1695.91547382603,1610.566385009,1308.21994046074,1698.29630949914,2067.43415209028,1696.61648999747,1300.87024734657,1012.38540999887,1133.35392761514,863.233032189536,1512.24818041278,1932.45273808547,2067.14489228583,2252.51915001808,2148.49987401532,1503.3536131975,1533.80562674594,2147.40970592607,2486.63224029334,2486.25595906349,2570.20330924376,2337.28902465388,1275.14961717926,1476.1867468529,2146.5271301271,2382.08417835955,2462.27999135361,2488.54490986347,2150.40865153044,1528.48098194116,1594.5793124517,2311.19898075644,2437.41686374029,2310.3089742866,2365.61244605832,2285.53972479414,1354.14812944743,1590.01833848519,2433.04422448658,2540.3600542798,2818.19099216601,2842.29247798632,2470.44770389951,1228.46110168293,1300.91926939075,2422.36098345317,2791.60437466267,2946.56037810025,2929.16632479213,2791.05686009819,1001.62153676566,1462.16264133204,2364.29990740143,2255.99344263002,1985.63237463335,1940.87189007895,1237.6481006108,1340.37453471137,774.602167486327,1305.40497027937,602.330666170011,465.120764287816,468.597761141485,750.854273859646,494.647824719013,511.528744450648,1028.47523518274
2970.46463054856,2932.213789332,2996.08632933551,2488.64006232954,1286.23399444733,2937.29711474172,2903.75539744902,2942.57876108999,2937.39122761759,2722.47903162582,1289.38149230995,1077.99136064284,1977.25421323466,1835.78588932132,1558.50886829174,1058.64871269953,1119.32641252337,1110.87855486192,1430.37655880564,1185.61040309363,1603.17471747615,1207.67756942572,452.21522384107,853.261040745461,920.992902300492,923.711717302612,1113.23366474337,1330.53230300642,1256.29754643949,1020.3373902596,1029.04193742809,1581.9841307024,1478.12906633282,2336.06524745654,2754.53460961909,2974.24644657466,2922.3753783511,2977.97294277009,1290.54206698047,967.140011292297,2783.7272500658,2928.89133033996,2977.36363325327,2896.96664439455,2463.28005258068,1274.49847347304,1536.21944181671,2308.71267220261,2412.33764839974,2568.95206682693,2627.4634546081,2627.32409791113,997.193688044869,1313.83587382312,2690.68860226686,2941.92475331151,2690.89012097605,2723.47464078746,2512.66966568336,1399.44873612727,1509.55830068988,2217.93350599064,2406.69383417188,2358.62778196057,2410.85671134698,2361.59658623451,1396.08268356863,1620.40772450473,2312.38954270241,2335.39186094237,2277.21405605539,2307.60695649697,2216.59595527754,1529.76436693013,1210.51373982615,1926.5077904695,2381.35849350896,2510.45948502661,2331.32180959572,2104.82992509741,1578.76922062026,1373.48005971866,2014.32410255727,2100.70089746293,2102.33916328245,2306.82156746127,1878.44728208415,1610.74686158903,1170.82754792589,1637.21961928538,2057.64277673495,1922.82043238259,2011.84281285344,1680.83429038366,1615.45781313561,1306.08357731019,1683.25208650323,2056.65844528619,1681.54599669361,1283.36287321245,1001.56526934615,1125.53573133054,848.757346065914,1495.7704752062,1919.87225167585,2056.36929763956,2244.40683841979,2138.89495107852,1506.34885945341,1536.37841492908,2137.79543588033,2479.73164393071,2479.35560968274,2562.99700841047,2330.12623603663,1272.14355090416,1477.1613162114,2136.90327831591,2375.25512272086,2455.44743048957,2481.64446746448,2140.79620447677,1532.03372495379,1598.96931290655,2303.79125270027,2430.62207232087,2302.89594214793,2358.62536707352,2277.81185575538,1353.31596166807,1594.83402543089,2426.25824988784,2533.25878440012,2811.06562109488,2835.36295391214,2463.63228669289,1223.91316348256,1297.32821023497,2415.56287358798,2784.36367971508,2941.25472059953,2923.46585405077,2783.80534696834,987.972277741801,1464.07892501219,2357.31229338698,2247.86713292071,1973.7217535712,1928.38717798141,1220.12377656538,1337.79523552798,757.970993865603,1301.94439125446,581.541176715146,441.037785763543,444.598165077521,733.650387756688,471.272482483732,488.558319680669,1018.07266552905
2970.11861732747,2932.67153336446,2995.04370664327,2476.15037076167,1253.13313500113,2934.74652487149,2902.46980248873,2939.73012315569,2934.83580470836,2708.38894155952,1256.30357594942,1061.89933264661,1953.1758222101,1808.6065079696,1527.38021886136,1027.20377820468,1087.06424219229,1097.25655975837,1432.95853737847,1176.2421807191,1611.72912173871,1195.51475304128,407.418843679317,825.529931460813,896.190720699124,899.03028831019,1080.91671972244,1297.56301684874,1223.35524581936,990.257644926465,998.181366208868,1588.06884162899,1478.64265569639,2322.23447537592,2740.43146633075,2968.68351069567,2920.51357410127,2969.8887758654,1257.47309053737,941.387110819609,2769.64410331494,2917.17150905184,2968.67441258143,2884.23702208306,2450.8468065881,1270.13475503271,1539.71770999325,2294.24856406274,2399.74828428078,2555.94319714312,2613.94146837674,2613.80399947549,975.345456038101,1311.33071862273,2676.72640901694,2930.65717573091,2676.94188380744,2709.36387040503,2500.05930860112,1400.82203499947,1511.68121970006,2200.72898509893,2394.12321972645,2345.38066697997,2398.27137199013,2348.3306134671,1397.26547223464,1629.3892320142,2297.87952828271,2321.59417099297,2261.96527229906,2293.15753438667,2199.38436329475,1536.26677737273,1198.49009695254,1901.22605834043,2368.55522880589,2497.83878564174,2317.52635922321,2084.21290953421,1586.87804398571,1368.91674121129,1991.25798800833,2079.98846978426,2081.65846512595,2292.36226109886,1852.10994069139,1619.64483297686,1157.03137186495,1606.85351345884,2035.70890213606,1897.42010839436,1988.70653498455,1650.94119864692,1623.57305354907,1303.06984248547,1653.43472182293,2034.70740400789,1651.67504740509,1250.21798209245,980.269902870881,1109.71724503575,820.826083731824,1463.77450407719,1894.38841249903,2034.41360844253,2228.21594948928,2119.34256636196,1512.09664779303,1539.88481215571,2118.21705258065,2467.2581567904,2466.88195496866,2549.94570611308,2316.37144415665,1267.63101820061,1477.6099939391,2117.29904328714,2362.50303949301,2443.03446191088,2469.15921772504,2121.24157543885,1538.66208780301,1606.07155583938,2289.36075869143,2418.19326982741,2288.44994326514,2345.38935709251,2262.56486604197,1352.57804045947,1603.33485810248,2413.85699099675,2520.44638532747,2797.06591063724,2821.58772190534,2451.20844732211,1216.64036449655,1289.27629777435,2402.96562408669,2770.31474690345,2930.00709815583,2911.54267300473,2769.73780039046,963.98817485067,1467.99726463988,2344.07154085295,2231.65845219425,1949.58798359915,1903.14421719498,1187.25589961618,1331.61537444476,726.138844217637,1294.14810670391,542.20521775593,395.771533511828,399.481997609312,700.785151523707,427.279634176597,445.294377313372,997.553666322954
2970.10486756006,2932.62841520048,2995.03315186311,2474.75849140513,1249.86659852383,2934.53646462182,2902.21081917829,2939.51748111805,2934.6249373067,2706.98725360632,1253.04256994184,1059.79002848185,1951.2847047312,1806.39813400003,1524.5925128537,1023.75582289237,1083.63458712692,1095.41254391675,1433.09757072475,1174.89077472156,1612.82666590158,1194.65857034676,402.859344022925,822.930425495964,893.923409202951,896.776378294872,1077.47550007748,1294.36334496525,1220.05851849561,986.865509464308,994.739599309132,1589.07599151011,1479.12934989813,2320.94642831898,2739.08094670603,2968.38986690308,2920.29647584614,2969.43967281293,1254.21390613071,938.279384191034,2768.34714650338,2916.35540953663,2968.18430974491,2883.2761226091,2449.4787960646,1269.37018961829,1540.49558057677,2292.95787665544,2398.42548868825,2554.49051514062,2612.47279389435,2612.33529231796,972.615783102782,1310.79974651271,2675.28841217239,2929.90402927906,2675.50573776447,2707.96209173448,2498.64133567222,1400.79129448821,1512.3253546506,2199.35004887241,2392.79812774865,2344.08959174787,2396.94994673052,2347.03954497188,1397.21261635682,1630.58483502124,2296.58789996934,2320.30626712362,2260.66230255588,2291.86749067962,2198.0063154922,1536.96604735568,1197.6480861699,1899.23187498611,2367.25172535299,2496.41561515849,2316.24006851573,2082.62598467831,1587.84712080287,1368.88162456957,1989.47123397431,2078.39748233864,2080.06798489075,2291.07250512468,1850.00785050499,1620.78661749426,1155.99354814489,1604.22445015513,2034.02351580728,1895.42119351112,1986.91837382642,1648.40108383071,1624.74787095713,1302.48252549712,1650.90039842313,2033.02249557516,1649.13655743371,1246.94497788183,978.398245092317,1108.45604445122,818.204373641988,1460.85990186357,1892.38687080489,2032.72974384509,2226.88505336572,2117.84103133983,1512.66983126559,1540.66345731971,2116.71549581441,2465.85366421055,2465.47766060595,2548.47817601688,2315.08646134962,1266.84975716211,1478.0919003299,2115.79728777313,2361.20312491691,2441.6583550155,2467.75714462939,2119.73601669722,1539.3755703378,1607.16393119531,2288.07393254053,2416.84371199322,2287.16327397144,2344.09816363057,2261.26141298091,1352.27581891675,1604.39046221983,2412.50710602086,2518.99223174943,2795.8283817759,2820.41657255719,2449.84413933822,1215.53614640779,1288.86384999003,2401.64968645171,2769.02161904655,2929.2534819899,2910.69975630951,2768.44225181446,961.062303102324,1468.32393192976,2342.78108216818,2230.32289569086,1947.69577395765,1901.14831771035,1183.9163514041,1331.40345624647,723.072475043617,1293.75869601128,538.276681086231,391.157554828946,394.885383438518,697.59996050686,422.813083916181,440.912137252798,995.764024490353
2969.88799907267,2933.0048962708,2994.34946401961,2469.08501222866,1234.04737230045,2933.18265078677,2901.83833705184,2937.96722047597,2933.27012498173,2700.39148243953,1237.22683707496,1053.05734470949,1938.61176723769,1792.29833284217,1509.06644336738,1009.4689710507,1068.74855732957,1089.78636408286,1434.2200643251,1171.09342435253,1615.98959221897,1188.17960090785,382.409599096821,809.739663622542,881.98695923666,884.892227044279,1062.57752836213,1278.48663147011,1204.41431466136,973.389123559438,980.838707891359,1590.81757723814,1478.26678952153,2314.02009424291,2732.37576750736,2965.18158680499,2919.4281329685,2964.86982370993,1238.4002858526,927.135445027025,2761.54759214641,2910.12932815971,2963.29551116987,2876.68036588634,2443.77167013536,1267.71019199654,1541.00437641876,2285.58989299927,2392.47363540554,2548.65661424489,2606.36320087664,2606.22697971245,963.310226292283,1309.9007800535,2668.84569081066,2923.84708441998,2669.06831666733,2701.35300223871,2492.96213065246,1401.45489898138,1512.20135419815,2190.27145206257,2386.86096876024,2337.58168652841,2390.99669429051,2340.5206054141,1397.79442653343,1633.8379205076,2289.19313645363,2313.40170785491,2252.77012987209,2284.5073076946,2188.91998861276,1539.56094283465,1191.2319048997,1885.95813176043,2361.08945935204,2490.74021477627,2309.33072939504,2071.65390981545,1590.96760739239,1365.73821880271,1977.25815980107,2067.36771956555,2069.05958761629,2283.70443153204,1836.24834716321,1624.08809662337,1148.80786621473,1588.86927053783,2022.36308245696,1882.07577284177,1974.659375026,1633.17300487441,1627.48104753622,1301.35946482919,1635.71148642366,2021.3486349026,1633.9200971042,1231.10990835189,967.967744977984,1100.39239699372,804.926904681863,1445.01978325152,1878.98908876152,2021.05003246095,2218.39808027326,2107.40943972621,1515.01707401172,1541.17601854841,2106.26558578302,2460.21540947298,2459.83858727452,2542.6465529704,2308.20098639534,1265.12462696681,1477.19655241583,2105.32969848033,2355.0634912839,2435.97925819508,2462.10634920934,2109.31364176717,1542.02522549521,1609.40013158705,2280.71669459427,2411.07576757025,2279.79456168366,2337.59810179541,2253.37196866764,1352.087012673,1607.59940672142,2406.7560030659,2513.27342618894,2788.96270381194,2813.5630109639,2444.13492898073,1212.6303499242,1284.18997841862,2395.6783118906,2762.23686794859,2923.21097380163,2904.39428535795,2761.65010568466,950.727793078664,1469.95432802372,2336.27524695101,2221.83697062155,1934.98568264858,1887.90625450519,1168.41746481199,1327.55464079775,708.128921796531,1289.20591621777,520.141932089906,370.508974780816,374.300389180693,682.217304562614,402.703803245684,421.111714361646,985.677956109725
2969.64521838905,2933.47937589667,2993.56559573542,2463.95984159188,1219.15726554925,2931.80136337038,2901.66788085029,2936.35989360249,2931.88890938357,2694.27832645604,1222.33429873561,1047.46565191792,1925.79042363236,1778.17661996009,1493.95516818916,996.58973292702,1055.14505872755,1085.18139977478,1435.21675728697,1168.05678458332,1618.28487680573,1181.56212618625,363.839457320003,797.339863569947,870.660626540181,873.61115450558,1048.97367988258,1263.45022774166,1189.76502018119,961.394624141084,968.404838953356,1591.58351199011,1476.6167718468,2307.25155169498,2726.08140135659,2961.73864931432,2918.62285609724,2960.02547170313,1223.50807774008,917.541978523119,2755.08559518969,2903.78632705972,2958.12810729233,2870.07467692521,2438.56889323402,1266.49428514571,1540.60786467487,2278.30019487562,2386.91152623731,2543.44677252467,2600.87060744889,2600.73587886971,955.428817312115,1309.30513336384,2662.9463357227,2917.62780166222,2663.17291645824,2695.22469855778,2487.87090974028,1402.10987499127,1511.22573149169,2181.06737286893,2381.31704548405,2331.31284291468,2385.43075133992,2334.23983612147,1398.37935434189,1636.13027942001,2281.87454917316,2306.65819009413,2244.873834722,2277.22554874994,2179.70533498185,1541.63827200411,1184.67089627964,1872.55197773336,2355.24725088315,2485.65920433422,2302.57828156539,2060.46844399641,1593.35438038244,1362.04481523631,1964.85134777252,2056.11878781522,2057.83546980356,2276.41284343757,1822.39947078381,1626.49439749966,1141.57939119102,1573.77090645485,2010.48503094176,1868.59076927415,1962.19993228945,1618.11861716278,1629.20035908275,1300.56702468206,1620.69622077042,2009.45398208368,1618.87743127513,1216.20886307336,957.933794056681,1092.4023437868,792.452050465367,1429.68985187293,1865.44535517604,2009.14711765381,2209.83223016055,2096.75667611195,1516.94769325039,1540.7829735706,2095.59110817757,2455.14423555544,2454.76608298997,2537.45594534758,2301.47437082845,1263.85188667142,1475.51418807951,2094.63453933411,2349.24121558051,2430.81677536866,2457.01812144138,2098.67735683978,1544.15004743068,1610.63988994588,2273.43308912947,2405.76804416833,2272.49707248128,2331.33856604431,2245.47965982878,1352.05809924778,1609.99339594363,2401.46692961312,2508.18805351389,2782.3581171165,2806.89774227514,2438.92520423634,1210.35032369835,1279.15554701097,2390.08588259682,2755.78764327672,2917.00900527123,2897.98998178686,2755.19505136731,941.870034444299,1471.32972049089,2330.00761831341,2213.27934359484,1922.12126616066,1874.53990011471,1153.98906655922,1323.24631072265,694.232016327898,1284.28509089802,503.53299505168,351.770705576448,355.615950201397,667.947439644668,384.421920955594,403.091342920434,975.949015312686
2969.62378753899,2933.49552251408,2993.50815336358,2463.06170392353,1216.85462555655,2931.62616728282,2901.5546387168,2936.16828980955,2931.71337269159,2693.30268974098,1220.03371238555,1046.25886908729,1924.17931542068,1776.35040493489,1491.82959768356,994.350808977186,1052.86429915549,1084.1480579233,1435.35834382239,1167.32750382191,1618.89611914437,1180.7715977538,360.739493987203,795.45130986746,868.9793214222,871.938346835731,1046.68825608325,1261.16448689453,1187.4666068135,959.238188181283,966.198643301235,1592.05099930808,1476.70801421409,2306.28890512994,2725.11354605636,2961.38941144678,2918.48386525654,2959.51802600424,1221.20824319094,915.662760844059,2754.12750523715,2903.02895713593,2957.58212071672,2869.24121620191,2437.6759938609,1266.1239115333,1540.90268792644,2277.30190712529,2386.01424760676,2542.51572815806,2599.91221995746,2599.77758285114,953.817602344307,1309.07045506651,2661.9711951012,2916.9041834712,2662.19879513386,2694.24797319201,2486.96370385884,1402.16039435332,1511.42681435559,2179.90560593873,2380.42021584811,2330.38218654446,2384.53381567854,2333.30829190729,1398.41624779293,1636.77997282901,2280.87381596321,2305.6973166099,2243.83026737455,2276.22809361251,2178.54325281506,1542.07693152684,1183.88995693385,1870.86015480895,2354.33977125136,2484.75062382137,2301.6175773804,2059.0899664756,1593.92131106025,1361.78548473979,1963.31030493358,2054.73445056098,2056.45297816101,2275.41486203264,1820.63444911759,1627.13089174935,1140.67386250708,1571.70990897338,2009.02038464476,1866.89175987201,1960.65481333776,1616.09630375631,1629.80139092372,1300.29637884626,1618.67887334057,2007.98843440182,1616.85656076686,1213.90288597974,956.500296104572,1091.35467523415,790.549413321909,1427.49859338456,1863.74136694707,2007.68144781596,2208.73272249335,2095.44849875261,1517.32623120828,1541.07834801776,2094.28148083659,2454.24483851103,2453.86668775187,2536.52029239081,2300.51598640313,1263.4709567637,1475.60125521794,2093.32345386847,2348.3367274765,2429.92350846641,2456.11850725654,2097.36859059621,1544.59764310261,1611.17449652386,2272.43693420716,2404.87651595062,2271.50006588273,2330.40849179862,2244.43614787753,1351.9534914116,1610.59500016294,2400.57665260689,2507.2658426455,2781.41394354815,2805.97594923062,2438.03334066303,1209.77152888,1278.6522963833,2389.1892687825,2754.83196423796,2916.28638014636,2897.21765283626,2754.23800434499,940.113770679804,1471.57200418537,2329.0773335646,2212.17838493738,1920.50688425894,1872.85001531148,1151.68846448825,1322.8736349726,692.05300179552,1283.79896544472,500.821255607617,348.637306163272,352.493224961323,665.695062610602,381.379102765353,400.100361576802,974.569484930681
2969.04138269981,2934.77028951961,2991.59492348627,2454.70378156118,1190.40593045983,2928.71506923553,2901.89044857702,2932.7020695471,2928.80677593869,2682.86510388487,1193.5584524819,1039.08466774879,1897.88855535535,1747.94022641255,1463.05531233054,973.652033169796,1030.2675450916,1078.50026263052,1436.6868993565,1163.85118898158,1620.13827120998,1167.05877609525,330.702700340895,773.672829570181,848.66835609151,851.691365954077,1024.13332664509,1234.09949401094,1161.73747903388,940.570488968709,946.602934408718,1589.89328924343,1470.46174034644,2293.16654320629,2714.06530037685,2953.64822033117,2917.04517422548,2948.86513570258,1194.72709616401,902.021656768951,2742.48843667769,2889.98945442286,2946.27636891618,2856.07004465979,2428.98875697025,1265.11794305227,1536.7053775738,2262.84533235083,2376.16718400386,2534.31315448775,2591.15463968273,2591.02367023726,943.121139906429,1308.78713510977,2652.16712701874,2903.94427527114,2652.39756092036,2683.77416893891,2478.83261536871,1403.23321992741,1506.28016078139,2160.88656114966,2370.61939509256,2318.55654344177,2374.66940300658,2321.45723343644,1399.39248595637,1637.68430577344,2266.35426998448,2292.63599232667,2227.85926069471,2261.7871210084,2159.49215115208,1544.13971007967,1170.2657991371,1843.46476023362,2343.6665892793,2476.66260624213,2288.52127286566,2035.80810024838,1595.82274416585,1352.36187852346,1937.67399404737,2031.30462229478,2033.0855219362,2260.94695062272,1792.51752360179,1628.49397821522,1126.09975258198,1542.38174388947,1984.34641922511,1839.31311130102,1934.88890068904,1586.55055983725,1629.38621429665,1299.721050768,1589.21064476658,1983.26949427308,1587.33447836654,1187.45046323542,937.971079862516,1075.69656309704,768.664759983639,1398.6399542098,1836.02226130289,1982.93704869169,2191.15233867564,2073.19481031156,1519.46030161497,1536.88679957819,2071.97190998053,2446.0593603147,2445.67649763929,2528.41633726798,2287.47724707788,1262.38215701714,1469.29280216064,2070.96159464083,2337.68975158207,2421.35786423148,2447.88345338755,2075.17549706868,1546.72833403116,1609.8763913203,2257.97258132867,2395.80229442378,2256.99899687722,2318.60662935995,2228.47796666051,1352.27720198769,1612.2203902233,2391.54385546741,2499.32642944073,2769.22032900494,2793.40141675427,2429.31436657278,1207.30942970533,1267.26413842757,2379.24359193361,2743.21075716457,2903.37111148289,2884.12256894794,2742.61090453903,927.667017902473,1473.18651977484,2317.25026394636,2194.6427310864,1894.10785422484,1845.56420189584,1126.67529287869,1312.56214737494,668.240368827377,1272.60793812935,473.381308610916,318.379257244962,322.306291409297,641.384494335083,351.723259838931,370.79016831327,956.500256727569
2968.72660071898,2935.45137688525,2990.57091816558,2450.4347108827,1176.72194629487,2927.17107995981,2902.10351454598,2930.86110686567,2927.26556167131,2677.53858521294,1179.85910111073,1035.50084373918,1884.01701955649,1732.99224767117,1448.02721589843,963.088795400013,1018.68273002354,1075.68115552746,1437.21589877601,1162.0972667167,1620.45346269774,1159.86195339749,315.608612593867,762.556575627324,838.26222800339,841.316416165916,1012.57329339485,1220.07137752817,1148.4456207621,931.085010517334,936.629963506218,1588.43547734726,1466.94661377537,2286.27407378119,2708.40461954758,2949.53559900005,2916.29302663702,2943.22885332494,1181.02423097361,895.173484794496,2736.50287106978,2883.1566288743,2940.2997421574,2849.19770668175,2424.53014188039,1264.57122958247,1534.21557637159,2255.23083762861,2371.06104163312,2530.16368883395,2586.72569568645,2586.59667194684,937.774784578323,1308.5818013721,2647.18309374748,2897.1403999644,2647.41459690694,2678.42845056842,2474.69834787875,1403.65732912968,1503.3150633107,2150.82638739106,2365.53735376206,2312.36644928223,2369.55321307631,2315.25420475997,1399.76925509455,1637.80450236265,2258.70711235967,2285.77608902817,2219.42776787772,2254.18055812493,2149.41420190431,1544.95820702095,1163.11304389401,1829.01870078867,2338.10411325443,2472.55235348499,2281.64116833415,2023.49283109223,1596.50863829017,1347.27034258236,1924.13186560075,2018.91013076756,2020.72475063159,2253.32565828046,1777.70503515165,1628.86536211369,1118.48347768732,1527.02400889383,1971.30137646222,1824.76915726885,1921.27700980172,1571.05799840938,1628.81537351869,1299.3705412151,1573.75860258409,1970.199937059,1571.85432012265,1173.76578712605,928.428670010805,1067.55136181598,757.496762986682,1383.59173761872,1821.40296364019,1969.8534511509,2181.85705087795,2061.41477147842,1520.33887145287,1534.39988711137,2060.16161655065,2441.8841949204,2441.49865577749,2524.32243825414,2280.62739617732,1261.79439959822,1465.74580947301,2059.12307296541,2332.13888527512,2416.96486975082,2443.68146238828,2063.42958533303,1547.58028735982,1608.85567620103,2250.35165766928,2391.12290943559,2249.3581055559,2312.42933507633,2220.05363609887,1352.35264137882,1612.74535233488,2386.88575167912,2495.31001547665,2762.92729076473,2786.89161125543,2424.83778114435,1206.04981064394,1261.20854287889,2374.0833971524,2737.23391949748,2896.59122042865,2877.26576365169,2736.63141192379,921.422138492979,1473.83340759479,2311.05891780804,2185.37359063226,1880.1776976796,1831.17792015135,1113.77614816937,1307.03609126047,656.141090583841,1266.65190829306,459.535095441018,303.178994921484,307.140185188871,629.045501299283,336.812153288588,356.045091946355,947.184805553154
2967.71684415552,2937.67807023904,2987.30391834402,2439.21008581491,1139.29384007397,2922.34716983018,2903.15664322509,2925.08241207266,2922.45475610281,2663.38996085228,1142.36605392838,1028.38424316574,1842.35703577109,1688.64033977135,1404.93407471033,936.384842847793,988.573034130729,1070.41662587803,1438.06529130223,1159.11059711681,1618.32264111256,1138.19611332588,277.390230929439,732.446094882682,809.642142660401,812.764636942004,982.575193740691,1181.3388904686,1112.38320692749,907.782280263902,911.851267624956,1580.80256614067,1453.92686153196,2265.9391389,2693.08545156858,2936.6279682644,2914.06211074939,2925.81095290856,1143.5148012785,879.824328774264,2720.02996040325,2862.81309072091,2921.88961556475,2829.08459114103,2412.56857709918,1264.09900541606,1523.80392581402,2232.51445719872,2356.76398129331,2519.67154314682,2575.4942207638,2575.37132964915,926.414578722658,1308.6566546997,2634.18884054785,2876.73279667117,2634.4187616284,2664.21969157515,2464.03732488077,1404.57414749638,1491.69140020352,2120.29908380281,2351.31392241247,2294.35790620033,2355.21655644218,2297.20968406248,1400.58537511543,1634.81043813631,2235.89521875085,2265.54474243003,2194.04517737914,2231.48568208855,2118.82404785595,1545.40546122419,1141.5552946329,1785.74311007313,2322.20956993228,2461.98015797502,2261.33148936843,1986.11865715829,1595.88282047455,1330.41989028761,1883.2662654727,1981.2848781844,1983.21007238546,2230.58069992429,1733.5135369839,1626.81069706507,1095.90194182379,1482.43479578669,1931.7950157374,1781.18472231773,1880.1853137768,1525.79363786686,1623.64154902014,1299.10857744614,1528.61151119151,1930.61083101228,1526.62627101819,1136.35239477831,901.641681782819,1043.8014292137,727.272832815267,1340.76712313234,1777.57745381227,1930.21496236373,2153.70401760152,2025.56215712531,1521.28207068889,1523.99569022517,2024.20904317907,2430.98355665324,2430.58798321833,2514.04242385862,2260.40924669953,1261.22881037527,1452.63474334524,2023.07801795423,2316.25887625048,2405.22432504475,2432.69049722927,2027.70376905632,1548.10192041766,1602.42836260762,2227.59293430781,2378.32506662286,2226.53254219333,2294.46257746807,2194.69686844379,1352.78932279935,1611.39277723743,2374.14906412711,2485.18088011902,2745.33564086481,2768.4495885682,2412.80766510873,1204.07543674256,1242.15621832595,2359.59725272931,2720.77953497747,2876.26196366749,2856.91154641165,2720.17429148627,907.600030429955,1474.61518495092,2293.04184124936,2157.32636987146,1838.32505811746,1788.10503017947,1079.1147784964,1289.20945192303,623.98446832085,1247.86544976845,423.821148488117,264.749452325129,268.778964033571,596.401990872709,298.959967425003,318.525247345783,920.932663779705
2967.67463348834,2937.76294217664,2987.16771063437,2438.41712391712,1136.95111717442,2922.11412314219,2903.14326124071,2924.80987914155,2922.22186436908,2662.43890498167,1140.02233080379,1027.57875463528,1840.24011520576,1686.32531364148,1402.50292992466,934.417928631583,986.475526137328,1069.76010031702,1438.20877215307,1158.68393888098,1618.6055289234,1137.10079382256,274.547124383248,730.500731756626,807.853786545022,810.982957243612,980.478810795829,1178.9633326546,1110.08632839771,905.966978070239,909.962898794742,1580.82643868793,1453.57623519287,2264.83594947376,2692.09876827014,2936.04126011731,2913.93138473854,2924.99397814915,1141.17094784778,878.407241435984,2719.00958116083,2861.76920413559,2921.02004090137,2828.00847203458,2411.75767476553,1263.93785606811,1523.64565355693,2231.31828662922,2355.88157542164,2518.87558539244,2574.65397556935,2574.53134243304,925.263985585433,1308.58274337189,2633.27751440197,2875.70453481605,2633.50793820988,2663.26603634482,2463.25478902369,1404.67340987921,1491.44418822203,2118.77119674424,2350.43462378186,2293.34429858079,2354.33323016316,2296.19416169983,1400.67438136781,1635.08385820122,2234.69430262817,2264.44589471863,2192.74188699792,2230.29076588362,2117.29411891189,1545.68675496087,1140.46854208989,1783.53286781707,2321.27379428128,2461.19986368161,2260.23063813231,1984.26032455931,1596.19352747577,1329.76008227884,1881.21182729621,1979.41562725066,1981.34522023053,2229.38397484705,1731.23585765119,1627.10897227107,1094.71655949804,1479.98967394371,1929.82389216341,1778.9609526067,1878.12163760161,1523.34719352855,1623.81668964065,1299.00529443647,1526.17140546249,1928.63667318021,1524.18173806899,1134.0083954165,900.04275263953,1042.5035070791,725.316396468423,1338.31023786696,1775.34349243477,1928.23920941611,2152.28430138548,2023.78933526328,1521.54927478643,1523.8379525903,2022.43233989791,2430.20095875716,2429.80510500797,2513.2511405731,2259.31271462828,1261.05921905001,1452.2789019838,2021.29764680888,2315.32582133411,2404.42093461504,2431.90474451618,2025.9344296847,1548.39023377581,1602.52724081023,2226.3970920875,2377.49157525655,2225.33418668612,2293.4506200627,2193.39437043938,1352.79368432093,1611.69680479287,2373.3186193127,2484.40474388787,2744.28519235586,2767.38255410747,2411.99514640631,1203.75877602189,1241.29674735381,2358.70894243307,2719.76102464802,2875.23677719017,2855.85948374248,2719.15498539665,906.295518129522,1474.80773779838,2292.02829627595,2155.90884723821,1836.20049226393,1785.90210598672,1076.86151445864,1288.4584382815,621.820471177966,1247.02372086314,421.262634241191,261.881985141738,265.919303877003,594.183763594127,296.158670786921,315.761882235459,919.379501095445
2967.65325563865,2937.80020443792,2987.10055431636,2437.87163390054,1135.43534621202,2921.97962649497,2903.10776500713,2924.65596428075,2922.08730988994,2661.80717201953,1138.5067745998,1026.94883537987,1839.00558253978,1684.9558706705,1401.00485281579,933.060279760927,985.05728875626,1069.23523604975,1438.31683105657,1158.33153530931,1618.89726908654,1136.46839462578,272.594091390797,729.23314365418,806.704771796537,809.838895690058,979.059657986414,1177.44017303234,1108.58882709012,904.689381512651,908.643857634126,1580.97770431626,1453.47777362818,2264.16081046556,2691.45563547622,2935.72484194466,2913.84528153353,2924.54599305755,1139.65555699809,877.35724229111,2718.35641639751,2861.16447008198,2920.54131448964,2827.36983925076,2411.20774750553,1263.78678354571,1523.67833477849,2230.59896978486,2355.3052702984,2518.31735342705,2574.07004295865,2573.94753466964,924.389895486863,1308.50283227829,2632.6611593062,2875.11535045935,2632.89206849875,2662.63300477063,2462.70986374983,1404.73917297042,1491.41634216722,2117.88311897018,2349.85971306636,2292.71109176781,2353.7567232288,2295.55992300473,1400.73243287251,1635.38250688136,2233.97243359402,2263.77289304986,2191.97039567477,2229.57218264093,2116.40522763653,1545.93018535697,1139.84212956082,1782.2407749207,2320.6755582253,2460.65539406079,2259.55704169717,1983.1882264264,1596.48378051688,1329.44429387449,1880.02063765409,1978.33785081004,1980.26957559462,2228.66458799523,1729.89784227538,1627.41363186781,1094.01723945894,1478.50489523315,1928.68543614712,1777.661819139,1876.9258914286,1521.87299351245,1624.06369561621,1298.90416501793,1524.70097496952,1927.49685662926,1522.70865857394,1132.49119526078,899.036164825602,1041.72100163994,724.040596079335,1336.78384614089,1774.03918975357,1927.0987798677,2151.45403366818,2022.76908292723,1521.77061687088,1523.87099449273,2021.41025383899,2429.65907678391,2429.26312925296,2512.69336562342,2258.64142315959,1260.9019862365,1452.17725837796,2020.27379843957,2314.72961311571,2403.87381624717,2431.36160141001,2024.91523115524,1548.63883995082,1602.72622824819,2225.6786437892,2376.93450361003,2224.61458129274,2292.8181923967,2192.62317294794,1352.77994999294,1611.99405364299,2372.76313335437,2483.85720047186,2743.62461193376,2766.72209236641,2411.44493106335,1203.49030017401,1240.83570125964,2358.13060593151,2719.10925162762,2874.64902708532,2855.24739548583,2718.50252391917,905.322617608229,1474.96261498887,2291.39525257134,2155.07886971598,1834.96224748112,1784.61323224556,1075.37962113686,1288.07576026886,620.387241264539,1246.57431218737,419.528079466285,259.910192855227,263.953511820493,592.709075833537,294.237766033869,313.870123364758,918.405664513827
2966.8630409035,2939.41333500062,2984.68926809222,2430.86531820396,1112.45228070873,2918.0317322941,2903.92268486656,2919.98773636951,2918.15644673485,2653.74267337392,1115.45630452848,1025.18629483524,1808.70488586324,1653.44561206828,1372.15748644628,919.127108453456,968.355606540319,1068.27289718133,1437.29594737379,1157.94056372347,1613.31775102529,1120.96673622248,253.748618358255,711.662225658434,789.438097521389,792.590699169689,962.479542534177,1153.2308506792,1086.77569486799,893.32175123393,896.231757461643,1571.47662643015,1441.19178766716,2249.07915836325,2682.45888452557,2925.89109349717,2911.91967405228,2911.76384732047,1116.58669506901,871.594004077087,2708.4164228579,2847.18972460559,2907.12764631717,2813.94236664403,2403.42377374908,1263.92648686048,1512.64433513531,2213.58864109249,2345.31899695559,2512.49492723842,2568.02869774636,2567.91035194256,920.832422030336,1308.50020565234,2625.46312959046,2860.92541128552,2625.68696391559,2654.52723080354,2456.35096949192,1404.17921290667,1479.79660518838,2094.88285259083,2339.91118487141,2279.51770420599,2343.72790397947,2282.35334343269,1400.14803379844,1628.91644063522,2216.91079364667,2248.76619892342,2172.83666691832,2212.57036051747,2093.34731830929,1543.26034456531,1124.38716175497,1750.95076052428,2309.24828219968,2454.37326240776,2244.46499848151,1955.36475119881,1592.35302352491,1315.55227858501,1850.02149304525,1950.32244570594,1952.34348985331,2211.61981859055,1698.19778282914,1621.78610074361,1078.27276946125,1448.01965757713,1899.46098781649,1746.14007112903,1846.74919497508,1490.59846588451,1616.00585547597,1298.77637892376,1493.5017876937,1898.20285021552,1491.45800912362,1109.53837843169,882.175837575548,1025.64594500624,706.438852268298,1308.51694748604,1742.33181165739,1897.76121572967,2130.17860673754,1995.8836744879,1519.78075648737,1512.84070317531,1994.44378830589,2422.90501496472,2422.49879388453,2507.05990168316,2243.60807799709,1261.00962481218,1439.83417156392,1993.23358177989,2303.27004169213,2396.25149001627,2424.53852160657,1998.15211881073,1545.99169470765,1593.92535130697,2208.59727095807,2368.28311029773,2207.47753787934,2279.65707237992,2173.51382707284,1352.5040205765,1607.10506292956,2364.13858844209,2478.14318660748,2732.73645585885,2755.0530400902,2403.5962834408,1203.28508506415,1226.212229563,2347.98954928871,2709.17294476908,2860.51890273506,2841.33474992532,2708.57002601254,900.307478337947,1473.43888723216,2278.18666290201,2133.91926562739,1804.50421325157,1753.49392589049,1054.8013398103,1273.88291906828,602.425522384445,1232.09476167701,401.012687047711,241.040076448668,245.092022245974,574.673609393584,275.438836944038,295.113549615005,901.746881191766
2966.02701851349,2941.08962879264,2982.16864883449,2423.71359688543,1089.15723945105,2913.8160778839,2904.76596866006,2915.01608436401,2913.96001178898,2645.70488099987,1092.087293316,1023.90411269457,1777.01293157382,1620.6249547973,1342.4290160271,905.502932892798,951.78908941293,1067.72995124718,1435.90173077572,1157.80334902395,1606.75025534561,1104.81779372461,235.657772262319,694.079238433706,772.033825352453,775.200149774845,946.047149514725,1128.606118945,1064.73350304387,882.392564177088,884.217190130374,1560.83624060965,1427.84953589585,2233.22491288586,2673.43645904039,2915.53598078411,2909.83847087234,2898.3943326664,1093.19732431034,866.484799025986,2698.39334577941,2832.74470062936,2893.11585781881,2800.13570818744,2395.41411791428,1264.11534655491,1500.49270619143,2195.6845783295,2334.91502778749,2506.70533497284,2562.07478529721,2561.96071414736,917.903670396794,1308.4457621396,2618.33137521785,2846.22582785472,2618.54674934035,2646.44692498003,2449.92049056125,1403.33809530872,1467.08689083593,2070.66884976568,2329.5431889762,2265.67073033892,2333.27689405028,2268.49526130231,1399.28997901627,1621.37929386337,2198.95689584596,2232.98999081962,2152.68178890311,2194.67375215346,2069.07088233971,1539.90834127769,1108.2812244821,1718.2590637044,2297.28727114745,2448.02491455911,2228.59419026338,1926.14350234802,1587.35821937503,1300.74531976354,1818.59430878871,1920.89905124844,1923.0150076504,2193.6771516291,1665.12392088343,1615.15037122696,1061.94583553715,1416.48317770484,1868.80406474438,1713.20516130202,1815.1342471413,1458.18474316869,1606.80855039535,1298.61234266738,1461.16491673563,1867.47157197992,1459.06875665548,1086.27840975556,865.030596324429,1009.06656640366,688.832906729473,1279.46333523524,1709.20121498015,1866.98306391401,2107.76454059071,1967.61108686001,1517.19389968584,1500.69263528407,1966.08503922673,2416.01872570287,2415.60120738312,2501.47332387175,2227.79691542979,1261.17131094552,1426.43405566342,1964.79665262992,2291.26689191468,2388.40994396294,2417.57979286028,1970.01282134356,1542.65784377432,1583.98347574359,2190.61124293091,2359.31808867548,2189.43207648506,2265.84409516523,2153.38546417263,1352.07030625784,1601.2793729082,2355.19793863737,2472.43484114056,2721.70179381453,2743.17584102129,2395.51645888796,1203.24510718349,1210.79720134901,2337.42121914853,2699.15195910917,2845.88219125177,2826.96695685558,2698.55403652135,895.915419194674,1471.44055573919,2264.32205881345,2111.63349187494,1772.64474192806,1720.98472943503,1034.08678619214,1258.83499181409,584.62999261572,1216.82097522945,383.001088709179,222.94643788209,227.000084539221,556.850987386423,257.357479459777,277.040943034429,884.778461609128
2965.97875940657,2941.18981282862,2982.01740636309,2423.16101575302,1087.39390980867,2913.57301064669,2904.80281872548,2914.72838871207,2913.71769823414,2645.04365629685,1090.32072668922,1023.56988465659,1775.01197611647,1618.50449456736,1340.3835437288,904.255971215066,950.378935081234,1067.47979501214,1435.91347939808,1157.65409516327,1606.60911225044,1103.78694688125,233.901981012838,692.676470421576,770.696349306386,773.865692032041,944.642604866882,1126.77892565296,1063.03602798934,881.307068733664,883.062158348119,1560.43809467993,1427.20575924166,2232.22330620258,2672.72184449457,2914.91746956545,2909.71760026992,2897.56957497356,1091.42992482439,865.774272316854,2697.62565537058,2831.79152221355,2892.24583180715,2799.19573411481,2394.82288261703,1264.07697576956,1499.9673040886,2194.56868919857,2334.20630329748,2506.19951247017,2561.54206132077,2561.42826307001,917.377173980474,1308.43003362988,2617.72216043812,2845.26848002466,2617.93740213152,2645.78299411225,2449.39839919312,1403.35532356444,1466.50645628019,2069.18272332245,2328.83735491847,2264.78061231933,2332.56607817364,2267.60380804781,1399.3027512212,1621.19630416968,2197.83702061941,2231.99313848785,2151.43840620736,2193.55870582728,2067.58161896159,1539.89370187675,1107.25525383138,1716.183837311,2296.49924926622,2447.5069614237,2227.5931216381,1924.33739444491,1587.28953250976,1299.92901147264,1816.62777074859,1919.08100328707,1921.20227729049,2192.55965929989,1663.00807398497,1615.0122223883,1060.87455412209,1414.36249328143,1866.89927151535,1711.1153645545,1813.15694245672,1456.029658563,1606.52351694947,1298.58145278223,1459.01523599319,1865.5627716456,1456.91535111176,1084.51594723587,863.773609200989,1007.94357287169,687.425124852622,1277.43403269071,1707.0999776717,1865.07185623549,2106.38957370176,1965.87458263886,1517.20427933096,1500.16757217945,1964.34373968916,2415.48085208262,2415.06280931701,2500.97741000705,2226.79991773745,1261.12875266681,1425.78605879266,1963.05093857323,2290.47865503919,2387.8285103656,2417.03780047952,1968.28269166171,1542.64651661407,1583.64074284871,2189.49260305396,2358.68296190792,2188.31020201821,2264.95593654719,2152.1433820004,1352.06854380857,1601.17537197969,2354.56517502875,2471.94182214527,2720.88216161166,2742.3162311016,2394.92188311497,1203.14031448637,1209.88281988468,2336.70370340458,2698.38505662891,2844.92849050601,2826.01376182597,2697.78703867071,895.274684734172,1471.44659550679,2263.43135748768,2110.26412064767,1770.63447107238,1718.91930285241,1032.45719297458,1257.97533758592,583.137739698505,1215.91875377376,381.353979207043,221.181501329442,225.238110688695,555.337550996829,255.617569727777,275.315447241614,883.545433658312
2965.94681786509,2941.25864752017,2981.9150626533,2422.78435361999,1086.17813164939,2913.41474172077,2904.82974157079,2914.54008585194,2913.55986187305,2644.58110167052,1089.10292065804,1023.32478233417,1773.66898151122,1617.07490346921,1338.99088394057,903.379123188001,949.39417324066,1067.2955537089,1435.93944728068,1157.54609015321,1606.54871703435,1103.09000928551,232.647318660978,691.696334960245,769.766419220199,772.938046258278,943.661314779351,1125.52218973902,1061.86334591241,880.538508711268,882.246433617673,1560.20244035693,1426.7947714467,2231.55696045255,2672.22345632252,2914.50466177,2909.64093747294,2897.01407620781,1090.2116073784,865.26016768808,2697.09188814399,2831.14125897771,2891.65887853062,2798.55140297231,2394.42247268889,1264.05350047881,1499.64155109193,2193.82693206966,2333.73134152393,2505.84779390933,2561.16858138554,2561.05497236681,916.992550002605,1308.4258418478,2617.29498354519,2844.61674640934,2617.5101861879,2645.31857202703,2449.04000256754,1403.38199531955,1466.14110812129,2068.19369518175,2328.36455837244,2264.18783797397,2332.08983867391,2267.00997851311,1399.32604984229,1621.10936739686,2197.09235645433,2231.33002715866,2150.61221092711,2192.817596684,2066.59058620252,1539.91164081836,1106.5618674707,1714.78926608513,2295.9733839457,2447.15128633236,2226.9274524449,1923.13112826631,1587.27574271814,1299.39199099255,1815.31028652573,1917.86676782727,1919.99154964665,2191.81695920133,1661.58404920561,1614.95461046825,1060.14697598743,1412.92334950166,1865.62519133842,1709.7110169945,1811.83230327473,1454.56962214853,1606.3672865291,1298.5661266875,1457.55892929703,1864.28607011255,1455.45646889655,1083.30060094007,862.905310671819,1007.17697363024,686.441195895689,1276.04926481864,1705.68799701797,1863.79359527264,2105.47565669002,1964.71670904891,1517.23686525567,1499.84206235798,1963.18270220233,2415.11411252738,2414.69574521419,2500.63216579506,2226.13709282909,1261.10218187905,1425.37213412291,1961.88697637379,2289.95309784557,2387.43482604411,2416.66827690581,1967.12884691403,1542.66693004121,1583.44405313131,2188.74939813265,2358.25549295962,2187.56487749193,2264.36447376858,2151.3180114219,1352.07773221625,1601.13928227365,2354.13951573771,2471.60058516971,2720.31407858966,2741.72222471694,2394.51933746339,1203.06643041825,1209.27266058686,2336.22290003855,2697.85190308903,2844.27920938361,2825.36292782632,2697.25377546554,894.810436132666,1471.47200207016,2262.83828329324,2109.35360862713,1769.28535236692,1717.53114405299,1031.32866668281,1257.40580705059,582.088578784151,1215.31722517989,380.184349835174,219.919657656132,223.978588125292,554.27189419965,254.375347161252,274.084513996291,882.694814372333
2964.66689899936,2943.52880177855,2978.34397781885,2413.02501926815,1058.4256592529,2906.21176716224,2905.63848591298,2906.2281792143,2906.39888462071,2635.98780704036,1061.21054077521,1026.27140529685,1726.74724890292,1569.81008750971,1299.09093777391,891.627791411534,932.915400330229,1070.47178778236,1430.98343832423,1159.64298822281,1590.46692126923,1079.6554608614,219.558605951039,672.352644770429,749.50146431235,752.645689761639,927.442385301948,1095.3969447413,1036.20547837476,872.838935665661,873.020333916289,1538.3532550047,1402.76028082084,2206.71819741283,2662.1770832762,2898.64484458739,2905.68572890275,2877.45714051563,1062.27897609476,865.725461615357,2685.52199534597,2811.55597629233,2871.34403529397,2780.44916082148,2382.97653916696,1264.63176752549,1476.34917024227,2165.71846301627,2317.92750119906,2499.32977276694,2555.11441776209,2555.005986767,919.544533849682,1307.82523703774,2609.95045228868,2824.41046410645,2610.14385300631,2636.6718951698,2440.76570599954,1399.85452425059,1442.49102282566,2030.56135145081,2312.57093527353,2242.55052815534,2316.19255486746,2245.3865224979,1395.8489836432,1603.23114258779,2168.95448318097,2206.59815145977,2118.97004795229,2164.70441794725,2028.84687430974,1530.05406589218,1083.14105128706,1666.75365063428,2277.42804634437,2439.00876780805,2202.00412729128,1878.63422966056,1574.00586266114,1275.02996605264,1768.28978962576,1873.06435001153,1875.34059667945,2163.62614381247,1613.43786205496,1598.61597333281,1037.09581500185,1369.5159876123,1819.3377916903,1661.31706703166,1764.52151054655,1409.4071270232,1586.07939733837,1297.99110489026,1412.48883936431,1817.875929365,1410.32448941225,1055.63107268284,841.612327854116,984.547006834946,667.142573075116,1237.76597017922,1656.99731813145,1817.30330559086,2070.39319088691,1921.27813889259,1508.97186038287,1476.55223570985,1919.60663824468,2405.73686007034,2405.29654710415,2494.44680803963,2201.28038916225,1261.6961939138,1401.26814378429,1918.18831155241,2271.25925217186,2376.20905165794,2407.18771975178,1923.93513128891,1532.78739389653,1562.33612880385,2160.4438538002,2344.9403339973,2159.1618592974,2242.7780382639,2119.72417470566,1350.10813126352,1586.31867288764,2340.81777160351,2464.84168250067,2707.14716758184,2727.14130393529,2382.94959353701,1204.45971631607,1185.34978764088,2320.16520499682,2686.26961124291,2824.16547471203,2805.99458021048,2685.68717804317,895.754196023059,1464.94986759771,2241.15748164887,2074.52772352881,1722.09269019983,1669.79663430872,1007.93880655766,1233.31535384361,564.097525282644,1191.5234677852,364.955743137256,207.021780064441,211.021099556268,536.665581174102,240.968122667589,260.388598178381,861.373295048781
2962.87499603655,2946.57140720818,2973.46556893014,2399.20656703914,1021.64244113723,2895.69759695812,2906.43752652916,2894.18064580158,2895.94858414265,2624.89739924272,1024.22186572862,1031.73440728158,1660.89980824594,1503.96086138676,1244.47583682457,877.722988604167,912.292755312117,1075.98016924728,1422.97866237662,1163.11314038481,1565.86285875884,1046.94841809667,205.404154247883,647.291250663518,722.785298042988,725.876397451575,907.202935795985,1055.16838003585,1002.42288813977,864.607289294948,862.685637368965,1505.794220298,1367.72623896881,2171.07609041357,2649.09991090176,2876.28851786541,2899.70828931026,2850.24753921373,1025.23064117168,868.742184399285,2670.34046913994,2784.83571424504,2843.15136920807,2755.95706825039,2366.64542408556,1265.35024373271,1442.02867461767,2125.44225646168,2295.21537992131,2490.52490171396,2547.26361472003,2547.16182347834,925.107947059709,1306.64123909772,2600.53113209699,2796.74978505645,2600.69102212318,2625.51178535092,2429.18015333793,1394.03331442512,1407.81925691751,1976.98010513739,2289.85251974803,2211.44328905689,2293.34093093774,2214.3121276801,1390.1220084018,1576.00965673558,2128.65715801387,2171.10020189733,2073.705388426,2124.41487325494,1975.1032844031,1514.58526728268,1050.4374692817,1599.48795404438,2250.73168702802,2427.60791407065,2166.21864114741,1815.71086848189,1553.47244494399,1240.11717680574,1702.12634478232,1809.71353541521,1812.20462083746,2123.22497351795,1546.18167444847,1573.60460793953,1005.12558683824,1309.72857279621,1754.04652290843,1593.55406635701,1697.95000298743,1347.01687352224,1555.51513946799,1296.90249173955,1350.21926670364,1752.40921553261,1347.9745775441,1018.97419758983,813.021917177887,953.412656626374,642.168736381331,1185.61992979659,1588.81924270213,1751.72119954985,2020.31057676906,1859.69884380713,1495.86741762278,1442.23444806781,1857.83249208365,2392.43686576541,2391.96389492606,2486.11026053822,2165.57794285649,1262.45440761973,1366.1423356529,1856.24124118322,2244.32001995576,2360.16617497648,2393.74753681725,1862.71457531736,1517.27246069798,1530.71792687594,2119.86232869449,2325.82394889916,2118.44117059044,2211.7414348685,2074.53030349753,1346.7604761025,1563.52322442333,2321.67288222508,2455.53955699563,2689.73633718776,2707.72775119429,2366.4397305187,1206.68014151329,1151.46874818769,2297.09992949373,2671.06575794699,2796.63258915429,2779.60831801498,2670.50764896652,899.251812482643,1454.55016176762,2209.98245589014,2024.82839933237,1655.85940839863,1602.96107126189,977.420452426421,1198.97791440758,541.442539545516,1157.79722607527,347.113874847606,193.194181680254,197.091016635053,514.67954931385,226.265892107888,245.189804401629,832.652081035012
2962.46395493592,2947.22843744046,2972.38036183943,2395.8706116004,1013.46804287299,2893.15104740852,2906.50466992791,2891.2876053026,2893.41795871979,2622.47139209892,1015.99834286132,1033.17438446346,1645.60119866619,1488.75906005883,1232.03950517666,874.904825875476,907.909054122113,1077.38426722703,1420.91778605882,1163.95976367319,1559.81305503014,1039.38861635655,202.768587692184,641.800131771611,716.854613199134,719.931105175398,902.911136707375,1046.17758313214,994.951809348051,863.096322111837,860.696283256818,1497.93285524788,1359.39030491826,2162.56455902503,2646.23580866196,2871.09448686979,2898.19793812247,2844.01256866559,1016.99273030452,869.792007699382,2667.00660419222,2778.81872923331,2836.70800673476,2750.47731841713,2362.69654541298,1265.45898956422,1433.80408096737,2115.85423187678,2289.73586982783,2488.4560513719,2545.49138579589,2545.39095318637,926.681052595545,1306.2701647776,2598.46449554039,2790.50440820858,2598.61609358452,2623.0711218029,2426.39347174662,1392.50532316095,1399.53812316277,1964.34384594566,2284.36598477874,2203.98405027213,2287.82732281765,2206.86392365691,1388.61967137817,1569.34055091974,2119.06944413302,2162.62027297007,2062.96280739717,2114.82209091847,1962.42824080176,1510.7070728775,1042.87590661094,1583.89226232365,2244.30313279113,2424.86312963898,2157.66790153265,1800.98611457304,1548.38133669249,1231.90312886294,1686.71817306595,1794.89057836759,1797.43164765222,2113.6058818771,1530.62164072581,1567.45313375995,997.76762163351,1296.05216839495,1738.80685271583,1577.84517529203,1682.44780219293,1332.71361672015,1548.08172202012,1296.5633794382,1335.94190556703,1737.12845855384,1333.68008589177,1010.83085573355,806.589854440319,946.286776968551,636.701713552018,1173.79225057149,1573.01512879438,1736.41327228152,2008.46146367817,1845.25365789292,1492.55550623676,1434.01033754232,1843.34205505329,2389.21424188276,2388.73330371487,2484.14803647555,2157.0436724536,1262.57526936827,1357.78618308233,1841.71084034071,2237.82703039836,2356.27737797295,2390.49417756187,1848.3553626261,1513.38106996957,1523.05728736738,2110.19703795222,2321.19479686126,2108.74331187545,2204.29821181709,2063.80471113518,1345.85039608148,1557.89660685986,2317.03213753563,2453.31491705044,2685.89885542504,2703.43141601522,2362.4488263038,1207.19487249535,1143.55953742541,2291.54072569431,2667.72581823496,2790.41597627102,2773.67337772632,2667.17368150312,900.380339685103,1451.90464716996,2202.50594464559,2013.07294745245,1640.47061646392,1587.46599671975,970.717462271006,1190.92781378605,536.587700046598,1149.91942180073,343.518660833937,190.64341463571,194.513609296692,509.999597520688,223.487908771624,242.282710654074,826.175212524805
2960.30674002267,2950.40820333178,2966.92182510856,2376.42069405145,973.153478623154,2878.40532528919,2905.80809001722,2874.74875884716,2878.76815466702,2610.60833826888,975.401885315608,1043.01754019168,1562.61639255338,1407.32354495386,1167.28429079398,864.164514084324,888.600636706017,1086.53381652866,1407.68860049466,1169.17210979048,1523.39077911724,998.575030464689,195.231212097822,615.323927088306,687.404729391207,690.377903138751,884.132942944995,1001.25326658366,958.529433292456,859.353020489015,854.458375559076,1451.98586697267,1311.89183147631,2114.02139907313,2632.22035921251,2842.91079833395,2888.91567968342,2810.95760469055,976.312455734093,879.42100619545,2650.6248113831,2747.88183785456,2802.70170415011,2722.62869304662,2339.6396759745,1265.5924840899,1386.34917992407,2061.4754389624,2257.90963385141,2476.8663497039,2536.23056300356,2536.13576244062,938.425689458418,1303.38255286506,2588.27603653418,2758.23977333253,2588.37792762784,2611.14292134396,2410.21799912077,1382.45679103511,1352.0343969134,1893.86627748961,2252.4484110794,2161.13557384118,2255.79989443605,2164.10790351397,1378.75123737149,1529.41501599202,2064.74242120789,2114.23037584527,2002.36821112792,2060.40152970208,1891.73001917334,1486.67072455659,1002.02607910786,1499.63624305708,2207.10274976641,2408.90525247765,2108.85543056566,1720.02035367694,1517.33493212283,1186.04319875066,1602.76453439555,1713.40403375885,1716.21663685483,2059.03901779359,1446.91110572845,1530.40102175416,958.374997127929,1224.14693390426,1655.41225142225,1492.99880996575,1597.99202452823,1257.16539359882,1504.10552737272,1293.95497292995,1260.51213370856,1653.50784723502,1258.17316671288,970.703122559872,773.7162290198,908.555453802108,610.396128620122,1112.71637670567,1487.66464664506,1652.64159576277,1941.99565080152,1765.46885388968,1471.7920811916,1386.5565652276,1763.31205891282,2370.3112417267,2369.78339488856,2473.11573071933,2108.29332333586,1262.8056963156,1310.18861546953,1761.46618577905,2200.20008796498,2333.48066863039,2371.44185643151,1769.0627316283,1489.24641666092,1478.02212751809,2055.33809916751,2294.12738092119,2053.70548514562,2161.5328417921,2003.30749662693,1339.63456816297,1523.81858342853,2289.8542191698,2440.4929521034,2666.92082593512,2682.02683519061,2339.1591307701,1210.15310121646,1100.04125110485,2259.30453563588,2651.30314599015,2758.2991228627,2743.22122711536,2650.78617055692,910.084467178393,1435.18382076341,2159.54913764207,1947.15994880418,1556.99209576826,1503.76258373133,938.576601571887,1146.27798249673,514.389161979322,1106.52551785756,329.669712309542,183.661315547776,187.356587460169,488.958646862003,215.015181816317,232.961939728253,792.907149766488
2959.42094985499,2951.61207031184,2964.76396525795,2367.83197776499,957.12918377466,2871.9644296081,2905.19186331687,2867.58375597662,2872.36999096975,2605.9117556953,959.256362748429,1047.48424574887,1527.83483747118,1373.43548378843,1140.75336974177,860.598693325828,881.442357823551,1090.60162700412,1401.64414954163,1171.39797408607,1507.34599593974,981.543632313331,193.501311607425,604.949183627609,675.662001759978,678.586844909663,877.20330852303,983.263554179964,944.146507075691,858.685462581016,852.772818283415,1432.04320586486,1291.53008016442,2093.02293558339,2626.69123833076,2831.11635109117,2884.71012345414,2797.33712779937,960.130583534373,884.21761939403,2644.16254012292,2735.38069734128,2788.7315817481,2711.45429440819,2329.47063077878,1265.46524337135,1365.88136875301,2038.04262808069,2243.95754990684,2471.82285221849,2532.35503275705,2532.26209974032,943.945214553496,1301.9045944809,2584.1997417269,2745.16438404763,2584.27972192499,2606.42313223134,2403.07422376689,1377.80092939629,1331.60341845211,1863.82650464419,2238.44341813662,2142.50941143852,2241.75951890584,2145.52927127071,1374.17944516323,1511.87994288058,2041.34487987857,2093.29089168738,1976.35330135232,2036.94696557963,1861.59543260154,1475.91646639797,984.973682962111,1464.40662879075,2190.84793321837,2401.84921045153,2087.7291979889,1685.81320779083,1503.56688695405,1166.57994950756,1567.48694035288,1678.98240866298,1681.90848744538,2035.52244468235,1411.99414140293,1514.07662436102,942.007178316945,1194.53413524676,1620.28123343751,1457.52887665111,1562.50692597053,1225.97581689764,1484.90546050314,1292.61670193853,1229.36654396896,1618.28170383615,1226.99928126462,954.761118350776,760.3927931598,892.968123502804,600.101230591628,1087.81037840488,1451.98748963034,1617.35151361489,1913.56392277469,1731.67130358437,1462.44494721854,1366.08889383689,1729.41226471305,2361.93108992899,2361.38267811534,2468.29791902452,2087.18565729427,1262.7257283228,1289.78796135094,1727.47738247002,2183.74644766092,2323.40147908395,2363.00438345376,1735.47724887263,1478.44528616816,1458.4197609958,2031.68852957752,2282.19866510129,2029.98067172852,2142.94030957348,1977.33461414172,1336.68114739138,1508.76041943795,2277.8662966013,2434.82903330521,2659.41722618252,2673.53290245538,2328.89189889035,1211.33978641425,1081.70496074366,2245.18808187004,2644.82187232581,2745.28303446672,2730.93150324499,2644.32017467997,914.834591608302,1427.61462776596,2140.87380716784,1918.97074911224,1522.00314306605,1468.76525621702,926.00652894698,1127.38941121713,505.977500444036,1088.23081257076,325.068479282151,182.18357859865,185.799325800396,481.074958391683,212.860002754589,230.421162863628,779.386018112042
2956.88324076968,2954.55764302914,2959.00253955395,2338.03151123979,912.417984061917,2850.68799832099,2901.19174102225,2844.2706347716,2851.23783740154,2592.35277641186,914.15855188552,1062.60720864338,1421.02369223501,1270.75783856822,1062.55965424042,854.21589209137,864.095162540835,1103.9698098118,1380.5728538595,1178.20157816979,1454.39614915769,929.381923505616,194.051625024677,575.984237565924,641.981871681756,644.736812766049,860.588480961291,932.377921312457,904.492014296174,860.963072306745,852.08994749651,1367.59643021348,1226.84026039385,2024.238536834,2611.06551021673,2795.19622238423,2869.8917415583,2757.06661188784,914.91496682923,902.444847196736,2626.09761052173,2699.66763995668,2747.66772912144,2679.87182466193,2294.45614970239,1263.98608067518,1300.30993601689,1961.93516721904,2196.8063840234,2454.3167667944,2519.57908568158,2519.48876871958,963.554532618363,1295.89261778355,2571.99818695887,2707.64067861339,2572.00617144622,2592.81870647878,2378.09961046825,1361.23418457688,1266.40160792452,1768.48951206726,2191.03940604736,2080.83893669961,2194.3163144347,2084.05764650178,1357.911472506,1454.26957964513,1965.42827565632,2024.65307888042,1892.54224928062,1960.74740777948,1765.9564538886,1439.59938887823,932.721835608265,1356.72793059785,2136.39945819125,2377.11643894246,2018.46521780536,1579.16171925341,1457.68369829823,1105.58115090828,1458.64545797199,1571.70174391231,1574.97051690042,1959.13042029194,1305.75419558853,1460.19764522584,892.173768133847,1106.48097314867,1511.37399780452,1349.16259756929,1453.05301562821,1132.84133027701,1422.35261634664,1287.14328810058,1136.33265635785,1509.08329650139,1133.90299022434,910.322967478458,721.240730170267,845.891962255783,571.417109091208,1015.03824845941,1343.016107031,1507.95541867692,1822.67454419603,1625.76440695016,1430.59285811773,1300.51641426315,1623.19808641332,2332.62857018637,2332.01215118939,2451.41895375908,2017.93238888181,1261.4236878283,1224.99105615642,1620.99872933104,2128.57157506046,2288.53612818731,2333.5617215238,1630.24861339698,1441.95752658188,1394.82437038482,1954.82837661804,2241.35900798353,1952.89041614591,2081.36448234823,1893.65848155582,1325.77627902987,1458.84351422249,2236.76658729348,2414.79109382283,2638.51474448319,2649.82922213292,2293.57759415081,1214.50903906612,1024.79593612619,2197.5878603312,2626.69046856918,2707.92332819774,2695.8928769031,2626.23678491264,932.528504334987,1401.59454300767,2079.03096022545,1828.88297686289,1414.55906823987,1361.79561933042,891.978432092898,1068.44623420088,483.759011094403,1031.40160508654,315.856076176366,183.589365869467,186.934947944563,460.657322478256,211.965363336836,228.216328890779,739.485736673568
2956.00500278291,2955.4221361445,2957.13436159926,2326.24898163925,896.99724525234,2842.5463723804,2899.16866064286,2835.4370270032,2843.15203041853,2587.55060235182,898.594376961499,1068.28335250869,1382.06587936322,1233.61563956862,1034.72258795744,852.717304177483,858.632072669238,1108.90607631119,1372.3740629276,1180.58168714974,1434.42586344269,910.395139012631,195.186992797226,565.896959918994,630.094158426257,632.783671567385,855.39775262923,914.686643556582,890.909063581498,862.557190962781,852.644362430048,1343.5480185545,1202.89610645611,1998.08179178671,2605.64007683281,2782.19165117709,2863.99167519061,2742.79499490822,899.30664214062,909.658225430488,2619.89786644068,2687.31589778175,2733.17737163122,2669.02589895492,2280.69060276432,1263.15922334691,1275.94418169556,1933.15580315153,2178.50486520082,2447.34993547134,2514.61750644417,2514.52734717802,971.103475505734,1293.34904772202,2567.54808646754,2694.62311027546,2567.52885008732,2588.00658235328,2368.16588466501,1354.71317494859,1242.21694879208,1732.98061645012,2172.62305735559,2057.22351342918,2175.90354101617,2060.52780308309,1351.50665302755,1432.59463113751,1936.73897322579,1998.54090412226,1861.0193724585,1931.92826730349,1730.33519204086,1425.72760615064,913.697697106531,1317.5712025009,2115.39162998077,2367.26321647482,1992.11240620603,1539.89219388673,1440.28723926208,1083.14451631102,1418.83401975849,1532.21056800746,1535.6024649977,1930.24086136553,1267.22844747833,1439.87714899992,874.082885495706,1074.98054406098,1471.42021394931,1309.76822540584,1413.02514996179,1099.44477559866,1398.91878719368,1284.81638941578,1102.96461776568,1469.02400579343,1100.51797921521,895.005812009799,707.259699847783,828.865053152413,561.437997446822,989.265098414659,1303.4094588964,1467.82407955849,1788.66328239549,1586.64569363694,1418.3657657553,1276.15001270586,1583.9694088038,2320.9899825575,2320.34765532781,2444.66221007595,1991.57192236236,1260.66727548918,1201.01039741545,1581.67617004243,2107.27096484169,2274.79213574601,2321.8814797348,1591.38272639926,1428.01868795324,1371.04854944577,1925.75396254696,2225.37271922355,1923.73265342636,2057.78125914524,1862.18605650661,1321.39028950218,1439.97224605594,2220.66607153218,2406.74656894935,2631.37974913281,2641.74203277796,2279.70384767016,1215.48595842581,1003.95508659728,2179.13780248512,2620.4647310202,2694.96064355388,2683.79090243776,2620.02863020151,939.471130680188,1391.55196867689,2055.34757621209,1795.17682444118,1375.37213767417,1322.89525849335,880.449650984336,1046.80704803292,476.244437011529,1010.58085752753,313.286242315485,185.049083453767,188.292169112191,453.827195269908,212.552508768192,228.306369455771,725.207948842369
2955.64893116532,2955.71531748748,2956.42396945258,2320.11356761123,890.447494037506,2838.68297136797,2897.9138648217,2831.29280878896,2839.31485157054,2585.17162925082,891.979053242945,1070.79142713925,1364.45328283954,1217.00645425461,1022.50028098426,852.361044545542,856.521906111164,1111.03365068334,1368.35356055807,1181.48749373546,1425.0736730963,901.745604029298,195.851522867191,561.384295249162,624.747891714837,627.406896296774,853.412437124286,907.110790887062,885.177080995717,863.548060543432,853.192097253035,1332.41571706898,1191.88508204303,1985.48075337626,2603.07314555318,2776.40611470251,2861.06159018891,2736.58612122521,892.670837097309,913.057384597644,2617.06653718787,2682.02094508205,2726.90072940104,2664.36747438954,2273.62661664999,1262.5409004929,1264.70608557284,1919.42188776088,2169.36369049047,2443.55237847088,2511.88246939437,2511.79189518005,974.566909563428,1291.9331209746,2565.23182632342,2689.04300720454,2565.2002803526,2585.62706512856,2362.90360688069,1351.45874580129,1231.07769369264,1716.43791772965,2163.4165400563,2045.71604917272,2166.71022332257,2049.06642647563,1348.3076873326,1422.47691646572,1923.0576532061,1985.95410356666,1846.11000317619,1918.17291460976,1713.74135589085,1419.1181625384,905.029753089741,1299.94510443951,2105.02336886452,2362.03107944989,1979.41140318704,1521.90893015241,1432.08487736277,1072.8686774791,1400.77163438311,1514.13395346135,1517.57924564073,1916.45416944201,1249.95055539704,1430.36304836493,865.850853492242,1061.08180256784,1453.22010537493,1292.04486022778,1394.87109993997,1084.67332735573,1388.03150537274,1283.50734952041,1088.20075140944,1450.77756865258,1085.75017048982,888.504738889408,700.942694740881,821.129951851413,556.975779249205,978.018232658939,1285.59719714507,1449.5457320862,1772.70815711247,1568.65427164468,1412.49911420255,1264.91152930509,1565.93054883751,2314.89327112381,2314.23876014249,2440.94388071613,1978.86044111796,1260.08332830363,1189.98404180799,1563.59727581776,2096.75583885403,2267.71614986508,2315.77243838934,1573.50664829268,1421.3769738159,1360.02329028135,1911.87673782412,2217.26472267046,1909.81884441105,2046.2866328318,1847.2997927371,1319.12347559241,1431.10843991942,2212.4952822854,2402.37371604361,2628.20375451187,2638.19764137159,2272.59308639678,1215.72681201721,994.431302644641,2169.94113491012,2617.62174716398,2689.40216868498,2678.60307482513,2617.19291380124,942.710599052737,1386.68918974095,2043.80685873364,1779.36463852167,1357.65915451077,1305.38142394025,875.637388095248,1036.90538035186,472.921599878428,1001.06258796479,312.244264686855,185.862868513469,189.058762627277,450.819989652168,212.96461376089,228.489582215202,718.74932603754
2953.84890842324,2956.28704672681,2953.57916443395,2278.50427933471,857.642983238718,2813.84087553116,2887.31049786272,2805.09448214131,2814.64435730412,2571.8111047975,858.773777223467,1086.69329838465,1261.10518245953,1121.4491107166,955.059861623131,855.645830948144,849.701280379695,1124.05800824023,1341.47106300585,1186.28020009391,1365.81357036244,851.080441787373,205.914626826692,537.950386956726,595.876168053337,598.332935774479,847.358747315591,868.154058703292,857.144864257429,874.347613666697,861.634311152025,1263.38493408167,1124.80073165317,1905.04588521481,2589.38029815754,2743.01522450738,2841.0391480261,2702.52115884014,859.337825709042,936.782506542527,2602.50315547031,2654.73751005526,2692.83688114955,2640.78910197507,2226.09267600045,1257.16400260774,1195.64307254463,1832.63343981938,2109.00451345297,2417.60616804662,2493.81533939979,2493.71767153309,997.600480121969,1281.44860220565,2551.39753227795,2660.06583023547,2551.28838217054,2572.30190536095,2326.93709417907,1329.31734876274,1162.89336801174,1614.88378548237,2102.54116854286,1971.37615238861,2106.01744973012,1975.07355080996,1326.53916663988,1358.66914794306,1836.69804273487,1905.5502509654,1752.82631374333,1831.22231467622,1611.87434413773,1376.24671094199,854.227342290486,1197.24043043243,2037.20571835185,2326.19574158784,1898.26590083362,1414.12390885953,1379.58765038595,1011.15396700275,1294.09192030602,1405.84919974915,1409.59619452615,1829.31858244421,1149.9449590022,1370.07589914398,817.949150509997,983.361879347971,1345.00722185856,1188.84872538442,1287.69546339992,1001.55468607493,1319.96111658596,1273.7814769435,1005.07686087669,1342.29718441413,1002.63836641545,856.011182205096,665.715710179046,776.534898069763,533.87640197931,916.84788267241,1181.93041802441,1340.8783924875,1673.85249796159,1460.08731568406,1374.11363780509,1195.8445319879,1457.09805204296,2273.28899377359,2272.55650728369,2415.35163009107,1897.58527332447,1254.94620359392,1122.82548548707,1454.54540417796,2027.91305944059,2219.91843933344,2274.15147108346,1465.64850833263,1378.28477442491,1291.38245211193,1824.1270723026,2163.04225109213,1821.8581702118,1972.00833673031,1754.15888487857,1303.25227952306,1374.68506788267,2157.79058787121,2372.14490904783,2612.20727894125,2620.45425145977,2224.79177138456,1216.10519998287,937.821635253818,2109.34642980479,2602.98060900369,2660.52352349085,2651.96527168852,2602.59431522754,965.011599215843,1354.59072624677,1969.24202230017,1681.4224255824,1253.73349226117,1203.3218197883,853.029990062722,977.704387842254,457.229815768762,944.427970732307,311.306430111444,196.886235233311,199.778135102097,437.168642246642,221.40149257245,235.451781632232,682.533922958902
2952.83591476681,2956.08278707088,2952.40389731273,2248.02006021246,838.125377360449,2796.52523163735,2878.66872157368,2787.04510768665,2797.4485751951,2562.79299663241,838.989510611772,1097.05360139578,1193.34790674303,1059.62068158183,912.513013282367,859.397362234688,846.98297099295,1132.32473767453,1322.61043165164,1188.84857078922,1325.66850936841,817.766073788146,213.451320365656,523.028477175848,577.295359068136,579.615135166717,845.152232972594,844.594626489062,840.705251270605,882.80987195571,868.667529919135,1217.12293214989,1080.15770270448,1848.99687841105,2580.56076753737,2721.49445151792,2826.5149052751,2681.40637029902,839.467291298653,953.150832737371,2593.48857165045,2638.57090477999,2671.90551803135,2626.94440864393,2191.53622747195,1252.7263689405,1149.53361697598,1772.61844487277,2065.83142095907,2398.23900727702,2480.38585788292,2480.28121066169,1013.12685298182,1273.56286698293,2541.6286051614,2642.81892039475,2541.46722735643,2563.32623821148,2300.3637118546,1313.60155370461,1117.43868798902,1546.15286996907,2058.9649826658,1919.10949281929,2062.61468104593,1923.07079196018,1311.081218366,1315.56456186846,1777.02187960898,1849.49455347701,1688.8057551252,1771.08395155678,1542.93455201672,1346.78713170198,820.815901905289,1130.23925334161,1989.07639651782,2299.68191569635,1841.69387552315,1342.42783933816,1343.81618946462,970.281681110199,1223.85391180017,1333.8527892398,1337.78939541133,1769.05994652487,1084.99672627781,1329.24082581926,786.505672039756,933.966746207343,1273.43574965976,1121.56821844256,1217.15722031864,948.541459987731,1274.1779177328,1266.4335402356,952.036633984326,1270.55483287689,949.622658463653,836.706249632197,642.852185086697,747.334626225564,519.181136993387,878.610616298818,1114.37029936614,1269.01541576426,1606.50222281763,1387.53597711586,1347.59351124899,1149.73202438994,1384.38126564186,2242.6896407879,2241.90339589323,2396.15107418359,1840.89491602415,1250.67722722459,1078.13917487808,1381.69439235225,1979.03761569722,2185.08918436617,2243.57064928953,1393.5712750664,1348.67152339461,1245.30165749209,1763.42942862915,2123.87243913995,1761.02578269136,1919.77452871372,1690.23431001836,1291.75131493573,1336.36228291786,2118.25017410656,2349.53942296548,2602.58881996428,2609.94305167496,2190.06720846612,1215.63973975386,900.440361390819,2066.06947071564,2593.91260617567,2643.32598414055,2636.21380718342,2593.55273455382,980.278880621086,1332.26861024109,1916.81466160485,1614.70032182805,1185.60776554721,1136.73095076766,840.115719140599,938.544508862453,447.511616621951,907.013846025835,311.479253168488,205.065148299932,207.753624957872,428.817991007862,227.849917433868,240.913335603692,658.987439771856
2951.36930088325,2954.32007791103,2951.91389498705,2178.72331301558,805.252585574004,2759.96634385923,2857.25010029761,2749.46078787114,2761.14151023732,2543.5747934401,805.581797329742,1117.19616366505,1060.12777339027,940.343496580013,833.488090666335,871.171885891594,846.472510372706,1147.77516509748,1282.0183706065,1192.25454627061,1243.00625484485,751.664993174918,230.409437830606,494.515530827464,541.340533036469,543.379322032128,845.672473467503,803.75517467822,813.741005447276,903.244056199459,886.615784402776,1123.17437752488,990.293194164477,1729.41965542989,2562.89323351253,2680.35159418187,2794.42851926606,2643.18836871405,805.882999332018,987.547808022225,2576.48969642631,2611.09962689669,2634.50032768075,2603.62635080774,2113.76233311592,1241.41120954301,1056.34026740461,1645.83745830635,1970.63978470105,2353.003901691,2448.88033157457,2448.75568887843,1044.78911674692,1255.1880977536,2519.72269417829,2613.35892323555,2519.45655408181,2544.24294833127,2239.29143138912,1279.29992277577,1025.74000645656,1404.99973309087,1962.8066464849,1806.33904342148,1966.94417685067,1810.91633283884,1277.32386803317,1227.13156006721,1651.06177365451,1729.82995496889,1554.89192895909,1644.01495880918,1401.36288278321,1285.0092496956,754.505251750805,999.445082120074,1884.01270935501,2238.65142889829,1720.93737020224,1198.60040872163,1269.60522830339,888.491594360397,1084.9427049729,1189.5144304101,1193.79890874847,1641.75863946469,959.02749916474,1245.1746945713,724.239428848811,841.182877795793,1130.98910240765,990.346690308465,1077.7278137306,848.429567856524,1180.77631144978,1249.22861418467,851.805983606135,1127.78650693895,849.486427756478,804.275822682677,598.169911344986,689.677987170057,491.133170101533,808.608527117188,982.682315486246,1126.01642121385,1466.97303632057,1241.07613563942,1291.59935172553,1056.53152640277,1237.62181231787,2172.83826367243,2171.93960240916,2351.05558053033,1719.81563675564,1239.72557523889,988.203538213996,1234.69894802982,1872.31221222256,2106.50466857172,2173.83701590765,1248.06434141414,1286.56675783136,1151.5145617108,1635.17006969426,2036.45064577242,1632.51293900893,1807.04762554456,1556.51459220216,1266.03131584437,1257.18783463143,2029.95395476949,2296.78463529474,2585.3516545267,2591.68313101334,2111.98555184218,1212.69043354194,825.895039368543,1970.81582477818,2576.80557151086,2613.92203305017,2609.51371133558,2576.49157417428,1012.04659506749,1284.74781472576,1803.69376943936,1476.47957464436,1051.69620655486,1006.70450437817,819.993423822795,860.291666051926,429.567882811472,832.360715723742,313.558903881563,223.319374202487,225.597012903899,413.641796451903,242.610011564729,253.680161498027,612.870096696405
2950.66606049253,2951.789254743,2953.07606905793,2112.74267472016,781.686629357936,2727.80914617587,2835.75971563874,2716.82165069728,2729.20256975783,2525.37932079209,781.570369616538,1132.78229792122,950.066377587216,843.584156530755,771.526200248186,883.192809319595,848.799456876078,1159.15145269144,1246.07173303262,1193.27588838632,1172.74181134041,696.185321448685,243.024486341181,469.958136401158,510.680164752526,512.487247323134,848.860696356506,773.668101412336,794.88320324512,921.878040270497,903.464768730958,1044.10715658949,914.954137462311,1622.44553610628,2547.01599886973,2647.53572200005,2765.04430882519,2614.44905854333,781.721415101196,1016.41905967497,2562.11694758025,2591.69044057839,2606.77687346009,2587.12817535381,2040.46247270938,1229.83596098943,978.100156137114,1533.50656466793,1882.73002970416,2308.56356768431,2417.44128591676,2417.29482532413,1070.68121925784,1237.69558056849,2498.2472607496,2592.4965467024,2497.89523067724,2526.20223464279,2180.47877994205,1248.52695051957,948.806231922669,1283.33877722235,1873.95348055444,1704.36400737596,1878.62048236538,1709.52930960598,1247.01832712498,1152.20005317676,1539.53615550314,1622.71938053655,1437.38937235066,1531.40945793395,1279.35399571093,1231.63554390244,698.847545816903,892.159650980754,1787.94438599077,2179.80324269597,1612.86926070279,1077.46052578904,1206.11646533476,819.979648811455,969.554054070296,1068.02643470253,1072.57291365501,1528.96738901912,856.343714662933,1173.73946958401,671.920945058318,767.756053908668,1011.94307746158,882.817930195424,961.979207177878,768.847697144199,1101.96262986686,1232.76392581234,772.071472545213,1008.49079096067,769.868148863115,781.090778002971,560.343201708815,641.164774217043,466.959269136428,754.470522652928,874.845280406155,1006.53855320453,1345.69694489555,1116.98085565634,1242.92392036499,978.285156648717,1113.30465357485,2106.10854940464,2105.11230810331,2306.55378762159,1611.40565771947,1228.46752338704,912.813519492134,1110.21367494291,1774.71874914941,2032.29710776842,2107.2762284567,1124.76311485753,1232.9112108825,1072.48439576983,1521.515194205,1954.77878459157,1518.66137888426,1705.089593207,1439.17489993156,1242.42026007751,1189.69844787548,1947.44020170282,2245.19203904582,2571.65661609638,2577.84325477564,2038.45692385006,1208.28659784589,763.401052193781,1882.98475772773,2562.34517573358,2593.06987192659,2590.67216870703,2562.06121817002,1038.45420314188,1243.09782986841,1701.40281097415,1356.33335111561,941.09963559159,900.010625499787,806.650642204714,794.710784008375,413.669827593504,769.759373929215,314.028476523049,236.991598568532,238.933963356799,400.005501621132,253.431239039134,262.87465045049,573.842832347686
2950.59320378103,2948.97556583941,2955.29815511492,2052.45835474756,766.965831115042,2701.35035151503,2815.70772872453,2690.32013908971,2702.91753494302,2507.69166634499,766.503503804252,1143.41746991627,865.224891785181,770.764886974189,727.013018196349,894.534608825504,853.144772691217,1166.19562595675,1215.52757294627,1191.91312402015,1116.13437001933,652.182933417434,251.214825923793,449.765538431255,485.807963473242,487.436072751477,853.878007284362,753.993489904262,783.609641763876,937.758877886105,918.244656985422,981.238541504945,855.340156582264,1531.59759319506,2532.13004348823,2623.28712181248,2739.86164181543,2594.62409734375,766.534812102451,1038.85168285767,2549.33031142236,2578.95737430222,2587.98908476467,2575.9695109919,1974.31301219234,1218.30279085946,916.083724198195,1439.18505444487,1805.27681861694,2266.25985669374,2386.63680157459,2386.46864452242,1090.07610507006,1221.50604457308,2477.01637906721,2578.90122155878,2476.6011673437,2508.67316403497,2125.9997865808,1221.95561316235,887.875275476792,1184.4853220697,1795.64083436806,1616.69081006046,1800.83548275037,1622.38024171487,1220.82600364897,1092.09034834131,1445.95087679915,1531.70446495019,1339.8633223798,1436.84349042355,1180.2345842581,1187.7067142029,654.702255895946,810.23906588728,1704.29780327693,2125.22594555832,1521.07348488445,981.786085047076,1154.53322172586,765.813336997036,880.004590378682,972.163240829559,976.88286733538,1434.26667329304,778.579946153107,1116.21660772543,630.359154421587,714.330656441783,918.843196096712,800.822941489062,872.224644364907,710.589010254711,1039.08313678574,1217.43047191023,713.640757622041,915.217368707251,711.565071049326,766.678280768595,529.966706900949,602.546496875297,447.062950836804,716.343954062429,792.693772603822,913.134883150744,1246.17458504612,1018.257458867,1202.54330811362,916.263504052808,1014.43840293617,2044.96470669455,2043.88967879594,2264.02176056723,1519.27640438278,1217.19646476468,853.168277365867,1011.2464962425,1689.76525741971,1965.22129551404,2046.33165061353,1026.64948217954,1188.75277827017,1009.54393053782,1426.08829718336,1881.87907354836,1423.09793285007,1617.41062473635,1341.77481186589,1221.45389604842,1135.12651270605,1873.7837207287,2196.52844311389,2560.26788805352,2567.06890905405,1972.16035093433,1202.55658656413,713.928018979783,1805.72166245209,2549.49785112913,2579.44929442522,2578.27696645256,2549.22652442786,1058.688310623,1208.16929276599,1613.46398456427,1257.71653970971,855.889148998459,818.497081446617,799.480341045644,742.822838260328,400.108516028223,720.184118030937,312.963170027444,245.986703344079,247.673668016966,388.170437659841,260.255032657869,268.45916214409,542.521307491919
2951.09883018212,2945.34404085121,2958.97880023905,1982.10164369388,755.412523297395,2673.3558976405,2792.02740785152,2662.64334504438,2675.10017748261,2485.8590863286,754.604838823412,1152.25571843826,780.625784523234,699.942222052227,685.767547333802,907.368084208357,859.538725461864,1171.17432962698,1182.53452241145,1188.22826114449,1057.87102860058,606.806862647972,255.925383598921,427.327193074015,458.876914962645,460.332160717327,860.945405175607,737.612985206443,775.278771100861,954.52261486097,934.193916385312,917.192329855694,794.68812416928,1432.07440107599,2514.19700324747,2600.43307462327,2712.17947364782,2577.50372533598,754.513286061054,1060.77982178367,2534.5191375546,2568.64051024847,2572.1612693852,2566.43763126367,1897.90177331932,1204.18995074367,852.99852897031,1336.9277992956,1717.61856125672,2215.2203585654,2348.60729463072,2348.41230084781,1108.30613047107,1202.73096661035,2450.55333972252,2568.03094769162,2450.07937389866,2487.04056869367,2061.69914863259,1192.84910036597,825.891914056723,1080.60019035901,1706.98538393267,1519.57855563185,1712.83466238556,1525.86504527756,1192.10961424355,1030.46060029639,1344.54933768809,1431.94848145045,1235.27370636182,1334.30826145176,1076.08830479319,1141.60728957078,609.184268838383,729.362430903598,1610.60442241494,2060.74896073719,1420.49680188444,884.021040259815,1101.03669006515,710.548094096041,790.106151062613,874.296472298351,879.156657279639,1331.60701659461,702.465221850682,1057.04216533738,587.339746070968,664.191539554926,824.652149209243,719.994271070547,782.201031079672,655.575152337768,974.896538529393,1199.55762396485,658.39861606642,820.874868207758,656.48984143947,755.44543323567,497.743760045457,562.373077845516,424.910829809068,681.79617012886,711.797327603353,818.67447615069,1140.58900180965,916.651144543665,1159.86385064243,853.173066434472,912.720997724033,1973.44440204412,1972.28738011405,2212.55407101167,1418.29322356279,1203.35798502883,792.490798198282,909.460059657554,1594.63364277983,1887.64189912107,1975.08488157627,925.644470543132,1142.41646341868,945.364458017858,1322.64333271022,1798.45333413698,1319.53392223439,1520.27209039007,1237.31047208337,1197.93147638126,1078.77459100918,1789.48983645812,2138.25777190322,2547.81512703796,2556.03724132693,1895.63613934456,1194.4059626468,663.230061897071,1718.39500407354,2534.635240188,2568.51769262975,2568.17785125627,2534.36419406117,1078.16591166019,1170.88142781798,1516.06435127884,1153.06561108355,770.971101406757,737.970619993686,795.057289406039,689.770340223453,384.029514306811,669.375185568837,308.835686027664,251.464970829172,252.908143434011,373.742060700514,263.661093709778,270.682198898976,509.372704113926
2952.83959756967,2939.48300907018,2966.21181535977,1878.24539119524,747.144503108773,2636.3764168855,2756.53872420297,2626.71238451194,2638.34421133913,2452.36540569758,745.913433953691,1160.2559531612,677.358811765142,616.722872767898,641.169047294609,926.110572997599,871.351962874669,1173.95393703692,1137.95577989296,1179.90301020165,983.624012293861,548.817974997014,255.667314768947,395.938521465575,422.306276793963,423.560250593647,873.589283481168,723.63432468106,770.573897359878,977.017215466504,956.19544876214,836.665156534668,718.558884525369,1294.7026572744,2487.45358148859,2575.14681823835,2673.82663898681,2561.72067364334,745.665280024154,1087.16315983649,2513.43368159684,2560.87813427613,2558.45117293853,2558.28151478905,1786.23999025851,1182.58915715548,773.834834556232,1197.48976548264,1592.18035609937,2137.56520899108,2289.6796463103,2289.442411388,1128.97235672545,1175.38854937794,2409.4234331216,2560.1174504055,2408.88445559588,2453.86745228205,1965.75937719507,1152.89540402749,748.106590444717,944.279907768354,1580.07304564809,1383.83068200492,1586.95460920841,1390.98300669988,1152.65518044879,952.313248492492,1206.37870555784,1294.17301232931,1094.49857162114,1194.46789770738,939.454262684135,1081.40792207929,551.023162294331,632.089728476768,1477.99975278199,1964.45397973742,1281.63805042026,760.427093320743,1032.19708992649,640.915057267092,679.269887100014,750.730249717941,755.706383205988,1191.63135898076,612.120102982957,981.68278477884,532.093743201845,608.689842387884,707.221809633003,622.996639458738,671.351497902338,594.005767844468,893.976364846498,1173.40612724907,596.448799039401,703.296723710192,594.814906644165,747.593039111288,455.055810882903,510.44606350392,393.855528723614,645.984553119823,614.872676062908,700.972802649718,1000.35087966904,786.9274330704,1103.64249207601,774.002923148253,782.91636046496,1867.61506407101,1866.35122420919,2134.01857767876,1278.8036461847,1182.11617567749,716.340252358834,779.62664391073,1460.02177625769,1774.11131388028,1869.7244701267,796.647507417615,1081.91303389616,864.569109807785,1181.59400482384,1677.66934512482,1178.36864011968,1384.45547790315,1096.68871890701,1164.80540699263,1006.65922564692,1667.437502712,2050.13941414304,2531.33548835063,2542.73066706337,1783.89508159433,1180.41642871446,598.976570095567,1593.61590219688,2513.50142902086,2560.4635349118,2560.4787607682,2513.20961212514,1101.08982740825,1121.18139233144,1379.92335227412,1014.03219751357,667.398713190557,641.029240331151,794.810409695665,622.735793461131,359.96287101507,604.970821386279,298.471221623212,252.083416270476,253.247965522866,351.567087083982,261.912039733613,267.580974020024,465.583851343302
2954.98694896435,2934.40133107744,2973.37013095776,1785.12097052611,744.632599757567,2606.95297153573,2725.36673810855,2598.52251765983,2609.08603881863,2419.63985423391,743.08320914239,1163.47866589036,599.284068923893,556.122423189624,611.391867210666,941.753420236769,882.504280702103,1172.88733019786,1100.64304468738,1170.12373189187,924.890523129486,502.379227901944,249.708481837713,368.268239043658,390.999694088418,392.111080978627,885.369784053515,716.983757117782,770.451466805915,994.687809243972,973.871046035712,773.723368255327,659.026570613844,1178.70183416397,2461.29564934182,2557.97032415517,2642.12398049603,2552.95638647889,742.712719816489,1105.94171976492,2492.92862175769,2556.96859413512,2551.46950391946,2552.77823163185,1687.07249230835,1162.45592948301,712.017305234094,1080.98947241024,1482.88893411975,2065.6989005568,2233.78524147574,2233.50967351647,1142.57404107324,1150.91382070733,2369.50638546512,2556.61540274257,2368.92774046515,2421.43478791083,1878.84226019931,1118.96448986661,687.329825630561,834.157196748778,1469.49601743153,1267.96913640375,1477.32157308605,1275.86436971528,1119.11542406256,890.797319687395,1090.98323625013,1177.78156205413,978.226795188715,1077.62312956942,829.106116491372,1032.64973347847,504.457637212034,559.626018137637,1363.62001641399,1877.16078343692,1164.38927674948,663.905071710505,977.232570365464,586.137621397916,594.715444388229,654.35217527072,659.368254506566,1074.70084050605,545.692545172842,922.115089650785,487.597515006996,570.720418424275,616.700527859264,550.90848460378,586.898983741455,551.407574292904,830.609874042928,1149.89004979943,553.488281841623,612.69674884354,552.114265160794,745.410597865064,419.446881553325,468.304653431456,366.421496288776,623.249792581425,542.963164085426,610.298128067435,885.878275920673,684.727797788405,1057.72816639532,712.180634019416,680.701113468792,1772.59693867039,1771.24936567013,2061.20825673167,1160.98640715159,1162.26976313628,656.797927716088,677.434498640934,1343.97362119929,1673.21690845119,1775.15818514624,694.974705914982,1032.91625589527,801.364834730275,1063.7866451044,1571.37480395872,1060.49984724802,1268.51455170723,980.52944984771,1136.00247134938,949.384212525487,1560.047992432,1969.29925355286,2515.62248883911,2530.55376991459,1684.71899811024,1166.23469731622,548.053271177207,1485.01430306615,2492.98006642194,2556.81030334651,2556.40878973753,2492.65177532173,1116.92990053203,1080.11556788701,1263.74055067639,900.491893858819,589.169055859378,568.732277539206,797.791255175021,569.815273359723,337.42118338149,553.926760684859,285.484291025672,246.733109914336,247.704015656112,330.343962259562,254.916889866887,259.645975317312,429.179148780217
2956.60591515582,2931.4299345046,2978.05212436901,1722.69929040193,744.188321440791,2589.38996484719,2705.46191748728,2581.83981259482,2591.61175140562,2395.12090131233,742.454816492695,1163.44872112843,553.182662630912,521.264661823736,595.198585655472,950.829524656172,889.30911562729,1170.21937706392,1076.75095434334,1162.26426750073,888.962115983438,473.266139072262,242.348677270189,349.287583712311,370.063587205452,371.097775472526,892.539524576013,714.216699830524,771.256718132694,1004.57935799901,983.934149035469,735.508393203639,622.742184782546,1104.63179571259,2441.28204421009,2548.62312084372,2622.72467461349,2548.59539664047,742.011341039789,1115.66202556871,2476.85618549262,2554.12576394098,2548.13045098181,2548.18720032139,1621.16315778578,1148.45155042329,674.452868141538,1007.1907073465,1411.40966128932,2016.03733409299,2194.09048033911,2193.79002278672,1148.91518419373,1134.39022575925,2340.1683491304,2554.35025665385,2339.57417144733,2397.10567574382,1820.03995944584,1096.98668239935,650.349256280663,766.075121819759,1397.19966699621,1193.41216299963,1405.64584610713,1201.7731859834,1097.37045693601,853.314032384658,1017.88483173835,1103.44641978473,905.205423421761,1003.60889265407,760.902969126566,1002.2623328389,475.274299560851,517.305842660665,1289.43567254852,1818.08646428624,1089.55011644998,605.649331437573,943.370423716524,552.478464982297,544.513804653702,596.243696030679,601.257063068257,1000.64680808808,507.25469965717,885.705488438209,459.536072397944,549.796490467075,562.572404784107,508.888973089475,536.813568950306,527.777471704799,792.12949923419,1133.94796715113,529.612594017567,558.541347685882,528.413930846437,745.164613485768,396.193388640228,441.519253746548,347.568786162247,611.334521752918,501.10970830985,556.109874697142,814.605630541456,622.69025223207,1028.92594431493,674.613612925906,618.678518734067,1708.88877889763,1707.49220675233,2010.85704721503,1085.77876213946,1148.43848153403,620.509046997804,615.448283517466,1268.76884492231,1606.16342779326,1711.75684564812,633.223499329357,1002.38695269183,762.989506908639,989.203799959641,1501.31551062144,985.895984586642,1193.89854796673,907.569751560285,1116.98633159326,914.244440713723,1489.29879796855,1914.00430579679,2502.97459793147,2520.54773472821,1618.83365190211,1155.76926789408,516.496563893499,1414.02824572172,2476.9146920718,2554.43954096031,2553.33253027777,2476.55161072985,1124.80402230774,1054.09466974554,1188.9896941925,829.756941532657,543.020986349196,526.463296109223,800.277896372769,537.168142200305,321.194613369118,522.3012021138,274.371193691883,239.697860193166,240.565399503547,314.822851059592,247.003869784566,251.231233080712,405.489401652756
2959.9569664843,2926.93154199719,2986.38555694143,1618.39595717799,749.335710245628,2564.94022383403,2673.51848681791,2559.16197951494,2567.26333299955,2350.05750911955,747.368280230659,1158.57146360058,493.708815356719,479.91064669002,580.411358815936,964.63963338265,901.383323156911,1161.37027259475,1039.58554998496,1146.16262902423,837.726343500347,431.167456676688,224.001876085779,318.460632949389,337.096735112287,338.044026185624,905.083229398231,716.659005372218,777.5312967385,1018.15214123442,998.329269684073,682.191944609517,572.136532991654,989.818833489733,2404.28665557157,2539.49844995855,2594.05150507959,2547.26849868427,746.824778885955,1126.08085436616,2447.07588221748,2552.06592204959,2548.32702128774,2541.63094151023,1512.26676974212,1123.85408551321,622.161011864176,894.470580533485,1296.02804876715,1930.06339354046,2123.55374785536,2123.21178777764,1153.58724797953,1106.51283813252,2286.73554520355,2553.94951901636,2286.13954106542,2352.36034175951,1720.62373484632,1062.13292462946,598.830949382385,667.168799072451,1280.51418937933,1076.19739920123,1290.00677247708,1085.28574017144,1062.8411739463,800.321300348014,906.280985939398,988.161620999864,795.507008418992,890.553280705731,661.864917809367,957.215884593419,433.087974708385,464.412810884404,1171.21434121423,1718.15011817476,973.572845825436,525.704287285344,894.31691673126,505.102547585532,478.596624450611,516.688529109155,521.61916213988,887.568782807708,460.614621772416,833.853998727175,418.619933112848,529.007777163249,490.060101012745,456.650301416868,471.226932283248,503.444178675351,738.241964728404,1106.91872805656,504.845830904686,486.049385743325,503.954573441743,750.590926706605,360.673219369036,402.045904437875,316.885992588527,602.677763881128,449.283623995429,483.607065654078,709.403324363228,536.247603879141,985.684872411246,622.318466393332,532.329780929909,1602.31017876067,1600.84730885621,1923.55243885882,969.190542318571,1124.09045084405,569.908011880751,529.218990439041,1149.02466642958,1495.31634062714,1605.72236401866,547.102456054441,957.142095190342,709.358032879306,875.358072046071,1386.84982960951,872.06730253165,1076.56499374669,797.942632337384,1085.93420960691,863.791702761728,1373.74688253731,1819.23159155236,2479.6597490545,2502.45487474624,1510.0536302271,1136.08779553473,471.563719959075,1299.58136446179,2447.18265342777,2553.83684545083,2550.60234391787,2446.73836080722,1132.31423927655,1014.34473501087,1071.4932373124,725.262155473935,483.616000891776,473.497062347685,808.293417625942,490.959344353521,293.364801573721,477.265088640416,252.030139370584,221.694633085046,222.452375624467,287.749312135209,228.069291400124,231.763558275617,369.449745984343
2965.02392874525,2921.81152698871,2997.58634013778,1473.99178697393,760.171977689812,2536.49149455188,2631.83702307701,2533.29194298898,2538.90003940712,2281.33608619075,757.950919826633,1146.67224800784,426.914998095961,437.155367278025,569.714462482619,980.999884351025,917.155770744812,1144.46610948822,990.393440503387,1120.64976275141,774.508608158736,377.99429127251,191.94771755591,275.56888442625,292.296024378386,293.162817859105,921.371179291825,724.840117060707,789.070193970274,1032.82344363893,1014.57111584224,617.51008311636,510.575129316422,839.918824614987,2346.98495774371,2532.23082512269,2559.00970987913,2549.16172500845,757.290539070345,1134.03320157356,2400.13259356713,2548.6569284087,2551.89759037333,2530.32656760199,1362.8834952459,1088.34260219049,558.754954002973,748.964055867918,1140.64946298197,1807.38763162818,2020.43898056885,2020.04155376458,1153.67698632458,1067.34694166226,2206.43312843756,2553.58570377239,2205.86170265805,2284.06310359879,1581.659384781,1015.32541663652,536.275582881221,544.374413860102,1123.440302952,921.541226049777,1134.35155063872,931.557511920781,1016.41801149916,735.415263178549,762.221521477159,837.60006929673,655.728102727114,744.620029725799,538.961947432284,899.841940383671,379.823625673175,406.815395554291,1013.6373545433,1578.4170591894,822.226083465738,430.983880251856,833.011161329471,446.852674034351,403.445932029559,422.63457226917,427.377728751504,741.648021640765,411.307850625809,769.961611336814,366.540976045487,511.82278601242,405.923930452284,400.081176012,396.652545620075,482.298790405501,672.7306188732,1068.79571033018,483.091613104092,402.004058644511,482.630242180866,761.759998784907,313.573351882377,351.310883438334,274.127956567471,599.420938881329,393.400887984336,399.588849724602,577.197735749838,432.56104445382,930.054048594732,558.908987957726,428.835957548162,1454.7147970289,1453.17760534806,1798.89556155625,817.028332256012,1088.88275329675,508.361189950636,425.942157805562,989.57923098148,1343.2658278214,1458.88979545496,443.697716862562,899.532874566218,644.235126849016,728.518712758973,1231.29471651172,725.301224406807,921.729996392701,658.228701301388,1043.30582883922,801.197435590895,1216.79605699749,1685.31022639686,2442.18463715575,2472.87286952771,1360.90423044604,1106.38610696046,415.667743942411,1145.5721488715,2400.35055130869,2553.18346144759,2545.95568876424,2399.76834193784,1136.48140762359,962.469644669583,916.499699379732,593.822549413616,417.058971483526,415.649423751265,821.27410977373,433.824787577654,253.125855508854,421.244892620781,216.553985511544,189.932484647131,190.596425175552,248.165406593784,195.512793754606,198.751418839301,321.835412249784
2968.18873779401,2919.45260809123,3003.85884463632,1383.5318272956,767.354450160691,2521.19045606068,2607.57894742166,2519.53729889962,2523.62483526786,2234.11599954849,765.001025434259,1136.9006356533,390.367585338458,415.019797299001,565.687901995305,989.44879211191,925.840451394273,1131.76232704981,959.917501437681,1103.08465545115,737.04433272149,345.97850325928,169.51607040117,248.334467648864,264.192570029733,265.021389587108,930.32755775917,730.752504932377,796.402868482361,1039.7877202097,1022.64181337541,579.575826685758,474.381462391734,749.888662214564,2306.82230283395,2529.06475099489,2539.55517266133,2550.31140027992,764.276069555267,1136.08601279058,2366.4323472505,2544.03116832477,2553.75155627144,2520.00458443485,1269.98026205375,1065.15899486281,521.567383617649,662.222050381525,1045.35064506091,1728.56985889593,1952.71487869207,1952.28483137185,1150.90870593312,1042.18350473432,2152.18287887068,2551.2116353161,2151.64002869131,2237.09047430206,1493.94064187362,986.070475903828,499.548001615014,472.937642573204,1027.15863982157,828.03326619139,1038.91894797594,838.578743734354,987.379834856704,697.136463609487,676.314886452446,747.16573092262,573.108442101022,657.635364835505,467.490311814148,865.154438338909,347.760472486204,375.96283655132,917.725213230358,1490.20838813303,731.388765255327,377.455193689658,796.390442343913,412.360442627611,361.989089014361,369.566035320485,374.164405236992,654.68913082812,385.422705782778,732.136020669126,335.040788603547,504.421657800881,359.003525848788,369.905366345428,355.595230607896,472.782832283862,634.271095447987,1044.23416475686,473.199293630436,355.164776538475,473.002941176777,769.128792017211,284.413692781847,320.447927501781,246.956689668036,599.612432613492,363.690754897929,352.782884261205,499.745211204798,373.553610225925,896.211763023373,521.7196303557,369.971585684186,1362.29683263393,1360.72168493537,1718.80673367667,725.709961888552,1065.87347521656,472.179066545934,367.230835357784,892.635910902685,1248.75552059878,1366.93862360798,384.794077372235,864.712651355455,606.026421872939,641.063785217859,1135.2879386625,637.911489308295,828.107848208428,575.634258898067,1016.294280245,763.978740481138,1119.98850122843,1600.05833528372,2414.47317398378,2450.27976288265,1268.17531090593,1086.4764618451,382.325118266803,1051.13822560611,2366.74355038676,2550.63451129693,2540.40756229965,2366.06285052887,1136.27801096008,930.612934337549,822.809454506898,516.745320411385,380.716173744863,384.584143659454,829.173464135831,399.87325266048,227.089854109776,387.83095704412,192.627024388175,167.627360416842,168.250433950283,222.418914836126,172.862204176601,175.902222681563,292.418610638935
2971.74278375824,2918.05411893607,3009.83618997842,1285.89278918549,777.281596919931,2509.03948696208,2584.07203832903,2509.04419589817,2511.4563243372,2177.15547985216,774.834636393486,1122.45616615716,361.681134447668,400.989519625128,567.768856624373,996.338954094106,934.217923225249,1114.46827092587,927.894004518334,1081.46656400157,701.029702920442,314.671459436541,141.693723404859,219.096984275382,234.631599368763,235.442468527412,938.903632546865,740.062987373093,805.91023226482,1044.15904292716,1028.49417455588,544.069963697693,440.475259046791,659.560246587617,2257.49889283028,2529.01554282517,2522.6117118592,2553.05599018178,774.055543095685,1133.56240327216,2324.20919854131,2536.75801223808,2556.78929784827,2505.2860339871,1170.81663837365,1038.6104254593,486.837925649944,576.491766243542,945.924567090925,1640.40507599093,1874.837727913,1874.37504337911,1143.22907592978,1014.06878463952,2087.82390821019,2546.95652941974,2087.33372996815,2180.37524551226,1398.17722743336,954.838761132754,465.203549713602,406.086263396435,926.781470398993,732.960247927869,939.413227879575,744.002032820692,956.340288130989,660.735994781317,591.388006708157,656.406060450458,492.896680420386,571.678671716519,400.658425396494,830.351246122794,316.418729275873,353.422447424447,818.966156425825,1393.88978731135,640.337481112832,330.975205516826,760.554444945401,379.653325505446,328.481522661167,323.67003040823,328.059890450521,568.792660817719,367.928891995573,695.84588444593,303.97565616277,504.137962806362,319.775304468617,348.172772621846,322.599038112316,470.885863787558,598.121512086157,1016.68454165737,470.895652503296,316.069425259713,470.984328124965,779.218343004695,254.432196764036,289.693294757242,217.749252052165,605.479845571557,342.537417772772,313.753858920566,426.011313395108,321.270288546875,861.829116141124,486.988767216311,317.886533788163,1262.56220295182,1260.96020470306,1629.18955534329,634.176086157039,1039.48632357406,438.292451158357,315.346064589783,792.975295117365,1147.92372376531,1267.70239334627,332.497206147405,829.791347941432,570.195655524384,554.755397883077,1034.02329611598,551.709494356589,732.903981187005,495.423344101967,986.785488701142,727.923802913177,1017.96385874675,1505.82946066931,2378.9676954979,2420.70864649358,1169.25200199426,1062.82167638084,350.270861453921,952.681624368639,2324.65866491329,2546.19243122055,2531.89155007172,2323.85126826006,1131.47546718598,897.676968042569,727.584864164763,443.244462660078,352.354591060508,361.70792243836,838.629672415584,367.461460714004,198.272145152857,355.705600475501,164.425948422477,139.833872117227,140.446956066023,193.684218029927,144.986078798864,147.977260833389,262.274751044191
2974.97487142217,2917.81385450635,3014.37608448278,1192.72262468065,786.286310555246,2499.9648438252,2564.02741547067,2501.38720061874,2502.33646734635,2117.98557108193,783.769500902251,1106.64854868364,337.802793880097,390.401782685249,570.945499767004,1001.04925924708,940.72266564049,1096.08347605768,896.956994907134,1059.29753723838,667.307769204266,285.213434905841,114.027834042256,190.913495696803,206.277191231621,207.076192703498,945.560047534215,748.751096917064,814.331539799351,1046.22192801856,1032.02895108338,511.116549291781,408.983274452021,576.70824559784,2205.36611780065,2529.54337830822,2509.19043366096,2554.38181111931,782.945535976752,1128.66525069501,2278.67700445274,2525.8349987866,2557.95235366954,2486.56561399287,1076.84604321729,1012.1438363822,454.62057341528,498.404420113166,852.946893148208,1554.23537654749,1797.16226948543,1796.67135139455,1133.51782880394,986.293636046093,2021.9722528226,2539.23736552913,2021.54520664952,2121.41394506266,1306.13896971723,924.501401863508,433.326541796048,346.57161368158,832.991292991089,645.244759533515,846.398178529533,656.699877261745,926.170916282831,626.786666389741,513.98169579426,573.162856198946,420.433250596362,493.403660125549,341.192345362448,797.287469462486,286.931531966865,335.275759389807,727.302904171565,1301.32461619772,556.905047993959,290.813486627672,726.805447290234,349.154423254219,300.345339111663,284.093246870117,288.263634925966,490.590072609808,354.354582879617,661.897371934841,274.676533947273,505.563905049951,286.399959712943,330.80901328155,294.974027194698,471.047278822102,564.532256645463,989.413875559977,470.680153381005,282.839620905922,471.03237729402,788.360068077973,225.838517418843,260.604219391132,189.585719262009,611.904021761132,325.746189308614,280.599976209231,359.968959263292,275.787273889888,829.028419194527,454.770163783721,272.60827729949,1167.47632506732,1165.85705474675,1541.63166431362,550.322816598837,1013.16314424467,406.821139533377,270.269602160995,700.602580787475,1052.45730949425,1173.0699699232,286.936239511148,796.624210593883,536.924097966736,476.243033797851,938.792868887167,473.313689912099,645.065082708983,422.946469480795,957.869640371319,694.083437386678,922.094441979105,1414.57457235859,2339.76133475165,2387.22742134197,1075.53209707954,1038.88517796329,320.258045313524,860.614449659679,2279.28314686393,2538.30973503802,2519.64039190996,2278.34311847867,1124.49437120018,866.041315426676,639.755282938085,377.323314241465,328.831575836706,343.198926778959,846.780934525949,337.176989428346,170.294196784931,325.625964178519,136.66977576036,112.171975703956,112.783005981614,165.734828332283,117.308888118476,120.289755502252,233.553116832562
2977.4031883213,2918.52460979377,3016.95723071993,1117.61364132055,794.015045538691,2495.38560845826,2550.08523146757,2497.8325120538,2497.68967385294,2065.04303283228,791.471423729113,1091.14789236181,324.518454872067,387.081002779228,576.509478378891,1002.87947793821,944.673892959917,1078.68833468556,871.849156861825,1039.3620583057,641.838610205817,262.946965153528,90.2469696475403,168.348161003804,183.839363860824,184.638636590013,949.576641479929,756.660534535058,821.269675310041,1045.4340110766,1032.5700399743,486.865745177835,385.857101824519,514.43045131963,2157.91995667492,2531.07505584388,2501.18762862745,2554.74249569179,790.621041530347,1121.43861534443,2236.4608534136,2513.39434680973,2557.74449723543,2466.99280134116,1001.89882779019,989.365051345282,430.991409636279,440.570738839594,780.403676132493,1482.3775606402,1730.70275381832,1730.19188279376,1122.46690045991,962.765620231471,1963.97051965079,2529.7698740011,1963.60963309325,2068.61544778282,1231.14380796411,899.600168322984,409.935787439764,304.879588528957,759.894353561649,578.490760612445,773.8720799287,590.213548503239,901.382043501848,601.40129640411,456.606841042789,510.585021739619,367.731093011926,435.449500764849,299.57848751369,771.399958772164,264.647836739456,326.528023947512,656.715390353642,1225.89937364665,494.282017749616,265.028490747579,700.924417217525,326.580669491107,284.011345300641,258.827702538442,262.789997295608,432.715094107236,349.029829102504,636.306536148791,252.40348710075,510.480590614522,266.042504715528,322.726769313043,279.094530337814,475.351109734131,539.693618965049,966.244476472038,474.687034187198,262.6271206575,475.246028189142,796.174482925658,203.517679035476,238.340036250227,167.020192586836,619.587964209976,318.164520733049,260.467202238784,312.906862155379,245.888241855434,803.09395191586,431.140104769038,242.899367886574,1090.88900150081,1089.26612467438,1468.6310302388,487.399174312063,990.484909475798,383.716598582549,240.742262668584,629.614380669172,976.393353178479,1096.83089692459,256.889330658812,770.667079578008,512.384482301485,418.214958066339,863.745125467759,415.401655322381,578.210050379764,370.215196497506,933.741619301951,668.355898481287,846.624534060285,1339.38495958331,2302.65527079279,2354.89435611368,1000.81772468563,1017.79499083228,297.829718317774,788.805481878033,2237.22099821329,2528.72110696687,2505.96075515805,2236.16024323916,1115.68751862735,840.675078041352,572.944789427635,330.234329292277,315.898703029055,334.095758320783,853.128632482236,314.653561444548,147.516943004163,303.142397074988,113.35211607631,88.347563051535,88.9717477742929,142.881120478723,93.5981386788119,96.6425303666781,211.176016042672
2979.8201956134,2920.57705475243,3018.3126141294,1033.81679936319,802.076185147661,2493.16232362987,2537.40705739601,2496.53289446391,2495.35755240232,1999.94908167227,799.52532090949,1071.36601521378,313.8034997441,386.645358584718,584.09163445344,1002.73707414128,947.335625667794,1056.93381236459,843.051363005882,1015.1247998368,613.760572140085,238.603770651439,63.098796415798,143.173081103929,158.906939902513,159.710193620582,952.267135771163,765.239517394628,828.237361149598,1042.08236552763,1030.77222890347,460.537944373965,360.820210809821,448.982468647099,2098.6187563468,2533.15372253033,2495.4796576248,2553.18073519109,798.653493085003,1110.43587351196,2182.74894034742,2494.28118378443,2554.9974869936,2439.10682819447,919.08293655503,962.37406901888,405.404018774794,380.524063689097,701.780613598149,1399.69182765453,1652.38923287174,1651.8597958989,1107.28779369019,935.132636503167,1893.72585690541,2514.3566760988,1893.45420619751,2003.64992441028,1146.66795541587,870.867197486704,384.610257226835,263.467521296403,680.77335788325,507.657242055942,695.315382093413,519.603238868591,872.75861665901,573.578813851674,396.964683003319,444.828702232894,313.827826368412,375.303815462389,258.289999588558,742.296064855646,240.287242729657,320.710024082209,581.095729317241,1140.94976380059,428.584814723275,241.221901242879,672.1593059414,302.085424262072,270.309189306326,235.633061133786,239.338833214714,372.675731313313,346.737508507118,608.130789922815,228.002283969947,517.929434032622,248.120615467087,317.663847635198,265.926090920603,482.437144865482,512.643163902937,938.976331735566,481.455780575389,244.889254518208,482.234903694366,804.310110019386,178.832758863246,213.889269432949,141.838805876111,629.103622406714,313.682541207386,242.833243378614,265.56931669235,217.761011950638,773.785967627033,405.551647872151,215.002503306998,1005.55456869347,1003.93791115403,1384.67421488433,421.416646278219,963.595293915543,358.707531236415,213.060277053149,553.734674286705,892.45586562733,1011.85577659055,228.518519659716,741.494875870567,485.704232794365,358.107562832387,781.730893336273,355.441650357831,507.266105864281,316.262119845833,905.637944739819,639.895575320993,764.247439322647,1253.86013142029,2254.50973295346,2312.12238392198,918.286403663297,992.450780970493,273.407360434683,710.979362515269,2183.7107301182,2513.19243476832,2485.29633051986,2182.50136900697,1103.01165636773,811.772238863198,502.086004029224,282.743180125668,305.630251022533,327.83174630893,859.180812582322,290.168400433456,121.962590047365,278.654387509212,86.9230644748611,61.1331670314098,61.7776178564816,117.203855800152,66.5580926948678,69.700466826542,186.444188972359
2981.83829868373,2924.36017365875,3017.45107049387,943.192174581421,810.49725766501,2494.91367528118,2527.70921977998,2498.97232404266,2496.94112735324,1919.88474758003,807.981343204409,1045.43278070463,310.324799753149,392.937595261171,595.6583493697,998.984825387936,947.520666828006,1029.11856597194,810.747759450016,985.300824837195,584.664685870284,213.893975836938,32.6204247066712,116.35480182405,132.596656360348,133.413075437563,952.400396666184,774.834930648776,835.044368376726,1034.23132050109,1024.77505482429,434.213718414998,335.984040920091,385.278942232338,2024.32995067184,2535.90131532217,2493.91040143653,2548.48530037502,807.101031716191,1093.2485480156,2114.16769194772,2465.52510077578,2548.18819631649,2399.54513694223,830.866827232852,930.388359686316,379.992592022564,323.509318943161,620.693845588638,1306.12212279475,1560.89783868489,1560.35397173824,1085.68813278454,902.846918116555,1808.83093555844,2490.21783207519,1808.68071141179,1923.67569787992,1053.96216030556,838.281558819153,359.474815648579,228.01136620018,599.339280517102,437.367047139921,614.379572257011,449.433571321478,840.260939720675,545.113586695966,340.217576741833,380.829195140789,264.275770414652,318.238573389248,223.030188540355,710.859863494711,215.562716896344,322.304916893932,504.68460650887,1047.73682043469,364.831964002684,224.864681302406,641.81093200952,277.66401512885,264.273451846561,220.002127090274,223.385217501192,315.757463144341,351.673553169243,579.007556233664,203.107813554142,530.459653902819,237.926168852372,320.110728312792,260.522501730313,495.17199031178,485.380125160514,907.02005823741,493.866188987237,234.934651163976,494.868958981569,812.773860646332,153.075268134773,188.798127862607,114.999044767255,641.990944449083,316.806170698387,233.018373957664,223.700909181927,197.119720739358,741.797238496574,380.138942307365,194.645354129256,913.431383588859,911.83875841095,1289.72550199787,357.432002756269,931.698963822223,333.909936919042,192.960429479968,477.346446965484,803.217258312013,920.078683882736,207.477984783982,710.002623636441,458.927279685692,301.284240937282,695.919325762033,298.810489429647,436.857931601992,266.626538566629,873.253189038355,610.172656263845,678.216265108294,1158.63292268085,2191.78922291119,2255.33450338153,830.42217705044,961.784328136924,248.853393599752,630.728600708,2115.39428058055,2488.95621871896,2454.5925663505,2114.0021233205,1084.16182752509,779.743944365486,431.830494029606,240.500806429068,302.732505542031,328.852381960133,864.485179642767,265.649121569633,94.3835457181422,254.019993036148,57.7255515997545,30.5391851250467,31.219468112763,89.3987643506889,36.2710821973485,39.5868987892052,160.673138437747
2982.89110981619,2927.55633146035,3015.84748116186,882.119239641165,815.269192972159,2497.31573962229,2522.86912866073,2501.66277668483,2499.21578505878,1862.79549134862,812.780915650746,1027.08224986778,308.329264707333,397.132601765195,602.887737667089,995.481365011828,946.680312289302,1009.50347418277,787.973586607357,964.318494389828,563.914645948803,196.800886045648,13.023994109712,98.4777364639442,114.938277800215,115.758738756928,951.516861467376,780.438020835132,838.722042941299,1027.98205828187,1019.75752059051,415.397106090338,318.342289519493,343.66745849784,1970.85907174004,2537.2112625472,2494.43528711439,2543.40989728032,811.896869212059,1080.74690636667,2064.31454500174,2442.64395765585,2541.37244073088,2369.08226872987,771.745910140902,907.924109663352,361.867674248273,286.470134737785,566.93703997369,1241.91910657904,1497.24983222076,1496.69847443296,1070.23970962469,880.160042288739,1748.82569255342,2470.5945165682,1748.76362453023,1866.62739259918,991.145278549846,815.341935861937,341.579559724209,205.357879855582,545.413313862929,391.277365056929,560.744216482463,403.385849937804,817.381270771508,524.779053558981,303.300599849398,339.037785226051,232.305969211042,281.183673138904,200.52219061704,688.596055106047,198.454988378667,323.605941099956,454.365294346543,984.590130781992,323.254317874226,214.699697771266,620.239843995518,260.477539584224,260.745693561272,210.32872356232,213.489277829518,278.806991955047,355.087776812601,558.234581098249,185.955694861488,538.444083260915,231.753576366011,321.975089723242,257.420068109946,503.359143944279,465.874071276784,884.554971027406,501.84551470122,228.92895704049,502.991209902136,817.568890716226,135.643291616659,171.593744188752,97.1154932105171,649.986887503671,319.123646194903,227.110332683996,196.881510610744,184.244956709784,719.182567871392,362.012866253312,181.964560415367,851.43217983647,849.859984404358,1224.61800815244,315.72773955472,909.295044854096,316.295965585976,180.453210261813,427.132763416514,743.487540167202,858.291019602996,194.306435820678,687.700365718553,439.777060995276,264.445306568578,638.800259520903,262.105408708734,390.69264369823,234.593946760187,850.475497014745,589.009007515765,621.006314028996,1093.76691337266,2145.70968282301,2213.18064195948,771.54378147475,940.223186159181,231.709219983001,577.507750647214,2065.73325539298,2469.28272071624,2430.33088178125,2064.21227586036,1070.55314881243,757.129325865523,385.781730863172,213.378696286882,301.143266581152,329.75634965343,867.130758144524,248.458298140518,76.168822477772,236.813724181527,38.74900567246,10.8859911855582,11.5837106157221,71.077093607631,16.7676979955206,20.1678240843339,143.203822129336
2982.99856454585,2934.65214462853,3008.98895033628,786.300936014467,820.311907710183,2505.78051147227,2521.24887364178,2509.92096261001,2507.4159146467,1757.5659852879,817.917531402241,991.700915068272,313.576963435938,409.975057889298,616.091789815275,984.110972637789,940.408686124755,972.403145129192,748.871083586189,925.737876002502,530.268141126755,170.851467400007,-16.7657296450911,71.3993387052844,88.1963090265419,89.021979719912,945.078885763086,787.473963482533,841.60516847719,1011.70975949575,1005.55630463804,385.883745494344,291.166357334719,287.779862251141,1870.22759384694,2537.00448610426,2501.2093573154,2527.33785299424,817.046162961787,1053.68681147566,1968.5165203281,2391.12943879895,2521.20374921687,2304.00512613207,680.937651733424,867.806830429651,333.737160342216,238.692635427151,488.14478877555,1134.92026086817,1386.86910196303,1386.31589857798,1038.7191483056,840.058983323955,1640.45483660127,2424.9867995785,1640.5652642441,1761.37651245576,890.621795518248,775.662808366347,313.901503328575,181.196417036458,466.673516378594,327.561092356149,482.257332355506,339.539582853252,777.766336222422,492.142443696601,255.434124826292,282.943753969209,193.341325773059,233.47264376083,176.67511760007,651.397112211726,172.476331362604,333.554731915186,382.905595006525,883.58421095849,267.766182197301,209.40368733449,584.807504747903,234.228434847865,264.625364924615,205.869069856545,208.627369978391,231.301075003479,367.60938573604,524.624032010569,159.926891749673,554.139254463529,232.197084960165,332.819304251738,262.017775831344,520.092170455166,434.977251286407,844.734908230949,518.292431906466,229.683700856027,519.632682539154,822.599145273199,109.242585179942,145.506424784553,70.0287917980268,663.384989100984,330.718660158303,228.051367373326,166.494955271154,175.430466191146,681.126687448737,333.879735929186,173.492625679609,754.501063622007,752.986133005181,1116.26354331864,260.174107052943,869.251910801901,289.17691889209,172.277630440201,356.311417201519,652.078501123418,761.604869777592,184.841370925109,650.457742033896,409.596749604392,217.370830037158,553.374502524728,215.280868078382,326.867158674023,195.489523539267,810.607562650232,554.502249703711,535.720395207112,988.015189824965,2055.25999608162,2128.78168920202,681.165587390195,901.076145812967,205.592192412137,499.468903473787,1970.30316798232,2423.65355904633,2376.29229743849,1968.55104732798,1041.9318106211,718.630162297359,322.224329512102,182.217429237479,307.151047253699,338.974502929266,867.846031422861,222.222353662773,48.5662823796258,210.571013070956,9.94427216186114,-18.9942136328521,-18.2687487244004,43.3054353057005,-12.8740078353205,-9.3397920336165,116.721368740937
2981.39359199032,2945.15941202524,2996.18306623921,671.640699668014,823.41799060245,2520.20087408912,2525.30581071004,2523.37890428685,2521.45760924359,1615.6763923394,821.182152977732,942.873921780738,327.137033871986,430.496850927359,632.8890249366,964.606931927375,927.796725060553,921.735790188637,698.140015242337,873.832829235198,487.902651985021,140.246017393114,-50.3826075310819,40.2327141210999,57.2915663150777,58.1171241599423,932.177573194454,793.581787924046,841.746356007652,985.845270330904,982.275909726339,349.520192043017,258.243141626443,229.921425119198,1732.66263294651,2533.65912785921,2515.0294575232,2498.98702476409,820.343336704248,1014.09927232363,1835.79619885036,2312.89071772945,2486.54972288591,2207.959045289,574.19389740043,814.689709542894,299.384703582183,191.376130777545,399.285981431789,1000.61094709369,1244.18814454508,1243.64304457051,993.936527957978,787.24737335599,1496.33178116826,2354.57473297728,1496.68184997677,1619.37216332217,768.381624401472,723.995563669975,280.223829964276,162.87725876331,378.203758791147,259.633044730342,393.877358789977,271.256303481494,726.151979882662,451.289664205733,207.723440188256,224.919724042164,157.321205785182,186.328438733408,158.815797921475,603.814487469139,141.824865217119,352.235306377517,304.697081158458,760.809597040428,210.736092818413,212.704319609718,539.888852752249,202.805339639731,277.58466623235,210.226475840901,212.454695047371,184.441538518447,388.62274603105,482.357700665671,129.310532747719,575.109368023464,241.78253067876,352.571037553059,275.877752497873,542.966623913801,396.620868842225,792.204872635411,540.867592730237,239.687392499951,542.408877561547,825.644429318096,78.5739989332574,114.929850758101,38.8627360039877,679.457253792133,351.399189134867,238.308624888095,141.127396078666,175.292054249192,632.273900412503,299.523103682449,173.798118933004,638.876412983363,637.454937722396,980.415679961778,203.203758757357,816.206869030281,256.335764775636,172.957846457193,279.343195275365,544.989555232367,646.179805159251,183.745513246593,602.835659053248,372.272801563926,171.284510783541,455.289332543037,169.53078966088,258.819934412276,159.261904217567,758.367653922408,510.928465759022,438.091190887085,857.52957176792,1928.27126196577,2008.84116653648,574.981068941761,848.764942528233,174.533441373945,411.410119430203,1838.08863096065,2353.2778157959,2294.68865659023,1836.03205583696,1000.62774379648,668.896720610011,254.581349327524,155.627272276087,321.735994436568,356.682179054494,864.912090743402,190.901831863147,16.9676440205785,179.327408999051,-22.7442643367563,-52.6979696684589,-51.9461612591731,11.5521902880066,-46.3505061366309,-42.689190550956,85.9023680537152
2977.80739819714,2954.27436682245,2981.49342197482,582.915914383492,821.343665404753,2532.55324146941,2532.79155286983,2534.18762260492,2533.48124761694,1491.08203959445,819.258031175249,899.44596577507,340.332515694565,447.161676608674,643.721861230537,943.827577310618,912.646695903373,876.960963784335,653.744036588788,828.234570762915,450.40299667947,115.680199097714,-71.8234708676443,17.7954378421066,34.5694733207588,35.375222141264,916.749059983449,794.153750515612,837.23150506705,960.021534093099,958.438448472797,317.473594091761,229.825588010664,191.716573564123,1610.04943813534,2524.61081974028,2528.74606680254,2465.0484223403,818.456235094735,977.482023461042,1715.77791103761,2234.39818953488,2446.46436357613,2114.74743857123,493.166639147463,768.29082140929,269.365148660899,161.732948172312,334.81987377744,891.276501920654,1124.41070216362,1123.88202956772,953.410119628354,741.127094730664,1371.64168519454,2282.61325806945,1372.20113695307,1494.60167076025,672.176319924895,678.848976296863,250.954764808438,155.318508273102,314.349311891909,213.354941540023,329.874704538488,224.518348797829,681.040480044134,415.083318615406,177.504430074049,186.674968891131,136.718138313388,156.903776276582,151.676835008908,561.999109670238,117.200894346679,368.832007852414,249.887509078688,664.256402440251,173.487139511439,220.304367424909,500.269075667362,176.374830623194,291.224627074615,218.662580327693,220.45281741534,155.264389438254,406.351591177552,444.942266588067,105.002340526032,589.876619056415,253.541442037823,369.957905603223,290.220618906222,559.618942834173,362.640697522067,746.28463836119,557.336059647561,251.797983398125,558.998358307282,823.49096704551,55.4537919249517,90.9830175961231,16.4585425393932,689.037670093247,369.500208713413,250.634162948958,128.749168584137,181.027876103659,589.427162056282,269.498734707474,179.893154684248,549.816103935242,548.487650755368,870.038315073577,166.135848271037,769.858731471128,227.995832639799,179.347609955281,225.916044800869,464.085234916156,557.170761990028,188.605437473327,560.991122576839,339.290254628438,142.928441295694,382.800556584042,141.458059507049,212.466268362305,138.466971878892,712.727296513268,472.425202082324,366.224948263404,753.316936584132,1811.7650768552,1897.30526880666,494.407045622722,802.910821599162,148.946998755336,347.426324101327,1718.51091218924,2281.4124446672,2213.36421873138,1716.2008343492,962.765046549791,625.307877908615,208.606592845184,142.062141707668,335.800044681794,372.469981009994,857.799295910685,164.808112426672,-5.1177034176535,153.550977424152,-44.4006266821655,-74.125259299841,-73.3787807450458,-10.4774760960133,-67.8203882174237,-64.1855886349331,62.5398973550639
2967.52147669324,2970.70410520998,2948.88181633212,449.286276658019,809.305940923297,2556.0311680779,2555.11047512935,2553.61400609597,2556.36935861961,1270.2342777827,807.516188055206,821.280788159937,368.548905543338,476.292091362174,656.998317176603,900.085067963151,878.281179942553,796.989318588492,576.099904799628,747.484707626552,384.712443999175,77.4109891850785,-95.0272294427191,-12.3791975497566,3.04057157183661,3.7787351835243,881.826647789547,786.957060691279,821.080543116107,908.222187540716,909.6637806181,261.905197142788,181.727443053681,149.909640146724,1389.28760727821,2499.01090044537,2558.1079279353,2389.38315387742,806.798887066227,908.704316303081,1496.50571755784,2077.53667513296,2358.64734251728,1933.2577330663,374.774270286689,686.841920340466,217.845427822453,133.93459755663,247.772403859668,714.249079768352,922.734091747846,922.252642961722,878.980105026853,660.296298747245,1154.18334909781,2136.80707069529,1155.11639603707,1273.29468343879,523.547435246286,599.919043274129,201.030323477194,160.566176741796,228.914747778385,158.552371980464,243.740750438376,168.608174189894,602.142997509417,351.69419434899,148.233453595812,144.998811332544,123.426898269402,129.626185153306,157.707888079688,488.881749662415,78.7991777698885,400.970275982369,180.739569119652,515.235062564718,133.832079545989,245.247496704046,430.941692244831,132.909502526993,322.173742765445,244.92494744177,245.983406850458,128.425789342012,438.681965494919,379.416244926176,67.6297379266923,610.867567090932,283.263707151455,403.220860671313,322.259841816698,584.47619572666,303.313501065351,665.701200034888,582.018944131847,282.120871874925,583.788993562287,811.256797624897,22.2205165260634,54.789024866966,-13.6037818387847,698.778704444567,403.846811832499,281.328162955712,128.0152461527,204.90227055181,514.561062213835,217.968489954073,204.35262789251,416.56054978809,415.419955067171,691.728018624886,127.05230699964,688.470514216294,180.045948348707,204.26936614822,159.809412402702,346.726839809235,423.770508131609,210.840443561048,487.837628710731,281.897021292856,117.835114890274,281.513416161315,116.849722727014,157.583949257521,124.813150271149,632.813342561058,405.020412292451,266.479136234585,588.851993261467,1595.89465363646,1688.02512671353,376.755731485663,721.993916332153,107.84099942172,260.823736834221,1500.02097525121,2135.89848194582,2051.66312823658,1497.28335721835,892.316581197088,549.063418775891,154.449569307832,138.98151622735,365.511748557362,403.244556176964,837.125669860395,122.344793718696,-33.4611387057346,112.060059870085,-69.692015863473,-97.1561616397048,-96.4662405131478,-38.4056702933185,-91.3276416617584,-87.9684603227513,28.69513647603
2957.82111543519,2980.07034012516,2923.68707663012,368.842712685813,795.486398193849,2567.07120743906,2570.59971131405,2561.24883291941,2567.048194518,1121.39192452624,793.893990574852,767.889913610947,385.170473135616,491.415843476156,660.006509130928,866.929950544353,850.79181500757,742.520302741823,522.444342432306,692.470140778426,338.005653044709,52.6814598695237,-101.923643043908,-28.134296858128,-14.3135596107104,-13.6475433448891,853.963150292556,776.231085017626,804.768216767829,870.314761588773,873.486410676325,222.175964209744,147.880773110213,130.30896705852,1238.75562345682,2471.85317942073,2575.15529424405,2326.55229302982,793.237435829229,860.790015663147,1345.34694231992,1960.95133502449,2287.25564183662,1801.49941872157,305.010292784646,631.284622064786,181.206255115063,122.903852947841,199.355811758462,602.243143098107,791.6818071443,791.240074720961,827.778815825435,605.021251875024,1009.34292483779,2027.09466063093,1010.51805539846,1124.08032911604,432.511607309656,545.580217106282,165.688241523128,168.233009217714,181.811657228882,131.122235040481,195.962806459982,140.312913849213,547.827468993744,306.427810822393,136.023141043149,125.581557118137,121.133836295932,118.999217666718,165.903465984211,437.725667251859,53.9555970917993,419.268386722751,144.350894570445,424.060488957708,115.855440098111,262.547550163289,382.008157801831,103.113671657412,341.37843099467,263.011562621325,263.613868457474,118.084815355726,456.377100478885,332.789785386064,43.8651979192477,619.004500072403,302.55334694226,422.124429150763,342.101370502206,595.244860574164,260.799593969662,610.575900679695,592.739939470211,301.790415862941,594.533840844486,797.291579660727,2.90813518623781,32.2597729730287,-29.2391904744277,699.04465471271,423.37184562173,301.233437411343,132.963732814775,222.476956011432,462.398141068188,181.320726445296,222.28369482277,336.852892110504,335.845742482674,579.183485941831,109.568730447285,632.950688891004,146.306371649232,222.47284838631,125.687183185706,278.047805274857,343.849844794634,227.309364337631,436.654402473668,240.810200550461,108.769454337682,223.839961278494,108.091703543768,130.12840037228,122.273373171339,577.989927388523,357.252876188659,210.025133629387,486.740968547947,1445.48303081736,1540.72998386691,307.439139966665,666.823366948102,80.3517171696706,212.486853289953,1349.36935108686,2026.44238059701,1932.03901384963,1346.36575966223,843.451298411416,496.15947939734,127.49214688111,142.287851900791,383.088358830104,420.690019807103,818.010605236722,93.561834904069,-47.0096891671701,84.2735317484119,-79.3521250952763,-103.818065699837,-103.203697415684,-51.4215167238615,-98.6289158724658,-95.6371772208913,8.81918905149496
2942.64137700062,2988.99749469043,2889.48269440923,288.097230831438,771.899978333507,2574.91163317135,2590.53118728093,2564.14835602687,2574.50334316326,945.786386328536,770.545978137596,703.655969069223,403.635876922203,504.985705467877,656.678489499958,822.632144325818,812.469781381649,677.275681390179,457.944238073585,626.731793911125,280.776961535553,25.8606226010875,-98.4272345204088,-40.1128681331643,-29.0074661328358,-28.4587488392683,815.1850976529,756.186641694686,778.533257778827,821.2083569969,826.034961102747,173.532676459724,107.260184311061,120.855146346944,1058.74435611812,2427.47393892207,2592.81752648226,2237.16538870636,769.969096483612,801.635403758457,1162.36112633489,1808.93605903969,2187.19252051938,1633.36167752468,237.590376730848,565.024797509479,136.682192638525,122.494527036164,157.755787214698,480.615876233822,643.97370720027,643.590116819528,765.50479315858,539.013298598852,840.860600338152,1882.47673495727,842.31119638565,947.946323877924,338.445763140376,480.435143010835,122.972501937749,185.227981502708,142.090018494454,113.584449941719,155.157236497111,121.579642094878,482.703765246618,250.826103206841,133.949021590305,116.477035835951,129.73427491252,119.144502820468,183.531296335719,375.720566329141,26.9697058833306,438.347487358181,117.077098790463,330.000828476665,108.579307786168,285.954919473744,322.344507627403,68.4143960018748,364.008147891332,287.215668580064,287.324177993894,118.558300807162,473.660710764491,275.63435891828,18.6189623178468,621.848053057653,326.59465420456,441.715782697404,365.357316408797,601.345050633095,208.528280932079,544.703865462856,598.881931023923,326.251677408415,600.635313648509,773.507982288883,-15.0741620709948,9.00497260958582,-41.0233243055002,691.844156323143,443.555252633162,325.957222167941,148.530042339574,247.621901543759,399.359521276508,136.784606378587,247.802439555149,257.646800423593,256.808540997116,457.359317908936,103.029247578279,566.724958958195,105.822619934308,248.263426551861,101.417583471156,212.453810658148,264.231969121485,251.130552711985,374.618389193603,190.392633682466,110.902432728713,171.638630280428,110.565913097598,112.598887151656,130.575783675648,512.393447697005,298.855345195669,159.527320942815,378.889363786259,1261.28099898454,1358.43469447276,240.482656374634,600.935301306682,49.2436063873315,170.681709050492,1166.95963845339,1882.20870757735,1776.71037547839,1163.6699446334,783.455137835898,432.382512354313,110.570580647569,155.808317706216,402.62126864064,438.840464628031,788.699778897964,60.4658676302423,-55.2107630600005,52.7654712904081,-80.7543311395839,-99.902500883984,-99.4224660319373,-58.6888514808631,-95.8520098618512,-93.5131393239947,-10.012982191352
2921.5687957872,2994.76804743422,2847.88789397449,219.099605369913,737.47171869248,2574.1262354374,2611.53525985347,2557.0131646758,2573.37986383276,759.811000475818,736.374418499596,633.691451549075,420.623003285556,513.110295119741,643.980014144552,768.973585562554,764.239346501698,606.549342247158,387.695471949419,555.646261695004,217.138323921111,0.0804361856065725,-80.6782762427335,-44.9256617518611,-37.7164471375884,-37.3317150016708,766.459023147051,725.34517889798,741.674820291851,763.449665505186,769.556185939834,119.478603916377,63.0777134705735,126.212112518213,865.152384718088,2363.02078266322,2605.87470012424,2122.05424762794,735.890685058773,735.406941696124,962.870541623741,1629.47138423127,2060.20957427061,1439.30342924883,183.476606526618,493.513635956709,87.5971972847194,136.077908009135,131.549581331331,364.234337884071,495.790614924426,495.481826636004,696.885492541228,467.66496813578,665.327774706999,1709.83570201725,667.053082522571,761.307557623701,254.455338923972,409.698892994501,76.1537953713057,211.523303674003,118.261296816049,111.83347455257,129.835254840138,118.359001402727,411.983529627644,188.83263740613,145.45071891441,122.362348848731,151.229240131916,133.405645229892,210.502722390768,307.568207793433,0.976497147015493,454.354478867604,106.098291462024,246.229070130243,116.543003549997,313.069615591284,256.343383920186,31.9316214241563,386.699387283388,315.010653808514,314.653410362724,133.153378907514,486.491957458608,212.046445008304,-4.95491784097976,615.764480863549,352.330967735616,458.018959371803,388.556505162219,598.857085210299,150.187736747578,473.45216701774,596.554842037463,352.395339387614,598.183765040515,738.842811277695,-28.4709730771995,-11.7996097785392,-45.5644278910092,674.324537856842,460.311362600285,352.357874815642,175.454869882605,278.248826866078,330.294574148352,87.6844258579332,278.766124164478,191.096340487271,190.449646173802,341.320857414737,111.954504210201,495.23824318467,61.7988443019647,279.453242993883,93.9966446906982,160.932047627528,197.051513890272,280.343613803002,306.43389097254,134.236147360615,127.428813546144,134.684132075316,127.424882571938,110.902935784851,151.749150508007,441.329688940403,234.070409765599,124.686544740752,279.556379971819,1057.89885244917,1154.82831825784,186.774323356653,529.724815550127,17.6434139773942,143.889632720148,968.042185159696,1710.07204762824,1594.12885332258,964.488591279541,716.667693552352,362.701412204787,109.538311219462,180.452460120386,420.659436735422,453.964616759978,748.889470723663,26.187043053553,-54.5780589294379,20.6789078759801,-70.2041712337311,-81.534806959836,-81.2525130469883,-56.692243436655,-79.1618998832591,-77.7837066706873,-24.5401887318567
2903.71473767454,2996.11511976358,2815.68926053917,176.836968447349,707.761634100594,2566.48343369253,2624.40673992192,2544.30553853843,2565.54871577989,626.976317627147,706.845207086015,582.496995082332,429.977049429377,514.554788545441,629.53871601682,727.124435484433,725.756585702251,554.924601811945,335.960514850901,503.767973587762,169.468671011734,-17.4944623411251,-61.1311970587103,-44.7418867103074,-40.854718327166,-40.6082454807321,727.624989956292,698.056867398128,710.44787721066,719.195396317619,725.980089959,78.9225513295689,30.3254080996362,135.793581019141,725.458299089166,2306.22635880497,2609.88011521152,2028.19690700072,706.430607260907,686.212944724595,817.624744046268,1491.59787479145,1957.73626095741,1292.50983116571,152.074705897846,441.305271397347,50.92397623708,150.809311201314,120.084408110555,286.595527209881,393.693323214305,393.443728681806,646.389087887173,415.486543938339,541.304511944333,1576.20743272008,543.213053424321,627.955039127622,201.202816013561,357.735549676957,41.2910610235408,232.493096164204,108.664868694338,117.106467648485,119.013628763002,122.496010145748,360.031835467839,142.289050245329,158.559238236905,132.393444973176,170.757970834792,148.65868599311,231.951749796799,256.986469691321,-16.7712666538232,462.268092392809,105.393303939448,193.239430336068,128.10837387476,331.814488087065,207.104038470384,5.45087066160067,400.661547312257,334.157763656542,333.49956989871,148.635209738075,491.590303471298,164.393291933754,-20.6676440379229,605.967844484689,369.151208083431,466.024382004906,402.802422672633,591.634266531768,106.324122788261,421.328159454573,589.499589066208,369.484545100938,591.002943121485,708.954395309301,-35.5952395117394,-25.1831424086832,-45.1516313181596,656.183267543127,468.55311657744,369.617729468807,197.88369364754,300.244984782106,279.165607190935,50.999067119878,300.971191700019,150.970133799821,150.464732217884,264.208411897074,124.285380307307,443.044169936937,29.1675018206812,301.788033641685,95.9820422669507,131.687342301069,156.384405114066,301.338719528144,255.827149063237,92.054744356288,144.35556337837,115.886119484916,144.572210522782,116.237242539873,171.048436159658,389.246397626126,185.629525900359,107.530915212223,215.148251869965,908.579594391897,1004.18722304312,155.61335762452,477.735745902681,-4.7724196991694,131.825153462125,823.178178010625,1576.8486519258,1454.2781138317,819.460110956343,667.209865476117,311.248591832137,115.350047237514,201.219855542293,430.716527691427,461.304993307332,715.749214909792,1.5509626017282,-49.7423084116928,-2.11864714912156,-56.8551238312241,-61.4540605617433,-61.342131939703,-50.6850330000748,-60.5269852101535,-59.9763452268819,-32.5956049316528
2886.46578084134,2993.9365065147,2787.50621159935,149.948032668832,678.475922483925,2551.14056849968,2630.66534753535,2524.40316514902,2550.11927109589,520.448716699414,677.705804828289,539.627978367269,435.005251121722,511.598549968706,612.571633015917,689.366145340049,690.277527658771,511.891444700202,293.094055009169,460.689143922604,129.708171811524,-30.4322215384585,-39.5123958172539,-41.2227866988372,-40.4274663294754,-40.3087367832445,691.859766597414,670.631270850848,680.1191372219,679.971461023563,687.080005189025,45.2381977103463,3.5605536518334,149.345133758758,611.985496537835,2248.21769225596,2605.6275171725,1940.03699426745,677.350367739077,644.061227539209,698.335883386095,1370.78240221858,1862.63783372239,1166.24447524839,134.132461310892,398.12584112369,20.6575089945939,167.801167767451,118.164626391791,229.808501476525,315.562940224095,315.366391594478,603.65907310589,372.332616383171,443.203384008618,1458.07781357359,445.243477766623,520.971024518378,165.218467690882,314.729190221553,12.6401925279004,251.756029139377,108.415398724204,127.935492287384,117.621769442298,132.3282231541,317.028041397586,103.448542325727,174.115395126946,146.376182170699,190.782258195763,166.105839513766,251.595967575342,214.958073119755,-29.8648421072716,465.393995202756,112.0100083507,157.575973077702,143.371882732019,346.545507537402,166.105593376857,-15.6464753296621,409.934831756068,349.130176182909,348.261052536958,166.256780324743,491.890491756568,124.643691041555,-31.8838106412559,592.742662715049,381.406765112877,469.108273710075,412.227475994682,580.529477554896,69.7516478659272,378.187596543049,578.581320210264,381.935010501575,579.94762191728,679.513716498562,-38.8711477950159,-34.2504927690875,-41.4209613237327,635.9361068675,471.74253461091,382.193105888952,219.294051258538,318.321259652235,236.734041720263,20.7217283917414,319.184842799441,126.188118013657,125.800773491199,208.136315825905,140.239524153158,399.868214714825,2.50752485043893,320.075369730774,104.903829985426,115.784307619047,131.07772180013,318.619228520224,213.780882390988,56.9496491654595,163.200582910368,108.412980685355,163.578094595891,127.136734674221,190.88876336411,346.151431467157,145.258744839961,101.507123499242,170.030533218983,784.698289374003,878.029837291521,137.813838879001,434.62777643347,-22.1447525909722,129.241565419498,704.161209147573,1459.08516641231,1332.16569451754,700.339057437954,625.020794723762,268.569486296523,126.636398819865,221.264761150994,436.262668963459,464.025181207535,684.029973841344,-17.8506825568051,-41.8880620364923,-19.8280858918619,-41.0420658540068,-39.3347826834809,-39.3825064144038,-41.7352319850409,-39.7629328210681,-39.9877339372997,-36.7191156768899
2869.60601177162,2989.24722628825,2762.09256354579,132.565882316827,649.528148651874,2530.30056444402,2632.11988018389,2499.3590183791,2529.26292818568,431.170667093294,648.880530191327,502.185435888238,436.881796021231,505.564961826387,593.912108236771,654.361208181054,656.840081874362,474.445017963337,255.935802110854,423.313001201798,95.0217848160235,-40.4888014033736,-16.8234080859244,-35.7327471842121,-37.8668916134438,-37.8685933492926,658.181193119724,643.164545894985,650.440033990801,644.106497263797,651.314627004709,15.9443681271517,-19.4027851879127,164.779481373644,515.768509850703,2189.21523737983,2595.47047734276,1855.61042515382,648.577150218277,606.556884761079,596.183652818186,1261.34786589976,1772.41654717634,1053.65798297464,124.391553377218,360.777584167829,-5.52698307665821,185.565605067345,121.803370649735,186.311915384503,252.918826371709,252.770867713736,566.024343136862,335.001135280051,362.027928528504,1350.29345112914,364.164879538816,431.280450383172,140.036891327374,277.490504122424,-12.0589660125634,269.290853250096,113.582229630461,141.672816039345,121.709629089236,145.167125947561,279.786860709536,69.5462477623095,190.577795755555,162.225293881766,210.440052946122,184.278717971873,269.446161384718,178.425122048361,-40.0657517042146,465.110516169676,122.691746302027,132.749969332984,160.328062494808,358.178096482669,130.396978972373,-33.3503934440021,415.769702967002,360.900972453046,359.879734710065,184.567955268361,488.817262171327,89.9636041701604,-40.3166276639133,577.203720551356,390.257381001814,468.69999657816,418.129839401378,566.795243346773,37.8470239840495,340.845388839481,565.042725310116,390.931814954295,566.26679611337,650.427930059911,-39.8149745837603,-40.6596209437347,-35.7314821181564,614.308363557109,471.356905292491,391.284611388587,239.37680970231,333.31028785278,199.892158445496,-5.47278166592298,334.264839583106,110.87518118874,110.589993456632,165.470515573188,157.831316036554,362.517132734039,-20.361556771981,335.193125697204,117.622329708661,107.988700694075,115.255439333602,332.950850281401,177.234204598994,26.3703927277827,182.581917371311,107.682351016027,183.081003773002,140.949482883973,210.393303286748,308.850627758806,110.066319052486,102.08876795233,137.096064168073,677.658255939184,768.115439441855,128.151230098443,397.266942385932,-36.3569528660673,132.18116618886,602.207236607464,1351.63899849512,1221.88654386522,598.321021317378,587.615041618111,231.534556949462,140.77471943987,240.18396640128,438.535206485361,463.445821842124,653.307882449561,-33.9615197887608,-32.2870334977682,-34.3477060558079,-23.8776193736684,-16.1691886622734,-16.368876246116,-31.0928228812546,-17.8874948995608,-18.8503460996066,-38.4536611603576
2859.63409115397,2985.56710865242,2747.77423293832,122.97975771161,632.421020067552,2515.55762973017,2630.74250881847,2482.23600502405,2514.53191382323,381.30130935917,631.840746742363,480.729838913586,436.952404506737,501.151085024825,582.459054415373,634.032338356303,637.337289642995,453.007237386867,234.757563993485,401.939623013703,75.3135036398884,-46.1196482416352,-3.84369792381631,-32.5229855443529,-36.3221170070296,-36.3923266430714,638.545702973389,626.863656298023,632.945689832248,623.343472069741,630.5882452223,-0.660576955814577,-32.3880494539886,173.067008777168,461.881081580657,2153.19076732748,2586.91616286597,1805.81313747996,631.566279733066,584.980422470805,538.836771836926,1198.62712352496,1719.49250237462,989.577667205728,119.019088123459,339.451532800878,-20.3522330511761,195.061985878044,123.769218844506,162.242169083645,218.148840407364,218.028137228686,544.418793130435,313.694655447944,316.789443760606,1288.31669358079,318.975540453717,381.18115772339,126.148881992216,256.258961901346,-26.0356853121638,278.396814454386,116.40885383574,149.105829032622,123.92255702772,152.09706310844,258.552804746139,50.294595670873,199.34477269948,170.748211395758,220.894160895549,194.003128285963,278.724596590951,157.632675001806,-45.7789457163866,463.9282103444,128.511809108495,119.07454437937,169.463860329825,363.792248632707,110.092618808566,-43.3358173299475,418.057722746468,366.582951612087,365.481426004765,194.367251868224,486.054104401853,70.2608572519986,-45.0238525420565,567.463640479797,394.260690580433,467.438116979815,420.447312212532,558.049987289586,19.7460264891973,319.529362173888,556.409423589439,395.013064163116,557.55225875568,633.244074273235,-40.2623822348644,-44.2154598220826,-32.4082659366364,601.198980474032,470.09916642513,395.416442131763,249.972496203093,340.830732472615,178.915651890111,-20.3037561236347,341.832063085948,102.480555587571,102.252049508819,141.90487501029,167.323738538229,341.18849129527,-33.2927464298883,342.777997871962,124.575312089772,103.72656088074,106.569235375238,340.112233993229,156.434424351648,9.0290054549348,192.974530449867,107.295272040717,193.538642965444,148.426199074813,220.763483181152,287.571411277228,90.0639105648819,102.437652842843,118.953332490459,617.424148515602,706.098108771792,122.812941916847,375.914435279895,-44.3541582830919,133.736775050843,544.960115438821,1289.85266826775,1158.76834727468,541.044924106676,566.108975186834,210.435469301768,148.43043736829,250.138977422889,438.818170078987,462.107008264908,635.252783298518,-43.040176807533,-26.7411238413428,-42.5207934721619,-14.0353404499918,-2.91884948076085,-3.20483393027052,-24.9553859166587,-5.36978501844112,-6.75176275931312,-39.3516724813932
2848.43261779505,2980.64150985692,2732.33146972041,114.221156126477,613.103778206836,2496.91392359745,2627.39966861123,2461.0040607329,2495.92221418814,329.063649251273,612.594448371963,457.627349111062,436.246963950473,495.421115276054,569.093545005392,611.574811676889,615.66521577403,429.975304948142,212.202698169991,379.039905853155,54.388435221535,-51.7742482888589,10.7439101653073,-28.5666522558408,-34.1766582396781,-34.3213219178335,616.733455732163,608.377451164232,613.254707516823,600.522343719319,607.761287014246,-18.2199518103398,-46.0255054497977,182.669095562948,405.11926462267,2111.76579994313,2575.14875001533,1750.1287574888,612.351040652124,561.520362856276,478.149324002894,1130.3985339515,1660.58883050999,920.41676665138,114.695529618656,316.675936011267,-35.9838098529407,205.777410654909,127.089639886846,138.084004255754,182.477639790376,182.386485083799,521.039723717899,290.958841190748,269.685409687144,1220.65565427069,271.917918156086,328.696042581375,112.855881086115,233.639808355507,-40.7477278311841,288.133691946711,120.66425445716,157.973647508061,127.502350440923,160.42235446094,235.928160725481,29.8686394638917,209.271910041785,180.610543771691,232.435310862444,204.963799965379,288.640239201276,135.523804403206,-51.5228444146695,461.758527821005,135.825103435432,106.029727290688,179.974969309524,369.317952637193,88.5216998862796,-53.7193115422552,419.777449512662,372.162018979059,370.983421416523,205.403931883635,482.115500672763,49.3449210789399,-49.6746354534446,555.899417493879,397.912781128839,465.161375190439,422.181740421055,547.540834867019,0.566590670180744,296.77401948941,546.027752308386,398.741837366176,547.078398839417,613.844022377791,-40.2832581867553,-47.6150692837621,-28.3286337828878,586.034528634433,467.809040557181,399.195326547782,261.463944868164,348.495616756087,156.604511803866,-35.941549260328,349.539250122128,95.0544620981977,94.8860608823051,118.344149297384,178.222273817403,318.40752204518,-46.871630993881,350.497173085366,133.099213599919,100.630583362734,98.8188779760908,347.405195005566,134.319138307684,-9.32781226055533,204.642233574411,108.240912189217,205.270633764227,157.344066824108,232.217359156746,264.880484421947,68.8215861720199,104.17865176146,101.202203871618,553.411066499434,639.923368917922,118.512187149624,353.06607792514,-52.5786134566075,136.586949942274,484.365678256224,1222.39849399152,1090.21023500001,480.428354923696,542.76663592605,187.974783892235,157.535469652314,260.957060138381,438.323834253907,459.785868742996,615.00033633225,-52.4388547283969,-20.2435742530427,-50.9358376239949,-2.86258308186882,11.9633576630489,11.5834410949681,-17.8141268546625,8.71495012142475,6.8767671930284,-39.8616137039281
2829.44044529002,2969.16841883926,2708.7759338403,111.836529043492,579.829154043734,2458.31117116594,2616.35464142207,2418.30720431632,2457.46235652694,259.989503728143,579.414567702079,424.377381970717,431.44881091356,481.797133140174,543.724691405798,575.900456568169,580.448301912326,397.070298793955,180.342188057235,346.536432797672,24.5398803102305,-57.7821212415063,37.8683863689962,-18.9155929587149,-27.4890292971445,-27.7546281785418,581.326662270782,576.0810087657,579.725943134125,565.002392492052,571.933724853533,-43.0877176059021,-64.8078190923967,202.785094144873,328.090846988847,2038.80926832465,2548.06913411925,1658.02470567822,579.216964948385,526.574157872825,394.061370961345,1025.81387603755,1564.25871107868,817.07438805014,118.448115969499,284.576686620238,-57.8864816230398,226.406951965657,140.905930905906,113.414803388667,140.331234831356,140.286486028294,486.841165861094,258.922720099003,209.237976663489,1115.7717471949,211.508623220062,259.241414453792,104.143911947673,201.744288994468,-61.212856012086,303.74052113044,135.944994724003,178.133688075172,141.67454174056,179.752517635757,204.015602435463,0.713010166034223,228.682994794066,201.165002776187,253.03045622827,225.965680755139,304.477085530312,104.165978510018,-57.6719405393829,454.020533345689,154.748286230281,97.7982493685242,201.449254792169,375.650194501534,57.8320242420763,-67.3407620448945,418.906428295973,378.452970013912,377.215128148498,226.492975240651,471.283615335944,19.5070496986966,-54.0509793899577,532.915381369169,400.516298099587,457.124779042353,421.226079046111,526.016826057482,-26.7681416017365,264.669718305237,524.741984570943,401.417255728489,525.622203396568,580.444544956259,-37.1343359060007,-49.9622958193467,-18.477332548266,557.880252536592,459.63979940063,401.919951233136,280.707112006551,358.638295213786,125.018342476141,-57.8539823047217,359.695960325167,94.9672829802961,94.8842863072667,94.8719777991333,200.309791621502,286.289931441059,-65.5655525866125,360.627971882586,153.812109691107,106.424305101144,98.1800232590261,357.070542420977,102.956065997034,-35.4115016508608,226.646996642806,119.400233032644,227.33765000955,177.599039944054,252.698254205581,232.889457963307,38.5579206424818,116.56371801229,86.4009730537272,463.098192116582,545.054416766296,122.223009030027,320.718696643478,-62.7232775223489,149.530193502309,400.349066475061,1117.84322235069,985.613276944712,396.423034968721,508.21518916949,156.195742359554,178.041248541327,279.272824197046,433.739315941333,451.923623873012,580.931068406035,-64.4691736682705,-6.42855379873583,-61.3748054686615,18.6375756380882,39.5736057629142,39.0389143936445,-2.94059369834815,35.0108816930018,32.4210663030848,-37.4946032646363
2813.56385669241,2957.94742600191,2690.39419217142,113.51934478018,551.743755624183,2421.44824378883,2603.11832909748,2378.1991778029,2420.76183982816,209.56220300316,551.398960204032,398.435155622135,425.73858509281,468.771074922846,521.450133330071,546.735323737098,551.390705257813,371.515896840101,156.054347178868,321.439319969809,1.92617124410083,-61.5584005121113,60.3770475472687,-10.2786727480767,-21.202911573276,-21.5643318864335,552.128154442369,548.66642193434,551.54623684796,536.203850330922,542.788976293858,-61.7646804150137,-78.6861525104338,219.87315289819,271.006079531298,1975.55306130578,2520.68028747698,1581.24946842818,551.236737273455,498.78241415754,331.007800618393,942.62204464998,1484.55119088926,736.122079798688,124.661635531167,259.962855698944,-74.2262546598416,243.450259046995,154.335690178387,98.2328587290532,111.578543304606,111.570354049048,459.89386316311,234.400723929317,165.870455629525,1031.78759650593,168.155168875144,208.518633958266,101.138213274609,177.413721475577,-76.4188097495452,315.564529139536,150.533082990369,195.694553042229,155.365225888495,196.666013199025,179.66536395903,-21.3438384265163,244.771951041045,218.610051169584,269.562634002377,243.297833192276,316.463522482531,80.3391863402356,-61.5597277964752,445.755591493278,171.777833084455,95.2122657534652,219.583231033424,379.204150310271,34.5538971010773,-77.1423163938205,416.335401812398,381.928525118821,380.666734331799,243.881979409088,460.458553871377,-3.09111206858381,-56.5344836234091,512.388884228364,400.845567785987,448.577374809379,418.549149075808,506.585095005214,-47.3887430136554,240.073253448177,505.511690495902,401.785335886966,506.248382205314,552.261781265154,-33.6545635579548,-50.8383442969478,-9.68175932986537,533.406990758319,450.947241191051,402.315991532003,295.712071136064,365.356783500075,101.00448527966,-74.2014826295966,366.406327131037,98.5549599099326,98.5361921452348,80.7515048581649,218.928662085858,261.655851590309,-79.3742071636706,367.301648860401,172.211365314985,114.301589395028,101.314152135671,363.452694454987,79.1285713436854,-55.0463401536153,244.729461152034,131.139873825437,245.454998736113,195.240791491661,269.148919481144,208.437892918519,15.6195620896825,129.263513737615,78.9531946267604,394.686054955624,472.521716842371,128.370666691492,295.809528106978,-69.7735466265486,162.213046888016,337.316431188135,1034.11893642088,902.64774168119,333.420906460199,480.828114902939,131.991585989868,195.864846464873,293.59572963172,428.15381395174,443.602381060282,552.432721967495,-73.011354425101,5.51226404871807,-68.657201682644,36.6795807684056,62.4681322093644,61.8105142549471,9.84061775306816,56.8614960087939,53.6747209622076,-34.6330809892016
2808.49611701115,2954.81936191007,2684.12228225904,111.29159576287,542.853028774051,2410.36226032668,2599.24939472621,2366.04249256325,2409.7147133881,189.600173974816,542.536146716595,388.820103889346,424.607057464315,465.410370412087,514.899322834647,536.822045765909,541.713789073445,361.992219811249,147.063352916719,312.061356113548,-6.2420463812133,-63.4626818485493,66.6450159785921,-8.30109193722728,-19.9563349094166,-20.3478386192099,542.395748972213,540.087747443351,542.536547850669,526.230473291332,532.773354061888,-68.5104038527213,-83.8262742185171,224.260269867342,249.00550152869,1955.4483528514,2512.60774284079,1556.04238596044,542.386629918785,488.761282798607,307.208254338283,913.876642279654,1458.21216447026,707.582328768261,124.134005639804,250.74502304715,-80.1796199618304,248.11561593306,156.66355555728,89.9539353998781,98.6428186410393,98.6467609808766,450.02489501395,225.235698925035,148.13915450821,1003.0150979955,150.435535920237,188.457143990373,97.1677074320145,168.373064443482,-81.9971175037907,319.323965569161,153.248631649153,199.955221848544,157.791667244551,200.705909441357,170.618371671957,-29.2861812986444,249.115268656493,223.108889867095,274.374020225016,248.06219727749,320.288822637261,71.6162877458657,-63.5002987964702,443.921426493269,175.577586659257,91.362555769372,224.334441168976,380.843724762762,26.095717906098,-80.9606246993606,416.223040821656,383.571466896819,382.287172482582,248.672832735007,457.841779889549,-11.248831779197,-58.0332749515666,506.544030185563,401.596937445616,446.680337901969,418.427147181122,501.1612579818,-54.8032754478887,230.888270195688,500.145882575366,402.561057959483,500.840882992425,543.33684690824,-33.2826741799828,-51.8313930834964,-7.65436031477952,526.103246858654,449.0284039374,403.108010397657,300.318434522328,367.942646169456,92.1795418538776,-80.1574023833463,369.001892198723,96.91839498384,96.9231736746225,72.7724979801181,223.839743578058,252.432381750414,-84.489992909481,369.895651206767,176.492485047717,114.304710292027,99.5358414245376,365.901752608955,70.4053214113196,-62.1209305318215,249.768250522245,132.656103832255,250.514533464752,199.52448614431,273.927892742613,199.325559282943,7.31204621443555,131.105137873997,73.2995074306307,369.312754732893,446.015987943339,127.837867209686,286.496989141872,-72.7182697499064,164.321205071619,313.538466854758,1005.43147507142,873.877416412644,309.644001574131,470.902369701499,123.066164906909,200.219148456241,297.945121164487,427.09135555171,441.72258036744,543.226258152269,-76.431729770964,8.5155857222702,-71.6802197641407,41.5696164358088,68.8549685023283,68.1594488796179,13.1037007047194,62.9265535000781,59.5556967874137,-34.4594589784625
2794.83745645316,2943.34712821941,2669.72081731968,114.975736986169,518.289818296558,2372.54733840916,2582.27704090673,2325.65059063134,2372.08747268738,152.364644724892,518.025939989758,367.615842760729,417.992328335398,452.688033423016,494.746356095712,511.903994788675,516.717827681813,341.234520157773,128.145233320474,291.882191057887,-23.3876958176795,-65.6946309124578,84.7309843331034,-0.927020279042381,-14.3992412972376,-14.8649590380581,517.292032328389,516.001641916008,517.962707493848,501.774486864538,507.965644604409,-82.4047587488546,-93.9256535771437,238.206485748956,206.110385366101,1897.60708925704,2482.71127888608,1489.28655106076,517.904347647126,465.527101483408,259.184077618324,845.767412987546,1389.5833892392,642.58306776235,131.142770844932,231.209641642129,-92.2149961694624,261.66434670592,168.783556243525,80.8953456144136,79.0178365145575,79.0505952436664,427.711319471616,205.866395864893,116.749528481238,933.686311711635,119.040197496126,150.993773050029,97.4014959712936,149.355305454493,-93.140445821458,327.742514096522,166.292677184113,214.630008522142,170.100883253563,214.873528914768,151.575352409374,-45.9283197075382,261.914188821699,237.346762918719,287.129399339699,261.83527881641,328.819960331171,53.3001016429546,-65.8194799426308,435.086853869435,190.195544660579,91.9699575748774,239.087148499259,381.958813216657,8.34352805972617,-87.8735784762048,412.129084542587,384.587104086289,383.302559203254,262.481114872479,446.873607821318,-28.3645325324338,-59.2643230998887,487.712331395813,399.930887841529,437.585035525994,414.21797685094,483.173747689054,-70.2536536600696,211.432769013681,482.328505928486,400.911052541401,482.902716469752,518.696167122038,-29.8957156226749,-51.8166691653304,-0.157411174173944,504.181890973097,439.78569611042,401.471318401508,311.497392356339,371.68725585862,73.6579101464442,-92.198902134152,372.724516602721,102.204544227295,102.257774344655,64.6746219649741,238.976293630506,232.873063380788,-94.5331073305329,373.576225421368,192.158468399117,122.687051601881,104.445121010132,369.413985222602,52.0939601898834,-76.78109302819,264.100222598209,143.782155418124,264.862517764868,214.26813340973,286.626058660128,180.10216716877,-10.1219582566998,142.987292739806,70.3431501614529,316.593333986053,389.492618572059,134.76266418023,266.573386125202,-77.4945557913487,175.792917263107,265.49266996652,936.307406930273,806.199041791498,261.645503123508,448.090463883653,104.289563413375,215.093463202957,308.626679527735,420.538951401248,432.877316248095,518.46288146699,-82.368490250267,18.4426063611696,-76.6409081015933,56.2078772424867,87.2387108800356,86.4483157330409,23.6795953732095,80.5046287719333,76.6730220801036,-31.5541205227164
2772.88946895648,2922.17901371466,2648.74811718641,126.675060315985,478.126997078552,2303.07712007767,2547.30489451888,2252.34594776483,2302.99327897752,104.201909780849,477.93444056201,336.217422182539,404.590209099389,429.553038288236,460.499382586848,472.546843691961,476.823541556782,310.744336925648,101.549020513146,262.585094602368,-46.939118479738,-67.2154339623469,113.03841715772,11.6480485776871,-4.49123911988147,-5.065833576209,477.250760889776,476.389316215282,477.95702154865,463.523142448308,469.010154267606,-101.0588467946,-106.990499116635,260.939427064056,148.825934926427,1799.95580680955,2425.68788158358,1381.56757058466,477.853406872423,430.069548761732,193.534560186176,742.723720429798,1279.88186724401,546.581231359261,147.216480359724,203.264105629759,-108.125079986832,283.006824351468,191.146346947439,74.9757506881886,57.8073014333175,57.8826645956934,394.117457123439,178.288237138823,77.7404040878215,827.760558073868,79.9918751126166,102.502838082041,104.529046315685,122.545074206669,-107.739579058916,339.237924497732,190.034348995231,239.224155058805,192.708389862664,238.72790737546,124.712739328729,-68.6796916537762,282.156478948278,260.532237532075,306.433108676258,283.501741646277,340.448225485496,27.8452020494632,-67.4683059955373,417.959784324667,215.498784450104,99.7288650461602,262.970661594945,380.91241357227,-16.1596820875644,-96.2613049130438,402.549494838124,383.311010312799,382.066894740414,284.178504060317,426.354028601234,-51.8497597739726,-59.3169181103561,455.22746495427,394.24671673801,419.987683497733,404.397778962211,451.860733172787,-91.2102474749005,183.680979510175,451.292238035211,395.218696302135,451.670854070633,478.419159303576,-23.172723767442,-50.0414969963695,12.5979177552977,467.283068740271,421.897422322013,395.779424662388,327.642345040451,374.828799876375,47.8503936254111,-108.11805602271,375.79922755902,116.455712337299,116.575328912215,60.4031970952555,263.430851217673,204.879011960145,-107.514307818775,376.559661878561,218.940457505855,140.901147353331,118.102923671869,372.28290731988,26.65460026576,-96.5675040751751,286.522151120172,165.40059487444,287.282809911985,238.975103805104,305.860402139114,152.849846873604,-34.1165959257585,165.716219978856,73.3990930248709,243.131333041231,309.385228942427,150.650356163977,237.814806473062,-82.7486898880207,197.084908714872,199.742401968453,830.684863477869,704.250565450158,196.007264054314,413.449803957317,77.9814155809051,239.96562740224,324.123045103539,407.150594081252,415.808664207411,478.349164703496,-89.3254742643663,34.7656672458297,-82.1672917653976,79.4503354277134,115.983672241624,115.053889169403,40.955679989126,108.065886686251,103.557364902174,-25.5377845752535
2758.27027511718,2907.21834075875,2635.40644516337,134.614146713437,450.938803478426,2252.67794157592,2520.09236282899,2199.51000953715,2252.86951896297,73.928969527977,450.792964846756,315.173284970071,394.938893837374,413.528769581632,437.193892350332,445.887052994374,449.805520015371,290.37850500371,84.4530835848014,243.164805793974,-61.5729327580005,-67.8861870416297,130.564267356921,19.5962968604156,1.83010930995624,1.18883126739036,450.136398135113,449.56345852158,450.869299432422,437.605469064268,442.620180004316,-112.41307877928,-114.801659761159,275.246523690902,112.521894718754,1732.19443534444,2383.43742527435,1308.46484496545,450.738410629949,406.067774565608,151.677902367314,674.743027972775,1205.78275767338,483.838431457678,157.854285009835,184.931557634012,-117.725352548255,296.303419955021,205.587003197896,71.8832251502231,45.0021189432364,45.1045840610445,371.446690692205,160.283371002476,53.4489403268316,757.610596925101,55.6662372621159,72.0243839073254,109.647776242274,105.236550387365,-116.51506585163,345.912083884566,205.362648097867,254.841203875455,207.298473327265,253.87343050033,107.362504410022,-82.7302870887944,294.751909010726,275.131719821188,318.296038420259,297.003661696507,347.201371195606,11.7420345192388,-68.2188708146292,405.84859775706,231.69595609958,105.272443765841,278.005222741614,379.314222935851,-31.5028398480312,-101.161503932309,395.361417610779,381.552778796483,380.341142344437,297.696716913371,412.022952581899,-66.4231440565408,-59.0889605568445,433.076211001945,389.601671106746,407.563731063759,397.045400898666,430.476911490182,-104.0499195188,165.544482399795,430.089034058027,390.563280711002,430.340120682083,451.156332682002,-18.7961063838025,-48.6928466204402,20.6565731264078,442.242145601649,409.276559609525,391.121326975899,337.364292237883,375.951014711531,31.4525683760114,-117.724075530515,376.873400908434,126.074193110487,126.235572875591,58.4271608564657,278.829638050848,186.509289092364,-115.270907643865,377.571180505503,236.068678898827,152.937404475899,127.333594437784,373.243365278846,10.5660507031895,-108.650973441186,300.493355304784,179.494876973942,301.248942035397,254.665878698343,317.681762967527,135.147044713465,-49.074787962576,180.520219704843,76.054508568396,196.050028092054,257.771947282218,161.154003217008,218.832276311927,-85.7198291577816,210.813310786122,157.799699163412,760.726347328575,637.109803006389,154.149161719179,390.034937061881,61.1544674188589,255.757202965304,333.44682819667,397.494762251119,403.746368162461,451.188950796161,-93.3475517621894,44.9988275049998,-85.3120658553919,93.8956215416626,133.775498019498,132.760954702477,51.7688717542802,125.137981030847,120.217812649319,-21.5984852074621
2744.65350533529,2892.69482003195,2623.42376593703,142.907612614023,425.290391590887,2203.07949466836,2492.30440068744,2147.71662801289,2203.54533701954,47.742619133903,425.186715908952,295.792687907323,385.434612749405,398.092612467702,415.051186627213,420.871893093004,424.411135344483,271.689692897481,69.2418166153036,225.46205577373,-74.2727872416446,-68.0872648471104,146.315551544427,26.9585149976305,7.76622779535717,7.0663909415731,424.654783047273,424.231856756511,425.331102552149,413.328235946833,417.882828006441,-122.084307889572,-121.304338279031,288.516446428599,80.705914773745,1667.37440212343,2341.35477109865,1239.65368292596,425.156365920299,383.703927878967,114.660107588846,612.254832367434,1136.28011540834,426.685863356997,168.484611676562,168.370295077872,-125.820639244629,308.509553483692,219.415656091191,70.4351955733786,34.829767069113,34.9567004001177,350.416622379378,144.078030026242,32.7894327376828,692.895988562424,34.968404869212,45.6549166863601,115.494536702162,89.7893925020705,-123.875972410304,351.706175841743,219.998511706121,269.442665694577,221.255240656217,268.049989491048,91.8717557637339,-94.8649905770267,306.325360835772,288.67016103483,329.043551305909,309.393965368846,353.0604119689,-2.41868341347356,-68.4906621338661,394.02608476598,246.971758510575,111.521772700061,291.925127868391,377.291146060023,-44.8938857431245,-105.087012162078,388.111422224055,379.369037588504,378.19457742021,310.097747181619,398.135742883168,-79.0570133998717,-58.5010948013538,411.973711246761,384.717595689065,395.442455194207,389.633650690249,410.071428867237,-115.062722259659,149.204290428824,409.851933650249,385.663797960394,409.98427384406,425.439438277955,-14.5654247828046,-47.1202581011507,28.115745761948,418.501389744869,396.963437589205,386.215872758447,346.02045420653,376.44906559222,16.9882670606406,-125.824510223711,377.32155010679,135.9289132433,136.127172183016,58.0423775787602,293.079350584882,169.909775167199,-121.723983817405,377.957250897223,252.172708008395,164.858606236498,136.829576516611,373.608700209314,-3.57805393239926,-118.980114555125,313.294205482496,193.151115940482,314.040432132658,269.336074828856,328.394643652196,119.27312783756,-62.0870806523391,194.817714149479,79.8064623073092,154.106584287077,211.489418644531,171.649285158075,201.590664782027,-87.9472186807184,223.97263491506,120.686830206458,696.183711254405,575.494276879375,117.123283166216,368.257604336086,46.2357284752921,270.513237137357,341.759844935814,387.971211103206,391.981921359212,425.60229641593,-96.5014158756497,54.3634886561694,-87.6953179239483,106.949594950121,149.759625485395,148.670872618898,61.6415249686607,140.491985767135,135.211402203649,-17.753839876603
2734.51869630792,2881.42645885047,2614.82978985356,148.921905555834,405.897002017539,2163.64946084732,2469.2191034451,2106.71768981649,2164.33334182165,28.8917043207485,405.825136891498,281.106366250104,378.026248845095,386.327406344664,398.309887895291,401.8584997667,405.139903210371,257.56432139191,58.1674279210824,212.171671249871,-83.1620184050552,-68.0861904399909,157.120188299168,32.0981095248611,11.9401178887791,11.2004056241581,405.317841789015,405.085821092204,406.005872649306,394.8479530867,399.064717183369,-128.686062586296,-125.65132161698,297.851738854473,57.6896181514122,1617.38547780372,2307.43934621493,1187.42961380128,405.812750185334,366.643945588574,87.7848120081467,565.801006807866,1083.71555144085,384.488407625638,176.14342910147,156.055215942176,-131.289875942901,317.03361918386,229.293653214781,69.5240033744241,27.6529879596472,27.7974669677457,334.39802345258,132.085268310616,17.9916777120213,644.654929988295,20.1379948286635,26.6746674663982,119.789150151381,78.4896780986089,-128.827365205553,355.491512783735,230.462572927928,279.782194819771,231.22246678319,278.083495927943,80.53502395801,-103.295025962718,314.39419844869,298.200193337672,336.468602146238,318.049989304463,356.890131261171,-12.5454444978941,-68.5388806451083,384.910713482756,257.845823065491,116.117966676964,301.725676294917,375.345948106018,-54.3554092467928,-107.641358216561,382.340144141642,377.302844862791,376.157780969072,318.760148858081,387.504603938412,-87.8857608949303,-57.9632135466794,396.018556461312,380.676373649736,386.107409027233,383.741953694011,394.639314765083,-122.638873190554,137.100782403976,394.542668654621,381.609498723095,394.588415680958,405.995264759981,-11.5479493342737,-45.9108238655184,33.3213640199556,400.576622169385,387.486070822912,382.156186101191,351.894101729497,376.338609519826,6.59190444039439,-131.297406474336,377.173136195386,143.09438983369,143.319055866373,57.9316526446028,303.116970107726,157.563042456577,-126.034501444944,377.762544319078,263.637667014987,173.464561596077,143.732106722293,373.407659721902,-13.689616868057,-126.058786449136,322.240322746729,202.958673241493,322.978272840719,279.725728836605,335.795891532746,107.586343454481,-71.2318163450861,205.088083311891,82.6562793924664,123.557869616671,177.659039687249,179.202957080412,188.696834935242,-89.3372104151687,233.353776635645,93.7307662166075,648.064756554943,529.747742336706,90.2372300436715,351.660077938572,35.4338168831183,280.96286323812,347.393142761705,380.543555361336,382.912683299776,406.227939771095,-98.5287906056717,60.8579548747631,-89.1970202674291,115.93517416828,160.721180489305,159.582394838118,68.4789058559247,151.028760352498,145.505163202933,-15.0029088142247
2728.50907255325,2874.79506878207,2609.67946842359,151.883690972078,394.361396453157,2140.09990262489,2455.31302511201,2082.2364300178,2140.91192274114,16.9258002865481,394.309789327587,272.06127232728,373.757767247306,379.49793798414,388.467575916621,390.384315280506,393.560968194389,248.851935956244,51.3598783219526,203.969544298936,-88.5663964031776,-68.2147607964993,163.214630371578,34.9366687249583,14.2224145497669,13.4596383024168,393.697327935527,393.721017284741,394.488975811294,383.649093281576,387.680746049369,-132.692209435526,-128.317199230743,303.121367492208,43.2711460459319,1587.52419332676,2287.15203917415,1156.15165505875,394.308402917775,356.206971333684,71.0988719480717,537.742672980977,1052.21213930972,358.878148522588,180.128148491837,148.451375250091,-134.61928791887,321.884090707882,234.701628514452,68.2590851505109,22.618951676138,22.7738813324504,324.561031863514,124.685986799473,8.42180418596774,615.570172133249,10.5498502335489,14.6315819831177,121.685815485509,71.5336499776961,-131.850460231118,357.698735698891,236.221057182574,285.588270458832,236.686167405266,283.705771582245,73.5563474725634,-108.411099719617,318.972105455921,303.584447783988,340.73325336646,322.979798360424,359.126396153829,-18.741243850011,-68.6964091880199,379.654385897077,263.908321984807,118.191083793621,307.276360910363,374.272444200488,-60.1242078875607,-109.255681701919,379.044325927936,376.163574338809,375.032872195138,323.695421649315,381.356882935716,-93.2514330910592,-57.7814414042037,386.679083003702,378.391947577906,380.726903805914,380.379950256687,385.627827424301,-127.230551214045,129.635065128137,385.602539022253,379.319784031068,385.597926140936,394.428755578553,-9.93243726340802,-45.3402400038019,36.198113597322,390.019320033966,382.026496542962,379.864810880931,355.300202219576,376.336920084975,0.22091058107128,-134.628986674121,377.151535712372,146.735100840594,146.976017009309,57.1346549137818,308.808693133091,149.940126210824,-128.678343241983,377.715685270012,270.05817635359,178.010352679529,147.217739326177,373.346505141393,-19.8760098263136,-130.351265732929,327.348515854755,208.270677237612,328.08353781367,285.560845841611,340.045199797524,100.383591624831,-76.7986708789875,210.677621858102,83.6483361867747,104.719264644709,156.905631103254,183.128220599124,180.738957339387,-90.2747701526723,238.47089244316,76.9990026169156,619.052291415965,502.094630943274,73.5457378891488,341.494249700942,28.8040471899736,286.835965223583,350.64939105704,376.269544796652,377.677931043592,394.658663524378,-99.8375531263425,64.4764291438147,-90.2012135836003,120.985266449507,166.905659178581,165.738155362442,72.2944096340899,156.969447480116,151.306356020121,-13.543013838222
2723.22638357669,2868.3258647511,2605.64111985178,155.375990877743,383.943499279112,2116.78665972323,2440.69857569114,2058.18250044174,2117.7297918046,8.58659047483945,383.907615785854,264.419469190117,369.382730357201,372.904975937147,379.364714227747,380.211176157148,383.237163560303,241.555103393695,46.0978798277509,197.210026228723,-92.4232589835436,-67.9242897423075,168.056617552905,37.4063302686019,16.2853606936862,15.5055936621287,383.34091384406,383.422501596891,384.110704405975,373.772411469669,377.619674296789,-135.357606376002,-129.931446653934,307.576088830023,32.7768722375311,1559.65676924242,2266.62827365092,1128.06542428026,383.915179566109,347.139013135122,58.5915803819283,514.094822915113,1024.17419124548,337.8508476594,184.320243825637,142.326314832098,-136.746541793098,325.836217018024,239.75880857984,68.6415160603074,20.0587213890747,20.2219572210047,316.107141800198,118.782728623948,2.12794954018909,590.808242354937,4.23312503142995,6.23367944813606,124.444765362329,66.1103892934918,-133.740691269949,359.069872066534,241.563141444821,290.636051135099,241.779956066132,288.608492733397,68.1091836778434,-111.99887377881,322.708197739804,308.13528941603,344.036516919548,326.993562719493,360.513435486713,-23.3637728012153,-68.427983520788,374.390634123982,269.329044943028,121.111510184494,311.94661265266,372.656598475434,-64.3231808493848,-110.0715626009,375.470909909756,374.47756075279,373.367038953248,327.709050506091,375.322719458683,-97.0662681664119,-57.2626385493639,377.964229758549,375.695429328822,375.34636509934,376.738988649612,377.173016447389,-130.368332643995,123.662907895292,377.210098591721,376.612270829831,377.161631112388,383.985424391308,-8.35790398283905,-44.5343594056314,38.6959094440406,380.32066930904,376.567507705633,377.151951901049,357.745240932133,375.641346789885,-4.57851327478102,-136.757948128471,376.432832996238,150.817247263313,151.070129218511,57.9506827323664,313.592004677297,143.795200888588,-130.274503565474,376.970750239166,275.749257067804,182.679864328594,151.167018813559,372.618800811603,-24.4877241747753,-133.247000672089,331.489114519028,213.409852303423,332.21644660745,290.634131903102,343.339542135365,94.6943370478682,-80.805175039605,216.037758782175,85.8345935646203,90.2675525203617,140.655610085525,187.257441815313,174.239059330164,-90.5873224784741,243.267518839981,64.436014726114,594.347168191009,478.895880518746,61.0265147142072,332.699584560274,23.7324097545722,291.933598363477,352.993893089763,371.873156897666,372.447002875858,384.261449879065,-100.427639897533,67.5157493812511,-90.5665984117296,125.067569313737,171.813084866142,170.624698116985,75.4772179506973,161.699621891853,155.935083781266,-12.0854036677273
2712.93091341229,2854.63121394088,2598.58008481161,163.456592832296,362.987371989577,2066.13743986145,2407.3856429803,2006.23154480248,2067.36935358172,-4.32836114342683,362.979875309888,249.758146201292,359.832775494668,359.071153242242,360.788080801227,359.940740482382,362.6051406163,227.673186059543,36.9932848478717,184.569178496108,-98.3502967067571,-66.6765483297196,176.293898422709,42.0271570892018,20.28195501371,19.475738693725,362.649555927273,362.666691480117,363.255598083841,354.150263635633,357.607590476862,-138.989785989427,-131.749269861688,315.870599876708,15.6517534180422,1501.91713523728,2221.2701446556,1071.72747679304,363.004041160094,329.297342490506,37.5002439718871,469.257745664873,968.368970127743,298.950400306838,193.44819373586,131.159353828087,-139.43092077199,332.949112193278,249.965753407291,71.6305542380778,17.9094864749322,18.0874354675561,299.623485728109,108.144312583086,-6.89360836524872,543.42556067413,-4.84483135247297,-6.77994035502115,131.420496295962,56.6171840093058,-136.02415925638,360.779501981685,252.288792722745,300.268552561238,252.038382491748,297.984778800824,58.5606608285254,-117.354917078769,329.438289564374,316.609176418693,349.684138043546,334.213442265962,362.238878738547,-30.974752263734,-67.2165745488619,363.075787767733,279.913791937689,128.413551773321,320.610443868958,368.404696438838,-70.9832799909165,-110.579656837659,367.401295041613,370.070069742693,369.01050466483,334.92099449908,362.522525699268,-102.892843067448,-55.6602607106315,360.085758939662,369.315931429557,363.79318022839,368.523886693848,359.770814001591,-134.849599598421,112.868095700135,359.928614799196,370.201599155106,359.795514628939,362.981688646165,-5.11352775720093,-42.4832728480544,43.3605341772352,360.619482898575,364.848251528335,370.724959479332,361.568268519652,373.144910619989,-12.5934022188022,-139.445285852845,373.882821477157,160.038691397492,160.311289425221,61.8251373094173,322.458058275694,132.582941029673,-132.059062285443,374.363665930655,286.78947092772,192.714653254234,160.13493551233,370.091394526907,-32.0721371100846,-137.291590960457,338.90820776133,224.037252442745,339.612695081445,300.316067620372,348.977007937938,84.5689725727639,-87.04749491558,227.058979617629,92.0540383008303,65.2897390683158,111.966703615306,196.24510273791,162.203209527161,-90.2982288044201,252.957731047254,43.2087909401555,547.063013634688,435.098530212176,39.8995022825287,315.460012368695,15.0810896735474,301.648726727813,356.670680305753,362.255869366273,361.217177036879,363.397902487343,-100.582092203354,73.0091564482627,-90.3701392939034,132.150540396878,180.149626381765,178.929530871825,81.1891491475909,169.767104693211,163.848497793952,-9.02950406224682
2696.32577269912,2830.52347709337,2588.66786890335,177.868542955832,327.911201025586,1974.15224739823,2343.99102200449,1912.42227193925,1975.91198197271,-19.98074090406,327.946902398231,226.049372781652,342.577747731453,335.046487504799,329.349320309781,326.132979406591,328.1551171829,205.420088282791,24.1013922088588,164.700449506799,-105.131422394113,-63.5979933680514,186.801652164812,48.7687691312052,26.3608796426153,25.5255101863511,328.108712256427,327.884052731459,328.356480146966,321.459953418157,324.254657775532,-142.058565629049,-132.329364137337,327.927832539597,-6.76866541782431,1401.89115326765,2137.51352299436,977.356368951873,327.996597292377,299.741088667355,8.64568401346537,398.609550562635,875.668258201067,239.34761433087,209.005033745408,114.139286544223,-141.153938598596,342.809814573574,266.24709374648,79.5454952375228,18.631359475111,18.830195587191,272.529657914925,92.1765249325257,-16.4720984017241,468.00601479042,-14.535350194746,-22.5613747078157,144.614051270355,42.9368240484105,-137.217000795895,361.486221692237,269.338550505982,314.739893272702,268.368366330015,312.091625997654,44.7738159558345,-123.103655687151,338.753169290775,328.93825573226,356.901225194477,344.222460964182,362.945815265584,-40.9191750555159,-64.1836690606602,342.959478305656,296.260474603589,142.151091915411,333.17149804063,359.438702878261,-79.1095512533103,-109.530313169409,352.368014651537,360.826689326185,359.866854169076,344.904978802504,340.063552335873,-109.473002160872,-52.1929928249345,329.70770401217,356.938787199098,343.282251758401,353.237864112836,330.123640020538,-139.164467491243,96.6059328019105,330.471509552585,357.759224105277,330.205558423957,327.831761078773,0.159324150947782,-38.516402184687,50.1504296053093,327.427345636679,344.052965545015,358.247230146589,365.651694099409,366.901093691496,-23.3235831656324,-141.172373363033,367.540373703676,176.263933229174,176.56217676009,71.2329242563845,335.310001070841,115.477145863478,-132.588633944861,367.921279832422,303.74217883177,209.68416063649,175.964005809212,363.850316325457,-41.9629238432329,-140.961977908145,349.154510496041,241.417071142897,349.81008301709,314.865356465784,356.189883043109,69.6306944099571,-94.398387949821,245.005870274965,104.655305056388,30.0318541376929,70.3841799013719,211.546183801247,143.508066347563,-88.3317007362771,268.395988465761,14.085735623128,471.778328971944,366.420620166223,10.9647148618039,286.998256235164,3.09884472911813,316.227519192071,360.603940488757,344.851884028315,341.269539589551,328.506963093473,-99.1364443804661,80.6719375700733,-88.5340843157018,141.467521463714,190.759259733703,189.506519842472,89.07887577201,180.099988482297,174.022674906634,-3.98239767634652
2695.20063796036,2829.39866250888,2587.61171427438,178.274844167962,325.762647367718,1970.07842061975,2341.69196827752,1908.16074824737,1971.85923248434,-22.6278330965145,325.802648402969,224.269588532554,341.884672077792,333.860001503408,327.560364843321,323.955233484376,325.96966438188,203.69655783815,22.6974981895681,163.063110264995,-106.286439306763,-63.6860623223354,188.010631399084,49.2981000787831,26.774256183177,25.9340934268555,325.914501711311,325.774676669298,326.206376186316,319.323859480418,322.087405447553,-142.941319301192,-132.94075427643,328.961438366406,-9.88090325181611,1396.47060540577,2134.06501650411,971.503882449276,325.854582566911,297.724640628116,5.10704378041873,393.10552877677,869.733722870309,234.230338446515,209.640303195781,112.602419923128,-141.900509386354,343.788320141383,267.220480062388,79.0448893357798,17.3521771218076,17.5531413537515,270.614469508721,90.6737247998952,-18.6546692948946,462.34245500086,-16.7202426423262,-25.2246008730149,144.782909013199,41.5080325155986,-137.901187990885,362.011226314072,270.382406733562,315.853011041902,269.354476893453,313.167049210282,43.3412047566184,-124.205257904923,339.675957644294,329.994349366517,357.79303815168,345.217403325953,363.478025781495,-42.2178517847174,-64.277676202241,342.08233364032,297.395557604215,142.352318302574,334.263845697404,359.360913361814,-80.3319886223162,-109.925828774753,351.86926743041,360.738647763929,359.780181663418,345.901837354623,339.014414165803,-110.621570318511,-52.2165319584603,328.026061227109,356.634277615969,342.382994592663,352.728288177254,328.510458259715,-140.164286890492,95.0918437255729,328.871917710624,357.454853476478,328.596345804558,325.676967017399,0.433808554115672,-38.4592087792763,50.6876974703148,325.495587245368,343.140359160182,357.943251526802,366.399762719659,367.030386315112,-24.6532186884183,-141.919382188597,367.666913376685,176.800118724285,177.101854294435,70.8172760279331,336.430937686771,113.937044052249,-133.195653604626,368.043772316321,304.952821419934,210.428516736211,176.470224923961,363.964759137172,-43.2601199179306,-141.902054350045,350.188504002571,242.342628263158,350.844440002447,315.983962360765,357.077982773669,68.1605958837604,-95.5838221524446,245.988013783402,104.613911493073,26.094144059403,66.1028467138298,212.1720194668,141.911743439026,-88.5871045934424,269.315107456621,10.5409278250303,466.129476317284,360.978142840693,7.42617839305944,285.028579539158,1.72503168470575,317.354920672994,361.318125223347,344.160688007504,340.393972352905,326.340991136485,-99.4685346738565,81.3639110273047,-88.8029147288504,142.45835276923,191.987052721367,190.728313219921,89.811986369489,181.276847048476,175.170392455482,-3.73999782320971
2686.70965435286,2816.2593254919,2583.08320591917,185.645942131147,306.842410356904,1916.85928590996,2303.36607277116,1854.14451876766,1918.94013464848,-29.315310520513,306.905782299918,211.465289595437,332.231180260307,320.771955564942,310.621229480945,305.53818720034,307.257855101207,191.75362063882,16.6141126265904,152.581133609933,-108.544186370571,-61.7164371979261,191.60836948655,52.1440168997941,29.4756529470735,28.628119621771,307.153733628541,307.028922308368,307.353738536839,301.46770861156,303.889840155285,-143.214426498215,-132.147647140284,334.286997369788,-20.0502641918449,1340.78664202312,2084.89588277124,920.333422407267,306.970947619952,281.522538180931,-8.39374570096254,356.52662250384,819.804916919632,204.001620648328,217.412645167361,103.875060174992,-141.56472318847,347.918107729081,275.032882855501,83.6926558045917,18.7111536427195,18.9216584341024,255.812150576742,82.6155827293544,-22.295602688706,423.007477379281,-20.4280107767562,-31.9651108611031,151.727059652134,34.911301881821,-137.352194275928,361.398430167695,278.565504175642,322.474422506008,277.179599111229,319.619189052402,36.6791108025659,-125.848453757746,343.552744734034,335.451647524851,360.504705132734,349.414183601402,362.857021560277,-46.424510528132,-62.3246301359653,330.963627083355,305.070234245021,149.58428104204,339.814416548924,353.845295121375,-83.4044753035603,-108.553807888848,343.298397423798,355.074249821881,354.171813573124,350.082074354591,326.708981271114,-112.750788879966,-50.1505676849824,311.664135611984,349.395076476252,331.062460565642,344.024520534113,312.538883893306,-141.028879954466,86.8574421456283,312.995124102766,350.178007634491,312.653422366741,306.718482303709,2.95232809933623,-36.2624300164086,53.5458299047,307.650384629511,331.671341680636,350.645866999742,367.474590184856,362.858982603367,-29.3575356231763,-141.585339697622,363.441971711529,185.095281460962,185.408229268338,76.2624987335282,342.116473590377,105.158041254439,-132.37745619177,363.766121389303,312.891486693859,218.910062076591,184.566875874557,359.811905311641,-47.4326711245088,-142.458377630368,354.477257828096,250.851315587853,355.104723200853,322.644081209256,359.791574646957,60.7629240626719,-98.1829457559172,254.763012594823,111.483508794886,9.23839125770337,45.8410976674887,219.80138005418,132.155757138408,-86.94839231822,276.690119367499,-3.12068989124862,426.851791419761,325.546651874359,-6.12623140114943,269.456854594523,-3.7715206776744,324.022227888503,362.345649968707,334.418541960371,329.369997660693,307.469186185697,-97.9902610812134,84.4058064150729,-87.2224838915029,145.829354490472,195.603682867664,194.338792102949,92.8985865943146,184.841573773009,178.705124549913,-1.29474654046817
2678.14985652144,2802.45267090731,2578.87724925133,193.31826940668,287.135431798614,1858.71384493825,2260.27889670279,1795.31644147222,1861.11791288302,-34.5627178028607,287.222114316544,198.309863556523,321.773963908792,306.892953238463,292.898090800611,286.338286099733,287.755401023616,179.548057271329,11.0198306778027,142.009611271533,-109.844611705868,-59.3794607878078,194.074168215281,54.6671930718074,31.9885447895016,31.1388674984507,287.602356091766,287.497600563345,287.712038517134,282.848495982145,284.917113639159,-142.483347616161,-130.500833519533,339.041910932013,-28.8080491317222,1281.55096680108,2030.65569025725,866.961652694692,287.300368802368,264.650782768338,-20.529181886078,319.819657995722,767.998501755943,174.246029025849,225.312258844065,95.2709717517054,-140.284041631309,351.381214741334,282.646590577005,89.1844908972372,21.2513802316505,21.4705051482375,240.458146644131,74.7715084698617,-24.5374150709283,383.274637040138,-22.7448284310677,-37.2550595770942,159.154143603718,28.7293631036247,-135.899891067152,359.965320083298,286.530732128481,328.610780773887,284.794756209718,325.601076367029,30.4240036686344,-126.477481793082,346.784837303526,340.333192166529,362.456100238352,352.936700452522,361.407485212883,-49.8921671780042,-59.9994453705878,319.025839109385,312.372082368942,157.308285874027,344.765657370341,347.470999251092,-85.6019205334655,-106.507590744348,333.879203501185,348.542021140089,347.701481110613,353.584059213128,313.590509587328,-113.904954073437,-47.788255464181,294.517593429619,341.294435494716,318.918981037419,334.466259856085,295.781901474723,-140.853290959436,78.8181453459733,296.331914430977,342.034803291276,295.924915043792,286.973494341749,5.44087479871837,-33.8558304798543,56.072570609517,289.025350224801,319.373615164756,342.479212294059,367.723401210894,357.800770779808,-33.3865028621946,-140.306159063229,358.32614705057,193.691750119137,194.014053707956,82.5829004002981,347.191660999974,96.4966023592341,-130.706246895274,358.59493612279,320.416725089344,227.509108048902,192.967436266838,354.789303631364,-50.8614491987064,-141.991510085603,358.064819197285,259.300884221608,358.659856305237,328.81868965043,361.748855436415,53.6713604650871,-99.856692106224,263.458516293747,119.044553673253,-6.33165203912188,26.7101445877202,227.546616981323,122.399655525575,-84.776528445907,283.859048442785,-15.4368440865426,387.166833211303,290.106439499626,-18.3221543293905,253.270848348527,-8.69669284558461,330.196325591916,362.57481580432,323.859213556762,317.537264833746,287.806971477627,-95.904841304452,86.9350936556639,-85.1026523066937,148.331578108753,198.065521046521,196.801736484585,95.4234152314723,187.31319780638,181.181977669725,1.15008849098842
2670.4386438681,2788.9643654414,2575.80108762588,200.462832177406,268.207540707441,1798.79475237254,2214.28823797153,1734.95177871416,1801.52803838372,-37.2840498026552,268.315996579093,185.784045614784,311.246479209661,293.320378362696,275.837281210011,267.767254347227,268.930649303771,168.019327058025,6.70823135184219,132.239212796318,-109.479742191559,-56.738678009169,194.246180758175,56.2872784969808,33.8307759489234,32.9881614042819,268.731964920334,268.745173344529,268.825160573237,264.805470022841,266.546367838709,-140.201439836988,-127.648229638353,342.34440002609,-34.7181499977361,1222.72053668613,1974.06211682853,815.469448285573,268.406027132786,248.27858137547,-29.5360867096282,286.479161649646,718.408106277959,148.068137946665,232.406265065692,87.6256736332267,-137.606379334545,353.402442851438,289.016395091241,95.1813322504095,25.1119939310746,25.3374107657615,225.630146404753,67.9644532391141,-24.6292529627464,346.802675166103,-22.9165765034437,-39.9981386433388,166.346939879385,23.76054214461,-133.138223814736,357.432243863459,293.186979455761,333.25975164475,291.149224686998,330.133899596356,25.3763476186587,-125.409053723837,348.632609396035,343.740709922734,363.004650255075,354.999648434701,358.847880530485,-51.8592504606841,-57.3611140831763,307.155786134849,318.215764982906,164.781128279908,348.201028130402,340.500874571985,-86.1893635348222,-103.601914872778,324.214308248768,341.418507945294,340.641356716352,355.623050616559,300.672209818266,-113.378214682752,-45.2468500192152,277.997967935731,332.785876256642,306.861265611854,324.669363358953,279.622909335077,-139.012445669583,71.80443714916,280.254747242715,333.481429660067,279.790952361482,268.011283348064,7.53435562566426,-31.4233740311852,57.6809807191485,271.151107460374,307.170962700638,333.900928272027,366.670255115077,351.959174126748,-35.9696212642635,-137.629435398597,352.427652158358,201.664455601771,201.992486254658,89.3702612579219,350.720820995618,88.7903258099507,-127.832760407183,352.643644585038,326.399703915878,235.215264804844,200.768824715551,349.004067666462,-52.7855845501092,-139.916176899133,360.146205600825,266.617075145267,360.706815526183,333.500904268842,362.308413981182,47.6987340650318,-99.8845820164496,270.964430525414,126.668030255723,-18.5383417209081,11.0731067457245,234.485186176128,113.512558703295,-81.9998266557285,289.819514940469,-24.6365984235206,350.723465018519,258.086288096225,-27.3970841311402,237.602807246703,-12.2642523831676,334.866984796546,361.544657156139,313.221499608871,305.775041964931,268.884490418512,-93.079058114338,88.2332707655477,-82.3623128880098,148.990736310105,198.1945019457,196.944244680664,96.6327285211888,187.557512706184,181.491819445363,3.25483314522262
2660.36705708014,2770.26867989175,2572.52716862591,209.901397820399,242.282894325561,1713.07433160317,2147.21930849605,1648.80455515249,1716.27631056981,-39.1236838188956,242.421255323069,168.621560746179,296.47950524162,274.602244469052,252.490641672771,242.146089030421,243.014715253483,152.302411810485,1.72161772514062,119.113319318379,-107.510185836614,-52.7886582909259,192.338183646283,57.6946087630851,35.76402575289,34.9397826798488,242.753528574864,243.077518668478,242.928085343462,239.865112082038,241.17322718079,-135.625172428524,-122.578155381811,345.692974407881,-40.7557916756159,1140.36600603962,1892.53237012358,744.667033921187,242.526871060452,225.591451301469,-39.6769052076454,242.4119132509,650.560344805768,114.228466073664,241.548421436917,77.6382267826147,-132.610065037583,354.979978452004,296.795916342141,103.863574831386,31.4815638280909,31.7138198153095,205.133887359227,59.2310662743841,-23.1011697174278,298.252191496554,-21.5047563222266,-41.8504740997535,176.093117056655,17.7820973839329,-128.102676334715,352.96044952698,301.313696059465,338.450771590068,298.893543502136,335.194143505882,19.2816442088165,-122.415881187271,350.015430769485,347.217872440353,362.56807979803,356.620826747939,354.330930201002,-53.3359812834026,-53.4060727239278,290.628011787789,325.091155265501,174.905604154954,351.683017167423,330.267176177881,-85.6167952094966,-98.7716292626825,310.509620660145,330.975090611912,330.28732271459,357.208143464494,282.78658496809,-111.165974121946,-41.5509315715891,255.397881473891,320.562323949401,290.087370999105,310.787009108887,257.512926095418,-134.956136861086,62.7697074244079,258.248970351871,321.19375743505,257.71300945447,242.041190249197,10.0739767424679,-28.0210513671361,59.0579230983562,246.730449208646,290.203185726716,321.577500596762,364.090323351135,343.144476043112,-38.3668999948898,-132.633936374769,343.534466702231,212.182747217487,212.515877966192,99.1286928257712,354.308596268689,78.7137064085208,-122.736341547819,343.679210687041,333.400398855552,245.142085210389,211.067901539688,340.284674398654,-54.1980846493526,-135.57977184503,361.754940821148,275.804796377469,362.266086178162,338.734074489802,361.891358767899,40.2178129178341,-98.4883122062371,280.371085274262,137.261629216817,-32.9658067190758,-8.05374091007604,243.408841864501,101.693569054816,-77.583636159776,297.05556469839,-35.0583339094629,302.196657610965,215.916906057703,-37.6397980759398,215.922307559923,-16.1316531932125,340.075132225147,359.031619334773,298.294470297684,289.399287988033,242.914444272658,-88.4701410090873,88.886477409337,-77.9833169951009,148.182508410763,196.190031574397,194.970227251226,97.0833354332357,185.812363476622,179.894303353859,5.86038838491584
2650.63046598935,2751.52671092851,2569.68338571143,218.792775589394,215.732428930815,1621.10278728884,2073.17872317566,1556.64338015376,1624.79141759425,-39.5039994847954,215.90143889988,150.9843379545,280.940531604577,255.271065121191,228.595781910282,215.705457192289,216.330297079315,136.221485118757,-2.54433699329877,105.863027501317,-104.107961164261,-48.4882842940108,188.177111040563,58.2530765788295,37.0814546709262,36.2846719920709,216.005236570415,216.807572425724,216.375018506709,214.073123110958,214.957140533857,-129.572737396609,-116.305953381251,347.654405771068,-45.2301272492621,1054.14032000747,1804.25029279467,671.885588479902,216.02237486423,202.057161892022,-48.1772650853196,198.829571116213,581.178677984135,81.4774313504437,249.924061057455,67.8232774280879,-126.248650513783,355.140317555191,303.444125598885,112.770450523896,38.6384457499378,38.8758403940687,183.911090272631,50.8043526671994,-20.295909444312,249.913376688275,-18.8244018293065,-42.2258781937201,185.526688490487,12.4098375071135,-121.776402279604,347.199351618981,308.270161490601,342.268309111706,305.492441857116,338.906610166401,13.782288872308,-117.906164037536,350.020204240922,349.294468925498,360.700077276994,356.8122744697,348.515817385294,-53.7128325736422,-49.0922309059526,273.38257542157,330.653209134402,184.717881710929,353.73264213406,318.989660577445,-83.737122084783,-93.0554809327922,295.932885609842,319.48621435118,318.891094918663,357.360062451058,264.240335014587,-107.494598902428,-37.6280695328506,232.272716172289,307.385979422029,272.6040757359,296.034079952878,234.884752578399,-129.352607573657,54.0168457052345,235.718595743157,307.950128254216,235.115068651348,215.445952618305,12.2731024466061,-24.5423715407738,59.5709596999629,221.78249865944,272.528724739493,308.296292721904,360.108570077963,333.180115509548,-39.7625070511782,-126.272888844253,333.490421152969,222.115707231726,222.451446440717,109.121749392324,356.443171658116,68.8019973339493,-116.439403848908,333.56434618523,339.026162079429,254.261021434265,220.793876156179,330.433743315643,-54.503890281371,-129.730197897713,361.897669684224,283.98169901046,362.356719817598,342.590880807289,360.047307501141,33.1815252669005,-95.7083312589965,288.730179012221,147.801604327756,-45.7181869268406,-25.5786787396293,251.557463661257,89.8761332792054,-72.5275540549292,303.169638887372,-43.8621853479569,253.86318784355,174.358232824313,-46.2528896841924,193.457879417736,-19.1525743252123,343.897913938092,355.151312238876,282.585227531971,272.311234359879,216.260769601229,-83.0919547144225,88.3612424153663,-72.952798266401,145.577786092425,191.892839718802,190.716079420133,96.2701951932924,181.881517761904,176.172202272408,8.17722893544965
2646.91594420571,2744.32652161384,2568.63197065412,222.157046692892,205.428285332549,1585.38426114021,2044.40564986814,1520.85234623378,1589.26165217546,-39.759570945114,205.609513463322,144.087791491374,274.952635624549,247.813599078731,219.350314210284,205.409130258667,205.949309533866,129.931162607748,-4.21357439340545,100.678463927839,-102.773226983277,-46.8329649702902,186.465820640322,58.4183439534945,37.5486811534226,36.762840853163,205.598845522516,206.617704304495,206.065199780948,204.020651417034,204.742796686014,-127.204784229232,-113.859664333316,348.387741035758,-47.0701245021829,1020.65524358407,1769.95925741509,643.610533840584,205.736479027847,192.866844528886,-51.5748102049375,181.85943411902,554.220835039554,68.6987426358722,253.095903243807,63.9808920300638,-123.763282044764,355.185916019665,305.963627549541,116.12266956077,41.3048653438924,41.5442522663158,175.617423921029,47.5053883894849,-19.3180684366865,231.102556430309,-17.8948645925359,-42.4795304164646,189.094163012566,10.3069086805557,-119.306695486837,344.97773971482,310.909582191132,343.711103318047,307.993255192236,340.308353579174,11.6297076658655,-116.138041187317,350.005175073602,350.072259847922,359.970493727334,356.870076800384,346.273701526401,-53.8584649573753,-47.4314400457185,266.736301335876,332.762073901477,188.431833043137,354.500900697754,314.648501463419,-82.9987517419056,-90.8342511074225,290.319137056274,315.064088443491,314.504381062507,357.402817160758,257.089930645869,-106.05447190877,-36.1231394213022,223.334526156524,302.31347196258,265.866624550422,290.352914963625,226.143693014435,-127.157642006481,50.5906778641527,227.015228577309,302.85195004388,226.385652997968,205.124228342026,13.0912385428069,-23.2145329130443,59.7181235761951,212.124732252515,265.718062246712,303.183813149065,358.569954660055,329.345728421081,-40.3074339767309,-123.787650958555,329.625582515945,225.883149556978,226.21999682915,112.894152035117,357.244368734025,64.9218582489309,-113.983522602691,329.672430088093,341.160819906273,257.720883001407,224.481245969936,326.642385621476,-54.6217414294981,-127.440291287269,361.937551825055,287.084916584912,362.376736284768,344.048769904993,359.326814260294,30.4271052097856,-94.6173248755618,291.90444629766,151.790822897828,-50.7603027729377,-32.4669138931772,254.641725648364,85.2515684362254,-70.5700627109394,305.482676668349,-47.3772197711966,235.054309676362,158.171281770344,-49.6940801404171,184.683655667829,-20.3338890058517,345.342998793386,353.650877281493,276.532273921367,265.724985235624,205.906841705411,-81.0055114496874,88.0954307600163,-71.004955172433,144.485157106045,190.127448179086,188.967797279105,95.8899174346235,180.261740207945,174.635399096565,9.04260875362331
2646.08211518968,2743.12411615254,2568.12301303943,222.84544710286,203.626010388587,1580.60169978638,2041.05638959767,1515.9801486421,1584.50588052235,-40.606011426472,203.809575354888,142.847599615303,274.076337900882,246.593362024504,217.745200281352,203.657073204942,204.168574546656,128.766923415489,-4.87869681461666,99.6403668684335,-103.110276532064,-46.6804294787999,186.953603750703,58.7378104828151,37.8382578331601,37.0510802084572,203.813223556192,204.832659906184,204.269987561214,202.322476100654,203.011853203312,-127.349221132494,-113.880459993393,348.976127606099,-48.260082221452,1015.48997006325,1765.58642408064,638.747901247959,203.937875641061,191.323477683828,-53.0911015734158,178.217036324031,549.446599774821,65.6201055780023,253.844924205477,63.093704538299,-123.840173633296,355.666645780787,306.755392563521,116.475488460626,41.2902910627441,41.5307342452634,174.200501443638,46.6746279245608,-19.8563169207795,227.216654155254,-18.4388184345728,-43.3324419086441,189.718485655319,9.59906802467594,-119.357541725004,345.00438026798,311.740526227881,344.418330973577,308.787619144932,340.996978053411,10.9162305750214,-116.420289791004,350.45811544345,350.674365081495,360.321118818574,357.358374051236,346.300500406004,-54.3649160322725,-47.2811087609841,265.715782858547,333.560818401533,189.083753382581,355.11508529689,314.191200770491,-83.4076318348596,-90.7766538828178,289.556089189269,314.593054056695,314.038229923773,357.889940702457,255.950384145044,-106.380719822131,-35.9528144935909,221.787087622919,301.684730266184,264.826463112893,289.577366033783,224.635293622648,-127.365209610035,49.7444750287046,225.516395836999,302.220044920635,224.880129904029,203.31810926051,13.3443012821493,-23.021191904867,60.0398051964448,210.428784562253,264.663797820056,302.550210750279,358.765368829222,329.025744774831,-40.8562391287511,-123.864744467224,329.300752405245,226.663564564939,227.00175019538,113.322768460406,357.873294668173,64.0301639387301,-114.001735728978,329.342666835329,341.990656062285,258.541684711185,225.241591987093,326.32221830471,-55.1253304397429,-127.615159325468,362.438199682983,287.929402319424,362.875019239466,344.759903956152,359.677160768903,29.6517436078092,-94.984754973454,292.777857185241,152.383025670347,-52.601239943406,-34.6290149774727,255.377848624115,84.2757533647937,-70.4696257367547,306.231755899344,-48.90728105425,231.175049989177,154.629594965113,-51.2145045058812,183.196964819716,-20.9498696146829,346.055761807161,353.838296724127,275.648744108102,264.712670065468,204.109925284343,-80.9295963897931,88.4563360434169,-70.9110499755737,144.919967197103,190.61975218384,189.458650499165,96.2609521061815,180.741750394805,175.10835405598,9.28496167065055
2641.43092658307,2732.60176489925,2567.64752530999,226.778459963327,187.81586324442,1518.70787446791,1988.08492683506,1454.380516031,1522.91799285544,-38.2850109885507,188.018493714809,132.146565397584,264.227538264445,234.919623852585,203.610585526701,187.488350885428,187.976581993238,119.132244236843,-5.9437375681174,92.0199507408445,-98.5915644421913,-43.6712490501093,180.424039754191,57.4397915285091,37.3949458653808,36.6399120758898,187.581952920337,189.23199952854,188.394705115117,186.439922006128,186.914974253222,-121.276116870409,-108.193656266779,347.64884142284,-48.0238398769662,960.857282624513,1704.93009904153,594.872082603233,188.155035135401,176.672836679919,-54.9496933706506,154.865252593023,508.23252115945,49.3393477665644,257.111727582143,57.9290826297708,-117.801319493064,353.302273819947,308.438855420339,121.766380933159,46.6011754838663,46.8414550243875,161.047625340568,42.5298711309374,-16.0920590368218,200.743949384888,-14.7591541401356,-40.9775649676113,194.360510478138,7.70661441972857,-113.476247053111,339.625499845241,313.526548878021,344.130189297883,310.419198781399,340.695781128092,8.93318907480557,-111.130265686236,348.076635108401,349.386808751281,356.822768411349,354.989148725306,340.876491563413,-52.5650024642495,-44.2487627579975,255.020431431135,334.332746599453,193.936409947379,353.757295655419,306.217119006256,-79.9687303920678,-85.9860823721122,280.065538222856,306.500182167945,306.001846534232,355.493055373619,244.633450490659,-101.663404165816,-33.3826751154772,208.139702834809,292.825796257126,254.01542409557,279.99301389574,211.285589607295,-121.409941513031,45.3730561362165,212.2092220225,293.318748548979,211.543869713557,187.483821508283,13.9024457904707,-20.977615017283,58.6885948025786,195.737471340356,253.752872422372,293.62521722255,354.162729653755,321.588516327071,-39.8050216940541,-117.825262003098,321.817831244607,231.106471682618,231.441810258408,119.233505849898,356.525509508977,58.7978579955466,-108.304160267994,321.821787403641,342.68980673593,262.147620092631,229.591516226392,318.978866269683,-53.2733606611109,-121.586230308478,359.97869025905,290.663241695978,360.382408265753,344.48823186209,356.199727692975,26.535353590499,-90.9030616144129,295.548090364914,158.09088616589,-56.7560190669869,-41.5592825724593,258.50399175671,77.6838083148297,-66.5027195941253,307.635980438583,-50.9739193366713,204.673687922043,132.621567119365,-53.1547577659976,169.255057059513,-21.0894508942392,345.749743244273,349.351893961002,265.68862641189,254.112717013476,188.118629314369,-76.5434045874196,85.9437930045377,-66.9367774411602,140.103567093383,183.940886214969,182.827097652889,93.4299295416811,174.465309985262,169.061454785215,10.0046834375089
2635.10221146291,2717.41976136065,2567.46054584499,231.903950441802,164.472683788679,1423.82104124131,1905.4369928445,1360.13232959624,1428.48935937814,-33.6373338697629,164.703751802549,116.260943204118,249.377212666931,217.587649711971,182.77761250081,163.419660874581,163.93001691202,104.887488069796,-6.80669876676257,80.9053819076013,-90.7275754286848,-39.0161393436465,168.845349691512,54.7419944358819,36.1515340022949,35.4515066261051,163.476996650454,166.217061125148,164.925787118477,162.747095556365,162.923678744117,-111.130258129991,-98.8661255261015,344.457206796608,-46.2805952619223,878.598350839865,1611.37894147871,529.841832305348,164.851997642964,154.747236868368,-56.1501200652035,121.65713264842,447.444050362742,26.8684269618723,261.079307627346,50.6353581515907,-107.810820045046,348.596450830859,309.799434519506,129.55148603716,54.9320803533889,55.1705496403068,141.39140279373,36.8337515144074,-9.53547708890903,162.790163487762,-8.33234891401719,-36.2648060297494,200.720099904731,5.54189755655204,-103.783827459053,330.71668761992,314.99903482757,342.440794772264,311.692255786176,339.011205102281,6.62763866099806,-102.074584697124,343.382271312046,346.239808692503,350.478348819899,350.264803919651,331.894761674176,-48.9372245770961,-39.5522018099673,239.00318666618,334.218820342549,200.599538607956,350.480277681632,293.811552313151,-73.7809941554411,-78.25220341837,265.639361340066,293.92267341146,293.50837637337,350.725870101945,227.773605371782,-93.4879701205942,-29.4781802349376,188.037447525752,279.233463526457,237.839953771959,265.433729808911,191.622266254902,-111.366126938527,39.3268534140669,192.601056958729,279.662754283206,191.898179386958,164.106304394938,14.3652988607295,-17.9758235839289,55.8997704993656,174.118463974906,237.436689286784,279.933589039584,346.262655085259,309.856411773765,-37.3500711214524,-107.833428908684,310.019113666847,236.930624838461,237.259617516773,127.920059434026,353.24356366955,51.3994157864312,-98.9626387842046,309.969064320477,342.414658411891,266.56523695619,235.293190841163,307.39813726662,-49.5640854327708,-111.468737140819,355.091311245437,293.642355140742,355.445143859662,342.819794613916,349.889417758127,22.4528060134744,-83.7157417716915,298.545835622474,166.22107702674,-61.2293948956135,-50.0954270728562,262.261361186007,68.1710276450249,-60.1908189933848,308.603417914294,-52.4947104688318,166.661821635073,101.464105846911,-54.4827748615563,148.409933719547,-20.4985699483439,344.023753041224,341.650511720022,250.669146918096,238.237153187362,164.452657393236,-69.5036719913653,81.1808373430559,-60.6031592043905,131.429978557722,172.109155477447,171.075580587081,88.1265041386888,163.315776685621,158.301104977406,10.7498510039492
2631.10330752921,2707.25228745603,2567.62107778082,234.94603345697,148.22645073879,1355.59456868586,1845.03586441653,1292.48360204817,1360.5836749956,-29.799958706457,148.477643562123,105.117647110885,238.869284220665,205.486240733781,168.314042640317,146.530718639888,147.096254064437,94.9262472097146,-7.00505265978018,73.2185214405501,-84.5514911193769,-35.6712903673049,159.570164320242,52.3589022427942,34.8989524741604,34.2418449017601,146.602052714756,150.213528915601,148.571597266582,146.086775917659,146.068271406326,-103.371753483654,-91.8283524737642,341.437913597888,-44.3526881651076,820.370870862168,1543.74592330296,484.421516355607,148.63378765013,139.276263590024,-56.1728682630261,99.2636085213998,405.164371117148,12.107330589383,263.218573499747,45.7273634957867,-100.224129378494,344.544444968632,309.980504356588,134.81998743999,60.8849464282663,61.1212064439623,127.532818087135,33.0944050583601,-4.50836028260926,137.019796237879,-3.3981911989971,-32.3730217068221,204.726123400878,4.38778937216398,-96.4445874575239,323.918122235933,315.234248223904,340.437142448315,311.806320344878,337.025190983933,5.37116602898004,-95.0359431682396,339.360120401684,343.242890413405,345.318980470725,346.193206659138,325.042134992965,-45.8482002340445,-36.1740647996903,227.737772867267,333.30699295615,204.811513541644,347.377955572746,284.801870674258,-68.8229845061408,-72.4892352404049,255.363574472337,284.796467608573,284.440495157384,346.623544259525,215.968878733744,-87.0838559888555,-26.718647923656,174.093718776594,269.475728371975,226.473076119655,255.069476650288,177.985755335875,-103.635149284516,35.3344713838145,178.998071658551,269.860479373432,178.272516503821,147.836876213743,14.4401552338164,-15.9214887379346,53.4456510819848,159.128432097239,225.976903320341,270.106397878103,340.076445080303,301.240736838809,-35.1193240580137,-100.245562228273,301.358053335173,240.42446992316,240.747845017212,133.805397121939,350.12595410482,46.4156215975665,-91.9162737086031,301.272034704912,341.359359758538,268.986182467574,238.711105649287,298.894485386599,-46.4154924899406,-103.7076660259,350.88938592595,294.980618990835,351.208236742244,340.828562611611,344.755516357031,19.8954239940228,-78.0304105896832,299.876174051244,171.569138502333,-63.4498683603688,-55.112087797111,264.253514056996,61.6501685751181,-55.5438889816614,308.523626348966,-52.7479398334041,140.840983289301,80.5345998180235,-54.5983809625737,133.711157657564,-19.6307917909464,341.988747856175,335.617625722477,240.041656361566,227.069819236204,147.943024556153,-64.2834422655671,77.1932595701519,-55.9345184121167,124.407687110729,162.637811086699,161.666432255221,83.7195797772774,154.373359408596,149.660465496026,11.0480255279571
2627.7471022159,2698.38787948895,2567.81114605677,237.075486909395,133.4166386615,1290.77728408796,1786.36885769668,1228.36141429994,1296.05791324462,-25.6270388148605,133.686235849207,94.8892330429987,229.033166879212,194.358508664849,155.142072963582,131.005224673398,131.658932064771,85.8174429449236,-6.74218618260113,66.2834370093404,-78.1625041181564,-32.5111795257088,149.806335754447,49.641609836632,33.3392767513695,32.7262765951227,131.127187853846,135.636383227823,133.6436909481,130.737327691953,130.553910180475,-95.5498136014902,-84.8272095114605,337.714425275273,-41.7870224050149,766.160877432822,1479.02489040596,442.85471010263,133.849190421989,124.972686400553,-55.2677535112795,79.7003747715665,366.683989242493,-0.321574604612692,264.411481934228,41.4510644925664,-92.6280761873584,339.901444995922,309.218496176963,139.416846473279,66.4606077369702,66.6937488732991,114.734072251956,29.9430516539945,0.585329220669564,114.297000552316,1.60785669263998,-28.1398922508587,207.856798095782,3.7270628811101,-89.1173144570065,316.971139496646,314.493658396099,337.607243665259,310.976128409412,334.22806886162,4.61256865217251,-87.8262153668732,334.76980435865,339.529752047229,339.702100753207,341.524557156716,318.041963056361,-42.4184951194239,-32.9788249575138,217.275446263003,331.469153843481,208.123395600316,343.551252462434,276.093597459308,-63.5980305370665,-66.828672440549,245.664403824972,275.985451775829,275.682549736934,341.925768790402,205.071606968694,-80.475153009471,-24.1596934984493,161.400362296104,260.175673878429,215.928030868385,245.294282047846,165.570089309841,-95.7907028956454,31.9426264699199,166.607347594293,260.51946563595,165.865096821118,133.006980440516,14.2408540927796,-14.0880689856477,50.6553646925026,145.505460305284,215.352782351641,260.742466597265,333.585646439882,292.805033929726,-32.5161191889085,-92.6481684034732,292.882008280017,242.924740021324,243.241572239944,138.951200723077,346.271610236035,42.0671674586417,-84.9085684024241,292.764977825443,339.354321102808,270.398525351976,241.153116231263,290.568791020868,-42.9284917490569,-95.8590071859744,346.082263757361,295.31028117965,346.368848033601,338.007504381225,339.163880023782,17.8835033890392,-72.109395532187,300.174162006283,176.05022464014,-64.4504224926616,-58.62016071228,265.311553512774,55.8317102842421,-51.0365771475522,307.539049276324,-52.061499842612,118.059916389226,62.3473604903277,-53.7825442338499,120.132513093148,-18.338970410404,339.123400108875,329.284166392276,230.094283057942,216.696530821243,132.856732765002,-59.1817157015658,72.8337748151765,-51.4002489640096,116.945647043805,152.673637162278,151.765795175198,78.9314388776584,144.949480967923,140.544882909361,11.0811777930594
2623.90409243093,2686.89883379057,2568.58758935937,238.897290740011,112.558693511203,1194.51966451656,1697.06313099324,1133.39387569858,1200.21246394041,-18.3829924095901,112.854570467737,80.3342661996927,214.731124395801,178.540976330843,136.636988624681,108.868342138284,109.724794552361,72.9248625430134,-5.48142311099321,56.6559216847163,-67.6383721477778,-27.831252245289,133.441759967336,44.7304585862591,30.3129098616402,29.7720077534268,109.139696945309,115.13187098737,112.578665662057,108.782411766052,108.392535173482,-83.0256452706775,-73.7870117279657,330.653433781075,-36.5536679462841,687.636116637965,1382.10093509306,383.989043156931,113.026446530588,104.41267235883,-52.1510776618011,53.7972596468298,312.592906256809,-15.8231491363008,264.693627014594,35.8225072254479,-80.5606839385759,331.586878121386,306.416759131804,145.562819569278,74.6712993443128,74.8979165574384,96.3652033918227,26.0193115054738,8.81326238527743,83.7807595476461,9.70653916289552,-20.7905802116352,211.326938588103,3.58155407119614,-77.5150141988532,305.795385345314,311.668405057202,331.743372072185,308.064537234492,328.442583641064,4.31998234181879,-76.0766386172232,326.578641167675,332.463963137929,330.083731841864,333.158790268269,306.78367292735,-36.3546051021933,-28.2398391672665,202.213335675286,326.997401872794,211.836645515894,336.291636500042,262.925415772873,-54.8213404616309,-58.0340433789144,231.412542859825,262.679121195629,262.450850386479,333.516794150332,189.503907833803,-69.6176571173893,-20.4617862019466,143.584699135055,246.346459167017,200.768214989628,230.944199097308,148.144288158809,-83.1396180194355,27.6602052544299,149.205890120114,246.631826370822,148.447758088644,112.122598222576,13.4313819444598,-11.5775862936944,45.6248947183594,126.416769989214,200.092355840624,246.822141666027,322.855639824607,279.854444601309,-27.7050832737882,-80.5783507601743,279.876548522387,245.190861638331,245.495731298445,145.84601111063,338.946543505175,36.3307790756087,-73.8616639729897,279.719248967245,334.576547082585,270.918446209548,243.35813073221,277.788523924496,-36.777843393231,-83.248429241181,337.483281202197,294.118865055902,337.723656836133,332.151301990617,329.585020354431,15.6896242937406,-62.2858182812323,298.890997340007,181.670290130845,-63.8351613799265,-61.4631869831736,265.401942602997,47.8856112206636,-44.138340448351,304.452601042022,-49.2696067458247,87.4385525004828,38.4641730051943,-50.8006657448515,100.636628311588,-15.5139634855844,333.196296870311,318.80993808934,215.630990475824,201.759183969384,111.533251112244,-51.3025047405165,65.250247782831,-44.4497026474379,104.319525247232,135.983798279856,135.179133432966,70.6513320693279,129.136963496084,125.233027856653,10.6569345252714
2622.52827384777,2682.71518163574,2568.89798041276,239.561223647819,104.764198517862,1158.66976198657,1663.80590018543,1098.02104344884,1164.5156601484,-15.7821397857421,105.069982321552,74.8819955365175,209.411013638618,172.647152132839,129.728703646745,100.593338301407,101.526282161964,68.0915436937883,-5.04714607463495,53.0380350202415,-63.7557952433147,-26.1004957256118,127.375761118561,42.9082713259108,29.1890206283936,28.6748240589291,100.921075545881,107.470319221608,104.706574451503,100.574891984416,100.107970444821,-78.3944149274945,-69.7022140350551,328.047875448832,-34.7085468446816,658.353840796652,1346.00879822137,361.997497246679,105.245234787825,96.7240864227067,-51.0999268171564,44.0443655295312,292.372422455664,-21.7095537099254,264.793218894417,33.6930979597817,-76.096649398713,328.51707698919,305.383672933054,147.806321486204,77.6614865562134,77.8857304770318,89.4926667006494,24.5243331538688,11.7891366244191,72.3134442498537,12.6344416556806,-18.151012080501,212.59542089754,3.49256744689762,-73.2226685156156,301.659111184888,310.628260790893,329.581721435786,306.991078615608,326.309094311649,4.17624687584589,-71.7375029246954,323.553285649409,329.857099303511,326.530433706895,330.070400996509,302.617035809886,-34.1327803015474,-26.4872439505695,196.607539852112,325.350614386713,213.195956857567,333.613883351171,258.039482145484,-51.589615305945,-54.7797927121287,226.115884453466,257.741889815522,257.541235968275,330.412475748637,183.706538802734,-65.611027259244,-19.0947903417039,136.936260171092,241.210870840402,195.125858014351,225.611026993667,141.642872922615,-78.4634363825202,26.0316815327413,142.71378577636,241.474651135666,141.949561463797,104.318108176357,13.128791600618,-10.650386167278,43.7585111322883,119.287933302269,194.412540985411,241.652904998834,318.888636547238,275.053699440514,-25.9495807413343,-76.113423153818,275.055472277584,246.02237575306,246.322907474013,148.368999022142,336.245169393956,34.1612242443373,-69.7742900174572,274.883214871655,332.818188724385,271.108646908446,244.166345124768,273.050421955947,-34.5237358763129,-78.5861685744609,334.309473336232,293.68016655298,334.532781091594,329.992595502467,326.046252973672,14.8383594352314,-58.6642296783489,298.419626896055,183.729918773015,-63.7198476848453,-62.6375199944538,265.430287081203,44.8935703248201,-41.5862735450189,303.312820671682,-48.3390894109566,75.9324138038403,29.4619166502904,-49.7995216647568,93.3444523523698,-14.497603763599,331.011568046943,314.936798846814,210.251294923992,196.199508796686,103.564091309102,-48.3872894934115,62.4379372295972,-41.8784483393704,99.6387870603783,129.797272609547,129.030839746518,67.5809159231771,123.275527891074,119.557110722613,10.4969167671841
2618.86085828333,2669.06748507964,2570.28225735828,238.944051872074,74.6388102150107,1007.66092655715,1517.83915462239,949.67369996745,1014.08824604136,-2.76186395356467,74.9829732120137,53.4808011533623,187.599378447104,149.382670951964,103.071843738627,68.0170116252056,69.4193038653237,49.2747932550829,-1.3416059138778,39.3788038830964,-45.2781748291887,-18.9363459107514,97.8594100215024,33.3156258710556,22.8811529724943,22.4931517405571,68.7367165505644,77.9095520514679,74.1910031944848,68.1098720335465,67.4053622898118,-57.072109572122,-51.2494402998728,313.32435964086,-23.9717308742713,539.893933438645,1191.86652930512,276.276069137812,75.1693759877891,66.0864129487893,-42.8664677369142,10.3026328440665,214.547497117185,-39.7172832332741,261.473162983714,26.3621847604303,-55.7413151073299,312.111812730578,296.911679568595,155.318719923903,89.7123010487958,89.9221978912101,62.1677874153693,19.9188840628082,25.4833416804967,31.583049229086,26.1302696708776,-4.93140732385609,214.878152864207,4.93558323280172,-53.73059135346,282.0917722646,301.997988736049,316.412986058159,298.330429738725,313.327104611302,5.38678953551249,-51.3379495162817,307.438617040383,315.081333884218,308.433529118469,313.557050205203,282.914603985057,-22.7384816311388,-19.2165967059871,173.998513021388,314.145781742624,215.797652025572,318.483413768947,236.782736189491,-35.87288744274,-40.3611367060329,204.044831714643,236.304230027036,236.209296990522,313.832650816536,160.626158395915,-46.5996123037131,-13.6482909412774,111.301651499619,219.416660024396,172.422165304733,203.421309691824,116.563006319342,-56.7465277547344,20.8651383255601,117.643386641349,219.595778593306,116.874371581547,74.1592149209083,10.6883040445342,-7.28506975415223,33.9570136787195,91.918079325609,171.591225734851,219.72672094184,299.493017146703,253.718585382548,-16.5597636591517,-55.7533950721636,253.647044625804,245.857599940407,246.134798269685,156.894805912054,320.959452314204,26.6611616365316,-51.3174744851603,253.425639053658,321.013239308622,267.962004186648,243.963430489042,251.9931729313,-22.9909335824331,-57.0308564325508,317.37528343106,287.666026583029,317.531201980377,316.823503530401,308.014742557687,13.0050772447054,-41.2894862418011,292.165001613722,189.652196807854,-58.6281068762764,-62.3168274099831,261.832447848234,33.8993197233216,-30.5084603764449,294.501759617727,-40.6111961515742,34.9931661500318,-1.19101035733695,-41.7806595379382,64.3344491409808,-8.28050474377915,317.721819913318,295.984600110288,188.199923793518,173.766020421643,72.5974642769619,-35.5746018321762,48.1905364867628,-30.6933018330087,76.6201433461263,99.7158357267723,99.1287010082578,52.1220867834955,94.7185562211631,91.8702182793917,8.74075159186276
2618.48743367299,2668.1050291254,2570.27307541516,239.157823489501,72.9316123233969,1000.13770465255,1510.96014940831,942.236479797823,1006.59770931181,-2.30276618501142,73.2778700100995,52.3007379650983,186.456178834229,148.093845262643,101.551137385766,66.2279777985554,67.6403154253335,48.2234721552262,-1.31493218632784,38.5774821977687,-44.5467306216735,-18.5773026473246,96.7301467144019,32.9978113221201,22.6966482853081,22.3137267095078,66.9534527100807,76.2288982127488,72.4702612319773,66.3410616692793,65.6176435283784,-56.175968922021,-50.447963086378,312.869492360509,-23.6947487962832,533.633964832885,1184.33322426639,271.486845122755,73.4650427513335,64.4378286988526,-42.7776646398034,8.05066144915355,210.117004469821,-41.1504618348725,261.57929947839,25.8666673954654,-54.8712723181652,311.55264881782,296.793867506921,155.817549363844,90.326095010619,90.5356213326979,60.6921920112727,19.5527754075725,26.0457254685695,28.9686607084575,26.6826106984245,-4.46526284198717,215.207060044878,4.85599530502509,-52.8915274136054,281.272674521155,301.882345050752,316.059347887305,298.204780594334,312.977368342009,5.29594534120622,-50.5120990296564,306.885714768048,314.627536079457,307.764009953907,312.994886132934,282.089417420688,-22.3474784378808,-18.8535062115269,172.784632281713,313.904870004268,216.147169537597,318.016516853791,235.765746788439,-35.2753525771175,-39.7141005491037,202.916581877416,235.275589198616,235.186689978619,313.267163555881,159.363267034546,-45.8428920110659,-13.358479640722,109.835537705365,218.333180225127,171.198977840352,202.284464581464,115.128516837794,-55.8477093140002,20.4713748293108,116.211683872937,218.507639038951,115.440805133668,72.4497367173171,10.6604606732254,-7.07881646731909,33.6307927294058,90.3462828800859,170.359104543581,218.635975846484,298.72476305509,252.731810460053,-16.2638492928954,-54.8831976569979,252.655694495929,246.113237788374,246.389681112692,157.456170592336,320.489264109617,26.1573465613178,-50.515245344827,252.430782362283,320.752925713161,268.092788906254,244.212547994205,251.018983960606,-22.5933400490048,-56.1315980298215,316.79716444768,287.672716409124,316.949410690232,316.470842766852,307.348115069015,12.770050622543,-40.6118767139358,292.167838836627,190.136148662036,-58.7554914006703,-62.7300810000451,261.923196562143,33.2264303950656,-29.9942502297461,294.358728627065,-40.5475683152121,32.371740086313,-3.28486207072842,-41.702142177077,62.7691932298083,-8.13545051384392,317.364077347583,295.234419703346,187.044047886516,172.562255185284,70.8586175788067,-34.991926463498,47.6836104678684,-30.1759792545056,75.7559407252115,98.5635019602978,97.9836837593201,51.5657987300362,93.6284395238366,90.8156030836313,8.73968395010354
2617.40481767202,2664.34553234437,2569.94439740862,237.618107591205,61.9984077479984,941.105922018334,1451.34401516667,884.48883753833,947.758771100877,2.96782640710592,62.3577957056283,44.475259560839,177.990147763887,139.363134504987,91.8175554315027,54.29210971688,55.9096109186582,41.3791769319958,0.51824554661124,33.7105395142306,-37.0139416787937,-15.9198482612117,84.4320458973434,28.814077308042,19.8521005769008,19.5207527900953,55.1963495619943,65.5037489186461,61.3770735271091,54.4115784900815,53.6174992727127,-47.63340588717,-43.1411019765225,305.847450690633,-19.0319636606752,489.028497684609,1123.22069325052,240.231204551411,62.548145903152,53.1303467425268,-38.8213972060701,-3.02452255590595,182.064245508489,-46.346586801806,258.913469749198,23.4293836568171,-46.7627022530389,303.967288627026,292.051102242213,157.810050465524,94.4585300986082,94.6612606738866,50.6205288820706,18.1686497845405,31.3056808765509,15.2823140687547,31.8678374120922,0.892939144721538,214.876537749394,5.81124594788389,-45.1471158512067,272.863384858806,297.041182514728,309.539711815269,293.384551531354,306.549070127854,6.16202848522016,-42.2459635123159,299.441596116077,307.571870197768,299.632081050054,305.359558312666,273.626477432445,-17.5403669010271,-16.1518080220238,164.134460208341,308.075481094739,215.919624313641,310.808991820777,227.13704258373,-28.8013806579116,-34.0798028209205,194.245560515064,226.588056295629,226.536428010097,305.60663005603,150.634119584558,-38.1036149871927,-11.4027170859384,100.458168742475,209.649461379477,162.52979819732,193.578287317362,105.937316735728,-47.1038739731969,18.8734622961844,107.015455098822,209.793414246858,106.248810348448,61.5066075402789,9.39349445367111,-5.97424298433009,29.3617036636474,80.4115261492528,161.65664020215,209.904686429851,290.224928685498,243.94588700926,-12.2318297229913,-46.7726049431948,243.845347080663,244.671160154131,244.937229674082,159.78749225526,313.206245662561,23.6554970835846,-43.2085211157976,243.605665260354,314.656432207734,265.431557034103,242.77371768643,242.34315039907,-17.7327642740955,-47.4748494462299,308.983439194894,283.853847265107,309.111251038114,309.947342087441,299.242354020142,12.4588277045214,-33.5010467552133,288.226877280907,191.283137861139,-55.7586857850363,-61.3608917581309,259.157945379081,29.3835795578063,-25.730232267786,289.519190817235,-36.7852708139614,18.5884714022263,-13.1937792658396,-37.8295820905341,52.0725215706221,-5.32896034320572,310.791278987121,286.917735052206,178.489830969599,163.973714815721,59.5891757319532,-30.0147839862165,41.6027526987771,-25.8644378465805,66.1029295595922,86.0354212299914,85.5285846891936,44.9916292460671,81.7208519276515,79.2621831757569,7.7547013896571
2616.98391982439,2663.38873617391,2569.88125272606,237.922203592949,60.4517526827063,934.755936279118,1445.72941918105,878.188126969805,941.438080267732,3.25429393668747,60.812983584238,43.4226674316442,176.993484539762,138.206089142056,90.433679256991,52.6989478792773,54.3175592002921,40.434888231271,0.457355684053994,32.9728550798331,-36.4985698628799,-15.6168095644303,83.6622234929062,28.631172950165,19.765313561328,19.4376010937254,53.6005093198024,63.978375495931,59.8222715839972,52.8433927225748,52.0296123929731,-46.967407382764,-42.5292417163375,305.605172024326,-18.9342343844211,483.563816041465,1116.93434420768,235.925044989922,61.0040884437135,51.6791305868542,-38.9149570424105,-5.21886001561893,178.042928998701,-47.8329807226062,259.140798344112,22.9439155485995,-46.1070076449862,303.626352408198,292.106492010691,158.292360306435,94.9802411192641,95.1828373960194,49.3191114878992,17.78865308427,31.7151759050028,12.775305469725,32.2687923290648,1.18385722889644,215.26250249149,5.66439949546418,-44.5111301062331,272.249950884282,297.103588303171,309.395182281608,293.434143255904,306.405037306144,6.00588634485666,-41.6519058229333,299.101685652732,307.332396991438,299.184488734437,305.017328038937,273.008240962749,-17.3047348915774,-15.8460293332564,163.062234543513,308.033775195873,216.325386875296,310.560838325861,226.297710034773,-28.3967055719932,-33.5732832080514,193.275863046764,225.737528750087,225.691387613622,305.261590322497,149.507465144183,-37.5676809301071,-11.1492854933102,99.1217692931698,208.733502045122,161.447337101135,192.599944585541,104.62940972756,-46.4445805447853,18.4703606415488,105.711097408386,208.873294444395,104.942039292618,59.9577265953476,9.41947138912928,-5.78047068535864,29.1727834113784,78.9767849516949,160.565046829054,208.982238529352,289.676357446657,243.149700894299,-12.0736473215574,-46.1168220716278,243.044821943723,245.020505814899,245.286148792036,160.328698137651,312.957622492225,23.1631175270546,-42.595738095619,242.801631762973,314.603804460453,265.687915564314,243.115182433015,241.556927684511,-17.4917530666841,-46.8107074608272,308.63035289907,284.015283887743,308.75490293465,309.80415330477,298.797010225637,12.1853634004655,-33.0303631080865,288.389266950805,191.78614848958,-56.0651254206604,-61.9329966692311,259.371510899596,28.7516283367581,-25.3176926302579,289.549033025567,-36.9000428658077,16.077233011735,-15.2526804090789,-37.9315999027549,50.692591758184,-5.29385243974576,310.64428502181,286.382320928678,177.482097963761,162.910736228191,58.021617695214,-29.5541395980148,41.2833663764868,-25.4504594018749,65.5250984390515,85.2488759750001,84.7473405642304,44.6365245373245,80.9793914713575,78.5464429319938,7.7993378497315
2616.47604118776,2661.91976696688,2569.31663134411,236.697082739712,54.7836899547449,902.989534365067,1412.8178239627,847.185051423585,909.763089188859,6.01311450847459,55.1513410955936,39.3581021244701,172.427632183753,133.575914698851,85.3562459907702,46.4980977399659,48.2277201915049,36.8858194150081,1.49305635590792,30.4664436114858,-32.4493928298146,-14.2504820658515,76.9549093472326,26.3026160349831,18.1596859417969,17.859838258279,47.497763541087,58.4161584488945,54.0687479317575,46.6398629580129,45.7927743963771,-42.4023500372318,-38.6439778051815,301.477759066962,-16.4281792976022,460.039867046016,1083.7809362445,219.705246895046,55.3438089242098,45.7902461279027,-36.7166079237863,-10.6847965563035,163.571125342978,-50.2304718479203,257.300648989636,21.7194846264254,-41.7839329943766,299.223140440776,289.148252439816,159.030450411208,96.94570527715,97.1443827570388,44.0752736348539,17.1212913304414,34.3999806819577,5.94757091567408,34.9145348584107,3.99190152147918,214.69808320933,6.2349319802708,-40.3869949242139,267.511068197006,294.083973252955,305.508335888607,290.433830319512,302.571281526406,6.52939233877299,-37.2166774031313,294.780381215252,303.183834175587,294.519433426221,300.585658630108,268.240666903538,-14.695220795904,-14.4556589021168,158.430432784929,304.494094221553,215.810319054911,306.328340281486,221.551240085656,-24.906067253381,-30.5962835847516,188.575401203125,220.962773360239,220.935412490716,300.816731000052,144.860202389775,-33.4092330859958,-10.1620203036458,94.2207796673927,203.996238668281,156.809891405584,187.883598095197,99.8186575711187,-41.7630391042237,17.6905395374957,100.895522518528,204.120478719628,100.130217887633,54.285229456522,8.66563194287977,-5.25321872275128,26.7981098859069,73.8129515068989,155.913072961935,204.220718916145,284.850490145117,238.288478018982,-9.87429458172994,-41.792634324617,238.171682748223,243.827529747812,244.087360679815,161.232776179215,308.681352232231,21.9046984678789,-38.7108947643082,237.921750861417,310.91418736673,263.834473751843,241.928484060001,236.754502729271,-14.8539737455365,-42.1802905143665,304.100509945736,281.538205428431,304.212559298198,305.914323204632,294.145996459052,12.0858783026094,-29.2035773104244,285.840332619744,192.019876105185,-54.3090899028828,-60.9837637890762,257.480803757682,26.7857334059586,-23.0819863153634,286.548284542239,-34.8043999760509,9.19314104686697,-20.1063277078552,-35.7778887996053,45.1230403888806,-3.74269496252373,306.727747357058,281.656115555047,172.870805860531,158.309922848718,52.1759786164914,-26.9323486333894,37.9308033069895,-23.1883692022944,60.2449180342469,78.4174888065382,77.9553286255551,41.0177688136378,74.4827691702341,72.2409038894185,7.19829582075067
2616.0531363479,2660.25851796108,2567.41292155513,231.831586497061,40.9713938766394,819.255625686483,1323.06200787366,765.766236993914,826.23266062929,13.7459794389627,41.3541175155548,29.3149950742953,160.57214190364,121.954430238571,72.9496429611221,31.1534658154114,33.223501856678,28.1769835620054,4.85388430695207,24.4878003746194,-21.1439943574157,-10.7883417621435,57.9250070220087,19.4583925169252,13.3293120224207,13.1072645159649,32.4634312252703,44.8768972664597,40.0117978851546,31.2252138947118,30.3240090502781,-29.8700019388569,-28.0981111988978,288.956336704338,-8.98091577939323,400.20637285826,995.358810778748,179.904543918289,41.5487751544475,31.0642997852301,-29.7197313910162,-22.1838926830023,128.543321156441,-53.9541746721737,250.706703035585,19.102479715548,-29.9816654155211,286.101022707107,279.500220857581,159.864564087221,101.539768080926,101.726431257686,30.9829389690014,15.9755614094922,41.5650786509628,-9.0043513668121,41.979576022744,11.8683969094377,211.691226964208,8.3617648027685,-29.1561666199806,254.071242748105,284.223445491856,293.478906857812,280.668969013361,290.70782485637,8.53302800062119,-24.9059622526878,281.913600846115,290.588119108587,280.862191847908,287.377388038669,254.723518984354,-7.17395609597008,-10.9253737197195,146.5725430115,293.278548397767,212.905332235068,293.491754629507,208.700014739717,-15.0632468873407,-22.6200200403352,176.222798122242,208.052859865397,208.069742174709,287.574546535951,133.101827855043,-21.814913633132,-7.75785202089276,82.2379576549567,191.38187031752,144.962003121662,175.504445350413,88.0411218494417,-28.8493793128754,16.2524254304652,89.0931900074284,191.468433283521,88.3462377289185,40.4650795254337,6.20931112885893,-4.13434509450167,19.8251244119774,61.2741780213335,144.044227373465,191.54759081505,270.960821255203,224.95899133392,-3.43688715822333,-29.9871130131431,224.816454915094,238.94041467405,239.183113935069,162.430621638287,295.708120686251,19.1991449086305,-28.1687059759814,224.554819571111,299.255908788767,257.119779590393,237.0826368181,223.583111950105,-7.25813103677325,-29.4388675774503,290.612468977773,273.117220649213,290.69400477059,293.871834690077,280.52687189253,12.442500110968,-18.4789664381793,277.190298080753,191.209505082466,-48.1269023601886,-56.6254404651979,250.764860607079,22.22596765668,-17.1824502491559,276.835676510506,-28.0748317875803,-5.92717430603398,-30.0371902585389,-28.8991847339324,31.2127757096416,0.983623211999088,294.611462719305,268.044601300187,160.902276491214,146.524505641345,37.8661157798624,-19.9490422097325,28.2348840177517,-17.2100382434473,45.1848002724156,59.042539367073,58.6898969718121,30.5811585638081,56.0388921145077,54.3285176488811,5.17185821276297
2615.846201015,2659.73427326065,2567.3542795599,231.843437469728,39.8116830277945,813.695741909055,1317.7042581063,760.297435389977,820.693485631467,14.1288573563491,40.1957715833897,28.5053943707657,159.741179440207,121.052347410107,71.9127131320961,29.9233130424822,32.0046448843673,27.4601162201677,4.92997200410781,23.9535488928565,-20.5485251866155,-10.5354510156072,56.9742267424969,19.1624300901307,13.1411492414455,12.9232292085753,31.2417980384631,43.7360051841961,38.8405420205153,30.0046508633597,29.0924099745438,-29.1649250725407,-27.4799794126822,288.471822503743,-8.69835172826498,395.777308798156,989.697514052964,176.632990885038,40.3908671410818,29.9204048119081,-29.5437683877192,-23.5842149382374,125.551865265884,-54.7775329941002,250.629122683431,18.7920277604729,-29.3039676259265,285.550474057529,279.246982946279,160.134871062449,101.942518964871,102.1287565665,29.9607509963223,15.7607129615444,41.9907184722232,-10.6601852552237,42.3980558793834,12.2577323350577,211.798912439045,8.35886965052771,-28.5054521642218,253.378781925703,283.967224327466,293.056721008665,280.409393284845,290.290877597912,8.52190549683428,-24.2420204812072,281.371241326841,290.10273109097,280.243704767035,286.8236146332,254.026392796658,-6.82837448997361,-10.6690793875781,145.704736435513,292.930871681473,213.025710008398,292.994890576326,207.915571910886,-14.565584791016,-22.1311931507178,175.389991312972,207.261207171986,207.282090064798,287.018385614035,132.210488472892,-21.2007423097182,-7.56117107059157,81.2372227942434,190.567320427746,144.089527174983,174.666638461092,87.0606036995556,-28.1357672692702,16.0175531971252,88.1136483171392,190.650725711509,87.3660771111792,39.3040407697793,6.14796983359503,-4.00566226922047,19.5223311955833,60.2083280196173,143.166683016209,190.72811654748,270.286284841918,224.181094687019,-3.1616041268382,-29.3092730324286,224.035673954211,238.973626823587,239.215601783039,162.74050046353,295.206909884304,18.8826697670144,-27.5502471931061,223.771981627933,298.889582476202,257.052685823554,237.113254631845,222.814825404871,-6.90768704483048,-28.7282427133574,290.044985730016,272.952540958564,290.124016862804,293.449907409435,279.910627032901,12.3247150117436,-17.9226831985346,277.019185909168,191.440304296892,-48.0790933308471,-56.7616396091341,250.676914954855,21.7858354403675,-16.8023420136107,276.568068120491,-27.9171670168415,-7.59000292617196,-31.3247674177848,-28.7308687745312,30.128006454636,1.14753048195774,294.185462123532,267.384847144902,160.062524889143,145.663376512551,36.6808043273425,-19.5126459471011,27.7860940680592,-16.8268193649599,44.4477178483694,58.073168050632,57.726423260153,30.0925457224196,55.1196676892166,53.4379113914731,5.13264306955654
2615.68367481519,2660.38816811426,2563.87956304813,225.469739052778,28.0177190241334,735.487904172209,1230.10446245054,684.594956587818,742.622077184311,21.3374983958076,28.4129006309793,19.8712968403083,148.667563806225,110.597252965944,61.1797244168994,16.6953698202681,19.1078699332948,20.0208948954557,8.45896929650314,18.9830990331994,-9.78891491733015,-7.5472135649303,38.4921064935536,12.3028424459764,8.20382004543364,8.06029513487533,18.3229492232528,32.1715239526867,26.8159953412495,16.6732273877167,15.7364793144941,-17.397211024797,-17.6795290456081,275.058866248042,-1.38060158635102,342.230564576388,905.874814541056,142.476974082503,28.6083480334817,17.123854094052,-22.2844507855666,-31.640617746932,95.9950418358029,-55.9832289818939,242.566887139787,16.8660076530898,-18.2761582358482,271.703458622688,268.278697663966,159.492132155334,105.253902602531,105.427456191499,18.6003847181153,15.1754825046919,48.3142561458721,-21.7561701215059,48.6327696689402,19.6123273936092,207.241781786938,10.7587226104544,-18.0362685902512,239.770660735312,272.754484102548,279.962348223566,269.328230882335,277.373990290609,10.8103073916006,-12.5775780740441,267.79644040082,276.603867924229,266.049953923028,272.886876343855,240.345682192117,0.496068494994915,-7.61490766342268,134.796571616731,280.488724551095,208.534218967824,279.256028354964,195.424066892186,-5.12928753908687,-14.8134984277837,163.720421188197,194.73089238516,194.787419440497,273.051288236147,121.533951938122,-10.1775525682884,-5.58429786326502,70.8297394147148,178.497092204959,133.213902398261,162.987045418002,76.7978194267272,-15.9603340655732,15.1695766929886,77.8165801049809,178.549007265004,77.0939227387088,27.5072263943935,3.4776521653439,-3.25852504714879,12.539616192619,49.4602190033447,132.288122922223,178.60873817723,256.058255415819,211.082483468184,3.17426834994393,-18.2782395584214,210.918739926062,232.47576302372,232.700263652292,162.358824369844,281.322446847863,16.8769290749863,-17.7552432710011,210.649964512305,285.995666912393,248.795735261418,230.677428284696,209.864299317389,0.484642310950619,-16.740185014907,275.831493120322,263.070326549939,275.884769410956,280.338608917017,265.752901192443,13.1107215241425,-7.68732935427431,266.888378296044,188.98438414949,-41.2177241965396,-51.2749638821163,242.513955578699,18.1014313482823,-11.475754578913,265.58711011082,-20.9011165936972,-18.8639686915143,-37.9807120766622,-21.5808942085343,18.0525329216471,5.92449414448646,281.003128659744,253.42672712037,148.891603961214,134.813218718292,24.4284477455766,-13.1453136824691,18.2051388279337,-11.420945564071,29.7506009368465,39.262120404736,39.0197881161182,19.8052037795039,37.1962616689431,36.0212309093531,2.87587228690245
2615.62696285659,2660.8985023645,2562.21971021415,222.68658084579,23.0566260790527,702.446084648283,1192.82896681809,652.629377306494,709.633028909378,24.2724797243522,23.4561817561237,16.2579461392469,143.95089175036,106.150510018306,56.6393746127462,11.1554427347568,13.7006749144903,16.9053646625586,9.90705351288261,16.8949924696833,-5.33279546920926,-6.31623862874739,30.8027798303045,9.44249558564024,6.14211505557194,6.02949703500826,12.9070279958873,27.3025792808083,21.7611767340554,11.0941092599031,10.145935358932,-12.5202952080433,-13.619010126921,269.333681022401,1.60896105237066,319.704315917304,870.383786168363,128.137638288267,23.6516755487239,11.7752628316805,-19.309943006657,-35.0281939597095,83.5968873291229,-56.5097498808598,239.076426686231,16.0449692657356,-13.7060922257384,265.798609217883,263.572127002555,159.112698405182,106.536878420298,106.705087217645,13.8515583732864,14.9122040499618,50.8703864063148,-26.4120043714644,51.1518898730082,22.6087963307766,205.219420829314,11.7371808748412,-13.6981147345585,233.973781833608,267.94458115212,274.368125908381,264.574393581465,271.854485891347,11.7423838301858,-7.74490174109212,262.006118162197,270.842433229433,260.002368805748,266.94432816121,234.51844815365,3.522986277543,-6.35655157536996,130.153058977874,275.165408865637,206.538534738268,273.393914566249,190.103831206959,-1.22379375868974,-11.784067399085,158.751356680172,189.394719746817,189.466049867332,267.096063794099,116.991209459283,-5.61178951971488,-4.77349019493505,66.4191022238016,173.356952486212,128.584360674533,158.014020467883,72.4441394908033,-10.9145819395239,14.7968962168027,73.4483610865165,173.395760085487,72.7362637096325,22.545170955139,2.35780905410559,-2.95859255302219,9.62811705019777,44.9187396982811,127.6576247952,173.448131963333,249.999101655164,205.505352655358,5.78995967538174,-13.706835501836,205.3340388242,229.638044351865,229.855207319235,162.08654686642,275.399127943949,16.022700873409,-13.6969631423261,205.063225314611,280.482701543207,245.22180666404,227.866237297115,204.349082877223,3.53980192379527,-11.7719897040793,269.772949200546,258.816414004014,269.815496254512,274.737219483265,259.720382089623,13.417828804394,-3.44936809501979,262.529729895126,187.840799601135,-38.3993070232876,-49.0228978060389,238.981741875299,16.5484971232962,-9.2734358255754,260.876450883444,-18.0285381673291,-23.5957285081055,-40.7825326878656,-18.6522026980002,13.0044743533941,7.89166202936696,275.371986644169,247.480580424999,144.134415207857,130.193822728784,19.2815744033904,-10.5106867030506,14.214132489157,-9.18573811110548,23.6339075196515,31.436126405009,31.2371766626902,15.5207036924402,29.7390761127369,28.7745855369133,1.92779935635411
2614.92399735711,2663.44070774362,2556.05455307997,214.859450531732,13.0488198310081,629.276551570843,1106.60246236126,582.165315407384,636.525382216231,30.6273019813263,13.454644715116,8.9857997461819,133.387943062756,96.5416286630264,47.2721175162956,-0.05719641815665,2.77176085196163,10.6755671840764,13.3544685468796,12.8337116274905,4.50396283836443,-3.84220309953304,13.511566574416,2.84422293201555,1.31333881604871,1.269296359988,1.96562601846529,17.4633886404993,11.5548646560156,-0.223357532595401,-1.17851899297165,-1.87674451994724,-4.83807056321427,255.095381966788,8.4144319029333,271.973345090626,790.603587762211,99.1067245998149,13.6485323134804,0.89396094112351,-12.2179734055003,-40.2050198879166,58.9823163813062,-55.7496505666307,229.624643489447,14.6624715769506,-3.77506507922237,251.267776759691,251.387939755322,156.937435089338,108.408553753165,108.563716109825,4.20711753179512,14.7153833353088,56.0794669058908,-34.2158468937035,56.2837229878949,29.1094284046227,199.139389040963,14.1824245110549,-4.29082039717707,220.124926580262,255.492304192073,260.302622905039,252.282741136903,257.973215129892,14.089689767115,2.88359200970945,247.756827605817,256.51013759733,245.282457644328,252.322433722234,220.602244973678,10.3307591257069,-3.82118628009135,119.898150324212,261.608908176852,200.4911141686,258.82646439747,177.78495472289,7.44937149274932,-5.31005884502372,147.515074416317,177.054138584079,177.153406156459,252.44724608764,107.082874482834,4.45829117228669,-3.23147967612334,57.2567638324688,161.606883272694,118.37959646038,146.781225828266,63.3561232571092,0.136349395768661,14.3704245461506,64.3187682269657,161.619795080088,63.6366125313805,12.5397065807593,-0.383469502329262,-2.55062397512893,2.91634849367381,35.6545978861922,117.464599254653,161.657537176168,235.405003931825,192.482242859981,11.7224974964814,-3.77275310640982,192.298939879269,221.599173115011,221.798839733006,160.077458580176,260.681479672433,14.5704156796207,-4.92246472569218,192.028441990988,266.475112913782,235.514027746339,219.906355762376,191.463110194386,10.4075300704127,-0.910396364809685,254.881944370639,247.580604482588,254.903047612705,260.651927757674,245.034085278301,14.4352953010603,5.92730803379339,251.032874290759,183.739252934143,-31.3288116215134,-42.9072797723002,229.449693133094,13.619326345522,-4.63849627204934,248.725129285498,-11.1555589865782,-31.5864134189255,-44.7255934070687,-11.6602095350895,2.74450058973633,12.4456402264395,261.219159004832,233.14446004889,133.489016489067,119.984275779002,8.89070891386166,-4.91325593364263,5.11117989257417,-4.47483176766792,9.82408765558341,13.8424088116244,13.7394911893069,5.76791410763786,12.9617383371056,12.4633099404635,-0.43050910647321
2613.39876316903,2666.30518188748,2548.03768965814,206.34406461327,3.66890051005208,557.441469900432,1019.89025537747,513.154068338408,564.71800071594,36.6262889277522,4.0786124780534,2.23971276066658,122.856447644006,87.1114404748626,38.3257152062169,-10.5114219651331,-7.42880473889937,4.91108822377629,16.7400830721294,9.11565047968105,13.936282689169,-1.57164315942811,-3.24026093174638,-3.6186121020134,-3.44655479706375,-3.42457073686961,-8.24273159308831,8.22101928764437,1.99427046736656,-10.774300308305,-11.7323130527416,8.28689787727507,3.5145546755225,240.359899255391,15.0050874214577,226.188012059237,711.634579339664,71.9048254074344,4.26995148462282,-9.24328117367003,-5.19883556554157,-44.2904889244509,36.1612788956251,-54.2306824990923,219.49833366124,13.4746828492183,5.6915285960431,236.289425848684,238.576340706097,154.079832880437,109.660462505621,109.80235348447,-4.76949837622243,14.6496644809685,60.8201907714093,-40.7766084467827,60.951491440395,35.2551161945528,192.355265273445,16.618079319378,4.66839422686098,205.994798266319,242.401222361154,245.687620787397,239.365101351174,243.54635244639,16.4329036339906,13.0622069030596,233.06544780701,241.676996669531,230.171394134717,237.251935764316,206.406321487694,16.89873035267,-1.49138335475789,109.734078226879,247.453244921697,193.726346864167,243.758409553375,165.350447290585,15.782472040797,0.814953664276914,136.273267513958,164.604251084104,164.728745364528,237.350925182004,97.3159399649952,14.1115214147,-1.85821647168149,48.4557248668753,149.802257936056,108.272456914497,135.547880393282,54.5951741204603,10.7036844283641,14.0883789820396,55.5131570482434,149.79117518154,54.8630824168268,3.1645787458238,-3.13417148511525,-2.26942683772592,-3.65576339996426,26.8664650613051,107.374695954217,149.815276089009,220.47915371462,179.301132868869,17.4614773511364,5.69681306008118,179.108093213165,212.835158879933,213.017174970903,157.348360853334,245.460622102766,13.3168481140573,3.42343784777682,178.839874182295,251.865754302949,225.1051788142,211.228642583939,178.415908251273,17.0321950813481,9.46859490885208,239.543571713086,235.67093687599,239.544679968005,246.015948289091,229.955928882112,15.5194267209445,14.9252986774608,238.855446076993,178.896979945435,-24.1772716859186,-36.545129779492,219.250887328387,10.9706805518372,-0.285446377060282,235.964994169826,-4.34708380753699,-38.3396410183022,-47.6365932396556,-4.73789189395762,-6.81084825477819,16.8797926620307,246.516501575131,218.473640541424,122.880195891704,109.86126037719,-0.831317063757979,0.367609470000446,-3.76200359195025,-0.0475940465651661,-3.57812131429426,-3.20046200445881,-3.21098393181069,-3.73054053656966,-3.29567091509034,-3.34568283611111,-2.81186040259661
2612.86358624739,2667.5547106296,2544.96726721123,203.252439875865,0.104993921912069,530.869488753998,987.796590767236,487.616995159351,538.154102453339,38.650102933101,0.515952448759151,-0.284695219463003,118.893840473796,83.5235234791255,34.9040513323529,-14.4250135967338,-11.262745443725,2.743587053775,17.8698181728922,7.68736153529863,17.2429024429389,-0.758483695854011,-9.14277532392214,-5.88743714599781,-5.11416142285566,-5.06888409147683,-12.079226806793,4.7026171866666,-1.62974122922935,-14.711176741316,-15.6752343415721,11.8714810780954,6.4685738532537,235.011458225318,17.2178490729622,209.142978484503,682.43553305288,61.642794303856,0.706371798202724,-13.0062289183176,-2.8538152659645,-46.0947761429957,27.4994059713788,-53.9716940392575,215.830578340859,12.9599922418215,9.03532602472603,230.842662765776,233.942578450389,153.000951982816,110.034205457708,110.171387242224,-8.10476274196827,14.5386862278564,62.4123184987363,-43.4904357732141,62.5169962503791,37.3314710534224,189.88246349007,17.4067004417462,7.83470679649639,200.810467664489,237.669493026964,240.394054864191,234.693318347548,238.319212763564,17.1881396853079,16.6388767772812,227.719944005627,236.294486481751,224.66400164879,231.77256567439,201.198257459032,19.1729298988949,-0.657420087048479,105.893095456908,242.334144312316,191.26236202422,238.292085528166,160.734308128365,18.6922864853133,2.98629275445563,132.062632981814,159.981332102588,160.115377790877,231.862114837971,93.6103915079728,17.4975849327213,-1.3616480153209,45.0825519962062,145.398941200122,104.450163169934,131.339103173832,51.2351347646303,14.4254149491478,13.8989710049771,52.1378307940439,145.378893602588,51.4987538981518,-0.39766811487533,-4.09255935895072,-2.15803871583415,-5.96313967600105,23.4996180012921,103.557299013516,145.397889747109,215.023668656679,174.427309974022,19.4375252781794,9.04164547691909,174.230292084418,209.660275786071,209.836020280107,156.320853054987,239.940476106515,12.7783339526482,6.37532003477526,173.962414356918,246.585580088814,221.340582957866,208.083435950933,173.590403877062,19.3268038859383,13.1266508549557,233.968622813563,231.366893845878,233.962279379995,240.715158441092,224.46038257334,15.8218471322515,18.0749602675458,234.45702824543,177.120555051885,-21.8053313123402,-34.4788947600706,215.556158829092,9.928274798291,1.2614358165348,231.346817273572,-2.07924962524402,-41.123480844505,-49.0092567441749,-2.42813544066883,-10.3609221658623,18.3862742002988,241.191763267952,213.109447885363,118.889058552073,106.035919254581,-4.50869435165504,2.24126252822862,-6.88187916898642,1.52497846277822,-8.29749805027865,-9.20578541268247,-9.18367072436104,-7.07124819546431,-9.02354456592161,-8.91516523548927,-3.64025609482871
2612.2133494511,2669.05698451019,2541.50944796134,200.039645874329,-2.86058332770045,506.863035729277,957.820146102209,464.630819460691,514.140168929457,40.4554662061989,-2.44951939856708,-2.3596619765799,115.263521177045,80.324591812651,31.9797454120416,-17.6730132369498,-14.4452192902694,0.973857621474735,18.9479814443357,6.5535735367049,20.2034788302309,-0.0891912996635824,-14.4969783473758,-7.98419005082042,-6.67169051544801,-6.60549750619867,-15.2619786627737,1.76676667501732,-4.64544650897085,-17.9820674178487,-18.9477366277918,15.0494933482301,9.06744682896823,229.773518491384,19.2788728247841,194.312058014064,655.74023203616,53.0897859485424,-2.26041147060334,-16.1347518047988,-0.590917245185551,-47.1098747027787,20.423080559555,-53.2260956522211,212.080679354055,12.6134292659561,11.9891157840015,225.540341465452,229.305928985475,151.694754165083,110.135852387729,110.268468810477,-10.8714951196893,14.5415186001155,63.7486254877897,-45.2800375478993,63.8304789847181,39.1867744588813,187.246159802245,18.1886989594657,10.6268140569665,195.85181120837,232.934096198152,235.178078688326,230.021516747447,233.168149798973,17.9414060828369,19.8308398040603,222.516342265719,231.022292546684,219.336755351324,226.438812562352,196.218030964977,21.2425525428015,0.0306979514261343,102.409794766014,237.254886902418,188.627203154236,232.94083019496,156.406319762096,21.3113314996983,4.87754476772255,128.178266699383,155.650485993509,155.792033679556,226.520063200423,90.2816198399542,20.5269781549205,-0.97657218765687,42.177185170216,141.305929607264,100.98841836636,127.459341674114,48.3264121794772,17.7348680418391,13.8346238333279,49.2129352002093,141.278488235746,48.5854478675194,-3.36049427226072,-5.01383146829363,-2.11895900689308,-8.09450884343477,20.653954299821,100.103316299428,141.293233371019,209.779600578767,169.832210031806,21.248880531777,11.9963864540743,169.632717043498,206.348818341262,206.518552007486,155.042709472525,234.536848963858,12.4113364775288,8.97190081190553,169.366292597343,241.352591136136,217.484786805767,204.803986500227,169.039175799144,21.414071585667,16.3745614345381,228.545178601654,227.016190096586,228.532618571142,235.4916827473,219.143944499744,16.1828966250308,20.9006944218043,230.013470872868,175.122943012551,-19.4345124693422,-32.3069713736717,211.784985934799,9.12711653383644,2.59099533251742,226.7349938009,0.11566295946227,-42.9812307389267,-49.6508199878895,-0.196701224095079,-13.3094381269803,19.7912586987655,235.946140017307,207.950078940994,115.234622761487,102.564927995959,-7.56559920682162,3.86506817261591,-9.7418169202378,2.87836358965956,-12.5912968216283,-14.6521224844786,-14.6007580738317,-10.1291391098927,-14.2212290556708,-13.9708936714708,-4.44433892767552
2612.0751393285,2668.99467106058,2541.05755893104,199.479125661076,-4.08535377910187,499.12328796547,949.231089032985,457.127649532412,506.414324109409,41.1134976949845,-3.6732362722318,-3.23593210464509,114.137609351333,79.2397291249351,30.8554635872327,-19.0187949520675,-15.7646331519094,0.214359510041106,19.2449439480687,6.03283130099317,21.1961463886322,0.205232264834819,-16.1916550422873,-8.60130445105011,-7.11071320666485,-7.0376386220712,-16.5835125852487,0.562700323986405,-5.8900765142908,-19.3320346264508,-20.3027105032512,16.1477846119671,9.98897764986469,228.521245825563,19.9281594786304,188.920881867652,647.477574575126,49.571506539191,-3.48405968629027,-17.42072375166,0.0345357383749274,-48.0657584588335,17.3499918316069,-53.4961521497012,211.360480552511,12.386882646869,13.0221631894092,224.237884911956,228.306314116773,151.667083542609,110.467141212843,110.598604809792,-12.0141816390399,14.4437802978997,64.3392107145673,-46.5396793914734,64.412266087251,39.8583848628771,186.857161469839,18.3775394158155,11.6091357571664,194.539434894603,231.913167018425,233.965471048852,229.01116931208,231.971542197314,18.1194717749075,20.9113764026562,221.23841201935,229.762629857278,217.991037335541,225.128176667022,194.898625962184,21.9039425585415,0.331159927489693,101.291188952188,236.112269716014,188.246020628855,231.658693196272,155.168927974158,22.1760121125338,5.57142438852821,127.001176689168,154.40838560706,154.55373449939,225.206393186866,89.1789020377507,21.5449473765838,-0.775722941892695,41.0836566776039,140.09819815627,99.8715558126663,126.280366793366,47.2470592165025,18.8675883341139,13.7113221264889,48.1308898664201,140.067468206833,47.5053776807895,-4.58565406155941,-5.24289859414819,-2.03180694112177,-8.72301243437056,19.52503551931,98.9851569744756,140.080361512357,208.419246601252,168.544954542727,21.8153164817871,13.0297236057686,168.343328490386,205.781542891152,205.949656534972,155.04420084723,233.241639053415,12.1770467060105,9.89307380864591,168.076044490361,240.168307880751,216.749901226323,204.241503947031,167.766283929477,22.0819872735697,17.4916758201568,227.208576008282,226.125366786232,227.193340444243,234.277710252104,217.801697473701,16.2167269646284,21.8425514026663,229.100396878933,174.934308902789,-18.8651905312209,-31.8868604299242,211.054386717232,8.73052101840625,3.10111898842405,225.731728416856,0.717106625135557,-44.2575790000419,-50.4672819078435,0.418080999430117,-14.5242244497653,20.2078529614337,234.725378686147,206.6153242335,114.098787637732,101.45257632725,-8.83011742278649,4.4711154068508,-10.6111124583593,3.39552059133638,-13.9349394937518,-16.3773101860434,-16.3162615551573,-11.0639320947256,-15.8640858072338,-15.5667526811436,-4.63534763145674
2611.99862595435,2668.83384526119,2540.921374787,199.259351998418,-4.86944989566894,494.5754868271,944.420456289076,452.697943110195,501.878163594658,41.5083392353704,-4.4565072730669,-3.79712364565194,113.480928894306,78.5837767818418,30.1479262876311,-19.8771704122397,-16.6073647963334,-0.274591513159749,19.401444475054,5.69041359559333,21.7770721948248,0.394457976865169,-17.1614974619459,-8.94273932906151,-7.34836578405975,-7.27128797652813,-17.4279037729096,-0.207206545248198,-6.68617857758778,-20.1913100997465,-21.1662448180231,16.7990006333883,10.5409710825082,227.887476310262,20.2960103626549,185.612612662273,642.699070797588,47.325612865402,-4.26718296155309,-18.2369812348376,0.367214505563311,-48.7812824041773,15.3578180488099,-53.782860548431,211.05075015395,12.2247444623326,13.6376512881475,223.567418532907,227.834893648643,151.7384184976,110.724935281918,110.855802825829,-12.7405004606572,14.3601415270393,64.7148143560776,-47.4454107497261,64.7823980639313,40.2605544934376,186.734004776425,18.4683966314434,12.1957628148142,193.833030836254,231.431832420033,233.363006135724,228.533630022501,231.377225387795,18.2037188889968,21.5464538744786,220.580486058234,229.12544131994,217.286481202177,224.453412686329,194.188097734558,22.2822976933494,0.523857478355353,100.629110931087,235.557147184907,188.129201752372,231.009110255149,154.474614689373,22.6784433993687,5.9923438568037,126.321967119651,153.710387385147,153.858299102803,224.529766607368,88.5180549461218,22.1412770802639,-0.640948552615555,40.399113912401,139.409938707707,99.2091996848629,125.599215459002,46.5740053393266,19.5365338078918,13.6119097838258,47.4568822741321,139.377061791691,46.8320916852304,-5.37026072672654,-5.35824913463091,-1.96313678928936,-9.07107271722771,18.8080614438752,98.3210984837038,139.388750950374,207.695790615299,167.830393458531,22.1358585656852,13.6453742252914,167.627188227026,205.563827931456,205.731071569816,155.137351759328,232.585362896608,12.0101384557771,10.4449622051873,167.35906965071,239.590787272082,216.436262390172,204.02525735778,167.060168485288,22.4643239338491,18.1527529296981,226.519372811553,225.721544688439,226.502405966614,233.674708151199,217.099164879256,16.2131544922576,22.3922502141834,228.685442504588,174.926648472797,-18.5868935680545,-31.7159061506624,210.737742614879,8.46413057096169,3.41541974520914,225.255383686616,1.03524975230056,-45.1718976987945,-51.0967931292698,0.744401015778919,-15.2959279534001,20.4370628833831,234.118494783009,205.906395789686,113.435783310134,100.794726495369,-9.63889263475477,4.84098436820614,-11.0995376301349,3.71370273273862,-14.6999992764842,-17.3649548299019,-17.2982563262242,-11.5905576368501,-16.8036963163599,-16.4789447933014,-4.72868962968369
2604.55792208782,2674.9555925958,2518.52260391657,185.26618665711,-11.0255496932422,425.078016573865,845.494040547619,387.120295561623,432.159668767915,45.0367734145657,-10.6264923517099,-7.49601537134987,101.817384471018,69.073371275869,22.8853951824385,-26.0712079615482,-22.7992027887738,-3.35297068333904,22.2687178733941,3.91844913456077,28.6049913751918,1.36471957730606,-30.5830861168852,-14.5906449204258,-11.7082088400921,-11.5810280247887,-23.5927078241888,-6.46017557302633,-12.8841725034009,-26.3808219661594,-27.3497308124752,23.9143240273098,16.1805823647281,208.483668866655,25.3764406941723,148.779623855382,561.655647618687,29.8123875834544,-10.4467610701599,-24.0430164492095,6.83870943209996,-46.4065175323615,2.34633870925296,-47.634130825806,195.439119078132,12.0844578583402,20.1603912159867,204.207327066294,209.672419974477,143.767835999838,107.504956262166,107.620289987816,-17.8212951973605,14.953919538821,66.1722703103617,-46.6966194352864,66.1912476198273,43.9509489455837,174.469810260485,20.7050709616077,18.3157367271627,176.379539450326,212.898264123973,213.767540521545,210.268100310371,212.006399164361,20.3812704089203,28.8455218802637,201.558817612347,209.595262315031,198.127932695462,204.988977929716,176.674715519964,27.2464615163279,1.54016345450037,89.741456518779,216.142571900371,175.797835479597,211.231272988175,139.843667343438,28.7975603905483,9.90518031234751,113.660562244433,139.102616224453,139.260393658605,205.044756724942,78.3898713488343,29.1143672686752,-0.3510915542264,32.8400184480462,125.833524066311,88.423183001819,112.977066563089,38.802086237768,27.024641479202,14.0694357158795,39.6182545283881,125.786925963402,39.0409099910258,-11.5036305261867,-8.19726964516224,-2.50299077468424,-14.801898414357,12.1072312310787,87.5870266301087,125.790079364699,189.094254965689,152.140865922908,26.5528806892025,20.1705503710294,151.941127820284,191.064259969761,191.211715727189,147.053720909644,212.629919698436,11.8282110605738,16.076430384474,151.687299992312,219.679648491928,200.350507622065,189.664977733874,151.49218465072,27.4652851444541,25.4628413439786,206.779490642851,208.219519383051,206.75020803089,214.049670682809,197.970951856252,17.5633226324764,28.9417875790375,210.856076650281,164.473907524882,-10.9519193625964,-23.8212555418251,195.100625868814,7.38128401151238,5.97672433088758,207.269690506542,7.33654491482463,-44.6709480774438,-47.8599839804095,7.13362888279192,-20.7537763078373,23.9984381383579,214.428084571827,187.555796769876,101.72264107997,89.9244656932393,-15.8204256535355,8.1125594790459,-18.569958830771,6.33735876523446,-25.5920948582078,-31.0062763770341,-30.8698118305012,-19.533301738074,-29.8519518721641,-29.1885964065774,-7.28396666731601
2599.77302777516,2677.96283191416,2505.31036325901,177.65342063377,-13.925170164259,389.714426887024,793.737707298229,353.85772618904,396.659106683347,46.5624210794068,-13.5350524216197,-9.11212012252298,95.6941570519332,64.1343165295675,19.2600154413885,-28.8627633277455,-25.6221049458596,-4.68862666833797,23.6293213326669,3.17248851709007,31.766962389568,1.7384585744984,-36.9689744040422,-17.3258347427237,-13.8384608938476,-13.687740030341,-26.3982056315015,-9.435141111588,-15.7879963209623,-29.1529749606121,-30.1208852370086,27.1874630717693,18.7521477677244,198.172631914491,27.7685239189758,130.68461660252,519.987941290445,21.6350715894171,-13.360898092415,-26.6088371596378,10.0164320277355,-44.7270450149173,-3.52400530432715,-44.1880932622827,187.002937578967,12.0774540025905,23.1498379950855,193.937034229638,199.94794207762,139.242836662748,105.442779129227,105.55004531139,-20.057387733644,15.2802250736878,66.5802483516528,-45.7719796093468,66.5766375263877,45.5601136922297,167.735184759273,21.7782183793288,21.1145646760648,167.148562074725,202.977815829732,203.33842435654,200.491498925946,201.694290304794,21.4277170001372,32.2199952178048,191.46437872729,199.217915845275,187.981962672276,194.664763208627,167.413712278558,29.5616610921031,1.93561694306123,84.045392065826,205.786721952939,169.021925213598,200.727006570821,132.127726277877,31.6380027585397,11.6627035865101,107.006063845669,131.401209462194,131.56292887569,194.710429724234,73.1107343423486,32.3423400749059,-0.296985272060112,29.0167728972472,118.685698767576,82.7817980198881,106.344571503712,34.8443462300299,30.4785193005715,14.3343695479667,35.6249643898137,118.632811338258,35.0728846329087,-14.3899365343894,-9.61320652690586,-2.83879016182448,-17.5760462167355,8.80618939548344,81.9744066098772,118.63192747609,179.256107495279,143.863325387609,28.6187491932973,23.1611576832371,143.666229024597,183.173202423228,183.310412733281,142.451233070126,202.03367056333,11.8024311494128,18.6439070830045,143.420445879256,209.06827714676,191.657850209682,181.848927616353,143.275585147665,29.7971432882751,28.8301121921922,196.314753778039,198.81307831303,196.279714590351,203.60492365144,187.84021030572,18.233575429624,31.9775930314995,201.278602151514,158.648122242069,-7.09734102281999,-19.7473245086964,186.655377107092,6.94717959561683,7.09879541853275,197.645203171881,10.4310259043788,-43.8775877610442,-45.7679204130003,10.2707616342841,-23.1646004233433,25.675294975506,203.950159910377,177.84485209706,95.5762154828228,84.235737047527,-18.6950006492654,9.56880305759478,-22.1610772674475,7.48923217058643,-30.7901015943808,-37.4953537508979,-37.3261263763736,-23.3462285618008,-36.0625188014152,-35.2401506194504,-8.56633551859699
2594.25990271959,2679.66071845559,2492.14313255772,170.976330760803,-16.1636128964768,360.463001564237,749.684829741615,326.431116819613,367.27157306127,47.5267981266905,-15.782749899346,-10.21827132321,90.4129102450086,59.8957034899388,16.2590548326731,-30.8662942105337,-27.6897972633485,-5.5983732388944,24.6030341449402,2.67236939720539,34.0061194675049,1.93902526141272,-41.6685192173321,-19.3784450687265,-15.4525965344818,-15.2848166986574,-28.4479010983017,-11.7632579265408,-18.01019111739,-31.1174783833493,-32.0893004020008,29.4934917619543,20.5463893867896,189.309885966933,29.4999501953146,116.221349027128,485.156334049813,15.4081444133986,-15.6138420294157,-28.380044287973,12.4504724569127,-43.0630651978202,-7.83780651217364,-41.1956176419893,179.651052163058,12.093260883329,25.2479187970073,185.116136312598,191.544632603003,135.10976390151,103.357375440373,103.457922448766,-21.5925578484117,15.5290213677284,66.5820217995291,-44.6689249781174,66.5616767642291,46.5936997343242,161.775858408998,22.549953050061,23.0740401805623,159.213364004482,194.408676587069,194.368861225792,192.04573617545,192.822469392458,22.1808920844539,34.6074414405012,182.789921504401,190.299623640979,179.273283799465,185.799181578724,159.454175680633,31.2058194627805,2.151940144332,79.1382882186219,196.867611986578,163.02330344148,191.704038654622,125.480826892276,33.6512463637159,12.8662781948419,101.270756186978,124.767857370076,124.932195163604,185.836738442849,68.5701213837739,34.6277178804347,-0.32802471804564,25.8050180113529,112.525499679415,77.9210309530736,100.62830309966,31.4958018420921,32.9181753910656,14.5405345661302,32.2462401457875,112.467807508553,31.7156007405584,-16.6157886402865,-10.7096156621157,-3.15241418476216,-19.6568875652295,6.10726446419636,77.1384445376749,112.463713394678,170.811740501082,136.740886183449,30.0873642608578,25.2600883254748,136.5463929066,176.252658106338,176.381324476785,138.239202233195,192.934476249528,11.8051855252623,20.4350492348379,136.30755936211,199.938067625184,184.08447055781,174.992835292847,136.202596067859,31.4528808826594,31.205575571754,187.333870977698,190.659086928041,187.294360495662,194.622227647226,179.143874544507,18.7232415897473,34.1280615628303,192.981330856635,153.422304587599,-4.04300117676246,-16.4452572748069,179.299070149703,6.66439249254631,7.84187034703115,189.331311252084,12.7993653722218,-42.8869297080472,-43.7856625747998,12.6725496737485,-24.8291979876581,26.8711935439833,194.940280057868,169.504338783884,90.2772227809633,79.3339869034839,-20.869970642078,10.5541623311255,-24.8341443203198,8.25414102144634,-34.6282469375772,-42.2697337453238,-42.0767475191016,-26.1801193614801,-40.634924878124,-39.6972443278233,-9.56589226114318
2585.49511459958,2681.0711376173,2472.78377153311,162.092232767657,-18.6109117111725,324.515330018852,693.455682342372,292.877503904455,331.119337995207,48.2612515087927,-18.244390364308,-11.1859430062628,83.5975711950661,54.4791513500156,12.6163174550019,-32.8055330037968,-29.7648684104674,-6.3809293817215,25.5962985205185,2.27123669147159,36.204612031685,2.00507205336686,-46.6139931970649,-21.6166410114047,-17.2424368664483,-17.0572100385289,-30.4950967415592,-14.3633962297327,-20.4078943093071,-32.9760867450524,-33.9584955511614,31.7271214770531,22.2465359199909,177.818070463128,31.2751096172803,99.3470210772288,441.727050900541,8.7455668979087,-18.0829795029953,-29.9725598443501,15.1900641950683,-40.4446063269357,-12.133566708237,-37.1696170491615,169.943320324308,12.1775406662349,27.2622152254327,173.695555851255,180.563911553874,129.359240509988,100.164139532977,100.256275397601,-22.9549073744779,15.8334763495979,66.0552967972852,-42.6328802163515,66.0176155226168,47.4140818405114,153.765078956955,23.3502775870594,24.9449911324312,148.95144763254,183.215885432205,182.723640252904,181.013648426856,181.300091376259,22.9639099772221,36.9445977698881,171.552701143202,178.737544399932,168.013755276287,174.323044317821,149.163097816295,32.8382060075571,2.23418763840903,72.8235671176902,185.262564598172,154.95471791381,180.012961675936,116.887277221794,35.6352318026841,13.9593660795452,93.8681517328232,116.194188360121,116.360436163453,174.351104279976,62.7461244125503,36.8700529004815,-0.498791243974779,21.8283916019374,104.56664411005,71.6662585886301,93.2512238949624,27.3100087259032,35.2956796287059,14.8053888596355,28.0215679540685,104.503872552881,27.5185294762904,-19.0449910796261,-11.9700431899376,-3.6122858508121,-21.9239551211785,2.89259383223691,70.9166469986076,104.496154904769,159.902252886983,127.537384908969,31.5517350304044,27.2752757808275,127.347060063339,167.043265367239,167.161246443441,132.364546646519,181.148492162748,11.8773139169184,22.1316745170404,127.117555243075,188.071852984065,174.085656337949,165.867656452397,127.058396107683,33.0960967131856,33.5135766612742,175.716613035414,179.960149456396,175.672212558432,182.96028603978,167.899147540978,19.2562195241938,36.2423933706999,182.101606428365,146.28774995074,-0.428401503129066,-12.4066127513204,169.591352511482,6.46707945101809,8.46362173609248,178.473411041335,15.4633604256704,-40.9959996116004,-40.8146513439819,15.3745673545605,-26.3253394503458,28.0765551664837,183.245217463436,158.720936630158,83.4427549886427,73.0241816988471,-23.1744469688609,11.4241981548401,-27.7068277888885,8.89887325357608,-38.6925696040652,-47.2917660808167,-47.0744756256872,-29.2172908064616,-45.4503416679523,-44.3947010584393,-10.7270006976099
2575.10769330749,2680.99152926913,2451.89457789433,153.646500430962,-20.2872595511406,293.949441615419,642.91987737146,264.544916002793,300.330846451987,48.3106172146116,-19.9367869534428,-11.4981817757443,77.3841447849829,49.61154104727,9.5881640388651,-33.7686283837244,-30.9162872256303,-6.60891517555314,26.1817659483005,2.20955701417205,37.3643054074477,1.8300936784766,-49.7544993972805,-23.1547549288931,-18.5153800894312,-18.3198304970438,-31.615329795402,-16.2247956707782,-22.004097743452,-33.8294238454095,-34.8277766085167,32.8561572439428,23.0446198073379,167.253616352062,32.3391902004616,86.1757958301081,403.986321599987,4.37974372986071,-19.7831213384396,-30.5650941735522,17.2074597337736,-37.4542022071292,-14.4651914225082,-33.2744054432723,160.802983149976,12.3361945761941,28.251306221286,163.218296073562,170.363872199953,123.593827931606,96.6317575441311,96.7165260824287,-23.4303230997393,16.0939126116401,64.9279803751724,-39.9991034926478,64.879725822015,47.5377786277429,146.0523060822,23.8429046771871,25.8468726322806,139.55566328408,172.824337309496,171.998977920875,170.770882773635,170.683677118429,23.4489474645443,38.1660967758671,161.236163108664,168.110572178897,157.704695716268,163.797586857206,139.74344449546,33.7289565033497,2.0689227495933,67.0904506638196,174.543200014844,147.18029864581,169.275593218674,109.026681112399,36.693665421164,14.3938473864447,87.1157945334658,108.35481690466,108.52096126636,163.818175756054,57.483997827727,38.0502993489583,-0.81378966418572,18.4191548823239,97.2953474821412,65.9882505607441,86.523460133298,23.6694845761659,36.5208858834089,15.0487589906491,24.3455324802767,97.2293417126569,23.867679366863,-20.702515925338,-12.9298566088518,-4.09847809168474,-23.4791488517937,0.303009503403814,65.2700611294788,97.2189664158582,149.925254102068,119.123079510539,32.3610194092441,28.264927742356,118.937597164857,158.286322526774,158.394956122784,126.458067752641,170.328598884314,12.030681622277,22.9271344232827,118.717097168556,177.12760643042,164.672667783063,157.189004864701,118.69270514331,33.9916515227025,34.6917552530016,165.07162480883,169.968011784022,165.023861929576,172.220605316286,157.60222199944,19.6238781327872,37.3624097434221,171.94925541707,139.289087832084,2.48115462209563,-8.97999010531129,160.458117431136,6.49682130809123,8.61871430969688,168.394885841256,17.423120531962,-38.4947626817454,-37.5744651735628,17.3626565227036,-26.8811597087821,28.7638242927751,172.477690511898,148.849392545918,77.216558458319,67.293036035732,-24.6461111171009,11.7269223868211,-29.6202827849107,9.06855851889947,-41.3113375212977,-50.4776155328262,-50.2459332680964,-31.2281009473673,-48.5138342342033,-47.3883422464688,-11.6276580808851
2545.53869748914,2677.35434134495,2396.36789157612,133.568484388095,-23.0449305715107,228.244192714701,528.130839176142,204.078255703775,234.035378536896,47.045343260885,-22.738063355518,-11.0088188204034,62.9939989899811,38.4454843073693,3.13137240587531,-34.2986046152396,-32.0326622443938,-6.11108538865187,26.7589345720635,2.68778297450791,38.095164588097,0.926468215447926,-53.7909100309106,-25.4957839741622,-20.576771251558,-20.3703382080282,-32.6470191337592,-19.5127423951515,-24.4955129804255,-34.0164592916532,-35.0698503427221,33.3910956885416,23.1843258331207,142.830180966363,33.5229510574697,60.4335232703484,321.034414594648,-2.21832024978073,-22.6041984328635,-30.0906905161751,20.7182018977388,-29.4911411449729,-16.6544901724162,-24.0217075747572,139.252641861955,12.8284446491654,28.6075151808047,139.028147184386,146.592134707646,109.271043533973,87.1988966942169,87.2674859606338,-22.8847884234063,16.5996626614266,60.9244198124189,-32.4902369264257,60.8629438955007,46.4339049133269,127.518669026251,24.3922138005839,26.1040886372179,117.849641118076,148.619333659686,147.179289330778,146.90994332069,146.103212158912,23.9989544091677,38.8966858745288,137.399113738969,143.548111192856,133.929825735408,139.502605728555,117.988279037718,34.3897931188423,1.17589957482181,53.8440625891441,149.681212955305,128.487567983979,144.475679937924,90.8286361065265,37.4002634758719,14.137581777494,71.4867155019398,90.210632025193,90.3732090863722,139.508356535434,45.3636241160848,38.7851132455511,-1.86474183812516,10.9127916763808,80.4586730077952,52.8672012346187,70.9521778224707,15.5404228417794,37.1913644604312,15.5572045798531,16.1356056757752,80.3877682198703,15.7150659245512,-23.4118519580663,-14.6610845848507,-5.33033857367809,-25.8381763383661,-5.04174042112271,52.222458059765,80.3723755395033,126.922163061002,99.6699092329078,32.9942680907213,28.621834981729,99.4971514234894,137.468341970117,137.556399535156,111.75583278316,145.349073420028,12.5235566123783,23.0623797315542,99.2977789693742,151.77977855411,142.485362077109,136.552591864364,99.3398799248268,34.6522380413458,35.2943494555266,140.522441499776,146.576324293616,140.468945250716,147.367310995131,133.852345001187,20.1505646782493,38.0837893985133,148.20157135759,122.211444502482,8.22329546755731,-1.78836644702454,138.938488454205,6.97576860747427,8.06670822437485,144.919745818341,20.8252399010184,-31.2904518476765,-29.187387366811,20.81666606693,-26.4333833053831,29.3706647915652,147.565450873757,126.067825454873,62.8061481606411,54.0470133498714,-26.7592528851706,11.3326257734092,-32.3575229603269,8.53500910457524,-44.7948450175014,-54.5621296375535,-54.3151911951593,-34.068346507158,-52.4686069365547,-51.2690659926444,-13.2954249169983
2526.39317152885,2672.31450359153,2363.2019685127,122.747741496384,-24.4000574197904,193.692716411204,466.683538675284,172.347881191498,199.151098096095,46.0680828921312,-24.118123327003,-10.5471313405661,55.1600305628181,32.3489578913324,-0.344097049201707,-34.3076448709442,-32.3967973658799,-5.6839578737094,26.8375160883082,3.0169671188288,38.0086013215608,0.364838491405976,-55.1142652919939,-26.4033979099873,-21.4166620781523,-21.2076217901832,-32.962757157969,-21.1775983229253,-25.6867725566003,-33.8149777662895,-34.9048070710711,33.1913325467163,22.8754354026714,129.742744902151,33.8554649190515,47.2473732589275,277.109894777943,-5.36284648708238,-23.9952896420854,-29.5068959275263,22.2996563416705,-25.234922968377,-17.4877644787172,-19.1945657557972,127.667240293313,13.058155371632,28.3544294103737,126.058126619959,133.850970221603,101.440578569458,81.9181207711264,81.9782758962542,-22.3015075135417,16.7881614793784,58.496308544994,-28.4204831847871,58.4295563277751,45.5406241891645,117.497307845721,24.496524486582,25.8254740014614,106.162175114739,135.649955556703,133.888796216453,134.122713984717,132.93782781298,24.1075891815449,38.7815199490518,124.61321043201,130.38822906826,121.17212023083,126.47806071133,106.275360809776,34.3795094821907,0.616873127905819,46.6213930144808,136.370287174515,118.379597058236,131.192125558508,80.975336028344,37.3428054327014,13.7313429214981,62.9935632944197,80.3857343467808,80.546376549853,126.476070896036,38.7473319904577,38.691166570329,-2.46154556777708,6.83380832165869,71.3234812468976,45.7094823536506,62.4888321923764,11.1068218814007,37.0361123652716,15.7561317045145,11.6595058524663,71.2499681739453,11.2690951623181,-24.7400117248912,-15.4212350756218,-5.97059298110048,-26.7500963239661,-7.90071690312448,45.1028327697719,71.2317922581865,114.562765935079,89.1567452163067,33.0032121495562,28.3689588584539,88.9905058334833,126.253103260503,126.330344279575,103.716716168374,131.972351739438,12.756350323863,22.7517807699604,88.8019550886534,138.216300916863,130.561800297894,125.433398934071,88.8788459992206,34.639287509644,35.1162936978338,127.366071018852,134.028893290098,127.309527559589,134.059361788945,121.107555646787,20.3007193735659,38.008263490489,135.467673709345,112.935307151261,11.0112801178633,1.8042878187411,127.371268196415,7.25965911386356,7.5899705087744,132.337565142941,22.352448947735,-27.3831151926692,-24.7274129262388,22.3696382340667,-25.8867276850907,29.4205694201406,134.226802288799,113.823141404877,54.9620850015139,46.8249466011852,-27.7245997696124,10.8940300948618,-33.3614552290176,8.06376266388656,-45.9818190759115,-55.8973930386413,-55.6466871087753,-35.097553165906,-53.7718039665303,-52.5539775607413,-14.0402100636746
2507.17289451856,2666.10831449246,2331.25806843686,113.311881471448,-24.9848875824529,166.937418576882,415.650298495092,148.020852518193,172.075034287938,44.5421843099823,-24.7274816715627,-9.53324628030009,48.4924305202129,27.2096304150401,-3.0257137149278,-33.4470562150744,-31.9168422605666,-4.79555637863473,26.4977887226604,3.61322544343585,36.921511584392,-0.363426026111028,-54.5465438285586,-26.5308450403529,-21.6605780758185,-21.4561006547153,-32.4352115075103,-22.0786052924103,-26.0901336359176,-32.7284242432031,-33.859098798784,31.9455853652357,21.7313366555954,118.658289880845,33.489227115866,38.4617604354003,242.077115841164,-6.26078610979488,-24.6149806460908,-28.06321400402,23.0517567285434,-21.1065475137337,-16.5776531132859,-14.988758823409,117.650936286536,13.3137439440487,27.1397376464945,115.086627183913,122.96950505871,94.3130879604296,76.8099074439421,76.8633621560684,-20.9607108428828,16.8939096111218,55.7344648827013,-24.262375116825,55.6689387072938,44.0804653473699,108.662657783658,24.2753882609853,24.6429034397777,96.2605761398867,124.580193673857,122.62183396945,123.207066716727,121.771135328351,23.899560426568,37.5963020136538,113.788097560249,119.245353317289,110.391010774907,115.463772901273,96.3552103476639,33.6423159185014,-0.115383706121349,40.4874852730741,125.060688364654,109.463323821839,119.953487735132,72.6000660813708,36.388753179713,12.7371775896395,55.7713534374324,72.0367128387534,72.1941389455004,115.456411107626,33.1456784871691,37.5752506015155,-3.12760529556601,3.55255929885453,63.5542457081388,39.6292177787489,55.2921010790712,7.47910594235179,35.7820967308278,15.8925062344672,7.99650984544689,63.4797417722099,7.6310941007456,-25.2994858600288,-15.802927269479,-6.56136594515613,-26.8699823877876,-10.0091266094937,39.0549878315992,63.4597192392344,104.118182791721,80.2364033465299,32.3655158677311,27.1541307300648,80.0763518338862,116.473270946806,116.541867949466,96.3857954956586,120.660611455317,13.021194204171,21.6071024971246,79.8970210397427,126.710200310126,120.256123420154,115.735055988984,79.9966830216084,33.8939464464116,33.8646290556255,116.251344883957,123.262116888763,116.193185278432,122.77823471863,110.335856606213,20.256380388181,36.9729681656589,124.550420559421,104.633253687989,12.8691805865691,4.47126041866949,117.377525370276,7.70848936334045,6.71884878989755,121.598417775157,23.0711012092222,-23.361586016013,-20.5041973727481,23.1032244647128,-24.531987202247,28.9499833670419,122.922386773673,103.464497629689,48.2904508741019,40.6896536582699,-27.8890470650932,9.95936911428311,-33.3246531890247,7.18925795014911,-45.6390862744258,-55.3101938761779,-55.0656868026831,-35.018530462356,-53.2372566770782,-52.0495159351837,-14.4471674216171
2505.13018481444,2665.66964775802,2327.55588795407,111.928683183473,-25.4191575246348,161.123238644497,406.582527428488,142.586790822505,166.227101342046,44.6246117914107,-25.1642379974418,-9.69375176902821,47.3487237407366,26.2795293545895,-3.66830967367542,-33.772242657394,-32.2717932521094,-4.92952003003722,26.6072563607055,3.53169298944482,37.1985520077833,-0.351571923812457,-55.1904717645463,-26.8196273042267,-21.8907013691471,-21.6839522424099,-32.7853454184863,-22.5411284470122,-26.5126281743184,-33.0341279318996,-34.1689022139906,32.2337320163184,21.9535729787779,116.845990353333,33.7249613293822,35.6701340133104,235.069154339063,-7.43600421534421,-25.052964069171,-28.3153597281816,23.4295064047618,-20.7982629583487,-17.3775794939612,-14.4472333430275,116.138671997936,13.2992800765614,27.4014086400729,113.278341070246,121.254089751646,93.4141831826948,76.301474829056,76.3536481450192,-21.1770293960118,16.9094314396805,55.6283187244362,-24.0502336658163,55.5599861963332,44.176110900411,107.415792740541,24.3585417466085,24.8866033480059,94.6092040403336,122.832562557536,120.792874517383,121.483598304961,119.960918770303,23.980335302053,37.8932200236929,112.007695948368,117.422570980425,108.599895412722,113.647005666076,94.6991558637415,33.8397267233187,-0.101467532372851,39.4181175756759,123.244379305886,108.208133441469,118.110634437443,71.189308984041,36.6351945722083,12.881916556493,54.5375492568688,70.6283594055706,70.7863926421636,113.63803200353,32.1512558512441,37.8582691688587,-3.14659799894105,2.8513191385872,62.2368271623434,38.5682518761169,54.0615833745678,6.74207055487898,36.0869097982953,15.9024814485869,7.25372023455958,62.1612897822044,6.89239748446329,-25.7308017785266,-15.9638643236918,-6.61796303597669,-27.1625234722259,-10.582756151328,37.9984347650883,62.1405431603597,102.373292621807,78.7345924311341,32.5396084619584,27.41591309385,78.574887983273,115.041695061715,115.108625539391,95.469374797379,118.803424489094,13.0050356109817,21.8289660096408,78.396722534396,124.853754392805,118.700226022431,114.316054007367,78.5044390971297,34.0928118457533,34.1614658638084,114.412647876133,121.595024938591,114.353537566122,120.946832934455,108.547100911508,20.3030232232121,37.2378634547673,122.855786789069,103.523637743326,13.3754527733258,5.03597060859431,115.864876298984,7.65495375630564,6.80259306812729,119.900974332699,23.4366968357978,-23.1722350406891,-20.138337559212,23.4750265649476,-24.7700816181573,29.0884763473964,121.085735796076,101.739383242079,47.1432636616543,39.6216730282531,-28.2927212739149,10.0751711816081,-33.6965133138585,7.27580335377883,-46.1672799050401,-55.9641841967574,-55.7164840929367,-35.4119744700607,-53.8640986422208,-52.660861374465,-14.5953273349955
2494.30784057785,2660.48715700598,2311.26441679119,107.84591722764,-25.7328890520818,149.367867671222,384.036143922523,131.894369491538,154.3254800742,43.8364902971405,-25.4894299150495,-9.22253428364417,44.2904923147263,23.8764450741535,-4.9637661590769,-33.3685279384696,-32.0584148487786,-4.52724339074496,26.3155223870612,3.77178702777979,36.4839385803489,-0.678834222499688,-54.4870409818421,-26.668284687185,-21.8318402771829,-21.6287339523112,-32.5497602552811,-23.0061008888762,-26.7352115410039,-32.5137007555697,-33.6721602521724,31.4604631258658,21.2839107967106,112.022183379124,33.4198444625357,31.738565597452,219.660870140186,-7.97671388046626,-25.382835291956,-27.6125657591195,23.5916722166499,-19.2038297814645,-17.1400115090997,-12.8232637272026,111.809604149832,13.3482723543721,26.6674746205751,108.487962489089,116.550364843556,90.2982678603086,74.0251361675246,74.0745319417616,-20.5295448951469,16.8731222565088,54.3259594943172,-22.4389698705297,54.2583965591262,43.4153925701568,103.586455086288,24.1353873238395,24.1820173113584,90.224439358549,118.050097967639,115.906358771797,116.765435196023,115.116185116116,23.7644712997405,37.1259682549884,107.277979125628,112.574926550533,103.874200885227,108.838884504878,90.3063238490771,33.3205814238294,-0.432129110669678,36.5833587110533,118.352278424013,104.344546604822,113.222555457542,67.4166598856357,35.993644519751,12.3391561701812,51.2432257632573,66.865625129485,67.022853836342,108.827388397932,29.5445466583534,37.1271662352688,-3.42432352114412,1.27403125768205,58.7129363561163,35.7543523691713,50.7766683072461,5.00379572115128,35.2915174941499,15.8829458533517,5.50096551560046,58.6365101996611,5.1499179396302,-26.0330518533556,-16.0145326659827,-6.83536793865625,-27.0051466910521,-11.6210528154897,35.1968564911685,58.6146338001663,97.7734949635504,74.7368661433362,32.0773200788503,26.6818250913347,74.5791833032534,110.815387344879,110.878630906022,92.2678586526731,113.885388110161,13.0591221613195,21.1595796428768,74.4043292086816,119.87974231944,114.250323182821,110.123561258887,74.5234491828807,33.5690458242681,33.3762056440338,109.562316428766,116.947041968234,109.50215314087,116.054647491253,103.82545953205,20.1807629683456,36.5513268742108,118.145080844703,99.9173811795571,14.0023433016074,6.00423833195674,111.545213302626,7.81241795391378,6.35917142446709,115.256445921849,23.5847401960147,-21.6199349458442,-18.5039374151523,23.6295159383445,-24.1137318557791,28.7213546949981,116.183537047493,97.1760034418689,44.0825216922287,36.7876086112664,-28.3983582018448,9.57981354655266,-33.4147431836541,6.82827484723794,-45.6425607159999,-55.2452774365254,-55.0025012457419,-35.096684777532,-53.1870197684698,-52.0076825799166,-14.6668289532091
2481.89129271124,2653.41945536263,2293.75975410486,104.108989399977,-25.7887991712996,139.951703711441,364.337973265144,123.439087783829,144.760526507686,42.8009610487381,-25.5571998907303,-8.53648084242906,41.5128220597219,21.7031826552843,-6.03984072664861,-32.6333138798125,-31.5328055165309,-3.94803073532393,25.8340798088684,4.10717051028553,35.3428335067983,-1.07415441282325,-52.997846078317,-26.1911453756734,-21.5236272234207,-21.3271514009647,-32.0011764671098,-23.2231179134147,-26.6886796907128,-31.6499463490011,-32.8350384337041,30.2469405980189,20.2651874516746,107.732806744767,32.8269867009262,29.2076985650461,206.844949371314,-7.77304755790101,-25.4552367304682,-26.5666776952157,23.4323680962622,-17.6422601719241,-16.3115666847436,-11.406085572209,107.883773745086,13.3918004374182,25.5303713815422,104.2292582257,112.339615629324,87.3151317724248,71.7169807276609,71.7641399672022,-19.5805362887342,16.7860969566434,52.8386026037176,-20.7830536559038,52.7741595528762,42.4015409133676,100.040602325711,23.7607768440755,23.0989645634743,86.3018742199068,113.772548021251,111.561928210143,112.544009357757,110.805898394907,23.4008415549566,35.9044154511329,103.06821621857,108.266095468806,99.6720400290123,104.566107164338,86.3778465585449,32.4850793036752,-0.833644687927801,34.0088192975086,113.996292568528,100.765280358243,108.88194871711,64.0122578911775,34.9669295321771,11.5519237603918,48.2583433260714,63.4705204524307,63.6265506377184,104.552809312392,27.1798925803211,35.9606700182121,-3.72954055056539,-0.0962135683697625,55.5247183759283,33.1970581867834,47.7997470947733,3.46786985431373,34.0320057979139,15.8211862540152,3.9527000535889,55.4478715319743,3.61040792124231,-26.0775489472483,-15.9062093743807,-7.03074990760683,-26.5170277552696,-12.4444965796422,32.6500535347477,55.4251003817249,93.6768736921575,71.1413880974682,31.3312472754821,25.5444199283807,70.9855784879761,106.948947293957,107.009154713248,89.1986158330076,109.521160004409,13.110336997497,20.1416768594945,70.8134800077045,115.459371232561,110.217642076351,106.286665193632,70.9404048012151,32.7265961690396,32.1382731722073,105.257175324744,112.767163631732,105.196375162231,111.705593013419,99.6262500268857,19.9613970287798,35.454323932239,113.913487269786,96.5261377168034,14.2848306276013,6.63912866203145,107.630559380753,8.02240235814958,5.75232252769791,111.10053610386,23.4182710517263,-20.0157044756793,-16.9397559940219,23.4658657313133,-23.1362610983597,28.1224780740009,111.826758677522,93.1067731201949,41.3042883203817,34.2132931590953,-28.2241270319689,8.87838694198297,-32.6991107061509,6.21344690898837,-44.4815356688504,-53.7276337783428,-53.4939025340435,-34.3195933044518,-51.7462301516364,-50.6107950875294,-14.596426363463
2480.81366579098,2653.11661201746,2291.88716339949,103.447455364201,-25.9694809839523,137.309365934389,360.124490774779,120.976434771866,142.101216873612,42.8232084591157,-25.7391357785964,-8.59180346200986,40.9809698572213,21.2747746496205,-6.32595326416447,-32.7565114140431,-31.6715084077957,-3.99364318151032,25.8778569402742,4.08047935439163,35.4493553846733,-1.07570202256244,-53.2621709977997,-26.3130989463398,-21.6220811134862,-21.424695663833,-32.1374475359412,-23.4183263903417,-26.8629484365317,-31.7633392535911,-32.9503469004854,30.356452769006,20.3479667379439,106.878762582902,32.9241493094684,27.9815236627095,203.632121679914,-8.25824230476547,-25.6377772663384,-26.6553672588435,23.5993251975615,-17.469125375215,-16.6249698923428,-11.1366378899702,107.163265130977,13.3896451586804,25.629039889969,103.378273136083,111.526895664069,86.8763897922453,71.4595418118145,71.50610586893,-19.6556700070409,16.7949875858641,52.7706700167269,-20.6490594819865,52.7050829783223,42.4298852945793,99.4412711935064,23.7947062321396,23.1903914061165,85.5272139571919,112.944659884653,110.698926276882,111.727630512587,109.951629960559,23.4339109410154,36.0182781194234,102.230203138865,107.407133311435,98.8303482169762,103.711194152366,85.60107569051,32.5617240842518,-0.834364735497445,33.5130810173283,113.137852497346,100.161695281799,108.013760516855,63.3528434427066,35.061953457619,11.6036019095374,47.6837476914038,62.8123858967189,62.968622743739,103.697183251211,26.7204073554044,36.0694058231784,-3.74343710299104,-0.41209745631943,54.9100649240827,32.7053570828307,47.2267874985116,3.13396368452845,34.1484654644586,15.8280825737672,3.61605591238146,54.8327909583739,3.27571003195828,-26.2567681820881,-15.9769497541274,-7.05970663712003,-26.640486306562,-12.6966207613394,32.1605236221818,54.8097085314541,92.8579324977532,70.4388178824383,31.3991094956971,25.6431339708969,70.2832244527352,106.264010310967,106.323444833968,88.750600610191,108.646318368419,13.1075705032304,20.2242925849341,70.1117095563582,114.582410729163,109.476238365157,105.607732454592,70.2421499378576,32.8037666983232,32.2513907039574,104.392218308437,111.975383362184,104.331017353358,110.841437771769,98.7856232295815,19.9818164207903,35.5562703200487,113.108841872639,95.988717231199,14.5158334683362,6.90238452351952,106.910122192038,8.00591151349573,5.77958009441721,110.296661274835,23.5799121030965,-19.8924062879292,-16.7420852245209,23.6301951979548,-23.2200729842618,28.177111516896,110.960211136838,92.2968394574681,40.7709790586289,33.7180898603677,-28.3885220838897,8.91849169001233,-32.8543532077195,6.24185051105871,-44.6994501081868,-53.9959946035853,-53.7609828460655,-34.4834886277578,-52.0037030544211,-50.8620533652697,-14.6620453576664
2450.16603507708,2632.41048462708,2252.05635651623,96.7844354332738,-25.5432802056547,123.710663943714,326.990988508311,109.068553906929,128.194669786854,40.0991239428963,-25.3380724621985,-6.72101749914583,35.9560905089066,17.3345571641239,-8.07240805701747,-30.5218909560626,-29.9162882830607,-2.43240119044862,24.3774265065616,4.94484142187378,32.0280413103103,-2.02354002687821,-48.1745620596565,-24.4689400968889,-20.3187024364994,-20.1425295604909,-30.3335628499605,-23.3457348720604,-26.1980803640361,-29.2325332091297,-30.4834509364966,26.7691764667974,17.4006075989219,99.5230700371758,30.9755112512918,26.0002255627575,183.784677156904,-6.29759188075417,-25.2459798690862,-23.7430556113911,22.4244932910398,-14.5912780778859,-13.7708722666763,-8.94146107435284,100.257738068274,13.4124460894932,22.2978450657178,96.0662454111519,104.257215415336,81.2079672992644,66.7367882314819,66.7802155131393,-17.0388708347186,16.4403615691667,49.3040650472749,-17.4056254958956,49.2501654989475,39.7352170032729,93.012543391868,22.6061437400926,20.0344889059079,78.6857839483045,105.571102237344,103.262772791738,104.445471012101,102.564953860889,22.2767677948177,32.366737607513,94.9870810676452,100.023698101363,91.5996921324717,96.3800288171892,78.7527284098432,30.0294263816197,-1.80213158255623,28.8413888022461,105.674536523145,93.6691925676718,100.587424844858,57.2957924991956,31.9727316735733,9.4007441441878,42.3143047912207,56.7714128055092,56.9247945283506,96.3639205992787,22.424038336073,32.5744401049953,-4.40313320422308,-2.78860180382492,49.2001299643183,28.0581210622127,41.8687492962872,0.408815920590371,30.4011195970801,15.5456209223556,0.87174243035264,49.1227444510141,0.545005734822382,-25.8076191169,-15.3133633461272,-7.3678715878936,-24.7612055524241,-13.9435339630859,27.5287997197407,49.0981704454597,85.7770916111641,64.0859458896381,29.1285042264359,22.3109307500225,63.9332705410139,99.3790005225947,99.4339055511944,82.9115810534676,101.188531910605,13.152358148279,17.2802194586007,63.7654921648952,107.03290464731,102.393009871063,98.7707710128857,63.9044516490858,30.2515503917949,28.5800554909305,97.0198394003173,104.715384202853,96.9580575858822,103.398784559609,91.5583339006127,19.2432776988664,32.2629099932387,105.77260393326,89.7074816109913,14.1576795370124,7.26352477669542,100.030557906581,8.50982373794545,4.15391585335874,103.124450496876,22.4067943609755,-16.7352601052494,-13.944138410254,22.4544864381905,-20.4998110995205,26.3340322582279,103.507416259143,85.2495295497322,35.7488402068207,29.0467193583223,-27.4352218878793,6.98963397490508,-30.2464588532607,4.58950128323403,-40.6641305580034,-48.8171322196931,-48.6111265005332,-31.6786223804377,-47.0713227224882,-46.0704619302023,-14.1200907344233
2417.09546040058,2608.84644826667,2210.32523143306,90.5282451331019,-24.9555620168503,112.148689517557,296.49712365992,99.090103610052,116.3238475892,37.1442576541296,-24.7758763336126,-4.69243002680781,31.143101514027,13.540657308395,-9.6945362340777,-28.0420697246578,-27.9386125169314,-0.747553195288049,22.6582405620647,5.85708400415507,28.1698172751802,-3.01531158594838,-42.2533141934031,-22.2627918963551,-18.7319063517132,-18.5800314116714,-28.3064981169157,-23.1220673282039,-25.3590688843071,-26.4406027643806,-27.7603895645245,22.7439370622525,14.1154648916736,92.7220805313328,28.7363764201426,25.1035081764387,166.253136054358,-3.87334977836906,-24.6929671587938,-20.5595487083679,20.9061900771757,-11.9210707752945,-10.5971346682549,-7.08367992689222,93.8131861742505,13.3896393204571,18.5706152558516,89.295951945927,97.5278006473522,75.7345759191636,62.0358950675594,62.0767616650238,-14.1859276872755,15.997619628264,45.6847167859232,-14.3117766324002,45.6443287397583,36.8039002229881,86.9314682235812,21.234839763316,16.5091794633991,72.2842189141967,98.7512258037992,96.3994923246253,97.7070817615813,95.7429924933525,20.9403084895239,28.2537657116494,88.2731729705971,93.199968038368,84.8912915701459,89.5944269504582,72.3460941468624,27.1602617419653,-2.81679255852782,24.3536526879165,98.7880595858564,87.5269454457047,93.7292607131791,51.5567985943603,28.4834599246479,6.97051769655525,37.1891256323444,51.0467664018,51.1974058307969,89.5767169669616,18.2883572288993,28.6341993113346,-5.06489501579341,-5.05304614740294,43.7666964649126,23.5899463932733,36.7525507288309,-2.20849947130694,26.1874736356574,15.1828027157337,-1.76214182279699,43.6892841811193,-2.07710176582839,-25.1971187457652,-14.4593366653864,-7.62690600845428,-22.5148279938843,-15.0734637103421,23.0732676950298,43.6632240775695,79.1865577203851,58.0911303738469,26.5511614114841,18.5825306746981,57.940776327668,92.9198682914178,92.9708911482901,77.2720606000565,94.3057161343687,13.1539164934555,13.9990859063166,57.7757788143725,100.07805793565,95.7883146808707,92.3543752085396,57.9211841934815,27.3602603160809,24.4561738316149,90.202573218385,97.9793313885196,90.1403310560783,96.530269826941,84.8523335068297,18.3729830285681,28.5467125608509,98.9722141972004,83.7110520211962,13.4127968363224,7.22724560628785,93.6126630220789,9.02180804124737,2.38511068799818,96.4855585049935,20.8960180085437,-13.7200560271202,-11.3831374597231,20.9382290147653,-17.527621662079,24.2327463512648,96.6308456531552,78.6840990319517,30.9396223540583,24.5597500478114,-26.2959355388894,4.87318286030055,-27.1655812961146,2.78967337509727,-35.948258255774,-42.7913510552152,-42.6185714869956,-28.3721319939344,-41.32788786385,-40.4883000178333,-13.4055782149522
2396.64354795177,2593.93251493571,2184.83149003767,86.8068743157823,-24.6747091971692,104.916993379816,278.013486846137,92.8053321256552,108.909222419727,35.4169607415629,-24.5101605212126,-3.53610495416106,28.2219212325492,11.2235797665842,-10.7239718020193,-26.6386568071017,-26.8334372443869,0.209143850182272,21.6338900621379,6.36396401265549,25.9049750528948,-3.58340491463929,-38.7689729602283,-20.9553292658037,-17.7875172328624,-17.6498977496348,-27.1720335243236,-23.0570720494532,-24.9292477758601,-24.8511003272866,-26.2123241129863,20.3892921604021,12.1991829759353,88.6380431540553,27.4278873539728,24.2816302056852,155.464854432323,-2.64744642631521,-24.4327009499829,-18.7333399466016,20.0189166638459,-10.4258999409533,-8.90773081505517,-6.03265034705029,89.9727283300051,13.3524398751629,16.3932765441739,85.2252449334832,93.5041045893125,72.4992188589859,59.2705561517864,59.3098705072127,-12.5502074487118,15.7159539476786,43.5650734588306,-12.582000017015,43.5322204774898,35.0910299826171,83.3217524338498,20.4128060840013,14.4511015574311,68.4231559502067,94.6734475849034,92.2830927186043,93.6775650567696,91.6515844698324,20.1385614018075,25.8418663443278,84.2366529471653,89.1023269664322,80.8524379375677,85.5143606590776,68.4816558795885,25.4678062584816,-3.39836831239882,21.624240756975,94.6635678802242,83.8817405465235,89.6102483971739,48.0851447004956,26.4315822891733,5.55755687479609,34.081031147563,47.5831487452009,47.7324515653976,85.495515555171,15.7676995392674,26.3216261718827,-5.43938910929356,-6.46345580910571,40.4755658480665,20.8718711334943,33.6494390691524,-3.8281992739891,23.7198198583148,14.947627834461,-3.39168421802185,40.3978960887547,-3.69964212980625,-24.9027486217771,-13.9445904762065,-7.76507751152724,-21.1837626458112,-15.810986021303,20.3623610949644,40.3708089730382,75.2139148972212,54.4669062844218,25.0279430531546,16.4044996494965,54.3177173925102,89.0792689181843,89.1279211040187,73.9406629659705,90.1716942311037,13.1308920537165,12.085260711022,54.154222383891,95.9114414165909,91.8532931288577,88.5390128936764,54.3045924715684,25.6548926920715,22.0424719642022,86.1026037322148,93.9585550434927,86.0398981412893,92.4107757791498,80.8150809722541,17.8424790086614,26.3636571833795,94.9126514857309,80.1611235086051,12.9763412583139,7.19934886910343,89.7873063559127,9.29569005121661,1.36061135986904,92.5146825259743,20.0120113401489,-12.0374175659443,-9.94534191525037,20.0516647661804,-15.8241402822965,22.9862541707612,92.506244122109,74.7275492965643,28.0200369495483,21.8313118509492,-25.6880675645493,3.64441761095551,-25.3454075918435,1.74674517901991,-33.1700651747746,-39.2457778142248,-39.0924623738453,-26.419765977766,-37.9477114864317,-37.2025993967536,-12.9728577555762
2362.94719455621,2567.72694366809,2144.53308924573,81.9975745312739,-23.8734167388059,98.2321582615201,255.768258051618,87.3261214387142,101.952028157009,32.4475857522143,-23.731814702275,-1.49756330468776,24.3777624777899,8.16617446866255,-11.9158839209047,-24.0493645002582,-24.7191934316032,1.88935066468335,19.7667420361769,7.24177865860318,21.8070295120489,-4.52075048237839,-32.2092431892302,-18.4243021305805,-15.9280893780738,-15.8168263162241,-25.0134080085532,-22.5909886212612,-23.8879705631122,-21.96441007656,-23.3931758621041,16.1450024965835,8.76902351950287,83.6018580356133,24.9875425186845,25.3322148041717,144.023821869052,0.268285509994428,-23.6622534138531,-15.4920652253853,18.1229911788148,-8.42097952461097,-5.57747366432955,-4.95735463194384,85.08829831618,13.2562640419264,12.4796120002251,80.1962557162466,88.502592350076,68.025398152652,55.1877215560412,55.2257454360579,-9.65844934022419,15.1818428520119,40.142085218377,-10.1087289742079,40.1240984366646,32.1325416579373,78.5677901128707,18.9094862110886,10.758318929924,63.5548259722685,89.6148477217247,87.2207165349483,88.6740118860901,86.6119317399439,18.6714448621731,21.4807983215465,79.2364203396882,84.0544198131594,75.8474586126591,80.4782752925133,63.6119794793465,22.3995007620202,-4.36064752426105,18.0201818229836,89.5859804755474,79.0784428480781,84.5462275937705,43.6015003559991,22.7167558728764,3.05831859432911,30.0161019056773,43.109401696517,43.2564098906602,80.4588808718981,12.4344008925579,22.1380614011008,-6.01883126496,-8.23721389692605,36.1926933379461,17.2770992335307,29.5885386743601,-5.91757603442935,19.2632750491138,14.4964621046232,-5.49138394407007,36.1151971615474,-5.79198400202714,-24.0817816006413,-12.8798032431935,-7.90756598110116,-18.6090992537725,-16.5839832868754,16.7741036301672,36.0868497269314,70.2615014028161,49.8239306791219,22.2645229186444,12.4895426769504,49.6758604663054,84.1235300918482,84.1698560505093,69.3285417203028,85.097247819149,13.0600180730669,8.65982693964142,49.5132900975124,90.8034015345816,86.8575049445245,83.6119684386903,49.6656693943129,22.5635455239162,17.6874935811366,81.0545956781943,88.9233621820551,80.9917335744648,87.3458781848892,75.810591260302,16.8620035778238,22.4129189482763,89.8407487265048,75.3772278618371,11.6867436469558,6.51347654115875,84.927416637252,9.75696523386674,-0.420642011834389,87.581083773571,18.1324346775444,-9.62015709500201,-8.08530039783392,18.1624137810592,-12.8005161091444,20.7196492065327,87.4377711650313,69.7831464741595,24.1810195113845,18.2285196770793,-24.3652076255062,1.48546762958699,-21.8658465398092,-0.0688731756723655,-27.9175003371039,-32.572683717477,-32.4554004235067,-22.6955524342584,-31.5808116089776,-31.010593275343,-12.0597315121146
2334.11487452587,2544.78404016186,2110.53045693962,78.0555544238349,-23.24852427343,92.5544840348683,237.424544862742,82.6336590501749,96.0527631292034,30.0552005144431,-23.1254974566859,0.121663794293426,21.2273090542962,5.66150107962872,-12.9039981767498,-21.9849397165421,-23.036945913016,3.22063694128249,18.2549026813641,7.92908024334608,18.5146452705928,-5.26319795799208,-26.939372631603,-16.3842157116108,-14.4266091209927,-14.3364961877048,-23.295222501072,-22.2368105196464,-23.0699684112172,-19.6614258288614,-21.1439393741531,12.7420648861687,6.02341985718741,79.4526886462776,23.0254105002677,26.0014500682771,134.468989928499,2.51070091052165,-23.062349908459,-12.9051931614227,16.6026660174252,-6.83094862138771,-2.98434864323656,-4.09772942088421,81.0787331245841,13.1623182901473,9.34432850090809,76.0529729711683,84.38741840511,64.3788946903856,51.8749922287941,51.9119197750498,-7.35320359666653,14.7370373011715,37.3777469935199,-8.14946606462601,37.3714818141015,29.7495127464667,74.6779014749348,17.6885938066501,7.80108056539387,59.5496753695779,85.4523625953302,83.049915662024,84.5567495581016,82.460294298193,17.4796062320739,17.9790073874881,75.1176285117294,79.8953229773515,71.7243822268199,76.3288546604666,59.605478696531,19.9275212508645,-5.12315812085291,15.0673811098858,85.4040823168776,75.1487531372312,80.3731390673952,39.9202757798128,19.7289929151094,1.06152860123234,26.6825012335657,39.436275530245,39.5814808110179,76.3089258810825,9.70389860063065,18.7771164058491,-6.47408708067994,-9.69631657696786,32.6786439245694,14.3322468489738,26.2583489701616,-7.63242418957716,15.687703480908,14.1182869518084,-7.21489266596146,32.6012163541713,-7.50931930936335,-23.4408939925993,-12.0156972469915,-8.01213682233703,-16.5339956904722,-17.2313319253575,13.8347309024739,32.5718002798328,66.1833130065299,46.0089597909341,20.035801930121,9.35321716595351,45.8617966564095,80.0620982952005,80.1064687139809,65.5707517508862,80.9150364059268,12.9863906050621,5.9181096552301,45.7000269530724,86.5949399818225,82.7567405959032,79.5740915730928,45.8545400685448,20.0730542395764,14.1946196642731,76.8943988218092,84.7845117627778,76.8313535584977,83.172936393411,71.6880448012383,16.0597852158512,19.2373460799032,85.6710908254287,71.471503388254,10.656850682811,5.96841818178524,80.9373854711669,10.1101413291237,-1.84083381172323,83.5210325301427,16.6245611041684,-7.70680000529069,-6.60800989267889,16.6471265249374,-10.3889424063937,18.8883960334564,83.2616723316507,65.7125254487573,21.0344923070353,15.2768500366316,-23.3202434356689,-0.238124199819509,-19.0651394476001,-1.51685564534105,-23.6954023800121,-27.2119530621839,-27.1235507619457,-19.6987162721091,-26.4655015361414,-26.0354674365208,-11.3175073686553
2241.26258605128,2467.15065847273,2004.79613685991,67.9540675180334,-20.9755247618527,82.2912953787961,192.63649630402,74.8718130729949,85.1493298953556,22.497128393431,-20.9069665058483,5.21649910741701,12.8069603376808,-1.09734963721115,-15.3719599887484,-15.3357392154913,-17.5506350499646,7.38537891720833,13.2354646827123,10.0176799754463,7.74432023221294,-7.50282260210273,-9.27612851589316,-9.41164831156749,-9.23690059981735,-9.21681852295347,-17.7035702708554,-20.7716932601312,-20.2056737704167,-12.2823416018809,-13.9327382807173,1.66373367700152,-2.85849624707612,69.1842735236804,16.5179155474944,31.0711725049792,113.926545900026,10.2354278643961,-20.8619845766859,-4.68714183132292,11.1984601877914,-2.9578601748473,5.31645754386423,-2.69370451646066,70.9425344959114,12.7279406186726,-0.834986847988432,65.7612901040019,74.1798015318097,54.4994811060612,42.437941362648,42.4734487200318,-0.051612278885699,13.1687273261294,28.9895611837924,-3.05012213285767,29.0221527430957,22.2007186900676,64.5521322187174,13.6109084564187,-1.7853694604679,49.3492126124731,75.1493207972931,72.7753405619825,74.3534395831071,72.2163483268189,13.4956111036338,6.53685571557139,64.8589025437456,69.6133939566571,61.4312931686548,66.0309359354198,49.4065286708485,11.8031510321036,-7.4294088334575,7.13196730910192,75.1117229284835,64.9171610744706,70.0761121804766,30.2884641071722,9.93916762947828,-5.33439305423704,17.8310342221081,29.8224508158997,29.9629076388499,66.0108922904421,2.33832626487228,7.7850883361277,-7.76288982650686,-13.5532747886251,23.4039367786653,6.40503341377627,17.4093455952532,-12.23642313817,4.02419417558687,12.7646683031803,-11.836103257072,23.3268697630313,-12.1182023120925,-21.1224309637905,-8.93592412560849,-8.13958267699658,-9.44548358075536,-18.742343459558,5.91461243638753,23.294335665644,55.9230635504462,36.1109612403955,12.6979715385118,-0.829587011022227,35.9645481646811,69.6763336407292,69.7170079071567,55.3870842184014,70.6120452253823,12.6175064710118,-2.95029908523705,35.8021787102234,76.2791837701177,72.4122474767053,69.2397763537004,35.957077301079,11.8888817211054,2.81213331028502,66.5937107362119,74.4633598248488,66.5304384873877,72.8960210436465,61.3936561331566,13.335658252144,8.84242500223681,75.2971251482288,61.116652970993,6.52339751498542,3.18645155639925,70.8588871053141,11.1202504210118,-6.32648920839335,73.4500336200437,11.2731459124737,-2.71591466356236,-3.14348572410594,11.2659877926214,-2.73300811510765,12.8353628104514,72.9818268478788,55.4492859637937,12.6282893739259,7.34621215271926,-19.7697348457395,-5.72948488920784,-9.57483976979822,-6.09576046402958,-9.50027632750533,-9.24796212679985,-9.2551553628104,-9.55923577722231,-9.31385060636109,-9.34782584785114,-8.64191192227065
2238.60431448881,2465.37330540916,2001.31146574882,67.3221130839994,-20.971113651799,80.7840182480496,189.352821010098,73.5260412074177,83.6153984643635,22.2939487024349,-20.9046942150267,5.34984138296656,12.3307960599498,-1.47088199234148,-15.5518388672543,-15.1846582562667,-17.4383991228924,7.496764479619,13.1301179878116,10.0793565151332,7.50482176476655,-7.57488652023065,-8.94014040744986,-9.29468709257864,-9.15651074934678,-9.13786599853626,-17.587190842542,-20.7967126118292,-20.1821227362,-12.1074193875767,-13.7628071413462,1.41224991495716,-3.06639357529411,68.4655180737597,16.3882640144016,30.7061370030158,111.839003032192,10.3046414627501,-20.8605291908275,-4.47976031599694,11.1412082587548,-2.70120998905384,5.48476158659167,-2.47254113103924,70.2812330833996,12.7299302054844,-1.06904450658419,65.046955481286,73.4740125516798,53.9848098423222,42.0293875015026,42.0645443620781,0.135288040070947,13.1440349412834,28.7126245466804,-2.77233835058098,28.7459047948602,22.0009103682248,63.9495287397867,13.5274175877454,-2.00747645916783,48.68672761246,74.4327600235714,72.0482723437294,73.6460271253364,71.4946901265427,13.4143597978221,6.28125182367947,64.1522626608985,68.8915830381341,60.7254830064444,65.3144047360337,48.7431360492455,11.6255184345284,-7.50282981031395,6.68983663683244,74.3829769605411,64.3088657273838,69.3493262956711,29.7088212289734,9.72268823771014,-5.49163728855908,17.3204353733393,29.2443280165036,29.384581534066,65.2940790727714,1.93179107276836,7.54039735794393,-7.81542859261558,-13.7864587343546,22.859592115099,5.96558915937757,16.89997122914,-12.4994251744783,3.76183672338669,12.7451315701371,-12.1011038030309,22.7824548598988,-12.3817838632525,-21.1159996478152,-8.89882178310498,-8.16829850934133,-9.32614232610632,-18.8778200293321,5.47680914007168,22.7497595577567,55.2335332063708,35.5003648395284,12.5385572310229,-1.06371259993503,35.3542364011532,69.0229881922586,69.0631741909249,54.8575720790006,69.8816002103548,12.6210648807824,-3.15797666556747,35.1922809909866,75.5404080028073,71.7334314107868,68.5912364606642,35.3484161938317,11.7098264402112,2.55493217704552,65.8721770983894,73.761891353382,65.8088003928649,72.1682331460702,60.688295821116,13.2839027790687,8.61175723446812,74.5874286991821,60.5367023774614,6.5407098374275,3.26507264323007,70.1996031701016,11.1563155885814,-6.44454639565561,72.753383177203,11.2150823402269,-2.44665310337246,-2.88863907649591,11.208196211996,-2.53952142239228,12.7060041568024,72.2528302837616,54.7639705046581,12.1521042650404,6.9041618607919,-19.7226079984216,-5.8681241606613,-9.40625182172678,-6.21562962088268,-9.23529921932621,-8.90581850958216,-8.91496886978922,-9.37734805862013,-8.98833641180073,-9.03181126624864,-8.61307433987756
2186.98365216776,2419.83101134571,1944.79885948769,62.8335325085487,-19.8287639095631,77.096144100416,169.831422835072,70.9348679381118,79.6220043220948,18.5556455357167,-19.7883525564632,7.79479757021107,8.44753880676458,-4.61083012184324,-16.6753429203601,-11.9247437758179,-14.7407936079276,9.47715076554897,10.5428963009948,11.0258709215825,2.08017780251092,-8.61133142945042,0.0867401309883746,-5.66965339702938,-6.43293677513728,-6.4497480386633,-14.8392680889356,-20.0428431688594,-18.7526423859799,-8.4950923912555,-10.2315040642312,-4.12920155737768,-7.47725763934116,63.9596671122526,13.0872884167943,33.5398824732265,103.517317127628,13.973799669084,-19.7527114210506,-0.472373709710865,8.30602608184003,-1.22136265000998,9.33086744053557,-2.20341138622442,65.8073655316522,12.4201512668058,-6.14416903235735,60.5153582431932,69.0075702733354,49.4689669595821,37.6041961377281,37.6390984660987,3.68107679807358,12.2705136687792,24.6492670504711,-0.693664450916827,24.7015165080234,18.2628411082795,59.4154528898452,11.407227253033,-6.77895310440488,44.1168117896352,69.9314947544982,67.5583856997055,69.1836137121746,67.0135016562517,11.34082553967,0.528478410094522,59.6275166566557,64.3830449651306,56.1740755918191,60.7824263796753,44.1748503103567,7.50075144659283,-8.57323611660587,3.01642052982234,69.8947702463429,59.7284135974517,64.8389615537799,25.3212259685697,4.77710999594291,-8.63632853577724,13.2524586418833,24.8635383758432,25.0019531922407,60.7621981772347,-1.48726532876694,2.00559829814844,-8.37055567297494,-15.5757323103093,18.6123391099543,2.29232422309602,12.8310349940993,-14.6451924300157,-2.08718898683313,11.9786460572324,-14.2533062170176,18.5351387811322,-14.5293486834655,-19.952210789273,-7.24241463364044,-8.13524352795253,-5.64240566754469,-19.5533918693874,1.80449667384482,18.5007724008548,50.6711555688891,31.0126753930134,8.80186291234574,-6.14063046380068,30.8662180449745,64.4178571197947,64.4567082946903,50.2062548985016,65.3730479194776,12.3439269979948,-7.56151441149831,30.7031188560199,71.0527125470866,67.176357670181,64.0058651757045,30.8593667508329,7.55517914765247,-3.14590747742841,61.3446382258622,69.2394563891729,61.2810279178654,67.6782243108289,56.1357832464252,11.8361359972532,3.36961737943713,70.0486089529504,55.861122035072,4.25457160216069,1.5869140710918,65.7522571528124,11.5658990084993,-8.62039360994808,68.3442247172357,8.40779887219222,-0.413020461435821,-1.61401944800471,8.38552531465152,1.18718452107754,9.60638946310638,67.7626127403364,50.1954927270247,8.2755658187375,3.23397673294315,-17.9615654045387,-8.55445606229964,-4.50844427770267,-8.43972830764497,-1.96026024256906,0.272951781881943,0.215516614290294,-4.15154473467737,-0.219861549669389,-0.497708659891458,-7.16204113921998
2155.60273767696,2391.97152045958,1910.581396776,60.0596149521573,-19.1926693508959,74.3509539462362,157.556523258025,68.8652674714166,76.6954141152512,16.399295834644,-19.1675494831235,9.18921732643651,6.0899917655864,-6.50781121835297,-17.3703498283383,-10.061546534073,-13.2029855394331,10.6048154592808,9.05741046482731,11.5608598987694,-1.02100615092502,-9.20307178572736,5.22655427055062,-3.60547125311069,-4.8821995994999,-4.91921716030944,-13.2718602263147,-19.633637338562,-17.9504684100814,-6.42914323298163,-8.21141387111879,-7.29339268315869,-9.99426206234475,61.1320307335762,11.2039430976307,34.8933340720678,97.9591248096238,15.9845191629042,-19.1369790648592,1.82088755482582,6.71043195771483,-0.318752054378109,11.48435097191,-1.97751544217675,63.0266217413132,12.2356317590763,-9.04100125054151,57.6760375832641,66.2082241765841,46.7387393519076,34.9753378101734,35.0099355393436,5.70837763780088,11.7636773856846,22.2808556001387,0.545407697679565,22.343755042027,16.1081894026156,56.6316490961484,10.188108037552,-9.50213719546301,41.2841554277102,67.1080062069773,64.7353545238778,66.3856477841259,64.1978322726918,10.148448490577,-2.75919605045115,56.7956867893774,61.5524541633933,53.3285204236254,57.9418157073312,41.3426209106767,5.13852461089667,-9.18437422111322,0.791679798560381,67.0720296473773,56.9166795794135,62.0049271485607,22.6326928001396,1.9477194221264,-10.4303506494021,10.7755547515555,22.1795384834064,22.3168406792495,57.9214990992464,-3.55418402648709,-1.15852327752381,-8.68800167851572,-16.6617054154792,16.0194129316759,0.0690883365831212,10.354245295959,-15.9412199030122,-5.42819084182076,11.5332545056947,-15.553930128175,15.9421369057262,-15.826670696553,-19.3033514013155,-6.29958730665032,-8.11745268668005,-3.54476822680604,-19.9807213128332,-0.417357030155557,15.906763737412,47.8282876259503,28.25280912976,6.66046771684876,-9.03848736376719,28.1063158922941,61.5703340131753,61.6082145921249,47.3952663366568,62.538187063192,12.1781356688158,-10.0742860527807,27.9428049956786,68.2252939282301,64.3419598682494,61.1713793171982,28.0997866889692,5.17581413212233,-6.40167897836844,58.5039394215368,66.4123078728372,58.4401507491901,64.8547782116211,53.2898561199978,11.0012317076961,0.371766227791454,67.2085511370573,53.0120820831652,2.99289807389371,0.685124330703786,62.9868697459719,11.7933544171226,-9.86189960091107,65.5803792667389,6.82706212521771,0.797543390946601,-0.824164125753953,6.79651186420591,3.318605661747,7.82866324653864,64.938451255542,47.3514592943342,5.92168814328878,1.01105925650216,-16.9667411409253,-10.0871318517846,-1.71940531704399,-9.70887569147126,2.18228191099652,5.49922403509945,5.41430268895326,-1.17576234626216,4.7728541897869,4.36158962552912,-6.33639879474805
2125.48068192881,2364.22711426295,1878.71577826251,57.9553477852197,-18.5595342797816,73.2035518409095,148.781526710153,68.2180242057283,75.3941346485582,14.4503287181593,-18.5474329238843,10.4305856388337,4.23683716777086,-8.00769135287175,-17.8723875987743,-8.36020165929003,-11.7846476278758,11.6015907147631,7.66749080771064,12.0162082333258,-3.88012592763789,-9.70782902404923,10.0397180553392,-1.64504288435614,-3.3981524071188,-3.45393052393248,-11.8283159590138,-19.1959275811201,-17.1719559844713,-4.55174172174208,-6.37388501472373,-10.1963718698346,-12.2901272836066,59.0632050232162,9.44659358736234,36.6020111797025,94.6242595078413,17.8792175014433,-18.5210650738028,3.88755716672043,5.16043208416065,0.272432829884735,13.4145889106023,-2.0201116371567,60.9462636884826,12.0332537370244,-11.6919252793579,55.5905082458776,64.1554918019232,44.5540452563815,32.7781760371436,32.8128500546916,7.52853475005384,11.2669877383863,20.20093474894,1.4481367139806,20.2736650382836,14.1572512695546,54.4868631314541,9.04117609772325,-11.990705133206,39.1502376547713,65.0428577112938,62.6804714775694,64.3359903836077,62.1444725390321,9.02594835451384,-5.78663380110649,54.7093754411065,59.4839753669177,51.2274624778026,55.8573433769086,39.2100663109651,2.94953879315565,-9.70721338911088,-0.964268551928711,65.0198770389673,54.7503239477203,59.9382976730909,20.55628020921,-0.665791359090804,-12.0525756094493,8.8387850606575,20.1060361994854,20.2424619434752,55.8372251945677,-5.1895466075816,-4.07510380247243,-8.93811791691576,-17.4982746220122,14.0017669298712,-1.6881959947238,8.41626814186952,-16.9563116809709,-8.49926341432953,11.0927548334005,-16.5715434433223,13.9244656437997,-16.8424540846287,-18.6595757903828,-5.37965717204321,-8.05625348409757,-1.55327814829707,-20.2619214224335,-2.17501354073983,13.8882352723362,45.7125731958352,26.1372219883088,4.67235190233464,-11.6903727010364,25.9903709992489,59.4160831460989,59.4535132761361,45.1464393666898,60.4746365435743,11.9928808510113,-12.3660465639734,25.8259964449249,66.1791421137338,62.2271984633757,59.024877888892,25.982522883884,2.97114031557069,-9.39155363740073,56.4246457896539,64.3281875249943,56.3607761972697,62.8002626608311,51.1879632946582,10.2050390332261,-2.39427470605622,65.1204181495968,50.7790933606337,1.69368341773131,-0.323119668015352,60.9195393686162,11.9676990596228,-10.9706431988268,63.5529963528351,5.29271098103462,1.68112658694761,-0.34300449619451,5.25364397751662,5.23721662473906,6.17220787202385,62.8844923409494,45.2302018272934,4.07218236190488,-0.743093404734708,-16.0209552818987,-11.4666224957664,0.91349297307184,-10.8436433062095,6.07057915259506,10.3925628655472,10.2821516880748,1.63033851560991,9.44960276854817,8.9146099426859,-5.52550074433879
2048.66559263841,2291.12862762857,1799.63881746872,53.3805066998374,-17.0558985922393,71.3436873898253,130.438558632533,67.4032575760497,73.1913889455936,10.0606733175622,-17.0722283032598,13.1292182342357,0.291269044839964,-11.1725917401614,-18.8480615949013,-4.54382960178361,-8.57826155391302,13.7487866602348,4.49658134919559,12.952014909944,-10.2839673133583,-10.7651427813519,20.8744647375639,2.81550280847136,-0.00295481723284752,-0.100751865219593,-8.56680295153168,-18.1180577573035,-15.3529201835763,-0.362027292340628,-2.26539130928774,-16.6603506085817,-17.3731907192741,54.6167947091263,5.45464910295343,40.5738567670388,88.0950313828973,22.0248083415007,-17.0550204854737,8.45698177823817,1.60041114619423,1.37048735210092,17.5852491891403,-2.33145391999051,56.4358160880687,11.499002065851,-17.5789700020022,51.1123538255682,59.7259932751571,39.7579092226576,27.9155130618639,27.9505099770448,11.5314928719157,10.0780057390397,15.5492815428035,3.23668057808791,15.6436621083696,9.76152976189758,49.8112235857814,6.4078191495621,-17.5099887142416,34.5750918153804,60.5900577197586,58.2620246033678,59.9140098770316,57.727313608475,6.4472440228146,-12.5573467090001,50.2267162142783,55.0392662961681,46.7203284485796,51.3823075166251,34.6384038509559,-1.98748257631567,-10.8053067412886,-4.69334411206259,60.603404420596,50.0289669926751,55.4997920322404,16.1154015996315,-6.53562367259943,-15.6176992710265,4.70923117006069,15.6721129665089,15.8063126843201,51.3628600892464,-8.65242164385168,-10.6065934545177,-9.42517542641136,-19.2062668098472,9.6927063856547,-5.41996281034363,4.28432848679921,-19.0552897092488,-15.3520379398115,10.0300071518753,-18.6762035998843,9.61556598698607,-18.9429930961402,-17.1325701625478,-3.24646917553486,-7.84581083631451,2.97684036796113,-20.7535496559147,-5.90731960813142,9.57753759827392,41.1771151568135,21.6092103098983,0.176864486549221,-17.579597222783,21.4617380637498,54.73859295145,54.7752075311421,40.2134033605542,56.0440669318352,11.4970488285117,-17.4394065050994,21.2955658881624,61.7796875502387,57.647191560145,54.362707138379,21.4500512227005,-2.00105598571122,-16.0560786686823,51.9630046988145,59.8256651164607,51.8991751529294,58.3828210338992,46.6787692592531,8.35088965274107,-8.5970643024815,60.6121584029664,45.8997935298635,-1.33972221188967,-2.73311842184285,56.4372627542193,12.2757158209255,-13.3834894860852,59.1763061048494,1.76850462633405,3.43143081743051,0.507943853709833,1.70998463574426,9.4707782955179,2.41168648007846,58.4688495190844,40.6809004944946,0.135368290863084,-4.46862894420141,-13.8385385716447,-14.4874696578427,6.87752041720509,-13.3159165441092,14.8396202408982,21.4063420153144,21.2390035566015,7.98133695310091,19.9796851651656,19.1683612479171,-3.63743300929269
2023.69238480168,2267.33214930382,1773.96165045825,51.9244838635304,-16.5777023868545,70.7657980056048,124.561470884134,67.1593789462071,72.5028178485256,8.6395617470919,-16.6032519826568,14.0011615979272,-0.989648701762206,-12.2051228650165,-19.1739956768585,-3.31213228032468,-7.54546533497586,14.4416722764733,3.46011337271602,13.2511401508751,-12.3717640870464,-11.1050231243352,24.4160725847777,4.27669371279299,1.11051540123714,0.999002575634194,-7.51613284605853,-17.778210778926,-14.7719342569598,0.991806544341188,-0.938366178232883,-18.7660799269975,-19.0275084787322,53.1993094405224,4.15761240424274,41.8510958711868,86.019154521195,23.3440792795173,-16.5890033627141,9.9359035027793,0.438733469440137,1.698182976232,18.9095336518781,-2.4574327398727,55.0015989880863,11.3202387464275,-19.4959683972886,49.6823964738174,58.3183763810776,38.2245062177329,26.3542828380676,26.3894068489095,12.8269515653188,9.68628109285757,14.0480166423574,3.78678225415553,14.1493822973968,8.33825490849702,48.321428610871,5.54625632966679,-19.3068274376261,33.1050305758159,59.1755052797699,56.8559740708041,58.5088837982659,56.321366401788,5.60344662553965,-14.7642954107119,48.7948132779672,53.6225794062717,45.2784077031204,49.9534952427944,33.169469184173,-3.59842853830222,-11.1585054747472,-5.906280088686,59.1998579584237,48.5247147089512,54.0853155735084,14.6803727651047,-8.44989436404123,-16.7762939595344,3.37026610476374,14.2390901049336,14.3726617190545,49.9342391324287,-9.78069330361731,-12.7359132558663,-9.57891637617212,-19.7698068463875,8.29758641281413,-6.634138559441,2.94434794887215,-19.7455446794041,-17.5851028420393,9.67929010623368,-19.3681430718387,8.22043280279075,-19.6337061124413,-16.6468245539842,-2.54491629680834,-7.77186788469436,4.46074115642975,-20.9233705053756,-7.12193661889984,8.1817816939367,39.7230413445786,20.1481763936484,-1.29046906980216,-19.4973082995549,20.0004064914006,53.250657881415,53.2870248070824,38.6365580573729,54.6324339490669,11.3307684197027,-19.0905375039956,19.833553764364,60.3822033236576,56.191507432884,52.8794153350555,19.9875878506381,-3.62344281585729,-18.2274709135088,50.538748285276,58.39540754903,50.4748825594911,56.9771700685421,45.23617749516,7.74278142590791,-10.619553081419,59.1805218415338,44.3431709012306,-2.3352661334427,-3.53040855489465,55.0120193494987,12.3707390503288,-14.1659123053036,57.7851836554366,0.618430025817361,3.9694492939,0.75593839446924,0.553632470940755,10.8407707044007,1.18339636697632,57.0638034236816,39.2222081399854,-1.14284656396691,-5.68024357283269,-13.1392836441551,-15.46839643282,8.82943029434867,-14.1177762213539,17.7070316130111,25.0063813025551,24.8204632117783,10.059546094289,23.4218581955122,22.5203466665785,-3.01591490404275
2020.09487236226,2264.28272824228,1769.89251086372,51.4990315483899,-16.5146889536853,70.1194416399969,122.57301580615,66.6177753098473,71.8328368924832,8.38999198558741,-16.5421853770232,14.1636417767141,-1.32677617072684,-12.4719491387534,-19.2799157045429,-3.10076067144266,-7.37334720820127,14.5741676457565,3.29975461762115,13.3169784853727,-12.7129191500228,-11.1780430696147,24.9631436488815,4.49100841704882,1.26927551563946,1.15557682478075,-7.34024364998623,-17.7433787349587,-14.6890345962733,1.22736643935522,-0.70807033742534,-19.1163420963348,-19.3084813905226,52.7473376145134,3.95352482936596,41.884024460246,84.9615267869564,23.5533405227153,-16.5286141457558,10.1996730025432,0.281096557574955,1.8558818071489,19.1583326824325,-2.37159738931209,54.5675637255382,11.3053566050401,-19.8177810189013,49.2312413986029,57.870920931436,37.8354443422735,26.0041003272653,26.0390984467725,13.0609566482471,9.63531650288408,13.7584687923846,3.98105071443237,13.8609917657145,8.08977572552749,47.9030984947857,5.41562404765614,-19.6099716940851,32.6709233027732,58.7228553046313,56.4014750693859,58.0611129844211,55.8690458348966,5.47582079088292,-15.1265076592925,48.3464998061367,53.1694632279774,44.8297690058328,49.5016070774814,32.735164726792,-3.85676711907112,-11.2336173360387,-6.22168845990439,58.7443425530077,48.1022515637433,53.6305262099986,14.2838947512051,-8.7605204132856,-16.979278262362,3.01273367247481,13.8435048930617,13.976891215647,49.4822780535465,-10.071893127526,-13.0841069126552,-9.62225967721994,-19.9251154117543,7.91998695427392,-6.94858544903562,2.58722596800598,-19.9277460501174,-17.9539836578676,9.63524869173523,-19.551338700409,7.84282946505354,-19.8161930307542,-16.5821136343943,-2.45192904141291,-7.77895291017722,4.67867506030407,-20.9930887580409,-7.43574053507729,7.80405737188352,39.279893151444,19.7363559115327,-1.52414055112826,-19.8192302547468,19.5886887360151,52.8125199710173,52.8486659536331,38.2360005765899,54.1765273655278,11.3179946675188,-19.371077014499,19.421938995903,59.9234721256274,55.7476956916453,52.4438146864537,19.5762949256516,-3.88370313673374,-18.5874026956564,50.0854778506752,57.9462363654241,50.0215849866272,56.5224220503338,44.7876235335894,7.65513288083426,-10.9490823800226,58.7278811472295,43.9251058297428,-2.44173569390193,-3.58701622490474,54.5799531831756,12.4020577992407,-14.3091576129695,57.3435289495342,0.461941061026323,4.15882493980382,0.902764201359616,0.396448870758576,11.0861391253333,0.990407892995734,56.6086684234115,38.7800978764856,-1.47960085976663,-5.99552177508394,-13.0328982641498,-15.6431027537172,9.12217245408559,-14.2639657629334,18.1462111640809,25.5628056486268,25.3739139425823,10.3724925107095,23.9530153095652,23.037069964002,-2.93558431304277
1944.82319990665,2189.26629558577,1695.56052090577,48.2426411780516,-15.2689309997998,69.7202197085565,110.377156921284,66.9034434882172,71.1700200753828,4.94129228899351,-15.3175921760416,16.1215557015405,-4.13470470085136,-14.7041359584571,-19.8804605904126,-0.15079352298315,-4.86928291217373,16.095001117835,0.690433887690318,13.889844424307,-17.7673406761676,-11.8708520726481,33.6464442775239,8.15743203899646,4.09566306300988,3.94872245168065,-4.79502999468539,-16.8140618652752,-13.2097469132611,4.44232498337945,2.45355948109378,-24.1484644085393,-23.2107390964433,49.6347214894242,0.745105475687154,45.0613453657775,81.3225840458882,26.4632755439146,-15.3107655922684,13.6537474160482,-2.66137300610345,2.21829334366595,21.998325153173,-3.06764579558322,51.378569989652,10.7301558282439,-24.3714311212556,46.0910039815,54.7691720863885,34.3294686114565,22.3662629852863,22.4018268114116,16.0520162973245,8.55304483591209,10.173468883383,4.85973420851531,10.2920251181243,4.63315379819514,44.5515260587359,3.21806697777689,-23.8654384550668,29.4317616454294,55.6121577812017,53.3178682301808,54.9662079032248,52.7821033590018,3.32101725878476,-20.4518813258205,45.1968324419887,50.0605765360808,41.6626843544609,46.3653922896834,29.4992026219339,-7.81534830809221,-11.9591772318796,-8.87157440751815,55.666463346281,44.7207413270393,50.5300423654407,11.1213373170135,-13.4222941160373,-19.6646749466174,0.0714727840371836,10.6858031440669,10.8175720541359,46.3467376900707,-12.5259900754582,-18.2371142450117,-9.86406603629169,-21.0741183589364,4.84894643735575,-9.60177425602365,-0.356589818970292,-21.3692665225835,-23.3156780470012,8.65244446545492,-20.9967191000934,4.77185870567689,-21.2587551306299,-15.3188660288508,-0.621424398883562,-7.46854709519587,8.40014284472662,-21.2340562521832,-10.0901692020389,4.73162754464718,36.0833788076879,16.5153474972981,-5.14941704387672,-24.3746536684688,16.3669658227378,49.4962562813335,49.5320963149465,34.6382197825729,51.0848019390367,10.773001223047,-23.2647389174424,16.1985388267306,56.8659401744331,52.5204524687384,49.1350149267648,16.351161793261,-7.86997056621394,-23.7887423771046,46.9628630221166,54.790762237019,46.8990441069267,53.4401959855934,41.6187060164947,6.05936342877743,-15.8579883587717,55.57461568659,40.40588012172,-5.04855730523093,-5.77046568010402,51.4104790178638,12.4849436609919,-16.0791605447551,54.274024303844,-2.45183664482289,5.0158695010237,1.07546533738474,-2.53273541743457,14.2713565293521,-2.07037513451559,53.5286310269101,35.5705849394805,-4.28065194646376,-8.6423968234877,-11.2844242622312,-17.8968900893107,13.9734519261243,-16.0830155024323,25.205082318958,34.3868266916483,34.1531764592112,15.5282799109056,32.3967702540487,31.2635541648182,-1.30059366965304
1941.02644564858,2185.91268427365,1691.40110815467,47.8800565453485,-15.191483294904,69.3137193282636,108.772955112151,66.5844375122755,70.7412150649235,4.68534796831395,-15.2419934210682,16.2875687868813,-4.42711507761175,-14.9361007918616,-19.9637852627546,0.0715333543273573,-4.68526061368172,16.2296382584703,0.519597867454593,13.9550213786817,-18.1264868899008,-11.9421991191086,34.2346894798734,8.39175813674959,4.27089880714519,4.12163254920338,-4.60742587758051,-16.763757702388,-13.1127440870517,4.68823712716357,2.6943124692792,-24.5156463279159,-23.5036212048635,49.2621312392961,0.52637801949561,45.1974767221321,80.5584737723421,26.7044065049208,-15.2357917828795,13.9258469228931,-2.84140737310659,2.34681529970999,22.2625505603962,-3.01880413257877,51.0129807942418,10.7110948868111,-24.7079735413808,45.7183824787356,54.3985714557244,33.9815491842523,22.039000904298,22.0744996763833,16.292564688213,8.49634793890255,9.88716850406473,5.02799128391618,10.0069760163713,4.37768496123289,44.1901498074658,3.07825406656295,-24.1820207564529,29.0671589981226,55.2379219318649,52.9442061263611,54.5956381050045,52.4097360075673,3.18433778997343,-20.8328258708419,44.825737792532,49.6873575794996,41.2910852016105,45.9924313811976,29.1345929064842,-8.08837285906074,-12.0327557280371,-9.14587587904981,55.2918952844258,44.3557289542376,50.156044125455,10.7821389020215,-13.7497611698263,-19.8743869571141,-0.237289152710417,10.3473255940096,10.4789136756494,45.973761505323,-12.7795428601341,-18.6036043344117,-9.90384177613365,-21.2045976533645,4.52404958087533,-9.87556780451038,-0.665151152628169,-21.5252242194497,-23.7030616016852,8.60296700190528,-21.1533943886768,4.44697846985395,-21.4149175889661,-15.2398444820767,-0.516152069265985,-7.46974026226539,8.63831953802708,-21.2841516930796,-10.3635817600153,4.40664144332177,35.7144806574127,16.165117237892,-5.39673070149908,-24.7113135122877,16.0167931066478,49.1235216266332,49.1592151538683,34.2799312999151,50.7103641459778,10.7561389243406,-23.5571415230711,15.8483904035258,56.4899878920849,52.1473071689475,48.7641751436374,16.0010795129918,-8.14500044026579,-24.1663965974342,46.5894875918617,54.4168777000676,46.5256648577056,53.0664104457651,41.2470945761449,5.96439280003437,-16.205092569272,55.1985687931296,40.0389795272675,-5.184645944495,-5.86079099574548,51.0468020805243,12.5141211212163,-16.2252808120342,53.9082324090841,-2.63023921793194,5.18029471765416,1.19100271539619,-2.71206926047651,14.5242958826895,-2.27525923860753,53.154681434437,35.2018781883939,-4.57258861021779,-8.91656651105052,-11.1645680258054,-18.0765160074462,14.2911958814585,-16.2323039267388,25.6785762662239,34.9850198351316,34.7482069383792,15.8675127046677,32.9680897386465,31.8195221283687,-1.20880550312913
1890.63291314848,2134.86783135328,1642.38168130338,45.8856417718411,-14.432249075395,68.9490525078164,101.442725991812,66.6195110081929,70.2179031573667,2.64048321780115,-14.4951126268097,17.3890337197831,-6.07425590854709,-16.2240765222654,-20.2814187279059,1.80110617114946,-3.20773093906024,17.0723205539574,-1.04431161099984,14.2418069826397,-21.0876815565649,-12.3085222630612,39.3359163364991,10.5709651065856,5.96020685254581,5.79151125198945,-3.10582543660476,-16.1875047030227,-12.2204276727623,6.56330992483922,4.54263501647876,-27.4408130995083,-25.7549829139414,47.3413098919573,-1.37662588781888,46.9213188277786,78.2892104647838,28.2859670685556,-14.4928848952316,15.9195239875792,-4.58924805833783,2.48392591841048,23.8073846755996,-3.48331516496023,49.0515786583357,10.3259655508062,-27.3456726916853,43.7862839297307,52.4798123639818,31.8661704219269,19.864938441724,19.9007242269044,18.0060697347467,7.81646463670296,7.75863507006841,5.45865049208646,7.88747698018082,2.32853798233424,42.1475416268804,1.75159992752722,-26.642787983997,27.1041097983492,53.312983942685,51.0355628330021,52.6804817494184,50.4998940620573,1.88274602989509,-23.9466024197104,42.8894625146753,47.7681111297496,39.3497997234736,44.0622435291842,27.1732326938657,-10.4286528547607,-12.4184032449317,-10.6912934921477,53.3843332590238,42.2958713325485,48.24089740498,8.89697071618627,-16.4909619527872,-21.4085879605265,-1.97148573682995,8.46568793776521,8.59616427735332,44.0439639192728,-14.2027412670457,-21.6219770827125,-10.0066074161826,-21.8428788163522,2.70429639998275,-11.4217034398116,-2.40019883833293,-22.3351690980566,-26.8285647301571,7.98174195272341,-21.96631982918,2.62733240173554,-22.2256824600018,-14.4702085899467,0.592062873261511,-7.24959862946753,10.8497006376949,-21.3876234891609,-11.9096759800574,2.58615419972048,33.7648470305674,14.2351948514372,-7.54691164000346,-27.3500653811709,14.0866467683193,47.0935487697668,47.1289998077949,32.1118225162522,48.7994442935102,10.3887914356372,-25.803164027079,13.9175061909725,54.5923108808774,50.1627274804721,46.7388480363914,14.0692368050922,-10.5015625970554,-27.1941849455569,44.6661254089686,52.4688668705338,44.6024135996204,51.1584083831146,39.3048460236759,4.98680420211204,-19.0856989545386,53.2507881328266,37.9074719108605,-6.73899641663672,-7.17280200315895,49.096429932417,12.5142626110621,-17.2229916670937,52.0083778938975,-4.36175410621399,5.59855625407775,1.22039548974033,-4.45238230388489,16.3572346829758,-4.09927633837009,51.247771651312,33.2457345023435,-6.21557028067286,-10.4604519031387,-10.1179222796977,-19.3580257208881,17.1611307634099,-17.2593967535433,29.8342480435355,40.1681301282109,39.9052672367222,18.9147804480697,37.9298956400154,36.6548707490958,-0.215460587894995
1851.84720292062,2095.67972933994,1604.56688972955,44.3520080461164,-13.8449393105863,68.7179589486381,95.7619952368997,66.6995472419513,69.8626473279278,1.03022027192662,-13.9175753151995,18.2655138427001,-7.37559599254982,-17.2500663314098,-20.5462506300289,3.16374634306504,-2.04697941051467,17.7443836406766,-2.28242848029393,14.473437301321,-23.439950476109,-12.6024070515883,43.3943223405468,12.3027838380477,7.30206506665999,7.11791081610835,-1.92604443656293,-15.7455237583499,-11.5267706158133,8.04368247281744,6.00063223213385,-29.7672331688525,-27.5472518296856,45.8655369191131,-2.87970119424548,48.3040997323426,76.5704557421669,29.5375641978986,-13.9184734099952,17.4991976631312,-5.97411700550268,2.57915624616572,25.025633590903,-3.86437037406887,47.5462598598519,10.0249539040297,-29.44448369834,42.2986913161692,51.010360042446,30.2264167063769,18.1690534065193,18.2050969178092,19.3659259560843,7.28131847903998,6.08766009587097,5.78634849538318,6.22368096118456,0.714620919079977,40.5732329605253,0.702385217283933,-28.6012236986917,25.5789596194523,51.839440224736,49.5725020214171,51.2140123220038,49.0354293159008,0.853390256799571,-26.4208192358944,41.3978330429861,46.2939377763255,37.8513687005497,42.5763787459418,25.6494555172573,-12.284961677614,-12.7276351141189,-11.9160027192737,51.9242451498426,40.7082267682563,46.770328503218,7.41925808635926,-18.6671092021486,-22.6311672528346,-3.33843251182307,6.9904094741419,7.12012210669596,42.5583867654856,-15.333803396485,-24.0196917444017,-10.0907909264157,-22.3613980369036,1.27343063012586,-12.6475509288155,-3.76816325463685,-22.9892483589262,-29.3133037693906,7.49298809083388,-22.6224722599357,1.19648037525363,-22.8803255155509,-13.8747332089586,1.47142081312555,-7.07688826104615,12.6071178693844,-21.4846380097881,-13.1358816596235,1.15459885098147,32.2554038787574,12.7261943471866,-9.25154525019153,-29.4497119345424,12.5773446165391,45.5332387860047,45.5685275435527,30.4310982571512,47.3326519157793,10.1018510518815,-27.591227053924,12.4074845223731,53.1409693782608,48.6403004657723,45.1818413038652,12.5586304727154,-12.3707697700468,-29.6017316530388,43.1860924588006,50.9767814662247,43.1224121338863,49.6959566898049,37.805627324769,4.2150088687057,-21.373293404605,51.7595649796458,36.2602676611704,-7.97482530848808,-8.21971435890387,47.5997552862712,12.5186252380938,-18.0189555200498,50.5532569278425,-5.7336168263389,5.91673613962249,1.23014106126837,-5.83122499999348,17.8103370416212,-5.54447475281586,49.7862456917601,31.7307960612608,-7.51376557716563,-11.6837493301248,-9.30126639415889,-20.3796303588169,19.4428164531847,-18.0786375223113,33.1396786394553,44.2917473890998,44.0081394982026,21.3376671248343,41.8772737302199,40.5015446726531,0.5725950800813
1805.15236653019,2047.20947440883,1560.23027110558,42.8855374446897,-13.2212067487859,68.7383194648793,90.78897686397,66.9810861432572,69.7610676984149,-0.552136703918649,-13.3028968800085,19.0357990288923,-8.53819634296997,-18.1377443178246,-20.7115817021982,4.47861080507187,-0.90927881099222,18.3135311194408,-3.53595694559235,14.6173215426871,-25.7158808140835,-12.8193624142906,47.3623674542542,14.0388406811757,8.66309287133279,8.46400790212948,-0.770633461041427,-15.254738677307,-10.8077888502212,9.45542291259696,7.39776170793652,-31.9817397022045,-29.2252764417462,44.4675646432837,-4.37530176122164,49.5922020424449,75.2669634071602,30.5889603336039,-13.3067040287601,18.970631880778,-7.37404604501546,2.49087644073754,26.0209820311729,-4.3910843981821,46.1076513801117,9.65625697432748,-31.4271217841857,40.8944827087305,49.6088302276448,28.6547906375002,16.536106234181,16.5724476502557,20.6118342651079,6.69023723722867,4.46113809949162,5.91113154970725,4.60361346706151,-0.871864886582046,39.0681052915443,-0.374756969258272,-30.4442492247695,24.1597229439101,50.4356944701173,48.1829228918653,49.8153679552772,47.6439117988185,-0.204588516277369,-28.8050126917858,39.9892140561781,44.8976087552343,36.442977120349,41.1739177769014,24.2315971740497,-14.1139809402682,-12.9596887201241,-12.9994483669875,50.534938323408,39.1918804430415,45.3779111014482,6.06899179504768,-20.7882084215654,-23.749983660137,-4.56880153248343,5.64308109464747,5.77186227715623,41.1562892222378,-16.3238396381403,-26.3386028966107,-10.1052789884839,-22.7631468424619,-0.024041686088168,-13.7312241966979,-4.99900603796334,-23.5178404687132,-31.6926463201896,6.94718257605035,-23.1535468695136,-0.100864626920895,-23.4096019105455,-13.2432341575723,2.38720284780138,-6.84302928802998,14.3679014530304,-21.4907645581345,-14.2193232850792,-0.143380783675582,30.8436516225816,11.3391747648705,-10.9418930900236,-31.4331826700424,11.1902124358813,44.0457896719003,44.0809723814657,28.8244593952188,45.9438163726901,9.74684078895621,-29.2646976578481,11.0198546709961,51.760499183364,47.1887129538927,43.6966536728296,11.1701302912737,-14.2123184212453,-31.900335855789,41.789328362718,49.5544944018458,41.7258048509959,48.3069626740151,36.3964719272172,3.40028144784114,-23.5938408034076,50.3390755020786,34.6887681456627,-9.25245155930023,-9.33496229918404,46.1686071286825,12.4440100581989,-18.7235454595755,49.1633493312312,-7.12102501001016,6.03489861632639,1.06199335240925,-7.22534730429967,19.1551703348892,-6.99131602005323,48.398266124869,30.3138625269548,-8.67304080193918,-12.7661350174754,-8.47123323970797,-21.3037205607939,21.7072964666867,-18.8068141753338,36.3862063940844,48.3222388106608,48.0187573764492,23.7375709942914,45.7389512590677,44.2667437328716,1.39929377799913
1765.29566946895,2005.49779976322,1522.68432973699,41.6526717016858,-12.7221213987184,68.5288825038575,86.6399367437903,66.9814265654668,69.4549374417342,-1.76986697183759,-12.81068703407,19.5889356767541,-9.43885927080225,-18.8043884608248,-20.8108327415441,5.47896775495238,-0.0357723977030844,18.7129696543689,-4.4988114514683,14.6960297941006,-27.4220805551918,-12.9590540559258,50.333598915362,15.3535391481226,9.69897673924731,9.48875966911288,0.116363370138458,-14.8548658469134,-10.2396112877296,10.5212055654691,8.45622434413323,-33.626798831147,-30.4609032265235,43.2752812814215,-5.51743924906162,50.4374252280288,74.0077786371758,31.3113392234654,-12.8167520475767,20.0646753120598,-8.43552620969291,2.41344029350466,26.7143979625279,-4.78803659059329,44.8877781937754,9.34946463151931,-32.8938506114539,39.7038366685566,48.4069091178127,27.3761531945438,15.2392697476215,15.2757538022519,21.528799036513,6.21783071151725,3.19765249105157,5.98914137989931,3.34476161223401,-2.09198415400579,37.8151824499895,-1.20792868366885,-31.8050015479471,22.990885810014,49.2300508947451,46.9902325076112,48.6151316534794,46.4510306591291,-1.02331474481545,-30.5883206465794,38.797308760841,43.7056312917233,35.257429043453,39.9839544016065,23.0635921003457,-15.4993124880255,-13.1107679652566,-13.8293849945644,49.3386729072593,37.9300370092845,44.1876960008982,4.99126485225236,-22.3851812294669,-24.5644305933567,-5.53092947693679,4.56843456101524,4.6962831265177,39.9666024558123,-17.0741102539109,-28.0767082969046,-10.0940453626205,-23.04204404495,-1.04799268538483,-14.559842387418,-5.96066301606254,-23.8938485358186,-33.4659543469355,6.50919371284681,-23.5322574135708,-1.1246067108865,-23.7863703205247,-12.7380593221105,3.0918425691514,-6.64652669107963,15.7010371407757,-21.464480646496,-15.0467966442173,-1.16755664332953,29.6665443902871,10.2215468252791,-12.2267372923359,-32.9005432216164,10.0727675725416,42.7940444055666,42.829049905298,27.5184910098796,44.7550675421592,9.45042681136485,-30.4967131973123,9.90235331721806,50.5680616924059,45.9562702854614,42.4474591397659,10.0518852900898,-15.6071253546486,-33.6106831005565,40.6022021754938,48.3379664678524,40.5388916969678,47.1144580552595,35.210470178519,2.76195546695726,-25.2617351024238,49.1220391948287,33.3956561544704,-10.215210106993,-10.1726043468741,44.9543010231844,12.3584924481767,-19.2280899798619,47.9713804987657,-8.17355376989593,6.10728696895512,0.926889883545044,-8.28273659264917,20.1511651710126,-8.09630581489139,47.2062729082408,29.134138461953,-9.57097851054328,-13.5956304606113,-7.82149857702788,-21.9726632506334,23.4146499037428,-19.3294418119335,38.822378044307,51.3397578494584,51.0215411341442,25.545415128713,48.6313143625736,47.0875703645193,2.03708642669577
1698.00415390735,1933.83283618604,1460.42930737523,39.8761783371473,-11.9523025469917,68.3226604660269,81.2278089711128,67.0305455616348,69.1118457254528,-3.4658756385584,-12.049754943455,20.2353475767791,-10.5647586473767,-19.5789091722076,-20.8130497450802,6.84227055111808,1.18242255464628,19.1466611186107,-5.86425391275171,14.698121408581,-29.7076858171887,-13.0606210610658,54.3447355223326,17.182392051624,11.1591365982362,10.934104409859,1.35212359777245,-14.2095928578616,-9.3874737754108,11.9472154713401,9.88341099146518,-35.7809705896177,-32.0409564156877,41.5645866632126,-7.11610891147558,51.4509587329003,72.4510161589719,32.0956254712694,-12.0588063172978,21.4739595039526,-9.93336489312156,2.13891310803763,27.4467387916017,-5.46684109683636,43.1225430102379,8.83555330508172,-34.7936823387945,38.0086756574656,46.6612420608685,25.5661002494154,13.4250435123749,13.4616860495888,22.6790310758672,5.48687658309518,1.44056031522535,5.91016946781559,1.59327853642762,-3.79110470752093,36.0201480037546,-2.40820839096335,-33.5580259238146,21.3843339215057,47.4789923006073,45.2665709802538,46.8713293359361,44.7277891822059,-2.20417457395195,-32.9639730700881,37.1019994021486,41.9944600215718,33.5855922605314,38.2891722694044,21.4580836918364,-17.4005270174579,-13.2278864737949,-14.8431944583034,47.6019722967459,36.1239722992582,42.4782808112538,3.57294223813321,-24.5461436931317,-25.5710546970072,-6.75424271093848,3.15588617059655,3.28196398532137,38.2723293839652,-17.9682616306566,-30.4038353806904,-9.99485426679891,-23.2779730393779,-2.3715124617473,-15.5693368566901,-7.181849328574,-24.2574528617397,-35.8075954979144,5.82532040529617,-23.9008501185249,-2.44754428203575,-24.1513960175753,-11.9599494150053,4.11330683625636,-6.30044743391878,17.5544309374893,-21.2953885945198,-16.0530441134689,-2.49094174258829,28.026113975524,8.73036728392583,-14.0044803198067,-34.8012510271776,8.58235930270858,40.9933302423641,41.0280620336242,25.6746342670776,43.0463172530975,8.95064064228021,-32.0712738586673,8.41245066948494,48.8342250797594,44.1745453304331,40.6501995258642,8.56027147616633,-17.5211833301308,-35.8598407324994,38.9100107039156,46.5730314946511,38.8472659205357,45.3907613270925,33.5381060538423,1.81535401120402,-27.5061071980136,47.3555184823751,31.5588116893368,-11.5928402119356,-11.3963524355925,43.1957789705042,12.1410982389191,-19.8191087030941,46.2383920396264,-9.65968120499628,6.02270404085027,0.578700692756172,-9.77529650376047,21.42143347344,-9.64275019905531,45.4831956036267,27.4913927360736,-10.692528949178,-14.6096817866802,-6.87003010493797,-22.7847240027843,25.7621511147068,-19.9460839451675,42.1299031184599,55.4117020825908,55.0741154257852,28.0252475548668,52.5387707254567,50.9009831067671,2.96829120215929
1581.24241852125,1809.18453217148,1352.68502270856,36.9127528300494,-10.6439649882864,68.0823836378205,72.347247985502,67.2024350247597,68.6405486392563,-6.33228118286803,-10.7562735465577,21.2958643967072,-12.4329105790428,-20.8560113855319,-20.7952536206359,9.13510708607818,3.2356038328308,19.8469063944143,-8.19524180232065,14.6695971969751,-33.5747335141188,-13.2054468233761,61.1545258828568,20.3036976454084,13.6569620460887,13.4068545566792,3.43469746844838,-13.1090319000913,-7.9423737285916,14.3410467502499,12.2811844292685,-39.4120685122606,-34.693025759257,38.7127683830893,-9.82904390832471,53.1316296506392,69.9883087678243,33.3379009085134,-10.7703127461103,23.8289949598495,-12.4873648928266,1.58531276915656,28.5901906415465,-6.69111094723186,40.1790763414753,7.93627819277975,-37.9899985645243,35.1826124402979,43.7517315399034,22.5399513317461,10.3834071158274,10.4203556410557,24.5928236206275,4.22222642021833,-1.51909433978525,5.68075767459159,-1.35712267699066,-6.66315587363169,33.0247208912799,-4.46217926833327,-36.5044451773194,18.706363847713,44.5615942894146,42.3939566244774,43.9650100277954,41.8553789225898,-4.22535764479693,-36.9797453138763,34.2750416170398,39.1421140008296,30.7984238114961,35.4639031975614,18.7818826524439,-20.629318065837,-13.3991300289202,-16.5227243489241,44.708405003202,33.1108897973576,39.6292267084756,1.21198904746792,-28.2079550330491,-27.2494285804037,-8.78665596848612,0.804620598383195,0.927742230267896,35.447919572031,-19.4465835508969,-34.3407197803176,-9.79991378349393,-23.6515246324067,-4.57277021171146,-17.2416548020531,-9.21074406203141,-24.8448643387863,-39.7602750719732,4.64030594390131,-24.4966854362719,-4.64784930367264,-24.7412055974099,-10.6376976504792,5.86911700259725,-5.68755707675183,20.7172739612258,-20.9904907814824,-17.7199546982522,-4.69202784477457,25.2914361595283,6.24647894104679,-17.0273361575018,-37.9990595051265,6.0997349612333,37.9920815381337,38.0263845886146,22.594019175806,40.1986228089889,8.07524481554836,-34.7138684468736,5.93064832767001,45.9461351429633,41.2055733864259,37.6541338282066,6.07570462231095,-20.7716939385348,-39.6537640378447,36.0893250993958,43.6325447503898,36.0275263781232,42.5181595174977,30.7500470380844,0.188051343950235,-31.3059759466343,44.4131566018951,28.4936347297937,-13.9562719690559,-13.511195596903,40.2631579234196,11.742245061486,-20.7932992744715,43.3488633466624,-12.1939651895898,5.78503368142883,-0.0977058902671359,-12.3203834634423,23.5404920302679,-12.2772820254143,42.6116960827059,24.7527451073343,-12.5533910813796,-16.2895444054815,-5.25964909354062,-24.1335856901651,29.7603868655785,-20.9640393351212,47.7507414364658,62.3242303520177,61.95391430398,32.2471363367497,59.173371271375,57.3766764891942,4.5710193831999
1500.52196377819,1722.25264841774,1278.87332111965,34.9453980164623,-9.79878153981348,67.6100048487132,66.6689918906984,66.976203596695,68.024780537537,-8.04281998105679,-9.91951571562755,21.81511837157,-13.5020912888545,-21.524835214328,-20.6799519318605,10.4739997141245,4.46016699724282,20.1536834993075,-9.58956277415315,14.5587522152002,-35.767265431745,-13.2111078249919,65.0215681725367,22.1248679902813,15.130838078914,14.866664312627,4.6760590404361,-12.3770569336739,-7.02828420913345,15.7134765875431,13.6670916340386,-41.4232655245302,-36.1255438776576,36.7980082093462,-11.4355709186809,53.8392271100323,68.1820771726562,33.858782041777,-9.93649772165098,25.1261953522084,-13.9910147812646,1.18128896901572,29.0708262049935,-7.45117379134381,38.2070995567667,7.32948970112331,-39.7402173604405,33.2997569831155,41.7809397488618,20.605372951606,8.49655306099888,8.53352207779574,25.6160461420231,3.41220149929312,-3.30454623769836,5.4484648553629,-3.13792101035003,-8.37565283656923,31.0578973939495,-5.70754269590428,-38.1086248902462,16.9921727515908,42.5825933021713,40.4498566655141,41.9950555520542,39.9138591523003,-5.45195301735285,-39.2438561454957,32.3958760846188,37.2250548011321,28.959666633077,33.5801867449954,17.0683396323856,-22.5041839875889,-13.4200149309701,-17.4574050342199,42.7417384955302,31.1335251445009,37.7117960319108,-0.224223952364653,-30.3053779982912,-28.1225866595862,-9.9740384153521,-0.623804804512829,-0.50302059250987,33.5647730014104,-20.2447224705626,-36.5717837696705,-9.61507774736984,-23.7590379031022,-5.88359241673855,-18.1685001437364,-10.3940011827143,-25.0759778488622,-41.9686686884372,3.87671675702455,-24.7346446996263,-5.95778081814485,-24.9742879963898,-9.78410718648558,6.92896925962177,-5.26793913116852,22.5617492796297,-20.7003670378853,-18.641256312485,-6.0022578914315,23.5107448167202,4.71053710428754,-18.7962750952025,-39.7501501225474,4.56522581928608,35.9981943459266,36.0320734075995,20.6277637963051,38.2792889148774,7.48230627520677,-36.1403899197272,4.39742668206348,43.9768092433425,39.2143213927552,35.6646995759713,4.54035156214353,-22.6590883292964,-41.7644142739848,34.205253839941,41.6454711084951,34.1442968578865,40.5734985438278,28.9110147946274,-0.821760444611073,-33.4703609060276,42.4214302616513,26.5085953281352,-15.3444539113418,-14.7578907737888,38.2970024368486,11.4208061416258,-21.268169253289,41.3913269325718,-13.687247497013,5.54779055345459,-0.566367158001825,-13.8194961925724,24.6949649826165,-13.834832910009,40.6672213901269,22.972451025032,-13.6176769501607,-17.2254403842789,-4.25928193812888,-24.8209312750661,32.0694145505483,-21.4650201110497,50.9596569045847,66.2480764499101,65.8596511492935,34.6801605942004,62.9434747297899,61.0588489903304,5.54367392425999
1343.10510771222,1550.84028435209,1136.65375810953,31.6177304560659,-8.2886099504244,66.8977350733628,58.0371057355893,66.5893048593791,67.0732573334182,-10.8294354738494,-8.4217522690745,22.3905843131704,-15.0171812096794,-22.3337875277021,-20.2412586115295,12.5807246355815,6.44360999159228,20.3844394169633,-11.9374899833905,14.1375345987634,-39.1778870791294,-13.0144127573507,71.1232584284348,25.1254525256785,17.6016550331824,17.3157982769774,6.68454976213042,-11.0247252080613,-5.43343275909606,17.8175154177352,15.8162771420743,-44.4346848692321,-38.1755788857191,33.5538471754781,-14.0745871723207,54.5421276299743,65.523313965511,34.1515414062322,-8.44323019910458,26.9935084509067,-16.4918777684647,0.117632923977084,29.2779337159885,-8.99586266943459,34.8548516881442,6.14036347809916,-42.3089358775282,30.1311971470721,38.4126576294762,17.39990294854,5.41374438821475,5.450668379042,27.0099222874588,1.91887857742547,-6.2037945544494,4.6148143676421,-6.03152578834113,-11.1650161712734,27.7534415226639,-7.84406924137082,-40.4385560561391,14.2094677706818,39.2007194119673,37.1361008590313,38.6269558876327,36.6057269038271,-7.55922251110678,-42.7344882144918,29.2366469294448,33.9754041896022,25.8925746583792,30.4090071476232,14.2862771397359,-25.5277957321507,-13.2477254066875,-18.7258647755988,39.3786051859514,27.8153268731808,34.4597976090094,-2.43223156720872,-33.6190271638127,-29.2798268082604,-11.7072484169993,-2.81639105050394,-2.70020140307048,30.3946729010661,-21.2723057702815,-40.0393742105298,-9.12497296337972,-23.6522244075652,-7.8471449480999,-19.4193983685722,-12.1177634992008,-25.1563973609151,-45.323979417115,2.45758542882329,-24.8287201420612,-7.91944172560835,-25.0586508904992,-8.2605431412868,8.76662108755283,-4.41515403952701,25.5982669866569,-19.9825998861773,-19.8800148121476,-7.96419065164118,20.5753903185616,2.30439702398284,-21.681375409294,-42.3202969922138,2.16232215042248,32.6329524872861,32.6660593844991,17.3810556781105,35.0213550664777,6.31515411526878,-38.1795461936157,1.99769240940407,40.6038980850851,35.8336425375113,32.3062362867532,2.13645879138552,-25.7024884821285,-44.9483834528554,31.0303068743977,38.2569328642187,30.9711543175418,37.2582812374912,25.8437718184909,-2.60979738981092,-36.8608574706799,39.0235400932137,23.2075317535206,-17.6992192675284,-16.9312183235452,34.9516871500081,10.6742207501585,-21.8039586351977,38.0414169270307,-16.1731641035777,4.71075152257302,-1.71884607787382,-16.3139739621343,26.3237541233176,-16.4143148476895,37.3519753197735,20.0409812294851,-15.1240109012796,-18.4972663772234,-2.551996605135,-25.6895828609682,35.8127922423032,-22.0447607828785,56.0668150894513,72.4354581382709,72.0196842777734,38.6113621788954,68.8987546429549,66.8813189445999,7.24384420274686
1289.9555244283,1492.57933742688,1088.97454032806,30.5069416556649,-7.80333230013552,66.446347067328,55.272958959164,66.2326337106135,66.5493076729497,-11.6256043134108,-7.93967156514334,22.4709161897159,-15.4107738685607,-22.4880536375914,-20.0302831000135,13.1629092223038,7.01301493918115,20.3685163744509,-12.6047305790153,13.9492689885171,-40.0573104636642,-12.8992469084847,72.6990439580267,25.9414320165406,18.2864979111392,17.9951851616657,7.2605208621453,-10.5760502147105,-4.93393839844907,18.3781032496131,16.39840212477,-45.1706925669832,-38.6437221164879,32.4593510683367,-14.8169257419408,54.5324245613791,64.5051625424636,34.0855424356384,-7.96240832919555,27.4460938184207,-17.1864684027826,-0.226092343991908,29.202483814217,-9.44587217012428,33.7244236817116,5.75165774319835,-42.9185164833171,29.0719765780613,37.263655909318,16.3787644348041,4.47304349074437,4.50982296188106,27.3193368418467,1.45495509156547,-7.04884275524485,4.32135819282453,-6.87559274582161,-11.9608262078975,26.6643109085691,-8.46367991702199,-40.9828920449585,13.3253564861406,38.0449347362507,36.0076700090476,37.4771936233517,35.4808818608787,-8.17111720299731,-43.6236980148932,28.1834731508194,32.8777336462436,24.8794716296831,29.3479796555715,13.4020568187601,-26.3451189316314,-13.1390572078819,-19.031546945153,38.2273888814478,26.7220871693168,33.3596382549731,-3.08133010564117,-34.49159448829,-29.5117261413757,-12.1788990446196,-3.45944298079552,-3.34505151997065,29.3340160652138,-21.4961722861336,-40.932600253514,-8.93606446201976,-23.5274923087804,-8.40249994295037,-19.7172224821705,-12.5850623827447,-25.0819279171234,-46.1612985706022,2.01395466595788,-24.7595895756355,-8.47397353419943,-24.9857341041585,-7.77136250267962,9.29410166173214,-4.13469685018026,26.4232917920111,-19.6891633283171,-20.1724893027488,-8.51864827655804,19.6215967024843,1.57790077328745,-22.4722187292803,-42.9302674820731,1.43731499699875,31.5078094742949,31.5405645981693,16.3482892679132,33.9173407318465,5.9323983074996,-38.644352936434,1.2742431497056,39.4452231362393,34.6915469401188,31.1842032835674,1.41131490704228,-26.5251078104202,-45.7349481219871,29.9658147697987,37.1030747211465,29.9074169241463,36.128969234192,24.8308140638346,-3.14484119029838,-37.7435898238892,37.8641507110608,22.1370870933961,-18.348539104836,-17.5319228696205,33.8228382560694,10.4013191622079,-21.8766014529491,36.8989687333593,-16.8645124325338,4.41618896234345,-2.08175574598395,-17.00733048305,26.7069088185889,-17.1337396176436,36.2223021075182,19.090399401741,-15.5146082535798,-18.8047799246518,-2.03008385612449,-25.8480092243232,36.8120868295361,-22.1298356747812,57.4001492331284,74.0320743014049,73.6096402469551,39.6566250352318,70.4388794957166,68.3890939850482,7.73556314812457
1159.90078295055,1348.86707428314,973.327814662394,27.8991634635326,-6.69178451400884,64.915945617407,49.236160431996,64.8757312799337,64.8658862132262,-13.1684896355351,-6.83312001346147,22.3471809737472,-16.0226533847935,-22.5244254215102,-19.3412719662099,14.223256848862,8.12144290406711,20.0646088307326,-13.9024370714626,13.3546001947075,-41.4731672004139,-12.4771711027272,75.2607596248184,27.4169611161007,19.5695735747558,19.2699259238129,8.37962321708994,-9.50730259183553,-3.82714821561487,19.3292352487823,17.4190845712008,-46.2093772609546,-39.1783025531726,29.8627286075128,-16.2282674084942,53.8595405775858,61.8921642199435,33.4468785527363,-6.85816778194608,28.0568185544959,-18.4886506498967,-1.07796983404904,28.5820353923023,-10.4005899056073,31.0413108919235,4.82762239904808,-43.7090546121302,26.5852524008136,34.5034573828988,14.1055480608432,2.48677818472962,2.52290736425641,27.6260889287952,0.421987165731181,-8.72966976175526,3.51562039990412,-8.55659541677514,-13.4998462172805,24.1433105376372,-9.70964780056951,-41.6549179915505,11.3746459575793,35.2637327947176,33.3030921773333,34.7131035445659,32.7888632746007,-9.40412858655037,-45.0161321545895,25.718226148626,30.2702887074027,22.5341320768792,26.8546644591336,11.4502688815075,-27.7968099261682,-12.7282083569419,-19.4206816499863,35.4527313740257,24.1932941134031,30.7421361394684,-4.36190266528558,-35.9616848318745,-29.643104872029,-12.9894176453293,-4.72333709929327,-4.61389559272969,26.8416182993902,-21.6881620907578,-42.3673927469293,-8.40165352045743,-22.9763271722482,-9.42914548986177,-20.0825315469984,-13.382156294371,-24.6166503058073,-47.4088754299202,1.01757538431028,-24.3090201835954,-9.49817288704416,-24.5247571716106,-6.65210683333569,10.3439030095578,-3.45937488253844,27.9126520968632,-18.8341769937854,-20.5217492665379,-9.54225062030341,17.4569091586587,0.0843574852077609,-23.9145593729235,-43.7215132537337,-0.0516422582215625,28.8635470968914,28.8952517423328,14.0549599958903,31.2859953973242,5.01888931659734,-39.171638935139,-0.20972514181301,36.6424826999554,31.9768403414517,28.5490407729852,-0.077449502407589,-27.9859727116915,-46.8770022868538,27.4587333322364,34.33712604853,27.4025294227716,33.4213264585695,22.4863203838626,-4.27430762884416,-39.1952957789297,35.0794315621308,19.7064391174067,-19.5616010789812,-18.6689543742637,31.1412108359475,9.66859446863323,-21.7541902343926,34.1543671034193,-18.1635579986078,3.60884542331283,-2.9509302139396,-18.308907118123,27.1784983771653,-18.4881574587094,33.512945785336,16.9382238071897,-16.1191939860254,-19.2000851472613,-0.911536532174949,-25.8640400579796,38.5546048646057,-22.0314424780104,59.6198149442189,76.6229546126759,76.1911504369231,41.4646679626133,72.9504045539862,70.8550817560283,8.72647415397846
1097.57725801156,1279.74892374816,918.12614558381,26.6434750897443,-6.17394023470862,64.0095826093502,46.3891841912722,64.0452141759966,63.8914969902842,-13.8096736624287,-6.31700105947884,22.2106117606344,-16.2387597937855,-22.4616340388665,-18.9668792339812,14.6442949099031,8.585516311964,19.8556045691391,-14.4354364327508,13.0393778298334,-41.9610230275296,-12.2425556401789,76.1456435455909,27.9833777786764,20.0773453235077,19.775016090431,8.84753903123334,-8.99857029210403,-3.32154402570555,19.6834783513703,17.8111171596545,-46.5110656873205,-39.2786176334856,28.6038604099761,-16.8014134561491,53.3625611073857,60.5188766309009,33.0330288975157,-6.34298771236867,28.2282076945332,-19.0065709089345,-1.4646262201243,28.1926011022877,-10.798583094025,29.7409921731305,4.39536058006659,-43.908213513737,25.3865024872985,33.1563703019844,13.0469421981882,1.59593055817463,1.6316473777723,27.6632089658335,-0.0433797189347445,-9.44673213215643,3.13257053385964,-9.27437046642481,-14.1381838944935,22.9395143030209,-10.2343667487018,-41.8081567488647,10.4670379113698,33.904749188365,31.9844573014109,33.3635429412164,31.4775765929407,-9.92413737710348,-45.4808596465706,24.5320168951456,29.0052073898099,21.412215328483,25.6520486339158,10.5419065246702,-28.3493753320903,-12.497743476208,-19.5258106293887,34.0957168540265,22.985966775275,29.4709358258326,-4.91647352279402,-36.4934501113585,-29.5961889948264,-13.3046334368447,-5.2692436504545,-5.16237434401459,25.6394500667442,-21.6976171151126,-42.8605481800785,-8.13102740197384,-22.6505323405284,-9.85302352863374,-20.1747643274095,-13.6900470258806,-24.3233242974413,-47.8000807221926,0.566452417763784,-24.0233172976302,-9.92073293490678,-24.233666447881,-6.13097022030162,10.779581961509,-3.14297705227905,28.4835241253162,-18.3877251526202,-20.6053257056175,-9.96439968504747,16.4329201719562,-0.580578265391736,-24.476733370134,-43.9209458030783,-0.714073963812268,27.5885796078573,27.6197068101169,12.9878855468931,30.0067504001108,4.59065504771142,-39.2687029707588,-0.869393867198553,35.2688365850563,30.6594298802023,27.279154030938,-0.739661778649534,-28.5419721128415,-47.2227246020179,26.2478702776969,32.9884394036285,26.1928313620529,32.1009232459382,21.3649524083645,-4.7661904153679,-39.7073180513198,33.7198610785891,18.5586865675144,-20.0374966714889,-19.1154656193869,29.8411394258109,9.30470623074845,-21.6212667521576,32.8152797055238,-18.6812450708315,3.22486175108072,-3.3384503784102,-18.827194190517,27.290834325843,-19.0302617831698,32.191455289036,15.9216444663212,-16.3317419280074,-19.3087026773365,-0.411002552823916,-25.7787185681611,39.2014948685824,-21.9083186410821,60.4064341571128,77.516116351128,77.0816320608396,42.1306856167762,73.8209234647797,71.7125645400628,9.14144270313126
1027.11645247664,1201.23178919838,856.037863148909,25.1813556243223,-5.60887332192911,62.6356439106496,43.1143647068207,62.7520616624335,62.4485719750845,-14.3761015612522,-5.75281999250829,21.9317005959506,-16.3664918249451,-22.2634809948727,-18.4698425654174,14.980757070314,9.00370098689763,19.5177564483352,-14.8867681557826,12.6363305987391,-42.1923456716355,-11.9267039760105,76.5632768287533,28.3820838459752,20.4664572239945,20.1633139307621,9.2680451283117,-8.42532370902833,-2.78678394847201,19.9202701531248,18.0982144857973,-46.5240926345913,-39.1324447170371,27.1228527578913,-17.2778010618765,52.5015076987204,58.6789660559398,32.3987962787924,-5.77961358538234,28.2251237020637,-19.4110386173062,-1.84281443273152,27.6169752823004,-11.1284573389376,28.2127274253736,3.92765793646585,-43.8333459409298,23.9872485156025,31.5572105903289,11.8758287377261,0.671732128496402,0.706791217804792,27.5269033409571,-0.516766471017604,-10.1200633093425,2.72869555346773,-9.94952654935254,-14.6995182100641,21.5548245592812,-10.703822125224,-41.6998409437778,9.4605419103718,32.2884186074644,30.4209027619437,31.7604874894545,29.9248892618137,-10.3907520281051,-45.6663788056251,23.1512017077636,27.5152302433259,20.116664397813,24.24709993483,9.53413210515953,-28.7326818402465,-12.1845008257828,-19.5188478188874,32.4796913633091,21.5972682643864,27.9716046712448,-5.4634454640683,-36.8040766506491,-29.3614657592096,-13.5528116151673,-5.80511874418924,-5.70154794743041,24.2350258735394,-21.578612606774,-43.0915856785809,-7.80457061811887,-22.1805056545187,-10.2346266098191,-20.1504679889054,-13.9282837123492,-23.8762676744138,-47.896076179593,0.103731239418593,-23.5859838409082,-10.3005691413417,-23.7894714326249,-5.56278453537688,11.1542280498443,-2.80153230509745,28.8835964674785,-17.8201065587745,-20.5694344909983,-10.3435451176261,15.2691821476638,-1.26833402638582,-24.8943176087562,-43.846276094801,-1.39842557424359,26.1002985143384,26.1306253155098,11.808235948062,28.4957035011537,4.12582361365466,-39.1192833607307,-1.54993328659043,33.6280914847299,29.1074762843831,25.7981388196862,-1.42356206482323,-28.9275615210203,-47.2760733612467,24.830564281036,31.3890011909519,24.7770557527905,30.5348062011826,20.0702779677866,-5.2367460115898,-39.9775115823831,32.104447896596,17.2598689441331,-20.390991246067,-19.4437743393062,28.3125161670264,8.87565854168651,-21.3495144333527,31.2266448170042,-19.0876077753273,2.81923441816554,-3.70538150898679,-19.23320979824,27.2334690736601,-19.4618214537962,30.6236144181352,14.768852207866,-16.455276274585,-19.3066654275123,0.100471341786005,-25.5290847434957,39.6110230137731,-21.6447242967938,60.8238005706229,77.9334891461798,77.499030605378,42.5411191223756,74.2386690699043,72.1304038022816,9.50538341585106
988.242056174068,1158.00981967692,821.689362742142,24.3189088987496,-5.28672556575845,61.796703661082,41.0808880463276,61.9707237741238,61.5694372264069,-14.7082625667243,-5.43131346279198,21.7936740704189,-16.4638180030095,-22.1719349575168,-18.1983690837658,15.1860680887247,9.25171494953115,19.3453598881252,-15.1392133676407,12.4239718427905,-42.335085850947,-11.7617810821928,76.8081345589086,28.6035448296123,20.6804941183415,20.3768204074453,9.51763608567479,-8.10067449731352,-2.48015395302671,20.0718727353377,18.2774114499284,-46.5491758426219,-39.0682123855676,26.2499292998807,-17.5523794430333,52.0350495858848,57.5355859687573,32.0866267641129,-5.45861455567501,28.2457150541037,-19.6380889430674,-2.01238516647118,27.3435962800474,-11.2795825496674,27.3122537786108,3.67480109858784,-43.8095426865328,23.1611870623188,30.616098189769,11.181800095824,0.122513258338842,0.157179231770726,27.4720022275921,-0.774886661920462,-10.5186262556514,2.54900048106342,-10.3489749911459,-15.0285984363714,20.7366401603588,-10.9644929626518,-41.6570919160057,8.85927778499833,31.3368671376814,29.5003559007074,30.8171505260218,29.0107899964672,-10.6496759012822,-45.7854163874731,22.3359628129153,26.637056958738,19.3500084743015,23.4177216747217,8.93214493541051,-28.9536205014548,-12.0210820272421,-19.5384793026476,31.528642584762,20.7762202404574,27.0879536028868,-5.80166386259452,-36.9883410002915,-29.2459117818119,-13.7194035603988,-6.13695350113176,-6.0352889448132,23.4059499094463,-21.5332846832054,-43.2345847869413,-7.63268850646638,-21.9276678103713,-10.477957829439,-20.160172642662,-14.0891681267267,-23.6382462785166,-47.9669494501281,-0.148081290628966,-23.3535252742329,-10.5428750660633,-23.5530880635958,-5.23876306349261,11.3577791223906,-2.62004419965876,29.1059457876071,-17.5062187598224,-20.5724825423814,-10.585447440267,14.5779973368215,-1.6871518643504,-25.1325873326503,-43.8225843933149,-1.81528152452091,25.2211958136297,25.2510481912932,11.107751952452,27.6052699088823,3.87467907222694,-39.0532733018422,-1.96460062535729,32.6626691970466,28.1921922288535,24.9235329610851,-1.84022051837074,-29.1498669024548,-47.3234398779764,23.9940677542733,30.4467687410212,23.9414386536576,29.6127638440481,19.3041167141394,-5.49546963791609,-40.1407990791814,31.1526993772675,16.489781294731,-20.5817246978199,-19.6132367476023,27.412141655167,8.64690046931398,-21.2114038737226,30.2923529695556,-19.3156251431417,2.63786782803682,-3.86987844899384,-19.4611043610984,27.2229132723626,-19.7053238619237,29.7005669174653,14.0839064274932,-16.5501565016303,-19.329140940006,0.395798303520252,-25.4042724078755,39.8414763569917,-21.5111619372822,61.0642819887588,78.178571121653,77.7440100646871,42.7728599534453,74.4829642458371,72.3741842816733,9.70259989887067
933.157331166822,1095.98388592221,773.712509923591,23.1742633236523,-4.87905952347883,60.3416686334591,38.7192763086174,60.55689926968,60.0740636962629,-14.9069007008096,-5.02264030654106,21.3828630867625,-16.3603224838372,-21.8081222867515,-17.6940045945069,15.2330750168025,9.41293585273019,18.9230703702741,-15.2711404237708,12.0331847002008,-42.0416425693247,-11.4338471532704,76.2832911096284,28.5661424428593,20.7190669389247,20.4180197047559,9.67743657688263,-7.65779942171449,-2.12122447179799,20.00460751278,18.2606618597631,-46.0714493882102,-38.5659169158181,25.0732490916903,-17.6698091837601,50.9479883592538,55.8576722113607,31.328661059053,-5.05013774910597,27.9411022374725,-19.6935784256393,-2.25972142458272,26.6671834563198,-11.3960080380209,26.0958233669408,3.33503908575862,-43.3038064528559,22.0669809582307,29.3216210326809,10.3518107627477,-0.442705116512514,-0.408792524645833,27.0914956145063,-1.0715404499646,-10.8232946550202,2.23601659633232,-10.6566204949307,-15.2208971689838,19.6769817370525,-11.1517031874185,-41.1522276116389,8.15617219789358,30.02471659473,28.2392607009477,29.5181830525369,27.7613271402798,-10.8383975367991,-45.4265149885959,21.2615153044783,25.450903162386,18.3593685227165,22.3173788107265,8.22748924763617,-28.8973596914629,-11.6921316903431,-19.3198700113393,30.2144505691785,19.7140352686068,25.8914346341692,-6.06824167069858,-36.8015182408852,-28.7886984730729,-13.7189568839569,-6.3932048829224,-6.29462312747026,22.3060518565639,-21.2248627288421,-42.9315200668702,-7.3407654777932,-21.400119649697,-10.593692011242,-19.9244023255891,-14.0787555322102,-23.1065391237503,-47.5277987688697,-0.444587661452346,-22.8307979737058,-10.6568549691698,-23.0240370125241,-4.82969395967629,11.4837169314945,-2.37048140562845,29.0642105437511,-16.9661052278782,-20.3252810641554,-10.6985687416711,13.7183069820355,-2.0836385781748,-25.1382017092926,-43.3168402096483,-2.20834609614519,24.0521288737023,24.0811870458944,10.2742372215998,26.396206588666,3.53463007891639,-38.5490460140681,-2.35376712341871,31.3216114322563,26.9528234627345,23.7618147184308,-2.23270008560154,-29.0929944722711,-46.8635728336218,22.8801512634827,29.1545367339247,22.8290108837533,28.3489412226473,18.3144981678531,-5.74079006511688,-39.8951432177898,29.843533355825,15.5278290438714,-20.6005280456823,-19.6307800185061,26.1942630044875,8.27934248704361,-20.8137656171455,29.0072182710381,-19.3756679697762,2.32332563560219,-4.09030951381494,-19.5193944809532,26.8948400214285,-19.7767994639715,28.4347819717144,13.2361176961641,-16.4431916257729,-19.1157216319838,0.709544664435228,-24.9773404021552,39.6945318862288,-21.1156531164482,60.7024178314316,77.6393598033398,77.2093184501888,42.5961164425186,73.982287730492,71.8954203505358,9.83883759757172
795.189542153016,939.617826870102,654.447047361012,20.3988341239319,-3.92340595909557,56.3137847300562,33.4305435940421,56.5817443475679,55.9667331597219,-15.046643092935,-4.06196335490078,20.0709613814095,-15.7902869002125,-20.5940180467132,-16.2761092849429,15.0295463988937,9.56591514570724,17.6314534131378,-15.3036122171679,10.9365410424478,-40.6531698958792,-10.4889646489109,73.8178713009472,28.0083457276067,20.465664368914,20.1756519563163,9.82208749435313,-6.57252296131734,-1.32273679902906,19.4647650073641,17.8623520814573,-44.1984696437795,-36.766032369415,22.1928290070672,-17.6053084262474,47.6520645251865,51.5371904448359,29.0123587548258,-4.08927429820351,26.7390134371782,-19.4797707298028,-2.88346174808094,24.5924223969911,-11.5533622769427,23.1162674598968,2.50899671983059,-41.4151588761141,19.4144519555658,26.1185178738779,8.4675854862751,-1.58272556534493,-1.55096710467849,25.7402913548077,-1.7230020736126,-11.2458194426699,1.38011980684862,-11.0888752405067,-15.3420768319396,17.14453524922,-11.3801145873457,-39.3023444920606,6.58017932537728,26.7733212469944,25.1248660358921,26.3020253106255,24.6794817229716,-11.07584551645,-43.8321286782939,18.664487160924,22.5440006515698,15.9920263307226,19.6475317365067,6.64689724881845,-28.269394497605,-10.7405500597062,-18.4542908480023,26.9540024613887,17.1771874584691,22.9550193091373,-6.46496506193369,-35.743016968111,-27.2571682813834,-13.4141222369999,-6.76234581667291,-6.6719916142787,19.6373336124613,-20.1366841232358,-41.5057912168462,-6.54659249081156,-19.8593755256006,-10.5902900399858,-19.011695639147,-13.7464525060456,-21.5225663587415,-45.7166753224035,-1.10725736849665,-21.2708049584592,-10.6486633187205,-21.4471707003128,-3.87215027396542,11.5839851476547,-1.75624589508013,28.4881849722724,-15.4901676410379,-19.3812692460302,-10.6878507087876,11.7110055255288,-2.82708139586184,-24.7143701316439,-41.4279535520412,-2.94236372099236,21.2140472627187,21.2409449103493,8.38836909030235,23.424413212802,2.70429535722282,-36.745100182499,-3.07695961922772,27.9850608104793,23.912897860371,20.9435241634161,-2.96480919189332,-28.4601407117581,-45.0172040546135,20.171583043283,25.962269609026,20.1244889061195,25.2268958239937,15.9501488221046,-6.19493056218773,-38.6509488048919,26.6041198008416,13.2797615827772,-20.3130495534727,-19.3773429480495,23.2090075856323,7.30208470286023,-19.5522133917485,25.8272550783564,-19.1775096131854,1.46443260609992,-4.62050391473239,-19.3147426124463,25.6612102377642,-19.5949180884363,25.3070830137389,11.2627700617782,-15.864469514063,-18.2646724867776,1.35663875964193,-23.5789090882187,38.7010557261034,-19.8537364234399,58.8683817977156,75.1185807152465,74.7060135165596,41.4862874352142,71.6103294462153,69.6082139141072,9.99033540147729
722.592395324324,857.262210484537,591.75505252934,18.9143004263893,-3.42275661200414,54.0873822996092,30.5855934422936,54.384639469098,53.7001366365652,-15.0831035260678,-3.55842140246317,19.3515546425744,-15.4645188187108,-19.9244431043143,-15.510111017187,14.8905507008842,9.62280067455069,16.928357096288,-15.2812339326698,10.3496460561143,-39.8410563440868,-9.98067441479477,72.3689590086954,27.6508088512227,20.2828660750013,19.9992303884365,9.87411860345615,-5.9991945610191,-0.908907030088095,19.1426318520606,17.6166898694502,-43.1300478135253,-35.7539495624996,20.6495856404688,-17.5289360281544,45.8434558302748,49.162681872559,27.7602132536958,-3.58558045881735,26.0597933395045,-19.3204451831138,-3.18629024917897,23.4768544516757,-11.596856001871,21.5199067323327,2.08128679476005,-40.3458650104093,17.9952796842965,24.3996005390106,7.47162926453915,-2.17005851576132,-2.13949096902352,24.987021645583,-2.0509314700188,-11.4384079146128,0.948341654797233,-11.286821164695,-15.3682148013116,15.7930912653127,-11.4677111036883,-38.2582462068447,5.74643765300181,25.027789553401,23.4539650833142,24.5759361453416,23.0264852087305,-11.1688131959074,-42.9068286213148,17.275790944346,20.9862371090427,14.7279869912234,18.2188583593895,5.81062378771018,-27.8770135302061,-10.2281958958918,-17.9697561550457,25.20338430786,15.8232647820232,21.3810197120663,-6.65983570430654,-35.11186490947,-26.4064283332639,-13.2307581821307,-6.94228838921374,-6.85639192907536,18.2092650320921,-19.5332650234952,-40.6725071217276,-6.12534561561784,-19.02213329214,-10.5690718180197,-18.5015408476448,-13.548135659674,-20.6594009350252,-44.6759411501487,-1.44242485328287,-20.4205974659465,-10.6248356534491,-20.5878474713178,-3.37063248630277,11.6045127121306,-1.43913668388827,28.1201122243514,-14.695739261514,-18.8540950012084,-10.6626259697024,10.642732645337,-3.20932178846387,-24.4352386103272,-40.358504765461,-3.31946929827647,19.6948649326542,19.7205800480556,7.39139618972669,21.8310325409369,2.27391142752554,-35.7309982597152,-3.4481636250522,26.1926778516517,22.2832086468218,19.4352732845465,-3.34088356277243,-28.0647884254685,-43.9602705007325,18.7216751119033,24.2491371402184,18.6767780062712,23.551800151885,14.6877523487734,-6.41083924697299,-37.9176005010594,24.8650515026903,12.0839789444168,-20.1120744424808,-19.194593364189,21.6095549420738,6.78521834013183,-18.859038333995,24.1211499774973,-19.0269601079527,1.03073855133155,-4.87120537770819,-19.160527783463,24.9684092412425,-19.4522376288874,23.6288735135938,10.2130753726125,-15.5340442533045,-17.7880822180229,1.68647422930338,-22.8055399372565,38.0936769928271,-19.1596027283304,57.7801533475007,73.638069389784,73.2354814859897,40.8123642819439,70.2147942818267,68.2610824193557,10.0410978446071
716.32005357611,850.330085055879,586.176821451516,18.7766087623477,-3.36785112633463,53.9847848805052,30.2543519657433,54.2924050720262,53.5901627540316,-15.1536052404482,-3.50373155013886,19.3425547671247,-15.4925892429991,-19.9226373378105,-15.4732867205737,14.9387764300927,9.67455065054516,16.9114300529832,-15.3370810351735,10.3206125253699,-39.8965853046473,-9.95962768928421,72.4668312570556,27.7104663271817,20.3356020805031,20.0516571217509,9.92633646829189,-5.94580204112209,-0.854826008088189,19.184622391318,17.6623838780442,-43.1675390527987,-35.7701902560361,20.5120126536425,-17.5910301418546,45.7997874635128,49.002653892186,27.729227603674,-3.53100052977696,26.0839352398537,-19.3753937554619,-3.21722175507895,23.4492567914659,-11.6314745568881,21.3776079599799,2.03874732233804,-40.3726827226639,17.8640326355964,24.252556704275,7.35460259998672,-2.26904475259322,-2.23852295094919,24.9970141080091,-2.09758090268567,-11.5179024043027,0.919012754236626,-11.3663491127513,-15.4383946341379,15.6607078155304,-11.5220663380339,-38.2801563373926,5.64566015273221,24.8793860613532,23.310047984829,24.4286418170605,22.883373872115,-11.2226304850133,-42.9605684914582,17.145895459253,20.8479952630923,14.6048101237783,18.087200397402,5.70977352216527,-27.9370371451318,-10.2076012408069,-17.9860263581746,25.0553222972942,15.690384895861,21.2421262675119,-6.72362821292605,-35.1710306318144,-26.4065558593256,-13.2693013123716,-7.0051627629713,-6.91954181068697,18.0776560781877,-19.5392828536151,-40.7287223574508,-6.10013886788081,-18.9912459076496,-10.6191058479026,-18.5164608808682,-13.5859079803825,-20.6323601589266,-44.7226181386228,-1.48749387996777,-20.3943550060961,-10.6747272394446,-20.5610409477285,-3.31535790331566,11.6487913923073,-1.40867279398078,28.1802832987466,-14.6508318251724,-18.8681040065329,-10.712472527664,10.5298166371169,-3.28467851808122,-24.4956521703857,-40.3853516170696,-3.39456027147294,19.5548040289833,19.5804561209125,7.27312669424763,21.6912906333993,2.23182209663771,-35.7469107243588,-3.52296402599021,26.0428565743987,22.1388660880707,19.2958116641251,-3.41597270785578,-28.1251968366734,-44.0022916062121,18.5891616349688,24.1016645263604,18.5443885801406,23.4076932750685,14.5646292542321,-6.46095416486512,-37.9752500655936,24.7163767657909,11.9571023744699,-20.1610653646988,-19.2389341673227,21.4673539709635,6.75055040564773,-18.8494586678051,23.9751143891628,-19.0818403210454,1.00117820281182,-4.90262658595326,-19.2154970509952,24.9862185763524,-19.5097273530374,23.4846531475333,10.1009134649609,-15.5617260202816,-17.8047246811217,1.74053398283142,-22.8012989093987,38.1628765764555,-19.1510477282599,57.8661287760308,73.736949164228,73.3340361559285,40.8838635499992,70.3109245099846,68.3556319434374,10.0830749853898
709.51252503857,842.853669651782,580.081373907957,18.627388424373,-3.30568754910588,53.9020829399395,29.8810897341331,54.2225328923002,53.4984562384968,-15.2481309430505,-3.44192692160757,19.3470048711651,-15.5379062187364,-19.9359530411632,-15.4417638485799,15.0070733372249,9.74297094091166,16.9047254512647,-15.4139691537992,10.2946889525184,-39.9918042584626,-9.94275753564568,72.6357941664102,27.8009396289655,20.4124113558097,20.1278902714919,9.99550234343177,-5.88739930468618,-0.791714801721916,19.2488255686716,17.7297837880024,-43.2441872693973,-35.8164142126022,20.3642475694695,-17.6772371356655,45.7831961825925,48.8473094295753,27.7150653986511,-3.46934709046978,26.1324265635774,-19.4542750118774,-3.25435223476958,23.4361028271237,-11.6794982058499,21.2248791600228,1.99067796391657,-40.434747542565,17.721769476871,24.0963669173254,7.22134524548812,-2.38804043095445,-2.35755055189323,25.0280626157944,-2.1536158650116,-11.6205205763475,0.886990939592486,-11.4688890292607,-15.5327457949466,15.515433689292,-11.5943049133959,-38.3349036795991,5.53027277083903,24.7220362650214,23.1568596848374,24.2722874043943,22.7308274402755,-11.2940100963256,-43.0560313818762,17.00470323217,20.6996863279379,14.4696514945289,17.9446160984024,5.59434826712612,-28.0284093390861,-10.1914469395304,-18.0192634247848,24.8985202412532,15.5445275925759,21.0933369269393,-6.80457945286425,-35.2669073334521,-26.426868055692,-13.3253227273263,-7.08523897762378,-6.99988014513663,17.9351226386673,-19.5615618213417,-40.8253788873486,-6.07548883607192,-18.9694228284298,-10.6867183763917,-18.5484987906185,-13.6412543617496,-20.6163371271424,-44.8111725446853,-1.54120973291301,-20.3790965004914,-10.7422124105094,-20.5452411938952,-3.25271776697601,11.7091496792429,-1.37433172596807,28.2717120567717,-14.6091111029947,-18.8993275016202,-10.7799321435895,10.4037392192131,-3.37671249549494,-24.584862034825,-40.4474600469806,-3.48636173050554,19.4033078939589,19.4289041565695,7.1382890755419,21.5418309548036,2.18442792486857,-35.7927337834682,-3.6145176835079,25.884704212338,21.9842477901228,19.1448421594085,-3.50779052928061,-28.2171632883644,-44.0848628456637,18.4459391829509,23.9448206993454,18.4012794287783,23.254352492812,14.4295039593368,-6.52437080639146,-38.071487973501,24.5585579985247,11.8155388286115,-20.2332547665601,-19.3047196828222,21.314817645414,6.71530102648309,-18.852711612746,23.8199357744177,-19.1604197523944,0.968921095249506,-4.94162914207354,-19.2942829834098,25.0264375872263,-19.5917146351724,23.3312350321122,9.97540611519122,-15.6066343628981,-17.8382675812596,1.80560644121801,-22.8137791343999,38.2724027223625,-19.1557257975271,58.0101530264099,73.9080494544419,73.5044519889878,40.998133909036,70.4762221592745,68.5176044805746,10.1395595458466
705.257385440522,838.202707550618,576.250595553574,18.5257164552357,-3.26483303740628,53.8428098861213,29.6113483866742,54.1735027515324,53.4330717252398,-15.313077687808,-3.4013398855863,19.3544733180022,-15.5726654510085,-19.9494036371697,-15.4238171844921,15.0553128760944,9.79033334420672,16.9045309820769,-15.4651597430833,10.2809008644765,-40.0592192554271,-9.93458469629424,72.7536626007477,27.8618453615047,20.4634662615434,20.1785341631689,10.0434137479605,-5.84953971895752,-0.749790480152406,19.2951285376073,17.7779289713015,-43.3005772359202,-35.8523815271763,20.2636942686006,-17.7359164271762,45.779116996887,48.7338162638988,27.7150824012868,-3.42886909824822,26.1696958287754,-19.5072557313263,-3.27220287693969,23.4372954353758,-11.7065108976873,21.1210222402514,1.9611141691435,-40.4814811348532,17.6247030373016,23.9903884799407,7.12980188782326,-2.47022493115507,-2.43975673289334,25.0537917410142,-2.18904351104538,-11.6913813950723,0.873488751456847,-11.5396641351967,-15.5975706104663,15.416169861601,-11.6418342267737,-38.376669386837,5.45024009558465,24.615237313179,23.0528355646956,24.1662119435759,22.6272355493768,-11.3409311153275,-43.1241871918252,16.908340893185,20.5987767219249,14.3770927074313,17.8473425093986,5.51429587340908,-28.0911631215833,-10.1837674849174,-18.0460766162856,24.7921435290636,15.4447933774943,20.9921155535709,-6.86256101970237,-35.3338678695129,-26.4449135058,-13.3670924614895,-7.14265346497089,-7.05746566792972,17.8378824439213,-19.5810767040175,-40.8938667062432,-6.06176131377821,-18.958626453274,-10.7360653571316,-18.574550058135,-13.6825943271379,-20.6097511977277,-44.875317611762,-1.57502670469848,-20.3730021350038,-10.7914764849599,-20.5387988276573,-3.21153002963773,11.7483753540356,-1.35370468343241,28.3332992600222,-14.584035950186,-18.9248583517198,-10.829180563428,10.3169434945152,-3.44182891986283,-24.6456098352304,-40.4942231828607,-3.5513290814216,19.2999244258928,19.3254828477102,7.04545634688441,21.4401825666799,2.15533555225948,-35.8284453966952,-3.67932804171826,25.7774620607431,21.8789990523837,19.0418418895307,-3.57277896160505,-28.2803331132193,-44.1451222015838,18.348267930571,23.8382561456599,18.3036809083379,23.1502292730493,14.3369636524555,-6.565321609235,-38.1391979420891,24.4513307205222,11.7183386729088,-20.2807755936463,-19.3469024700714,21.2111398981995,6.69485708797954,-18.8587249239047,23.7147295722015,-19.2131632439762,0.955167881473052,-4.96103810727652,-19.3471836736519,25.0581296281957,-19.646922579425,23.2270626825152,9.88895701942742,-15.6411205322076,-17.8652753988144,1.84930856208535,-22.8262768490485,38.3470708847129,-19.1626872931221,58.1098627497377,74.0274771313959,73.623380944045,41.0762476398481,70.5914202127724,68.6303800638566,10.1760782595123
699.287413717259,831.62931540667,570.921122940329,18.4036225424642,-3.2120351884254,53.782107210789,29.320152149431,54.1219486096751,53.3648403881997,-15.3923101497159,-3.34882874494102,19.3554186519772,-15.6076920199908,-19.9577818043107,-15.3954624894305,15.1115918164414,9.84721632616133,16.896068527655,-15.5315197225757,10.2564094194639,-40.1392115674577,-9.91813013593024,72.8975245589941,27.9401146390739,20.5302876837503,20.2448709421611,10.1008961970826,-5.79965436080462,-0.696410910652006,19.3475287414586,17.8331845366028,-43.3638140805296,-35.8894099681161,20.1428505561011,-17.8090719347721,45.7622265002662,48.6171963082323,27.6960953041579,-3.3764796972977,26.2079883739663,-19.5752081224302,-3.31080677131931,23.4182612950829,-11.7531553081173,20.9960460745395,1.91820421489531,-40.532088375676,17.5084529728916,23.8625653845812,7.02067391192929,-2.56802723925635,-2.53758284531123,25.0771686833394,-2.23849050689772,-11.7765961205193,0.838620167219638,-11.624832996137,-15.6766869883451,15.2973510364052,-11.7044941090748,-38.421001571935,5.35648584090351,24.4865388601005,22.9275150875047,24.0382529342034,22.5024142443116,-11.4028749243557,-43.2040758796281,16.7929404129784,20.4774976134069,14.2667828544465,17.730834365131,5.42050993565135,-28.1689543871644,-10.167923210104,-18.0710181882152,24.6638685084006,15.3255671303643,20.870457898035,-6.92742882616022,-35.4148943323027,-26.459880108328,-13.4110844674082,-7.20679101360054,-7.12182073973273,17.7214169816642,-19.5968980927433,-40.9750317405003,-6.03876446193868,-18.9380841870134,-10.7897585265517,-18.5984885661318,-13.7260240903534,-20.593904928819,-44.9489303264397,-1.62252613880975,-20.3577983929644,-10.8450649802483,-20.5231400444775,-3.1583408301173,11.8014000690645,-1.32254890383647,28.4123723446323,-14.5473314246991,-18.9481177784724,-10.8827494008232,10.2142324213471,-3.51600253935308,-24.7218373569867,-40.5448679028545,-3.62531011918723,19.1761749560726,19.2016891953454,6.93522466585931,21.3179791817305,2.11299147925114,-35.8651215944339,-3.75310298155695,25.648100817382,21.7526293405296,18.9184814122926,-3.64676584718308,-28.3586229151002,-44.2135147083604,18.2312382700934,23.7100164174379,18.1867458163582,23.0247862026064,14.2266820623911,-6.62078383558706,-38.2202667428765,24.3223360474777,11.6027323807362,-20.3441561380567,-19.4058710980389,21.0862830706191,6.66261475113151,-18.8592777239842,23.5876363943313,-19.2808705690891,0.920203394057772,-5.00106197662301,-19.4150577757749,25.0894018246208,-19.7173374274159,23.1015588889498,9.78672219597628,-15.6758086594071,-17.8904685534455,1.90410038938491,-22.8346378330019,38.4412910479195,-19.1644722499223,58.2329102327052,74.1731217134478,73.7684544121193,41.1744313356331,70.732223741588,68.7684089519624,10.2258179287332
694.57513343084,826.538819403459,566.625058162809,18.2836876993041,-3.16306578561377,53.7326490273685,28.9755892181066,54.0872085549709,53.3073346959536,-15.4846249528924,-3.30030067157141,19.3798550921974,-15.6648647068456,-19.990548968426,-15.3846170264776,15.1833334029946,9.91397353931578,16.9092455655548,-15.6048505729427,10.2479731190349,-40.2505855930818,-9.91621760474262,73.0923232417188,28.0333481110559,20.606218645172,20.3200970802166,10.1685384075541,-5.75638483461929,-0.644258509438174,19.4199676199165,17.9068193270734,-43.4643333425998,-35.9597976185913,20.0252861677975,-17.89419085971,45.7885294212819,48.490949274867,27.7199256345235,-3.3281126147067,26.2742709660177,-19.6533967576618,-3.32901677075794,23.4416899232137,-11.7893422187321,20.8749343535269,1.8842311180931,-40.61887846197,17.3936085013048,23.7405128822182,6.90668976309625,-2.675716669034,-2.64528291004428,25.1283492769837,-2.28271725851752,-11.874807900826,0.829065299342638,-11.7228211929188,-15.769001951912,15.178521336327,-11.7705279920358,-38.5002456184622,5.25539719509037,24.3637579512454,22.8073007680229,23.9161872815291,22.3825108975934,-11.467938446892,-43.3186453289761,16.6785734794229,20.359678320099,14.1555584605052,17.6158596563361,5.31943628448764,-28.2657628077087,-10.1667894452651,-18.1196616935182,24.5417442927287,15.2060864689703,20.7524715583914,-7.00850262655425,-35.5222076018866,-26.5017226467264,-13.4757512498877,-7.28732442220489,-7.20251723937962,17.6064778409049,-19.6372011486561,-41.0883364150482,-6.0273102629107,-18.938907240582,-10.8623650822819,-18.6465052114651,-13.7903471038333,-20.6013003863536,-45.0599675893995,-1.66431440535106,-20.3656637217055,-10.9176010788769,-20.5306716830104,-3.10890595113148,11.8566752873011,-1.29931764055212,28.5067737425468,-14.5267009769914,-18.9956979515402,-10.9552889700338,10.1077000413184,-3.60391643804922,-24.8136495922891,-40.6317029377779,-3.71310417943323,19.0543398467865,19.0798198952701,6.81935384474264,21.1997241976393,2.07974250139574,-35.9351833328516,-3.84077952549985,25.5254674087337,21.6300670651648,18.7970137107371,-3.73460404251822,-28.4560815603999,-44.3193258338963,18.1160662299984,23.5870258292427,18.0716369745104,22.9045042998919,14.1154555300097,-6.67500680638327,-38.3305766196095,24.1988410307445,11.48407178003,-20.4149860434588,-19.4684784469475,20.9654933117099,6.64335032054301,-18.8810321597674,23.4664913135142,-19.3585639439064,0.910288465054187,-5.0224580437305,-19.4930412311268,25.1479635248801,-19.7986686551664,22.9812593335201,9.68035905291384,-15.7326773397644,-17.9392446786016,1.96040761007347,-22.867129405671,38.5588044400132,-19.1875943274798,58.3950929915514,74.3707327778586,73.9651683237438,41.2980981204618,70.9222197224322,68.9540484395094,10.2766716054004
691.210812390758,822.836277606158,563.619995181937,18.2142835355046,-3.13314452937301,53.6981095092864,28.808884122246,54.0579898804525,53.2685127287802,-15.5297953064962,-3.27054469190558,19.3808009396667,-15.6851257603043,-19.9957013933807,-15.3687939716022,15.2155369796656,9.94643092215207,16.904826699111,-15.6425541756423,10.2343760761765,-40.2964110457066,-9.90714798398588,73.1745941146963,28.0778979501276,20.6441916087858,20.3577920433618,10.2013407319935,-5.7281615196365,-0.613966082491011,19.4500429752388,17.9384886746982,-43.5007642873177,-35.9813209177388,19.956617084962,-17.9358636981512,45.7796644752582,48.4242191433154,27.7099905112147,-3.29842643767794,26.296469606087,-19.6920587806762,-3.35039743536827,23.4317500297129,-11.8154638567381,20.8039157056902,1.86007663203745,-40.6481381926012,17.3275257579304,23.6679046192622,6.8445655137438,-2.73145649257128,-2.70103617394967,25.142085140549,-2.31063737045004,-11.9234021627798,0.809892236801566,-11.771386312026,-15.814106956387,15.1109477291963,-11.8060765092928,-38.5259307065608,5.20197933489706,24.2906513124487,22.7361094335037,23.8435034971536,22.3116017813465,-11.5030768675826,-43.3644660836228,16.6129698032087,20.2907636589707,14.0928207942067,17.5496317134729,5.26600114199027,-28.3101403269617,-10.1580681896702,-18.1342146182657,24.4688844763925,15.1382753525565,20.683344118115,-7.04563212392191,-35.5685364862657,-26.5106464120632,-13.5010837947497,-7.32404145833063,-7.23935725073678,17.5402740955194,-19.6465832771474,-41.134838852642,-6.01448742746392,-18.9275807826177,-10.8931838666535,-18.6604932674638,-13.8153629811634,-20.5926702434575,-45.1022778816538,-1.69112225489062,-20.3573961304874,-10.9483607234022,-20.5221473262674,-3.07876124895441,11.8867250046573,-1.28181608446499,28.5517846442751,-14.506111454927,-19.0093033123488,-10.9860376449798,10.0492412616293,-3.64629738330199,-24.857085442164,-40.6609840141492,-3.75537656555566,18.983983451056,19.0094384711222,6.75658449575382,21.1302900017892,2.05591143568873,-35.9565075438725,-3.88293592517527,25.4519971252974,21.5582497162391,18.7268797590847,-3.77688081143256,-28.5007441436098,-44.3586792306676,18.0495462004747,23.5141676906553,18.00517030984,22.83324387826,14.0527334569495,-6.70640081668142,-38.3769774441411,24.1255554766324,11.418276808853,-20.4509781195801,-19.5018800550549,20.8945466863558,6.62530925390389,-18.8817015409209,23.3943041075451,-19.3970830165816,0.891054123603197,-5.04467479053826,-19.5316569821612,25.1661692792604,-19.8387341563026,22.9099649424416,9.62216644391653,-15.7527463314245,-17.9539392470637,1.99154526810369,-22.8722680075372,38.6125208313804,-19.1889637773241,58.4653879002377,74.4540296082189,74.0481365194419,41.3540941113332,71.0027307180223,69.0329628640321,10.3048425380089
685.257801285724,816.314484781393,558.273252602813,18.0689622890452,-3.07718371251114,53.5949374284482,28.4214268993001,53.9692596491231,53.1571132937855,-15.6134736629197,-3.21491319153783,19.3856631343962,-15.7295388869376,-20.0096357172593,-15.3409020035407,15.2766465840425,10.0077527189708,16.9000054217142,-15.7073303745665,10.2130090135256,-40.3762717616921,-9.89346713658365,73.3130890187207,28.1521327198691,20.7072100823116,20.4203358099145,10.2633454195695,-5.67559762183669,-0.557227811540393,19.5073887970515,17.9987451240105,-43.5648564621686,-36.0199401098335,19.8118002155645,-18.0100424374845,45.7585588879697,48.2468962423028,27.7018933348658,-3.24293734401109,26.3397506729179,-19.7577056481468,-3.37227112524585,23.4269934218422,-11.8472689020267,20.654725308249,1.81968866953082,-40.6999898012063,17.1882038279609,23.5147643471555,6.71687876719066,-2.84315292483207,-2.81277259544279,25.170070985918,-2.35779918522603,-12.0164694849071,0.792710259514891,-11.8643810830815,-15.8975197651486,14.9699504766524,-11.8669688675068,-38.5716676741091,5.08945653939667,24.1361681156028,22.585755559657,23.6901715256766,22.161983356579,-11.5632301073527,-43.4444782576045,16.4748474644923,20.1453523645469,13.9605694268024,17.4099535114106,5.15342770234244,-28.3870316734487,-10.144983352137,-18.1670324084673,24.3148461117859,14.9966107413918,20.5373703890427,-7.12440310858976,-35.6490978188835,-26.5277165365414,-13.555759971266,-7.40195897091355,-7.3175309137083,17.4006420115384,-19.6689490126298,-41.2159177057535,-5.99439728159469,-18.9085087251425,-10.9590071799682,-18.6921151510264,-13.8693611268391,-20.5789130973748,-45.1763930849593,-1.73627582936127,-20.3443810015051,-11.0140566369591,-20.5086073982423,-3.02235823635851,11.936226683033,-1.25373613464772,28.626806765829,-14.4686649319555,-19.040112731742,-11.0517022459376,9.92603218574501,-3.73584402433214,-24.9322256259168,-40.7128719049719,-3.84468883273836,18.8360277700311,18.8614217709337,6.6271211062235,20.9835895412857,2.01610718612969,-35.9947884919561,-3.97199689779865,25.2964490602988,21.4068771405565,18.5795395283609,-3.86620542696797,-28.5781455271315,-44.4277560501455,17.9091573046472,23.3603168908389,17.8648918171609,22.6827241154763,13.9205214083857,-6.75981167748392,-38.4577711830244,23.9705893507408,11.2812869859932,-20.5087058809448,-19.5524300450533,20.7455788811715,6.59593783941042,-18.8846617221392,23.2423274503955,-19.462503625168,0.873469984476273,-5.06814092364899,-19.5972471104491,25.2022107800686,-19.9077759945842,22.7593497784928,9.49957401797669,-15.7967726524007,-17.9870717589521,2.05000991329203,-22.8828661662336,38.7023834364741,-19.1931182101556,58.5834922575807,74.5942707469017,74.1878181813096,41.4478398021976,71.1382295159632,69.1657435750518,10.3511319931841
614.375808938259,733.601695929065,499.04669613182,16.4095798394244,-2.69080633215749,49.556263697351,25.6429422095092,49.9158376435129,49.1275906782912,-14.7128016651207,-2.81923981580498,17.944477716953,-14.6677394516857,-18.5562372505952,-14.1236315887369,14.3201689723483,9.44189113385112,15.6109581098439,-14.7850153075234,9.36370284629699,-37.6784102664776,-9.09676512611446,68.4321850459649,26.3653004174785,19.42822002291,19.160760957731,9.68044692698828,-5.10645973257513,-0.354765098881636,18.2264809325388,16.8381727560047,-40.5706560442447,-33.4882343188286,18.0244929066265,-16.9256828454387,42.3162390378002,44.4757629155587,25.5351554858355,-2.84554592931683,24.509048114057,-18.5401096901357,-3.32590416864265,21.5645343002732,-11.1931637432322,18.7977898185659,1.52796451406869,-37.8717606420911,15.6052676132747,21.4394675805918,5.92283233119574,-2.91081052507684,-2.88269081025353,23.3765506845147,-2.36334049762132,-11.3880345596048,0.539820139423497,-11.2471359660304,-14.9760499381035,13.5470160983077,-11.2154740916126,-35.877932448296,4.45524327552322,22.013825175984,20.5839478344024,21.6016388892798,20.1922520706244,-10.9317484796267,-40.5193018992317,14.9460967931777,18.3326019586454,12.6301634705799,15.81014787049,4.5144108474632,-26.5674961421313,-9.33191780196719,-16.8973424295942,22.1795041031874,13.571384481172,18.6950216550204,-6.78070069293335,-33.3041839028211,-24.6170052550527,-12.6799153205727,-7.03589459745217,-6.95822380250537,15.8016220828256,-18.2625778260666,-38.4600627880503,-5.46174037974475,-17.452121125194,-10.3019088641983,-17.3811594837155,-12.9690305908967,-19.0135790948038,-42.1006086936303,-1.78118969997723,-18.798117614888,-10.352679404302,-18.948971944312,-2.63885600793269,11.2544422110053,-1.04138475296617,26.8078558159321,-13.2913361265557,-17.7018059673265,-10.3875587682805,8.9121791814582,-3.66774137591032,-23.3624576549075,-37.8838279556841,-3.76811797794757,17.1183204537953,17.1417460689965,5.83870755349206,19.107175562904,1.71177741038241,-33.4636678878304,-3.88555622599421,23.0865265272242,19.4928076501691,16.8811763300264,-3.78787949468398,-26.7461961214696,-41.3884243222949,16.2713794153372,21.2971734662954,16.2305995224208,20.6735304070142,12.5931451774283,-6.46087837890877,-35.9054325220239,21.8612131795227,10.1391078971127,-19.2336072639623,-18.3443006099203,18.8818896606802,5.9875160728983,-17.4859099278877,21.1878453245281,-18.2658697028277,0.615372404082052,-4.90029506278073,-18.3911716417311,23.4322904051557,-18.689226336264,20.7443866226719,8.51838282241791,-14.7291620376916,-16.7311472098219,2.0645566475631,-21.2172664626069,36.1949310807553,-17.7760422451663,54.7137732035794,69.6253164380618,69.246778169478,38.7522057939125,66.4066814861693,64.5696508458194,9.77446803046972
607.765330800358,726.050585282393,493.382732556829,16.2675550855988,-2.64709602413074,49.3075535488361,25.3779453189497,49.6691443694544,48.876308283476,-14.6945135952235,-2.77511568773167,17.8618971458909,-14.6208457388127,-18.4764028050043,-14.0424592230117,14.2886909448866,9.43295989320712,15.5330527639475,-14.76151643177,9.3040429453032,-37.5593820136431,-9.04365386267474,68.2177102354026,26.2983248421658,19.3851568867387,19.118591488607,9.67078805040999,-5.05351309984079,-0.321300978239854,18.1748682640992,16.7946172248009,-40.4272980033299,-33.3597208021242,17.875615791458,-16.8950871183811,42.1126292962687,44.2219777780896,25.4003963840464,-2.80137227955795,24.4201138143174,-18.5004362447167,-3.34382101964967,21.4464418346372,-11.1793729125081,18.6434487843924,1.4922490980055,-37.7323091006792,15.4697645482233,21.2716186817827,5.83475702837601,-2.95360946807703,-2.92562533059117,23.2834110859311,-2.38552857355246,-11.3870749947051,0.506198543645247,-11.2468013715348,-14.956558242433,13.4196775359174,-11.2058378242418,-35.7433911836085,4.38239946772108,21.8430196388885,20.4212025884663,21.4329873319983,20.0314991359318,-10.9229482549211,-40.3872294891396,14.8139717587587,18.1821234594388,12.5113045403784,15.6735933119867,4.44128174840658,-26.4976947928883,-9.27814179519122,-16.8346091393799,22.008087460047,13.4437996363713,18.5427295179266,-6.78655049359592,-33.2057702194084,-24.5141993742028,-12.6471965047059,-7.04018763536924,-6.96298458717528,15.6651285763655,-18.1884236656116,-38.3382284141018,-5.42080447274607,-17.3605120314143,-10.2855041873093,-17.3156904612105,-12.93470425653,-18.9176710981768,-41.9571665800122,-1.80479441124563,-18.7035498631268,-10.3359928318029,-18.8534624412199,-2.59515108336254,11.2393532469475,-1.0151205232882,26.7394027368723,-13.2090883252345,-17.6345197884731,-10.3707099432093,8.81426096069621,-3.69296601991631,-23.3062428805928,-37.7443464896225,-3.79278849463662,16.9724791677359,16.9957768876968,5.75063374369245,18.9527471073632,1.67558400944923,-33.3350324087392,-3.90958738124488,22.9104802120552,19.3347860622337,16.736554106816,-3.81244447634785,-26.6759003535207,-41.2447620480847,16.1324735009443,21.1299450517573,16.0919278558852,20.5103216340469,12.4744695617867,-6.46827402823455,-35.7951855077957,21.6911025217091,10.0290119838971,-19.1894484985324,-18.3027019216559,18.7271898259979,5.93828724388691,-17.4059542538256,21.0213976231012,-18.2272853585409,0.581475869909021,-4.91183783423241,-18.3521178403511,23.3438457573523,-18.6505646311258,20.5808287062605,8.42250539230116,-14.681806721992,-16.6692879679112,2.0878804346562,-21.1255307969422,36.0938962386618,-17.6955840951565,54.5477742724716,69.4066075317411,69.0294089826446,38.6421887585442,66.1993737012207,64.3688426686097,9.76392802482927
602.153904507268,719.801303013072,488.433770421624,16.1439141149043,-2.60104508918815,49.183501031354,25.0917040241909,49.5528789730712,48.7466702366913,-14.7389513637804,-2.72913163248857,17.8391906176624,-14.6315115928474,-18.4598704228711,-14.0014643517321,14.3152356955689,9.46639749707798,15.5058741654895,-14.7949009651492,9.27226141822152,-37.5733555700563,-9.01864511455164,68.2412966683716,26.3255166678272,19.4124375021432,19.145840883995,9.70440433121881,-5.00667484717478,-0.277851916302623,18.1931383666192,16.8170285364809,-40.4240752661365,-33.3449847512909,17.7503546641826,-16.9311782628399,42.0402342508507,44.0566973714166,25.3516593508411,-2.75545453829798,24.4187533035944,-18.5296989865442,-3.36810032224598,21.4036358801206,-11.1996900613922,18.5140922683256,1.45605571463303,-37.7225897492264,15.3515097914885,21.1361568445108,5.73642293243515,-3.03023637904982,-3.00231166398443,23.2715529679788,-2.42181110905479,-11.4412880730943,0.479816782276131,-11.3011640554177,-15.0005248266589,13.302710841399,-11.2409889038584,-35.7313109873103,4.29764555800359,21.7060100507053,20.2888134976672,21.2971873972302,19.9000747311213,-10.9578998986897,-40.3973613392366,14.6973394048262,18.0560760964736,12.4019137537392,15.5548404507897,4.3564173982376,-26.5246280526625,-9.25330778629708,-16.8339748858174,21.871136927522,13.3264362617754,18.4158578736646,-6.83241410815009,-33.2263688494431,-24.4936404784898,-12.6679328970731,-7.0851097790333,-7.00818835404881,15.5464202191053,-18.1784313337225,-38.3521068515178,-5.39540688478235,-17.3215417476627,-10.3174307378739,-17.3135787545856,-12.9545891726037,-18.8805029631686,-41.9601940963454,-1.84028233750256,-18.667200435426,-10.3677663104006,-18.8165355668024,-2.54884627233525,11.2664918770502,-0.9890877593201,26.7666477339463,-13.1622916677621,-17.6314178653459,-10.4024207041184,8.71611474185517,-3.75068729023289,-23.3361724609324,-37.7346409961961,-3.85021681008965,16.8464128228721,16.8696405136176,5.6514322357756,18.8248564638003,1.63960199005634,-33.3200479054291,-3.96668809663634,22.7713686351551,19.2032586762747,16.6111520077619,-3.86984343768442,-26.7029970948695,-41.2445687508607,16.0126480106664,20.9943493115724,15.9722333670416,20.3777080500208,12.3651540369134,-6.50395125512173,-35.8123713689164,21.5540858251771,9.91936511028105,-19.2136233864882,-18.3241451398915,18.5978288965333,5.90475350092974,-17.3833689664186,20.886921516238,-18.2567275576454,0.554862974514378,-4.93513971502627,-18.3815229000317,23.3382592623,-18.6820242741898,20.4480635576422,8.3252985058465,-14.6921169349462,-16.6690822127166,2.12930406382589,-21.104218229351,36.1207456196073,-17.6735968272916,54.5729979257753,69.4300293929047,69.0528786076382,38.6687998379893,66.2232137247305,64.3929120488208,9.79041140813619
598.394331615658,715.588854172342,485.140037905015,16.0585627132736,-2.57108409466891,49.0805298124803,24.9006074522463,49.4546443959172,48.6404897838316,-14.7584759694491,-2.69914318727474,17.8158631299965,-14.6301511405459,-18.4396354559435,-13.9685070283352,14.3240856900001,9.48209955841656,15.4810565361021,-14.8072055209667,9.24797676738396,-37.5615151846586,-8.99861687276265,68.2183995590899,26.3276366166612,19.4183747797174,19.1519042430133,9.72008883601387,-4.97493671845875,-0.250743799662295,18.1948084771914,16.8219882200825,-40.4002270804939,-33.3179766359101,17.6633002863505,-16.9442513413395,41.9738983117596,43.9306486658062,25.3091612933333,-2.72549304437577,24.4049964558608,-18.5375736707933,-3.38024574973866,21.3669729220842,-11.2053627743259,18.4239493055692,1.43327321262731,-37.6962556331285,15.2701091341325,21.0408757743359,5.67230331724138,-3.07617560109793,-3.04830292944467,23.2519623455615,-2.44255878402885,-11.4687242799163,0.464389729303264,-11.3287652424672,-15.0196148245794,13.2229953076816,-11.2562913221876,-35.7046222167733,4.24298122893143,21.60945613713,20.1959505186193,21.2016118652041,19.8080204685282,-10.9732324194934,-40.3816540172374,14.6172977402083,17.968368494207,12.3276124736333,15.4730217734892,4.30165449501578,-26.5266637750617,-9.23325831497295,-16.8244365588902,21.7745647351844,13.2464522148472,18.3274473849561,-6.85700877929491,-33.2209197048868,-24.4679015104327,-12.6738457298688,-7.10898358628029,-7.03227930359041,15.4646343964086,-18.1623837762268,-38.3397885534814,-5.37711375412179,-17.2880471284589,-10.3315261256744,-17.302866153261,-12.9598185642775,-18.8472824347787,-41.9393153737,-1.86085529566128,-18.6346009072218,-10.3817385483172,-18.7834986893119,-2.51875660427768,11.2767768395993,-0.972805900236793,26.768559982886,-13.1261983334606,-17.6199193247743,-10.4163345120414,8.65077733032611,-3.78427008470496,-23.3417597497598,-37.7083087506926,-3.88356344666275,16.7591537024286,16.7823255951273,5.58679316516576,18.7355944244322,1.61685040602746,-33.2929021533593,-3.99976831323622,22.6729748127555,19.1113811020201,16.524436407289,-3.90316644660088,-26.7050367740161,-41.2221186373309,15.9299215724745,20.8990201445692,15.8896106600906,20.2846575436845,12.2909184259325,-6.52212813336543,-35.803442910958,21.4575716269614,9.84595947418957,-19.217855707075,-18.3270408225326,18.5076444369074,5.88120768172909,-17.3602647877742,20.7923991565787,-18.2648568093696,0.539243902939496,-4.9458686461561,-18.3895642302214,23.322487756444,-18.6910550675035,20.3548822360713,8.26074856145169,-14.6905008978431,-16.6599009415923,2.15387038096461,-21.0798644586681,36.117324547785,-17.6506988235083,54.5585402732547,69.4063847650204,69.0294684297445,38.6638463149249,66.2015699134359,64.372404528787,9.80110043617013
559.986890816244,670.443430972626,453.328458639693,15.1164498436346,-2.37416141194464,46.5996846485916,23.3543484446761,46.9617857492964,46.1714540962509,-14.1340389078249,-2.49623788340367,16.9272555046995,-13.9471213807082,-17.5341497192441,-13.2377564080002,13.6868813012432,9.08615340294485,14.6949868392895,-14.1724513738551,8.74845564515827,-35.8159311055042,-8.52379520202057,65.0543837040085,25.1429942125727,18.5592610840111,18.3052805482376,9.31311586334727,-4.66252580927834,-0.168188756738246,17.3600837900592,16.0593357968577,-38.4877758703013,-31.7172350254577,16.6419225339448,-16.2075432323124,39.8613800171734,41.6475522674205,24.0029216633649,-2.52143249996815,23.2422094417259,-17.7191403659586,-3.29493061817268,20.2523959453288,-10.7394843423303,17.3612895521408,1.29539628947728,-35.8988032763918,14.3724642945015,19.8449616922911,5.25881815911859,-3.04519071866159,-3.01871398005134,22.1253393865312,-2.39739676081343,-11.0113601764039,0.362469697972855,-10.8783313955477,-14.3822453665862,12.4252356839221,-10.7925162253411,-33.9965033204932,3.91807754374884,20.3846906884115,19.0442935932382,19.9975794611276,18.6760263873375,-10.5224867606522,-38.4956519071849,13.7528137357681,16.9314473375207,11.5825721581284,14.5650611977377,3.97379934221425,-25.3263311345405,-8.7477158575357,-16.0200843141188,20.5417394286554,12.4473285441064,17.2723691024578,-6.59663044511259,-31.6926388704745,-23.2729609687007,-12.0991884785373,-6.83525292520216,-6.76259531218515,14.5571349193567,-17.2802286400193,-36.5572491766613,-5.0721071787183,-16.4029045322151,-9.88513845291743,-16.4736250243083,-12.3703515977714,-17.8909221929225,-39.9662795068309,-1.84179981429727,-17.6895820188542,-9.93275682158391,-17.8305318764008,-2.32392272177881,10.8007926978681,-0.874012749695801,25.5632533993854,-12.4266035555246,-16.774180960672,-9.96563534198788,8.09679634863882,-3.6877768126685,-22.2973853156592,-35.9103153965327,-3.7819400250216,15.7812861084282,15.8032634365858,5.17697469047449,17.6597173519293,1.47066590583281,-31.6928664027414,-3.89215760681702,21.3945213883152,18.0137040651024,15.5584564273755,-3.80050707172745,-25.4965679844602,-39.2767232247877,14.9987455698416,19.7103602034429,14.9605359723496,19.1284857862271,11.547733869625,-6.28306850409542,-34.1468475147669,20.2405788706363,9.21972872800693,-18.3639778918863,-17.5152220882548,17.4408322321016,5.53774581281625,-16.496236010249,19.6092306115354,-17.4596170671897,0.433865190371463,-4.7844235614986,-17.5783484698295,22.2035179418948,-17.8692843374562,19.1951678206079,7.72667450181735,-14.0040941223816,-15.863948367795,2.11893817647893,-20.0430671280419,34.4710402255514,-16.7741298170728,52.0408212521763,66.1861199359685,65.8270416690443,36.8972009767797,63.1329995052431,61.3903972401989,9.39337627208208
494.121703056589,592.448454644262,399.271801777708,13.4623441067244,-2.0638617135636,41.9112352177354,20.7481753854006,42.2395764129927,41.5153625616911,-12.8333583275769,-2.17408969768081,15.2220126907595,-12.5917253248915,-15.7857697833774,-11.8716757554223,12.3920240134619,8.25347463021885,13.1987795968645,-12.8665703327435,7.82304677761017,-32.360804811415,-7.63510534587782,58.7914425584724,22.7653341087583,16.8214481966612,16.5920775636581,8.45850666004291,-4.12686059288676,-0.0781171135324392,15.6912196101045,14.5250782082763,-34.7347547292933,-28.5971028049712,14.8345149726822,-14.6983805019371,35.8314118094862,37.4073966483325,21.5261757897975,-2.19691240592035,20.962145837311,-16.05898960238,-3.07520213738718,18.1442189669955,-9.77978937928366,15.4794606494793,1.08801022078346,-32.3832025627123,12.7968344324005,17.7110605650488,4.60317388060062,-2.86158616840223,-2.8377611981876,19.9341033021446,-2.24500053188241,-10.0244088105292,0.218410174139333,-9.90472789534946,-13.0568627376782,11.0440409459762,-9.81956567710268,-30.6606426542927,3.41349672718733,18.1964485802176,16.9923538548369,17.8482683439411,16.6612248876806,-9.57547394752082,-34.7712675022542,12.2397951332805,15.0947382968309,10.292426847244,12.9699495072075,3.46359641344257,-22.9202457099404,-7.83764489549398,-14.4446551200906,18.3375992513047,11.0639712635759,15.4012748195102,-6.01443233152581,-28.6530749269528,-20.9607682380257,-10.9403352865905,-6.22834534889595,-6.1631842005459,12.962856248043,-15.5670956737831,-33.0296757342751,-4.51795322194564,-14.730484789924,-8.96011714106205,-14.8516867598481,-11.1837750718801,-16.0758004921704,-36.0832386779159,-1.74204162092473,-15.8954106541181,-9.0028839370894,-16.0216850485499,-2.01813314632037,9.8164722862852,-0.726383616865011,23.1448746355784,-11.1309763174472,-15.1214294481194,-9.03248630090264,7.16382919913688,-3.40828591742967,-20.1925952539386,-32.393626800519,-3.49284077172576,14.0604567237382,14.0801960749295,4.52960549109753,15.7493781380125,1.24659962850624,-28.5745562828902,-3.59182277070319,19.1041459120586,16.0662835057862,13.8599934984574,-3.50943030814256,-23.0742173027964,-35.4536471699126,13.3597289830702,17.5907379450765,13.3254358100807,17.0680298636143,10.2611132528863,-5.75073469561893,-30.8610396903356,18.0674835215629,8.16359468881365,-16.640809036757,-15.877680216547,15.5509143714445,4.92192777385707,-14.8381425896428,17.4989604011345,-15.8250994996075,0.283218413716146,-4.41685894511324,-15.9321520875867,20.0166841422621,-16.1992381961227,17.1279884704263,6.83130732788884,-12.6426372497896,-14.3043363485518,1.98173352496919,-18.0430940434326,31.1863683320439,-15.0903386226926,47.0456904402173,59.8128759721966,59.488785355923,33.3763073854002,57.0572688239335,55.4844559822681,8.54439552365772
442.367193890521,531.291223846402,356.682375664527,12.1536700998095,-1.81184470605137,38.2833045037289,18.6312143053043,38.5910348489765,37.9101222049864,-11.8576474148761,-1.91308447375145,13.9186794000065,-11.5661216091114,-14.4508408568592,-10.81840335338,11.4160568521911,7.63149633899024,12.0533116523325,-11.879669994527,7.1109540777019,-29.7315034099523,-6.95265101695377,54.0216588282807,20.9583389736806,15.5022467899994,15.2916287650491,7.81990998336189,-3.70312236357582,0.0054236985714482,14.4279183740074,13.365572790618,-31.8742678147437,-26.216195361397,13.40877034372,-13.5594047828175,32.7406803722974,34.0993208706994,19.6335269258068,-1.93412952323712,19.2274567535497,-14.8010380998665,-2.90410497835346,16.535837395826,-9.04518197337811,13.9951751300611,0.921485434161653,-29.7020892759601,11.5503072452751,16.032544071944,4.06491297075558,-2.75163613587361,-2.7298576848082,18.2638943190233,-2.13751674938117,-9.29251614225266,0.112418057923012,-9.18302873910547,-12.0621134455825,9.94571865789745,-9.08676392652107,-28.115952033804,2.99530629754086,16.4758220589042,15.3775509246747,16.1578879245986,15.0751251294341,-8.86236826898897,-31.9358593628314,11.0416313847966,13.6463513552048,9.26670265755963,11.7083824952839,3.04108512662981,-21.0935304637341,-7.1389358114948,-13.2473016905404,16.6050026104096,9.96373054791314,13.9263596029089,-5.59056136233327,-26.3421038965863,-19.1942884017298,-10.0680641896002,-5.78529929782447,-5.72595756920553,11.7019416337093,-14.2614079921028,-30.3451658498763,-4.09042196180301,-13.444852677095,-8.27002390116188,-13.6183561310347,-10.2900631580525,-14.682253467021,-33.1251817058131,-1.67441026677321,-14.5181175566,-8.30903303610419,-14.6330052286852,-1.76945408559689,9.07163911293423,-0.608591891416232,21.306852521969,-10.129098142431,-13.8642542521433,-8.33611168453255,6.41437864827502,-3.21928092835779,-18.5962100931106,-29.711687546942,-3.29640295234818,12.6996752046191,12.7176807685979,3.99699100103043,14.2441683672637,1.0674339307185,-26.1949771334649,-3.38670126079023,17.305000373247,14.5309433781552,12.5165757895018,-3.31149707430669,-21.2351595772144,-32.5405072054515,12.0643079578825,15.9227885879821,12.0330487336349,15.4466482140779,9.23810005693929,-5.35368592382188,-28.3615784912272,16.3581847596178,7.31538332000994,-15.3313838077887,-14.6310153948808,14.0605315249519,4.44511559728546,-13.5697747912574,15.8389904049961,-14.5867301353917,0.171971767665585,-4.13300786419783,-14.6848817077257,18.3517150326911,-14.9344093057489,15.5014254763641,6.11083878366577,-11.6122763732512,-13.1192033349735,1.89165382031495,-16.5144290859784,28.6878469703305,-13.802529270242,43.2428188635013,54.9589625065037,54.6615563595329,30.6976461068135,52.4302667244139,50.9869486801938,7.9025672902112
438.201163923329,526.446668147082,353.186285652863,12.0535282353798,-1.78794517285174,38.04961697089,18.4536936360305,38.3575077809405,37.6766125373998,-11.8103200020262,-1.8886780464823,13.8384140525681,-11.5087948601075,-14.370173337517,-10.7491352701891,11.3649225975118,7.60225291090736,11.9812398347586,-11.8298238881447,7.06296596313607,-29.5826848441538,-6.90782113546505,53.7516633385313,20.8600221883049,15.432088338966,15.2225454809229,7.78974064295036,-3.66912324911774,0.0190459826982448,14.3584653737123,13.3029731754371,-31.708427563711,-26.0755686836181,13.301472972555,-13.5011090578519,32.5468362864067,33.8764416336337,19.5130865124906,-1.90963331044092,19.1266938296907,-14.7346445429389,-2.90040438676376,16.4328920072549,-9.00794906344478,13.8837378426803,0.904103223219654,-29.5452117968968,11.4547571804403,15.908643799635,4.01432701799486,-2.76049707145128,-2.73884834250842,18.1646808667525,-2.13908596845635,-9.26111432405733,0.0996000779234336,-9.15224902653053,-12.0135960350579,9.8590752246137,-9.05196746426603,-27.9664421764468,2.95431385934258,16.3491922444266,15.2579210276868,16.0332340600289,14.9573418224871,-8.82866838309122,-31.7743204894879,10.9491945567913,13.5375911954244,9.18567630007987,11.6118649273261,2.99982032740589,-20.9938098630074,-7.09320537384354,-13.1777813408967,16.4776747384736,9.87690946116029,13.81590370642,-5.57509009251138,-26.2130728214928,-19.0878687420034,-10.0216297518548,-5.76853223556859,-5.70958245721015,11.6054703747325,-14.1837475234399,-30.1931376286656,-4.06021551423348,-13.3625480558424,-8.23636868461535,-13.5464614715431,-10.2422203564357,-14.5940667713192,-32.9550461555867,-1.67811725606322,-14.4310349433414,-8.27513079100406,-14.5451483165598,-1.74569665258867,9.03458431489253,-0.596118693764375,21.206757147392,-10.0616444439242,-13.7907843716788,-8.30205170175592,6.35156150836137,-3.21976898168182,-18.5104257943343,-29.5547653843952,-3.29640357003268,12.5960749476672,12.6139665370667,3.94659190765547,14.1317598766176,1.04936520134302,-26.0543740043684,-3.38613502797365,17.1733989937337,14.4161495630483,12.4141039066434,-3.31140232133838,-21.1347601136657,-32.3722755868551,11.9656197415419,15.799503817312,11.9345616756861,15.3265940867566,9.15724574418259,-5.33839870819185,-28.2209384232006,16.2322345388043,7.24468595359394,-15.2611573352685,-14.5640173228791,13.9487340897278,4.4103574667322,-13.4916598848993,15.7163409041917,-14.5215055920551,0.158818397644904,-4.12257092968636,-14.6191341792243,18.2541051662828,-14.8681029631227,15.3810416843842,6.04988615379292,-11.554604872995,-13.0504730949802,1.89481653776476,-16.4215687027632,28.5495653625494,-13.7234203510136,43.0289485637446,54.6840789588974,54.3882222795603,30.548922247896,52.168561611635,50.732762331129,7.87131537039128
435.645974776487,523.584470795747,350.945302168336,11.9842527340469,-1.76675067095659,37.950749335711,18.2824380134073,38.2638780044985,37.5755350538795,-11.8202000739322,-1.8674461428805,13.8199822188268,-11.5076258431645,-14.354188006052,-10.7241878040469,11.3683481043208,7.61131710012344,11.9624499519408,-11.8324076103995,7.04617606222121,-29.5637141789689,-6.89364538537749,53.7140319012075,20.8515585606338,15.4282451989453,15.2188676022196,7.79875839912776,-3.64628730611727,0.0378148035756354,14.3562167057894,13.3032503904079,-31.6814320525882,-26.0490534375818,13.2303238155244,-13.504713049878,32.4903136822747,33.7564177695051,19.4834118446823,-1.8884196477964,19.1128024489868,-14.7329876630231,-2.89959344981504,16.4096097880178,-9.00151906604856,13.8102737446211,0.89036919396592,-29.5176378702869,11.3883207266136,15.8306478340032,3.96372089534048,-2.79486027169362,-2.77326016243812,18.1472741365851,-2.15045968917793,-9.27852178756904,0.097597298198334,-9.16979142288899,-12.0230551793337,9.79469344705612,-9.05744641935953,-27.9393206744281,2.91008485702937,16.2700095175152,15.1818481458021,15.9549781941739,14.8820039231803,-8.83424208731025,-31.7521582748161,10.8839726016203,13.4658648636673,9.12513710629844,11.5450584982638,2.95550284079957,-20.9866356476296,-7.07893848880309,-13.1700930758684,16.3984442259172,9.81223445218854,13.7435417785069,-5.59473194692673,-26.1993191638239,-19.0650760071472,-10.026238263474,-5.78758579071716,-5.72881423183725,11.5386889491781,-14.1709374131994,-30.1736481564894,-4.04829852247211,-13.3366982467825,-8.24751498522328,-13.5377980106502,-10.246257306226,-14.5681913292382,-32.9293054381329,-1.68952987663658,-14.4056617417819,-8.2861735618919,-14.5194218155535,-1.72441397492493,9.03609362601043,-0.586889383205392,21.1980206443586,-10.0344314261545,-13.7814671619804,-8.31304166623803,6.29846237893465,-3.24669129180118,-18.5063845636309,-29.5271884439927,-3.32312738514976,12.5249421555624,12.5427839135375,3.89538217406991,14.0586542008399,1.03560296533088,-26.0277854850257,-3.41263456294162,17.0925540950936,14.3410268307018,12.3434875193542,-3.33810872087193,-21.1275393521738,-32.3458391065219,11.8980159536525,15.7213855962734,11.8670430099641,15.2503561875682,9.09676411137689,-5.34700944210775,-28.2042817779977,16.1530359954404,7.1856755617399,-15.2554936278585,-14.5565416050341,13.8752645746301,4.39494492773855,-13.4728314545536,15.6390944082464,-14.5201006490716,0.15653520789861,-4.12046716022418,-14.6176371888392,18.2391684692308,-14.8675276798659,15.3046843538192,5.99746610872015,-11.5532337172598,-13.0430894302386,1.91138367537341,-16.4007424994481,28.5344734953777,-13.7046172597127,43.001001966004,54.645596876494,54.3500084044339,30.5320501388062,52.1323645723466,50.6978659876382,7.87356156982566
382.447946551212,460.006691844287,307.783975761585,10.5735741811587,-1.538543854639,33.6472536075285,16.1106095090546,33.9256621131419,33.3103703661374,-10.5273832170049,-1.62799014339869,12.2513850603451,-10.2214898950476,-12.7326923764021,-9.49476417766744,10.1111601594871,6.7799336288246,10.5983605052082,-10.5383774266505,6.22876401727321,-26.2698710561205,-6.09917798044539,47.735018148437,18.5476048212265,13.7303678369336,13.5443599285074,6.94647332750819,-3.20684146052612,0.0620467599516985,12.7584221814143,11.8263473540909,-28.135747405781,-23.122857576773,11.6781267207819,-12.0211496286502,28.796548653469,29.9097331289042,17.2474771907254,-1.64664882582126,16.9678985211372,-13.1107997108699,-2.61659187812408,14.5186916884466,-8.02976032955801,12.1917693058268,0.758491958992359,-26.2081405149279,10.0462948168621,13.9821000556103,3.46517476044783,-2.52561772735969,-2.50646169540259,16.102557034922,-1.942124624927,-8.27356304785365,0.0421991184663142,-8.17715372761312,-10.7073464234735,8.63317753026203,-8.07531117499994,-24.8041715521071,2.53685814037534,14.3716433912246,13.4073119967925,14.0923081380442,13.1414965387261,-7.87693364848244,-28.2102341683028,9.59923479984879,11.8868959148258,8.04156859711552,10.1852195502944,2.57711730055601,-18.6630934550517,-6.26391467738703,-11.6909574437914,14.4854148246524,8.64877354758533,12.1330520023265,-4.99228882615602,-23.2873557396419,-16.9143270880503,-8.91226412003063,-5.1630039536326,-5.11096693852577,10.1795847850736,-12.5740332709925,-26.8114774332472,-3.57144568199613,-11.815765111659,-7.33958139567385,-12.0166268573477,-9.10716580239355,-12.9103548376145,-29.249585797927,-1.53217841811401,-12.7665271311405,-7.37383503502331,-12.8671934504688,-1.50079455644144,8.05235726914344,-0.496280065281724,18.8553977548863,-8.87885877863276,-12.232444723839,-7.39767066210216,5.53791367750289,-2.91444588354164,-16.4627781367138,-26.2166360501945,-2.98216435841726,11.0530758333152,11.068883956973,3.4046577140619,12.4123275959394,0.88763219525763,-23.1037497564169,-3.06146650578532,15.1006472578901,12.6623985662403,10.8921645803313,-2.99539479755863,-18.7883590836452,-28.7285286407315,10.4980436996841,13.8855931319587,10.4706094753512,13.4680353390515,8.01642181890723,-4.78050354142169,-25.0651820295182,14.2682568978539,6.32107953765331,-13.5750365742103,-12.9556806313904,12.2493445460814,3.87289060548449,-11.9452549767527,13.8122047218069,-12.9218720067556,0.0947053478234352,-3.69975777089523,-13.0084488678568,16.1888827163704,-13.2323528092796,13.5161959767031,5.27119734953341,-10.2618027744378,-11.5783918315041,1.72425327515679,-14.5470782585894,25.3717439393979,-12.1516569707133,38.2204264074261,48.5623530082909,48.2998333874273,27.1459125032365,46.3302976031461,45.0562809581116,7.01917190513943
282.826686778343,340.744883545175,227.133404820598,7.91769196530005,-1.12074755377681,25.4339905261068,12.0579140978667,25.6428283725874,25.1731598724696,-8.0251307355188,-1.18856596754229,9.24981626112688,-7.74791052021738,-9.62694052317295,-7.1523967048587,7.68545515959843,5.16877091773911,7.99151279173668,-8.03807253164005,4.67376263756017,-19.938120636934,-4.58513792934212,36.2417619014294,14.1103742104406,10.4570191768177,10.3159051544115,5.29510073833343,-2.38379983027277,0.0893339825244297,9.68237897039513,8.98059553723295,-21.3282580713383,-17.5103122637632,8.75112373020914,-9.15596112633984,21.735363972037,22.5902025912764,12.9769625359203,-1.20275177783856,12.8500795945139,-9.98209370870487,-2.06017261587292,10.9084570199362,-6.15268425866786,9.1392513330181,0.52189887494032,-19.8572029512704,7.51983888017328,10.4904436174296,2.55003803034121,-1.97557542490997,-1.96108798533465,12.1818357836073,-1.5253697523956,-6.32008931067979,-0.0501722798093702,-6.24727021773465,-8.16132827302019,6.45288704794758,-6.17314151540744,-18.7891345736976,1.85622439281683,10.7849615617368,10.0564312938934,10.5736779211168,9.85555558681429,-6.02252824355119,-21.4038419961708,7.18210135875409,8.90881758063196,6.00757463416794,7.62476950115505,1.88662439484794,-14.1887357105067,-4.71031789797257,-8.85167648253362,10.870550477931,6.46489656175047,9.0947928490059,-3.8162769816522,-17.6859232489921,-12.7936250066372,-6.76490027332796,-3.94488849400715,-3.90566160182874,7.62052609973581,-9.51266607266322,-20.3485606827435,-2.66753664583478,-8.91279317104711,-5.5830045036642,-9.09726704170482,-6.91193842171256,-9.74373517520346,-22.1818312126845,-1.21368334133531,-9.63546372154819,-5.60886550409787,-9.7112379369898,-1.09191656640144,6.15052536758168,-0.3344111165346,14.3438818385453,-6.68079383037816,-9.26003185969515,-5.62690459803281,4.11932639830911,-2.25212788872672,-12.5246255365407,-19.8636660086094,-2.30323274655915,8.28067096264402,8.29260342289825,2.50485411486521,9.30568759767607,0.620040013307392,-17.4954666972358,-2.36308015307468,11.3352356992859,9.49530855935496,8.15893717242072,-2.3131149357011,-14.2838977936328,-21.7821008692343,7.86098529945712,10.4184569186489,7.84028940921664,10.1023014636436,5.98859066980562,-3.67622719139186,-19.0291277933344,10.7076478391613,4.70777074930873,-10.3363364974016,-9.87074277512582,9.18260008429763,2.88584945547769,-9.0222306031662,10.3617455779711,-9.83909794237579,-0.00994899186868992,-2.87935022055466,-9.90464523255689,12.2546510325295,-10.0778169442306,10.1386825832433,3.91803225615105,-7.77821003605193,-8.76665110714113,1.34659800152598,-10.9972471139358,19.2854572288657,-9.1796112650988,29.0279323652998,36.8690058220883,36.6699706201513,20.630696440711,35.1767384805065,34.2108105383389,5.36603919226698
205.593505467286,248.263228163839,164.624573645548,5.8437715080166,-0.795826838993914,19.0213773406058,8.87535096260117,19.1779929773834,18.8199369244811,-6.07304877956231,-0.846791794654269,6.91314182452828,-5.82140263654781,-7.20752101574407,-5.32775320908581,5.7948268237479,3.91274775360383,5.96286994575335,-6.08429696673246,3.46553080357743,-14.9985833520998,-3.40807418971897,27.2725816441873,10.644913890177,7.89943915403553,7.79334786367618,4.00774196269474,-1.74309603463163,0.109963344034526,7.28518593229899,6.76273838135275,-16.0197024423972,-13.1351299876916,6.4663499126704,-6.91956876777084,16.235971522729,16.8686098144003,9.65896267751533,-0.85749402016353,9.64181160366623,-7.53884977762159,-1.61428397264756,8.10644705896656,-4.6786816262759,6.75605843468395,0.341903380537394,-14.9055002456327,5.54751368857919,7.76495109781201,1.83383854065317,-1.54849566484867,-1.53765276572154,9.12785928204214,-1.19594119217954,-4.79707738655512,-0.109363639325849,-4.74262362452204,-6.17507723286318,4.74977316877237,-4.68561099919575,-14.0997038984649,1.32342145371423,7.98523953993085,7.44094438273231,7.82715439302269,7.29075714194454,-4.57225200814718,-16.094591491472,5.29508454134487,6.58418723195289,4.41936254717618,5.62592349501037,1.34613832597696,-10.6962934241766,-3.50237951826567,-6.64001445207222,8.04901237700505,4.75886636202724,6.7232121464335,-2.90138130065957,-13.3152320805539,-9.582770424656,-5.09267070762928,-2.99715237668415,-2.96792149134232,5.62276770977895,-7.12783364394828,-15.3067591448544,-1.96644568385564,-6.65122462616273,-4.21544168394302,-6.82315460002677,-5.20237498432473,-7.27669123836771,-16.6695548906066,-0.960915509423815,-7.19613979742899,-4.23475138075081,-7.25250831045411,-0.773946557043665,4.66281484921901,-0.212215181494098,10.82046974368,-4.96855142446374,-6.94453996357667,-4.24826478889821,3.01107206064237,-1.73771406666578,-9.45002350565912,-14.9103762351742,-1.7758570963239,6.11552595107278,6.12443379824891,1.80028592605066,6.88076497951645,0.415861807070774,-13.1236377617245,-1.8205289909127,8.39625655464678,7.02250571579413,6.02441747846526,-1.78315545067274,-10.767970760494,-16.3648281906059,5.80239612098997,7.7117973507987,5.78695820090883,7.47522411266978,4.40518146007118,-2.81077594991164,-14.3198602940132,7.92801905559403,3.44652974416102,-7.80580691060436,-7.45870209752936,6.78837885101684,2.12056744201691,-6.74583379830536,7.66855097541165,-7.43165472098867,-0.0788554978461349,-2.22785403776282,-7.48081578426574,9.18976562482294,-7.61407598882736,7.50241848507379,2.86077924161485,-5.8438807853964,-6.57648094761498,1.05169202932465,-8.23177579858701,14.5336799620018,-6.86490868645555,21.8533084325536,27.7437600847627,27.5942414245033,15.5443549909295,26.4725151946465,25.7468903571344,4.07239525315776
200.865833144327,242.645385856007,160.761081239076,5.72155650447896,-0.774123938391119,18.6656159356456,8.6831260487751,18.8197163032243,18.4669039845506,-5.97134775127917,-0.824180262377871,6.78414736723004,-5.71753408594491,-7.07466997801293,-5.22512101306053,5.69465735841656,3.84760616548831,5.85012809949506,-5.98202854230467,3.3967669652268,-14.7327708422592,-3.34169321824989,26.7902342499126,10.4605026172727,7.76412407037234,7.65992324747403,3.94091589906479,-1.70419582415969,0.114938106808189,7.15680314825172,6.64445350990655,-15.7321527174158,-12.8968724046758,6.33256279983277,-6.80198183058546,15.9314299644167,16.547768203489,9.47351245057678,-0.834698778997614,9.46764877655107,-7.4097076308613,-1.59409585945725,7.94921649458112,-4.60227805146321,6.61663047987351,0.328386621715032,-14.6365810014472,5.43122157498771,7.60648284703107,1.78716108042929,-1.53160290698405,-1.52096157389105,8.96105664351929,-1.18188801341714,-4.71923881776994,-0.116807301873914,-4.66579604199186,-6.07149443294643,4.64818800729721,-4.60875311187342,-13.8447253657477,1.28786447273381,7.82264520091358,7.28867580653864,7.66751961889991,7.14130461488325,-4.49739202694977,-15.8083802136897,5.18353568235667,6.44818133561435,4.3246028742076,5.50815639533715,1.31015598311541,-10.510098558071,-3.43434691484879,-6.51975317592429,7.88522845976584,4.65710858265772,6.58460068296811,-2.85527264461896,-13.0808695844365,-9.40687575373941,-5.00342882909751,-2.94918723391077,-2.92052057223774,5.50506313065966,-6.99740815853568,-15.0354012669416,-1.92576057490364,-6.52507316871851,-4.14364519517951,-6.69938875061558,-5.11104151233869,-7.13954970094157,-16.3716304322928,-0.950937365150379,-7.06056881101028,-4.1625880555457,-7.11583741948654,-0.752599154556952,4.58533117638569,-0.202765720019373,10.632930481939,-4.87153570111198,-6.81845167073777,-4.1758518640941,2.94323594122089,-1.71429699067266,-9.28674152752391,-14.6413726121312,-1.75171441957122,5.98822699514381,5.99696574677945,1.75421526071095,6.73918407261026,0.401055865539902,-12.8855359323743,-1.79553778125976,8.22594376862135,6.87808825643248,5.89881991691069,-1.75886772459589,-10.5805204288411,-16.0717103290146,5.68130746828328,7.55437286977002,5.66616497577273,7.32231053954587,4.31068826588245,-2.76764647823203,-14.0668314782473,7.76653942265902,3.36950597375955,-7.67175062618607,-7.33104648753716,6.64834383753048,2.07561704676408,-6.62025911107586,7.51188672474409,-7.30446658085959,-0.0868211724914119,-2.19642377456182,-7.35273647453529,9.02296736079433,-7.48401397499474,7.34899564685838,2.79578325262547,-5.73955989564149,-6.45741740465696,1.03937666595883,-8.07988656263434,14.2796857899636,-6.737324054567,21.4681529981958,27.2529580722922,27.1061214535768,15.2722477330888,26.0045188776589,25.2919097050653,4.0053380897098
197.087647646279,238.163323650181,157.667297005622,5.62641560290096,-0.756730621480362,18.3913060626375,8.53530083518799,18.5432347887636,18.1946207915341,-5.89359849920855,-0.80608546679391,6.68385023732671,-5.63720985064313,-6.97169193643162,-5.14524002458493,5.61760980510313,3.79772527497266,5.76227106437848,-5.90421591420821,3.34272518553432,-14.5283740721298,-3.28968595798716,26.4197879111139,10.3195067553165,7.66092536409414,7.55817899469885,3.8897355151696,-1.67350267246543,0.11937273891005,7.05782668188508,6.55334556370901,-15.5104999201916,-12.7128373842242,6.22840223903141,-6.71209730131008,15.6948322743437,16.3008420448392,9.32813756827353,-0.816462444400017,9.33295969980567,-7.31105342342905,-1.58069023315778,7.82548251610471,-4.54523117933831,6.50815561248889,0.316854041250005,-14.4290834614143,5.3406092828462,7.48324409323866,1.75047756940205,-1.51916194396608,-1.50867600836965,8.83182786375617,-1.17216330084273,-4.65981366806912,-0.124853948437234,-4.60715651605618,-5.9922959444579,4.56903106181088,-4.55057391538812,-13.6478931328875,1.2598353420186,7.69622915399933,7.17021656034859,7.54337753473275,7.0250190162171,-4.44074923713888,-15.5881530534134,5.0965882067936,6.34230619147836,4.25067338462426,5.41640360080866,1.28179702674708,-10.3674172270624,-3.38107307332048,-6.42666342373366,7.75787218841864,4.57783285111036,6.47671151524301,-2.81990020667791,-12.900890578661,-9.27068612314965,-4.9345078608831,-2.91237445877213,-2.88414485374316,5.41335864528154,-6.89637687745253,-14.826726331271,-1.89352379049671,-6.42705007145918,-4.08830734151437,-6.6035818816576,-5.04050032183478,-7.03305759251802,-16.1421720415569,-0.944338535484103,-6.95529750963655,-4.10696674866434,-7.00971103721512,-0.735477587742064,4.52664783307306,-0.19455707531953,10.4895281030642,-4.79593830916326,-6.72084489949911,-4.12003831574066,2.89017549067713,-1.69656303394082,-9.16179999601309,-14.4338105295172,-1.73341888585325,5.88919687559343,5.89780489274316,1.71804061032493,6.62899767655643,0.388533558537787,-12.7016135043615,-1.77658525255648,8.09353820971958,6.76578520694951,5.80109688458234,-1.740455966609,-10.4368748721959,-15.845858597047,5.58698328736699,7.43198126070891,5.57206947194163,7.20335287293012,4.23696543911183,-2.7354877642343,-13.8723732860796,7.64101883025608,3.30940174578605,-7.56948867759228,-7.23390845581136,6.53939081296049,2.03990097205519,-6.5227509109379,7.39002250627276,-7.20732297934353,-0.0952511301131658,-2.1743036950904,-7.25490368256411,8.89387184182438,-7.3847257770731,7.22964398007974,2.74492458486851,-5.65888493235773,-6.36525322446229,1.03042416479648,-7.96215638875131,14.0851151255205,-6.63828582729654,21.1725696617383,26.8759988999778,26.7312282172327,15.0637270621575,25.6451269027226,24.9425434327456,3.95466303299651
192.998615897596,233.297456697043,154.331883984848,5.5216720516631,-0.738520628900158,18.0813434400094,8.37399729162925,18.2307059380015,17.8871670250655,-5.80322513294668,-0.787073224694488,6.57038704597745,-5.54536946226301,-6.85489729269336,-5.05559494493174,5.52878221643464,3.73964036334878,5.66318472644468,-5.81390287943238,3.28242725510573,-14.2943131781292,-3.23142108365277,25.9953980213086,10.1571467640147,7.54175029156807,7.44066714810183,3.83016242222779,-1.64015095273375,0.122891233980553,6.9442834767087,6.44862800705477,-15.2574690287223,-12.5032794459873,6.11343018119876,-6.60804017579956,15.4274973780629,16.0230272517989,9.16466711816948,-0.797286730504112,9.17940472969605,-7.19709982996209,-1.56359953213774,7.68663007542226,-4.47855994409558,6.3883733023647,0.30526380038588,-14.1925039206501,5.24087861584346,7.34680763844294,1.71168203159926,-1.50251648418107,-1.49220637052115,8.68491260937457,-1.15947853306833,-4.59013252638109,-0.132129214679038,-4.53836525622135,-5.90027970460463,4.4823175245487,-4.48260871984677,-13.4236001347571,1.23045425458445,7.55620503566332,7.03914402148927,7.40592075074261,6.89640080165972,-4.37454603538014,-15.3361759757743,5.00099371360111,6.22540007254038,4.16970045360433,5.31538599234028,1.25204314135358,-10.2032958648244,-3.32135358129419,-6.32062636474043,7.61678039738456,4.49098738358915,6.35753058714911,-2.77819529338253,-12.6944394555729,-9.11604399127219,-4.85534479907566,-2.8690559822155,-2.8413163769317,5.31239479133776,-6.78158527416826,-14.5877843855237,-1.8578657132996,-6.31664055674561,-4.02427515875785,-6.49449132149418,-4.95951502116007,-6.91292692291333,-15.8799549928818,-0.935253560433553,-6.83653295737645,-4.04261562738847,-6.88998979069247,-0.717586069353622,4.45834383426833,-0.186381202875484,10.3244161011913,-4.71136801549364,-6.60973165174048,-4.05546941512633,2.83265956171969,-1.67459566791538,-9.0178134697715,-14.197156641351,-1.71081966040721,5.78006361228518,5.78852442819877,1.67982937184649,6.50722573328685,0.375805089824203,-12.4921948966267,-1.75324647158199,7.94674789130575,6.64168175528522,5.69344022866362,-1.71772652221969,-10.2716460099517,-15.5879004622011,5.48306405255712,7.29649762656065,5.46840712492379,7.07171802841341,4.15622587527706,-2.69721162058798,-13.6495290059726,7.50200251588361,3.24418527356011,-7.45146332087641,-7.12171406950459,6.41906765853837,2.00059527102997,-6.41239277060131,7.25513663200279,-7.09508770163779,-0.102968148906161,-2.14731084803991,-7.14188327522749,8.7468657583052,-7.26996829540509,7.09756394384956,2.68989115487932,-5.56665534120434,-6.26025970018687,1.01874361045605,-7.82863818810391,13.8615525563288,-6.52615388615602,20.8336533486974,26.4441740098386,26.3017619675145,14.8242345394155,25.2333576559735,24.5422204451926,3.89553722855918
192.362729722959,232.541076932829,153.812926409399,5.5054278180295,-0.735677355330303,18.0334279966533,8.34896339878997,18.1823946664093,17.8396352086835,-5.78930218685544,-0.784106101319228,6.55284582657181,-5.53119038455995,-6.83684797768035,-5.04172310425045,5.51508274058733,3.73069313432569,5.64785988458971,-5.79998884909997,3.27308786335458,-14.2581883341931,-3.22240157012966,25.9299032548393,10.1321076907966,7.52337825760125,7.42255185918227,3.82098548982988,-1.63496882677451,0.123464020120611,6.92676145232195,6.43247181550553,-15.2184001042258,-12.470911902792,6.09560487655972,-6.59200201020865,15.3861627997592,15.9800623835364,9.13937167746245,-0.794294399730887,9.15568961625997,-7.17953229771332,-1.56100209189991,7.6651367408844,-4.46830140393114,6.3698035303147,0.303441563478533,-14.1559690906759,5.22541081938908,7.32566249333248,1.70563516369479,-1.49999139774504,-1.48970845908464,8.66221463553684,-1.15755273571146,-4.57940811125262,-0.133296865833017,-4.52777839385589,-5.88610289859174,4.46886135489935,-4.47214662864253,-13.3889600733921,1.22586927842249,7.53450527366129,7.01882865145523,7.38461785364379,6.87646487180999,-4.36435584521829,-15.2972816032583,4.98616542216063,6.20727571842579,4.1571342817262,5.29971920974508,1.2474005292087,-10.1779804853728,-3.31210965231115,-6.30424813695188,7.59491555577473,4.47751084975133,6.339054543851,-2.77177981552832,-12.6625830935787,-9.09214941297282,-4.84312966246672,-2.86239078952954,-2.83472700618135,5.29673633287943,-6.76384940876116,-14.5509058235499,-1.85233594567417,-6.29956349244758,-4.01440343504197,-6.47764071153677,-4.94701801324365,-6.89434981386641,-15.8394733901899,-0.93388296785006,-6.81816730726182,-4.03269457532564,-6.87147605205474,-0.714791815264991,4.4478252445054,-0.185093641397213,10.2989522131697,-4.69827631651302,-6.59256813125176,-4.04551470923444,2.82372212644096,-1.6712353397762,-8.99560937450061,-14.160610345844,-1.70736160091743,5.76314086773185,5.77157891784098,1.67387286478278,6.48834904299428,0.373807270762706,-12.4598486434528,-1.74967402746486,7.92400195733273,6.62244402112843,5.6767457251693,-1.71424829025391,-10.2461597625823,-15.5480735221386,5.46694860771763,7.2755000678191,5.45233142067651,7.05131571486105,4.1436957867676,-2.69133399583321,-13.6151386899994,7.48045880186593,3.23405330565079,-7.43326716363211,-7.10441948585644,6.40041424105805,1.99449576219724,-6.39533309512528,7.23423114472165,-7.07778561317282,-0.104203845220459,-2.14318343739311,-7.12445991969492,8.72415858790408,-7.25227846722659,7.07709280394923,2.68133762594026,-5.55241596728136,-6.24404283407328,1.01696788409263,-7.80800411909487,13.8270646309078,-6.50882089321639,20.781355530947,26.3775312755131,26.2354834047266,14.78728711758,25.169811501491,24.4804415786944,3.88643501957261
190.296691140168,230.08294608905,152.127315363939,5.45260428976984,-0.72646851327041,17.8772768101094,8.26765144805359,18.0249446356326,17.6847431008062,-5.74382319465371,-0.774493195895523,6.49566219546192,-5.48493020912807,-6.77800027863747,-4.99653445386969,5.4703591849632,3.70146094756101,5.59791242427679,-5.75455165679316,3.24267127891328,-14.1403289997211,-3.19301827645935,25.7162222875283,10.0503882925451,7.46340667911794,7.36341783188006,3.79100381273539,-1.61813218841614,0.125270522044596,6.86958101634102,6.37974067368146,-15.0909629550688,-12.3653518612868,6.03762514411281,-6.5396331161759,15.2514300306079,15.8401074729813,9.05693501990048,-0.784599185806382,9.07833624140186,-7.12218239817106,-1.55248293189384,7.59509636991111,-4.43479851543352,6.30940170036873,0.297551928461846,-14.0368078627823,5.17511152930235,7.25686778441949,1.68604180668324,-1.49165153492994,-1.48145716535979,8.58819429525305,-1.15121634463059,-4.54435071312064,-0.137055834841616,-4.49316945917711,-5.83979639996767,4.42512352331089,-4.43796692420105,-13.2759831078772,1.21102336655974,7.46390334696196,6.95273614040373,7.31530900906668,6.81160884785388,-4.33106335602605,-15.1703938717135,4.9379500662947,6.14832153040976,4.11628777310357,5.24877148688443,1.23236675248097,-10.0953620804544,-3.28199405382657,-6.25082987201822,7.52377495615376,4.43370700077023,6.27895421576761,-2.75079602939589,-12.5586376082969,-9.01423691137749,-4.80326202619933,-2.84059373764175,-2.81317689420085,5.24581569752006,-6.70601531600957,-14.4305880370692,-1.83433681374982,-6.24391721862456,-3.98216460776073,-6.42268357702732,-4.90623208911492,-6.83380822505759,-15.7074187491962,-0.929358772712447,-6.75831436517381,-4.00029505197166,-6.81114084400645,-0.705743209268043,4.41347189230477,-0.180933570274348,10.2158469860025,-4.6556401140594,-6.53659165001421,-4.01300549380074,2.79469697802817,-1.66020108219952,-8.92313544646739,-14.0414116965205,-1.69600894855767,5.70810693203419,5.71647081012282,1.65457509722137,6.42694317131848,0.367344590771374,-12.3543584214933,-1.7379487049688,7.84999009435598,6.55986594355571,5.62245549167427,-1.70282986724504,-10.1629837568022,-15.4181592022166,5.4145387776106,7.20718688245802,5.40005103989905,6.98493989431102,4.10296688175123,-2.67210782112587,-13.5029325820078,7.4103658868624,3.2011489445404,-7.37387192557038,-7.04796739257546,6.33973962955397,1.97465004212927,-6.33971911725617,7.16621704261547,-7.02130135142699,-0.10818465487487,-2.1296750004653,-7.06758013489756,8.65009915684081,-7.19452761162525,7.01049266561298,2.65356351474131,-5.50595960351744,-6.19115033631258,1.0111167699744,-7.74072854540055,13.7145234846057,-6.45231445957898,20.610720730954,26.1601058679969,26.0192458580526,14.6667234202804,24.9624865524423,24.2788812029049,3.85670288774378
189.580246578055,229.231382286256,151.542065911446,5.43438957230349,-0.723240988358654,17.8238714374302,8.23953863028953,17.9711005130491,17.6317565841416,-5.72840386341548,-0.771127983667856,6.47610989346111,-5.46916522338452,-6.75789541962472,-4.98104501516255,5.45515727949065,3.69155521434898,5.58081782040429,-5.73914036103549,3.232225607076,-14.1001851975184,-3.18294051888939,25.6434513004449,10.0226029218905,7.44303399663559,7.34333054856405,3.78084279297665,-1.61230179064314,0.125968806466785,6.85011497819448,6.3617999968358,-15.0475143505767,-12.3293334499084,6.01764871385613,-6.52185606458431,15.2053455136143,15.7921784711189,9.02869344983733,-0.781206010874108,9.05195178665808,-7.10270138090318,-1.54967679044494,7.57108550216556,-4.42346121473939,6.28859349221691,0.295458856759888,-13.9961650847585,5.15776562346906,7.23318743243534,1.6791983180841,-1.48893769123499,-1.47877360123842,8.56292441466696,-1.14914148945399,-4.53249625115737,-0.138442599669196,-4.48146827550526,-5.82409433539196,4.41001804308181,-4.42639728236012,-13.2374427810965,1.20582313942684,7.43960477672185,6.92998193396648,7.29145278717578,6.78927763659259,-4.31979577023056,-15.1271635395366,4.9213171692934,6.12801163817384,4.10217995481282,5.23120370767214,1.22710227530425,-10.0672610139767,-3.2716670956084,-6.23260437825431,7.4992923898315,4.41857884946862,6.2582522683028,-2.74371167691599,-12.5232518817229,-8.98762860916519,-4.78969465890528,-2.83323047828901,-2.80589830052211,5.22825722713662,-6.6862677154613,-14.3896058947581,-1.82813834096103,-6.22486515144652,-3.97121820273339,-6.40393085098979,-4.89235018609051,-6.81308994143912,-15.6624107247216,-0.927900089085306,-6.73783233604063,-3.9892936135956,-6.79049335449755,-0.70256987729508,4.40183056118468,-0.179450544408525,10.1875893915135,-4.64101111184492,-6.51748968433129,-4.00196656900331,2.78463903737385,-1.65653014248011,-8.89849932297286,-14.0007561961039,-1.69222896588393,5.689136027531,5.69747450938399,1.6478322944159,6.40579444277903,0.365056593471222,-12.3183632316824,-1.73404110870623,7.82452511867678,6.53831322845409,5.60373895161377,-1.69902732300834,-10.1346929442927,-15.3738732546089,5.3964707092629,7.18367153471486,5.38202732692125,6.96208874285385,4.08889929591242,-2.66563729004735,-13.4647231465689,7.38624168798802,3.18975056769877,-7.35369149247008,-7.02879175720709,6.3188381349577,1.96780455667217,-6.32070643058939,7.14280377192378,-7.0021157969559,-0.109646794328958,-2.12516529507202,-7.04825964046587,8.62482898263395,-7.17491422562095,6.98756479137963,2.64393375680925,-5.49012713731085,-6.17310478984038,1.0091997585225,-7.71774402626022,13.6762321164573,-6.43299896549859,20.5526251860328,26.0860582644997,25.9456032297935,14.6256971264704,24.8918825066536,24.2102424570928,3.84663515958065
187.069716617576,226.227251911516,149.508460775136,5.36771110304818,-0.712671434717985,17.6182628572183,8.13781218702389,17.7637431342717,17.428036370892,-5.66592952185237,-0.760017448602293,6.40092967377647,-5.40728466083386,-6.68013918374967,-4.92233390695706,5.39453389624754,3.65132930441772,5.51549742041844,-5.67672903699317,3.19320189739835,-13.9418682917541,-3.1449668464777,25.3561121463017,9.91174525865726,7.36128492619442,7.26270414632044,3.73961125995903,-1.59159105713955,0.126761615919076,6.77319825869802,6.29065626703893,-14.8772332136416,-12.1888949169317,5.94417943965921,-6.45030099582499,15.0284777114118,15.6089071256601,8.9216125815118,-0.769983690903667,8.94891501796856,-7.02455667335392,-1.5359678150768,7.48051888428871,-4.37668846076947,6.21198086628743,0.289400244592352,-13.8372780141538,5.09433022732161,7.14557544182676,1.65611453013984,-1.47533313738833,-1.46528590653261,8.46478568382102,-1.13885750559982,-4.48375633144704,-0.140977014109776,-4.43331913649545,-5.76052474458473,4.35525130684808,-4.37895339955139,-13.0869478124454,1.18863270785934,7.3496140521699,6.84589586931162,7.20316530595371,6.70681747516424,-4.2735460466726,-14.9569603820232,4.86061918848163,6.05326337849047,4.05108190886042,5.16691704349815,1.20966493416775,-9.95544923114932,-3.23270475963496,-6.16155027864646,7.40859511655452,4.36372301319646,6.18199713217667,-2.71437089616596,-12.3832259412302,-8.88447933017182,-4.73599811143643,-2.80283448081406,-2.77582329599693,5.16400544165819,-6.60963694006604,-14.2280076830396,-1.8054224420383,-6.15213320070838,-3.92732297589749,-6.33087039731482,-4.83745458476313,-6.73376596161711,-15.48564377461,-0.920071539624859,-6.65939969120838,-3.94518818623611,-6.71143669166557,-0.692222865593815,4.35438212962643,-0.17529051594701,10.0748740696029,-4.58589778791339,-6.44310003808701,-3.95771607400213,2.74895932977856,-1.64006682307457,-8.80011019408214,-13.8418183466284,-1.67534949215492,5.61954203730092,5.62778345040092,1.62513416792656,6.32782681348058,0.358223218162342,-12.1780303596025,-1.71667431527179,7.73005788967438,6.45883327324334,5.53512546741579,-1.68206372567222,-10.0221286917273,-15.2001286037658,5.33026547860407,7.09667598593289,5.3159909074858,6.87763074249068,4.03795560273526,-2.63815369244546,-13.3138138553934,7.2969058940917,3.14918550381532,-7.27280312254186,-6.95176106834117,6.24186883134191,1.94298238908059,-6.2475033475166,7.05622231278352,-6.92512057437524,-0.112487184076761,-2.10484795886376,-6.97073818103124,8.52637164251015,-7.09613168868468,6.90281183072873,2.60989275091537,-5.42799543295451,-6.10274035505226,0.999855974538001,-7.62886934751623,13.5241309270709,-6.35857210289236,20.3228330837954,25.7937143237603,25.6548471812053,14.4628677198558,24.6130399561777,23.9391059088458,3.80540422776083
183.053428757516,221.422707700629,146.253953321069,5.26122709051443,-0.695708719387135,17.2905962085839,7.97526616551045,17.4332951059585,17.1033615082304,-5.56656746210649,-0.742193315323169,6.28111812372957,-5.30874698007196,-6.55624834866745,-4.82871194931338,5.29805831456277,3.58735878830599,5.4113734973853,-5.57746167214141,3.13094057685029,-13.6898088873916,-3.08440162109531,24.8986525646993,9.73532266603334,7.23121443369847,7.13442125562973,3.67403962578183,-1.55847493143692,0.12814652255528,6.65074971522814,6.17741389522888,-14.6060605833596,-11.9652026935631,5.826875142183,-6.33646660462477,14.7465900489894,15.3167524041303,8.75087331670515,-0.751981681574408,8.78480889024382,-6.90022140513141,-1.51429496347037,7.33608350629674,-4.30234027091951,6.08966238791592,0.279621450571005,-13.5842262369029,4.99302239000299,7.00572469298039,1.61911598784098,-1.45385672302971,-1.44399570735571,8.30844686845892,-1.12261128755793,-4.40628227291033,-0.14518267445138,-4.35678648727083,-5.65941766322544,4.26775376229993,-4.30352706389451,-12.8472512043491,1.1610555366837,7.20597228508803,6.71166712948506,7.06223798348254,6.57518002628484,-4.20002076348576,-14.6859593098842,4.76367430836381,5.93392051847361,3.96944368397941,5.06425240551385,1.18169426255639,-9.77749145207286,-3.17056581574521,-6.04837422524104,7.26382752796709,4.27608347357184,6.06025270409404,-2.66774567512037,-12.1603166722583,-8.72014542443292,-4.65052029835422,-2.75452643102362,-2.72802711926392,5.06139645451448,-6.48755561678783,-13.9707225530623,-1.76915198626146,-6.03618688909469,-3.85748328108542,-6.21449544592101,-4.75006514651445,-6.6073258168229,-15.2041652759879,-0.907733079690694,-6.53438116512099,-3.8750133918372,-6.58542288500243,-0.675613908085628,4.27893063142469,-0.168565781368866,9.89549356977883,-4.49799103042752,-6.32460584790761,-3.88731013542788,2.69190346713171,-1.61398030479891,-8.64353756558594,-13.5886857596862,-1.64859953395944,5.50841169386043,5.51649836925984,1.58875002580409,6.20335280787803,0.347211286924207,-11.9545055086907,-1.68914748742469,7.57928158631465,6.33194515250883,5.42555767916133,-1.65517957258306,-9.84297315126052,-14.9234514010578,5.22454288889563,6.95780844217277,5.21053747209497,6.74280918407651,3.95656338803598,-2.59451547269405,-13.0735616735055,7.15430856105535,3.0843242956796,-7.14409725569498,-6.82920216786086,6.1189818522176,1.90333127360914,-6.1308480525565,6.91801387192218,-6.80261636325117,-0.117179563864948,-2.07264732994916,-6.84739579373353,8.36954508717582,-6.97078725757909,6.76752019263727,2.5554489649059,-5.32905694834157,-5.99066359642319,0.98509143949391,-7.48726339027212,13.2820320062377,-6.23997019152717,19.9570155601528,25.3282846853295,25.1919462250635,14.2036846423588,24.1691110166936,23.5074485949908,3.73985105767182
178.94157571674,216.491449917077,142.932547411953,5.15006829438384,-0.678721194967441,16.943043057616,7.80577112857185,17.0828248196525,16.7591292738694,-5.45955955581545,-0.724287085694819,6.15427996990772,-5.20370264167209,-6.42476845036528,-4.72998588900462,5.19470596121436,3.5184547537671,5.30138521206411,-5.47045142086816,3.06571060613942,-13.4205126194684,-3.02075000177771,24.4096225602996,9.54603972931832,7.09138578874311,6.99650097939549,3.60342657489915,-1.52430453067778,0.128604510266442,6.51994374336023,6.05630789515081,-14.3169690425167,-11.7271577594739,5.70427337998286,-6.21406990516742,14.4483224365442,15.0073280387655,8.57117287474674,-0.733884806071909,8.61015098585639,-6.76663035884331,-1.48937060925542,7.18442105743022,-4.22151930798051,5.96174607976538,0.270465508496962,-13.3146881553829,4.88733586489595,6.8592612485928,1.58153019363996,-1.42948418805361,-1.41982086784442,8.14236408644432,-1.10402064021002,-4.32252228497631,-0.147716464268594,-4.27402382680173,-5.55055491762799,4.17668875935494,-4.22188082516199,-12.5920414320697,1.13327427507138,7.05548633616094,6.57115560437565,6.91463426988369,6.43741581236226,-4.12040681204949,-14.3965933355002,4.66261101052236,5.80915914699575,3.88454746653467,4.95712864830211,1.15349634427906,-9.58678853527811,-3.10522928237764,-5.92796929692765,7.11215682526073,4.18486288308756,5.93294615986812,-2.61726422090677,-11.9218887137713,-8.54562770013759,-4.5591711848963,-2.7022702339523,-2.67631130563916,4.95433134442843,-6.35786017448925,-13.6958581815535,-1.7314352231412,-5.91363735725081,-3.78255797221577,-6.0907111882401,-4.65669515954039,-6.47355999320988,-14.9038661254322,-0.893330689590227,-6.4021126579795,-3.79973338599093,-6.45210624016505,-0.659008719986634,4.19738447562779,-0.162394766182253,9.70305284804092,-4.40547196318224,-6.1985824885446,-3.81178443497689,2.63298125098481,-1.58513067371362,-8.47554114630395,-13.319060978366,-1.61904816252619,5.3923126712485,5.40023561762084,1.55180338127407,6.07315589839007,0.336734797889887,-11.7166476390636,-1.65877437355588,7.42124602664027,6.19917486949738,5.31111837081894,-1.62548862732454,-9.65098841281455,-14.6283842658333,5.11418132517628,6.8123656204258,5.10046041502097,6.60166957250541,3.87192754902568,-2.54674109418439,-12.8167518457473,7.00491108506405,3.01720950800675,-7.00579444527698,-6.69736178749748,5.99046645640915,1.86225483432707,-6.00726917160477,6.77329863218097,-6.67097208539037,-0.120242038589712,-2.03654511395909,-6.71485990695482,8.20276535468264,-6.83603461504432,6.6258825072711,2.49928999529881,-5.22359161123294,-5.87142321516178,0.968399002447008,-7.33702049464453,13.0226842215366,-6.11429411549306,19.5657138400399,24.8307560207007,24.6971140968028,13.9261159441955,23.694509883766,23.0459337589268,3.66888790200628
143.606930007392,173.752834188044,114.699249752545,4.13518291330801,-0.544411773718608,13.6082920118133,6.26765764797701,13.7205008011628,13.4604704429557,-4.3861348264789,-0.581012494143392,4.94270343293251,-4.1798272543252,-5.16022934522556,-3.79856976544598,4.17295401451137,2.8266633474787,4.25752667725678,-4.39502945721348,2.46163466689959,-10.7804303349369,-2.42569583005174,19.6080267686714,7.6687738294025,5.69704751032715,5.62082944559222,2.8949178442964,-1.22359365525619,0.104011953302924,5.23727259215356,4.86494288904048,-11.500061253841,-9.41947295955227,4.58025969442768,-4.99219100788695,11.6038144318992,12.0533548393196,6.88287659586463,-0.588722469245363,6.91581217469811,-5.4360605287602,-1.19784565513798,5.76895812481023,-3.39221372577331,4.78707212171833,0.216274485501071,-10.6948013730494,3.92415006467104,5.50789148295913,1.26911751164781,-1.14921595934264,-1.14145443371762,6.53984753496342,-0.887777200416199,-3.47285147708265,-0.120276678331646,-3.43390030762583,-4.45922342149957,3.35342475317716,-3.39215929926959,-10.1142676249322,0.90919207439608,5.66549773861727,5.2764921806544,5.55236430978391,5.16907591651653,-3.31064656949981,-11.5643695245248,3.7436591348255,4.66449985090216,3.11878494122889,3.98020463128233,0.925433205060518,-7.70131218617162,-2.4935591463121,-4.76142106854556,5.71100219052432,3.3599959824864,4.76392101331075,-2.10282761487337,-9.57682373212937,-6.86372692656875,-3.662270772613,-2.17109527607822,-2.15024733956601,3.97795807609923,-5.10658738805674,-11.0015983325046,-1.39002964038457,-4.74934725938632,-3.03863284823353,-4.89212159772322,-3.74059500256024,-5.19912186550952,-11.9716539319584,-0.718524944491197,-5.14174487014113,-3.05242737261512,-5.18189295269798,-0.528574204378613,3.37240476739408,-0.129664425702266,7.7948976999938,-3.53782722606157,-4.97875509177097,-3.06210698872305,2.11362809529824,-1.27395579143719,-6.80877613997899,-10.6983142566374,-1.30119623830114,4.3297629125399,4.33612615870164,1.24525734051101,4.87653066178731,0.269509387114542,-9.41102411860176,-1.33310182749622,5.9592490444446,4.97777892514177,4.2645466392051,-1.30636628022454,-7.75288415197038,-11.750286918532,4.10634099536234,5.47024937642532,4.09532129059327,5.3009998673924,3.10864945201535,-2.04662282760961,-10.2955381591196,5.6248972060232,2.42221089623953,-5.62823545273138,-5.38058066182554,4.8101353910938,1.49492739420488,-4.82471156522583,5.43884062151277,-5.35922757158766,-0.0981985768985538,-1.637323774953,-5.39447858241842,6.5884948693374,-5.49188535699995,5.32044662065871,2.00625656605829,-4.19579905026367,-4.71600528608174,0.7785239885054,-5.89288112997804,10.4614194217397,-4.91069592049128,15.71714224466,19.9463029726174,19.8389547507859,11.1871053448101,19.033610608431,18.5126400940052,2.94786755221792
103.674742866701,125.465654533844,82.7818782212002,2.99020002056774,-0.392213617120273,9.85135047037525,4.53197323277739,9.9324959596224,9.74405986652173,-3.17826354380171,-0.41871895208208,3.57760899522506,-3.02684070623106,-3.73571104225987,-2.74875943179902,3.02279522517184,2.04825013636574,3.08119665427635,-3.18494376914064,1.7804423947813,-7.80785523483008,-1.75485160828481,14.2019159015285,5.55571120802306,4.12778971818173,4.07259057579649,2.0976809995073,-0.883977445063834,0.0772028596262722,3.79309011375495,3.52367841662057,-8.32788364091334,-6.82039225985815,3.3123202172975,-3.6170878080964,8.39873514568948,8.72489444325236,4.97983417698407,-0.424304042227525,5.00757429281276,-3.93853686013772,-0.870951483245475,4.17317642400103,-2.45951823929016,3.46204221679737,0.154212936066166,-7.74430111437719,2.83744510587264,3.9837602082492,0.915643399563509,-0.834919339834393,-0.829300237112041,4.734764405516,-0.645299620893726,-2.51704637217954,-0.0908731553476265,-2.4888515677839,-3.23118163167632,2.42435678753222,-2.45880469100457,-7.32372991840729,0.655418722677747,4.09785860369777,3.81626113951708,4.01595174342855,3.7385022328358,-2.39976597887583,-8.37531866678148,2.70679208477105,3.37329862345665,2.2545607146564,2.87802060935346,0.66717449492228,-5.5788466921459,-1.8040091887407,-3.44755435649771,4.13077894524701,2.4291247538314,3.44526759608776,-1.52420624959838,-6.93664470709787,-4.96915485217185,-2.6524697328747,-1.57360749966897,-1.55851993757402,2.87639492925964,-3.69713387349616,-7.96801053720241,-1.00479700550867,-3.43731658959937,-2.20131508339627,-3.54214535073027,-2.7091576458946,-3.76307800548706,-8.66981014867313,-0.52269231355925,-3.72156169993623,-2.21129995612762,-3.75061139415089,-0.380735085945133,2.44427152851273,-0.0919996420891032,5.64705354634266,-2.55973014866538,-3.60484474095082,-2.21830831188623,1.5270950192888,-0.924460120369199,-4.93268133471912,-7.74684604892958,-0.944176449044056,3.13108726131696,3.13569299987253,0.898398429165822,3.52677893615836,0.192774577772688,-6.81425760568752,-0.967269344749391,4.31047393257659,3.60011508199431,3.08387060482507,-0.947913382287878,-5.61620224468029,-8.50929020037225,2.96932224970838,3.95655722433938,2.96134663384623,3.83400150445673,2.24722456334196,-1.48445382602997,-7.45690653497369,4.06850786295327,1.750350424783,-4.07781845908378,-3.89866339287094,3.4787298943048,1.08030016609921,-3.49237232643152,3.93375898502189,-3.88290767742158,-0.074865394953445,-1.18911544108019,-3.90843117193652,4.77032429405742,-3.97913323117583,3.8480783301503,1.44938092876319,-3.03839550824036,-3.41467940746055,0.565532591451123,-4.26602115914472,7.57812817798916,-3.55468034694023,11.3842312408178,14.4468860213771,14.3691471872587,8.10365645316767,13.7859383017202,13.4086646411545,2.13678043150184
100.085471910883,121.135841909222,79.9041351580675,2.8891100705657,-0.378219332016957,9.52388363658739,4.37861816564599,9.60229224663957,9.42001889467377,-3.07414864571527,-0.403848289868897,3.45843021187333,-2.92671671420956,-3.61158818269679,-2.65683038919598,2.9232760310679,1.98115731052397,2.97831900046592,-3.08072093932831,1.72046646506745,-7.5501573459279,-1.69593962140437,13.7334625058651,5.37309826175147,3.99236797833188,3.93899204214446,2.02895511213952,-0.853681682138066,0.0755977970880988,3.66787135597798,3.40747824444348,-8.05243551899853,-6.59439861810767,3.20048472170002,-3.49842730249743,8.11880687596765,8.43445796332656,4.81290003588346,-0.409249581243045,4.84166066151275,-3.80925004793035,-0.843894142656066,4.03292283996576,-2.37966735225962,3.34523044977456,0.147909726384436,-7.48793235926649,2.74144425420525,3.8495569838286,0.883639951877715,-0.808670041356772,-0.803237545757995,4.57759729560973,-0.625160052049327,-2.4348770922351,-0.0897431632787624,-2.40762085574621,-3.12531148053507,2.34212030188473,-2.37864887684043,-7.08118577073535,0.632237526075348,3.95986432668944,3.68763478578085,3.88067679143113,3.61246177988694,-2.32155763635898,-8.09873465624764,2.61513854131421,3.25943363283482,2.17800500722362,2.78066914804557,0.643601773204744,-5.39525725020755,-1.74347813476088,-3.33328676153472,3.99168020473618,2.34673503956271,3.32900817398777,-1.47451013585697,-6.70795924819487,-4.80415751852788,-2.56494085877477,-1.52225952444336,-1.50767588933809,2.77909784762276,-3.57442193549941,-7.70501261642582,-0.970660180233421,-3.32263476215136,-2.12893937430211,-3.42472033700149,-2.6197379661839,-3.63764814854691,-8.38326175853642,-0.506587132410373,-3.59752203353242,-2.13859166901494,-3.62559884824006,-0.367115620896606,2.36448061499569,-0.0880084186799719,5.46142364262356,-2.47394741341121,-3.48532719142377,-2.14536758208441,1.47481674786207,-0.894847297621777,-4.77055090185732,-7.49039364136853,-0.913906385710618,3.0253267721604,3.02977902982402,0.866981650357915,3.40780531121769,0.185201482142559,-6.58845869471751,-0.936229487648931,4.16539368849527,3.47872123368062,2.97967717659478,-0.917516280544185,-5.43138187057919,-8.22794360834813,2.86893020167879,3.82328112875272,2.86122062001277,3.70478477925945,2.17091328514234,-1.4365412999973,-7.21091192312101,3.93150913295264,1.69057813976981,-3.94398050345226,-3.77084223067091,3.36135935362343,1.0434356697457,-3.37611572240758,3.80121123313408,-3.75546587847351,-0.0742551746453399,-1.15149078624511,-3.78014326404377,4.61214738482872,-3.84858743773988,3.71839313159164,1.39969319289627,-2.93788357817358,-3.30150593758253,0.547713280546525,-4.12423732343122,7.32867004167456,-3.43638368193438,11.0089435112849,13.9703321102143,13.8951637596098,7.83682395085325,13.3312394064629,12.9664404615453,2.06713081692842
92.55999359501,112.037552667922,73.8876171599236,2.67361338077525,-0.349479097117264,8.8175326164835,4.05190233809089,8.8900996783354,8.72126989015024,-2.84725636866219,-0.373210647643154,3.20175313590299,-2.71000954670257,-3.34377325090955,-2.45938346855429,2.70716303801347,1.83493957198173,2.75710586070807,-2.85341908227083,1.5923007373811,-6.99151849033258,-1.5697457456414,12.7175167017117,4.97607860888676,3.6975541570887,3.64812850686755,1.87919967923106,-0.789711156071531,0.0706837438034738,3.39646745594774,3.15543184013233,-7.45621270650092,-6.10584159067925,2.96186862754644,-3.24009625547552,7.51614144915073,7.80860036331226,4.45495431377235,-0.37821268830057,4.48296928777601,-3.52790741774135,-0.782656344600289,3.73272964028337,-2.20453853905879,3.09587841381307,0.136097013782638,-6.93334721173888,2.53690909468403,3.56276615572123,0.816971785896573,-0.749780871529291,-0.744751158365171,4.23825905469093,-0.579733818352711,-2.25537387470799,-0.0844342014458919,-2.23014005171995,-2.89462735871325,2.16722334552299,-2.20336578898918,-6.55665564278265,0.584340856880428,3.664893530073,3.41286008563954,3.591576756029,3.34326321023582,-2.15049794823522,-7.49939390821218,2.41997409998022,3.01644369512107,2.01530813840044,2.57322350134994,0.594861734049586,-4.99644713939846,-1.61376928113896,-3.08631160431663,3.69434274133625,2.17149947433523,3.08085664360744,-1.3658520304314,-6.21181988823099,-4.44798698227224,-2.37517355878298,-1.41005302082375,-1.39655273847799,2.57176898957376,-3.30945607388853,-7.13490586867087,-0.898144148086331,-3.07590571009371,-1.97162112071951,-3.17095445389657,-2.42590192452538,-3.36761401850013,-7.76269347203665,-0.469925320239748,-3.33047120030668,-1.980557048117,-3.35646046042998,-0.339194045195446,2.19016251857064,-0.0808136548316973,5.05786717117776,-2.28996518874166,-3.22706031162945,-1.98683078615593,1.36434166757944,-0.829286354170121,-4.41805784731172,-6.93562662802286,-0.846930561778899,2.79973616592989,2.80385794124281,0.801558241002332,3.15380632362846,0.170631586536824,-6.10033561907336,-0.867596482249873,3.85516661707955,3.2194738959374,2.75747052409472,-0.850270742102198,-5.02990031737114,-7.61879851016289,2.65493454582923,3.53845511534647,2.6477974208014,3.42873764530737,2.00874278400111,-1.3310257981715,-6.67746010150533,3.63865528121185,1.5640459142306,-3.65270037379081,-3.49244563803093,3.11080826120511,0.965365886178264,-3.12560637864287,3.51800145152397,-3.47810917351443,-0.0700861485025417,-1.06744648607936,-3.50095803013192,4.2703704366033,-3.56439153949717,3.44133633227761,1.29479490560812,-2.72034541276709,-3.05688882168695,0.50779777435754,-3.8183791322547,6.78688833938308,-3.1814268395571,10.1947066260738,12.9368492565766,12.8672460278969,7.25742268333073,12.3450723228541,12.0072813742518,1.91480844889365
53.9791419294459,65.3262063535212,43.0998721089967,1.55714982336712,-0.204171226225139,5.13064468445454,2.36004648420491,5.17289752532137,5.07475302800903,-1.65540943619761,-0.217975785449396,1.86320284559768,-1.57643978170852,-1.94557974774649,-1.43151018120185,1.57437999725923,1.06683613306695,1.60464837721888,-1.65890805548291,0.927175008043631,-4.0665591998592,-0.913870101750942,7.39680791615068,2.89366051425597,2.14996367552787,2.12121448309794,1.09258094679822,-0.460288437629814,0.040303311899744,1.97554306703127,1.83523882368765,-4.33734216019844,-3.55216411985478,1.72490556704179,-1.88395842929603,4.37401040258526,4.54395178644964,2.59335429470397,-0.220884705274119,2.60801788277132,-2.05137971388474,-0.453811643718263,2.17322746167826,-1.28114214755582,1.80288374394896,0.0801877840999188,-4.03337572085686,1.47759265255797,2.07459162252932,0.476722387362215,-0.434974919601332,-0.432048436069843,2.46590387095882,-0.3362156582036,-1.31103822963238,-0.0475446401923199,-1.29635443778917,-1.68296990819783,1.26246044658365,-1.2807244538178,-3.8143238361849,0.341209776805145,2.13401509625305,1.98735724306648,2.09135695859797,1.94686001729187,-1.24997527750963,-4.36209387538833,1.40954819284679,1.75666324842316,1.17402996631288,1.49872442331708,0.347332148612263,-2.90568430344535,-0.939473177431567,-1.79553386690013,2.1511586183646,1.26494442714348,1.79414487608382,-0.793908022522548,-3.61283493014252,-2.58797410378566,-1.3814806750502,-0.819635518120963,-0.81177805252,1.49787778338436,-1.92550143099826,-4.14997122055329,-0.523221690309864,-1.79012737414447,-1.14653266914163,-1.84479606796459,-1.4110034289918,-1.95979341196307,-4.51544739107724,-0.272356966340105,-1.93817252597891,-1.15173279815969,-1.95330102788471,-0.198192483845494,1.27314494530673,-0.0478119645548221,2.94123405630815,-1.33304934386889,-1.8774494385738,-1.15538285486973,0.79517128181912,-0.481571951334317,-2.56915668729077,-4.03470123461038,-0.491840155260205,1.63052669776982,1.63292535563224,0.467743208658613,1.83659597350785,0.100272092932417,-3.54896817995555,-0.50386685619539,2.24474394062393,1.87479415145207,1.60593560717757,-0.493786002211957,-2.92514036373559,-4.43183356242042,1.54627421419964,2.06042725447073,1.54212054976194,1.99659646974626,1.17020932793093,-0.77326333048781,-3.88378771666232,2.118731758547,0.911441134390117,-2.12392956281924,-2.03063409259605,1.81157421196473,0.56252110955263,-1.81882226228178,2.04854967438916,-2.022407393971,-0.0392062023293653,-0.619513267907154,-2.03570035158716,2.48444152079176,-2.07253320396627,2.00392769304368,0.754698161533193,-1.58245724721613,-1.77841250301446,0.294629323084115,-2.221762093789,3.9469846068881,-1.85127587339388,5.92929275687225,7.52439393310051,7.48390576367671,4.22069206910358,7.18015722626644,6.98366443487757,1.11299373793677
18.9915137613751,22.9625794578506,15.1818682297706,0.544194385212721,-0.0724798694544762,1.78446457522477,0.825080221967358,1.79921122332334,1.76524099451518,-0.573398658910565,-0.0772738598207592,0.648396060746008,-0.547525326941164,-0.676581312813671,-0.498731975378807,0.546086935494331,0.369516710151107,0.558776932502579,-0.574458948958833,0.323667331118751,-1.41153288211236,-0.318716065487784,2.56707301352039,1.00327442522055,0.745035744238701,0.735054592133072,0.37845523166786,-0.16148724309184,0.0125407118875731,0.685754088535019,0.636860314783829,-1.50641434136626,-1.23432843578186,0.602592895559957,-0.652831482327102,1.52238578291515,1.58107688003607,0.904053190574119,-0.0782827157591408,0.906221818072413,-0.710977281534006,-0.154988820448216,0.758133151560866,-0.4427066408028,0.629717742555025,0.02967477327026,-1.4011810580515,0.516500443057527,0.724291839652841,0.168226204083507,-0.148962074109019,-0.147944493645393,0.85728632784345,-0.114944920985457,-0.453672257412876,-0.0136985716013713,-0.448563322213987,-0.582978574791444,0.44163374708912,-0.443035592720896,-1.32523188285571,0.120822432663279,0.744957417281593,0.693935655696139,0.730125335349398,0.67984873515814,-0.432364057977102,-1.51435353584935,0.492827670704756,0.613642257173643,0.410813303039477,0.523852974037989,0.122952908239288,-1.00776434222677,-0.327597976549819,-0.623970340235463,0.750934285867433,0.442490224662671,0.626681710952059,-0.27462511718869,-1.25364967221249,-0.899807581154337,-0.479487414983431,-0.283588179250796,-0.280851597864654,0.523557962583552,-0.669400691801737,-1.44050718128876,-0.183088902926156,-0.62325026617026,-0.397532288731957,-0.641124013878436,-0.489765448074364,-0.682135997368047,-1.5679552327195,-0.0927979245996911,-0.674600662624949,-0.399341982476468,-0.679873474920886,-0.0704108218085586,0.440583782450692,-0.0180417117415546,1.01979095230164,-0.464698543488518,-0.652493796857918,-0.400610713478057,0.278897954659854,-0.165768608482697,-0.890752115060463,-1.40164063443365,-0.169342795797139,0.569697303856035,0.570532153770466,0.165084337649297,0.641453533640312,0.0366418155605561,-1.23323085406771,-0.173529058373292,0.783496217771769,0.654717947267524,0.561147902957286,-0.170023694205977,-1.0145146320081,-1.53907818077091,0.540399460139584,0.719332182167677,0.538953370436588,0.697150133643075,0.40948363198449,-0.266763587755962,-1.34790888459003,0.739612897925103,0.319459063638768,-0.736097169862382,-0.703561977970163,0.632746172562654,0.197088944269927,-0.632829201020429,0.71524368133132,-0.700907197315894,-0.0108167607579055,-0.212604991697857,-0.70552684898405,0.863470801040539,-0.71819940100164,0.699700765925929,0.264810366635879,-0.549624225734326,-0.618013345601219,0.100966407010613,-0.772682321677675,1.36903698119996,-0.644069197932436,2.05743078496752,2.61138241725358,2.59732146782683,1.46408769377622,2.49183348831912,2.42359452882841,0.385005253099501
13.4021370368455,16.1977819970089,10.7194023377033,0.382864163672283,-0.051350357403592,1.25272632078238,0.580556788227357,1.26309697365855,1.23929982817801,-0.401784877981369,-0.0547135195035579,0.455307818372567,-0.384130658208668,-0.474943265621052,-0.350390608610971,0.382890762436779,0.258920327946505,0.392491528603352,-0.402475426369962,0.227605332936804,-0.990018852645081,-0.224025473444386,1.80035430280139,0.703308009244429,0.522154216132261,0.515152982351682,0.265190381864178,-0.113812780367899,0.00833320407551319,0.480985300794433,0.446630287755183,-1.05685328597344,-0.8661646672188,0.423878909939955,-0.457528579497373,1.06910081497224,1.1101507087133,0.635338252299047,-0.0554208429458656,0.635915454758209,-0.498319835752406,-0.107884488193796,0.53296476439666,-0.30986027059592,0.442921227256621,0.0214058895445858,-0.983133684594894,0.363416297217311,0.509337690434782,0.118866286860707,-0.103836131466628,-0.1031218574745,0.601719231599011,-0.0800540369868387,-0.317750860858252,-0.00869846469866931,-0.314163662341406,-0.408508303551223,0.310843252490484,-0.310248655829774,-0.929892062675344,0.0855029412801769,0.523844518746597,0.488022488049018,0.513433706392135,0.478132658569337,-0.302764414327215,-1.06221175625943,0.346795487531514,0.431636995306467,0.289188012377284,0.368578805144257,0.0869989342111599,-0.706560382220837,-0.230253407854234,-0.437874042514466,0.528045217951312,0.311442008148601,0.440791953726441,-0.19231575369483,-0.879156817638483,-0.631589493298886,-0.336293190306851,-0.198612740599998,-0.19669043225265,0.368371532644578,-0.469839415005137,-1.0103476920209,-0.128889855093084,-0.437738089923385,-0.278682788051635,-0.449922642908832,-0.343511707646313,-0.479037352635816,-1.09992638217279,-0.0645266229324094,-0.473742454537554,-0.279953557870152,-0.477447600070478,-0.0499011513747781,0.3085856170036,-0.0131200799660788,0.714893430372589,-0.326565806215198,-0.457908518142872,-0.280843977220698,0.196534240451411,-0.115824645868622,-0.624425855965316,-0.983455854204671,-0.118334697420683,0.400761639174056,0.401347905711489,0.116654262452867,0.45116432711994,0.0262910296998892,-0.865398629332351,-0.121274587938999,0.550908310374985,0.460468227324789,0.394760979966579,-0.118814058117047,-0.711293916042056,-1.0797196055344,0.380197471978564,0.505844932339414,0.37918184021129,0.490279436124114,0.288254285144029,-0.186573832822949,-0.945335597752453,0.520083009300795,0.225045582863544,-0.515916769787505,-0.49304724841509,0.445049183451049,0.138824445284234,-0.444336712675921,0.502988868466873,-0.491252515450878,-0.00668135326465724,-0.148327550073461,-0.494494444464249,0.605976696247126,-0.503345999805246,0.492070289083479,0.186640983596757,-0.385606015088573,-0.433691467263948,0.070400453865579,-0.542423303439615,0.959892745227602,-0.452212190217915,1.44281988087075,1.83143945137289,1.82157509411862,1.02657363501946,1.74757058847478,1.69969807747404,0.269607644382713
11.3458947702721,13.7346560932909,9.0560075914018,0.327883745428597,-0.0427893014521249,1.08193738690253,0.496825393588574,1.0908481998348,1.07011194342164,-0.349524099595902,-0.0457018121742456,0.392870005788205,-0.332589558523058,-0.410313045180611,-0.301730584168382,0.332286733661537,0.225260443602445,0.338290631750536,-0.350271095092752,0.195330115723538,-0.858069238283243,-0.192579389982372,1.56083094797165,0.610766705375837,0.453859158963819,0.447793285392608,0.230692489351948,-0.0968137459846968,0.00876853456119708,0.416861648536661,0.387290278966631,-0.915054768336168,-0.749300495368789,0.36325662641452,-0.397724561679591,0.922249701771513,0.958064385873456,0.546584095940431,-0.046315794462247,0.550155714244641,-0.433038771808077,-0.0961560208965141,0.457954776432246,-0.270641288610859,0.379694931645561,0.0166083668516114,-0.850869295299701,0.311117654855815,0.436981576868107,0.100076234217353,-0.0921635593508567,-0.0915463878738541,0.520099492641772,-0.0712416390983299,-0.276899676704789,-0.01047458270105,-0.273803293310365,-0.355336962934714,0.265750449299614,-0.270497963205453,-0.804633632746513,0.071557094175188,0.449512676303299,0.41859048723715,0.440516682427917,0.410050907772895,-0.264009333980567,-0.920388372267809,0.296769783096701,0.369952889851495,0.247122203034837,0.3155734010124,0.0728480432118296,-0.613257121303211,-0.197982645769121,-0.378748166170708,0.453126673103461,0.266274990793113,0.37785645471311,-0.167700270890209,-0.762397477609815,-0.545824580253989,-0.291517588722762,-0.173122926238984,-0.171466665879075,0.31539498714799,-0.406114627002539,-0.875666121422364,-0.110155671215501,-0.377395689277858,-0.242014621439651,-0.38913294723069,-0.29774151062006,-0.41319839029778,-0.952683697128876,-0.0577636340286032,-0.40864173533601,-0.243110985736085,-0.411830068714946,-0.0415265879299058,0.268863160607929,-0.00984665704986232,0.620804393451351,-0.280927881773858,-0.396016535444441,-0.243880816951595,0.167255274106874,-0.101874778410987,-0.542281936565189,-0.851149073716339,-0.104039581565329,0.343358968834957,0.34386468817587,0.0981843584337736,0.38680723644536,0.0208470858243897,-0.748624137086801,-0.106575148691281,0.472859689394331,0.394860081081812,0.338172906112261,-0.10444938379303,-0.617363029119834,-0.935015905633801,0.325599290631699,0.433998683551559,0.324723651664704,0.42053863947737,0.246316626149315,-0.163441958165113,-0.819534503451288,0.446293283694575,0.191741166236212,-0.448350813998106,-0.428684553526425,0.381526897201505,0.118385933035355,-0.383529486755917,0.431489021573681,-0.426927686042197,-0.00871347794663546,-0.131103946980278,-0.42973170145323,0.524054946116938,-0.437520083738602,0.422084531967081,0.15872205977799,-0.333857324765171,-0.375138093091121,0.0624077871869972,-0.468553670518385,0.832998690730227,-0.390381606783684,1.2512214445291,1.58774827548572,1.57920629085171,0.89074474266519,1.51512308979123,1.47366803702922,0.235068508580927
11.3458947702721,13.7346560932909,9.0560075914018,0.327883745428597,-0.0427893014521248,1.08193738690253,0.496825393588574,1.0908481998348,1.07011194342164,-0.349524099595902,-0.0457018121742455,0.392870005788205,-0.332589558523059,-0.41031304518061,-0.301730584168382,0.332286733661537,0.225260443602445,0.338290631750536,-0.350271095092752,0.195330115723538,-0.858069238283243,-0.192579389982372,1.56083094797165,0.610766705375837,0.45385915896382,0.447793285392608,0.230692489351948,-0.0968137459846967,0.00876853456119719,0.416861648536661,0.387290278966632,-0.915054768336167,-0.749300495368789,0.36325662641452,-0.397724561679591,0.922249701771514,0.958064385873456,0.546584095940431,-0.046315794462247,0.550155714244641,-0.433038771808077,-0.096156020896514,0.457954776432246,-0.270641288610859,0.379694931645561,0.0166083668516117,-0.850869295299701,0.311117654855814,0.436981576868106,0.100076234217353,-0.0921635593508567,-0.0915463878738542,0.520099492641772,-0.0712416390983297,-0.27689967670479,-0.0104745827010494,-0.273803293310365,-0.355336962934714,0.265750449299614,-0.270497963205453,-0.804633632746513,0.0715570941751875,0.449512676303299,0.418590487237149,0.440516682427916,0.410050907772895,-0.264009333980567,-0.920388372267809,0.2967697830967,0.369952889851495,0.247122203034836,0.3155734010124,0.0728480432118296,-0.613257121303211,-0.197982645769121,-0.378748166170708,0.453126673103461,0.266274990793113,0.37785645471311,-0.167700270890209,-0.762397477609815,-0.545824580253989,-0.291517588722763,-0.173122926238985,-0.171466665879075,0.31539498714799,-0.406114627002539,-0.875666121422364,-0.110155671215501,-0.377395689277858,-0.242014621439652,-0.38913294723069,-0.29774151062006,-0.41319839029778,-0.952683697128876,-0.0577636340286029,-0.40864173533601,-0.243110985736085,-0.411830068714946,-0.0415265879299055,0.268863160607929,-0.00984665704986221,0.620804393451352,-0.280927881773858,-0.396016535444441,-0.243880816951595,0.167255274106874,-0.101874778410987,-0.542281936565189,-0.851149073716339,-0.104039581565329,0.343358968834957,0.34386468817587,0.0981843584337735,0.38680723644536,0.0208470858243897,-0.748624137086801,-0.106575148691281,0.47285968939433,0.394860081081812,0.33817290611226,-0.10444938379303,-0.617363029119834,-0.935015905633801,0.325599290631698,0.433998683551559,0.324723651664703,0.42053863947737,0.246316626149315,-0.163441958165113,-0.819534503451288,0.446293283694575,0.191741166236211,-0.448350813998107,-0.428684553526425,0.381526897201505,0.118385933035355,-0.383529486755916,0.431489021573681,-0.426927686042197,-0.00871347794663535,-0.131103946980278,-0.42973170145323,0.524054946116938,-0.437520083738602,0.42208453196708,0.15872205977799,-0.33385732476517,-0.375138093091121,0.0624077871869977,-0.468553670518385,0.832998690730227,-0.390381606783683,1.2512214445291,1.58774827548572,1.57920629085171,0.89074474266519,1.51512308979123,1.47366803702922,0.235068508580927
11.3458947702721,13.7346560932909,9.0560075914018,0.327883745428597,-0.0427893014521247,1.08193738690253,0.496825393588574,1.0908481998348,1.07011194342164,-0.349524099595901,-0.0457018121742456,0.392870005788206,-0.332589558523059,-0.410313045180611,-0.301730584168383,0.332286733661537,0.225260443602445,0.338290631750536,-0.350271095092751,0.195330115723539,-0.858069238283242,-0.192579389982373,1.56083094797165,0.610766705375836,0.453859158963819,0.447793285392607,0.230692489351948,-0.0968137459846969,0.00876853456119708,0.416861648536661,0.387290278966632,-0.915054768336167,-0.749300495368789,0.36325662641452,-0.397724561679591,0.922249701771512,0.958064385873455,0.546584095940431,-0.0463157944622471,0.550155714244641,-0.433038771808076,-0.096156020896514,0.457954776432246,-0.270641288610859,0.379694931645561,0.0166083668516122,-0.8508692952997,0.311117654855814,0.436981576868106,0.100076234217353,-0.0921635593508563,-0.0915463878738537,0.520099492641772,-0.0712416390983294,-0.276899676704789,-0.0104745827010496,-0.273803293310364,-0.355336962934714,0.265750449299614,-0.270497963205452,-0.804633632746513,0.0715570941751874,0.449512676303299,0.418590487237149,0.440516682427917,0.410050907772895,-0.264009333980566,-0.920388372267809,0.2967697830967,0.369952889851495,0.247122203034837,0.3155734010124,0.0728480432118291,-0.61325712130321,-0.197982645769121,-0.378748166170708,0.453126673103461,0.266274990793113,0.37785645471311,-0.167700270890209,-0.762397477609815,-0.545824580253989,-0.291517588722763,-0.173122926238985,-0.171466665879075,0.31539498714799,-0.406114627002539,-0.875666121422364,-0.110155671215501,-0.377395689277859,-0.242014621439652,-0.38913294723069,-0.297741510620061,-0.413198390297781,-0.952683697128876,-0.0577636340286025,-0.408641735336011,-0.243110985736085,-0.411830068714946,-0.0415265879299058,0.268863160607929,-0.00984665704986265,0.62080439345135,-0.280927881773858,-0.396016535444442,-0.243880816951596,0.167255274106873,-0.101874778410988,-0.542281936565189,-0.851149073716339,-0.104039581565329,0.343358968834958,0.34386468817587,0.0981843584337737,0.38680723644536,0.0208470858243902,-0.748624137086801,-0.106575148691282,0.472859689394331,0.394860081081812,0.338172906112261,-0.10444938379303,-0.617363029119834,-0.935015905633801,0.325599290631699,0.433998683551559,0.324723651664703,0.42053863947737,0.246316626149315,-0.163441958165113,-0.819534503451288,0.446293283694575,0.191741166236212,-0.448350813998106,-0.428684553526424,0.381526897201505,0.118385933035356,-0.383529486755917,0.431489021573681,-0.426927686042197,-0.00871347794663579,-0.131103946980278,-0.42973170145323,0.524054946116938,-0.437520083738601,0.422084531967081,0.158722059777989,-0.333857324765171,-0.375138093091122,0.0624077871869975,-0.468553670518385,0.832998690730226,-0.390381606783683,1.2512214445291,1.58774827548572,1.57920629085171,0.890744742665189,1.51512308979123,1.47366803702922,0.235068508580927
9.93193192114739,12.0242643901958,7.92634167164662,0.287247376630614,-0.0374195685058517,0.94834996235091,0.435242619936263,0.956156350407933,0.9379719052657,-0.306506311570186,-0.0399728859711491,0.344337156367715,-0.291567999733988,-0.359655484992175,-0.264424636678691,0.291345023031726,0.197536487392785,0.296478662542041,-0.307172625597328,0.171139302100276,-0.752288904374142,-0.168747730555405,1.36844252386241,0.53554242824529,0.397983684138314,0.392665716864132,0.202298732161503,-0.0847775338099112,0.00777266593825165,0.365468636711847,0.339554270155011,-0.802195758890506,-0.656847711151516,0.318248893243078,-0.348759541557398,0.808307238124467,0.839736217885521,0.478965353805719,-0.040511225011717,0.482274963757125,-0.379719226127368,-0.0844585937673208,0.401266916688346,-0.237400227809367,0.332657926446955,0.0144498858406775,-0.745906253812328,0.272552012106141,0.382866739330046,0.0875790873333302,-0.0809190549050843,-0.0803780695746085,0.455900587347034,-0.0625651747414734,-0.242845532117732,-0.00935644369690913,-0.24013159790609,-0.311601804031704,0.232789848054162,-0.237242923315303,-0.705365231106018,0.0625962487697792,0.393850792218241,0.366747105726927,0.385965206618489,0.359262011706801,-0.23155409770276,-0.806911152591753,0.259976069103967,0.32411813828135,0.21646441669047,0.276457435520418,0.063727730644935,-0.537705908997012,-0.173485198427054,-0.332012987218209,0.397017556953572,0.233250140052925,0.331045646923979,-0.147081223267953,-0.668434883010199,-0.478446193932504,-0.25558091183566,-0.151833460990984,-0.150381915412759,0.276301079708254,-0.355987081317979,-0.767715199173537,-0.0964867452519981,-0.330759408012409,-0.212204310857689,-0.341114358464886,-0.261035777802633,-0.362148730996532,-0.835202826292066,-0.0507475927489262,-0.358155613286286,-0.213165247844896,-0.360949621772139,-0.036312156920252,0.235799479404746,-0.00854522752185305,0.544342499772092,-0.246178124314234,-0.347147268226096,-0.213840076284578,0.146467411325762,-0.0893966488717286,-0.475492443157611,-0.746151573404887,-0.091293995910852,0.300813111007579,0.301256354178129,0.0859221313313053,0.338890840233372,0.018166323295902,-0.65625402406988,-0.0935162988741208,0.414313361715697,0.345951379253952,0.296267133915743,-0.0916529307995952,-0.541305831315974,-0.819704272722081,0.285244897541645,0.380254341152844,0.284477456047036,0.368454658678741,0.215758358977963,-0.14339226632382,-0.718515609312809,0.391030810515276,0.167924133669834,-0.393148285025144,-0.375916305772617,0.334263305374126,0.103680921827762,-0.336158295356522,0.378051703818403,-0.374362322028727,-0.00781162910473798,-0.115092118842537,-0.376820323117457,0.459383320553593,-0.383655670407034,0.369809626397017,0.138988473323193,-0.292678892625323,-0.328848768667878,0.0547905636505103,-0.410701604497451,0.73036963257394,-0.342167208086243,1.09701606923813,1.39204017086439,1.38455164627463,0.780994252426744,1.32837168761732,1.29202916837185,0.206170247404829
8.60247829548276,10.4137243759007,6.86621120884451,0.248616816476994,-0.0324404942955069,0.820408505619357,0.376715727940789,0.827165097471086,0.811440709549353,-0.265045210321488,-0.0346490121345023,0.297902754070502,-0.252197938827415,-0.311131310535768,-0.228792094502476,0.251971091137223,0.170815696868748,0.256515274615056,-0.26561239561711,0.148109588190318,-0.650665238583769,-0.146025052427302,1.18356407182679,0.463142758865065,0.34416172287399,0.339562040222722,0.1749347522439,-0.0734062598664439,0.00665465768411067,0.316101750033088,0.2936788332818,-0.693873280172444,-0.568181690452276,0.275439015208514,-0.301594792752666,0.699316272080899,0.726476110486198,0.414453669730505,-0.0351145917612219,0.417173655163209,-0.328373130369256,-0.0729243718523439,0.3472472730659,-0.205232591262344,0.287903832604778,0.0125866923275237,-0.645200995926358,0.23590351116519,0.331342690287053,0.075876328829179,-0.0698943605055021,-0.0694263723449197,0.39438079504084,-0.0540287499344566,-0.209975544510619,-0.00795409654190971,-0.207627636387466,-0.269452995022419,0.201502822045797,-0.205121838729816,-0.610140622277126,0.0542518967989107,0.340844749373121,0.317397191074514,0.33402327015083,0.310921828705865,-0.200201570422086,-0.697920269169883,0.225023871873789,0.280516624581781,0.187377628226208,0.23928219103362,0.0552307893111689,-0.465029912748561,-0.150122307013009,-0.287198019464732,0.343585094865343,0.201900603678279,0.286509705014474,-0.127168991455184,-0.578119852213538,-0.4138873350418,-0.221054894925068,-0.131280810116045,-0.130024919655443,0.239146905768884,-0.307948506578843,-0.664008692680749,-0.0835240947209933,-0.286168012500967,-0.183518850436138,-0.295072484507836,-0.225774315047838,-0.313316857272525,-0.722408024147524,-0.0438084423718709,-0.309861709958954,-0.184350194706482,-0.312279307476635,-0.031482967714892,0.203881518796325,-0.00746089253667315,0.470754223358574,-0.213017071858712,-0.300292103263628,-0.184933943390268,0.12681692273518,-0.0772558951455349,-0.411210938430092,-0.645413151132716,-0.0788974052255297,0.260351407797933,0.260734880997645,0.0744418493910956,0.293296851015268,0.0158008868488562,-0.567668768460089,-0.0808200552530948,0.358548142147837,0.299403269663284,0.256418918690208,-0.0792081313456252,-0.468143392902844,-0.709010140779447,0.246884560671465,0.329080973779288,0.246220588917412,0.318874426682891,0.186766781142877,-0.123942860660065,-0.621445457049247,0.338403682192825,0.145383632829139,-0.33998440098905,-0.325072320628228,0.289292944711292,0.0897636138499275,-0.29082059911433,0.327177768101553,-0.323739209673426,-0.00661861535216302,-0.0994246309323686,-0.325865443787928,0.397381149980081,-0.331771759539796,0.320046638350189,0.120346424636016,-0.253159234784014,-0.284460590817974,0.0473281816678279,-0.355293622574603,0.631658463113198,-0.296016590832337,0.948791310756362,1.20397511860548,1.19749784594524,0.675446536959016,1.14890441415404,1.117469601842,0.178255330383151
7.28176756813051,8.81569567442326,5.81142076763262,0.210582280305704,-0.0274377872114001,0.69519910404205,0.319078913309642,0.700922005374685,0.687592365354998,-0.224676990389613,-0.0293094932970033,0.252422406532449,-0.213733872052288,-0.263649364701806,-0.193843687273881,0.213567014338564,0.144799309958426,0.21734062180775,-0.225164514233586,0.12546155279151,-0.551460939431569,-0.123706819009775,1.00312659934676,0.392570663026565,0.291733582343241,0.287835268006558,0.148290257691066,-0.0621537847117291,0.00569089032262898,0.267904906120563,0.248907609178721,-0.588049163209254,-0.481504837201511,0.233308615871516,-0.255650889015789,0.592544886975117,0.615581357579814,0.35112174313288,-0.0297041158076244,0.353533550558224,-0.278345790323632,-0.0618993434070357,0.294164969076739,-0.174014995750502,0.243871297250362,0.0106012994590869,-0.546787806442217,0.19980962168325,0.280677828597852,0.0642121529148201,-0.0593078501355142,-0.0589112757818441,0.334201844222521,-0.0458545402403246,-0.178009973836448,-0.00684481598579334,-0.176020481439292,-0.228412273346545,0.170661216646113,-0.173902219883554,-0.517069862568769,0.0458969849431511,0.288729803817352,0.268861085515414,0.282949209081312,0.263374041318829,-0.169732067559335,-0.591502606349187,0.190590647460618,0.237611153224722,0.158693444669637,0.202672551852177,0.0467264368969194,-0.394158185883764,-0.127179567020257,-0.243383699319921,0.291051318899746,0.170998597773952,0.242689460897718,-0.107812651180186,-0.489990353875383,-0.35072942212975,-0.18735201569762,-0.111296405441088,-0.110232315610089,0.202557931044463,-0.26095926606055,-0.562769197462588,-0.0707361884513662,-0.242470204396093,-0.15555314937772,-0.25005566240524,-0.191350816264463,-0.265479940074961,-0.612243443168764,-0.0371918202209903,-0.262552664055326,-0.156257580242783,-0.2646008977153,-0.0266260346700699,0.172844926962732,-0.00627104302105419,0.399021519434655,-0.180468854658415,-0.254478218653897,-0.15675226727076,0.107380618096816,-0.0655252205864287,-0.348552002770407,-0.546967634000589,-0.0669161065214742,0.220526701783109,0.220851629188856,0.0629973953395777,0.248440506687387,0.0133255915083881,-0.481069695134601,-0.0685452075946109,0.303730273469087,0.253616158988502,0.217194239028932,-0.0671792495070404,-0.39679707333363,-0.600883024712096,0.209114346425034,0.278762603434821,0.208551757846136,0.270112832101763,0.158175856413874,-0.105104926003623,-0.526702744724074,0.286662429937885,0.123110192366755,-0.288189510816519,-0.27555691865206,0.245048170645289,0.0760115580036864,-0.246426124821371,0.277148162146054,-0.27441887736232,-0.00571246396442343,-0.0843555583616532,-0.276220728046865,0.336753647875605,-0.281230770678767,0.271106111348912,0.101898040425416,-0.214548252529573,-0.241064122306907,0.0401577924228929,-0.301069604186871,0.535388288076151,-0.250830802450057,0.804157816152001,1.02042482641707,1.01493537335741,0.57249858008344,0.97375272620889,0.947111891030416,0.151125448547438
5.95573995496099,7.20940638726448,4.75393697965194,0.172069146473895,-0.0224685973153167,0.567686178361588,0.260729251524747,0.572362469802771,0.561483979342006,-0.183365607403092,-0.0239966913277418,0.206141572778202,-0.174499091019345,-0.215288034627993,-0.15832648158213,0.174331708956732,0.118175013043155,0.177507709716968,-0.18375524144546,0.102503220586422,-0.450190685923441,-0.10105602687658,0.818893158807672,0.320428208114028,0.238104674447011,0.234922156401999,0.121024996114063,-0.0508141154273054,0.00458344100518815,0.218709426633294,0.203192341245641,-0.480099186057216,-0.393140804527849,0.190629859841547,-0.208655284864232,0.483913343615165,0.502697826534313,0.286815796397158,-0.0243188111212293,0.288654007219825,-0.227183295040178,-0.0504174958740946,0.240314960164903,-0.141968856465726,0.199254866862501,0.00873587962799333,-0.446427255947325,0.163271955977841,0.229313755941665,0.0525375464854815,-0.0483306805645816,-0.0480068575967752,0.272889527379834,-0.0373561124205355,-0.145260667269804,-0.00546091915135183,-0.143635985736036,-0.186415513247957,0.139467344898898,-0.141899989580756,-0.422170496701356,0.0375707161686743,0.23588871496866,0.219663919920618,0.231168636375843,0.215183233099666,-0.138495714245844,-0.482889630069116,0.155743634346896,0.194143395239776,0.12969265878629,0.165609893604595,0.0382480841192923,-0.321738803112844,-0.103890812352974,-0.198721118875855,0.237785159781708,0.139742465544594,0.19829038891438,-0.0879739449695567,-0.399991257724831,-0.286387967391291,-0.152946129738803,-0.0908193561690935,-0.0899502830328019,0.165516275061941,-0.213082822638183,-0.459423245160947,-0.057811620800451,-0.19802510089202,-0.12696937283622,-0.204170191368507,-0.156211901873517,-0.216809127009141,-0.4998380227318,-0.0302850252702364,-0.214418092077951,-0.127544640446282,-0.216091123746035,-0.0218061801668831,0.141044316544601,-0.00518361443053283,0.325694575461528,-0.147413892378854,-0.207782121165891,-0.127948556609202,0.0877852096096578,-0.0534330151133466,-0.28449886696411,-0.44657403692046,-0.0545689079135612,0.180188655982954,0.180454010887483,0.051544624637381,0.202986897465076,0.0109596954178932,-0.392786091146785,-0.0558993443090741,0.248139110232891,0.207211780906478,0.177467607495434,-0.0547839824952034,-0.323892954120689,-0.490570279399244,0.170870523933859,0.227748210255522,0.170411064955884,0.22068611589841,0.129269966508927,-0.0857309174508145,-0.429971030553339,0.234199136483147,0.100633989631382,-0.235215912793644,-0.224895926313972,0.200216166966228,0.0621339687591973,-0.201238981657837,0.226431974337896,-0.223976915823791,-0.00453710874169627,-0.0687543391176859,-0.225448126393768,0.274961798171139,-0.229532924535614,0.221497247097552,0.0833077471799529,-0.175164348810556,-0.19682691143021,0.0327273383007964,-0.245847248463379,0.437025156996371,-0.20483368313133,0.656451797322744,0.833015758667127,0.828534074341273,0.467322469380284,0.794911825330398,0.773161792246086,0.123313906525684
5.48243429566,6.63687502747839,4.37579601698763,0.158466650950457,-0.0206711491051467,0.522969526795484,0.240115219619218,0.52727612638511,0.517251821532365,-0.168965962790234,-0.0220790078501867,0.189895833148663,-0.160767658160104,-0.198331075724575,-0.145838801242164,0.160627004229483,0.108894779562928,0.163511697257977,-0.169328589760784,0.0944056605988506,-0.414782096006869,-0.0930786890813901,0.754493638006066,0.295247860479891,0.219401086536328,0.216468920389339,0.111520555473792,-0.0467851500677133,0.00425008694609652,0.201506284867395,0.187213333638073,-0.442321101642338,-0.362193438396373,0.17556410699271,-0.192264881717526,0.445772587008845,0.463089012485149,0.264181302607604,-0.0223758070511842,0.265931809544526,-0.209335271142196,-0.0465019343988161,0.221339436976965,-0.1308418440352,0.18350984161601,0.00801335620483484,-0.411292244030873,0.15036260904606,0.211199518446124,0.0483542892315976,-0.0445667290622394,-0.0442684084153274,0.251399779459132,-0.0344517789117975,-0.133861485625332,-0.005086636673653,-0.13236482397746,-0.171775738071377,0.128434212654233,-0.130768297832255,-0.388941691350993,0.0345711898054988,0.217256623778202,0.202310022764638,0.212908239902339,0.198182311220698,-0.12763174634616,-0.44490460782637,0.143427417502697,0.178800808746621,0.119430363855832,0.152516333297946,0.0351951781994681,-0.296449018184118,-0.0956906107192431,-0.183077126036612,0.219003363478815,0.128687826617852,0.182621080306477,-0.0810719871599494,-0.36853850221988,-0.263833929581693,-0.140916794910334,-0.0836929847855679,-0.0828924372578334,0.152430098401169,-0.196303279191154,-0.423288079050494,-0.0532361257518393,-0.182414212766243,-0.116990759386299,-0.188096593799397,-0.143925135582568,-0.199720918031354,-0.460512830375373,-0.0279364967741615,-0.197518519859991,-0.117520694467348,-0.199059556402733,-0.0200607172585534,0.129976679625796,-0.00474797783571851,0.300099951796791,-0.135781863379536,-0.191423770057406,-0.117892809687637,0.0808267431229591,-0.0492561236680878,-0.262141953392285,-0.411427490361171,-0.0503024890149992,0.165946983861244,0.166191425680948,0.0474400037226061,0.186947507523198,0.0100623450548615,-0.36186639812356,-0.0515280643095672,0.228541489094019,0.190840229575748,0.163440195707163,-0.0505005364170252,-0.298433797132635,-0.451971211202976,0.157362416108394,0.209757991185433,0.156939174825979,0.203251681262327,0.119040984326273,-0.0790195440780281,-0.396156270624062,0.215700742894573,0.0926615479873878,-0.216737584747894,-0.207232442221208,0.184395294795055,0.057211657661033,-0.185382091930471,0.208544527770898,-0.206381344422327,-0.00423522658052916,-0.0633945880619642,-0.20773673120171,0.253313813293549,-0.211502513283621,0.203998902879349,0.0767021859708014,-0.16138040463904,-0.181332162591298,0.0301775718693716,-0.226482022377764,0.402671415620371,-0.18869454073631,0.604833555114307,0.767505018023772,0.763375965735669,0.430584921308868,0.732399224248958,0.712360545213474,0.113640589742945
3.34051972627207,4.04431833914527,2.66590520989651,0.0966239770021176,-0.012583969534628,0.319029030642643,0.14640605473607,0.321654932525063,0.315537199920151,-0.103116652825431,-0.0134429364664988,0.115835315921833,-0.0980868141369753,-0.120989853687049,-0.0889511493542417,0.0980138332473701,0.0664563868932005,0.0997346479910137,-0.103341355843072,0.0575684984088085,-0.253081175205281,-0.0567648964448385,0.46036567635642,0.180167749167017,0.133891213670287,0.132102176254222,0.0680584695041814,-0.0285155827587915,0.00261890675524809,0.122948917536558,0.114231490171527,-0.269868018886366,-0.220969460378483,0.107052837081602,-0.117331018492239,0.271914621856613,0.282489204352365,0.161119722678689,-0.0136240439594293,0.162241644826087,-0.127746264703339,-0.0284206016608617,0.134981047667577,-0.0798708368215447,0.111900116114396,0.00485584969633773,-0.250930597331659,0.0916804218208304,0.128790357293439,0.0294552597516639,-0.0272279721559882,-0.0270459815677809,0.153367794120303,-0.021052920856253,-0.0817007317456968,-0.00315592070193374,-0.0807877590809536,-0.104830815106676,0.0783044263684892,-0.0798164048653562,-0.237291747745055,0.0210516430330849,0.132485448595862,0.1233676761536,0.129832687601965,0.120849662857038,-0.0779025947330552,-0.271456225580663,0.0874498387688756,0.109027265659895,0.0728126132494284,0.0929942150663889,0.0214322749446844,-0.180894624149622,-0.058358665909003,-0.111691995073488,0.133550713686667,0.0784592952496971,0.111357700049777,-0.0494829183748457,-0.224872563018696,-0.160952081256765,-0.0859812570149409,-0.0510815496782742,-0.0505932537597345,0.0929416176899411,-0.119756342878695,-0.258270748320981,-0.0324553110275866,-0.111267030842957,-0.0713898598271663,-0.114753678621888,-0.087816269577934,-0.121826879145971,-0.280972896082191,-0.017077257624204,-0.120483621259222,-0.0717131203871123,-0.1214235062771,-0.0122114025188506,0.079330322619162,-0.00287055722800947,0.183128214593875,-0.08281235422061,-0.116783139342174,-0.0719401379229083,0.0492657340320128,-0.0300782187975504,-0.15996566726336,-0.251013127994453,-0.0307164865858617,0.10118760828068,0.101336715541714,0.0288979160980367,0.113996836455304,0.00610612674497191,-0.220769701365772,-0.0314640695378046,0.139369060688408,0.116372127148736,0.0996583104227776,-0.03083722098605,-0.18210570011493,-0.275758531775338,0.0959503302030559,0.127911640189934,0.0956921634751155,0.123942101495348,0.0725750949676356,-0.0482440203310623,-0.241719861543498,0.131536885876624,0.0564835870803362,-0.132264221645847,-0.126467599730576,0.112440153756402,0.0348745124369253,-0.113084312184569,0.127170527485614,-0.125944161895158,-0.00263618320839246,-0.0387258825985985,-0.126771053611199,0.154540149251425,-0.129070905129049,0.124397915986791,0.0467498192160379,-0.0984605069875145,-0.110627543842864,0.0184360033545788,-0.138161821730732,0.245710104534449,-0.115105871593521,0.369054510198189,0.46830420936751,0.465784978805312,0.262740852259007,0.446885360427209,0.434659295524291,0.0693625754366637
2.13490641780501,2.58421748969127,1.70417431145215,0.0616658753967335,-0.00805650780015094,0.203414451090767,0.0934402934609754,0.205090337072105,0.201192876762068,-0.0656951259486849,-0.00860403098974197,0.073866653705694,-0.0625240940017811,-0.0771421841996174,-0.0567351201967765,0.0624614107796894,0.0423390294832867,0.063607662056107,-0.0658340041021461,0.0367338319337432,-0.161302650865419,-0.0362140262207167,0.293406515283901,0.114804530530968,0.0853077687659133,0.0841674694802595,0.0433601839713858,-0.0182130789792961,0.00163681542756808,0.0783634838913797,0.0728030003904404,-0.172022242793289,-0.140866936976022,0.0683168331904824,-0.0747567121816262,0.173401375723106,0.180129951858685,0.102780806875019,-0.00871944305116074,0.103428068898986,-0.0813953400778061,-0.0180545420365584,0.0861193135047316,-0.0508593990580692,0.0714073391249118,0.00313713208456254,-0.159958700952979,0.0585136097237714,0.082178394963101,0.0188343267614296,-0.0173093418668725,-0.0171933100142745,0.0977811710871784,-0.0133778816015892,-0.0520414999188906,-0.00194560150932191,-0.0514593320391598,-0.0667879522352914,0.0499836688712306,-0.0508367417313549,-0.15126786933974,0.0134704241604165,0.0845343362983952,0.0787206018698704,0.0828430494379832,0.0771150668805592,-0.0496170010882905,-0.173019549229144,0.0558160216145143,0.0695758247147453,0.0464810068413084,0.0593513550154786,0.0137131446545914,-0.115275384920669,-0.0372297058580414,-0.0712042969966336,0.0852139385833977,0.0500822177640295,0.0710617964716118,-0.0315174546484717,-0.143314766341649,-0.102618162550012,-0.0548003201703682,-0.0325370841528389,-0.032225662392741,0.0593178075705224,-0.0763512666268,-0.164610745596517,-0.0207195071008703,-0.0709592391253476,-0.0454913708604003,-0.0731568957674173,-0.0559705554736598,-0.077689509985317,-0.179093559475905,-0.0108443922034051,-0.076832690617168,-0.0456975056399448,-0.0774322167273921,-0.0078191877891188,0.0505308040320968,-0.00186286344166989,0.116691474773369,-0.05282568540896,-0.0744511780167698,-0.0458422345844736,0.0314640903928728,-0.0191398246699933,-0.101931599987456,-0.160011290350796,-0.0195468506810847,0.0645751949417809,0.0646702796568763,0.0184784563054788,0.0727446862746618,0.0039339056622916,-0.140739888857219,-0.0200235878312592,0.0889240356471467,0.0742584285384217,0.063600198714957,-0.0196239337734899,-0.116047202591819,-0.175773501696218,0.0612363881221574,0.0816172855286421,0.0610717486423678,0.0790868809982435,0.0463295434448981,-0.0307109505019854,-0.154057278073289,0.0839288013458076,0.0360684660477604,-0.0842731191184528,-0.0805748534693751,0.0717518191473879,0.0222695674176852,-0.0721094132957904,0.081145830573885,-0.080246446633595,-0.0016146535000221,-0.0246249957667153,-0.0807736010695557,0.0985227129370201,-0.0822367258601812,0.0793775305075414,0.0298596740058442,-0.0627624922803921,-0.0705255533394529,0.0117212966878005,-0.0880924463335991,0.156581595013656,-0.0733972936792909,0.23520304441154,0.298466710284067,0.296860902162592,0.167437246599117,0.284813893476713,0.277020756955468,0.0441780684774461
0.815098702440125,0.987435026342883,0.649974506794294,0.0236847068960445,-0.00305271041415638,0.0784419353612671,0.0358833078510085,0.0790855738517287,0.0775772929988669,-0.0254201343899129,-0.00326410983612568,0.0284693052321547,-0.0241381007508959,-0.0297505613380252,-0.0218465979796443,0.0241404740847069,0.0163827314197813,0.0245018743155578,-0.025480911011885,0.0141197026832659,-0.0623062862245623,-0.0139314565778269,0.113350464773102,0.0443888191582566,0.0329986770071814,0.032558290932167,0.0167770760061574,-0.0069718194433273,0.000685459845816562,0.0302672349742551,0.0281265990384099,-0.066413382267509,-0.0543618498812625,0.0262470802771687,-0.0289170865455583,0.0668232372192716,0.0694406820946942,0.0395526319736398,-0.00330871921750839,0.0399141355047474,-0.0314807039673005,-0.00707172415423884,0.033119877649679,-0.0197222364916522,0.0274390946140789,0.00114233891701764,-0.0617432029573172,0.0224694904633548,0.0315898085564346,0.00717505529155649,-0.00675932873958316,-0.00671457358805818,0.0377182790848358,-0.00523375065467087,-0.0201528535712453,-0.000859790311104676,-0.0199284400347163,-0.0258417735448939,0.0191823270931164,-0.0196936951099072,-0.0583829729735743,0.00511598925517803,0.0324984308669986,0.0302568292884998,0.0318460186949728,0.0296377546979736,-0.0192224864495894,-0.066823186563244,0.0214294730254362,0.0267324384655955,0.0178333437719701,0.0227924411646429,0.00520954301989984,-0.0445582373819482,-0.0143239764887005,-0.027476416898328,0.0327598719319926,0.0192206527010663,0.027305343910915,-0.0122083493549179,-0.0553728712247459,-0.0395815552321512,-0.0211681784463753,-0.0126009954288505,-0.0124810377037956,0.0227795226426753,-0.0294528362487013,-0.0635832925985751,-0.00794750521871335,-0.0273393429599321,-0.0175872863235935,-0.028228642952131,-0.0216190862040833,-0.0299392142319064,-0.069155399703427,-0.00425444886469566,-0.0296093802581475,-0.017666740659813,-0.029840160847871,-0.00296081471300508,0.0195691581671023,-0.000664814493991299,0.045117563682958,-0.020331307769033,-0.0287272782038059,-0.0177225823901417,0.0120478724818175,-0.00744359368226848,-0.0394115071656636,-0.0617635363090329,-0.00760044937801935,0.0248073954202138,0.024844040869694,0.00703865312220561,0.0279540412191257,0.00145026809620984,-0.0543123321558286,-0.00778416900114815,0.0341901042906455,0.028539020087614,0.0244312610066787,-0.00763000656152116,-0.0448564789825484,-0.0678674619199827,0.0235190308292384,0.0313748028065469,0.0234555926997377,0.0303980387027745,0.0177749693700342,-0.0119245869233183,-0.0595144904856235,0.0322661153278918,0.0138197622187952,-0.0325952045697212,-0.0311728559146669,0.0275716895399152,0.00853281337175003,-0.0277969059358207,0.03119121885135,-0.0310374370325681,-0.000731446319709013,-0.00960586275409853,-0.0312408460308102,0.0380140290773038,-0.0318104427330162,0.0305100879064012,0.0114295898724158,-0.0242298198338623,-0.0272147485784253,0.00457524636721131,-0.0339710790194439,0.0605206113177311,-0.0282953143413817,0.0908777906770448,0.115304194980053,0.114684188294841,0.0647121526185278,0.110032827701874,0.107023873138756,0.0171148599724322
