"V1","V2","V3","V4","V5","V6","V7","V8","V9","V10","V11","V12","V13","V14","V15","V16","V17","V18","V19","V20","V21","V22","V23","V24","V25","V26","V27","V28","V29","V30","V31","V32","V33","V34","V35","V36","V37","V38","V39","V40","V41","V42","V43","V44","V45","V46","V47","V48","V49","V50","V51","V52","V53","V54","V55","V56","V57","V58","V59","V60","V61","V62","V63","V64","V65","V66","V67","V68","V69","V70","V71","V72","V73","V74","V75","V76","V77","V78","V79","V80","V81","V82","V83","V84","V85","V86","V87","V88","V89","V90","V91","V92","V93","V94","V95","V96","V97","V98","V99","V100","V101","V102","V103","V104","V105","V106","V107","V108","V109","V110","V111","V112","V113","V114","V115","V116","V117","V118","V119","V120","V121","V122","V123","V124","V125","V126","V127","V128","V129","V130","V131","V132","V133","V134","V135","V136","V137","V138","V139","V140","V141","V142","V143","V144","V145","V146","V147","V148","V149","V150","V151","V152","V153","V154","V155","V156","V157","V158","V159","V160"
3000,3000,3000,3000,3000,3000,3000,3000,3000,3000,3000,3000,3000,3000,3000,3000,3000,3000,3000,3000,3000,3000,3000,3000,3000,3000,3000,3000,3000,3000,3000,3000,3000,3000,3000,3000,3000,3000,3000,3000,3000,3000,3000,3000,3000,3000,3000,3000,3000,3000,3000,3000,3000,3000,3000,3000,3000,3000,3000,3000,3000,3000,3000,3000,3000,3000,3000,3000,3000,3000,3000,3000,3000,3000,3000,3000,3000,3000,3000,3000,3000,3000,3000,3000,3000,3000,3000,3000,3000,3000,3000,3000,3000,3000,3000,3000,3000,3000,3000,3000,3000,3000,3000,3000,3000,3000,3000,3000,3000,3000,3000,3000,3000,3000,3000,3000,3000,3000,3000,3000,3000,3000,3000,3000,3000,3000,3000,3000,3000,3000,3000,3000,3000,3000,3000,3000,3000,3000,3000,3000,3000,3000,3000,3000,3000,3000,3000,3000,3000,3000,3000,3000,3000,3000,3000,3000,3000,3000,3000,3000
3000,3000,3000,3000,3000,3000,3000,3000,3000,3000,3000,3000,3000,3000,3000,3000,3000,3000,3000,3000,3000,3000,3000,3000,3000,3000,3000,3000,3000,3000,3000,3000,3000,3000,3000,3000,3000,3000,3000,3000,3000,3000,3000,3000,3000,3000,3000,3000,3000,3000,3000,3000,3000,3000,3000,3000,3000,3000,3000,3000,3000,3000,3000,3000,3000,3000,3000,3000,3000,3000,3000,3000,3000,3000,3000,3000,3000,3000,3000,3000,3000,3000,3000,3000,3000,3000,3000,3000,3000,3000,3000,3000,3000,3000,3000,3000,3000,3000,3000,3000,3000,3000,3000,3000,3000,3000,3000,3000,3000,3000,3000,3000,3000,3000,3000,3000,3000,3000,3000,3000,3000,3000,3000,3000,3000,3000,3000,3000,3000,3000,3000,3000,3000,3000,3000,3000,3000,3000,3000,3000,3000,3000,3000,3000,3000,3000,3000,3000,3000,3000,3000,3000,3000,3000,3000,3000,3000,3000,3000,3000
3000,3000,3000,3000,3000,3000,3000,3000,3000,3000,3000,3000,3000,3000,3000,3000,3000,3000,3000,3000,3000,3000,3000,3000,3000,3000,3000,3000,3000,3000,3000,3000,3000,3000,3000,3000,3000,3000,3000,3000,3000,3000,3000,3000,3000,3000,3000,3000,3000,3000,3000,3000,3000,3000,3000,3000,3000,3000,3000,3000,3000,3000,3000,3000,3000,3000,3000,3000,3000,3000,3000,3000,3000,3000,3000,3000,3000,3000,3000,3000,3000,3000,3000,3000,3000,3000,3000,3000,3000,3000,3000,3000,3000,3000,3000,3000,3000,3000,3000,3000,3000,3000,3000,3000,3000,3000,3000,3000,3000,3000,3000,3000,3000,3000,3000,3000,3000,3000,3000,3000,3000,3000,3000,3000,3000,3000,3000,3000,3000,3000,3000,3000,3000,3000,3000,3000,3000,3000,3000,3000,3000,3000,3000,3000,3000,3000,3000,3000,3000,3000,3000,3000,3000,3000,3000,3000,3000,3000,3000,3000
3000,3000,3000,3000,3000,3000,3000,3000,3000,3000,3000,3000,3000,3000,3000,3000,3000,3000,3000,3000,3000,3000,3000,3000,3000,3000,3000,3000,3000,3000,3000,3000,3000,3000,3000,3000,3000,3000,3000,3000,3000,3000,3000,3000,3000,3000,3000,3000,3000,3000,3000,3000,3000,3000,3000,3000,3000,3000,3000,3000,3000,3000,3000,3000,3000,3000,3000,3000,3000,3000,3000,3000,3000,3000,3000,3000,3000,3000,3000,3000,3000,3000,3000,3000,3000,3000,3000,3000,3000,3000,3000,3000,3000,3000,3000,3000,3000,3000,3000,3000,3000,3000,3000,3000,3000,3000,3000,3000,3000,3000,3000,3000,3000,3000,3000,3000,3000,3000,3000,3000,3000,3000,3000,3000,3000,3000,3000,3000,3000,3000,3000,3000,3000,3000,3000,3000,3000,3000,3000,3000,3000,3000,3000,3000,3000,3000,3000,3000,3000,3000,3000,3000,3000,3000,3000,3000,3000,3000,3000,3000
3000,3000,3000,3000,3000,3000,3000,3000,3000,3000,3000,3000,3000,3000,3000,3000,3000,3000,3000,3000,3000,3000,3000,3000,3000,3000,3000,3000,3000,3000,3000,3000,3000,3000,3000,3000,3000,3000,3000,3000,3000,3000,3000,3000,3000,3000,3000,3000,3000,3000,3000,3000,3000,3000,3000,3000,3000,3000,3000,3000,3000,3000,3000,3000,3000,3000,3000,3000,3000,3000,3000,3000,3000,3000,3000,3000,3000,3000,3000,3000,3000,3000,3000,3000,3000,3000,3000,3000,3000,3000,3000,3000,3000,3000,3000,3000,3000,3000,3000,3000,3000,3000,3000,3000,3000,3000,3000,3000,3000,3000,3000,3000,3000,3000,3000,3000,3000,3000,3000,3000,3000,3000,3000,3000,3000,3000,3000,3000,3000,3000,3000,3000,3000,3000,3000,3000,3000,3000,3000,3000,3000,3000,3000,3000,3000,3000,3000,3000,3000,3000,3000,3000,3000,3000,3000,3000,3000,3000,3000,3000
3000,3000,3000,3000,3000,3000,3000,3000,3000,3000,3000,3000,3000,3000,3000,3000,3000,3000,3000,3000,3000,3000,3000,3000,3000,3000,3000,3000,3000,3000,3000,3000,3000,3000,3000,3000,3000,3000,3000,3000,3000,3000,3000,3000,3000,3000,3000,3000,3000,3000,3000,3000,3000,3000,3000,3000,3000,3000,3000,3000,3000,3000,3000,3000,3000,3000,3000,3000,3000,3000,3000,3000,3000,3000,3000,3000,3000,3000,3000,3000,3000,3000,3000,3000,3000,3000,3000,3000,3000,3000,3000,3000,3000,3000,3000,3000,3000,3000,3000,3000,3000,3000,3000,3000,3000,3000,3000,3000,3000,3000,3000,3000,3000,3000,3000,3000,3000,3000,3000,3000,3000,3000,3000,3000,3000,3000,3000,3000,3000,3000,3000,3000,3000,3000,3000,3000,3000,3000,3000,3000,3000,3000,3000,3000,3000,3000,3000,3000,3000,3000,3000,3000,3000,3000,3000,3000,3000,3000,3000,3000
3000,3000,3000,3000,3000,3000,3000,3000,3000,3000,3000,3000,3000,3000,3000,3000,3000,3000,3000,3000,3000,3000,3000,3000,3000,3000,3000,3000,3000,3000,3000,3000,3000,3000,3000,3000,3000,3000,3000,3000,3000,3000,3000,3000,3000,3000,3000,3000,3000,3000,3000,3000,3000,3000,3000,3000,3000,3000,3000,3000,3000,3000,3000,3000,3000,3000,3000,3000,3000,3000,3000,3000,3000,3000,3000,3000,3000,3000,3000,3000,3000,3000,3000,3000,3000,3000,3000,3000,3000,3000,3000,3000,3000,3000,3000,3000,3000,3000,3000,3000,3000,3000,3000,3000,3000,3000,3000,3000,3000,3000,3000,3000,3000,3000,3000,3000,3000,3000,3000,3000,3000,3000,3000,3000,3000,3000,3000,3000,3000,3000,3000,3000,3000,3000,3000,3000,3000,3000,3000,3000,3000,3000,3000,3000,3000,3000,3000,3000,3000,3000,3000,3000,3000,3000,3000,3000,3000,3000,3000,3000
3000,3000,3000,3000,3000,3000,3000,3000,3000,3000,3000,3000,3000,3000,3000,3000,3000,3000,3000,3000,3000,3000,3000,3000,3000,3000,3000,3000,3000,3000,3000,3000,3000,3000,3000,3000,3000,3000,3000,3000,3000,3000,3000,3000,3000,3000,3000,3000,3000,3000,3000,3000,3000,3000,3000,3000,3000,3000,3000,3000,3000,3000,3000,3000,3000,3000,3000,3000,3000,3000,3000,3000,3000,3000,3000,3000,3000,3000,3000,3000,3000,3000,3000,3000,3000,3000,3000,3000,3000,3000,3000,3000,3000,3000,3000,3000,3000,3000,3000,3000,3000,3000,3000,3000,3000,3000,3000,3000,3000,3000,3000,3000,3000,3000,3000,3000,3000,3000,3000,3000,3000,3000,3000,3000,3000,3000,3000,3000,3000,3000,3000,3000,3000,3000,3000,3000,3000,3000,3000,3000,3000,3000,3000,3000,3000,3000,3000,3000,3000,3000,3000,3000,3000,3000,3000,3000,3000,3000,3000,3000
3000,3000,3000,3000,3000,3000,3000,3000,3000,3000,3000,3000,3000,3000,3000,3000,3000,3000,3000,3000,3000,3000,3000,3000,3000,3000,3000,3000,3000,3000,3000,3000,3000,3000,3000,3000,3000,3000,3000,3000,3000,3000,3000,3000,3000,3000,3000,3000,3000,3000,3000,3000,3000,3000,3000,3000,3000,3000,3000,3000,3000,3000,3000,3000,3000,3000,3000,3000,3000,3000,3000,3000,3000,3000,3000,3000,3000,3000,3000,3000,3000,3000,3000,3000,3000,3000,3000,3000,3000,3000,3000,3000,3000,3000,3000,3000,3000,3000,3000,3000,3000,3000,3000,3000,3000,3000,3000,3000,3000,3000,3000,3000,3000,3000,3000,3000,3000,3000,3000,3000,3000,3000,3000,3000,3000,3000,3000,3000,3000,3000,3000,3000,3000,3000,3000,3000,3000,3000,3000,3000,3000,3000,3000,3000,3000,3000,3000,3000,3000,3000,3000,3000,3000,3000,3000,3000,3000,3000,3000,3000
3000,3000,3000,3000,3000,3000,3000,3000,3000,3000,3000,3000,3000,3000,3000,3000,3000,3000,3000,3000,3000,3000,3000,3000,3000,3000,3000,3000,3000,3000,3000,3000,3000,3000,3000,3000,3000,3000,3000,3000,3000,3000,3000,3000,3000,3000,3000,3000,3000,3000,3000,3000,3000,3000,3000,3000,3000,3000,3000,3000,3000,3000,3000,3000,3000,3000,3000,3000,3000,3000,3000,3000,3000,3000,3000,3000,3000,3000,3000,3000,3000,3000,3000,3000,3000,3000,3000,3000,3000,3000,3000,3000,3000,3000,3000,3000,3000,3000,3000,3000,3000,3000,3000,3000,3000,3000,3000,3000,3000,3000,3000,3000,3000,3000,3000,3000,3000,3000,3000,3000,3000,3000,3000,3000,3000,3000,3000,3000,3000,3000,3000,3000,3000,3000,3000,3000,3000,3000,3000,3000,3000,3000,3000,3000,3000,3000,3000,3000,3000,3000,3000,3000,3000,3000,3000,3000,3000,3000,3000,3000
3000,3000,3000,3000,3000,3000,3000,3000,3000,3000,3000,3000,3000,3000,3000,3000,3000,3000,3000,3000,3000,3000,3000,3000,3000,3000,3000,3000,3000,3000,3000,3000,3000,3000,3000,3000,3000,3000,3000,3000,3000,3000,3000,3000,3000,3000,3000,3000,3000,3000,3000,3000,3000,3000,3000,3000,3000,3000,3000,3000,3000,3000,3000,3000,3000,3000,3000,3000,3000,3000,3000,3000,3000,3000,3000,3000,3000,3000,3000,3000,3000,3000,3000,3000,3000,3000,3000,3000,3000,3000,3000,3000,3000,3000,3000,3000,3000,3000,3000,3000,3000,3000,3000,3000,3000,3000,3000,3000,3000,3000,3000,3000,3000,3000,3000,3000,3000,3000,3000,3000,3000,3000,3000,3000,3000,3000,3000,3000,3000,3000,3000,3000,3000,3000,3000,3000,3000,3000,3000,3000,3000,3000,3000,3000,3000,3000,3000,3000,3000,3000,3000,3000,3000,3000,3000,3000,3000,3000,3000,3000
3000,3000,3000,3000,3000,3000,3000,3000,3000,3000,3000,3000,3000,3000,3000,3000,3000,3000,3000,3000,3000,3000,3000,3000,3000,3000,3000,3000,3000,3000,3000,3000,3000,3000,3000,3000,3000,3000,3000,3000,3000,3000,3000,3000,3000,3000,3000,3000,3000,3000,3000,3000,3000,3000,3000,3000,3000,3000,3000,3000,3000,3000,3000,3000,3000,3000,3000,3000,3000,3000,3000,3000,3000,3000,3000,3000,3000,3000,3000,3000,3000,3000,3000,3000,3000,3000,3000,3000,3000,3000,3000,3000,3000,3000,3000,3000,3000,3000,3000,3000,3000,3000,3000,3000,3000,3000,3000,3000,3000,3000,3000,3000,3000,3000,3000,3000,3000,3000,3000,3000,3000,3000,3000,3000,3000,3000,3000,3000,3000,3000,3000,3000,3000,3000,3000,3000,3000,3000,3000,3000,3000,3000,3000,3000,3000,3000,3000,3000,3000,3000,3000,3000,3000,3000,3000,3000,3000,3000,3000,3000
3000,3000,3000,3000,3000,3000,3000,3000,3000,3000,3000,3000,3000,3000,3000,3000,3000,3000,3000,3000,3000,3000,3000,3000,3000,3000,3000,3000,3000,3000,3000,3000,3000,3000,3000,3000,3000,3000,3000,3000,3000,3000,3000,3000,3000,3000,3000,3000,3000,3000,3000,3000,3000,3000,3000,3000,3000,3000,3000,3000,3000,3000,3000,3000,3000,3000,3000,3000,3000,3000,3000,3000,3000,3000,3000,3000,3000,3000,3000,3000,3000,3000,3000,3000,3000,3000,3000,3000,3000,3000,3000,3000,3000,3000,3000,3000,3000,3000,3000,3000,3000,3000,3000,3000,3000,3000,3000,3000,3000,3000,3000,3000,3000,3000,3000,3000,3000,3000,3000,3000,3000,3000,3000,3000,3000,3000,3000,3000,3000,3000,3000,3000,3000,3000,3000,3000,3000,3000,3000,3000,3000,3000,3000,3000,3000,3000,3000,3000,3000,3000,3000,3000,3000,3000,3000,3000,3000,3000,3000,3000
3000,3000,3000,3000,3000,3000,3000,3000,3000,3000,3000,3000,3000,3000,3000,3000,3000,3000,3000,3000,3000,3000,3000,3000,3000,3000,3000,3000,3000,3000,3000,3000,3000,3000,3000,3000,3000,3000,3000,3000,3000,3000,3000,3000,3000,3000,3000,3000,3000,3000,3000,3000,3000,3000,3000,3000,3000,3000,3000,3000,3000,3000,3000,3000,3000,3000,3000,3000,3000,3000,3000,3000,3000,3000,3000,3000,3000,3000,3000,3000,3000,3000,3000,3000,3000,3000,3000,3000,3000,3000,3000,3000,3000,3000,3000,3000,3000,3000,3000,3000,3000,3000,3000,3000,3000,3000,3000,3000,3000,3000,3000,3000,3000,3000,3000,3000,3000,3000,3000,3000,3000,3000,3000,3000,3000,3000,3000,3000,3000,3000,3000,3000,3000,3000,3000,3000,3000,3000,3000,3000,3000,3000,3000,3000,3000,3000,3000,3000,3000,3000,3000,3000,3000,3000,3000,3000,3000,3000,3000,3000
3000,3000,3000,3000,3000,3000,3000,3000,3000,3000,3000,3000,3000,3000,3000,3000,3000,3000,3000,3000,3000,3000,3000,3000,3000,3000,3000,3000,3000,3000,3000,3000,3000,3000,3000,3000,3000,3000,3000,3000,3000,3000,3000,3000,3000,3000,3000,3000,3000,3000,3000,3000,3000,3000,3000,3000,3000,3000,3000,3000,3000,3000,3000,3000,3000,3000,3000,3000,3000,3000,3000,3000,3000,3000,3000,3000,3000,3000,3000,3000,3000,3000,3000,3000,3000,3000,3000,3000,3000,3000,3000,3000,3000,3000,3000,3000,3000,3000,3000,3000,3000,3000,3000,3000,3000,3000,3000,3000,3000,3000,3000,3000,3000,3000,3000,3000,3000,3000,3000,3000,3000,3000,3000,3000,3000,3000,3000,3000,3000,3000,3000,3000,3000,3000,3000,3000,3000,3000,3000,3000,3000,3000,3000,3000,3000,3000,3000,3000,3000,3000,3000,3000,3000,3000,3000,3000,3000,3000,3000,3000
3000,3000,3000,3000,3000,3000,3000,3000,3000,3000,3000,3000,3000,3000,3000,3000,3000,3000,3000,3000,3000,3000,3000,3000,3000,3000,3000,3000,3000,3000,3000,3000,3000,3000,3000,3000,3000,3000,3000,3000,3000,3000,3000,3000,3000,3000,3000,3000,3000,3000,3000,3000,3000,3000,3000,3000,3000,3000,3000,3000,3000,3000,3000,3000,3000,3000,3000,3000,3000,3000,3000,3000,3000,3000,3000,3000,3000,3000,3000,3000,3000,3000,3000,3000,3000,3000,3000,3000,3000,3000,3000,3000,3000,3000,3000,3000,3000,3000,3000,3000,3000,3000,3000,3000,3000,3000,3000,3000,3000,3000,3000,3000,3000,3000,3000,3000,3000,3000,3000,3000,3000,3000,3000,3000,3000,3000,3000,3000,3000,3000,3000,3000,3000,3000,3000,3000,3000,3000,3000,3000,3000,3000,3000,3000,3000,3000,3000,3000,3000,3000,3000,3000,3000,3000,3000,3000,3000,3000,3000,3000
3000,3000,3000,3000,3000,3000,3000,3000,3000,3000,3000,3000,3000,3000,3000,3000,3000,3000,3000,3000,3000,3000,3000,3000,3000,3000,3000,3000,3000,3000,3000,3000,3000,3000,3000,3000,3000,3000,3000,3000,3000,3000,3000,3000,3000,3000,3000,3000,3000,3000,3000,3000,3000,3000,3000,3000,3000,3000,3000,3000,3000,3000,3000,3000,3000,3000,3000,3000,3000,3000,3000,3000,3000,3000,3000,3000,3000,3000,3000,3000,3000,3000,3000,3000,3000,3000,3000,3000,3000,3000,3000,3000,3000,3000,3000,3000,3000,3000,3000,3000,3000,3000,3000,3000,3000,3000,3000,3000,3000,3000,3000,3000,3000,3000,3000,3000,3000,3000,3000,3000,3000,3000,3000,3000,3000,3000,3000,3000,3000,3000,3000,3000,3000,3000,3000,3000,3000,3000,3000,3000,3000,3000,3000,3000,3000,3000,3000,3000,3000,3000,3000,3000,3000,3000,3000,3000,3000,3000,3000,3000
3000,3000,3000,3000,3000,3000,3000,3000,3000,3000,3000,3000,3000,3000,3000,3000,3000,3000,3000,3000,3000,3000,3000,3000,3000,3000,3000,3000,3000,3000,3000,3000,3000,3000,3000,3000,3000,3000,3000,3000,3000,3000,3000,3000,3000,3000,3000,3000,3000,3000,3000,3000,3000,3000,3000,3000,3000,3000,3000,3000,3000,3000,3000,3000,3000,3000,3000,3000,3000,3000,3000,3000,3000,3000,3000,3000,3000,3000,3000,3000,3000,3000,3000,3000,3000,3000,3000,3000,3000,3000,3000,3000,3000,3000,3000,3000,3000,3000,3000,3000,3000,3000,3000,3000,3000,3000,3000,3000,3000,3000,3000,3000,3000,3000,3000,3000,3000,3000,3000,3000,3000,3000,3000,3000,3000,3000,3000,3000,3000,3000,3000,3000,3000,3000,3000,3000,3000,3000,3000,3000,3000,3000,3000,3000,3000,3000,3000,3000,3000,3000,3000,3000,3000,3000,3000,3000,3000,3000,3000,3000
3000,3000,3000,3000,3000,3000,3000,3000,3000,3000,3000,3000,3000,3000,3000,3000,3000,3000,3000,3000,3000,3000,3000,3000,3000,3000,3000,3000,3000,3000,3000,3000,3000,3000,3000,3000,3000,3000,3000,3000,3000,3000,3000,3000,3000,3000,3000,3000,3000,3000,3000,3000,3000,3000,3000,3000,3000,3000,3000,3000,3000,3000,3000,3000,3000,3000,3000,3000,3000,3000,3000,3000,3000,3000,3000,3000,3000,3000,3000,3000,3000,3000,3000,3000,3000,3000,3000,3000,3000,3000,3000,3000,3000,3000,3000,3000,3000,3000,3000,3000,3000,3000,3000,3000,3000,3000,3000,3000,3000,3000,3000,3000,3000,3000,3000,3000,3000,3000,3000,3000,3000,3000,3000,3000,3000,3000,3000,3000,3000,3000,3000,3000,3000,3000,3000,3000,3000,3000,3000,3000,3000,3000,3000,3000,3000,3000,3000,3000,3000,3000,3000,3000,3000,3000,3000,3000,3000,3000,3000,3000
3000,3000,3000,3000,3000,3000,3000,3000,3000,3000,3000,3000,3000,3000,3000,3000,3000,3000,3000,3000,3000,3000,3000,3000,3000,3000,3000,3000,3000,3000,3000,3000,3000,3000,3000,3000,3000,3000,3000,3000,3000,3000,3000,3000,3000,3000,3000,3000,3000,3000,3000,3000,3000,3000,3000,3000,3000,3000,3000,3000,3000,3000,3000,3000,3000,3000,3000,3000,3000,3000,3000,3000,3000,3000,3000,3000,3000,3000,3000,3000,3000,3000,3000,3000,3000,3000,3000,3000,3000,3000,3000,3000,3000,3000,3000,3000,3000,3000,3000,3000,3000,3000,3000,3000,3000,3000,3000,3000,3000,3000,3000,3000,3000,3000,3000,3000,3000,3000,3000,3000,3000,3000,3000,3000,3000,3000,3000,3000,3000,3000,3000,3000,3000,3000,3000,3000,3000,3000,3000,3000,3000,3000,3000,3000,3000,3000,3000,3000,3000,3000,3000,3000,3000,3000,3000,3000,3000,3000,3000,3000
3000,3000,3000,3000,3000,3000,3000,3000,3000,3000,3000,3000,3000,3000,3000,3000,3000,3000,3000,3000,3000,3000,3000,3000,3000,3000,3000,3000,3000,3000,3000,3000,3000,3000,3000,3000,3000,3000,3000,3000,3000,3000,3000,3000,3000,3000,3000,3000,3000,3000,3000,3000,3000,3000,3000,3000,3000,3000,3000,3000,3000,3000,3000,3000,3000,3000,3000,3000,3000,3000,3000,3000,3000,3000,3000,3000,3000,3000,3000,3000,3000,3000,3000,3000,3000,3000,3000,3000,3000,3000,3000,3000,3000,3000,3000,3000,3000,3000,3000,3000,3000,3000,3000,3000,3000,3000,3000,3000,3000,3000,3000,3000,3000,3000,3000,3000,3000,3000,3000,3000,3000,3000,3000,3000,3000,3000,3000,3000,3000,3000,3000,3000,3000,3000,3000,3000,3000,3000,3000,3000,3000,3000,3000,3000,3000,3000,3000,3000,3000,3000,3000,3000,3000,3000,3000,3000,3000,3000,3000,3000
3000,3000,3000,3000,3000,3000,3000,3000,3000,3000,3000,3000,3000,3000,3000,3000,3000,3000,3000,3000,3000,3000,3000,3000,3000,3000,3000,3000,3000,3000,3000,3000,3000,3000,3000,3000,3000,3000,3000,3000,3000,3000,3000,3000,3000,3000,3000,3000,3000,3000,3000,3000,3000,3000,3000,3000,3000,3000,3000,3000,3000,3000,3000,3000,3000,3000,3000,3000,3000,3000,3000,3000,3000,3000,3000,3000,3000,3000,3000,3000,3000,3000,3000,3000,3000,3000,3000,3000,3000,3000,3000,3000,3000,3000,3000,3000,3000,3000,3000,3000,3000,3000,3000,3000,3000,3000,3000,3000,3000,3000,3000,3000,3000,3000,3000,3000,3000,3000,3000,3000,3000,3000,3000,3000,3000,3000,3000,3000,3000,3000,3000,3000,3000,3000,3000,3000,3000,3000,3000,3000,3000,3000,3000,3000,3000,3000,3000,3000,3000,3000,3000,3000,3000,3000,3000,3000,3000,3000,3000,3000
3000,3000,3000,3000,3000,3000,3000,3000,3000,3000,3000,3000,3000,3000,3000,3000,3000,3000,3000,3000,3000,3000,3000,3000,3000,3000,3000,3000,3000,3000,3000,3000,3000,3000,3000,3000,3000,3000,3000,3000,3000,3000,3000,3000,3000,3000,3000,3000,3000,3000,3000,3000,3000,3000,3000,3000,3000,3000,3000,3000,3000,3000,3000,3000,3000,3000,3000,3000,3000,3000,3000,3000,3000,3000,3000,3000,3000,3000,3000,3000,3000,3000,3000,3000,3000,3000,3000,3000,3000,3000,3000,3000,3000,3000,3000,3000,3000,3000,3000,3000,3000,3000,3000,3000,3000,3000,3000,3000,3000,3000,3000,3000,3000,3000,3000,3000,3000,3000,3000,3000,3000,3000,3000,3000,3000,3000,3000,3000,3000,3000,3000,3000,3000,3000,3000,3000,3000,3000,3000,3000,3000,3000,3000,3000,3000,3000,3000,3000,3000,3000,3000,3000,3000,3000,3000,3000,3000,3000,3000,3000
3000,3000,3000,3000,3000,3000,3000,3000,3000,3000,3000,3000,3000,3000,3000,3000,3000,3000,3000,3000,3000,3000,3000,3000,3000,3000,3000,3000,3000,3000,3000,3000,3000,3000,3000,3000,3000,3000,3000,3000,3000,3000,3000,3000,3000,3000,3000,3000,3000,3000,3000,3000,3000,3000,3000,3000,3000,3000,3000,3000,3000,3000,3000,3000,3000,3000,3000,3000,3000,3000,3000,3000,3000,3000,3000,3000,3000,3000,3000,3000,3000,3000,3000,3000,3000,3000,3000,3000,3000,3000,3000,3000,3000,3000,3000,3000,3000,3000,3000,3000,3000,3000,3000,3000,3000,3000,3000,3000,3000,3000,3000,3000,3000,3000,3000,3000,3000,3000,3000,3000,3000,3000,3000,3000,3000,3000,3000,3000,3000,3000,3000,3000,3000,3000,3000,3000,3000,3000,3000,3000,3000,3000,3000,3000,3000,3000,3000,3000,3000,3000,3000,3000,3000,3000,3000,3000,3000,3000,3000,3000
3000,3000,3000,3000,3000,3000,3000,3000,3000,3000,3000,3000,3000,3000,3000,3000,3000,3000,3000,3000,3000,3000,3000,3000,3000,3000,3000,3000,3000,3000,3000,3000,3000,3000,3000,3000,3000,3000,3000,3000,3000,3000,3000,3000,3000,3000,3000,3000,3000,3000,3000,3000,3000,3000,3000,3000,3000,3000,3000,3000,3000,3000,3000,3000,3000,3000,3000,3000,3000,3000,3000,3000,3000,3000,3000,3000,3000,3000,3000,3000,3000,3000,3000,3000,3000,3000,3000,3000,3000,3000,3000,3000,3000,3000,3000,3000,3000,3000,3000,3000,3000,3000,3000,3000,3000,3000,3000,3000,3000,3000,3000,3000,3000,3000,3000,3000,3000,3000,3000,3000,3000,3000,3000,3000,3000,3000,3000,3000,3000,3000,3000,3000,3000,3000,3000,3000,3000,3000,3000,3000,3000,3000,3000,3000,3000,3000,3000,3000,3000,3000,3000,3000,3000,3000,3000,3000,3000,3000,3000,3000
3000,3000,3000,3000,3000,3000,3000,3000,3000,3000,3000,3000,3000,3000,3000,3000,3000,3000,3000,3000,3000,3000,3000,3000,3000,3000,3000,3000,3000,3000,3000,3000,3000,3000,3000,3000,3000,3000,3000,3000,3000,3000,3000,3000,3000,3000,3000,3000,3000,3000,3000,3000,3000,3000,3000,3000,3000,3000,3000,3000,3000,3000,3000,3000,3000,3000,3000,3000,3000,3000,3000,3000,3000,3000,3000,3000,3000,3000,3000,3000,3000,3000,3000,3000,3000,3000,3000,3000,3000,3000,3000,3000,3000,3000,3000,3000,3000,3000,3000,3000,3000,3000,3000,3000,3000,3000,3000,3000,3000,3000,3000,3000,3000,3000,3000,3000,3000,3000,3000,3000,3000,3000,3000,3000,3000,3000,3000,3000,3000,3000,3000,3000,3000,3000,3000,3000,3000,3000,3000,3000,3000,3000,3000,3000,3000,3000,3000,3000,3000,3000,3000,3000,3000,3000,3000,3000,3000,3000,3000,3000
3000,3000,3000,3000,3000,3000,3000,3000,3000,3000,3000,3000,3000,3000,3000,3000,3000,3000,3000,3000,3000,3000,3000,3000,3000,3000,3000,3000,3000,3000,3000,3000,3000,3000,3000,3000,3000,3000,3000,3000,3000,3000,3000,3000,3000,3000,3000,3000,3000,3000,3000,3000,3000,3000,3000,3000,3000,3000,3000,3000,3000,3000,3000,3000,3000,3000,3000,3000,3000,3000,3000,3000,3000,3000,3000,3000,3000,3000,3000,3000,3000,3000,3000,3000,3000,3000,3000,3000,3000,3000,3000,3000,3000,3000,3000,3000,3000,3000,3000,3000,3000,3000,3000,3000,3000,3000,3000,3000,3000,3000,3000,3000,3000,3000,3000,3000,3000,3000,3000,3000,3000,3000,3000,3000,3000,3000,3000,3000,3000,3000,3000,3000,3000,3000,3000,3000,3000,3000,3000,3000,3000,3000,3000,3000,3000,3000,3000,3000,3000,3000,3000,3000,3000,3000,3000,3000,3000,3000,3000,3000
3000,3000,3000,3000,3000,3000,3000,3000,3000,3000,3000,3000,3000,3000,3000,3000,3000,3000,3000,3000,3000,3000,3000,3000,3000,3000,3000,3000,3000,3000,3000,3000,3000,3000,3000,3000,3000,3000,3000,3000,3000,3000,3000,3000,3000,3000,3000,3000,3000,3000,3000,3000,3000,3000,3000,3000,3000,3000,3000,3000,3000,3000,3000,3000,3000,3000,3000,3000,3000,3000,3000,3000,3000,3000,3000,3000,3000,3000,3000,3000,3000,3000,3000,3000,3000,3000,3000,3000,3000,3000,3000,3000,3000,3000,3000,3000,3000,3000,3000,3000,3000,3000,3000,3000,3000,3000,3000,3000,3000,3000,3000,3000,3000,3000,3000,3000,3000,3000,3000,3000,3000,3000,3000,3000,3000,3000,3000,3000,3000,3000,3000,3000,3000,3000,3000,3000,3000,3000,3000,3000,3000,3000,3000,3000,3000,3000,3000,3000,3000,3000,3000,3000,3000,3000,3000,3000,3000,3000,3000,3000
3000,3000,3000,3000,3000,3000,3000,3000,3000,3000,3000,3000,3000,3000,3000,3000,3000,3000,3000,3000,3000,3000,3000,3000,3000,3000,3000,3000,3000,3000,3000,3000,3000,3000,3000,3000,3000,3000,3000,3000,3000,3000,3000,3000,3000,3000,3000,3000,3000,3000,3000,3000,3000,3000,3000,3000,3000,3000,3000,3000,3000,3000,3000,3000,3000,3000,3000,3000,3000,3000,3000,3000,3000,3000,3000,3000,3000,3000,3000,3000,3000,3000,3000,3000,3000,3000,3000,3000,3000,3000,3000,3000,3000,3000,3000,3000,3000,3000,3000,3000,3000,3000,3000,3000,3000,3000,3000,3000,3000,3000,3000,3000,3000,3000,3000,3000,3000,3000,3000,3000,3000,3000,3000,3000,3000,3000,3000,3000,3000,3000,3000,3000,3000,3000,3000,3000,3000,3000,3000,3000,3000,3000,3000,3000,3000,3000,3000,3000,3000,3000,3000,3000,3000,3000,3000,3000,3000,3000,3000,3000
3000,3000,3000,3000,3000,3000,3000,3000,3000,3000,3000,3000,3000,3000,3000,3000,3000,3000,3000,3000,3000,3000,3000,3000,3000,3000,3000,3000,3000,3000,3000,3000,3000,3000,3000,3000,3000,3000,3000,3000,3000,3000,3000,3000,3000,3000,3000,3000,3000,3000,3000,3000,3000,3000,3000,3000,3000,3000,3000,3000,3000,3000,3000,3000,3000,3000,3000,3000,3000,3000,3000,3000,3000,3000,3000,3000,3000,3000,3000,3000,3000,3000,3000,3000,3000,3000,3000,3000,3000,3000,3000,3000,3000,3000,3000,3000,3000,3000,3000,3000,3000,3000,3000,3000,3000,3000,3000,3000,3000,3000,3000,3000,3000,3000,3000,3000,3000,3000,3000,3000,3000,3000,3000,3000,3000,3000,3000,3000,3000,3000,3000,3000,3000,3000,3000,3000,3000,3000,3000,3000,3000,3000,3000,3000,3000,3000,3000,3000,3000,3000,3000,3000,3000,3000,3000,3000,3000,3000,3000,3000
3000,3000,3000,3000,3000,3000,3000,3000,3000,3000,3000,3000,3000,3000,3000,3000,3000,3000,3000,3000,3000,3000,3000,3000,3000,3000,3000,3000,3000,3000,3000,3000,3000,3000,3000,3000,3000,3000,3000,3000,3000,3000,3000,3000,3000,3000,3000,3000,3000,3000,3000,3000,3000,3000,3000,3000,3000,3000,3000,3000,3000,3000,3000,3000,3000,3000,3000,3000,3000,3000,3000,3000,3000,3000,3000,3000,3000,3000,3000,3000,3000,3000,3000,3000,3000,3000,3000,3000,3000,3000,3000,3000,3000,3000,3000,3000,3000,3000,3000,3000,3000,3000,3000,3000,3000,3000,3000,3000,3000,3000,3000,3000,3000,3000,3000,3000,3000,3000,3000,3000,3000,3000,3000,3000,3000,3000,3000,3000,3000,3000,3000,3000,3000,3000,3000,3000,3000,3000,3000,3000,3000,3000,3000,3000,3000,3000,3000,3000,3000,3000,3000,3000,3000,3000,3000,3000,3000,3000,3000,3000
3000,3000,3000,3000,3000,3000,3000,3000,3000,3000,3000,3000,3000,3000,3000,3000,3000,3000,3000,3000,3000,3000,3000,3000,3000,3000,3000,3000,3000,3000,3000,3000,3000,3000,3000,3000,3000,3000,3000,3000,3000,3000,3000,3000,3000,3000,3000,3000,3000,3000,3000,3000,3000,3000,3000,3000,3000,3000,3000,3000,3000,3000,3000,3000,3000,3000,3000,3000,3000,3000,3000,3000,3000,3000,3000,3000,3000,3000,3000,3000,3000,3000,3000,3000,3000,3000,3000,3000,3000,3000,3000,3000,3000,3000,3000,3000,3000,3000,3000,3000,3000,3000,3000,3000,3000,3000,3000,3000,3000,3000,3000,3000,3000,3000,3000,3000,3000,3000,3000,3000,3000,3000,3000,3000,3000,3000,3000,3000,3000,3000,3000,3000,3000,3000,3000,3000,3000,3000,3000,3000,3000,3000,3000,3000,3000,3000,3000,3000,3000,3000,3000,3000,3000,3000,3000,3000,3000,3000,3000,3000
3000,3000,3000,3000,3000,3000,3000,3000,3000,3000,3000,3000,3000,3000,3000,3000,3000,3000,3000,3000,3000,3000,3000,3000,3000,3000,3000,3000,3000,3000,3000,3000,3000,3000,3000,3000,3000,3000,3000,3000,3000,3000,3000,3000,3000,3000,3000,3000,3000,3000,3000,3000,3000,3000,3000,3000,3000,3000,3000,3000,3000,3000,3000,3000,3000,3000,3000,3000,3000,3000,3000,3000,3000,3000,3000,3000,3000,3000,3000,3000,3000,3000,3000,3000,3000,3000,3000,3000,3000,3000,3000,3000,3000,3000,3000,3000,3000,3000,3000,3000,3000,3000,3000,3000,3000,3000,3000,3000,3000,3000,3000,3000,3000,3000,3000,3000,3000,3000,3000,3000,3000,3000,3000,3000,3000,3000,3000,3000,3000,3000,3000,3000,3000,3000,3000,3000,3000,3000,3000,3000,3000,3000,3000,3000,3000,3000,3000,3000,3000,3000,3000,3000,3000,3000,3000,3000,3000,3000,3000,3000
3000,3000,3000,3000,3000,3000,3000,3000,3000,3000,3000,3000,3000,3000,3000,3000,3000,3000,3000,3000,3000,3000,3000,3000,3000,3000,3000,3000,3000,3000,3000,3000,3000,3000,3000,3000,3000,3000,3000,3000,3000,3000,3000,3000,3000,3000,3000,3000,3000,3000,3000,3000,3000,3000,3000,3000,3000,3000,3000,3000,3000,3000,3000,3000,3000,3000,3000,3000,3000,3000,3000,3000,3000,3000,3000,3000,3000,3000,3000,3000,3000,3000,3000,3000,3000,3000,3000,3000,3000,3000,3000,3000,3000,3000,3000,3000,3000,3000,3000,3000,3000,3000,3000,3000,3000,3000,3000,3000,3000,3000,3000,3000,3000,3000,3000,3000,3000,3000,3000,3000,3000,3000,3000,3000,3000,3000,3000,3000,3000,3000,3000,3000,3000,3000,3000,3000,3000,3000,3000,3000,3000,3000,3000,3000,3000,3000,3000,3000,3000,3000,3000,3000,3000,3000,3000,3000,3000,3000,3000,3000
3000,3000,3000,3000,3000,3000,3000,3000,3000,3000,3000,3000,3000,3000,3000,3000,3000,3000,3000,3000,3000,3000,3000,3000,3000,3000,3000,3000,3000,3000,3000,3000,3000,3000,3000,3000,3000,3000,3000,3000,3000,3000,3000,3000,3000,3000,3000,3000,3000,3000,3000,3000,3000,3000,3000,3000,3000,3000,3000,3000,3000,3000,3000,3000,3000,3000,3000,3000,3000,3000,3000,3000,3000,3000,3000,3000,3000,3000,3000,3000,3000,3000,3000,3000,3000,3000,3000,3000,3000,3000,3000,3000,3000,3000,3000,3000,3000,3000,3000,3000,3000,3000,3000,3000,3000,3000,3000,3000,3000,3000,3000,3000,3000,3000,3000,3000,3000,3000,3000,3000,3000,3000,3000,3000,3000,3000,3000,3000,3000,3000,3000,3000,3000,3000,3000,3000,3000,3000,3000,3000,3000,3000,3000,3000,3000,3000,3000,3000,3000,3000,3000,3000,3000,3000,3000,3000,3000,3000,3000,3000
3000,3000,3000,3000,3000,3000,3000,3000,3000,3000,3000,3000,3000,3000,3000,3000,3000,3000,3000,3000,3000,3000,3000,3000,3000,3000,3000,3000,3000,3000,3000,3000,3000,3000,3000,3000,3000,3000,3000,3000,3000,3000,3000,3000,3000,3000,3000,3000,3000,3000,3000,3000,3000,3000,3000,3000,3000,3000,3000,3000,3000,3000,3000,3000,3000,3000,3000,3000,3000,3000,3000,3000,3000,3000,3000,3000,3000,3000,3000,3000,3000,3000,3000,3000,3000,3000,3000,3000,3000,3000,3000,3000,3000,3000,3000,3000,3000,3000,3000,3000,3000,3000,3000,3000,3000,3000,3000,3000,3000,3000,3000,3000,3000,3000,3000,3000,3000,3000,3000,3000,3000,3000,3000,3000,3000,3000,3000,3000,3000,3000,3000,3000,3000,3000,3000,3000,3000,3000,3000,3000,3000,3000,3000,3000,3000,3000,3000,3000,3000,3000,3000,3000,3000,3000,3000,3000,3000,3000,3000,3000
3000,3000,3000,3000,3000,3000,3000,3000,3000,3000,3000,3000,3000,3000,3000,3000,3000,3000,3000,3000,3000,3000,3000,3000,3000,3000,3000,3000,3000,3000,3000,3000,3000,3000,3000,3000,3000,3000,3000,3000,3000,3000,3000,3000,3000,3000,3000,3000,3000,3000,3000,3000,3000,3000,3000,3000,3000,3000,3000,3000,3000,3000,3000,3000,3000,3000,3000,3000,3000,3000,3000,3000,3000,3000,3000,3000,3000,3000,3000,3000,3000,3000,3000,3000,3000,3000,3000,3000,3000,3000,3000,3000,3000,3000,3000,3000,3000,3000,3000,3000,3000,3000,3000,3000,3000,3000,3000,3000,3000,3000,3000,3000,3000,3000,3000,3000,3000,3000,3000,3000,3000,3000,3000,3000,3000,3000,3000,3000,3000,3000,3000,3000,3000,3000,3000,3000,3000,3000,3000,3000,3000,3000,3000,3000,3000,3000,3000,3000,3000,3000,3000,3000,3000,3000,3000,3000,3000,3000,3000,3000
3000,3000,3000,3000,3000,3000,3000,3000,3000,3000,3000,3000,3000,3000,3000,3000,3000,3000,3000,3000,3000,3000,3000,3000,3000,3000,3000,3000,3000,3000,3000,3000,3000,3000,3000,3000,3000,3000,3000,3000,3000,3000,3000,3000,3000,3000,3000,3000,3000,3000,3000,3000,3000,3000,3000,3000,3000,3000,3000,3000,3000,3000,3000,3000,3000,3000,3000,3000,3000,3000,3000,3000,3000,3000,3000,3000,3000,3000,3000,3000,3000,3000,3000,3000,3000,3000,3000,3000,3000,3000,3000,3000,3000,3000,3000,3000,3000,3000,3000,3000,3000,3000,3000,3000,3000,3000,3000,3000,3000,3000,3000,3000,3000,3000,3000,3000,3000,3000,3000,3000,3000,3000,3000,3000,3000,3000,3000,3000,3000,3000,3000,3000,3000,3000,3000,3000,3000,3000,3000,3000,3000,3000,3000,3000,3000,3000,3000,3000,3000,3000,3000,3000,3000,3000,3000,3000,3000,3000,3000,3000
3000,3000,3000,3000,3000,3000,3000,3000,3000,3000,3000,3000,3000,3000,3000,3000,3000,3000,3000,3000,3000,3000,3000,3000,3000,3000,3000,3000,3000,3000,3000,3000,3000,3000,3000,3000,3000,3000,3000,3000,3000,3000,3000,3000,3000,3000,3000,3000,3000,3000,3000,3000,3000,3000,3000,3000,3000,3000,3000,3000,3000,3000,3000,3000,3000,3000,3000,3000,3000,3000,3000,3000,3000,3000,3000,3000,3000,3000,3000,3000,3000,3000,3000,3000,3000,3000,3000,3000,3000,3000,3000,3000,3000,3000,3000,3000,3000,3000,3000,3000,3000,3000,3000,3000,3000,3000,3000,3000,3000,3000,3000,3000,3000,3000,3000,3000,3000,3000,3000,3000,3000,3000,3000,3000,3000,3000,3000,3000,3000,3000,3000,3000,3000,3000,3000,3000,3000,3000,3000,3000,3000,3000,3000,3000,3000,3000,3000,3000,3000,3000,3000,3000,3000,3000,3000,3000,3000,3000,3000,3000
3000,3000,3000,3000,3000,3000,3000,3000,3000,3000,3000,3000,3000,3000,3000,3000,3000,3000,3000,3000,3000,3000,3000,3000,3000,3000,3000,3000,3000,3000,3000,3000,3000,3000,3000,3000,3000,3000,3000,3000,3000,3000,3000,3000,3000,3000,3000,3000,3000,3000,3000,3000,3000,3000,3000,3000,3000,3000,3000,3000,3000,3000,3000,3000,3000,3000,3000,3000,3000,3000,3000,3000,3000,3000,3000,3000,3000,3000,3000,3000,3000,3000,3000,3000,3000,3000,3000,3000,3000,3000,3000,3000,3000,3000,3000,3000,3000,3000,3000,3000,3000,3000,3000,3000,3000,3000,3000,3000,3000,3000,3000,3000,3000,3000,3000,3000,3000,3000,3000,3000,3000,3000,3000,3000,3000,3000,3000,3000,3000,3000,3000,3000,3000,3000,3000,3000,3000,3000,3000,3000,3000,3000,3000,3000,3000,3000,3000,3000,3000,3000,3000,3000,3000,3000,3000,3000,3000,3000,3000,3000
3000,3000,3000,3000,3000,3000,3000,3000,3000,3000,3000,3000,3000,3000,3000,3000,3000,3000,3000,3000,3000,3000,3000,3000,3000,3000,3000,3000,3000,3000,3000,3000,3000,3000,3000,3000,3000,3000,3000,3000,3000,3000,3000,3000,3000,3000,3000,3000,3000,3000,3000,3000,3000,3000,3000,3000,3000,3000,3000,3000,3000,3000,3000,3000,3000,3000,3000,3000,3000,3000,3000,3000,3000,3000,3000,3000,3000,3000,3000,3000,3000,3000,3000,3000,3000,3000,3000,3000,3000,3000,3000,3000,3000,3000,3000,3000,3000,3000,3000,3000,3000,3000,3000,3000,3000,3000,3000,3000,3000,3000,3000,3000,3000,3000,3000,3000,3000,3000,3000,3000,3000,3000,3000,3000,3000,3000,3000,3000,3000,3000,3000,3000,3000,3000,3000,3000,3000,3000,3000,3000,3000,3000,3000,3000,3000,3000,3000,3000,3000,3000,3000,3000,3000,3000,3000,3000,3000,3000,3000,3000
3000,3000,3000,3000,3000,3000,3000,3000,3000,3000,3000,3000,3000,3000,3000,3000,3000,3000,3000,3000,3000,3000,3000,3000,3000,3000,3000,3000,3000,3000,3000,3000,3000,3000,3000,3000,3000,3000,3000,3000,3000,3000,3000,3000,3000,3000,3000,3000,3000,3000,3000,3000,3000,3000,3000,3000,3000,3000,3000,3000,3000,3000,3000,3000,3000,3000,3000,3000,3000,3000,3000,3000,3000,3000,3000,3000,3000,3000,3000,3000,3000,3000,3000,3000,3000,3000,3000,3000,3000,3000,3000,3000,3000,3000,3000,3000,3000,3000,3000,3000,3000,3000,3000,3000,3000,3000,3000,3000,3000,3000,3000,3000,3000,3000,3000,3000,3000,3000,3000,3000,3000,3000,3000,3000,3000,3000,3000,3000,3000,3000,3000,3000,3000,3000,3000,3000,3000,3000,3000,3000,3000,3000,3000,3000,3000,3000,3000,3000,3000,3000,3000,3000,3000,3000,3000,3000,3000,3000,3000,3000
3000,3000,3000,3000,3000,3000,3000,3000,3000,3000,3000,3000,3000,3000,3000,3000,3000,3000,3000,3000,3000,3000,3000,3000,3000,3000,3000,3000,3000,3000,3000,3000,3000,3000,3000,3000,3000,3000,3000,3000,3000,3000,3000,3000,3000,3000,3000,3000,3000,3000,3000,3000,3000,3000,3000,3000,3000,3000,3000,3000,3000,3000,3000,3000,3000,3000,3000,3000,3000,3000,3000,3000,3000,3000,3000,3000,3000,3000,3000,3000,3000,3000,3000,3000,3000,3000,3000,3000,3000,3000,3000,3000,3000,3000,3000,3000,3000,3000,3000,3000,3000,3000,3000,3000,3000,3000,3000,3000,3000,3000,3000,3000,3000,3000,3000,3000,3000,3000,3000,3000,3000,3000,3000,3000,3000,3000,3000,3000,3000,3000,3000,3000,3000,3000,3000,3000,3000,3000,3000,3000,3000,3000,3000,3000,3000,3000,3000,3000,3000,3000,3000,3000,3000,3000,3000,3000,3000,3000,3000,3000
3000,3000,3000,3000,3000,3000,3000,3000,3000,3000,3000,3000,3000,3000,3000,3000,3000,3000,3000,3000,3000,3000,3000,3000,3000,3000,3000,3000,3000,3000,3000,3000,3000,3000,3000,3000,3000,3000,3000,3000,3000,3000,3000,3000,3000,3000,3000,3000,3000,3000,3000,3000,3000,3000,3000,3000,3000,3000,3000,3000,3000,3000,3000,3000,3000,3000,3000,3000,3000,3000,3000,3000,3000,3000,3000,3000,3000,3000,3000,3000,3000,3000,3000,3000,3000,3000,3000,3000,3000,3000,3000,3000,3000,3000,3000,3000,3000,3000,3000,3000,3000,3000,3000,3000,3000,3000,3000,3000,3000,3000,3000,3000,3000,3000,3000,3000,3000,3000,3000,3000,3000,3000,3000,3000,3000,3000,3000,3000,3000,3000,3000,3000,3000,3000,3000,3000,3000,3000,3000,3000,3000,3000,3000,3000,3000,3000,3000,3000,3000,3000,3000,3000,3000,3000,3000,3000,3000,3000,3000,3000
3000,3000,3000,3000,3000,3000,3000,3000,3000,3000,3000,3000,3000,3000,3000,3000,3000,3000,3000,3000,3000,3000,3000,3000,3000,3000,3000,3000,3000,3000,3000,3000,3000,3000,3000,3000,3000,3000,3000,3000,3000,3000,3000,3000,3000,3000,3000,3000,3000,3000,3000,3000,3000,3000,3000,3000,3000,3000,3000,3000,3000,3000,3000,3000,3000,3000,3000,3000,3000,3000,3000,3000,3000,3000,3000,3000,3000,3000,3000,3000,3000,3000,3000,3000,3000,3000,3000,3000,3000,3000,3000,3000,3000,3000,3000,3000,3000,3000,3000,3000,3000,3000,3000,3000,3000,3000,3000,3000,3000,3000,3000,3000,3000,3000,3000,3000,3000,3000,3000,3000,3000,3000,3000,3000,3000,3000,3000,3000,3000,3000,3000,3000,3000,3000,3000,3000,3000,3000,3000,3000,3000,3000,3000,3000,3000,3000,3000,3000,3000,3000,3000,3000,3000,3000,3000,3000,3000,3000,3000,3000
3000,3000,3000,3000,3000,3000,3000,3000,3000,3000,3000,3000,3000,3000,3000,3000,3000,3000,3000,3000,3000,3000,3000,3000,3000,3000,3000,3000,3000,3000,3000,3000,3000,3000,3000,3000,3000,3000,3000,3000,3000,3000,3000,3000,3000,3000,3000,3000,3000,3000,3000,3000,3000,3000,3000,3000,3000,3000,3000,3000,3000,3000,3000,3000,3000,3000,3000,3000,3000,3000,3000,3000,3000,3000,3000,3000,3000,3000,3000,3000,3000,3000,3000,3000,3000,3000,3000,3000,3000,3000,3000,3000,3000,3000,3000,3000,3000,3000,3000,3000,3000,3000,3000,3000,3000,3000,3000,3000,3000,3000,3000,3000,3000,3000,3000,3000,3000,3000,3000,3000,3000,3000,3000,3000,3000,3000,3000,3000,3000,3000,3000,3000,3000,3000,3000,3000,3000,3000,3000,3000,3000,3000,3000,3000,3000,3000,3000,3000,3000,3000,3000,3000,3000,3000,3000,3000,3000,3000,3000,3000
3000,3000,3000,3000,3000,3000,3000,3000,3000,3000,3000,3000,3000,3000,3000,3000,3000,3000,3000,3000,3000,3000,3000,3000,3000,3000,3000,3000,3000,3000,3000,3000,3000,3000,3000,3000,3000,3000,3000,3000,3000,3000,3000,3000,3000,3000,3000,3000,3000,3000,3000,3000,3000,3000,3000,3000,3000,3000,3000,3000,3000,3000,3000,3000,3000,3000,3000,3000,3000,3000,3000,3000,3000,3000,3000,3000,3000,3000,3000,3000,3000,3000,3000,3000,3000,3000,3000,3000,3000,3000,3000,3000,3000,3000,3000,3000,3000,3000,3000,3000,3000,3000,3000,3000,3000,3000,3000,3000,3000,3000,3000,3000,3000,3000,3000,3000,3000,3000,3000,3000,3000,3000,3000,3000,3000,3000,3000,3000,3000,3000,3000,3000,3000,3000,3000,3000,3000,3000,3000,3000,3000,3000,3000,3000,3000,3000,3000,3000,3000,3000,3000,3000,3000,3000,3000,3000,3000,3000,3000,3000
3000,3000,3000,3000,3000,3000,3000,3000,3000,3000,3000,3000,3000,3000,3000,3000,3000,3000,3000,3000,3000,3000,3000,3000,3000,3000,3000,3000,3000,3000,3000,3000,3000,3000,3000,3000,3000,3000,3000,3000,3000,3000,3000,3000,3000,3000,3000,3000,3000,3000,3000,3000,3000,3000,3000,3000,3000,3000,3000,3000,3000,3000,3000,3000,3000,3000,3000,3000,3000,3000,3000,3000,3000,3000,3000,3000,3000,3000,3000,3000,3000,3000,3000,3000,3000,3000,3000,3000,3000,3000,3000,3000,3000,3000,3000,3000,3000,3000,3000,3000,3000,3000,3000,3000,3000,3000,3000,3000,3000,3000,3000,3000,3000,3000,3000,3000,3000,3000,3000,3000,3000,3000,3000,3000,3000,3000,3000,3000,3000,3000,3000,3000,3000,3000,3000,3000,3000,3000,3000,3000,3000,3000,3000,3000,3000,3000,3000,3000,3000,3000,3000,3000,3000,3000,3000,3000,3000,3000,3000,3000
3000,3000,3000,3000,3000,3000,3000,3000,3000,3000,3000,3000,3000,3000,3000,3000,3000,3000,3000,3000,3000,3000,3000,3000,3000,3000,3000,3000,3000,3000,3000,3000,3000,3000,3000,3000,3000,3000,3000,3000,3000,3000,3000,3000,3000,3000,3000,3000,3000,3000,3000,3000,3000,3000,3000,3000,3000,3000,3000,3000,3000,3000,3000,3000,3000,3000,3000,3000,3000,3000,3000,3000,3000,3000,3000,3000,3000,3000,3000,3000,3000,3000,3000,3000,3000,3000,3000,3000,3000,3000,3000,3000,3000,3000,3000,3000,3000,3000,3000,3000,3000,3000,3000,3000,3000,3000,3000,3000,3000,3000,3000,3000,3000,3000,3000,3000,3000,3000,3000,3000,3000,3000,3000,3000,3000,3000,3000,3000,3000,3000,3000,3000,3000,3000,3000,3000,3000,3000,3000,3000,3000,3000,3000,3000,3000,3000,3000,3000,3000,3000,3000,3000,3000,3000,3000,3000,3000,3000,3000,3000
3000,3000,3000,3000,3000,3000,3000,3000,3000,3000,3000,3000,3000,3000,3000,3000,3000,3000,3000,3000,3000,3000,3000,3000,3000,3000,3000,3000,3000,3000,3000,3000,3000,3000,3000,3000,3000,3000,3000,3000,3000,3000,3000,3000,3000,3000,3000,3000,3000,3000,3000,3000,3000,3000,3000,3000,3000,3000,3000,3000,3000,3000,3000,3000,3000,3000,3000,3000,3000,3000,3000,3000,3000,3000,3000,3000,3000,3000,3000,3000,3000,3000,3000,3000,3000,3000,3000,3000,3000,3000,3000,3000,3000,3000,3000,3000,3000,3000,3000,3000,3000,3000,3000,3000,3000,3000,3000,3000,3000,3000,3000,3000,3000,3000,3000,3000,3000,3000,3000,3000,3000,3000,3000,3000,3000,3000,3000,3000,3000,3000,3000,3000,3000,3000,3000,3000,3000,3000,3000,3000,3000,3000,3000,3000,3000,3000,3000,3000,3000,3000,3000,3000,3000,3000,3000,3000,3000,3000,3000,3000
3000,3000,3000,3000,3000,3000,3000,3000,3000,3000,3000,3000,3000,3000,3000,3000,3000,3000,3000,3000,3000,3000,3000,3000,3000,3000,3000,3000,3000,3000,3000,3000,3000,3000,3000,3000,3000,3000,3000,3000,3000,3000,3000,3000,3000,3000,3000,3000,3000,3000,3000,3000,3000,3000,3000,3000,3000,3000,3000,3000,3000,3000,3000,3000,3000,3000,3000,3000,3000,3000,3000,3000,3000,3000,3000,3000,3000,3000,3000,3000,3000,3000,3000,3000,3000,3000,3000,3000,3000,3000,3000,3000,3000,3000,3000,3000,3000,3000,3000,3000,3000,3000,3000,3000,3000,3000,3000,3000,3000,3000,3000,3000,3000,3000,3000,3000,3000,3000,3000,3000,3000,3000,3000,3000,3000,3000,3000,3000,3000,3000,3000,3000,3000,3000,3000,3000,3000,3000,3000,3000,3000,3000,3000,3000,3000,3000,3000,3000,3000,3000,3000,3000,3000,3000,3000,3000,3000,3000,3000,3000
3000,3000,3000,3000,3000,3000,3000,3000,3000,3000,3000,3000,3000,3000,3000,3000,3000,3000,3000,3000,3000,3000,3000,3000,3000,3000,3000,3000,3000,3000,3000,3000,3000,3000,3000,3000,3000,3000,3000,3000,3000,3000,3000,3000,3000,3000,3000,3000,3000,3000,3000,3000,3000,3000,3000,3000,3000,3000,3000,3000,3000,3000,3000,3000,3000,3000,3000,3000,3000,3000,3000,3000,3000,3000,3000,3000,3000,3000,3000,3000,3000,3000,3000,3000,3000,3000,3000,3000,3000,3000,3000,3000,3000,3000,3000,3000,3000,3000,3000,3000,3000,3000,3000,3000,3000,3000,3000,3000,3000,3000,3000,3000,3000,3000,3000,3000,3000,3000,3000,3000,3000,3000,3000,3000,3000,3000,3000,3000,3000,3000,3000,3000,3000,3000,3000,3000,3000,3000,3000,3000,3000,3000,3000,3000,3000,3000,3000,3000,3000,3000,3000,3000,3000,3000,3000,3000,3000,3000,3000,3000
3000,3000,3000,3000,3000,3000,3000,3000,3000,3000,3000,3000,3000,3000,3000,3000,3000,3000,3000,3000,3000,3000,3000,3000,3000,3000,3000,3000,3000,3000,3000,3000,3000,3000,3000,3000,3000,3000,3000,3000,3000,3000,3000,3000,3000,3000,3000,3000,3000,3000,3000,3000,3000,3000,3000,3000,3000,3000,3000,3000,3000,3000,3000,3000,3000,3000,3000,3000,3000,3000,3000,3000,3000,3000,3000,3000,3000,3000,3000,3000,3000,3000,3000,3000,3000,3000,3000,3000,3000,3000,3000,3000,3000,3000,3000,3000,3000,3000,3000,3000,3000,3000,3000,3000,3000,3000,3000,3000,3000,3000,3000,3000,3000,3000,3000,3000,3000,3000,3000,3000,3000,3000,3000,3000,3000,3000,3000,3000,3000,3000,3000,3000,3000,3000,3000,3000,3000,3000,3000,3000,3000,3000,3000,3000,3000,3000,3000,3000,3000,3000,3000,3000,3000,3000,3000,3000,3000,3000,3000,3000
3000,3000,3000,3000,3000,3000,3000,3000,3000,3000,3000,3000,3000,3000,3000,3000,3000,3000,3000,3000,3000,3000,3000,3000,3000,3000,3000,3000,3000,3000,3000,3000,3000,3000,3000,3000,3000,3000,3000,3000,3000,3000,3000,3000,3000,3000,3000,3000,3000,3000,3000,3000,3000,3000,3000,3000,3000,3000,3000,3000,3000,3000,3000,3000,3000,3000,3000,3000,3000,3000,3000,3000,3000,3000,3000,3000,3000,3000,3000,3000,3000,3000,3000,3000,3000,3000,3000,3000,3000,3000,3000,3000,3000,3000,3000,3000,3000,3000,3000,3000,3000,3000,3000,3000,3000,3000,3000,3000,3000,3000,3000,3000,3000,3000,3000,3000,3000,3000,3000,3000,3000,3000,3000,3000,3000,3000,3000,3000,3000,3000,3000,3000,3000,3000,3000,3000,3000,3000,3000,3000,3000,3000,3000,3000,3000,3000,3000,3000,3000,3000,3000,3000,3000,3000,3000,3000,3000,3000,3000,3000
3000,3000,3000,3000,3000,3000,3000,3000,3000,3000,3000,3000,3000,3000,3000,3000,3000,3000,3000,3000,3000,3000,3000,3000,3000,3000,3000,3000,3000,3000,3000,3000,3000,3000,3000,3000,3000,3000,3000,3000,3000,3000,3000,3000,3000,3000,3000,3000,3000,3000,3000,3000,3000,3000,3000,3000,3000,3000,3000,3000,3000,3000,3000,3000,3000,3000,3000,3000,3000,3000,3000,3000,3000,3000,3000,3000,3000,3000,3000,3000,3000,3000,3000,3000,3000,3000,3000,3000,3000,3000,3000,3000,3000,3000,3000,3000,3000,3000,3000,3000,3000,3000,3000,3000,3000,3000,3000,3000,3000,3000,3000,3000,3000,3000,3000,3000,3000,3000,3000,3000,3000,3000,3000,3000,3000,3000,3000,3000,3000,3000,3000,3000,3000,3000,3000,3000,3000,3000,3000,3000,3000,3000,3000,3000,3000,3000,3000,3000,3000,3000,3000,3000,3000,3000,3000,3000,3000,3000,3000,3000
3000,3000,3000,3000,3000,3000,3000,3000,3000,3000,3000,3000,3000,3000,3000,3000,3000,3000,3000,3000,3000,3000,3000,3000,3000,3000,3000,3000,3000,3000,3000,3000,3000,3000,3000,3000,3000,3000,3000,3000,3000,3000,3000,3000,3000,3000,3000,3000,3000,3000,3000,3000,3000,3000,3000,3000,3000,3000,3000,3000,3000,3000,3000,3000,3000,3000,3000,3000,3000,3000,3000,3000,3000,3000,3000,3000,3000,3000,3000,3000,3000,3000,3000,3000,3000,3000,3000,3000,3000,3000,3000,3000,3000,3000,3000,3000,3000,3000,3000,3000,3000,3000,3000,3000,3000,3000,3000,3000,3000,3000,3000,3000,3000,3000,3000,3000,3000,3000,3000,3000,3000,3000,3000,3000,3000,3000,3000,3000,3000,3000,3000,3000,3000,3000,3000,3000,3000,3000,3000,3000,3000,3000,3000,3000,3000,3000,3000,3000,3000,3000,3000,3000,3000,3000,3000,3000,3000,3000,3000,3000
3000,3000,3000,3000,3000,3000,3000,3000,3000,3000,3000,3000,3000,3000,3000,3000,3000,3000,3000,3000,3000,3000,3000,3000,3000,3000,3000,3000,3000,3000,3000,3000,3000,3000,3000,3000,3000,3000,3000,3000,3000,3000,3000,3000,3000,3000,3000,3000,3000,3000,3000,3000,3000,3000,3000,3000,3000,3000,3000,3000,3000,3000,3000,3000,3000,3000,3000,3000,3000,3000,3000,3000,3000,3000,3000,3000,3000,3000,3000,3000,3000,3000,3000,3000,3000,3000,3000,3000,3000,3000,3000,3000,3000,3000,3000,3000,3000,3000,3000,3000,3000,3000,3000,3000,3000,3000,3000,3000,3000,3000,3000,3000,3000,3000,3000,3000,3000,3000,3000,3000,3000,3000,3000,3000,3000,3000,3000,3000,3000,3000,3000,3000,3000,3000,3000,3000,3000,3000,3000,3000,3000,3000,3000,3000,3000,3000,3000,3000,3000,3000,3000,3000,3000,3000,3000,3000,3000,3000,3000,3000
3000,3000,3000,3000,3000,3000,3000,3000,3000,3000,3000,3000,3000,3000,3000,3000,3000,3000,3000,3000,3000,3000,3000,3000,3000,3000,3000,3000,3000,3000,3000,3000,3000,3000,3000,3000,3000,3000,3000,3000,3000,3000,3000,3000,3000,3000,3000,3000,3000,3000,3000,3000,3000,3000,3000,3000,3000,3000,3000,3000,3000,3000,3000,3000,3000,3000,3000,3000,3000,3000,3000,3000,3000,3000,3000,3000,3000,3000,3000,3000,3000,3000,3000,3000,3000,3000,3000,3000,3000,3000,3000,3000,3000,3000,3000,3000,3000,3000,3000,3000,3000,3000,3000,3000,3000,3000,3000,3000,3000,3000,3000,3000,3000,3000,3000,3000,3000,3000,3000,3000,3000,3000,3000,3000,3000,3000,3000,3000,3000,3000,3000,3000,3000,3000,3000,3000,3000,3000,3000,3000,3000,3000,3000,3000,3000,3000,3000,3000,3000,3000,3000,3000,3000,3000,3000,3000,3000,3000,3000,3000
3000,3000,3000,3000,3000,3000,3000,3000,3000,3000,3000,3000,3000,3000,3000,3000,3000,3000,3000,3000,3000,3000,3000,3000,3000,3000,3000,3000,3000,3000,3000,3000,3000,3000,3000,3000,3000,3000,3000,3000,3000,3000,3000,3000,3000,3000,3000,3000,3000,3000,3000,3000,3000,3000,3000,3000,3000,3000,3000,3000,3000,3000,3000,3000,3000,3000,3000,3000,3000,3000,3000,3000,3000,3000,3000,3000,3000,3000,3000,3000,3000,3000,3000,3000,3000,3000,3000,3000,3000,3000,3000,3000,3000,3000,3000,3000,3000,3000,3000,3000,3000,3000,3000,3000,3000,3000,3000,3000,3000,3000,3000,3000,3000,3000,3000,3000,3000,3000,3000,3000,3000,3000,3000,3000,3000,3000,3000,3000,3000,3000,3000,3000,3000,3000,3000,3000,3000,3000,3000,3000,3000,3000,3000,3000,3000,3000,3000,3000,3000,3000,3000,3000,3000,3000,3000,3000,3000,3000,3000,3000
3000,3000,3000,3000,3000,3000,3000,3000,3000,3000,3000,3000,3000,3000,3000,3000,3000,3000,3000,3000,3000,3000,3000,3000,3000,3000,3000,3000,3000,3000,3000,3000,3000,3000,3000,3000,3000,3000,3000,3000,3000,3000,3000,3000,3000,3000,3000,3000,3000,3000,3000,3000,3000,3000,3000,3000,3000,3000,3000,3000,3000,3000,3000,3000,3000,3000,3000,3000,3000,3000,3000,3000,3000,3000,3000,3000,3000,3000,3000,3000,3000,3000,3000,3000,3000,3000,3000,3000,3000,3000,3000,3000,3000,3000,3000,3000,3000,3000,3000,3000,3000,3000,3000,3000,3000,3000,3000,3000,3000,3000,3000,3000,3000,3000,3000,3000,3000,3000,3000,3000,3000,3000,3000,3000,3000,3000,3000,3000,3000,3000,3000,3000,3000,3000,3000,3000,3000,3000,3000,3000,3000,3000,3000,3000,3000,3000,3000,3000,3000,3000,3000,3000,3000,3000,3000,3000,3000,3000,3000,3000
3000,3000,3000,3000,3000,3000,3000,3000,3000,3000,3000,3000,3000,3000,3000,3000,3000,3000,3000,3000,3000,3000,3000,3000,3000,3000,3000,3000,3000,3000,3000,3000,3000,3000,3000,3000,3000,3000,3000,3000,3000,3000,3000,3000,3000,3000,3000,3000,3000,3000,3000,3000,3000,3000,3000,3000,3000,3000,3000,3000,3000,3000,3000,3000,3000,3000,3000,3000,3000,3000,3000,3000,3000,3000,3000,3000,3000,3000,3000,3000,3000,3000,3000,3000,3000,3000,3000,3000,3000,3000,3000,3000,3000,3000,3000,3000,3000,3000,3000,3000,3000,3000,3000,3000,3000,3000,3000,3000,3000,3000,3000,3000,3000,3000,3000,3000,3000,3000,3000,3000,3000,3000,3000,3000,3000,3000,3000,3000,3000,3000,3000,3000,3000,3000,3000,3000,3000,3000,3000,3000,3000,3000,3000,3000,3000,3000,3000,3000,3000,3000,3000,3000,3000,3000,3000,3000,3000,3000,3000,3000
3000,3000,3000,3000,3000,3000,3000,3000,3000,3000,3000,3000,3000,3000,3000,3000,3000,3000,3000,3000,3000,3000,3000,3000,3000,3000,3000,3000,3000,3000,3000,3000,3000,3000,3000,3000,3000,3000,3000,3000,3000,3000,3000,3000,3000,3000,3000,3000,3000,3000,3000,3000,3000,3000,3000,3000,3000,3000,3000,3000,3000,3000,3000,3000,3000,3000,3000,3000,3000,3000,3000,3000,3000,3000,3000,3000,3000,3000,3000,3000,3000,3000,3000,3000,3000,3000,3000,3000,3000,3000,3000,3000,3000,3000,3000,3000,3000,3000,3000,3000,3000,3000,3000,3000,3000,3000,3000,3000,3000,3000,3000,3000,3000,3000,3000,3000,3000,3000,3000,3000,3000,3000,3000,3000,3000,3000,3000,3000,3000,3000,3000,3000,3000,3000,3000,3000,3000,3000,3000,3000,3000,3000,3000,3000,3000,3000,3000,3000,3000,3000,3000,3000,3000,3000,3000,3000,3000,3000,3000,3000
3000,3000,3000,3000,3000,3000,3000,3000,3000,3000,3000,3000,3000,3000,3000,3000,3000,3000,3000,3000,3000,3000,3000,3000,3000,3000,3000,3000,3000,3000,3000,3000,3000,3000,3000,3000,3000,3000,3000,3000,3000,3000,3000,3000,3000,3000,3000,3000,3000,3000,3000,3000,3000,3000,3000,3000,3000,3000,3000,3000,3000,3000,3000,3000,3000,3000,3000,3000,3000,3000,3000,3000,3000,3000,3000,3000,3000,3000,3000,3000,3000,3000,3000,3000,3000,3000,3000,3000,3000,3000,3000,3000,3000,3000,3000,3000,3000,3000,3000,3000,3000,3000,3000,3000,3000,3000,3000,3000,3000,3000,3000,3000,3000,3000,3000,3000,3000,3000,3000,3000,3000,3000,3000,3000,3000,3000,3000,3000,3000,3000,3000,3000,3000,3000,3000,3000,3000,3000,3000,3000,3000,3000,3000,3000,3000,3000,3000,3000,3000,3000,3000,3000,3000,3000,3000,3000,3000,3000,3000,3000
3000,3000,3000,3000,3000,3000,3000,3000,3000,3000,3000,3000,3000,3000,3000,3000,3000,3000,3000,3000,3000,3000,3000,3000,3000,3000,3000,3000,3000,3000,3000,3000,3000,3000,3000,3000,3000,3000,3000,3000,3000,3000,3000,3000,3000,3000,3000,3000,3000,3000,3000,3000,3000,3000,3000,3000,3000,3000,3000,3000,3000,3000,3000,3000,3000,3000,3000,3000,3000,3000,3000,3000,3000,3000,3000,3000,3000,3000,3000,3000,3000,3000,3000,3000,3000,3000,3000,3000,3000,3000,3000,3000,3000,3000,3000,3000,3000,3000,3000,3000,3000,3000,3000,3000,3000,3000,3000,3000,3000,3000,3000,3000,3000,3000,3000,3000,3000,3000,3000,3000,3000,3000,3000,3000,3000,3000,3000,3000,3000,3000,3000,3000,3000,3000,3000,3000,3000,3000,3000,3000,3000,3000,3000,3000,3000,3000,3000,3000,3000,3000,3000,3000,3000,3000,3000,3000,3000,3000,3000,3000
3000,3000,3000,3000,3000,3000,3000,3000,3000,3000,3000,3000,3000,3000,3000,3000,3000,3000,3000,3000,3000,3000,3000,3000,3000,3000,3000,3000,3000,3000,3000,3000,3000,3000,3000,3000,3000,3000,3000,3000,3000,3000,3000,3000,3000,3000,3000,3000,3000,3000,3000,3000,3000,3000,3000,3000,3000,3000,3000,3000,3000,3000,3000,3000,3000,3000,3000,3000,3000,3000,3000,3000,3000,3000,3000,3000,3000,3000,3000,3000,3000,3000,3000,3000,3000,3000,3000,3000,3000,3000,3000,3000,3000,3000,3000,3000,3000,3000,3000,3000,3000,3000,3000,3000,3000,3000,3000,3000,3000,3000,3000,3000,3000,3000,3000,3000,3000,3000,3000,3000,3000,3000,3000,3000,3000,3000,3000,3000,3000,3000,3000,3000,3000,3000,3000,3000,3000,3000,3000,3000,3000,3000,3000,3000,3000,3000,3000,3000,3000,3000,3000,3000,3000,3000,3000,3000,3000,3000,3000,3000
3000,3000,3000,3000,3000,3000,3000,3000,3000,3000,3000,3000,3000,3000,3000,3000,3000,3000,3000,3000,3000,3000,3000,3000,3000,3000,3000,3000,3000,3000,3000,3000,3000,3000,3000,3000,3000,3000,3000,3000,3000,3000,3000,3000,3000,3000,3000,3000,3000,3000,3000,3000,3000,3000,3000,3000,3000,3000,3000,3000,3000,3000,3000,3000,3000,3000,3000,3000,3000,3000,3000,3000,3000,3000,3000,3000,3000,3000,3000,3000,3000,3000,3000,3000,3000,3000,3000,3000,3000,3000,3000,3000,3000,3000,3000,3000,3000,3000,3000,3000,3000,3000,3000,3000,3000,3000,3000,3000,3000,3000,3000,3000,3000,3000,3000,3000,3000,3000,3000,3000,3000,3000,3000,3000,3000,3000,3000,3000,3000,3000,3000,3000,3000,3000,3000,3000,3000,3000,3000,3000,3000,3000,3000,3000,3000,3000,3000,3000,3000,3000,3000,3000,3000,3000,3000,3000,3000,3000,3000,3000
3000,3000,3000,3000,3000,3000,3000,3000,3000,3000,3000,3000,3000,3000,3000,3000,3000,3000,3000,3000,3000,3000,3000,3000,3000,3000,3000,3000,3000,3000,3000,3000,3000,3000,3000,3000,3000,3000,3000,3000,3000,3000,3000,3000,3000,3000,3000,3000,3000,3000,3000,3000,3000,3000,3000,3000,3000,3000,3000,3000,3000,3000,3000,3000,3000,3000,3000,3000,3000,3000,3000,3000,3000,3000,3000,3000,3000,3000,3000,3000,3000,3000,3000,3000,3000,3000,3000,3000,3000,3000,3000,3000,3000,3000,3000,3000,3000,3000,3000,3000,3000,3000,3000,3000,3000,3000,3000,3000,3000,3000,3000,3000,3000,3000,3000,3000,3000,3000,3000,3000,3000,3000,3000,3000,3000,3000,3000,3000,3000,3000,3000,3000,3000,3000,3000,3000,3000,3000,3000,3000,3000,3000,3000,3000,3000,3000,3000,3000,3000,3000,3000,3000,3000,3000,3000,3000,3000,3000,3000,3000
3000,3000,3000,3000,3000,3000,3000,3000,3000,3000,3000,3000,3000,3000,3000,3000,3000,3000,3000,3000,3000,3000,3000,3000,3000,3000,3000,3000,3000,3000,3000,3000,3000,3000,3000,3000,3000,3000,3000,3000,3000,3000,3000,3000,3000,3000,3000,3000,3000,3000,3000,3000,3000,3000,3000,3000,3000,3000,3000,3000,3000,3000,3000,3000,3000,3000,3000,3000,3000,3000,3000,3000,3000,3000,3000,3000,3000,3000,3000,3000,3000,3000,3000,3000,3000,3000,3000,3000,3000,3000,3000,3000,3000,3000,3000,3000,3000,3000,3000,3000,3000,3000,3000,3000,3000,3000,3000,3000,3000,3000,3000,3000,3000,3000,3000,3000,3000,3000,3000,3000,3000,3000,3000,3000,3000,3000,3000,3000,3000,3000,3000,3000,3000,3000,3000,3000,3000,3000,3000,3000,3000,3000,3000,3000,3000,3000,3000,3000,3000,3000,3000,3000,3000,3000,3000,3000,3000,3000,3000,3000
3000,3000,3000,3000,3000,3000,3000,3000,3000,3000,3000,3000,3000,3000,3000,3000,3000,3000,3000,3000,3000,3000,3000,3000,3000,3000,3000,3000,3000,3000,3000,3000,3000,3000,3000,3000,3000,3000,3000,3000,3000,3000,3000,3000,3000,3000,3000,3000,3000,3000,3000,3000,3000,3000,3000,3000,3000,3000,3000,3000,3000,3000,3000,3000,3000,3000,3000,3000,3000,3000,3000,3000,3000,3000,3000,3000,3000,3000,3000,3000,3000,3000,3000,3000,3000,3000,3000,3000,3000,3000,3000,3000,3000,3000,3000,3000,3000,3000,3000,3000,3000,3000,3000,3000,3000,3000,3000,3000,3000,3000,3000,3000,3000,3000,3000,3000,3000,3000,3000,3000,3000,3000,3000,3000,3000,3000,3000,3000,3000,3000,3000,3000,3000,3000,3000,3000,3000,3000,3000,3000,3000,3000,3000,3000,3000,3000,3000,3000,3000,3000,3000,3000,3000,3000,3000,3000,3000,3000,3000,3000
3000,3000,3000,3000,3000,3000,3000,3000,3000,3000,3000,3000,3000,3000,3000,3000,3000,3000,3000,3000,3000,3000,3000,3000,3000,3000,3000,3000,3000,3000,3000,3000,3000,3000,3000,3000,3000,3000,3000,3000,3000,3000,3000,3000,3000,3000,3000,3000,3000,3000,3000,3000,3000,3000,3000,3000,3000,3000,3000,3000,3000,3000,3000,3000,3000,3000,3000,3000,3000,3000,3000,3000,3000,3000,3000,3000,3000,3000,3000,3000,3000,3000,3000,3000,3000,3000,3000,3000,3000,3000,3000,3000,3000,3000,3000,3000,3000,3000,3000,3000,3000,3000,3000,3000,3000,3000,3000,3000,3000,3000,3000,3000,3000,3000,3000,3000,3000,3000,3000,3000,3000,3000,3000,3000,3000,3000,3000,3000,3000,3000,3000,3000,3000,3000,3000,3000,3000,3000,3000,3000,3000,3000,3000,3000,3000,3000,3000,3000,3000,3000,3000,3000,3000,3000,3000,3000,3000,3000,3000,3000
3000,3000,3000,3000,3000,3000,3000,3000,3000,3000,3000,3000,3000,3000,3000,3000,3000,3000,3000,3000,3000,3000,3000,3000,3000,3000,3000,3000,3000,3000,3000,3000,3000,3000,3000,3000,3000,3000,3000,3000,3000,3000,3000,3000,3000,3000,3000,3000,3000,3000,3000,3000,3000,3000,3000,3000,3000,3000,3000,3000,3000,3000,3000,3000,3000,3000,3000,3000,3000,3000,3000,3000,3000,3000,3000,3000,3000,3000,3000,3000,3000,3000,3000,3000,3000,3000,3000,3000,3000,3000,3000,3000,3000,3000,3000,3000,3000,3000,3000,3000,3000,3000,3000,3000,3000,3000,3000,3000,3000,3000,3000,3000,3000,3000,3000,3000,3000,3000,3000,3000,3000,3000,3000,3000,3000,3000,3000,3000,3000,3000,3000,3000,3000,3000,3000,3000,3000,3000,3000,3000,3000,3000,3000,3000,3000,3000,3000,3000,3000,3000,3000,3000,3000,3000,3000,3000,3000,3000,3000,3000
3000,3000,3000,3000,3000,3000,3000,3000,3000,3000,3000,3000,3000,3000,3000,3000,3000,3000,3000,3000,3000,3000,3000,3000,3000,3000,3000,3000,3000,3000,3000,3000,3000,3000,3000,3000,3000,3000,3000,3000,3000,3000,3000,3000,3000,3000,3000,3000,3000,3000,3000,3000,3000,3000,3000,3000,3000,3000,3000,3000,3000,3000,3000,3000,3000,3000,3000,3000,3000,3000,3000,3000,3000,3000,3000,3000,3000,3000,3000,3000,3000,3000,3000,3000,3000,3000,3000,3000,3000,3000,3000,3000,3000,3000,3000,3000,3000,3000,3000,3000,3000,3000,3000,3000,3000,3000,3000,3000,3000,3000,3000,3000,3000,3000,3000,3000,3000,3000,3000,3000,3000,3000,3000,3000,3000,3000,3000,3000,3000,3000,3000,3000,3000,3000,3000,3000,3000,3000,3000,3000,3000,3000,3000,3000,3000,3000,3000,3000,3000,3000,3000,3000,3000,3000,3000,3000,3000,3000,3000,3000
3000,3000,3000,3000,3000,3000,3000,3000,3000,3000,3000,3000,3000,3000,3000,3000,3000,3000,3000,3000,3000,3000,3000,3000,3000,3000,3000,3000,3000,3000,3000,3000,3000,3000,3000,3000,3000,3000,3000,3000,3000,3000,3000,3000,3000,3000,3000,3000,3000,3000,3000,3000,3000,3000,3000,3000,3000,3000,3000,3000,3000,3000,3000,3000,3000,3000,3000,3000,3000,3000,3000,3000,3000,3000,3000,3000,3000,3000,3000,3000,3000,3000,3000,3000,3000,3000,3000,3000,3000,3000,3000,3000,3000,3000,3000,3000,3000,3000,3000,3000,3000,3000,3000,3000,3000,3000,3000,3000,3000,3000,3000,3000,3000,3000,3000,3000,3000,3000,3000,3000,3000,3000,3000,3000,3000,3000,3000,3000,3000,3000,3000,3000,3000,3000,3000,3000,3000,3000,3000,3000,3000,3000,3000,3000,3000,3000,3000,3000,3000,3000,3000,3000,3000,3000,3000,3000,3000,3000,3000,3000
3000,3000,3000,3000,3000,3000,3000,3000,3000,3000,3000,3000,3000,3000,3000,3000,3000,3000,3000,3000,3000,3000,3000,3000,3000,3000,3000,3000,3000,3000,3000,3000,3000,3000,3000,3000,3000,3000,3000,3000,3000,3000,3000,3000,3000,3000,3000,3000,3000,3000,3000,3000,3000,3000,3000,3000,3000,3000,3000,3000,3000,3000,3000,3000,3000,3000,3000,3000,3000,3000,3000,3000,3000,3000,3000,3000,3000,3000,3000,3000,3000,3000,3000,3000,3000,3000,3000,3000,3000,3000,3000,3000,3000,3000,3000,3000,3000,3000,3000,3000,3000,3000,3000,3000,3000,3000,3000,3000,3000,3000,3000,3000,3000,3000,3000,3000,3000,3000,3000,3000,3000,3000,3000,3000,3000,3000,3000,3000,3000,3000,3000,3000,3000,3000,3000,3000,3000,3000,3000,3000,3000,3000,3000,3000,3000,3000,3000,3000,3000,3000,3000,3000,3000,3000,3000,3000,3000,3000,3000,3000
3000,3000,3000,3000,3000,3000,3000,3000,3000,3000,3000,3000,3000,3000,3000,3000,3000,3000,3000,3000,3000,3000,3000,3000,3000,3000,3000,3000,3000,3000,3000,3000,3000,3000,3000,3000,3000,3000,3000,3000,3000,3000,3000,3000,3000,3000,3000,3000,3000,3000,3000,3000,3000,3000,3000,3000,3000,3000,3000,3000,3000,3000,3000,3000,3000,3000,3000,3000,3000,3000,3000,3000,3000,3000,3000,3000,3000,3000,3000,3000,3000,3000,3000,3000,3000,3000,3000,3000,3000,3000,3000,3000,3000,3000,3000,3000,3000,3000,3000,3000,3000,3000,3000,3000,3000,3000,3000,3000,3000,3000,3000,3000,3000,3000,3000,3000,3000,3000,3000,3000,3000,3000,3000,3000,3000,3000,3000,3000,3000,3000,3000,3000,3000,3000,3000,3000,3000,3000,3000,3000,3000,3000,3000,3000,3000,3000,3000,3000,3000,3000,3000,3000,3000,3000,3000,3000,3000,3000,3000,3000
3000,3000,3000,3000,3000,3000,3000,3000,3000,3000,3000,3000,3000,3000,3000,3000,3000,3000,3000,3000,3000,3000,3000,3000,3000,3000,3000,3000,3000,3000,3000,3000,3000,3000,3000,3000,3000,3000,3000,3000,3000,3000,3000,3000,3000,3000,3000,3000,3000,3000,3000,3000,3000,3000,3000,3000,3000,3000,3000,3000,3000,3000,3000,3000,3000,3000,3000,3000,3000,3000,3000,3000,3000,3000,3000,3000,3000,3000,3000,3000,3000,3000,3000,3000,3000,3000,3000,3000,3000,3000,3000,3000,3000,3000,3000,3000,3000,3000,3000,3000,3000,3000,3000,3000,3000,3000,3000,3000,3000,3000,3000,3000,3000,3000,3000,3000,3000,3000,3000,3000,3000,3000,3000,3000,3000,3000,3000,3000,3000,3000,3000,3000,3000,3000,3000,3000,3000,3000,3000,3000,3000,3000,3000,3000,3000,3000,3000,3000,3000,3000,3000,3000,3000,3000,3000,3000,3000,3000,3000,3000
3000,3000,3000,3000,3000,3000,3000,3000,3000,3000,3000,3000,3000,3000,3000,3000,3000,3000,3000,3000,3000,3000,3000,3000,3000,3000,3000,3000,3000,3000,3000,3000,3000,3000,3000,3000,3000,3000,3000,3000,3000,3000,3000,3000,3000,3000,3000,3000,3000,3000,3000,3000,3000,3000,3000,3000,3000,3000,3000,3000,3000,3000,3000,3000,3000,3000,3000,3000,3000,3000,3000,3000,3000,3000,3000,3000,3000,3000,3000,3000,3000,3000,3000,3000,3000,3000,3000,3000,3000,3000,3000,3000,3000,3000,3000,3000,3000,3000,3000,3000,3000,3000,3000,3000,3000,3000,3000,3000,3000,3000,3000,3000,3000,3000,3000,3000,3000,3000,3000,3000,3000,3000,3000,3000,3000,3000,3000,3000,3000,3000,3000,3000,3000,3000,3000,3000,3000,3000,3000,3000,3000,3000,3000,3000,3000,3000,3000,3000,3000,3000,3000,3000,3000,3000,3000,3000,3000,3000,3000,3000
3000,3000,3000,3000,3000,3000,3000,3000,3000,3000,3000,3000,3000,3000,3000,3000,3000,3000,3000,3000,3000,3000,3000,3000,3000,3000,3000,3000,3000,3000,3000,3000,3000,3000,3000,3000,3000,3000,3000,3000,3000,3000,3000,3000,3000,3000,3000,3000,3000,3000,3000,3000,3000,3000,3000,3000,3000,3000,3000,3000,3000,3000,3000,3000,3000,3000,3000,3000,3000,3000,3000,3000,3000,3000,3000,3000,3000,3000,3000,3000,3000,3000,3000,3000,3000,3000,3000,3000,3000,3000,3000,3000,3000,3000,3000,3000,3000,3000,3000,3000,3000,3000,3000,3000,3000,3000,3000,3000,3000,3000,3000,3000,3000,3000,3000,3000,3000,3000,3000,3000,3000,3000,3000,3000,3000,3000,3000,3000,3000,3000,3000,3000,3000,3000,3000,3000,3000,3000,3000,3000,3000,3000,3000,3000,3000,3000,3000,3000,3000,3000,3000,3000,3000,3000,3000,3000,3000,3000,3000,3000
3000,3000,3000,3000,3000,3000,3000,3000,3000,3000,3000,3000,3000,3000,3000,3000,3000,3000,3000,3000,3000,3000,3000,3000,3000,3000,3000,3000,3000,3000,3000,3000,3000,3000,3000,3000,3000,3000,3000,3000,3000,3000,3000,3000,3000,3000,3000,3000,3000,3000,3000,3000,3000,3000,3000,3000,3000,3000,3000,3000,3000,3000,3000,3000,3000,3000,3000,3000,3000,3000,3000,3000,3000,3000,3000,3000,3000,3000,3000,3000,3000,3000,3000,3000,3000,3000,3000,3000,3000,3000,3000,3000,3000,3000,3000,3000,3000,3000,3000,3000,3000,3000,3000,3000,3000,3000,3000,3000,3000,3000,3000,3000,3000,3000,3000,3000,3000,3000,3000,3000,3000,3000,3000,3000,3000,3000,3000,3000,3000,3000,3000,3000,3000,3000,3000,3000,3000,3000,3000,3000,3000,3000,3000,3000,3000,3000,3000,3000,3000,3000,3000,3000,3000,3000,3000,3000,3000,3000,3000,3000
3000,3000,3000,3000,3000,3000,3000,3000,3000,3000,3000,3000,3000,3000,3000,3000,3000,3000,3000,3000,3000,3000,3000,3000,3000,3000,3000,3000,3000,3000,3000,3000,3000,3000,3000,3000,3000,3000,3000,3000,3000,3000,3000,3000,3000,3000,3000,3000,3000,3000,3000,3000,3000,3000,3000,3000,3000,3000,3000,3000,3000,3000,3000,3000,3000,3000,3000,3000,3000,3000,3000,3000,3000,3000,3000,3000,3000,3000,3000,3000,3000,3000,3000,3000,3000,3000,3000,3000,3000,3000,3000,3000,3000,3000,3000,3000,3000,3000,3000,3000,3000,3000,3000,3000,3000,3000,3000,3000,3000,3000,3000,3000,3000,3000,3000,3000,3000,3000,3000,3000,3000,3000,3000,3000,3000,3000,3000,3000,3000,3000,3000,3000,3000,3000,3000,3000,3000,3000,3000,3000,3000,3000,3000,3000,3000,3000,3000,3000,3000,3000,3000,3000,3000,3000,3000,3000,3000,3000,3000,3000
3000,3000,3000,3000,3000,3000,3000,3000,3000,3000,3000,3000,3000,3000,3000,3000,3000,3000,3000,3000,3000,3000,3000,3000,3000,3000,3000,3000,3000,3000,3000,3000,3000,3000,3000,3000,3000,3000,3000,3000,3000,3000,3000,3000,3000,3000,3000,3000,3000,3000,3000,3000,3000,3000,3000,3000,3000,3000,3000,3000,3000,3000,3000,3000,3000,3000,3000,3000,3000,3000,3000,3000,3000,3000,3000,3000,3000,3000,3000,3000,3000,3000,3000,3000,3000,3000,3000,3000,3000,3000,3000,3000,3000,3000,3000,3000,3000,3000,3000,3000,3000,3000,3000,3000,3000,3000,3000,3000,3000,3000,3000,3000,3000,3000,3000,3000,3000,3000,3000,3000,3000,3000,3000,3000,3000,3000,3000,3000,3000,3000,3000,3000,3000,3000,3000,3000,3000,3000,3000,3000,3000,3000,3000,3000,3000,3000,3000,3000,3000,3000,3000,3000,3000,3000,3000,3000,3000,3000,3000,3000
3000,3000,3000,3000,3000,3000,3000,3000,3000,3000,3000,3000,3000,3000,3000,3000,3000,3000,3000,3000,3000,3000,3000,3000,3000,3000,3000,3000,3000,3000,3000,3000,3000,3000,3000,3000,3000,3000,3000,3000,3000,3000,3000,3000,3000,3000,3000,3000,3000,3000,3000,3000,3000,3000,3000,3000,3000,3000,3000,3000,3000,3000,3000,3000,3000,3000,3000,3000,3000,3000,3000,3000,3000,3000,3000,3000,3000,3000,3000,3000,3000,3000,3000,3000,3000,3000,3000,3000,3000,3000,3000,3000,3000,3000,3000,3000,3000,3000,3000,3000,3000,3000,3000,3000,3000,3000,3000,3000,3000,3000,3000,3000,3000,3000,3000,3000,3000,3000,3000,3000,3000,3000,3000,3000,3000,3000,3000,3000,3000,3000,3000,3000,3000,3000,3000,3000,3000,3000,3000,3000,3000,3000,3000,3000,3000,3000,3000,3000,3000,3000,3000,3000,3000,3000,3000,3000,3000,3000,3000,3000
3000,3000,3000,3000,3000,3000,3000,3000,3000,3000,3000,3000,3000,3000,3000,3000,3000,3000,3000,3000,3000,3000,3000,3000,3000,3000,3000,3000,3000,3000,3000,3000,3000,3000,3000,3000,3000,3000,3000,3000,3000,3000,3000,3000,3000,3000,3000,3000,3000,3000,3000,3000,3000,3000,3000,3000,3000,3000,3000,3000,3000,3000,3000,3000,3000,3000,3000,3000,3000,3000,3000,3000,3000,3000,3000,3000,3000,3000,3000,3000,3000,3000,3000,3000,3000,3000,3000,3000,3000,3000,3000,3000,3000,3000,3000,3000,3000,3000,3000,3000,3000,3000,3000,3000,3000,3000,3000,3000,3000,3000,3000,3000,3000,3000,3000,3000,3000,3000,3000,3000,3000,3000,3000,3000,3000,3000,3000,3000,3000,3000,3000,3000,3000,3000,3000,3000,3000,3000,3000,3000,3000,3000,3000,3000,3000,3000,3000,3000,3000,3000,3000,3000,3000,3000,3000,3000,3000,3000,3000,3000
3000,3000,3000,3000,3000,3000,3000,3000,3000,3000,3000,3000,3000,3000,3000,3000,3000,3000,3000,3000,3000,3000,3000,3000,3000,3000,3000,3000,3000,3000,3000,3000,3000,3000,3000,3000,3000,3000,3000,3000,3000,3000,3000,3000,3000,3000,3000,3000,3000,3000,3000,3000,3000,3000,3000,3000,3000,3000,3000,3000,3000,3000,3000,3000,3000,3000,3000,3000,3000,3000,3000,3000,3000,3000,3000,3000,3000,3000,3000,3000,3000,3000,3000,3000,3000,3000,3000,3000,3000,3000,3000,3000,3000,3000,3000,3000,3000,3000,3000,3000,3000,3000,3000,3000,3000,3000,3000,3000,3000,3000,3000,3000,3000,3000,3000,3000,3000,3000,3000,3000,3000,3000,3000,3000,3000,3000,3000,3000,3000,3000,3000,3000,3000,3000,3000,3000,3000,3000,3000,3000,3000,3000,3000,3000,3000,3000,3000,3000,3000,3000,3000,3000,3000,3000,3000,3000,3000,3000,3000,3000
3000,3000,3000,3000,3000,3000,3000,3000,3000,3000,3000,3000,3000,3000,3000,3000,3000,3000,3000,3000,3000,3000,3000,3000,3000,3000,3000,3000,3000,3000,3000,3000,3000,3000,3000,3000,3000,3000,3000,3000,3000,3000,3000,3000,3000,3000,3000,3000,3000,3000,3000,3000,3000,3000,3000,3000,3000,3000,3000,3000,3000,3000,3000,3000,3000,3000,3000,3000,3000,3000,3000,3000,3000,3000,3000,3000,3000,3000,3000,3000,3000,3000,3000,3000,3000,3000,3000,3000,3000,3000,3000,3000,3000,3000,3000,3000,3000,3000,3000,3000,3000,3000,3000,3000,3000,3000,3000,3000,3000,3000,3000,3000,3000,3000,3000,3000,3000,3000,3000,3000,3000,3000,3000,3000,3000,3000,3000,3000,3000,3000,3000,3000,3000,3000,3000,3000,3000,3000,3000,3000,3000,3000,3000,3000,3000,3000,3000,3000,3000,3000,3000,3000,3000,3000,3000,3000,3000,3000,3000,3000
3000,3000,3000,3000,3000,3000,3000,3000,3000,3000,3000,3000,3000,3000,3000,3000,3000,3000,3000,3000,3000,3000,3000,3000,3000,3000,3000,3000,3000,3000,3000,3000,3000,3000,3000,3000,3000,3000,3000,3000,3000,3000,3000,3000,3000,3000,3000,3000,3000,3000,3000,3000,3000,3000,3000,3000,3000,3000,3000,3000,3000,3000,3000,3000,3000,3000,3000,3000,3000,3000,3000,3000,3000,3000,3000,3000,3000,3000,3000,3000,3000,3000,3000,3000,3000,3000,3000,3000,3000,3000,3000,3000,3000,3000,3000,3000,3000,3000,3000,3000,3000,3000,3000,3000,3000,3000,3000,3000,3000,3000,3000,3000,3000,3000,3000,3000,3000,3000,3000,3000,3000,3000,3000,3000,3000,3000,3000,3000,3000,3000,3000,3000,3000,3000,3000,3000,3000,3000,3000,3000,3000,3000,3000,3000,3000,3000,3000,3000,3000,3000,3000,3000,3000,3000,3000,3000,3000,3000,3000,3000
3000,3000,3000,3000,3000,3000,3000,3000,3000,3000,3000,3000,3000,3000,3000,3000,3000,3000,3000,3000,3000,3000,3000,3000,3000,3000,3000,3000,3000,3000,3000,3000,3000,3000,3000,3000,3000,3000,3000,3000,3000,3000,3000,3000,3000,3000,3000,3000,3000,3000,3000,3000,3000,3000,3000,3000,3000,3000,3000,3000,3000,3000,3000,3000,3000,3000,3000,3000,3000,3000,3000,3000,3000,3000,3000,3000,3000,3000,3000,3000,3000,3000,3000,3000,3000,3000,3000,3000,3000,3000,3000,3000,3000,3000,3000,3000,3000,3000,3000,3000,3000,3000,3000,3000,3000,3000,3000,3000,3000,3000,3000,3000,3000,3000,3000,3000,3000,3000,3000,3000,3000,3000,3000,3000,3000,3000,3000,3000,3000,3000,3000,3000,3000,3000,3000,3000,3000,3000,3000,3000,3000,3000,3000,3000,3000,3000,3000,3000,3000,3000,3000,3000,3000,3000,3000,3000,3000,3000,3000,3000
3000,3000,3000,3000,3000,3000,3000,3000,3000,3000,3000,3000,3000,3000,3000,3000,3000,3000,3000,3000,3000,3000,3000,3000,3000,3000,3000,3000,3000,3000,3000,3000,3000,3000,3000,3000,3000,3000,3000,3000,3000,3000,3000,3000,3000,3000,3000,3000,3000,3000,3000,3000,3000,3000,3000,3000,3000,3000,3000,3000,3000,3000,3000,3000,3000,3000,3000,3000,3000,3000,3000,3000,3000,3000,3000,3000,3000,3000,3000,3000,3000,3000,3000,3000,3000,3000,3000,3000,3000,3000,3000,3000,3000,3000,3000,3000,3000,3000,3000,3000,3000,3000,3000,3000,3000,3000,3000,3000,3000,3000,3000,3000,3000,3000,3000,3000,3000,3000,3000,3000,3000,3000,3000,3000,3000,3000,3000,3000,3000,3000,3000,3000,3000,3000,3000,3000,3000,3000,3000,3000,3000,3000,3000,3000,3000,3000,3000,3000,3000,3000,3000,3000,3000,3000,3000,3000,3000,3000,3000,3000
3000,3000,3000,3000,3000,3000,3000,3000,3000,3000,3000,3000,3000,3000,3000,3000,3000,3000,3000,3000,3000,3000,3000,3000,3000,3000,3000,3000,3000,3000,3000,3000,3000,3000,3000,3000,3000,3000,3000,3000,3000,3000,3000,3000,3000,3000,3000,3000,3000,3000,3000,3000,3000,3000,3000,3000,3000,3000,3000,3000,3000,3000,3000,3000,3000,3000,3000,3000,3000,3000,3000,3000,3000,3000,3000,3000,3000,3000,3000,3000,3000,3000,3000,3000,3000,3000,3000,3000,3000,3000,3000,3000,3000,3000,3000,3000,3000,3000,3000,3000,3000,3000,3000,3000,3000,3000,3000,3000,3000,3000,3000,3000,3000,3000,3000,3000,3000,3000,3000,3000,3000,3000,3000,3000,3000,3000,3000,3000,3000,3000,3000,3000,3000,3000,3000,3000,3000,3000,3000,3000,3000,3000,3000,3000,3000,3000,3000,3000,3000,3000,3000,3000,3000,3000,3000,3000,3000,3000,3000,3000
3000,3000,3000,3000,3000,3000,3000,3000,3000,3000,3000,3000,3000,3000,3000,3000,3000,3000,3000,3000,3000,3000,3000,3000,3000,3000,3000,3000,3000,3000,3000,3000,3000,3000,3000,3000,3000,3000,3000,3000,3000,3000,3000,3000,3000,3000,3000,3000,3000,3000,3000,3000,3000,3000,3000,3000,3000,3000,3000,3000,3000,3000,3000,3000,3000,3000,3000,3000,3000,3000,3000,3000,3000,3000,3000,3000,3000,3000,3000,3000,3000,3000,3000,3000,3000,3000,3000,3000,3000,3000,3000,3000,3000,3000,3000,3000,3000,3000,3000,3000,3000,3000,3000,3000,3000,3000,3000,3000,3000,3000,3000,3000,3000,3000,3000,3000,3000,3000,3000,3000,3000,3000,3000,3000,3000,3000,3000,3000,3000,3000,3000,3000,3000,3000,3000,3000,3000,3000,3000,3000,3000,3000,3000,3000,3000,3000,3000,3000,3000,3000,3000,3000,3000,3000,3000,3000,3000,3000,3000,3000
3000,3000,3000,3000,3000,3000,3000,3000,3000,3000,3000,3000,3000,3000,3000,3000,3000,3000,3000,3000,3000,3000,3000,3000,3000,3000,3000,3000,3000,3000,3000,3000,3000,3000,3000,3000,3000,3000,3000,3000,3000,3000,3000,3000,3000,3000,3000,3000,3000,3000,3000,3000,3000,3000,3000,3000,3000,3000,3000,3000,3000,3000,3000,3000,3000,3000,3000,3000,3000,3000,3000,3000,3000,3000,3000,3000,3000,3000,3000,3000,3000,3000,3000,3000,3000,3000,3000,3000,3000,3000,3000,3000,3000,3000,3000,3000,3000,3000,3000,3000,3000,3000,3000,3000,3000,3000,3000,3000,3000,3000,3000,3000,3000,3000,3000,3000,3000,3000,3000,3000,3000,3000,3000,3000,3000,3000,3000,3000,3000,3000,3000,3000,3000,3000,3000,3000,3000,3000,3000,3000,3000,3000,3000,3000,3000,3000,3000,3000,3000,3000,3000,3000,3000,3000,3000,3000,3000,3000,3000,3000
3000,3000,3000,3000,3000,3000,3000,3000,3000,3000,3000,3000,3000,3000,3000,3000,3000,3000,3000,3000,3000,3000,3000,3000,3000,3000,3000,3000,3000,3000,3000,3000,3000,3000,3000,3000,3000,3000,3000,3000,3000,3000,3000,3000,3000,3000,3000,3000,3000,3000,3000,3000,3000,3000,3000,3000,3000,3000,3000,3000,3000,3000,3000,3000,3000,3000,3000,3000,3000,3000,3000,3000,3000,3000,3000,3000,3000,3000,3000,3000,3000,3000,3000,3000,3000,3000,3000,3000,3000,3000,3000,3000,3000,3000,3000,3000,3000,3000,3000,3000,3000,3000,3000,3000,3000,3000,3000,3000,3000,3000,3000,3000,3000,3000,3000,3000,3000,3000,3000,3000,3000,3000,3000,3000,3000,3000,3000,3000,3000,3000,3000,3000,3000,3000,3000,3000,3000,3000,3000,3000,3000,3000,3000,3000,3000,3000,3000,3000,3000,3000,3000,3000,3000,3000,3000,3000,3000,3000,3000,3000
3000,3000,3000,3000,3000,3000,3000,3000,3000,3000,3000,3000,3000,3000,3000,3000,3000,3000,3000,3000,3000,3000,3000,3000,3000,3000,3000,3000,3000,3000,3000,3000,3000,3000,3000,3000,3000,3000,3000,3000,3000,3000,3000,3000,3000,3000,3000,3000,3000,3000,3000,3000,3000,3000,3000,3000,3000,3000,3000,3000,3000,3000,3000,3000,3000,3000,3000,3000,3000,3000,3000,3000,3000,3000,3000,3000,3000,3000,3000,3000,3000,3000,3000,3000,3000,3000,3000,3000,3000,3000,3000,3000,3000,3000,3000,3000,3000,3000,3000,3000,3000,3000,3000,3000,3000,3000,3000,3000,3000,3000,3000,3000,3000,3000,3000,3000,3000,3000,3000,3000,3000,3000,3000,3000,3000,3000,3000,3000,3000,3000,3000,3000,3000,3000,3000,3000,3000,3000,3000,3000,3000,3000,3000,3000,3000,3000,3000,3000,3000,3000,3000,3000,3000,3000,3000,3000,3000,3000,3000,3000
3000,3000,3000,3000,3000,3000,3000,3000,3000,3000,3000,3000,3000,3000,3000,3000,3000,3000,3000,3000,3000,3000,3000,3000,3000,3000,3000,3000,3000,3000,3000,3000,3000,3000,3000,3000,3000,3000,3000,3000,3000,3000,3000,3000,3000,3000,3000,3000,3000,3000,3000,3000,3000,3000,3000,3000,3000,3000,3000,3000,3000,3000,3000,3000,3000,3000,3000,3000,3000,3000,3000,3000,3000,3000,3000,3000,3000,3000,3000,3000,3000,3000,3000,3000,3000,3000,3000,3000,3000,3000,3000,3000,3000,3000,3000,3000,3000,3000,3000,3000,3000,3000,3000,3000,3000,3000,3000,3000,3000,3000,3000,3000,3000,3000,3000,3000,3000,3000,3000,3000,3000,3000,3000,3000,3000,3000,3000,3000,3000,3000,3000,3000,3000,3000,3000,3000,3000,3000,3000,3000,3000,3000,3000,3000,3000,3000,3000,3000,3000,3000,3000,3000,3000,3000,3000,3000,3000,3000,3000,3000
3000,3000,3000,3000,3000,3000,3000,3000,3000,3000,3000,3000,3000,3000,3000,3000,3000,3000,3000,3000,3000,3000,3000,3000,3000,3000,3000,3000,3000,3000,3000,3000,3000,3000,3000,3000,3000,3000,3000,3000,3000,3000,3000,3000,3000,3000,3000,3000,3000,3000,3000,3000,3000,3000,3000,3000,3000,3000,3000,3000,3000,3000,3000,3000,3000,3000,3000,3000,3000,3000,3000,3000,3000,3000,3000,3000,3000,3000,3000,3000,3000,3000,3000,3000,3000,3000,3000,3000,3000,3000,3000,3000,3000,3000,3000,3000,3000,3000,3000,3000,3000,3000,3000,3000,3000,3000,3000,3000,3000,3000,3000,3000,3000,3000,3000,3000,3000,3000,3000,3000,3000,3000,3000,3000,3000,3000,3000,3000,3000,3000,3000,3000,3000,3000,3000,3000,3000,3000,3000,3000,3000,3000,3000,3000,3000,3000,3000,3000,3000,3000,3000,3000,3000,3000,3000,3000,3000,3000,3000,3000
3000,3000,3000,3000,3000,3000,3000,3000,3000,3000,3000,3000,3000,3000,3000,3000,3000,3000,3000,3000,3000,3000,3000,3000,3000,3000,3000,3000,3000,3000,3000,3000,3000,3000,3000,3000,3000,3000,3000,3000,3000,3000,3000,3000,3000,3000,3000,3000,3000,3000,3000,3000,3000,3000,3000,3000,3000,3000,3000,3000,3000,3000,3000,3000,3000,3000,3000,3000,3000,3000,3000,3000,3000,3000,3000,3000,3000,3000,3000,3000,3000,3000,3000,3000,3000,3000,3000,3000,3000,3000,3000,3000,3000,3000,3000,3000,3000,3000,3000,3000,3000,3000,3000,3000,3000,3000,3000,3000,3000,3000,3000,3000,3000,3000,3000,3000,3000,3000,3000,3000,3000,3000,3000,3000,3000,3000,3000,3000,3000,3000,3000,3000,3000,3000,3000,3000,3000,3000,3000,3000,3000,3000,3000,3000,3000,3000,3000,3000,3000,3000,3000,3000,3000,3000,3000,3000,3000,3000,3000,3000
3000,3000,3000,3000,3000,3000,3000,3000,3000,3000,3000,3000,3000,3000,3000,3000,3000,3000,3000,3000,3000,3000,3000,3000,3000,3000,3000,3000,3000,3000,3000,3000,3000,3000,3000,3000,3000,3000,3000,3000,3000,3000,3000,3000,3000,3000,3000,3000,3000,3000,3000,3000,3000,3000,3000,3000,3000,3000,3000,3000,3000,3000,3000,3000,3000,3000,3000,3000,3000,3000,3000,3000,3000,3000,3000,3000,3000,3000,3000,3000,3000,3000,3000,3000,3000,3000,3000,3000,3000,3000,3000,3000,3000,3000,3000,3000,3000,3000,3000,3000,3000,3000,3000,3000,3000,3000,3000,3000,3000,3000,3000,3000,3000,3000,3000,3000,3000,3000,3000,3000,3000,3000,3000,3000,3000,3000,3000,3000,3000,3000,3000,3000,3000,3000,3000,3000,3000,3000,3000,3000,3000,3000,3000,3000,3000,3000,3000,3000,3000,3000,3000,3000,3000,3000,3000,3000,3000,3000,3000,3000
3000,3000,3000,3000,3000,3000,3000,3000,3000,3000,3000,3000,3000,3000,3000,3000,3000,3000,3000,3000,3000,3000,3000,3000,3000,3000,3000,3000,3000,3000,3000,3000,3000,3000,3000,3000,3000,3000,3000,3000,3000,3000,3000,3000,3000,3000,3000,3000,3000,3000,3000,3000,3000,3000,3000,3000,3000,3000,3000,3000,3000,3000,3000,3000,3000,3000,3000,3000,3000,3000,3000,3000,3000,3000,3000,3000,3000,3000,3000,3000,3000,3000,3000,3000,3000,3000,3000,3000,3000,3000,3000,3000,3000,3000,3000,3000,3000,3000,3000,3000,3000,3000,3000,3000,3000,3000,3000,3000,3000,3000,3000,3000,3000,3000,3000,3000,3000,3000,3000,3000,3000,3000,3000,3000,3000,3000,3000,3000,3000,3000,3000,3000,3000,3000,3000,3000,3000,3000,3000,3000,3000,3000,3000,3000,3000,3000,3000,3000,3000,3000,3000,3000,3000,3000,3000,3000,3000,3000,3000,3000
3000,3000,3000,3000,3000,3000,3000,3000,3000,3000,3000,3000,3000,3000,3000,3000,3000,3000,3000,3000,3000,3000,3000,3000,3000,3000,3000,3000,3000,3000,3000,3000,3000,3000,3000,3000,3000,3000,3000,3000,3000,3000,3000,3000,3000,3000,3000,3000,3000,3000,3000,3000,3000,3000,3000,3000,3000,3000,3000,3000,3000,3000,3000,3000,3000,3000,3000,3000,3000,3000,3000,3000,3000,3000,3000,3000,3000,3000,3000,3000,3000,3000,3000,3000,3000,3000,3000,3000,3000,3000,3000,3000,3000,3000,3000,3000,3000,3000,3000,3000,3000,3000,3000,3000,3000,3000,3000,3000,3000,3000,3000,3000,3000,3000,3000,3000,3000,3000,3000,3000,3000,3000,3000,3000,3000,3000,3000,3000,3000,3000,3000,3000,3000,3000,3000,3000,3000,3000,3000,3000,3000,3000,3000,3000,3000,3000,3000,3000,3000,3000,3000,3000,3000,3000,3000,3000,3000,3000,3000,3000
3000,3000,3000,3000,3000,3000,3000,3000,3000,3000,3000,3000,3000,3000,3000,3000,3000,3000,3000,3000,3000,3000,3000,3000,3000,3000,3000,3000,3000,3000,3000,3000,3000,3000,3000,3000,3000,3000,3000,3000,3000,3000,3000,3000,3000,3000,3000,3000,3000,3000,3000,3000,3000,3000,3000,3000,3000,3000,3000,3000,3000,3000,3000,3000,3000,3000,3000,3000,3000,3000,3000,3000,3000,3000,3000,3000,3000,3000,3000,3000,3000,3000,3000,3000,3000,3000,3000,3000,3000,3000,3000,3000,3000,3000,3000,3000,3000,3000,3000,3000,3000,3000,3000,3000,3000,3000,3000,3000,3000,3000,3000,3000,3000,3000,3000,3000,3000,3000,3000,3000,3000,3000,3000,3000,3000,3000,3000,3000,3000,3000,3000,3000,3000,3000,3000,3000,3000,3000,3000,3000,3000,3000,3000,3000,3000,3000,3000,3000,3000,3000,3000,3000,3000,3000,3000,3000,3000,3000,3000,3000
3000,3000,3000,3000,3000,3000,3000,3000,3000,3000,3000,3000,3000,3000,3000,3000,3000,3000,3000,3000,3000,3000,3000,3000,3000,3000,3000,3000,3000,3000,3000,3000,3000,3000,3000,3000,3000,3000,3000,3000,3000,3000,3000,3000,3000,3000,3000,3000,3000,3000,3000,3000,3000,3000,3000,3000,3000,3000,3000,3000,3000,3000,3000,3000,3000,3000,3000,3000,3000,3000,3000,3000,3000,3000,3000,3000,3000,3000,3000,3000,3000,3000,3000,3000,3000,3000,3000,3000,3000,3000,3000,3000,3000,3000,3000,3000,3000,3000,3000,3000,3000,3000,3000,3000,3000,3000,3000,3000,3000,3000,3000,3000,3000,3000,3000,3000,3000,3000,3000,3000,3000,3000,3000,3000,3000,3000,3000,3000,3000,3000,3000,3000,3000,3000,3000,3000,3000,3000,3000,3000,3000,3000,3000,3000,3000,3000,3000,3000,3000,3000,3000,3000,3000,3000,3000,3000,3000,3000,3000,3000
3000,3000,3000,3000,3000,3000,3000,3000,3000,3000,3000,3000,3000,3000,3000,3000,3000,3000,3000,3000,3000,3000,3000,3000,3000,3000,3000,3000,3000,3000,3000,3000,3000,3000,3000,3000,3000,3000,3000,3000,3000,3000,3000,3000,3000,3000,3000,3000,3000,3000,3000,3000,3000,3000,3000,3000,3000,3000,3000,3000,3000,3000,3000,3000,3000,3000,3000,3000,3000,3000,3000,3000,3000,3000,3000,3000,3000,3000,3000,3000,3000,3000,3000,3000,3000,3000,3000,3000,3000,3000,3000,3000,3000,3000,3000,3000,3000,3000,3000,3000,3000,3000,3000,3000,3000,3000,3000,3000,3000,3000,3000,3000,3000,3000,3000,3000,3000,3000,3000,3000,3000,3000,3000,3000,3000,3000,3000,3000,3000,3000,3000,3000,3000,3000,3000,3000,3000,3000,3000,3000,3000,3000,3000,3000,3000,3000,3000,3000,3000,3000,3000,3000,3000,3000,3000,3000,3000,3000,3000,3000
3000,3000,3000,3000,3000,3000,3000,3000,3000,3000,3000,3000,3000,3000,3000,3000,3000,3000,3000,3000,3000,3000,3000,3000,3000,3000,3000,3000,3000,3000,3000,3000,3000,3000,3000,3000,3000,3000,3000,3000,3000,3000,3000,3000,3000,3000,3000,3000,3000,3000,3000,3000,3000,3000,3000,3000,3000,3000,3000,3000,3000,3000,3000,3000,3000,3000,3000,3000,3000,3000,3000,3000,3000,3000,3000,3000,3000,3000,3000,3000,3000,3000,3000,3000,3000,3000,3000,3000,3000,3000,3000,3000,3000,3000,3000,3000,3000,3000,3000,3000,3000,3000,3000,3000,3000,3000,3000,3000,3000,3000,3000,3000,3000,3000,3000,3000,3000,3000,3000,3000,3000,3000,3000,3000,3000,3000,3000,3000,3000,3000,3000,3000,3000,3000,3000,3000,3000,3000,3000,3000,3000,3000,3000,3000,3000,3000,3000,3000,3000,3000,3000,3000,3000,3000,3000,3000,3000,3000,3000,3000
3000,3000,3000,3000,3000,3000,3000,3000,3000,3000,3000,3000,3000,3000,3000,3000,3000,3000,3000,3000,3000,3000,3000,3000,3000,3000,3000,3000,3000,3000,3000,3000,3000,3000,3000,3000,3000,3000,3000,3000,3000,3000,3000,3000,3000,3000,3000,3000,3000,3000,3000,3000,3000,3000,3000,3000,3000,3000,3000,3000,3000,3000,3000,3000,3000,3000,3000,3000,3000,3000,3000,3000,3000,3000,3000,3000,3000,3000,3000,3000,3000,3000,3000,3000,3000,3000,3000,3000,3000,3000,3000,3000,3000,3000,3000,3000,3000,3000,3000,3000,3000,3000,3000,3000,3000,3000,3000,3000,3000,3000,3000,3000,3000,3000,3000,3000,3000,3000,3000,3000,3000,3000,3000,3000,3000,3000,3000,3000,3000,3000,3000,3000,3000,3000,3000,3000,3000,3000,3000,3000,3000,3000,3000,3000,3000,3000,3000,3000,3000,3000,3000,3000,3000,3000,3000,3000,3000,3000,3000,3000
3000,3000,3000,3000,3000,3000,3000,3000,3000,3000,3000,3000,3000,3000,3000,3000,3000,3000,3000,3000,3000,3000,3000,3000,3000,3000,3000,3000,3000,3000,3000,3000,3000,3000,3000,3000,3000,3000,3000,3000,3000,3000,3000,3000,3000,3000,3000,3000,3000,3000,3000,3000,3000,3000,3000,3000,3000,3000,3000,3000,3000,3000,3000,3000,3000,3000,3000,3000,3000,3000,3000,3000,3000,3000,3000,3000,3000,3000,3000,3000,3000,3000,3000,3000,3000,3000,3000,3000,3000,3000,3000,3000,3000,3000,3000,3000,3000,3000,3000,3000,3000,3000,3000,3000,3000,3000,3000,3000,3000,3000,3000,3000,3000,3000,3000,3000,3000,3000,3000,3000,3000,3000,3000,3000,3000,3000,3000,3000,3000,3000,3000,3000,3000,3000,3000,3000,3000,3000,3000,3000,3000,3000,3000,3000,3000,3000,3000,3000,3000,3000,3000,3000,3000,3000,3000,3000,3000,3000,3000,3000
3000,3000,3000,3000,3000,3000,3000,3000,3000,3000,3000,3000,3000,3000,3000,3000,3000,3000,3000,3000,3000,3000,3000,3000,3000,3000,3000,3000,3000,3000,3000,3000,3000,3000,3000,3000,3000,3000,3000,3000,3000,3000,3000,3000,3000,3000,3000,3000,3000,3000,3000,3000,3000,3000,3000,3000,3000,3000,3000,3000,3000,3000,3000,3000,3000,3000,3000,3000,3000,3000,3000,3000,3000,3000,3000,3000,3000,3000,3000,3000,3000,3000,3000,3000,3000,3000,3000,3000,3000,3000,3000,3000,3000,3000,3000,3000,3000,3000,3000,3000,3000,3000,3000,3000,3000,3000,3000,3000,3000,3000,3000,3000,3000,3000,3000,3000,3000,3000,3000,3000,3000,3000,3000,3000,3000,3000,3000,3000,3000,3000,3000,3000,3000,3000,3000,3000,3000,3000,3000,3000,3000,3000,3000,3000,3000,3000,3000,3000,3000,3000,3000,3000,3000,3000,3000,3000,3000,3000,3000,3000
3000,3000,3000,3000,3000,3000,3000,3000,3000,3000,3000,3000,3000,3000,3000,3000,3000,3000,3000,3000,3000,3000,3000,3000,3000,3000,3000,3000,3000,3000,3000,3000,3000,3000,3000,3000,3000,3000,3000,3000,3000,3000,3000,3000,3000,3000,3000,3000,3000,3000,3000,3000,3000,3000,3000,3000,3000,3000,3000,3000,3000,3000,3000,3000,3000,3000,3000,3000,3000,3000,3000,3000,3000,3000,3000,3000,3000,3000,3000,3000,3000,3000,3000,3000,3000,3000,3000,3000,3000,3000,3000,3000,3000,3000,3000,3000,3000,3000,3000,3000,3000,3000,3000,3000,3000,3000,3000,3000,3000,3000,3000,3000,3000,3000,3000,3000,3000,3000,3000,3000,3000,3000,3000,3000,3000,3000,3000,3000,3000,3000,3000,3000,3000,3000,3000,3000,3000,3000,3000,3000,3000,3000,3000,3000,3000,3000,3000,3000,3000,3000,3000,3000,3000,3000,3000,3000,3000,3000,3000,3000
3000,3000,3000,3000,3000,3000,3000,3000,3000,3000,3000,3000,3000,3000,3000,3000,3000,3000,3000,3000,3000,3000,3000,3000,3000,3000,3000,3000,3000,3000,3000,3000,3000,3000,3000,3000,3000,3000,3000,3000,3000,3000,3000,3000,3000,3000,3000,3000,3000,3000,3000,3000,3000,3000,3000,3000,3000,3000,3000,3000,3000,3000,3000,3000,3000,3000,3000,3000,3000,3000,3000,3000,3000,3000,3000,3000,3000,3000,3000,3000,3000,3000,3000,3000,3000,3000,3000,3000,3000,3000,3000,3000,3000,3000,3000,3000,3000,3000,3000,3000,3000,3000,3000,3000,3000,3000,3000,3000,3000,3000,3000,3000,3000,3000,3000,3000,3000,3000,3000,3000,3000,3000,3000,3000,3000,3000,3000,3000,3000,3000,3000,3000,3000,3000,3000,3000,3000,3000,3000,3000,3000,3000,3000,3000,3000,3000,3000,3000,3000,3000,3000,3000,3000,3000,3000,3000,3000,3000,3000,3000
3000,3000,3000,3000,3000,3000,3000,3000,3000,3000,3000,3000,3000,3000,3000,3000,3000,3000,3000,3000,3000,3000,3000,3000,3000,3000,3000,3000,3000,3000,3000,3000,3000,3000,3000,3000,3000,3000,3000,3000,3000,3000,3000,3000,3000,3000,3000,3000,3000,3000,3000,3000,3000,3000,3000,3000,3000,3000,3000,3000,3000,3000,3000,3000,3000,3000,3000,3000,3000,3000,3000,3000,3000,3000,3000,3000,3000,3000,3000,3000,3000,3000,3000,3000,3000,3000,3000,3000,3000,3000,3000,3000,3000,3000,3000,3000,3000,3000,3000,3000,3000,3000,3000,3000,3000,3000,3000,3000,3000,3000,3000,3000,3000,3000,3000,3000,3000,3000,3000,3000,3000,3000,3000,3000,3000,3000,3000,3000,3000,3000,3000,3000,3000,3000,3000,3000,3000,3000,3000,3000,3000,3000,3000,3000,3000,3000,3000,3000,3000,3000,3000,3000,3000,3000,3000,3000,3000,3000,3000,3000
3000,3000,3000,3000,3000,3000,3000,3000,3000,3000,3000,3000,3000,3000,3000,3000,3000,3000,3000,3000,3000,3000,3000,3000,3000,3000,3000,3000,3000,3000,3000,3000,3000,3000,3000,3000,3000,3000,3000,3000,3000,3000,3000,3000,3000,3000,3000,3000,3000,3000,3000,3000,3000,3000,3000,3000,3000,3000,3000,3000,3000,3000,3000,3000,3000,3000,3000,3000,3000,3000,3000,3000,3000,3000,3000,3000,3000,3000,3000,3000,3000,3000,3000,3000,3000,3000,3000,3000,3000,3000,3000,3000,3000,3000,3000,3000,3000,3000,3000,3000,3000,3000,3000,3000,3000,3000,3000,3000,3000,3000,3000,3000,3000,3000,3000,3000,3000,3000,3000,3000,3000,3000,3000,3000,3000,3000,3000,3000,3000,3000,3000,3000,3000,3000,3000,3000,3000,3000,3000,3000,3000,3000,3000,3000,3000,3000,3000,3000,3000,3000,3000,3000,3000,3000,3000,3000,3000,3000,3000,3000
3000,3000,3000,3000,3000,3000,3000,3000,3000,3000,3000,3000,3000,3000,3000,3000,3000,3000,3000,3000,3000,3000,3000,3000,3000,3000,3000,3000,3000,3000,3000,3000,3000,3000,3000,3000,3000,3000,3000,3000,3000,3000,3000,3000,3000,3000,3000,3000,3000,3000,3000,3000,3000,3000,3000,3000,3000,3000,3000,3000,3000,3000,3000,3000,3000,3000,3000,3000,3000,3000,3000,3000,3000,3000,3000,3000,3000,3000,3000,3000,3000,3000,3000,3000,3000,3000,3000,3000,3000,3000,3000,3000,3000,3000,3000,3000,3000,3000,3000,3000,3000,3000,3000,3000,3000,3000,3000,3000,3000,3000,3000,3000,3000,3000,3000,3000,3000,3000,3000,3000,3000,3000,3000,3000,3000,3000,3000,3000,3000,3000,3000,3000,3000,3000,3000,3000,3000,3000,3000,3000,3000,3000,3000,3000,3000,3000,3000,3000,3000,3000,3000,3000,3000,3000,3000,3000,3000,3000,3000,3000
3000,3000,3000,3000,3000,3000,3000,3000,3000,3000,3000,3000,3000,3000,3000,3000,3000,3000,3000,3000,3000,3000,3000,3000,3000,3000,3000,3000,3000,3000,3000,3000,3000,3000,3000,3000,3000,3000,3000,3000,3000,3000,3000,3000,3000,3000,3000,3000,3000,3000,3000,3000,3000,3000,3000,3000,3000,3000,3000,3000,3000,3000,3000,3000,3000,3000,3000,3000,3000,3000,3000,3000,3000,3000,3000,3000,3000,3000,3000,3000,3000,3000,3000,3000,3000,3000,3000,3000,3000,3000,3000,3000,3000,3000,3000,3000,3000,3000,3000,3000,3000,3000,3000,3000,3000,3000,3000,3000,3000,3000,3000,3000,3000,3000,3000,3000,3000,3000,3000,3000,3000,3000,3000,3000,3000,3000,3000,3000,3000,3000,3000,3000,3000,3000,3000,3000,3000,3000,3000,3000,3000,3000,3000,3000,3000,3000,3000,3000,3000,3000,3000,3000,3000,3000,3000,3000,3000,3000,3000,3000
3000,3000,3000,3000,3000,3000,3000,3000,3000,3000,3000,3000,3000,3000,3000,3000,3000,3000,3000,3000,3000,3000,3000,3000,3000,3000,3000,3000,3000,3000,3000,3000,3000,3000,3000,3000,3000,3000,3000,3000,3000,3000,3000,3000,3000,3000,3000,3000,3000,3000,3000,3000,3000,3000,3000,3000,3000,3000,3000,3000,3000,3000,3000,3000,3000,3000,3000,3000,3000,3000,3000,3000,3000,3000,3000,3000,3000,3000,3000,3000,3000,3000,3000,3000,3000,3000,3000,3000,3000,3000,3000,3000,3000,3000,3000,3000,3000,3000,3000,3000,3000,3000,3000,3000,3000,3000,3000,3000,3000,3000,3000,3000,3000,3000,3000,3000,3000,3000,3000,3000,3000,3000,3000,3000,3000,3000,3000,3000,3000,3000,3000,3000,3000,3000,3000,3000,3000,3000,3000,3000,3000,3000,3000,3000,3000,3000,3000,3000,3000,3000,3000,3000,3000,3000,3000,3000,3000,3000,3000,3000
3000,3000,3000,3000,3000,3000,3000,3000,3000,3000,3000,3000,3000,3000,3000,3000,3000,3000,3000,3000,3000,3000,3000,3000,3000,3000,3000,3000,3000,3000,3000,3000,3000,3000,3000,3000,3000,3000,3000,3000,3000,3000,3000,3000,3000,3000,3000,3000,3000,3000,3000,3000,3000,3000,3000,3000,3000,3000,3000,3000,3000,3000,3000,3000,3000,3000,3000,3000,3000,3000,3000,3000,3000,3000,3000,3000,3000,3000,3000,3000,3000,3000,3000,3000,3000,3000,3000,3000,3000,3000,3000,3000,3000,3000,3000,3000,3000,3000,3000,3000,3000,3000,3000,3000,3000,3000,3000,3000,3000,3000,3000,3000,3000,3000,3000,3000,3000,3000,3000,3000,3000,3000,3000,3000,3000,3000,3000,3000,3000,3000,3000,3000,3000,3000,3000,3000,3000,3000,3000,3000,3000,3000,3000,3000,3000,3000,3000,3000,3000,3000,3000,3000,3000,3000,3000,3000,3000,3000,3000,3000
3000,3000,3000,3000,3000,3000,3000,3000,3000,3000,3000,3000,3000,3000,3000,3000,3000,3000,3000,3000,3000,3000,3000,3000,3000,3000,3000,3000,3000,3000,3000,3000,3000,3000,3000,3000,3000,3000,3000,3000,3000,3000,3000,3000,3000,3000,3000,3000,3000,3000,3000,3000,3000,3000,3000,3000,3000,3000,3000,3000,3000,3000,3000,3000,3000,3000,3000,3000,3000,3000,3000,3000,3000,3000,3000,3000,3000,3000,3000,3000,3000,3000,3000,3000,3000,3000,3000,3000,3000,3000,3000,3000,3000,3000,3000,3000,3000,3000,3000,3000,3000,3000,3000,3000,3000,3000,3000,3000,3000,3000,3000,3000,3000,3000,3000,3000,3000,3000,3000,3000,3000,3000,3000,3000,3000,3000,3000,3000,3000,3000,3000,3000,3000,3000,3000,3000,3000,3000,3000,3000,3000,3000,3000,3000,3000,3000,3000,3000,3000,3000,3000,3000,3000,3000,3000,3000,3000,3000,3000,3000
3000,3000,3000,3000,3000,3000,3000,3000,3000,3000,3000,3000,3000,3000,3000,3000,3000,3000,3000,3000,3000,3000,3000,3000,3000,3000,3000,3000,3000,3000,3000,3000,3000,3000,3000,3000,3000,3000,3000,3000,3000,3000,3000,3000,3000,3000,3000,3000,3000,3000,3000,3000,3000,3000,3000,3000,3000,3000,3000,3000,3000,3000,3000,3000,3000,3000,3000,3000,3000,3000,3000,3000,3000,3000,3000,3000,3000,3000,3000,3000,3000,3000,3000,3000,3000,3000,3000,3000,3000,3000,3000,3000,3000,3000,3000,3000,3000,3000,3000,3000,3000,3000,3000,3000,3000,3000,3000,3000,3000,3000,3000,3000,3000,3000,3000,3000,3000,3000,3000,3000,3000,3000,3000,3000,3000,3000,3000,3000,3000,3000,3000,3000,3000,3000,3000,3000,3000,3000,3000,3000,3000,3000,3000,3000,3000,3000,3000,3000,3000,3000,3000,3000,3000,3000,3000,3000,3000,3000,3000,3000
3000,3000,3000,3000,3000,3000,3000,3000,3000,3000,3000,3000,3000,3000,3000,3000,3000,3000,3000,3000,3000,3000,3000,3000,3000,3000,3000,3000,3000,3000,3000,3000,3000,3000,3000,3000,3000,3000,3000,3000,3000,3000,3000,3000,3000,3000,3000,3000,3000,3000,3000,3000,3000,3000,3000,3000,3000,3000,3000,3000,3000,3000,3000,3000,3000,3000,3000,3000,3000,3000,3000,3000,3000,3000,3000,3000,3000,3000,3000,3000,3000,3000,3000,3000,3000,3000,3000,3000,3000,3000,3000,3000,3000,3000,3000,3000,3000,3000,3000,3000,3000,3000,3000,3000,3000,3000,3000,3000,3000,3000,3000,3000,3000,3000,3000,3000,3000,3000,3000,3000,3000,3000,3000,3000,3000,3000,3000,3000,3000,3000,3000,3000,3000,3000,3000,3000,3000,3000,3000,3000,3000,3000,3000,3000,3000,3000,3000,3000,3000,3000,3000,3000,3000,3000,3000,3000,3000,3000,3000,3000
3000,3000,3000,3000,3000,3000,3000,3000,3000,3000,3000,3000,3000,3000,3000,3000,3000,3000,3000,3000,3000,3000,3000,3000,3000,3000,3000,3000,3000,3000,3000,3000,3000,3000,3000,3000,3000,3000,3000,3000,3000,3000,3000,3000,3000,3000,3000,3000,3000,3000,3000,3000,3000,3000,3000,3000,3000,3000,3000,3000,3000,3000,3000,3000,3000,3000,3000,3000,3000,3000,3000,3000,3000,3000,3000,3000,3000,3000,3000,3000,3000,3000,3000,3000,3000,3000,3000,3000,3000,3000,3000,3000,3000,3000,3000,3000,3000,3000,3000,3000,3000,3000,3000,3000,3000,3000,3000,3000,3000,3000,3000,3000,3000,3000,3000,3000,3000,3000,3000,3000,3000,3000,3000,3000,3000,3000,3000,3000,3000,3000,3000,3000,3000,3000,3000,3000,3000,3000,3000,3000,3000,3000,3000,3000,3000,3000,3000,3000,3000,3000,3000,3000,3000,3000,3000,3000,3000,3000,3000,3000
3000,3000,3000,3000,3000,3000,3000,3000,3000,3000,3000,3000,3000,3000,3000,3000,3000,3000,3000,3000,3000,3000,3000,3000,3000,3000,3000,3000,3000,3000,3000,3000,3000,3000,3000,3000,3000,3000,3000,3000,3000,3000,3000,3000,3000,3000,3000,3000,3000,3000,3000,3000,3000,3000,3000,3000,3000,3000,3000,3000,3000,3000,3000,3000,3000,3000,3000,3000,3000,3000,3000,3000,3000,3000,3000,3000,3000,3000,3000,3000,3000,3000,3000,3000,3000,3000,3000,3000,3000,3000,3000,3000,3000,3000,3000,3000,3000,3000,3000,3000,3000,3000,3000,3000,3000,3000,3000,3000,3000,3000,3000,3000,3000,3000,3000,3000,3000,3000,3000,3000,3000,3000,3000,3000,3000,3000,3000,3000,3000,3000,3000,3000,3000,3000,3000,3000,3000,3000,3000,3000,3000,3000,3000,3000,3000,3000,3000,3000,3000,3000,3000,3000,3000,3000,3000,3000,3000,3000,3000,3000
3000,3000,3000,3000,3000,3000,3000,3000,3000,3000,3000,3000,3000,3000,3000,3000,3000,3000,3000,3000,3000,3000,3000,3000,3000,3000,3000,3000,3000,3000,3000,3000,3000,3000,3000,3000,3000,3000,3000,3000,3000,3000,3000,3000,3000,3000,3000,3000,3000,3000,3000,3000,3000,3000,3000,3000,3000,3000,3000,3000,3000,3000,3000,3000,3000,3000,3000,3000,3000,3000,3000,3000,3000,3000,3000,3000,3000,3000,3000,3000,3000,3000,3000,3000,3000,3000,3000,3000,3000,3000,3000,3000,3000,3000,3000,3000,3000,3000,3000,3000,3000,3000,3000,3000,3000,3000,3000,3000,3000,3000,3000,3000,3000,3000,3000,3000,3000,3000,3000,3000,3000,3000,3000,3000,3000,3000,3000,3000,3000,3000,3000,3000,3000,3000,3000,3000,3000,3000,3000,3000,3000,3000,3000,3000,3000,3000,3000,3000,3000,3000,3000,3000,3000,3000,3000,3000,3000,3000,3000,3000
3000,3000,3000,3000,3000,3000,3000,3000,3000,3000,3000,3000,3000,3000,3000,3000,3000,3000,3000,3000,3000,3000,3000,3000,3000,3000,3000,3000,3000,3000,3000,3000,3000,3000,3000,3000,3000,3000,3000,3000,3000,3000,3000,3000,3000,3000,3000,3000,3000,3000,3000,3000,3000,3000,3000,3000,3000,3000,3000,3000,3000,3000,3000,3000,3000,3000,3000,3000,3000,3000,3000,3000,3000,3000,3000,3000,3000,3000,3000,3000,3000,3000,3000,3000,3000,3000,3000,3000,3000,3000,3000,3000,3000,3000,3000,3000,3000,3000,3000,3000,3000,3000,3000,3000,3000,3000,3000,3000,3000,3000,3000,3000,3000,3000,3000,3000,3000,3000,3000,3000,3000,3000,3000,3000,3000,3000,3000,3000,3000,3000,3000,3000,3000,3000,3000,3000,3000,3000,3000,3000,3000,3000,3000,3000,3000,3000,3000,3000,3000,3000,3000,3000,3000,3000,3000,3000,3000,3000,3000,3000
3000,3000,3000,3000,3000,3000,3000,3000,3000,3000,3000,3000,3000,3000,3000,3000,3000,3000,3000,3000,3000,3000,3000,3000,3000,3000,3000,3000,3000,3000,3000,3000,3000,3000,3000,3000,3000,3000,3000,3000,3000,3000,3000,3000,3000,3000,3000,3000,3000,3000,3000,3000,3000,3000,3000,3000,3000,3000,3000,3000,3000,3000,3000,3000,3000,3000,3000,3000,3000,3000,3000,3000,3000,3000,3000,3000,3000,3000,3000,3000,3000,3000,3000,3000,3000,3000,3000,3000,3000,3000,3000,3000,3000,3000,3000,3000,3000,3000,3000,3000,3000,3000,3000,3000,3000,3000,3000,3000,3000,3000,3000,3000,3000,3000,3000,3000,3000,3000,3000,3000,3000,3000,3000,3000,3000,3000,3000,3000,3000,3000,3000,3000,3000,3000,3000,3000,3000,3000,3000,3000,3000,3000,3000,3000,3000,3000,3000,3000,3000,3000,3000,3000,3000,3000,3000,3000,3000,3000,3000,3000
3000,3000,3000,3000,3000,3000,3000,3000,3000,3000,3000,3000,3000,3000,3000,3000,3000,3000,3000,3000,3000,3000,3000,3000,3000,3000,3000,3000,3000,3000,3000,3000,3000,3000,3000,3000,3000,3000,3000,3000,3000,3000,3000,3000,3000,3000,3000,3000,3000,3000,3000,3000,3000,3000,3000,3000,3000,3000,3000,3000,3000,3000,3000,3000,3000,3000,3000,3000,3000,3000,3000,3000,3000,3000,3000,3000,3000,3000,3000,3000,3000,3000,3000,3000,3000,3000,3000,3000,3000,3000,3000,3000,3000,3000,3000,3000,3000,3000,3000,3000,3000,3000,3000,3000,3000,3000,3000,3000,3000,3000,3000,3000,3000,3000,3000,3000,3000,3000,3000,3000,3000,3000,3000,3000,3000,3000,3000,3000,3000,3000,3000,3000,3000,3000,3000,3000,3000,3000,3000,3000,3000,3000,3000,3000,3000,3000,3000,3000,3000,3000,3000,3000,3000,3000,3000,3000,3000,3000,3000,3000
3000,3000,3000,3000,3000,3000,3000,3000,3000,3000,3000,3000,3000,3000,3000,3000,3000,3000,3000,3000,3000,3000,3000,3000,3000,3000,3000,3000,3000,3000,3000,3000,3000,3000,3000,3000,3000,3000,3000,3000,3000,3000,3000,3000,3000,3000,3000,3000,3000,3000,3000,3000,3000,3000,3000,3000,3000,3000,3000,3000,3000,3000,3000,3000,3000,3000,3000,3000,3000,3000,3000,3000,3000,3000,3000,3000,3000,3000,3000,3000,3000,3000,3000,3000,3000,3000,3000,3000,3000,3000,3000,3000,3000,3000,3000,3000,3000,3000,3000,3000,3000,3000,3000,3000,3000,3000,3000,3000,3000,3000,3000,3000,3000,3000,3000,3000,3000,3000,3000,3000,3000,3000,3000,3000,3000,3000,3000,3000,3000,3000,3000,3000,3000,3000,3000,3000,3000,3000,3000,3000,3000,3000,3000,3000,3000,3000,3000,3000,3000,3000,3000,3000,3000,3000,3000,3000,3000,3000,3000,3000
3000,3000,3000,3000,3000,3000,3000,3000,3000,3000,3000,3000,3000,3000,3000,3000,3000,3000,3000,3000,3000,3000,3000,3000,3000,3000,3000,3000,3000,3000,3000,3000,3000,3000,3000,3000,3000,3000,3000,3000,3000,3000,3000,3000,3000,3000,3000,3000,3000,3000,3000,3000,3000,3000,3000,3000,3000,3000,3000,3000,3000,3000,3000,3000,3000,3000,3000,3000,3000,3000,3000,3000,3000,3000,3000,3000,3000,3000,3000,3000,3000,3000,3000,3000,3000,3000,3000,3000,3000,3000,3000,3000,3000,3000,3000,3000,3000,3000,3000,3000,3000,3000,3000,3000,3000,3000,3000,3000,3000,3000,3000,3000,3000,3000,3000,3000,3000,3000,3000,3000,3000,3000,3000,3000,3000,3000,3000,3000,3000,3000,3000,3000,3000,3000,3000,3000,3000,3000,3000,3000,3000,3000,3000,3000,3000,3000,3000,3000,3000,3000,3000,3000,3000,3000,3000,3000,3000,3000,3000,3000
3000,3000,3000,3000,3000,3000,3000,3000,3000,3000,3000,3000,3000,3000,3000,3000,3000,3000,3000,3000,3000,3000,3000,3000,3000,3000,3000,3000,3000,3000,3000,3000,3000,3000,3000,3000,3000,3000,3000,3000,3000,3000,3000,3000,3000,3000,3000,3000,3000,3000,3000,3000,3000,3000,3000,3000,3000,3000,3000,3000,3000,3000,3000,3000,3000,3000,3000,3000,3000,3000,3000,3000,3000,3000,3000,3000,3000,3000,3000,3000,3000,3000,3000,3000,3000,3000,3000,3000,3000,3000,3000,3000,3000,3000,3000,3000,3000,3000,3000,3000,3000,3000,3000,3000,3000,3000,3000,3000,3000,3000,3000,3000,3000,3000,3000,3000,3000,3000,3000,3000,3000,3000,3000,3000,3000,3000,3000,3000,3000,3000,3000,3000,3000,3000,3000,3000,3000,3000,3000,3000,3000,3000,3000,3000,3000,3000,3000,3000,3000,3000,3000,3000,3000,3000,3000,3000,3000,3000,3000,3000
3000,3000,3000,3000,3000,3000,3000,3000,3000,3000,3000,3000,3000,3000,3000,3000,3000,3000,3000,3000,3000,3000,3000,3000,3000,3000,3000,3000,3000,3000,3000,3000,3000,3000,3000,3000,3000,3000,3000,3000,3000,3000,3000,3000,3000,3000,3000,3000,3000,3000,3000,3000,3000,3000,3000,3000,3000,3000,3000,3000,3000,3000,3000,3000,3000,3000,3000,3000,3000,3000,3000,3000,3000,3000,3000,3000,3000,3000,3000,3000,3000,3000,3000,3000,3000,3000,3000,3000,3000,3000,3000,3000,3000,3000,3000,3000,3000,3000,3000,3000,3000,3000,3000,3000,3000,3000,3000,3000,3000,3000,3000,3000,3000,3000,3000,3000,3000,3000,3000,3000,3000,3000,3000,3000,3000,3000,3000,3000,3000,3000,3000,3000,3000,3000,3000,3000,3000,3000,3000,3000,3000,3000,3000,3000,3000,3000,3000,3000,3000,3000,3000,3000,3000,3000,3000,3000,3000,3000,3000,3000
3000,3000,3000,3000,3000,3000,3000,3000,3000,3000,3000,3000,3000,3000,3000,3000,3000,3000,3000,3000,3000,3000,3000,3000,3000,3000,3000,3000,3000,3000,3000,3000,3000,3000,3000,3000,3000,3000,3000,3000,3000,3000,3000,3000,3000,3000,3000,3000,3000,3000,3000,3000,3000,3000,3000,3000,3000,3000,3000,3000,3000,3000,3000,3000,3000,3000,3000,3000,3000,3000,3000,3000,3000,3000,3000,3000,3000,3000,3000,3000,3000,3000,3000,3000,3000,3000,3000,3000,3000,3000,3000,3000,3000,3000,3000,3000,3000,3000,3000,3000,3000,3000,3000,3000,3000,3000,3000,3000,3000,3000,3000,3000,3000,3000,3000,3000,3000,3000,3000,3000,3000,3000,3000,3000,3000,3000,3000,3000,3000,3000,3000,3000,3000,3000,3000,3000,3000,3000,3000,3000,3000,3000,3000,3000,3000,3000,3000,3000,3000,3000,3000,3000,3000,3000,3000,3000,3000,3000,3000,3000
3000,3000,3000,3000,3000,3000,3000,3000,3000,3000,3000,3000,3000,3000,3000,3000,3000,3000,3000,3000,3000,3000,3000,3000,3000,3000,3000,3000,3000,3000,3000,3000,3000,3000,3000,3000,3000,3000,3000,3000,3000,3000,3000,3000,3000,3000,3000,3000,3000,3000,3000,3000,3000,3000,3000,3000,3000,3000,3000,3000,3000,3000,3000,3000,3000,3000,3000,3000,3000,3000,3000,3000,3000,3000,3000,3000,3000,3000,3000,3000,3000,3000,3000,3000,3000,3000,3000,3000,3000,3000,3000,3000,3000,3000,3000,3000,3000,3000,3000,3000,3000,3000,3000,3000,3000,3000,3000,3000,3000,3000,3000,3000,3000,3000,3000,3000,3000,3000,3000,3000,3000,3000,3000,3000,3000,3000,3000,3000,3000,3000,3000,3000,3000,3000,3000,3000,3000,3000,3000,3000,3000,3000,3000,3000,3000,3000,3000,3000,3000,3000,3000,3000,3000,3000,3000,3000,3000,3000,3000,3000
3000,3000,3000,3000,3000,3000,3000,3000,3000,3000,3000,3000,3000,3000,3000,3000,3000,3000,3000,3000,3000,3000,3000,3000,3000,3000,3000,3000,3000,3000,3000,3000,3000,3000,3000,3000,3000,3000,3000,3000,3000,3000,3000,3000,3000,3000,3000,3000,3000,3000,3000,3000,3000,3000,3000,3000,3000,3000,3000,3000,3000,3000,3000,3000,3000,3000,3000,3000,3000,3000,3000,3000,3000,3000,3000,3000,3000,3000,3000,3000,3000,3000,3000,3000,3000,3000,3000,3000,3000,3000,3000,3000,3000,3000,3000,3000,3000,3000,3000,3000,3000,3000,3000,3000,3000,3000,3000,3000,3000,3000,3000,3000,3000,3000,3000,3000,3000,3000,3000,3000,3000,3000,3000,3000,3000,3000,3000,3000,3000,3000,3000,3000,3000,3000,3000,3000,3000,3000,3000,3000,3000,3000,3000,3000,3000,3000,3000,3000,3000,3000,3000,3000,3000,3000,3000,3000,3000,3000,3000,3000
3000,3000,3000,3000,3000,3000,3000,3000,3000,3000,3000,3000,3000,3000,3000,3000,3000,3000,3000,3000,3000,3000,3000,3000,3000,3000,3000,3000,3000,3000,3000,3000,3000,3000,3000,3000,3000,3000,3000,3000,3000,3000,3000,3000,3000,3000,3000,3000,3000,3000,3000,3000,3000,3000,3000,3000,3000,3000,3000,3000,3000,3000,3000,3000,3000,3000,3000,3000,3000,3000,3000,3000,3000,3000,3000,3000,3000,3000,3000,3000,3000,3000,3000,3000,3000,3000,3000,3000,3000,3000,3000,3000,3000,3000,3000,3000,3000,3000,3000,3000,3000,3000,3000,3000,3000,3000,3000,3000,3000,3000,3000,3000,3000,3000,3000,3000,3000,3000,3000,3000,3000,3000,3000,3000,3000,3000,3000,3000,3000,3000,3000,3000,3000,3000,3000,3000,3000,3000,3000,3000,3000,3000,3000,3000,3000,3000,3000,3000,3000,3000,3000,3000,3000,3000,3000,3000,3000,3000,3000,3000
3000,3000,3000,3000,3000,3000,3000,3000,3000,3000,3000,3000,3000,3000,3000,3000,3000,3000,3000,3000,3000,3000,3000,3000,3000,3000,3000,3000,3000,3000,3000,3000,3000,3000,3000,3000,3000,3000,3000,3000,3000,3000,3000,3000,3000,3000,3000,3000,3000,3000,3000,3000,3000,3000,3000,3000,3000,3000,3000,3000,3000,3000,3000,3000,3000,3000,3000,3000,3000,3000,3000,3000,3000,3000,3000,3000,3000,3000,3000,3000,3000,3000,3000,3000,3000,3000,3000,3000,3000,3000,3000,3000,3000,3000,3000,3000,3000,3000,3000,3000,3000,3000,3000,3000,3000,3000,3000,3000,3000,3000,3000,3000,3000,3000,3000,3000,3000,3000,3000,3000,3000,3000,3000,3000,3000,3000,3000,3000,3000,3000,3000,3000,3000,3000,3000,3000,3000,3000,3000,3000,3000,3000,3000,3000,3000,3000,3000,3000,3000,3000,3000,3000,3000,3000,3000,3000,3000,3000,3000,3000
3000,3000,3000,3000,3000,3000,3000,3000,3000,3000,3000,3000,3000,3000,3000,3000,3000,3000,3000,3000,3000,3000,3000,3000,3000,3000,3000,3000,3000,3000,3000,3000,3000,3000,3000,3000,3000,3000,3000,3000,3000,3000,3000,3000,3000,3000,3000,3000,3000,3000,3000,3000,3000,3000,3000,3000,3000,3000,3000,3000,3000,3000,3000,3000,3000,3000,3000,3000,3000,3000,3000,3000,3000,3000,3000,3000,3000,3000,3000,3000,3000,3000,3000,3000,3000,3000,3000,3000,3000,3000,3000,3000,3000,3000,3000,3000,3000,3000,3000,3000,3000,3000,3000,3000,3000,3000,3000,3000,3000,3000,3000,3000,3000,3000,3000,3000,3000,3000,3000,3000,3000,3000,3000,3000,3000,3000,3000,3000,3000,3000,3000,3000,3000,3000,3000,3000,3000,3000,3000,3000,3000,3000,3000,3000,3000,3000,3000,3000,3000,3000,3000,3000,3000,3000,3000,3000,3000,3000,3000,3000
3000,3000,3000,3000,3000,3000,3000,3000,3000,3000,3000,3000,3000,3000,3000,3000,3000,3000,3000,3000,3000,3000,3000,3000,3000,3000,3000,3000,3000,3000,3000,3000,3000,3000,3000,3000,3000,3000,3000,3000,3000,3000,3000,3000,3000,3000,3000,3000,3000,3000,3000,3000,3000,3000,3000,3000,3000,3000,3000,3000,3000,3000,3000,3000,3000,3000,3000,3000,3000,3000,3000,3000,3000,3000,3000,3000,3000,3000,3000,3000,3000,3000,3000,3000,3000,3000,3000,3000,3000,3000,3000,3000,3000,3000,3000,3000,3000,3000,3000,3000,3000,3000,3000,3000,3000,3000,3000,3000,3000,3000,3000,3000,3000,3000,3000,3000,3000,3000,3000,3000,3000,3000,3000,3000,3000,3000,3000,3000,3000,3000,3000,3000,3000,3000,3000,3000,3000,3000,3000,3000,3000,3000,3000,3000,3000,3000,3000,3000,3000,3000,3000,3000,3000,3000,3000,3000,3000,3000,3000,3000
3000,3000,3000,3000,3000,3000,3000,3000,3000,3000,3000,3000,3000,3000,3000,3000,3000,3000,3000,3000,3000,3000,3000,3000,3000,3000,3000,3000,3000,3000,3000,3000,3000,3000,3000,3000,3000,3000,3000,3000,3000,3000,3000,3000,3000,3000,3000,3000,3000,3000,3000,3000,3000,3000,3000,3000,3000,3000,3000,3000,3000,3000,3000,3000,3000,3000,3000,3000,3000,3000,3000,3000,3000,3000,3000,3000,3000,3000,3000,3000,3000,3000,3000,3000,3000,3000,3000,3000,3000,3000,3000,3000,3000,3000,3000,3000,3000,3000,3000,3000,3000,3000,3000,3000,3000,3000,3000,3000,3000,3000,3000,3000,3000,3000,3000,3000,3000,3000,3000,3000,3000,3000,3000,3000,3000,3000,3000,3000,3000,3000,3000,3000,3000,3000,3000,3000,3000,3000,3000,3000,3000,3000,3000,3000,3000,3000,3000,3000,3000,3000,3000,3000,3000,3000,3000,3000,3000,3000,3000,3000
3000,3000,3000,3000,3000,3000,3000,3000,3000,3000,3000,3000,3000,3000,3000,3000,3000,3000,3000,3000,3000,3000,3000,3000,3000,3000,3000,3000,3000,3000,3000,3000,3000,3000,3000,3000,3000,3000,3000,3000,3000,3000,3000,3000,3000,3000,3000,3000,3000,3000,3000,3000,3000,3000,3000,3000,3000,3000,3000,3000,3000,3000,3000,3000,3000,3000,3000,3000,3000,3000,3000,3000,3000,3000,3000,3000,3000,3000,3000,3000,3000,3000,3000,3000,3000,3000,3000,3000,3000,3000,3000,3000,3000,3000,3000,3000,3000,3000,3000,3000,3000,3000,3000,3000,3000,3000,3000,3000,3000,3000,3000,3000,3000,3000,3000,3000,3000,3000,3000,3000,3000,3000,3000,3000,3000,3000,3000,3000,3000,3000,3000,3000,3000,3000,3000,3000,3000,3000,3000,3000,3000,3000,3000,3000,3000,3000,3000,3000,3000,3000,3000,3000,3000,3000,3000,3000,3000,3000,3000,3000
3000,3000,3000,3000,3000,3000,3000,3000,3000,3000,3000,3000,3000,3000,3000,3000,3000,3000,3000,3000,3000,3000,3000,3000,3000,3000,3000,3000,3000,3000,3000,3000,3000,3000,3000,3000,3000,3000,3000,3000,3000,3000,3000,3000,3000,3000,3000,3000,3000,3000,3000,3000,3000,3000,3000,3000,3000,3000,3000,3000,3000,3000,3000,3000,3000,3000,3000,3000,3000,3000,3000,3000,3000,3000,3000,3000,3000,3000,3000,3000,3000,3000,3000,3000,3000,3000,3000,3000,3000,3000,3000,3000,3000,3000,3000,3000,3000,3000,3000,3000,3000,3000,3000,3000,3000,3000,3000,3000,3000,3000,3000,3000,3000,3000,3000,3000,3000,3000,3000,3000,3000,3000,3000,3000,3000,3000,3000,3000,3000,3000,3000,3000,3000,3000,3000,3000,3000,3000,3000,3000,3000,3000,3000,3000,3000,3000,3000,3000,3000,3000,3000,3000,3000,3000,3000,3000,3000,3000,3000,3000
3000,3000,3000,3000,3000,3000,3000,3000,3000,3000,3000,3000,3000,3000,3000,3000,3000,3000,3000,3000,3000,3000,3000,3000,3000,3000,3000,3000,3000,3000,3000,3000,3000,3000,3000,3000,3000,3000,3000,3000,3000,3000,3000,3000,3000,3000,3000,3000,3000,3000,3000,3000,3000,3000,3000,3000,3000,3000,3000,3000,3000,3000,3000,3000,3000,3000,3000,3000,3000,3000,3000,3000,3000,3000,3000,3000,3000,3000,3000,3000,3000,3000,3000,3000,3000,3000,3000,3000,3000,3000,3000,3000,3000,3000,3000,3000,3000,3000,3000,3000,3000,3000,3000,3000,3000,3000,3000,3000,3000,3000,3000,3000,3000,3000,3000,3000,3000,3000,3000,3000,3000,3000,3000,3000,3000,3000,3000,3000,3000,3000,3000,3000,3000,3000,3000,3000,3000,3000,3000,3000,3000,3000,3000,3000,3000,3000,3000,3000,3000,3000,3000,3000,3000,3000,3000,3000,3000,3000,3000,3000
3000,3000,3000,3000,3000,3000,3000,3000,3000,3000,3000,3000,3000,3000,3000,3000,3000,3000,3000,3000,3000,3000,3000,3000,3000,3000,3000,3000,3000,3000,3000,3000,3000,3000,3000,3000,3000,3000,3000,3000,3000,3000,3000,3000,3000,3000,3000,3000,3000,3000,3000,3000,3000,3000,3000,3000,3000,3000,3000,3000,3000,3000,3000,3000,3000,3000,3000,3000,3000,3000,3000,3000,3000,3000,3000,3000,3000,3000,3000,3000,3000,3000,3000,3000,3000,3000,3000,3000,3000,3000,3000,3000,3000,3000,3000,3000,3000,3000,3000,3000,3000,3000,3000,3000,3000,3000,3000,3000,3000,3000,3000,3000,3000,3000,3000,3000,3000,3000,3000,3000,3000,3000,3000,3000,3000,3000,3000,3000,3000,3000,3000,3000,3000,3000,3000,3000,3000,3000,3000,3000,3000,3000,3000,3000,3000,3000,3000,3000,3000,3000,3000,3000,3000,3000,3000,3000,3000,3000,3000,3000
3000,3000,3000,3000,3000,3000,3000,3000,3000,3000,3000,3000,3000,3000,3000,3000,3000,3000,3000,3000,3000,3000,3000,3000,3000,3000,3000,3000,3000,3000,3000,3000,3000,3000,3000,3000,3000,3000,3000,3000,3000,3000,3000,3000,3000,3000,3000,3000,3000,3000,3000,3000,3000,3000,3000,3000,3000,3000,3000,3000,3000,3000,3000,3000,3000,3000,3000,3000,3000,3000,3000,3000,3000,3000,3000,3000,3000,3000,3000,3000,3000,3000,3000,3000,3000,3000,3000,3000,3000,3000,3000,3000,3000,3000,3000,3000,3000,3000,3000,3000,3000,3000,3000,3000,3000,3000,3000,3000,3000,3000,3000,3000,3000,3000,3000,3000,3000,3000,3000,3000,3000,3000,3000,3000,3000,3000,3000,3000,3000,3000,3000,3000,3000,3000,3000,3000,3000,3000,3000,3000,3000,3000,3000,3000,3000,3000,3000,3000,3000,3000,3000,3000,3000,3000,3000,3000,3000,3000,3000,3000
3000,3000,3000,3000,3000,3000,3000,3000,3000,3000,3000,3000,3000,3000,3000,3000,3000,3000,3000,3000,3000,3000,3000,3000,3000,3000,3000,3000,3000,3000,3000,3000,3000,3000,3000,3000,3000,3000,3000,3000,3000,3000,3000,3000,3000,3000,3000,3000,3000,3000,3000,3000,3000,3000,3000,3000,3000,3000,3000,3000,3000,3000,3000,3000,3000,3000,3000,3000,3000,3000,3000,3000,3000,3000,3000,3000,3000,3000,3000,3000,3000,3000,3000,3000,3000,3000,3000,3000,3000,3000,3000,3000,3000,3000,3000,3000,3000,3000,3000,3000,3000,3000,3000,3000,3000,3000,3000,3000,3000,3000,3000,3000,3000,3000,3000,3000,3000,3000,3000,3000,3000,3000,3000,3000,3000,3000,3000,3000,3000,3000,3000,3000,3000,3000,3000,3000,3000,3000,3000,3000,3000,3000,3000,3000,3000,3000,3000,3000,3000,3000,3000,3000,3000,3000,3000,3000,3000,3000,3000,3000
3000,3000,3000,3000,3000,3000,3000,3000,3000,3000,3000,3000,3000,3000,3000,3000,3000,3000,3000,3000,3000,3000,3000,3000,3000,3000,3000,3000,3000,3000,3000,3000,3000,3000,3000,3000,3000,3000,3000,3000,3000,3000,3000,3000,3000,3000,3000,3000,3000,3000,3000,3000,3000,3000,3000,3000,3000,3000,3000,3000,3000,3000,3000,3000,3000,3000,3000,3000,3000,3000,3000,3000,3000,3000,3000,3000,3000,3000,3000,3000,3000,3000,3000,3000,3000,3000,3000,3000,3000,3000,3000,3000,3000,3000,3000,3000,3000,3000,3000,3000,3000,3000,3000,3000,3000,3000,3000,3000,3000,3000,3000,3000,3000,3000,3000,3000,3000,3000,3000,3000,3000,3000,3000,3000,3000,3000,3000,3000,3000,3000,3000,3000,3000,3000,3000,3000,3000,3000,3000,3000,3000,3000,3000,3000,3000,3000,3000,3000,3000,3000,3000,3000,3000,3000,3000,3000,3000,3000,3000,3000
3000,3000,3000,3000,3000,3000,3000,3000,3000,3000,3000,3000,3000,3000,3000,3000,3000,3000,3000,3000,3000,3000,3000,3000,3000,3000,3000,3000,3000,3000,3000,3000,3000,3000,3000,3000,3000,3000,3000,3000,3000,3000,3000,3000,3000,3000,3000,3000,3000,3000,3000,3000,3000,3000,3000,3000,3000,3000,3000,3000,3000,3000,3000,3000,3000,3000,3000,3000,3000,3000,3000,3000,3000,3000,3000,3000,3000,3000,3000,3000,3000,3000,3000,3000,3000,3000,3000,3000,3000,3000,3000,3000,3000,3000,3000,3000,3000,3000,3000,3000,3000,3000,3000,3000,3000,3000,3000,3000,3000,3000,3000,3000,3000,3000,3000,3000,3000,3000,3000,3000,3000,3000,3000,3000,3000,3000,3000,3000,3000,3000,3000,3000,3000,3000,3000,3000,3000,3000,3000,3000,3000,3000,3000,3000,3000,3000,3000,3000,3000,3000,3000,3000,3000,3000,3000,3000,3000,3000,3000,3000
3000,3000,3000,3000,3000,3000,3000,3000,3000,3000,3000,3000,3000,3000,3000,3000,3000,3000,3000,3000,3000,3000,3000,3000,3000,3000,3000,3000,3000,3000,3000,3000,3000,3000,3000,3000,3000,3000,3000,3000,3000,3000,3000,3000,3000,3000,3000,3000,3000,3000,3000,3000,3000,3000,3000,3000,3000,3000,3000,3000,3000,3000,3000,3000,3000,3000,3000,3000,3000,3000,3000,3000,3000,3000,3000,3000,3000,3000,3000,3000,3000,3000,3000,3000,3000,3000,3000,3000,3000,3000,3000,3000,3000,3000,3000,3000,3000,3000,3000,3000,3000,3000,3000,3000,3000,3000,3000,3000,3000,3000,3000,3000,3000,3000,3000,3000,3000,3000,3000,3000,3000,3000,3000,3000,3000,3000,3000,3000,3000,3000,3000,3000,3000,3000,3000,3000,3000,3000,3000,3000,3000,3000,3000,3000,3000,3000,3000,3000,3000,3000,3000,3000,3000,3000,3000,3000,3000,3000,3000,3000
3000,3000,3000,3000,3000,3000,3000,3000,3000,3000,3000,3000,3000,3000,3000,3000,3000,3000,3000,3000,3000,3000,3000,3000,3000,3000,3000,3000,3000,3000,3000,3000,3000,3000,3000,3000,3000,3000,3000,3000,3000,3000,3000,3000,3000,3000,3000,3000,3000,3000,3000,3000,3000,3000,3000,3000,3000,3000,3000,3000,3000,3000,3000,3000,3000,3000,3000,3000,3000,3000,3000,3000,3000,3000,3000,3000,3000,3000,3000,3000,3000,3000,3000,3000,3000,3000,3000,3000,3000,3000,3000,3000,3000,3000,3000,3000,3000,3000,3000,3000,3000,3000,3000,3000,3000,3000,3000,3000,3000,3000,3000,3000,3000,3000,3000,3000,3000,3000,3000,3000,3000,3000,3000,3000,3000,3000,3000,3000,3000,3000,3000,3000,3000,3000,3000,3000,3000,3000,3000,3000,3000,3000,3000,3000,3000,3000,3000,3000,3000,3000,3000,3000,3000,3000,3000,3000,3000,3000,3000,3000
3000,3000,3000,3000,3000,3000,3000,3000,3000,3000,3000,3000,3000,3000,3000,3000,3000,3000,3000,3000,3000,3000,3000,3000,3000,3000,3000,3000,3000,3000,3000,3000,3000,3000,3000,3000,3000,3000,3000,3000,3000,3000,3000,3000,3000,3000,3000,3000,3000,3000,3000,3000,3000,3000,3000,3000,3000,3000,3000,3000,3000,3000,3000,3000,3000,3000,3000,3000,3000,3000,3000,3000,3000,3000,3000,3000,3000,3000,3000,3000,3000,3000,3000,3000,3000,3000,3000,3000,3000,3000,3000,3000,3000,3000,3000,3000,3000,3000,3000,3000,3000,3000,3000,3000,3000,3000,3000,3000,3000,3000,3000,3000,3000,3000,3000,3000,3000,3000,3000,3000,3000,3000,3000,3000,3000,3000,3000,3000,3000,3000,3000,3000,3000,3000,3000,3000,3000,3000,3000,3000,3000,3000,3000,3000,3000,3000,3000,3000,3000,3000,3000,3000,3000,3000,3000,3000,3000,3000,3000,3000
3000,3000,3000,3000,3000,3000,3000,3000,3000,3000,3000,3000,3000,3000,3000,3000,3000,3000,3000,3000,3000,3000,3000,3000,3000,3000,3000,3000,3000,3000,3000,3000,3000,3000,3000,3000,3000,3000,3000,3000,3000,3000,3000,3000,3000,3000,3000,3000,3000,3000,3000,3000,3000,3000,3000,3000,3000,3000,3000,3000,3000,3000,3000,3000,3000,3000,3000,3000,3000,3000,3000,3000,3000,3000,3000,3000,3000,3000,3000,3000,3000,3000,3000,3000,3000,3000,3000,3000,3000,3000,3000,3000,3000,3000,3000,3000,3000,3000,3000,3000,3000,3000,3000,3000,3000,3000,3000,3000,3000,3000,3000,3000,3000,3000,3000,3000,3000,3000,3000,3000,3000,3000,3000,3000,3000,3000,3000,3000,3000,3000,3000,3000,3000,3000,3000,3000,3000,3000,3000,3000,3000,3000,3000,3000,3000,3000,3000,3000,3000,3000,3000,3000,3000,3000,3000,3000,3000,3000,3000,3000
3000,3000,3000,3000,3000,3000,3000,3000,3000,3000,3000,3000,3000,3000,3000,3000,3000,3000,3000,3000,3000,3000,3000,3000,3000,3000,3000,3000,3000,3000,3000,3000,3000,3000,3000,3000,3000,3000,3000,3000,3000,3000,3000,3000,3000,3000,3000,3000,3000,3000,3000,3000,3000,3000,3000,3000,3000,3000,3000,3000,3000,3000,3000,3000,3000,3000,3000,3000,3000,3000,3000,3000,3000,3000,3000,3000,3000,3000,3000,3000,3000,3000,3000,3000,3000,3000,3000,3000,3000,3000,3000,3000,3000,3000,3000,3000,3000,3000,3000,3000,3000,3000,3000,3000,3000,3000,3000,3000,3000,3000,3000,3000,3000,3000,3000,3000,3000,3000,3000,3000,3000,3000,3000,3000,3000,3000,3000,3000,3000,3000,3000,3000,3000,3000,3000,3000,3000,3000,3000,3000,3000,3000,3000,3000,3000,3000,3000,3000,3000,3000,3000,3000,3000,3000,3000,3000,3000,3000,3000,3000
3000,3000,3000,3000,3000,3000,3000,3000,3000,3000,3000,3000,3000,3000,3000,3000,3000,3000,3000,3000,3000,3000,3000,3000,3000,3000,3000,3000,3000,3000,3000,3000,3000,3000,3000,3000,3000,3000,3000,3000,3000,3000,3000,3000,3000,3000,3000,3000,3000,3000,3000,3000,3000,3000,3000,3000,3000,3000,3000,3000,3000,3000,3000,3000,3000,3000,3000,3000,3000,3000,3000,3000,3000,3000,3000,3000,3000,3000,3000,3000,3000,3000,3000,3000,3000,3000,3000,3000,3000,3000,3000,3000,3000,3000,3000,3000,3000,3000,3000,3000,3000,3000,3000,3000,3000,3000,3000,3000,3000,3000,3000,3000,3000,3000,3000,3000,3000,3000,3000,3000,3000,3000,3000,3000,3000,3000,3000,3000,3000,3000,3000,3000,3000,3000,3000,3000,3000,3000,3000,3000,3000,3000,3000,3000,3000,3000,3000,3000,3000,3000,3000,3000,3000,3000,3000,3000,3000,3000,3000,3000
3000,3000,3000,3000,3000,3000,3000,3000,3000,3000,3000,3000,3000,3000,3000,3000,3000,3000,3000,3000,3000,3000,3000,3000,3000,3000,3000,3000,3000,3000,3000,3000,3000,3000,3000,3000,3000,3000,3000,3000,3000,3000,3000,3000,3000,3000,3000,3000,3000,3000,3000,3000,3000,3000,3000,3000,3000,3000,3000,3000,3000,3000,3000,3000,3000,3000,3000,3000,3000,3000,3000,3000,3000,3000,3000,3000,3000,3000,3000,3000,3000,3000,3000,3000,3000,3000,3000,3000,3000,3000,3000,3000,3000,3000,3000,3000,3000,3000,3000,3000,3000,3000,3000,3000,3000,3000,3000,3000,3000,3000,3000,3000,3000,3000,3000,3000,3000,3000,3000,3000,3000,3000,3000,3000,3000,3000,3000,3000,3000,3000,3000,3000,3000,3000,3000,3000,3000,3000,3000,3000,3000,3000,3000,3000,3000,3000,3000,3000,3000,3000,3000,3000,3000,3000,3000,3000,3000,3000,3000,3000
3000,3000,3000,3000,3000,3000,3000,3000,3000,3000,3000,3000,3000,3000,3000,3000,3000,3000,3000,3000,3000,3000,3000,3000,3000,3000,3000,3000,3000,3000,3000,3000,3000,3000,3000,3000,3000,3000,3000,3000,3000,3000,3000,3000,3000,3000,3000,3000,3000,3000,3000,3000,3000,3000,3000,3000,3000,3000,3000,3000,3000,3000,3000,3000,3000,3000,3000,3000,3000,3000,3000,3000,3000,3000,3000,3000,3000,3000,3000,3000,3000,3000,3000,3000,3000,3000,3000,3000,3000,3000,3000,3000,3000,3000,3000,3000,3000,3000,3000,3000,3000,3000,3000,3000,3000,3000,3000,3000,3000,3000,3000,3000,3000,3000,3000,3000,3000,3000,3000,3000,3000,3000,3000,3000,3000,3000,3000,3000,3000,3000,3000,3000,3000,3000,3000,3000,3000,3000,3000,3000,3000,3000,3000,3000,3000,3000,3000,3000,3000,3000,3000,3000,3000,3000,3000,3000,3000,3000,3000,3000
3000,3000,3000,3000,3000,3000,3000,3000,3000,3000,3000,3000,3000,3000,3000,3000,3000,3000,3000,3000,3000,3000,3000,3000,3000,3000,3000,3000,3000,3000,3000,3000,3000,3000,3000,3000,3000,3000,3000,3000,3000,3000,3000,3000,3000,3000,3000,3000,3000,3000,3000,3000,3000,3000,3000,3000,3000,3000,3000,3000,3000,3000,3000,3000,3000,3000,3000,3000,3000,3000,3000,3000,3000,3000,3000,3000,3000,3000,3000,3000,3000,3000,3000,3000,3000,3000,3000,3000,3000,3000,3000,3000,3000,3000,3000,3000,3000,3000,3000,3000,3000,3000,3000,3000,3000,3000,3000,3000,3000,3000,3000,3000,3000,3000,3000,3000,3000,3000,3000,3000,3000,3000,3000,3000,3000,3000,3000,3000,3000,3000,3000,3000,3000,3000,3000,3000,3000,3000,3000,3000,3000,3000,3000,3000,3000,3000,3000,3000,3000,3000,3000,3000,3000,3000,3000,3000,3000,3000,3000,3000
3000,3000,3000,3000,3000,3000,3000,3000,3000,3000,3000,3000,3000,3000,3000,3000,3000,3000,3000,3000,3000,3000,3000,3000,3000,3000,3000,3000,3000,3000,3000,3000,3000,3000,3000,3000,3000,3000,3000,3000,3000,3000,3000,3000,3000,3000,3000,3000,3000,3000,3000,3000,3000,3000,3000,3000,3000,3000,3000,3000,3000,3000,3000,3000,3000,3000,3000,3000,3000,3000,3000,3000,3000,3000,3000,3000,3000,3000,3000,3000,3000,3000,3000,3000,3000,3000,3000,3000,3000,3000,3000,3000,3000,3000,3000,3000,3000,3000,3000,3000,3000,3000,3000,3000,3000,3000,3000,3000,3000,3000,3000,3000,3000,3000,3000,3000,3000,3000,3000,3000,3000,3000,3000,3000,3000,3000,3000,3000,3000,3000,3000,3000,3000,3000,3000,3000,3000,3000,3000,3000,3000,3000,3000,3000,3000,3000,3000,3000,3000,3000,3000,3000,3000,3000,3000,3000,3000,3000,3000,3000
3000,3000,3000,3000,3000,3000,3000,3000,3000,3000,3000,3000,3000,3000,3000,3000,3000,3000,3000,3000,3000,3000,3000,3000,3000,3000,3000,3000,3000,3000,3000,3000,3000,3000,3000,3000,3000,3000,3000,3000,3000,3000,3000,3000,3000,3000,3000,3000,3000,3000,3000,3000,3000,3000,3000,3000,3000,3000,3000,3000,3000,3000,3000,3000,3000,3000,3000,3000,3000,3000,3000,3000,3000,3000,3000,3000,3000,3000,3000,3000,3000,3000,3000,3000,3000,3000,3000,3000,3000,3000,3000,3000,3000,3000,3000,3000,3000,3000,3000,3000,3000,3000,3000,3000,3000,3000,3000,3000,3000,3000,3000,3000,3000,3000,3000,3000,3000,3000,3000,3000,3000,3000,3000,3000,3000,3000,3000,3000,3000,3000,3000,3000,3000,3000,3000,3000,3000,3000,3000,3000,3000,3000,3000,3000,3000,3000,3000,3000,3000,3000,3000,3000,3000,3000,3000,3000,3000,3000,3000,3000
3000,3000,3000,3000,3000,3000,3000,3000,3000,3000,3000,3000,3000,3000,3000,3000,3000,3000,3000,3000,3000,3000,3000,3000,3000,3000,3000,3000,3000,3000,3000,3000,3000,3000,3000,3000,3000,3000,3000,3000,3000,3000,3000,3000,3000,3000,3000,3000,3000,3000,3000,3000,3000,3000,3000,3000,3000,3000,3000,3000,3000,3000,3000,3000,3000,3000,3000,3000,3000,3000,3000,3000,3000,3000,3000,3000,3000,3000,3000,3000,3000,3000,3000,3000,3000,3000,3000,3000,3000,3000,3000,3000,3000,3000,3000,3000,3000,3000,3000,3000,3000,3000,3000,3000,3000,3000,3000,3000,3000,3000,3000,3000,3000,3000,3000,3000,3000,3000,3000,3000,3000,3000,3000,3000,3000,3000,3000,3000,3000,3000,3000,3000,3000,3000,3000,3000,3000,3000,3000,3000,3000,3000,3000,3000,3000,3000,3000,3000,3000,3000,3000,3000,3000,3000,3000,3000,3000,3000,3000,3000
3000,3000,3000,3000,3000,3000,3000,3000,3000,3000,3000,3000,3000,3000,3000,3000,3000,3000,3000,3000,3000,3000,3000,3000,3000,3000,3000,3000,3000,3000,3000,3000,3000,3000,3000,3000,3000,3000,3000,3000,3000,3000,3000,3000,3000,3000,3000,3000,3000,3000,3000,3000,3000,3000,3000,3000,3000,3000,3000,3000,3000,3000,3000,3000,3000,3000,3000,3000,3000,3000,3000,3000,3000,3000,3000,3000,3000,3000,3000,3000,3000,3000,3000,3000,3000,3000,3000,3000,3000,3000,3000,3000,3000,3000,3000,3000,3000,3000,3000,3000,3000,3000,3000,3000,3000,3000,3000,3000,3000,3000,3000,3000,3000,3000,3000,3000,3000,3000,3000,3000,3000,3000,3000,3000,3000,3000,3000,3000,3000,3000,3000,3000,3000,3000,3000,3000,3000,3000,3000,3000,3000,3000,3000,3000,3000,3000,3000,3000,3000,3000,3000,3000,3000,3000,3000,3000,3000,3000,3000,3000
3000,3000,3000,3000,3000,3000,3000,3000,3000,3000,3000,3000,3000,3000,3000,3000,3000,3000,3000,3000,3000,3000,3000,3000,3000,3000,3000,3000,3000,3000,3000,3000,3000,3000,3000,3000,3000,3000,3000,3000,3000,3000,3000,3000,3000,3000,3000,3000,3000,3000,3000,3000,3000,3000,3000,3000,3000,3000,3000,3000,3000,3000,3000,3000,3000,3000,3000,3000,3000,3000,3000,3000,3000,3000,3000,3000,3000,3000,3000,3000,3000,3000,3000,3000,3000,3000,3000,3000,3000,3000,3000,3000,3000,3000,3000,3000,3000,3000,3000,3000,3000,3000,3000,3000,3000,3000,3000,3000,3000,3000,3000,3000,3000,3000,3000,3000,3000,3000,3000,3000,3000,3000,3000,3000,3000,3000,3000,3000,3000,3000,3000,3000,3000,3000,3000,3000,3000,3000,3000,3000,3000,3000,3000,3000,3000,3000,3000,3000,3000,3000,3000,3000,3000,3000,3000,3000,3000,3000,3000,3000
3000,3000,3000,3000,3000,3000,3000,3000,3000,3000,3000,3000,3000,3000,3000,3000,3000,3000,3000,3000,3000,3000,3000,3000,3000,3000,3000,3000,3000,3000,3000,3000,3000,3000,3000,3000,3000,3000,3000,3000,3000,3000,3000,3000,3000,3000,3000,3000,3000,3000,3000,3000,3000,3000,3000,3000,3000,3000,3000,3000,3000,3000,3000,3000,3000,3000,3000,3000,3000,3000,3000,3000,3000,3000,3000,3000,3000,3000,3000,3000,3000,3000,3000,3000,3000,3000,3000,3000,3000,3000,3000,3000,3000,3000,3000,3000,3000,3000,3000,3000,3000,3000,3000,3000,3000,3000,3000,3000,3000,3000,3000,3000,3000,3000,3000,3000,3000,3000,3000,3000,3000,3000,3000,3000,3000,3000,3000,3000,3000,3000,3000,3000,3000,3000,3000,3000,3000,3000,3000,3000,3000,3000,3000,3000,3000,3000,3000,3000,3000,3000,3000,3000,3000,3000,3000,3000,3000,3000,3000,3000
3000,3000,3000,3000,3000,3000,3000,3000,3000,3000,3000,3000,3000,3000,3000,3000,3000,3000,3000,3000,3000,3000,3000,3000,3000,3000,3000,3000,3000,3000,3000,3000,3000,3000,3000,3000,3000,3000,3000,3000,3000,3000,3000,3000,3000,3000,3000,3000,3000,3000,3000,3000,3000,3000,3000,3000,3000,3000,3000,3000,3000,3000,3000,3000,3000,3000,3000,3000,3000,3000,3000,3000,3000,3000,3000,3000,3000,3000,3000,3000,3000,3000,3000,3000,3000,3000,3000,3000,3000,3000,3000,3000,3000,3000,3000,3000,3000,3000,3000,3000,3000,3000,3000,3000,3000,3000,3000,3000,3000,3000,3000,3000,3000,3000,3000,3000,3000,3000,3000,3000,3000,3000,3000,3000,3000,3000,3000,3000,3000,3000,3000,3000,3000,3000,3000,3000,3000,3000,3000,3000,3000,3000,3000,3000,3000,3000,3000,3000,3000,3000,3000,3000,3000,3000,3000,3000,3000,3000,3000,3000
3000,3000,3000,3000,3000,3000,3000,3000,3000,3000,3000,3000,3000,3000,3000,3000,3000,3000,3000,3000,3000,3000,3000,3000,3000,3000,3000,3000,3000,3000,3000,3000,3000,3000,3000,3000,3000,3000,3000,3000,3000,3000,3000,3000,3000,3000,3000,3000,3000,3000,3000,3000,3000,3000,3000,3000,3000,3000,3000,3000,3000,3000,3000,3000,3000,3000,3000,3000,3000,3000,3000,3000,3000,3000,3000,3000,3000,3000,3000,3000,3000,3000,3000,3000,3000,3000,3000,3000,3000,3000,3000,3000,3000,3000,3000,3000,3000,3000,3000,3000,3000,3000,3000,3000,3000,3000,3000,3000,3000,3000,3000,3000,3000,3000,3000,3000,3000,3000,3000,3000,3000,3000,3000,3000,3000,3000,3000,3000,3000,3000,3000,3000,3000,3000,3000,3000,3000,3000,3000,3000,3000,3000,3000,3000,3000,3000,3000,3000,3000,3000,3000,3000,3000,3000,3000,3000,3000,3000,3000,3000
3000,3000,3000,3000,3000,3000,3000,3000,3000,3000,3000,3000,3000,3000,3000,3000,3000,3000,3000,3000,3000,3000,3000,3000,3000,3000,3000,3000,3000,3000,3000,3000,3000,3000,3000,3000,3000,3000,3000,3000,3000,3000,3000,3000,3000,3000,3000,3000,3000,3000,3000,3000,3000,3000,3000,3000,3000,3000,3000,3000,3000,3000,3000,3000,3000,3000,3000,3000,3000,3000,3000,3000,3000,3000,3000,3000,3000,3000,3000,3000,3000,3000,3000,3000,3000,3000,3000,3000,3000,3000,3000,3000,3000,3000,3000,3000,3000,3000,3000,3000,3000,3000,3000,3000,3000,3000,3000,3000,3000,3000,3000,3000,3000,3000,3000,3000,3000,3000,3000,3000,3000,3000,3000,3000,3000,3000,3000,3000,3000,3000,3000,3000,3000,3000,3000,3000,3000,3000,3000,3000,3000,3000,3000,3000,3000,3000,3000,3000,3000,3000,3000,3000,3000,3000,3000,3000,3000,3000,3000,3000
3000,3000,3000,3000,3000,3000,3000,3000,3000,3000,3000,3000,3000,3000,3000,3000,3000,3000,3000,3000,3000,3000,3000,3000,3000,3000,3000,3000,3000,3000,3000,3000,3000,3000,3000,3000,3000,3000,3000,3000,3000,3000,3000,3000,3000,3000,3000,3000,3000,3000,3000,3000,3000,3000,3000,3000,3000,3000,3000,3000,3000,3000,3000,3000,3000,3000,3000,3000,3000,3000,3000,3000,3000,3000,3000,3000,3000,3000,3000,3000,3000,3000,3000,3000,3000,3000,3000,3000,3000,3000,3000,3000,3000,3000,3000,3000,3000,3000,3000,3000,3000,3000,3000,3000,3000,3000,3000,3000,3000,3000,3000,3000,3000,3000,3000,3000,3000,3000,3000,3000,3000,3000,3000,3000,3000,3000,3000,3000,3000,3000,3000,3000,3000,3000,3000,3000,3000,3000,3000,3000,3000,3000,3000,3000,3000,3000,3000,3000,3000,3000,3000,3000,3000,3000,3000,3000,3000,3000,3000,3000
3000,3000,3000,3000,3000,3000,3000,3000,3000,3000,3000,3000,3000,3000,3000,3000,3000,3000,3000,3000,3000,3000,3000,3000,3000,3000,3000,3000,3000,3000,3000,3000,3000,3000,3000,3000,3000,3000,3000,3000,3000,3000,3000,3000,3000,3000,3000,3000,3000,3000,3000,3000,3000,3000,3000,3000,3000,3000,3000,3000,3000,3000,3000,3000,3000,3000,3000,3000,3000,3000,3000,3000,3000,3000,3000,3000,3000,3000,3000,3000,3000,3000,3000,3000,3000,3000,3000,3000,3000,3000,3000,3000,3000,3000,3000,3000,3000,3000,3000,3000,3000,3000,3000,3000,3000,3000,3000,3000,3000,3000,3000,3000,3000,3000,3000,3000,3000,3000,3000,3000,3000,3000,3000,3000,3000,3000,3000,3000,3000,3000,3000,3000,3000,3000,3000,3000,3000,3000,3000,3000,3000,3000,3000,3000,3000,3000,3000,3000,3000,3000,3000,3000,3000,3000,3000,3000,3000,3000,3000,3000
3000,3000,3000,3000,3000,3000,3000,3000,3000,3000,3000,3000,3000,3000,3000,3000,3000,3000,3000,3000,3000,3000,3000,3000,3000,3000,3000,3000,3000,3000,3000,3000,3000,3000,3000,3000,3000,3000,3000,3000,3000,3000,3000,3000,3000,3000,3000,3000,3000,3000,3000,3000,3000,3000,3000,3000,3000,3000,3000,3000,3000,3000,3000,3000,3000,3000,3000,3000,3000,3000,3000,3000,3000,3000,3000,3000,3000,3000,3000,3000,3000,3000,3000,3000,3000,3000,3000,3000,3000,3000,3000,3000,3000,3000,3000,3000,3000,3000,3000,3000,3000,3000,3000,3000,3000,3000,3000,3000,3000,3000,3000,3000,3000,3000,3000,3000,3000,3000,3000,3000,3000,3000,3000,3000,3000,3000,3000,3000,3000,3000,3000,3000,3000,3000,3000,3000,3000,3000,3000,3000,3000,3000,3000,3000,3000,3000,3000,3000,3000,3000,3000,3000,3000,3000,3000,3000,3000,3000,3000,3000
3000,3000,3000,3000,3000,3000,3000,3000,3000,3000,3000,3000,3000,3000,3000,3000,3000,3000,3000,3000,3000,3000,3000,3000,3000,3000,3000,3000,3000,3000,3000,3000,3000,3000,3000,3000,3000,3000,3000,3000,3000,3000,3000,3000,3000,3000,3000,3000,3000,3000,3000,3000,3000,3000,3000,3000,3000,3000,3000,3000,3000,3000,3000,3000,3000,3000,3000,3000,3000,3000,3000,3000,3000,3000,3000,3000,3000,3000,3000,3000,3000,3000,3000,3000,3000,3000,3000,3000,3000,3000,3000,3000,3000,3000,3000,3000,3000,3000,3000,3000,3000,3000,3000,3000,3000,3000,3000,3000,3000,3000,3000,3000,3000,3000,3000,3000,3000,3000,3000,3000,3000,3000,3000,3000,3000,3000,3000,3000,3000,3000,3000,3000,3000,3000,3000,3000,3000,3000,3000,3000,3000,3000,3000,3000,3000,3000,3000,3000,3000,3000,3000,3000,3000,3000,3000,3000,3000,3000,3000,3000
3000,3000,3000,3000,3000,3000,3000,3000,3000,3000,3000,3000,3000,3000,3000,3000,3000,3000,3000,3000,3000,3000,3000,3000,3000,3000,3000,3000,3000,3000,3000,3000,3000,3000,3000,3000,3000,3000,3000,3000,3000,3000,3000,3000,3000,3000,3000,3000,3000,3000,3000,3000,3000,3000,3000,3000,3000,3000,3000,3000,3000,3000,3000,3000,3000,3000,3000,3000,3000,3000,3000,3000,3000,3000,3000,3000,3000,3000,3000,3000,3000,3000,3000,3000,3000,3000,3000,3000,3000,3000,3000,3000,3000,3000,3000,3000,3000,3000,3000,3000,3000,3000,3000,3000,3000,3000,3000,3000,3000,3000,3000,3000,3000,3000,3000,3000,3000,3000,3000,3000,3000,3000,3000,3000,3000,3000,3000,3000,3000,3000,3000,3000,3000,3000,3000,3000,3000,3000,3000,3000,3000,3000,3000,3000,3000,3000,3000,3000,3000,3000,3000,3000,3000,3000,3000,3000,3000,3000,3000,3000
3000,3000,3000,3000,3000,3000,3000,3000,3000,3000,3000,3000,3000,3000,3000,3000,3000,3000,3000,3000,3000,3000,3000,3000,3000,3000,3000,3000,3000,3000,3000,3000,3000,3000,3000,3000,3000,3000,3000,3000,3000,3000,3000,3000,3000,3000,3000,3000,3000,3000,3000,3000,3000,3000,3000,3000,3000,3000,3000,3000,3000,3000,3000,3000,3000,3000,3000,3000,3000,3000,3000,3000,3000,3000,3000,3000,3000,3000,3000,3000,3000,3000,3000,3000,3000,3000,3000,3000,3000,3000,3000,3000,3000,3000,3000,3000,3000,3000,3000,3000,3000,3000,3000,3000,3000,3000,3000,3000,3000,3000,3000,3000,3000,3000,3000,3000,3000,3000,3000,3000,3000,3000,3000,3000,3000,3000,3000,3000,3000,3000,3000,3000,3000,3000,3000,3000,3000,3000,3000,3000,3000,3000,3000,3000,3000,3000,3000,3000,3000,3000,3000,3000,3000,3000,3000,3000,3000,3000,3000,3000
3000,3000,3000,3000,3000,3000,3000,3000,3000,3000,3000,3000,3000,3000,3000,3000,3000,3000,3000,3000,3000,3000,3000,3000,3000,3000,3000,3000,3000,3000,3000,3000,3000,3000,3000,3000,3000,3000,3000,3000,3000,3000,3000,3000,3000,3000,3000,3000,3000,3000,3000,3000,3000,3000,3000,3000,3000,3000,3000,3000,3000,3000,3000,3000,3000,3000,3000,3000,3000,3000,3000,3000,3000,3000,3000,3000,3000,3000,3000,3000,3000,3000,3000,3000,3000,3000,3000,3000,3000,3000,3000,3000,3000,3000,3000,3000,3000,3000,3000,3000,3000,3000,3000,3000,3000,3000,3000,3000,3000,3000,3000,3000,3000,3000,3000,3000,3000,3000,3000,3000,3000,3000,3000,3000,3000,3000,3000,3000,3000,3000,3000,3000,3000,3000,3000,3000,3000,3000,3000,3000,3000,3000,3000,3000,3000,3000,3000,3000,3000,3000,3000,3000,3000,3000,3000,3000,3000,3000,3000,3000
3000,3000,3000,3000,3000,3000,3000,3000,3000,3000,3000,3000,3000,3000,3000,3000,3000,3000,3000,3000,3000,3000,3000,3000,3000,3000,3000,3000,3000,3000,3000,3000,3000,3000,3000,3000,3000,3000,3000,3000,3000,3000,3000,3000,3000,3000,3000,3000,3000,3000,3000,3000,3000,3000,3000,3000,3000,3000,3000,3000,3000,3000,3000,3000,3000,3000,3000,3000,3000,3000,3000,3000,3000,3000,3000,3000,3000,3000,3000,3000,3000,3000,3000,3000,3000,3000,3000,3000,3000,3000,3000,3000,3000,3000,3000,3000,3000,3000,3000,3000,3000,3000,3000,3000,3000,3000,3000,3000,3000,3000,3000,3000,3000,3000,3000,3000,3000,3000,3000,3000,3000,3000,3000,3000,3000,3000,3000,3000,3000,3000,3000,3000,3000,3000,3000,3000,3000,3000,3000,3000,3000,3000,3000,3000,3000,3000,3000,3000,3000,3000,3000,3000,3000,3000,3000,3000,3000,3000,3000,3000
3000,3000,3000,3000,3000,3000,3000,3000,3000,3000,3000,3000,3000,3000,3000,3000,3000,3000,3000,3000,3000,3000,3000,3000,3000,3000,3000,3000,3000,3000,3000,3000,3000,3000,3000,3000,3000,3000,3000,3000,3000,3000,3000,3000,3000,3000,3000,3000,3000,3000,3000,3000,3000,3000,3000,3000,3000,3000,3000,3000,3000,3000,3000,3000,3000,3000,3000,3000,3000,3000,3000,3000,3000,3000,3000,3000,3000,3000,3000,3000,3000,3000,3000,3000,3000,3000,3000,3000,3000,3000,3000,3000,3000,3000,3000,3000,3000,3000,3000,3000,3000,3000,3000,3000,3000,3000,3000,3000,3000,3000,3000,3000,3000,3000,3000,3000,3000,3000,3000,3000,3000,3000,3000,3000,3000,3000,3000,3000,3000,3000,3000,3000,3000,3000,3000,3000,3000,3000,3000,3000,3000,3000,3000,3000,3000,3000,3000,3000,3000,3000,3000,3000,3000,3000,3000,3000,3000,3000,3000,3000
3000,3000,3000,3000,3000,3000,3000,3000,3000,3000,3000,3000,3000,3000,3000,3000,3000,3000,3000,3000,3000,3000,3000,3000,3000,3000,3000,3000,3000,3000,3000,3000,3000,3000,3000,3000,3000,3000,3000,3000,3000,3000,3000,3000,3000,3000,3000,3000,3000,3000,3000,3000,3000,3000,3000,3000,3000,3000,3000,3000,3000,3000,3000,3000,3000,3000,3000,3000,3000,3000,3000,3000,3000,3000,3000,3000,3000,3000,3000,3000,3000,3000,3000,3000,3000,3000,3000,3000,3000,3000,3000,3000,3000,3000,3000,3000,3000,3000,3000,3000,3000,3000,3000,3000,3000,3000,3000,3000,3000,3000,3000,3000,3000,3000,3000,3000,3000,3000,3000,3000,3000,3000,3000,3000,3000,3000,3000,3000,3000,3000,3000,3000,3000,3000,3000,3000,3000,3000,3000,3000,3000,3000,3000,3000,3000,3000,3000,3000,3000,3000,3000,3000,3000,3000,3000,3000,3000,3000,3000,3000
3000,3000,3000,3000,3000,3000,3000,3000,3000,3000,3000,3000,3000,3000,3000,3000,3000,3000,3000,3000,3000,3000,3000,3000,3000,3000,3000,3000,3000,3000,3000,3000,3000,3000,3000,3000,3000,3000,3000,3000,3000,3000,3000,3000,3000,3000,3000,3000,3000,3000,3000,3000,3000,3000,3000,3000,3000,3000,3000,3000,3000,3000,3000,3000,3000,3000,3000,3000,3000,3000,3000,3000,3000,3000,3000,3000,3000,3000,3000,3000,3000,3000,3000,3000,3000,3000,3000,3000,3000,3000,3000,3000,3000,3000,3000,3000,3000,3000,3000,3000,3000,3000,3000,3000,3000,3000,3000,3000,3000,3000,3000,3000,3000,3000,3000,3000,3000,3000,3000,3000,3000,3000,3000,3000,3000,3000,3000,3000,3000,3000,3000,3000,3000,3000,3000,3000,3000,3000,3000,3000,3000,3000,3000,3000,3000,3000,3000,3000,3000,3000,3000,3000,3000,3000,3000,3000,3000,3000,3000,3000
3000,3000,3000,3000,3000,3000,3000,3000,3000,3000,3000,3000,3000,3000,3000,3000,3000,3000,3000,3000,3000,3000,3000,3000,3000,3000,3000,3000,3000,3000,3000,3000,3000,3000,3000,3000,3000,3000,3000,3000,3000,3000,3000,3000,3000,3000,3000,3000,3000,3000,3000,3000,3000,3000,3000,3000,3000,3000,3000,3000,3000,3000,3000,3000,3000,3000,3000,3000,3000,3000,3000,3000,3000,3000,3000,3000,3000,3000,3000,3000,3000,3000,3000,3000,3000,3000,3000,3000,3000,3000,3000,3000,3000,3000,3000,3000,3000,3000,3000,3000,3000,3000,3000,3000,3000,3000,3000,3000,3000,3000,3000,3000,3000,3000,3000,3000,3000,3000,3000,3000,3000,3000,3000,3000,3000,3000,3000,3000,3000,3000,3000,3000,3000,3000,3000,3000,3000,3000,3000,3000,3000,3000,3000,3000,3000,3000,3000,3000,3000,3000,3000,3000,3000,3000,3000,3000,3000,3000,3000,3000
3000,3000,3000,3000,3000,3000,3000,3000,3000,3000,3000,3000,3000,3000,3000,3000,3000,3000,3000,3000,3000,3000,3000,3000,3000,3000,3000,3000,3000,3000,3000,3000,3000,3000,3000,3000,3000,3000,3000,3000,3000,3000,3000,3000,3000,3000,3000,3000,3000,3000,3000,3000,3000,3000,3000,3000,3000,3000,3000,3000,3000,3000,3000,3000,3000,3000,3000,3000,3000,3000,3000,3000,3000,3000,3000,3000,3000,3000,3000,3000,3000,3000,3000,3000,3000,3000,3000,3000,3000,3000,3000,3000,3000,3000,3000,3000,3000,3000,3000,3000,3000,3000,3000,3000,3000,3000,3000,3000,3000,3000,3000,3000,3000,3000,3000,3000,3000,3000,3000,3000,3000,3000,3000,3000,3000,3000,3000,3000,3000,3000,3000,3000,3000,3000,3000,3000,3000,3000,3000,3000,3000,3000,3000,3000,3000,3000,3000,3000,3000,3000,3000,3000,3000,3000,3000,3000,3000,3000,3000,3000
3000,3000,3000,3000,3000,3000,3000,3000,3000,3000,3000,3000,3000,3000,3000,3000,3000,3000,3000,3000,3000,3000,3000,3000,3000,3000,3000,3000,3000,3000,3000,3000,3000,3000,3000,3000,3000,3000,3000,3000,3000,3000,3000,3000,3000,3000,3000,3000,3000,3000,3000,3000,3000,3000,3000,3000,3000,3000,3000,3000,3000,3000,3000,3000,3000,3000,3000,3000,3000,3000,3000,3000,3000,3000,3000,3000,3000,3000,3000,3000,3000,3000,3000,3000,3000,3000,3000,3000,3000,3000,3000,3000,3000,3000,3000,3000,3000,3000,3000,3000,3000,3000,3000,3000,3000,3000,3000,3000,3000,3000,3000,3000,3000,3000,3000,3000,3000,3000,3000,3000,3000,3000,3000,3000,3000,3000,3000,3000,3000,3000,3000,3000,3000,3000,3000,3000,3000,3000,3000,3000,3000,3000,3000,3000,3000,3000,3000,3000,3000,3000,3000,3000,3000,3000,3000,3000,3000,3000,3000,3000
3000,3000,3000,3000,3000,3000,3000,3000,3000,3000,3000,3000,3000,3000,3000,3000,3000,3000,3000,3000,3000,3000,3000,3000,3000,3000,3000,3000,3000,3000,3000,3000,3000,3000,3000,3000,3000,3000,3000,3000,3000,3000,3000,3000,3000,3000,3000,3000,3000,3000,3000,3000,3000,3000,3000,3000,3000,3000,3000,3000,3000,3000,3000,3000,3000,3000,3000,3000,3000,3000,3000,3000,3000,3000,3000,3000,3000,3000,3000,3000,3000,3000,3000,3000,3000,3000,3000,3000,3000,3000,3000,3000,3000,3000,3000,3000,3000,3000,3000,3000,3000,3000,3000,3000,3000,3000,3000,3000,3000,3000,3000,3000,3000,3000,3000,3000,3000,3000,3000,3000,3000,3000,3000,3000,3000,3000,3000,3000,3000,3000,3000,3000,3000,3000,3000,3000,3000,3000,3000,3000,3000,3000,3000,3000,3000,3000,3000,3000,3000,3000,3000,3000,3000,3000,3000,3000,3000,3000,3000,3000
3000,3000,3000,3000,3000,3000,3000,3000,3000,3000,3000,3000,3000,3000,3000,3000,3000,3000,3000,3000,3000,3000,3000,3000,3000,3000,3000,3000,3000,3000,3000,3000,3000,3000,3000,3000,3000,3000,3000,3000,3000,3000,3000,3000,3000,3000,3000,3000,3000,3000,3000,3000,3000,3000,3000,3000,3000,3000,3000,3000,3000,3000,3000,3000,3000,3000,3000,3000,3000,3000,3000,3000,3000,3000,3000,3000,3000,3000,3000,3000,3000,3000,3000,3000,3000,3000,3000,3000,3000,3000,3000,3000,3000,3000,3000,3000,3000,3000,3000,3000,3000,3000,3000,3000,3000,3000,3000,3000,3000,3000,3000,3000,3000,3000,3000,3000,3000,3000,3000,3000,3000,3000,3000,3000,3000,3000,3000,3000,3000,3000,3000,3000,3000,3000,3000,3000,3000,3000,3000,3000,3000,3000,3000,3000,3000,3000,3000,3000,3000,3000,3000,3000,3000,3000,3000,3000,3000,3000,3000,3000
3000,3000,3000,3000,3000,3000,3000,3000,3000,3000,3000,3000,3000,3000,3000,3000,3000,3000,3000,3000,3000,3000,3000,3000,3000,3000,3000,3000,3000,3000,3000,3000,3000,3000,3000,3000,3000,3000,3000,3000,3000,3000,3000,3000,3000,3000,3000,3000,3000,3000,3000,3000,3000,3000,3000,3000,3000,3000,3000,3000,3000,3000,3000,3000,3000,3000,3000,3000,3000,3000,3000,3000,3000,3000,3000,3000,3000,3000,3000,3000,3000,3000,3000,3000,3000,3000,3000,3000,3000,3000,3000,3000,3000,3000,3000,3000,3000,3000,3000,3000,3000,3000,3000,3000,3000,3000,3000,3000,3000,3000,3000,3000,3000,3000,3000,3000,3000,3000,3000,3000,3000,3000,3000,3000,3000,3000,3000,3000,3000,3000,3000,3000,3000,3000,3000,3000,3000,3000,3000,3000,3000,3000,3000,3000,3000,3000,3000,3000,3000,3000,3000,3000,3000,3000,3000,3000,3000,3000,3000,3000
3000,3000,3000,3000,3000,3000,3000,3000,3000,3000,3000,3000,3000,3000,3000,3000,3000,3000,3000,3000,3000,3000,3000,3000,3000,3000,3000,3000,3000,3000,3000,3000,3000,3000,3000,3000,3000,3000,3000,3000,3000,3000,3000,3000,3000,3000,3000,3000,3000,3000,3000,3000,3000,3000,3000,3000,3000,3000,3000,3000,3000,3000,3000,3000,3000,3000,3000,3000,3000,3000,3000,3000,3000,3000,3000,3000,3000,3000,3000,3000,3000,3000,3000,3000,3000,3000,3000,3000,3000,3000,3000,3000,3000,3000,3000,3000,3000,3000,3000,3000,3000,3000,3000,3000,3000,3000,3000,3000,3000,3000,3000,3000,3000,3000,3000,3000,3000,3000,3000,3000,3000,3000,3000,3000,3000,3000,3000,3000,3000,3000,3000,3000,3000,3000,3000,3000,3000,3000,3000,3000,3000,3000,3000,3000,3000,3000,3000,3000,3000,3000,3000,3000,3000,3000,3000,3000,3000,3000,3000,3000
3000,3000,3000,3000,3000,3000,3000,3000,3000,3000,3000,3000,3000,3000,3000,3000,3000,3000,3000,3000,3000,3000,3000,3000,3000,3000,3000,3000,3000,3000,3000,3000,3000,3000,3000,3000,3000,3000,3000,3000,3000,3000,3000,3000,3000,3000,3000,3000,3000,3000,3000,3000,3000,3000,3000,3000,3000,3000,3000,3000,3000,3000,3000,3000,3000,3000,3000,3000,3000,3000,3000,3000,3000,3000,3000,3000,3000,3000,3000,3000,3000,3000,3000,3000,3000,3000,3000,3000,3000,3000,3000,3000,3000,3000,3000,3000,3000,3000,3000,3000,3000,3000,3000,3000,3000,3000,3000,3000,3000,3000,3000,3000,3000,3000,3000,3000,3000,3000,3000,3000,3000,3000,3000,3000,3000,3000,3000,3000,3000,3000,3000,3000,3000,3000,3000,3000,3000,3000,3000,3000,3000,3000,3000,3000,3000,3000,3000,3000,3000,3000,3000,3000,3000,3000,3000,3000,3000,3000,3000,3000
3000,3000,3000,3000,3000,3000,3000,3000,3000,3000,3000,3000,3000,3000,3000,3000,3000,3000,3000,3000,3000,3000,3000,3000,3000,3000,3000,3000,3000,3000,3000,3000,3000,3000,3000,3000,3000,3000,3000,3000,3000,3000,3000,3000,3000,3000,3000,3000,3000,3000,3000,3000,3000,3000,3000,3000,3000,3000,3000,3000,3000,3000,3000,3000,3000,3000,3000,3000,3000,3000,3000,3000,3000,3000,3000,3000,3000,3000,3000,3000,3000,3000,3000,3000,3000,3000,3000,3000,3000,3000,3000,3000,3000,3000,3000,3000,3000,3000,3000,3000,3000,3000,3000,3000,3000,3000,3000,3000,3000,3000,3000,3000,3000,3000,3000,3000,3000,3000,3000,3000,3000,3000,3000,3000,3000,3000,3000,3000,3000,3000,3000,3000,3000,3000,3000,3000,3000,3000,3000,3000,3000,3000,3000,3000,3000,3000,3000,3000,3000,3000,3000,3000,3000,3000,3000,3000,3000,3000,3000,3000
3000,3000,3000,3000,3000,3000,3000,3000,3000,3000,3000,3000,3000,3000,3000,3000,3000,3000,3000,3000,3000,3000,3000,3000,3000,3000,3000,3000,3000,3000,3000,3000,3000,3000,3000,3000,3000,3000,3000,3000,3000,3000,3000,3000,3000,3000,3000,3000,3000,3000,3000,3000,3000,3000,3000,3000,3000,3000,3000,3000,3000,3000,3000,3000,3000,3000,3000,3000,3000,3000,3000,3000,3000,3000,3000,3000,3000,3000,3000,3000,3000,3000,3000,3000,3000,3000,3000,3000,3000,3000,3000,3000,3000,3000,3000,3000,3000,3000,3000,3000,3000,3000,3000,3000,3000,3000,3000,3000,3000,3000,3000,3000,3000,3000,3000,3000,3000,3000,3000,3000,3000,3000,3000,3000,3000,3000,3000,3000,3000,3000,3000,3000,3000,3000,3000,3000,3000,3000,3000,3000,3000,3000,3000,3000,3000,3000,3000,3000,3000,3000,3000,3000,3000,3000,3000,3000,3000,3000,3000,3000
3000,3000,3000,3000,3000,3000,3000,3000,3000,3000,3000,3000,3000,3000,3000,3000,3000,3000,3000,3000,3000,3000,3000,3000,3000,3000,3000,3000,3000,3000,3000,3000,3000,3000,3000,3000,3000,3000,3000,3000,3000,3000,3000,3000,3000,3000,3000,3000,3000,3000,3000,3000,3000,3000,3000,3000,3000,3000,3000,3000,3000,3000,3000,3000,3000,3000,3000,3000,3000,3000,3000,3000,3000,3000,3000,3000,3000,3000,3000,3000,3000,3000,3000,3000,3000,3000,3000,3000,3000,3000,3000,3000,3000,3000,3000,3000,3000,3000,3000,3000,3000,3000,3000,3000,3000,3000,3000,3000,3000,3000,3000,3000,3000,3000,3000,3000,3000,3000,3000,3000,3000,3000,3000,3000,3000,3000,3000,3000,3000,3000,3000,3000,3000,3000,3000,3000,3000,3000,3000,3000,3000,3000,3000,3000,3000,3000,3000,3000,3000,3000,3000,3000,3000,3000,3000,3000,3000,3000,3000,3000
3000,3000,3000,3000,3000,3000,3000,3000,3000,3000,3000,3000,3000,3000,3000,3000,3000,3000,3000,3000,3000,3000,3000,3000,3000,3000,3000,3000,3000,3000,3000,3000,3000,3000,3000,3000,3000,3000,3000,3000,3000,3000,3000,3000,3000,3000,3000,3000,3000,3000,3000,3000,3000,3000,3000,3000,3000,3000,3000,3000,3000,3000,3000,3000,3000,3000,3000,3000,3000,3000,3000,3000,3000,3000,3000,3000,3000,3000,3000,3000,3000,3000,3000,3000,3000,3000,3000,3000,3000,3000,3000,3000,3000,3000,3000,3000,3000,3000,3000,3000,3000,3000,3000,3000,3000,3000,3000,3000,3000,3000,3000,3000,3000,3000,3000,3000,3000,3000,3000,3000,3000,3000,3000,3000,3000,3000,3000,3000,3000,3000,3000,3000,3000,3000,3000,3000,3000,3000,3000,3000,3000,3000,3000,3000,3000,3000,3000,3000,3000,3000,3000,3000,3000,3000,3000,3000,3000,3000,3000,3000
3000,3000,3000,3000,3000,3000,3000,3000,3000,3000,3000,3000,3000,3000,3000,3000,3000,3000,3000,3000,3000,3000,3000,3000,3000,3000,3000,3000,3000,3000,3000,3000,3000,3000,3000,3000,3000,3000,3000,3000,3000,3000,3000,3000,3000,3000,3000,3000,3000,3000,3000,3000,3000,3000,3000,3000,3000,3000,3000,3000,3000,3000,3000,3000,3000,3000,3000,3000,3000,3000,3000,3000,3000,3000,3000,3000,3000,3000,3000,3000,3000,3000,3000,3000,3000,3000,3000,3000,3000,3000,3000,3000,3000,3000,3000,3000,3000,3000,3000,3000,3000,3000,3000,3000,3000,3000,3000,3000,3000,3000,3000,3000,3000,3000,3000,3000,3000,3000,3000,3000,3000,3000,3000,3000,3000,3000,3000,3000,3000,3000,3000,3000,3000,3000,3000,3000,3000,3000,3000,3000,3000,3000,3000,3000,3000,3000,3000,3000,3000,3000,3000,3000,3000,3000,3000,3000,3000,3000,3000,3000
3000,3000,3000,3000,3000,3000,3000,3000,3000,3000,3000,3000,3000,3000,3000,3000,3000,3000,3000,3000,3000,3000,3000,3000,3000,3000,3000,3000,3000,3000,3000,3000,3000,3000,3000,3000,3000,3000,3000,3000,3000,3000,3000,3000,3000,3000,3000,3000,3000,3000,3000,3000,3000,3000,3000,3000,3000,3000,3000,3000,3000,3000,3000,3000,3000,3000,3000,3000,3000,3000,3000,3000,3000,3000,3000,3000,3000,3000,3000,3000,3000,3000,3000,3000,3000,3000,3000,3000,3000,3000,3000,3000,3000,3000,3000,3000,3000,3000,3000,3000,3000,3000,3000,3000,3000,3000,3000,3000,3000,3000,3000,3000,3000,3000,3000,3000,3000,3000,3000,3000,3000,3000,3000,3000,3000,3000,3000,3000,3000,3000,3000,3000,3000,3000,3000,3000,3000,3000,3000,3000,3000,3000,3000,3000,3000,3000,3000,3000,3000,3000,3000,3000,3000,3000,3000,3000,3000,3000,3000,3000
3000,3000,3000,3000,3000,3000,3000,3000,3000,3000,3000,3000,3000,3000,3000,3000,3000,3000,3000,3000,3000,3000,3000,3000,3000,3000,3000,3000,3000,3000,3000,3000,3000,3000,3000,3000,3000,3000,3000,3000,3000,3000,3000,3000,3000,3000,3000,3000,3000,3000,3000,3000,3000,3000,3000,3000,3000,3000,3000,3000,3000,3000,3000,3000,3000,3000,3000,3000,3000,3000,3000,3000,3000,3000,3000,3000,3000,3000,3000,3000,3000,3000,3000,3000,3000,3000,3000,3000,3000,3000,3000,3000,3000,3000,3000,3000,3000,3000,3000,3000,3000,3000,3000,3000,3000,3000,3000,3000,3000,3000,3000,3000,3000,3000,3000,3000,3000,3000,3000,3000,3000,3000,3000,3000,3000,3000,3000,3000,3000,3000,3000,3000,3000,3000,3000,3000,3000,3000,3000,3000,3000,3000,3000,3000,3000,3000,3000,3000,3000,3000,3000,3000,3000,3000,3000,3000,3000,3000,3000,3000
3000,3000,3000,3000,3000,3000,3000,3000,3000,3000,3000,3000,3000,3000,3000,3000,3000,3000,3000,3000,3000,3000,3000,3000,3000,3000,3000,3000,3000,3000,3000,3000,3000,3000,3000,3000,3000,3000,3000,3000,3000,3000,3000,3000,3000,3000,3000,3000,3000,3000,3000,3000,3000,3000,3000,3000,3000,3000,3000,3000,3000,3000,3000,3000,3000,3000,3000,3000,3000,3000,3000,3000,3000,3000,3000,3000,3000,3000,3000,3000,3000,3000,3000,3000,3000,3000,3000,3000,3000,3000,3000,3000,3000,3000,3000,3000,3000,3000,3000,3000,3000,3000,3000,3000,3000,3000,3000,3000,3000,3000,3000,3000,3000,3000,3000,3000,3000,3000,3000,3000,3000,3000,3000,3000,3000,3000,3000,3000,3000,3000,3000,3000,3000,3000,3000,3000,3000,3000,3000,3000,3000,3000,3000,3000,3000,3000,3000,3000,3000,3000,3000,3000,3000,3000,3000,3000,3000,3000,3000,3000
3000,3000,3000,3000,3000,3000,3000,3000,3000,3000,3000,3000,3000,3000,3000,3000,3000,3000,3000,3000,3000,3000,3000,3000,3000,3000,3000,3000,3000,3000,3000,3000,3000,3000,3000,3000,3000,3000,3000,3000,3000,3000,3000,3000,3000,3000,3000,3000,3000,3000,3000,3000,3000,3000,3000,3000,3000,3000,3000,3000,3000,3000,3000,3000,3000,3000,3000,3000,3000,3000,3000,3000,3000,3000,3000,3000,3000,3000,3000,3000,3000,3000,3000,3000,3000,3000,3000,3000,3000,3000,3000,3000,3000,3000,3000,3000,3000,3000,3000,3000,3000,3000,3000,3000,3000,3000,3000,3000,3000,3000,3000,3000,3000,3000,3000,3000,3000,3000,3000,3000,3000,3000,3000,3000,3000,3000,3000,3000,3000,3000,3000,3000,3000,3000,3000,3000,3000,3000,3000,3000,3000,3000,3000,3000,3000,3000,3000,3000,3000,3000,3000,3000,3000,3000,3000,3000,3000,3000,3000,3000
3000,3000,3000,3000,3000,3000,3000,3000,3000,3000,3000,3000,3000,3000,3000,3000,3000,3000,3000,3000,3000,3000,3000,3000,3000,3000,3000,3000,3000,3000,3000,3000,3000,3000,3000,3000,3000,3000,3000,3000,3000,3000,3000,3000,3000,3000,3000,3000,3000,3000,3000,3000,3000,3000,3000,3000,3000,3000,3000,3000,3000,3000,3000,3000,3000,3000,3000,3000,3000,3000,3000,3000,3000,3000,3000,3000,3000,3000,3000,3000,3000,3000,3000,3000,3000,3000,3000,3000,3000,3000,3000,3000,3000,3000,3000,3000,3000,3000,3000,3000,3000,3000,3000,3000,3000,3000,3000,3000,3000,3000,3000,3000,3000,3000,3000,3000,3000,3000,3000,3000,3000,3000,3000,3000,3000,3000,3000,3000,3000,3000,3000,3000,3000,3000,3000,3000,3000,3000,3000,3000,3000,3000,3000,3000,3000,3000,3000,3000,3000,3000,3000,3000,3000,3000,3000,3000,3000,3000,3000,3000
3000,3000,3000,3000,3000,3000,3000,3000,3000,3000,3000,3000,3000,3000,3000,3000,3000,3000,3000,3000,3000,3000,3000,3000,3000,3000,3000,3000,3000,3000,3000,3000,3000,3000,3000,3000,3000,3000,3000,3000,3000,3000,3000,3000,3000,3000,3000,3000,3000,3000,3000,3000,3000,3000,3000,3000,3000,3000,3000,3000,3000,3000,3000,3000,3000,3000,3000,3000,3000,3000,3000,3000,3000,3000,3000,3000,3000,3000,3000,3000,3000,3000,3000,3000,3000,3000,3000,3000,3000,3000,3000,3000,3000,3000,3000,3000,3000,3000,3000,3000,3000,3000,3000,3000,3000,3000,3000,3000,3000,3000,3000,3000,3000,3000,3000,3000,3000,3000,3000,3000,3000,3000,3000,3000,3000,3000,3000,3000,3000,3000,3000,3000,3000,3000,3000,3000,3000,3000,3000,3000,3000,3000,3000,3000,3000,3000,3000,3000,3000,3000,3000,3000,3000,3000,3000,3000,3000,3000,3000,3000
3000,3000,3000,3000,3000,3000,3000,3000,3000,3000,3000,3000,3000,3000,3000,3000,3000,3000,3000,3000,3000,3000,3000,3000,3000,3000,3000,3000,3000,3000,3000,3000,3000,3000,3000,3000,3000,3000,3000,3000,3000,3000,3000,3000,3000,3000,3000,3000,3000,3000,3000,3000,3000,3000,3000,3000,3000,3000,3000,3000,3000,3000,3000,3000,3000,3000,3000,3000,3000,3000,3000,3000,3000,3000,3000,3000,3000,3000,3000,3000,3000,3000,3000,3000,3000,3000,3000,3000,3000,3000,3000,3000,3000,3000,3000,3000,3000,3000,3000,3000,3000,3000,3000,3000,3000,3000,3000,3000,3000,3000,3000,3000,3000,3000,3000,3000,3000,3000,3000,3000,3000,3000,3000,3000,3000,3000,3000,3000,3000,3000,3000,3000,3000,3000,3000,3000,3000,3000,3000,3000,3000,3000,3000,3000,3000,3000,3000,3000,3000,3000,3000,3000,3000,3000,3000,3000,3000,3000,3000,3000
3000,3000,3000,3000,3000,3000,3000,3000,3000,3000,3000,3000,3000,3000,3000,3000,3000,3000,3000,3000,3000,3000,3000,3000,3000,3000,3000,3000,3000,3000,3000,3000,3000,3000,3000,3000,3000,3000,3000,3000,3000,3000,3000,3000,3000,3000,3000,3000,3000,3000,3000,3000,3000,3000,3000,3000,3000,3000,3000,3000,3000,3000,3000,3000,3000,3000,3000,3000,3000,3000,3000,3000,3000,3000,3000,3000,3000,3000,3000,3000,3000,3000,3000,3000,3000,3000,3000,3000,3000,3000,3000,3000,3000,3000,3000,3000,3000,3000,3000,3000,3000,3000,3000,3000,3000,3000,3000,3000,3000,3000,3000,3000,3000,3000,3000,3000,3000,3000,3000,3000,3000,3000,3000,3000,3000,3000,3000,3000,3000,3000,3000,3000,3000,3000,3000,3000,3000,3000,3000,3000,3000,3000,3000,3000,3000,3000,3000,3000,3000,3000,3000,3000,3000,3000,3000,3000,3000,3000,3000,3000
3000,3000,3000,3000,3000,3000,3000,3000,3000,3000,3000,3000,3000,3000,3000,3000,3000,3000,3000,3000,3000,3000,3000,3000,3000,3000,3000,3000,3000,3000,3000,3000,3000,3000,3000,3000,3000,3000,3000,3000,3000,3000,3000,3000,3000,3000,3000,3000,3000,3000,3000,3000,3000,3000,3000,3000,3000,3000,3000,3000,3000,3000,3000,3000,3000,3000,3000,3000,3000,3000,3000,3000,3000,3000,3000,3000,3000,3000,3000,3000,3000,3000,3000,3000,3000,3000,3000,3000,3000,3000,3000,3000,3000,3000,3000,3000,3000,3000,3000,3000,3000,3000,3000,3000,3000,3000,3000,3000,3000,3000,3000,3000,3000,3000,3000,3000,3000,3000,3000,3000,3000,3000,3000,3000,3000,3000,3000,3000,3000,3000,3000,3000,3000,3000,3000,3000,3000,3000,3000,3000,3000,3000,3000,3000,3000,3000,3000,3000,3000,3000,3000,3000,3000,3000,3000,3000,3000,3000,3000,3000
3000,3000,3000,3000,3000,3000,3000,3000,3000,3000,3000,3000,3000,3000,3000,3000,3000,3000,3000,3000,3000,3000,3000,3000,3000,3000,3000,3000,3000,3000,3000,3000,3000,3000,3000,3000,3000,3000,3000,3000,3000,3000,3000,3000,3000,3000,3000,3000,3000,3000,3000,3000,3000,3000,3000,3000,3000,3000,3000,3000,3000,3000,3000,3000,3000,3000,3000,3000,3000,3000,3000,3000,3000,3000,3000,3000,3000,3000,3000,3000,3000,3000,3000,3000,3000,3000,3000,3000,3000,3000,3000,3000,3000,3000,3000,3000,3000,3000,3000,3000,3000,3000,3000,3000,3000,3000,3000,3000,3000,3000,3000,3000,3000,3000,3000,3000,3000,3000,3000,3000,3000,3000,3000,3000,3000,3000,3000,3000,3000,3000,3000,3000,3000,3000,3000,3000,3000,3000,3000,3000,3000,3000,3000,3000,3000,3000,3000,3000,3000,3000,3000,3000,3000,3000,3000,3000,3000,3000,3000,3000
3000,3000,3000,3000,3000,3000,3000,3000,3000,3000,3000,3000,3000,3000,3000,3000,3000,3000,3000,3000,3000,3000,3000,3000,3000,3000,3000,3000,3000,3000,3000,3000,3000,3000,3000,3000,3000,3000,3000,3000,3000,3000,3000,3000,3000,3000,3000,3000,3000,3000,3000,3000,3000,3000,3000,3000,3000,3000,3000,3000,3000,3000,3000,3000,3000,3000,3000,3000,3000,3000,3000,3000,3000,3000,3000,3000,3000,3000,3000,3000,3000,3000,3000,3000,3000,3000,3000,3000,3000,3000,3000,3000,3000,3000,3000,3000,3000,3000,3000,3000,3000,3000,3000,3000,3000,3000,3000,3000,3000,3000,3000,3000,3000,3000,3000,3000,3000,3000,3000,3000,3000,3000,3000,3000,3000,3000,3000,3000,3000,3000,3000,3000,3000,3000,3000,3000,3000,3000,3000,3000,3000,3000,3000,3000,3000,3000,3000,3000,3000,3000,3000,3000,3000,3000,3000,3000,3000,3000,3000,3000
3000,3000,3000,3000,3000,3000,3000,3000,3000,3000,3000,3000,3000,3000,3000,3000,3000,3000,3000,3000,3000,3000,3000,3000,3000,3000,3000,3000,3000,3000,3000,3000,3000,3000,3000,3000,3000,3000,3000,3000,3000,3000,3000,3000,3000,3000,3000,3000,3000,3000,3000,3000,3000,3000,3000,3000,3000,3000,3000,3000,3000,3000,3000,3000,3000,3000,3000,3000,3000,3000,3000,3000,3000,3000,3000,3000,3000,3000,3000,3000,3000,3000,3000,3000,3000,3000,3000,3000,3000,3000,3000,3000,3000,3000,3000,3000,3000,3000,3000,3000,3000,3000,3000,3000,3000,3000,3000,3000,3000,3000,3000,3000,3000,3000,3000,3000,3000,3000,3000,3000,3000,3000,3000,3000,3000,3000,3000,3000,3000,3000,3000,3000,3000,3000,3000,3000,3000,3000,3000,3000,3000,3000,3000,3000,3000,3000,3000,3000,3000,3000,3000,3000,3000,3000,3000,3000,3000,3000,3000,3000
3000,3000,3000,3000,3000,3000,3000,3000,3000,3000,3000,3000,3000,3000,3000,3000,3000,3000,3000,3000,3000,3000,3000,3000,3000,3000,3000,3000,3000,3000,3000,3000,3000,3000,3000,3000,3000,3000,3000,3000,3000,3000,3000,3000,3000,3000,3000,3000,3000,3000,3000,3000,3000,3000,3000,3000,3000,3000,3000,3000,3000,3000,3000,3000,3000,3000,3000,3000,3000,3000,3000,3000,3000,3000,3000,3000,3000,3000,3000,3000,3000,3000,3000,3000,3000,3000,3000,3000,3000,3000,3000,3000,3000,3000,3000,3000,3000,3000,3000,3000,3000,3000,3000,3000,3000,3000,3000,3000,3000,3000,3000,3000,3000,3000,3000,3000,3000,3000,3000,3000,3000,3000,3000,3000,3000,3000,3000,3000,3000,3000,3000,3000,3000,3000,3000,3000,3000,3000,3000,3000,3000,3000,3000,3000,3000,3000,3000,3000,3000,3000,3000,3000,3000,3000,3000,3000,3000,3000,3000,3000
3000,3000,3000,3000,3000,3000,3000,3000,3000,3000,3000,3000,3000,3000,3000,3000,3000,3000,3000,3000,3000,3000,3000,3000,3000,3000,3000,3000,3000,3000,3000,3000,3000,3000,3000,3000,3000,3000,3000,3000,3000,3000,3000,3000,3000,3000,3000,3000,3000,3000,3000,3000,3000,3000,3000,3000,3000,3000,3000,3000,3000,3000,3000,3000,3000,3000,3000,3000,3000,3000,3000,3000,3000,3000,3000,3000,3000,3000,3000,3000,3000,3000,3000,3000,3000,3000,3000,3000,3000,3000,3000,3000,3000,3000,3000,3000,3000,3000,3000,3000,3000,3000,3000,3000,3000,3000,3000,3000,3000,3000,3000,3000,3000,3000,3000,3000,3000,3000,3000,3000,3000,3000,3000,3000,3000,3000,3000,3000,3000,3000,3000,3000,3000,3000,3000,3000,3000,3000,3000,3000,3000,3000,3000,3000,3000,3000,3000,3000,3000,3000,3000,3000,3000,3000,3000,3000,3000,3000,3000,3000
3000,3000,3000,3000,3000,3000,3000,3000,3000,3000,3000,3000,3000,3000,3000,3000,3000,3000,3000,3000,3000,3000,3000,3000,3000,3000,3000,3000,3000,3000,3000,3000,3000,3000,3000,3000,3000,3000,3000,3000,3000,3000,3000,3000,3000,3000,3000,3000,3000,3000,3000,3000,3000,3000,3000,3000,3000,3000,3000,3000,3000,3000,3000,3000,3000,3000,3000,3000,3000,3000,3000,3000,3000,3000,3000,3000,3000,3000,3000,3000,3000,3000,3000,3000,3000,3000,3000,3000,3000,3000,3000,3000,3000,3000,3000,3000,3000,3000,3000,3000,3000,3000,3000,3000,3000,3000,3000,3000,3000,3000,3000,3000,3000,3000,3000,3000,3000,3000,3000,3000,3000,3000,3000,3000,3000,3000,3000,3000,3000,3000,3000,3000,3000,3000,3000,3000,3000,3000,3000,3000,3000,3000,3000,3000,3000,3000,3000,3000,3000,3000,3000,3000,3000,3000,3000,3000,3000,3000,3000,3000
3000,3000,3000,3000,3000,3000,3000,3000,3000,3000,3000,3000,3000,3000,3000,3000,3000,3000,3000,3000,3000,3000,3000,3000,3000,3000,3000,3000,3000,3000,3000,3000,3000,3000,3000,3000,3000,3000,3000,3000,3000,3000,3000,3000,3000,3000,3000,3000,3000,3000,3000,3000,3000,3000,3000,3000,3000,3000,3000,3000,3000,3000,3000,3000,3000,3000,3000,3000,3000,3000,3000,3000,3000,3000,3000,3000,3000,3000,3000,3000,3000,3000,3000,3000,3000,3000,3000,3000,3000,3000,3000,3000,3000,3000,3000,3000,3000,3000,3000,3000,3000,3000,3000,3000,3000,3000,3000,3000,3000,3000,3000,3000,3000,3000,3000,3000,3000,3000,3000,3000,3000,3000,3000,3000,3000,3000,3000,3000,3000,3000,3000,3000,3000,3000,3000,3000,3000,3000,3000,3000,3000,3000,3000,3000,3000,3000,3000,3000,3000,3000,3000,3000,3000,3000,3000,3000,3000,3000,3000,3000
3000,3000,3000,3000,3000,3000,3000,3000,3000,3000,3000,3000,3000,3000,3000,3000,3000,3000,3000,3000,3000,3000,3000,3000,3000,3000,3000,3000,3000,3000,3000,3000,3000,3000,3000,3000,3000,3000,3000,3000,3000,3000,3000,3000,3000,3000,3000,3000,3000,3000,3000,3000,3000,3000,3000,3000,3000,3000,3000,3000,3000,3000,3000,3000,3000,3000,3000,3000,3000,3000,3000,3000,3000,3000,3000,3000,3000,3000,3000,3000,3000,3000,3000,3000,3000,3000,3000,3000,3000,3000,3000,3000,3000,3000,3000,3000,3000,3000,3000,3000,3000,3000,3000,3000,3000,3000,3000,3000,3000,3000,3000,3000,3000,3000,3000,3000,3000,3000,3000,3000,3000,3000,3000,3000,3000,3000,3000,3000,3000,3000,3000,3000,3000,3000,3000,3000,3000,3000,3000,3000,3000,3000,3000,3000,3000,3000,3000,3000,3000,3000,3000,3000,3000,3000,3000,3000,3000,3000,3000,3000
3000,3000,3000,3000,3000,3000,3000,3000,3000,3000,3000,3000,3000,3000,3000,3000,3000,3000,3000,3000,3000,3000,3000,3000,3000,3000,3000,3000,3000,3000,3000,3000,3000,3000,3000,3000,3000,3000,3000,3000,3000,3000,3000,3000,3000,3000,3000,3000,3000,3000,3000,3000,3000,3000,3000,3000,3000,3000,3000,3000,3000,3000,3000,3000,3000,3000,3000,3000,3000,3000,3000,3000,3000,3000,3000,3000,3000,3000,3000,3000,3000,3000,3000,3000,3000,3000,3000,3000,3000,3000,3000,3000,3000,3000,3000,3000,3000,3000,3000,3000,3000,3000,3000,3000,3000,3000,3000,3000,3000,3000,3000,3000,3000,3000,3000,3000,3000,3000,3000,3000,3000,3000,3000,3000,3000,3000,3000,3000,3000,3000,3000,3000,3000,3000,3000,3000,3000,3000,3000,3000,3000,3000,3000,3000,3000,3000,3000,3000,3000,3000,3000,3000,3000,3000,3000,3000,3000,3000,3000,3000
3000,3000,3000,3000,3000,3000,3000,3000,3000,3000,3000,3000,3000,3000,3000,3000,3000,3000,3000,3000,3000,3000,3000,3000,3000,3000,3000,3000,3000,3000,3000,3000,3000,3000,3000,3000,3000,3000,3000,3000,3000,3000,3000,3000,3000,3000,3000,3000,3000,3000,3000,3000,3000,3000,3000,3000,3000,3000,3000,3000,3000,3000,3000,3000,3000,3000,3000,3000,3000,3000,3000,3000,3000,3000,3000,3000,3000,3000,3000,3000,3000,3000,3000,3000,3000,3000,3000,3000,3000,3000,3000,3000,3000,3000,3000,3000,3000,3000,3000,3000,3000,3000,3000,3000,3000,3000,3000,3000,3000,3000,3000,3000,3000,3000,3000,3000,3000,3000,3000,3000,3000,3000,3000,3000,3000,3000,3000,3000,3000,3000,3000,3000,3000,3000,3000,3000,3000,3000,3000,3000,3000,3000,3000,3000,3000,3000,3000,3000,3000,3000,3000,3000,3000,3000,3000,3000,3000,3000,3000,3000
3000,3000,3000,3000,3000,3000,3000,3000,3000,3000,3000,3000,3000,3000,3000,3000,3000,3000,3000,3000,3000,3000,3000,3000,3000,3000,3000,3000,3000,3000,3000,3000,3000,3000,3000,3000,3000,3000,3000,3000,3000,3000,3000,3000,3000,3000,3000,3000,3000,3000,3000,3000,3000,3000,3000,3000,3000,3000,3000,3000,3000,3000,3000,3000,3000,3000,3000,3000,3000,3000,3000,3000,3000,3000,3000,3000,3000,3000,3000,3000,3000,3000,3000,3000,3000,3000,3000,3000,3000,3000,3000,3000,3000,3000,3000,3000,3000,3000,3000,3000,3000,3000,3000,3000,3000,3000,3000,3000,3000,3000,3000,3000,3000,3000,3000,3000,3000,3000,3000,3000,3000,3000,3000,3000,3000,3000,3000,3000,3000,3000,3000,3000,3000,3000,3000,3000,3000,3000,3000,3000,3000,3000,3000,3000,3000,3000,3000,3000,3000,3000,3000,3000,3000,3000,3000,3000,3000,3000,3000,3000
3000,3000,3000,3000,3000,3000,3000,3000,3000,3000,3000,3000,3000,3000,3000,3000,3000,3000,3000,3000,3000,3000,3000,3000,3000,3000,3000,3000,3000,3000,3000,3000,3000,3000,3000,3000,3000,3000,3000,3000,3000,3000,3000,3000,3000,3000,3000,3000,3000,3000,3000,3000,3000,3000,3000,3000,3000,3000,3000,3000,3000,3000,3000,3000,3000,3000,3000,3000,3000,3000,3000,3000,3000,3000,3000,3000,3000,3000,3000,3000,3000,3000,3000,3000,3000,3000,3000,3000,3000,3000,3000,3000,3000,3000,3000,3000,3000,3000,3000,3000,3000,3000,3000,3000,3000,3000,3000,3000,3000,3000,3000,3000,3000,3000,3000,3000,3000,3000,3000,3000,3000,3000,3000,3000,3000,3000,3000,3000,3000,3000,3000,3000,3000,3000,3000,3000,3000,3000,3000,3000,3000,3000,3000,3000,3000,3000,3000,3000,3000,3000,3000,3000,3000,3000,3000,3000,3000,3000,3000,3000
3000,3000,3000,3000,3000,3000,3000,3000,3000,3000,3000,3000,3000,3000,3000,3000,3000,3000,3000,3000,3000,3000,3000,3000,3000,3000,3000,3000,3000,3000,3000,3000,3000,3000,3000,3000,3000,3000,3000,3000,3000,3000,3000,3000,3000,3000,3000,3000,3000,3000,3000,3000,3000,3000,3000,3000,3000,3000,3000,3000,3000,3000,3000,3000,3000,3000,3000,3000,3000,3000,3000,3000,3000,3000,3000,3000,3000,3000,3000,3000,3000,3000,3000,3000,3000,3000,3000,3000,3000,3000,3000,3000,3000,3000,3000,3000,3000,3000,3000,3000,3000,3000,3000,3000,3000,3000,3000,3000,3000,3000,3000,3000,3000,3000,3000,3000,3000,3000,3000,3000,3000,3000,3000,3000,3000,3000,3000,3000,3000,3000,3000,3000,3000,3000,3000,3000,3000,3000,3000,3000,3000,3000,3000,3000,3000,3000,3000,3000,3000,3000,3000,3000,3000,3000,3000,3000,3000,3000,3000,3000
3000,3000,3000,3000,3000,3000,3000,3000,3000,3000,3000,3000,3000,3000,3000,3000,3000,3000,3000,3000,3000,3000,3000,3000,3000,3000,3000,3000,3000,3000,3000,3000,3000,3000,3000,3000,3000,3000,3000,3000,3000,3000,3000,3000,3000,3000,3000,3000,3000,3000,3000,3000,3000,3000,3000,3000,3000,3000,3000,3000,3000,3000,3000,3000,3000,3000,3000,3000,3000,3000,3000,3000,3000,3000,3000,3000,3000,3000,3000,3000,3000,3000,3000,3000,3000,3000,3000,3000,3000,3000,3000,3000,3000,3000,3000,3000,3000,3000,3000,3000,3000,3000,3000,3000,3000,3000,3000,3000,3000,3000,3000,3000,3000,3000,3000,3000,3000,3000,3000,3000,3000,3000,3000,3000,3000,3000,3000,3000,3000,3000,3000,3000,3000,3000,3000,3000,3000,3000,3000,3000,3000,3000,3000,3000,3000,3000,3000,3000,3000,3000,3000,3000,3000,3000,3000,3000,3000,3000,3000,3000
3000,3000,3000,3000,3000,3000,3000,3000,3000,3000,3000,3000,3000,3000,3000,3000,3000,3000,3000,3000,3000,3000,3000,3000,3000,3000,3000,3000,3000,3000,3000,3000,3000,3000,3000,3000,3000,3000,3000,3000,3000,3000,3000,3000,3000,3000,3000,3000,3000,3000,3000,3000,3000,3000,3000,3000,3000,3000,3000,3000,3000,3000,3000,3000,3000,3000,3000,3000,3000,3000,3000,3000,3000,3000,3000,3000,3000,3000,3000,3000,3000,3000,3000,3000,3000,3000,3000,3000,3000,3000,3000,3000,3000,3000,3000,3000,3000,3000,3000,3000,3000,3000,3000,3000,3000,3000,3000,3000,3000,3000,3000,3000,3000,3000,3000,3000,3000,3000,3000,3000,3000,3000,3000,3000,3000,3000,3000,3000,3000,3000,3000,3000,3000,3000,3000,3000,3000,3000,3000,3000,3000,3000,3000,3000,3000,3000,3000,3000,3000,3000,3000,3000,3000,3000,3000,3000,3000,3000,3000,3000
3000,3000,3000,3000,3000,3000,3000,3000,3000,3000,3000,3000,3000,3000,3000,3000,3000,3000,3000,3000,3000,3000,3000,3000,3000,3000,3000,3000,3000,3000,3000,3000,3000,3000,3000,3000,3000,3000,3000,3000,3000,3000,3000,3000,3000,3000,3000,3000,3000,3000,3000,3000,3000,3000,3000,3000,3000,3000,3000,3000,3000,3000,3000,3000,3000,3000,3000,3000,3000,3000,3000,3000,3000,3000,3000,3000,3000,3000,3000,3000,3000,3000,3000,3000,3000,3000,3000,3000,3000,3000,3000,3000,3000,3000,3000,3000,3000,3000,3000,3000,3000,3000,3000,3000,3000,3000,3000,3000,3000,3000,3000,3000,3000,3000,3000,3000,3000,3000,3000,3000,3000,3000,3000,3000,3000,3000,3000,3000,3000,3000,3000,3000,3000,3000,3000,3000,3000,3000,3000,3000,3000,3000,3000,3000,3000,3000,3000,3000,3000,3000,3000,3000,3000,3000,3000,3000,3000,3000,3000,3000
3000,3000,3000,3000,3000,3000,3000,3000,3000,3000,3000,3000,3000,3000,3000,3000,3000,3000,3000,3000,3000,3000,3000,3000,3000,3000,3000,3000,3000,3000,3000,3000,3000,3000,3000,3000,3000,3000,3000,3000,3000,3000,3000,3000,3000,3000,3000,3000,3000,3000,3000,3000,3000,3000,3000,3000,3000,3000,3000,3000,3000,3000,3000,3000,3000,3000,3000,3000,3000,3000,3000,3000,3000,3000,3000,3000,3000,3000,3000,3000,3000,3000,3000,3000,3000,3000,3000,3000,3000,3000,3000,3000,3000,3000,3000,3000,3000,3000,3000,3000,3000,3000,3000,3000,3000,3000,3000,3000,3000,3000,3000,3000,3000,3000,3000,3000,3000,3000,3000,3000,3000,3000,3000,3000,3000,3000,3000,3000,3000,3000,3000,3000,3000,3000,3000,3000,3000,3000,3000,3000,3000,3000,3000,3000,3000,3000,3000,3000,3000,3000,3000,3000,3000,3000,3000,3000,3000,3000,3000,3000
3000,3000,3000,3000,3000,3000,3000,3000,3000,3000,3000,3000,3000,3000,3000,3000,3000,3000,3000,3000,3000,3000,3000,3000,3000,3000,3000,3000,3000,3000,3000,3000,3000,3000,3000,3000,3000,3000,3000,3000,3000,3000,3000,3000,3000,3000,3000,3000,3000,3000,3000,3000,3000,3000,3000,3000,3000,3000,3000,3000,3000,3000,3000,3000,3000,3000,3000,3000,3000,3000,3000,3000,3000,3000,3000,3000,3000,3000,3000,3000,3000,3000,3000,3000,3000,3000,3000,3000,3000,3000,3000,3000,3000,3000,3000,3000,3000,3000,3000,3000,3000,3000,3000,3000,3000,3000,3000,3000,3000,3000,3000,3000,3000,3000,3000,3000,3000,3000,3000,3000,3000,3000,3000,3000,3000,3000,3000,3000,3000,3000,3000,3000,3000,3000,3000,3000,3000,3000,3000,3000,3000,3000,3000,3000,3000,3000,3000,3000,3000,3000,3000,3000,3000,3000,3000,3000,3000,3000,3000,3000
3000,3000,3000,3000,3000,3000,3000,3000,3000,3000,3000,3000,3000,3000,3000,3000,3000,3000,3000,3000,3000,3000,3000,3000,3000,3000,3000,3000,3000,3000,3000,3000,3000,3000,3000,3000,3000,3000,3000,3000,3000,3000,3000,3000,3000,3000,3000,3000,3000,3000,3000,3000,3000,3000,3000,3000,3000,3000,3000,3000,3000,3000,3000,3000,3000,3000,3000,3000,3000,3000,3000,3000,3000,3000,3000,3000,3000,3000,3000,3000,3000,3000,3000,3000,3000,3000,3000,3000,3000,3000,3000,3000,3000,3000,3000,3000,3000,3000,3000,3000,3000,3000,3000,3000,3000,3000,3000,3000,3000,3000,3000,3000,3000,3000,3000,3000,3000,3000,3000,3000,3000,3000,3000,3000,3000,3000,3000,3000,3000,3000,3000,3000,3000,3000,3000,3000,3000,3000,3000,3000,3000,3000,3000,3000,3000,3000,3000,3000,3000,3000,3000,3000,3000,3000,3000,3000,3000,3000,3000,3000
3000,3000,3000,3000,3000,3000,3000,3000,3000,3000,3000,3000,3000,3000,3000,3000,3000,3000,3000,3000,3000,3000,3000,3000,3000,3000,3000,3000,3000,3000,3000,3000,3000,3000,3000,3000,3000,3000,3000,3000,3000,3000,3000,3000,3000,3000,3000,3000,3000,3000,3000,3000,3000,3000,3000,3000,3000,3000,3000,3000,3000,3000,3000,3000,3000,3000,3000,3000,3000,3000,3000,3000,3000,3000,3000,3000,3000,3000,3000,3000,3000,3000,3000,3000,3000,3000,3000,3000,3000,3000,3000,3000,3000,3000,3000,3000,3000,3000,3000,3000,3000,3000,3000,3000,3000,3000,3000,3000,3000,3000,3000,3000,3000,3000,3000,3000,3000,3000,3000,3000,3000,3000,3000,3000,3000,3000,3000,3000,3000,3000,3000,3000,3000,3000,3000,3000,3000,3000,3000,3000,3000,3000,3000,3000,3000,3000,3000,3000,3000,3000,3000,3000,3000,3000,3000,3000,3000,3000,3000,3000
3000,3000,3000,3000,3000,3000,3000,3000,3000,3000,3000,3000,3000,3000,3000,3000,3000,3000,3000,3000,3000,3000,3000,3000,3000,3000,3000,3000,3000,3000,3000,3000,3000,3000,3000,3000,3000,3000,3000,3000,3000,3000,3000,3000,3000,3000,3000,3000,3000,3000,3000,3000,3000,3000,3000,3000,3000,3000,3000,3000,3000,3000,3000,3000,3000,3000,3000,3000,3000,3000,3000,3000,3000,3000,3000,3000,3000,3000,3000,3000,3000,3000,3000,3000,3000,3000,3000,3000,3000,3000,3000,3000,3000,3000,3000,3000,3000,3000,3000,3000,3000,3000,3000,3000,3000,3000,3000,3000,3000,3000,3000,3000,3000,3000,3000,3000,3000,3000,3000,3000,3000,3000,3000,3000,3000,3000,3000,3000,3000,3000,3000,3000,3000,3000,3000,3000,3000,3000,3000,3000,3000,3000,3000,3000,3000,3000,3000,3000,3000,3000,3000,3000,3000,3000,3000,3000,3000,3000,3000,3000
3000,3000,3000,3000,3000,3000,3000,3000,3000,3000,3000,3000,3000,3000,3000,3000,3000,3000,3000,3000,3000,3000,3000,3000,3000,3000,3000,3000,3000,3000,3000,3000,3000,3000,3000,3000,3000,3000,3000,3000,3000,3000,3000,3000,3000,3000,3000,3000,3000,3000,3000,3000,3000,3000,3000,3000,3000,3000,3000,3000,3000,3000,3000,3000,3000,3000,3000,3000,3000,3000,3000,3000,3000,3000,3000,3000,3000,3000,3000,3000,3000,3000,3000,3000,3000,3000,3000,3000,3000,3000,3000,3000,3000,3000,3000,3000,3000,3000,3000,3000,3000,3000,3000,3000,3000,3000,3000,3000,3000,3000,3000,3000,3000,3000,3000,3000,3000,3000,3000,3000,3000,3000,3000,3000,3000,3000,3000,3000,3000,3000,3000,3000,3000,3000,3000,3000,3000,3000,3000,3000,3000,3000,3000,3000,3000,3000,3000,3000,3000,3000,3000,3000,3000,3000,3000,3000,3000,3000,3000,3000
3000,3000,3000,3000,3000,3000,3000,3000,3000,3000,3000,3000,3000,3000,3000,3000,3000,3000,3000,3000,3000,3000,3000,3000,3000,3000,3000,3000,3000,3000,3000,3000,3000,3000,3000,3000,3000,3000,3000,3000,3000,3000,3000,3000,3000,3000,3000,3000,3000,3000,3000,3000,3000,3000,3000,3000,3000,3000,3000,3000,3000,3000,3000,3000,3000,3000,3000,3000,3000,3000,3000,3000,3000,3000,3000,3000,3000,3000,3000,3000,3000,3000,3000,3000,3000,3000,3000,3000,3000,3000,3000,3000,3000,3000,3000,3000,3000,3000,3000,3000,3000,3000,3000,3000,3000,3000,3000,3000,3000,3000,3000,3000,3000,3000,3000,3000,3000,3000,3000,3000,3000,3000,3000,3000,3000,3000,3000,3000,3000,3000,3000,3000,3000,3000,3000,3000,3000,3000,3000,3000,3000,3000,3000,3000,3000,3000,3000,3000,3000,3000,3000,3000,3000,3000,3000,3000,3000,3000,3000,3000
3000,3000,3000,3000,3000,3000,3000,3000,3000,3000,3000,3000,3000,3000,3000,3000,3000,3000,3000,3000,3000,3000,3000,3000,3000,3000,3000,3000,3000,3000,3000,3000,3000,3000,3000,3000,3000,3000,3000,3000,3000,3000,3000,3000,3000,3000,3000,3000,3000,3000,3000,3000,3000,3000,3000,3000,3000,3000,3000,3000,3000,3000,3000,3000,3000,3000,3000,3000,3000,3000,3000,3000,3000,3000,3000,3000,3000,3000,3000,3000,3000,3000,3000,3000,3000,3000,3000,3000,3000,3000,3000,3000,3000,3000,3000,3000,3000,3000,3000,3000,3000,3000,3000,3000,3000,3000,3000,3000,3000,3000,3000,3000,3000,3000,3000,3000,3000,3000,3000,3000,3000,3000,3000,3000,3000,3000,3000,3000,3000,3000,3000,3000,3000,3000,3000,3000,3000,3000,3000,3000,3000,3000,3000,3000,3000,3000,3000,3000,3000,3000,3000,3000,3000,3000,3000,3000,3000,3000,3000,3000
3000,3000,3000,3000,3000,3000,3000,3000,3000,3000,3000,3000,3000,3000,3000,3000,3000,3000,3000,3000,3000,3000,3000,3000,3000,3000,3000,3000,3000,3000,3000,3000,3000,3000,3000,3000,3000,3000,3000,3000,3000,3000,3000,3000,3000,3000,3000,3000,3000,3000,3000,3000,3000,3000,3000,3000,3000,3000,3000,3000,3000,3000,3000,3000,3000,3000,3000,3000,3000,3000,3000,3000,3000,3000,3000,3000,3000,3000,3000,3000,3000,3000,3000,3000,3000,3000,3000,3000,3000,3000,3000,3000,3000,3000,3000,3000,3000,3000,3000,3000,3000,3000,3000,3000,3000,3000,3000,3000,3000,3000,3000,3000,3000,3000,3000,3000,3000,3000,3000,3000,3000,3000,3000,3000,3000,3000,3000,3000,3000,3000,3000,3000,3000,3000,3000,3000,3000,3000,3000,3000,3000,3000,3000,3000,3000,3000,3000,3000,3000,3000,3000,3000,3000,3000,3000,3000,3000,3000,3000,3000
3000,3000,3000,3000,3000,3000,3000,3000,3000,3000,3000,3000,3000,3000,3000,3000,3000,3000,3000,3000,3000,3000,3000,3000,3000,3000,3000,3000,3000,3000,3000,3000,3000,3000,3000,3000,3000,3000,3000,3000,3000,3000,3000,3000,3000,3000,3000,3000,3000,3000,3000,3000,3000,3000,3000,3000,3000,3000,3000,3000,3000,3000,3000,3000,3000,3000,3000,3000,3000,3000,3000,3000,3000,3000,3000,3000,3000,3000,3000,3000,3000,3000,3000,3000,3000,3000,3000,3000,3000,3000,3000,3000,3000,3000,3000,3000,3000,3000,3000,3000,3000,3000,3000,3000,3000,3000,3000,3000,3000,3000,3000,3000,3000,3000,3000,3000,3000,3000,3000,3000,3000,3000,3000,3000,3000,3000,3000,3000,3000,3000,3000,3000,3000,3000,3000,3000,3000,3000,3000,3000,3000,3000,3000,3000,3000,3000,3000,3000,3000,3000,3000,3000,3000,3000,3000,3000,3000,3000,3000,3000
3000,3000,3000,3000,3000,3000,3000,3000,3000,3000,3000,3000,3000,3000,3000,3000,3000,3000,3000,3000,3000,3000,3000,3000,3000,3000,3000,3000,3000,3000,3000,3000,3000,3000,3000,3000,3000,3000,3000,3000,3000,3000,3000,3000,3000,3000,3000,3000,3000,3000,3000,3000,3000,3000,3000,3000,3000,3000,3000,3000,3000,3000,3000,3000,3000,3000,3000,3000,3000,3000,3000,3000,3000,3000,3000,3000,3000,3000,3000,3000,3000,3000,3000,3000,3000,3000,3000,3000,3000,3000,3000,3000,3000,3000,3000,3000,3000,3000,3000,3000,3000,3000,3000,3000,3000,3000,3000,3000,3000,3000,3000,3000,3000,3000,3000,3000,3000,3000,3000,3000,3000,3000,3000,3000,3000,3000,3000,3000,3000,3000,3000,3000,3000,3000,3000,3000,3000,3000,3000,3000,3000,3000,3000,3000,3000,3000,3000,3000,3000,3000,3000,3000,3000,3000,3000,3000,3000,3000,3000,3000
3000,3000,3000,3000,3000,3000,3000,3000,3000,3000,3000,3000,3000,3000,3000,3000,3000,3000,3000,3000,3000,3000,3000,3000,3000,3000,3000,3000,3000,3000,3000,3000,3000,3000,3000,3000,3000,3000,3000,3000,3000,3000,3000,3000,3000,3000,3000,3000,3000,3000,3000,3000,3000,3000,3000,3000,3000,3000,3000,3000,3000,3000,3000,3000,3000,3000,3000,3000,3000,3000,3000,3000,3000,3000,3000,3000,3000,3000,3000,3000,3000,3000,3000,3000,3000,3000,3000,3000,3000,3000,3000,3000,3000,3000,3000,3000,3000,3000,3000,3000,3000,3000,3000,3000,3000,3000,3000,3000,3000,3000,3000,3000,3000,3000,3000,3000,3000,3000,3000,3000,3000,3000,3000,3000,3000,3000,3000,3000,3000,3000,3000,3000,3000,3000,3000,3000,3000,3000,3000,3000,3000,3000,3000,3000,3000,3000,3000,3000,3000,3000,3000,3000,3000,3000,3000,3000,3000,3000,3000,3000
3000,3000,3000,3000,3000,3000,3000,3000,3000,3000,3000,3000,3000,3000,3000,3000,3000,3000,3000,3000,3000,3000,3000,3000,3000,3000,3000,3000,3000,3000,3000,3000,3000,3000,3000,3000,3000,3000,3000,3000,3000,3000,3000,3000,3000,3000,3000,3000,3000,3000,3000,3000,3000,3000,3000,3000,3000,3000,3000,3000,3000,3000,3000,3000,3000,3000,3000,3000,3000,3000,3000,3000,3000,3000,3000,3000,3000,3000,3000,3000,3000,3000,3000,3000,3000,3000,3000,3000,3000,3000,3000,3000,3000,3000,3000,3000,3000,3000,3000,3000,3000,3000,3000,3000,3000,3000,3000,3000,3000,3000,3000,3000,3000,3000,3000,3000,3000,3000,3000,3000,3000,3000,3000,3000,3000,3000,3000,3000,3000,3000,3000,3000,3000,3000,3000,3000,3000,3000,3000,3000,3000,3000,3000,3000,3000,3000,3000,3000,3000,3000,3000,3000,3000,3000,3000,3000,3000,3000,3000,3000
3000,3000,3000,3000,3000,3000,3000,3000,3000,3000,3000,3000,3000,3000,3000,3000,3000,3000,3000,3000,3000,3000,3000,3000,3000,3000,3000,3000,3000,3000,3000,3000,3000,3000,3000,3000,3000,3000,3000,3000,3000,3000,3000,3000,3000,3000,3000,3000,3000,3000,3000,3000,3000,3000,3000,3000,3000,3000,3000,3000,3000,3000,3000,3000,3000,3000,3000,3000,3000,3000,3000,3000,3000,3000,3000,3000,3000,3000,3000,3000,3000,3000,3000,3000,3000,3000,3000,3000,3000,3000,3000,3000,3000,3000,3000,3000,3000,3000,3000,3000,3000,3000,3000,3000,3000,3000,3000,3000,3000,3000,3000,3000,3000,3000,3000,3000,3000,3000,3000,3000,3000,3000,3000,3000,3000,3000,3000,3000,3000,3000,3000,3000,3000,3000,3000,3000,3000,3000,3000,3000,3000,3000,3000,3000,3000,3000,3000,3000,3000,3000,3000,3000,3000,3000,3000,3000,3000,3000,3000,3000
3000,3000,3000,3000,3000,3000,3000,3000,3000,3000,3000,3000,3000,3000,3000,3000,3000,3000,3000,3000,3000,3000,3000,3000,3000,3000,3000,3000,3000,3000,3000,3000,3000,3000,3000,3000,3000,3000,3000,3000,3000,3000,3000,3000,3000,3000,3000,3000,3000,3000,3000,3000,3000,3000,3000,3000,3000,3000,3000,3000,3000,3000,3000,3000,3000,3000,3000,3000,3000,3000,3000,3000,3000,3000,3000,3000,3000,3000,3000,3000,3000,3000,3000,3000,3000,3000,3000,3000,3000,3000,3000,3000,3000,3000,3000,3000,3000,3000,3000,3000,3000,3000,3000,3000,3000,3000,3000,3000,3000,3000,3000,3000,3000,3000,3000,3000,3000,3000,3000,3000,3000,3000,3000,3000,3000,3000,3000,3000,3000,3000,3000,3000,3000,3000,3000,3000,3000,3000,3000,3000,3000,3000,3000,3000,3000,3000,3000,3000,3000,3000,3000,3000,3000,3000,3000,3000,3000,3000,3000,3000
3000,3000,3000,3000,3000,3000,3000,3000,3000,3000,3000,3000,3000,3000,3000,3000,3000,3000,3000,3000,3000,3000,3000,3000,3000,3000,3000,3000,3000,3000,3000,3000,3000,3000,3000,3000,3000,3000,3000,3000,3000,3000,3000,3000,3000,3000,3000,3000,3000,3000,3000,3000,3000,3000,3000,3000,3000,3000,3000,3000,3000,3000,3000,3000,3000,3000,3000,3000,3000,3000,3000,3000,3000,3000,3000,3000,3000,3000,3000,3000,3000,3000,3000,3000,3000,3000,3000,3000,3000,3000,3000,3000,3000,3000,3000,3000,3000,3000,3000,3000,3000,3000,3000,3000,3000,3000,3000,3000,3000,3000,3000,3000,3000,3000,3000,3000,3000,3000,3000,3000,3000,3000,3000,3000,3000,3000,3000,3000,3000,3000,3000,3000,3000,3000,3000,3000,3000,3000,3000,3000,3000,3000,3000,3000,3000,3000,3000,3000,3000,3000,3000,3000,3000,3000,3000,3000,3000,3000,3000,3000
3000,3000,3000,3000,3000,3000,3000,3000,3000,3000,3000,3000,3000,3000,3000,3000,3000,3000,3000,3000,3000,3000,3000,3000,3000,3000,3000,3000,3000,3000,3000,3000,3000,3000,3000,3000,3000,3000,3000,3000,3000,3000,3000,3000,3000,3000,3000,3000,3000,3000,3000,3000,3000,3000,3000,3000,3000,3000,3000,3000,3000,3000,3000,3000,3000,3000,3000,3000,3000,3000,3000,3000,3000,3000,3000,3000,3000,3000,3000,3000,3000,3000,3000,3000,3000,3000,3000,3000,3000,3000,3000,3000,3000,3000,3000,3000,3000,3000,3000,3000,3000,3000,3000,3000,3000,3000,3000,3000,3000,3000,3000,3000,3000,3000,3000,3000,3000,3000,3000,3000,3000,3000,3000,3000,3000,3000,3000,3000,3000,3000,3000,3000,3000,3000,3000,3000,3000,3000,3000,3000,3000,3000,3000,3000,3000,3000,3000,3000,3000,3000,3000,3000,3000,3000,3000,3000,3000,3000,3000,3000
3000,3000,3000,3000,3000,3000,3000,3000,3000,3000,3000,3000,3000,3000,3000,3000,3000,3000,3000,3000,3000,3000,3000,3000,3000,3000,3000,3000,3000,3000,3000,3000,3000,3000,3000,3000,3000,3000,3000,3000,3000,3000,3000,3000,3000,3000,3000,3000,3000,3000,3000,3000,3000,3000,3000,3000,3000,3000,3000,3000,3000,3000,3000,3000,3000,3000,3000,3000,3000,3000,3000,3000,3000,3000,3000,3000,3000,3000,3000,3000,3000,3000,3000,3000,3000,3000,3000,3000,3000,3000,3000,3000,3000,3000,3000,3000,3000,3000,3000,3000,3000,3000,3000,3000,3000,3000,3000,3000,3000,3000,3000,3000,3000,3000,3000,3000,3000,3000,3000,3000,3000,3000,3000,3000,3000,3000,3000,3000,3000,3000,3000,3000,3000,3000,3000,3000,3000,3000,3000,3000,3000,3000,3000,3000,3000,3000,3000,3000,3000,3000,3000,3000,3000,3000,3000,3000,3000,3000,3000,3000
3000,3000,3000,3000,3000,3000,3000,3000,3000,3000,3000,3000,3000,3000,3000,3000,3000,3000,3000,3000,3000,3000,3000,3000,3000,3000,3000,3000,3000,3000,3000,3000,3000,3000,3000,3000,3000,3000,3000,3000,3000,3000,3000,3000,3000,3000,3000,3000,3000,3000,3000,3000,3000,3000,3000,3000,3000,3000,3000,3000,3000,3000,3000,3000,3000,3000,3000,3000,3000,3000,3000,3000,3000,3000,3000,3000,3000,3000,3000,3000,3000,3000,3000,3000,3000,3000,3000,3000,3000,3000,3000,3000,3000,3000,3000,3000,3000,3000,3000,3000,3000,3000,3000,3000,3000,3000,3000,3000,3000,3000,3000,3000,3000,3000,3000,3000,3000,3000,3000,3000,3000,3000,3000,3000,3000,3000,3000,3000,3000,3000,3000,3000,3000,3000,3000,3000,3000,3000,3000,3000,3000,3000,3000,3000,3000,3000,3000,3000,3000,3000,3000,3000,3000,3000,3000,3000,3000,3000,3000,3000
3000,3000,3000,3000,3000,3000,3000,3000,3000,3000,3000,3000,3000,3000,3000,3000,3000,3000,3000,3000,3000,3000,3000,3000,3000,3000,3000,3000,3000,3000,3000,3000,3000,3000,3000,3000,3000,3000,3000,3000,3000,3000,3000,3000,3000,3000,3000,3000,3000,3000,3000,3000,3000,3000,3000,3000,3000,3000,3000,3000,3000,3000,3000,3000,3000,3000,3000,3000,3000,3000,3000,3000,3000,3000,3000,3000,3000,3000,3000,3000,3000,3000,3000,3000,3000,3000,3000,3000,3000,3000,3000,3000,3000,3000,3000,3000,3000,3000,3000,3000,3000,3000,3000,3000,3000,3000,3000,3000,3000,3000,3000,3000,3000,3000,3000,3000,3000,3000,3000,3000,3000,3000,3000,3000,3000,3000,3000,3000,3000,3000,3000,3000,3000,3000,3000,3000,3000,3000,3000,3000,3000,3000,3000,3000,3000,3000,3000,3000,3000,3000,3000,3000,3000,3000,3000,3000,3000,3000,3000,3000
3002.44612008216,3000.89845413548,3000.71376305857,2998.09942996157,2999.90098430534,2992.34017513638,2998.67923288827,2997.26719189383,2997.6048115954,3000.52570345186,2999.69289170505,2989.86020502109,2998.31718155448,2989.7198160651,2991.74776132858,2988.7587030273,2989.9601419222,2988.75354237438,3010.95859665675,3004.23380985939,2992.48209544053,2951.39313344097,2890.57764738385,2890.63304091068,2919.55008189957,2898.9919261633,2911.3387374921,3003.40270983702,2989.93717049322,2989.37570600295,2989.29131665352,2993.98474791145,3001.84989999439,3001.9094851764,3003.30702539905,3000.59490999588,2998.91682997428,2999.64903204753,3000.7627966247,2990.68967097239,2996.83995713208,2998.98556120468,3000.90072488836,3000.77775614713,3000.78688809589,2999.55745535284,3008.2485406281,3004.32991019755,3002.70040996853,3000.15019706571,2997.85388898922,3000.01701603083,2997.89381972709,2993.97722564932,3005.16323639808,2998.14792435998,2999.34325868231,2997.87154144406,2999.34494493148,3002.785578677,3010.7991734013,2992.49571054883,3004.58891089142,3001.42502393381,2998.30613186086,2998.15235677198,3003.32065594104,3003.60032132923,3004.26443879425,3003.34846734062,3003.35557269688,3003.91108009647,2999.57525016616,3004.63906467411,2981.33063164912,2973.33579613777,3004.8515260604,3000.75907625233,3003.39112126863,3000.77902484243,3003.91832107719,3004.05914252932,2989.00338918244,3003.91247601027,3003.90568241696,3002.75145660988,3003.95808930319,3004.74982921471,2998.72961699001,2977.22490114221,3004.36047848877,3004.40630051846,3004.42934428269,3004.4556770736,3002.5213659165,3011.05142876537,2981.34525667086,2997.85859119492,3003.94497908343,2998.85090490704,3010.58046070627,2981.15344939131,2926.66840144643,2922.86737402695,2993.02509617795,3004.46270119868,3004.95902884215,3002.78847989695,3004.97340174763,3011.18507829799,2998.70016595466,3003.40882466691,2999.54702730417,2997.96921616755,2997.96908345989,3004.77894685461,3011.16134927353,3006.65939150798,3004.46978728183,3000.76886556914,2999.54310448401,3002.1103169271,3002.52183338996,3010.9798203091,3004.47460371968,3004.88101614872,3004.42956468328,3003.3361856015,3000.13578760394,3004.86876589745,3010.00861107997,3010.83082896762,3002.13221340913,2997.8393829353,2998.38219683748,2998.14912915304,3002.65898935261,3009.83543440572,2985.47002982809,3002.08845259078,2998.98720555878,2998.3838460605,3000.64397438724,2999.61170766763,3005.02509927316,3009.77814119658,3003.24057467168,3002.43762822399,3002.45441211654,2997.01168020225,2996.78080037156,2940.20077420562,2899.79923599971,2889.40536354681,2878.54772573641,2877.26776113934,2879.3739480845,2882.1784970145,2878.29656545936,2878.31801842981
3002.54351264025,3000.9342261923,3000.74218161849,2998.02375854248,2999.89704198384,2992.03519831064,2998.62664639074,2997.15838481841,2997.50944688802,3000.54663439649,2999.68066415225,2989.45648789422,2998.25017994061,2989.31050933547,2991.41919747757,2988.3111294693,2989.56040379477,2988.30576334438,3011.39491446851,3004.40237949573,2992.18276918836,2949.45784534546,2886.22098357499,2886.27858260159,2916.34695897053,2894.97027785136,2907.80867892197,3003.53818912845,2989.53651775565,2988.95269849082,2988.86494916955,2993.74524994372,3001.92355397973,3001.98551155275,3003.43869500335,3000.61859640718,2998.87370343261,2999.63505821733,3000.79316746182,2990.3189791297,2996.7141396545,2998.94517120501,3000.93658735549,3000.80872259939,3000.81821813777,2999.53983538578,3008.57695724108,3004.50230608013,3002.80792710829,3000.1561771795,2997.7684413275,3000.01769352609,2997.80996191238,2993.73742818184,3005.36881126112,2998.07418375105,2999.31711044969,2997.78679661691,2999.31886383706,3002.89648681888,3011.22914375743,2992.19692638379,3004.77161891701,3001.48176142895,2998.23869030214,2998.07879264006,3003.45286824697,3003.74366854541,3004.43422792522,3003.4817869607,3003.48917521755,3004.06680020944,2999.55833870169,3004.82376957846,2980.58730855759,2972.27415773226,3005.04469013977,3000.78929896239,3003.52613915985,3000.81004180794,3004.07432949065,3004.22075776542,2988.56555783242,3004.0682517017,3004.06118762068,3002.86100617765,3004.11568109323,3004.93894422224,2998.67903654141,2976.31810790879,3004.53409145145,3004.58173789063,3004.60569914504,3004.63308037911,3002.62175439632,3011.49144269842,2980.60251587629,2997.77333075208,3004.10204888853,2998.80515355108,3011.00172299078,2980.4030717674,2923.7486952454,2919.7963294732,2992.74738956385,3004.64038417055,3005.15647315739,3002.89950355124,3005.17141832179,3011.63041350287,2998.64841290962,3003.54454742101,2999.52899214313,2997.88836027097,2997.88822227954,3004.96922118438,3011.60573970451,3006.92453596227,3004.64775238693,3000.79947804199,2999.52491313543,3002.19433944317,3002.62224048229,3011.41698314306,3004.65276059182,3005.07535437942,3004.6059283209,3003.46901622269,3000.14119400333,3005.06261638296,3010.40710510451,3011.26205969384,3002.21710773621,2997.75335771335,2998.31778381474,2998.07543651309,3002.76485732569,3010.22703338066,2984.89151736077,3002.17160457574,2998.94688102927,2998.31949870176,3000.66961430303,2999.59624776286,3005.22517419036,3010.16745903568,3003.36959853248,3002.53468267776,3002.55213482296,2996.89269989886,2996.65262756062,2937.81986101387,2895.80973082363,2885.00202511942,2873.71208918558,2872.38116264789,2874.57120767341,2877.48742004814,2873.45092893263,2873.47323605561
3002.57762232701,3000.94675459978,3000.75213461897,2997.99725622595,2999.89566126899,2991.92838661784,2998.60822908048,2997.12027743801,2997.47604741315,3000.55396501782,2999.6763817101,2989.31509449612,2998.22671404028,2989.16715829704,2991.30412492728,2988.15437628234,2989.42040395719,2988.14893819519,3011.54772556804,3004.46141745105,2992.07793648963,2948.78005155889,2884.69515407875,2884.75352553507,2915.2251328073,2893.56178045815,2906.57235045457,3003.58563788926,2989.39619759519,2988.80454904265,2988.71562296219,2993.66137083818,3001.94934973269,3002.01213818557,3003.4848095017,3000.62689207253,2998.85859927212,2999.63016417839,3000.80380420616,2990.18915213996,2996.67007473996,2998.93102546057,3000.94914742726,3000.81956794535,3000.82919082331,2999.53366436442,3008.69197822437,3004.5626840974,3002.84558271598,3000.15827158807,2997.73851508845,3000.0179308045,2997.78059248367,2993.65344418284,3005.44080951563,2998.04835766001,2999.3079525834,2997.75711653081,2999.30972948451,3002.93533005345,3011.37973179468,2992.09228353963,3004.8356085446,3001.50163253845,2998.21507032041,2998.05302835636,3003.4991728151,3003.79387288071,3004.49369298279,3003.52847934222,3003.53596667903,3004.12133789055,2999.55241581839,3004.88845857066,2980.32697534208,2971.90234130012,3005.11234177938,3000.79988382835,3003.57342632498,3000.8209048451,3004.12896814292,3004.27736008892,2988.41221664808,3004.122808848,3004.11565003436,3002.89937360033,3004.17087428971,3005.00517775994,2998.66132180743,2976.0005227282,3004.59489572532,3004.64318112539,3004.66746371136,3004.69521214051,3002.6569133414,3011.64554828638,2980.34238659799,2997.74347008248,3004.15705927081,2998.78913010482,3011.14926120984,2980.14026785089,2922.72612980604,2918.72076097172,2992.65012868679,3004.70261387919,3005.22562385923,3002.93838724159,3005.24076944523,3011.78638275391,2998.63028749851,3003.59208144948,2999.52267570884,2997.86004220068,2997.85990235873,3005.03586075023,3011.76137806845,3007.01739720815,3004.71008090678,3000.81019941414,2999.51854199975,3002.22376655506,3002.65740594601,3011.57009019378,3004.71515627403,3005.14341724074,3004.66769596058,3003.51553734268,3000.14308748054,3005.13050842182,3010.54666922133,3011.41308914909,3002.24684018149,2997.72322919602,2998.29522451378,2998.04962722217,3002.80193534757,3010.36418265196,2984.68890558596,3002.20072680249,2998.93275821436,2998.29696239823,3000.67859414208,2999.59083325769,3005.29524620498,3010.30380938732,3003.41478641504,3002.56867395062,3002.5863601372,2996.85102956019,2996.60773774031,2936.98599644792,2894.41249088497,2883.4598488237,2872.01850960128,2870.66973472009,2872.88914926736,2875.84446940553,2871.75384706794,2871.77645333981
3002.58926030127,3000.95102920027,3000.75553050953,2997.98821383046,2999.89519017924,2991.89194325381,2998.60194522968,2997.10727548008,2997.46465175796,3000.55646617191,2999.67492057234,2989.26685210857,2998.21870764766,2989.11824797702,2991.26486301943,2988.1008932478,2989.37263704225,2988.09543060767,3011.59986359133,3004.48156076721,2992.04216834381,2948.54879330379,2884.17455227646,2884.23318728012,2914.84237397095,2893.08121150649,2906.15052427417,3003.60182705748,2989.34832138844,2988.75400154051,2988.66467395847,2993.63275190426,3001.95815105388,3002.02122299685,3003.50054342938,3000.62972249254,2998.85344584365,2999.6284943683,3000.8074333851,2990.14485612589,2996.65504011519,2998.92619903661,3000.95343283138,3000.82326829763,3000.83293462292,2999.53155885731,3008.73122253793,3004.58328463283,3002.85843053238,3000.15898618488,2997.72830447578,3000.01801176215,2997.77057185059,2993.62478946004,3005.46537479055,2998.03954598768,2999.30482798678,2997.74698990373,2999.30661291061,3002.94858307941,3011.43111132547,2992.0565801708,3004.85744133492,3001.50841241487,2998.20701135637,2998.04423777225,3003.5149715932,3003.81100223068,3004.51398202309,3003.54441043939,3003.55193158156,3004.13994574624,2999.55039497417,3004.91052997903,2980.23815156358,2971.77548026802,3005.13542402127,3000.80349530677,3003.58956035795,3000.82461123349,3004.14761044923,3004.29667238541,2988.35989776373,3004.14142334507,3004.13423220937,3002.91246428277,3004.18970580243,3005.02777615589,2998.65527767047,2975.89216500028,3004.61564169638,3004.66414510521,3004.68853732714,3004.71641104055,3002.66890931488,3011.69812797961,2980.25363240137,2997.73328184162,3004.17582840867,2998.7836630228,3011.19960016509,2980.05060108739,2922.37723799866,2918.35378490936,2992.61694399085,3004.7238461981,3005.24921757012,3002.95165407077,3005.2644315385,3011.83959831528,2998.62410324154,3003.6082997104,2999.52052058792,2997.85038028337,2997.85023981003,3005.05859767999,3011.81448073357,3007.04908078228,3004.73134693935,3000.81385746747,2999.51636821511,3002.23380686922,3002.6694041436,3011.62232919344,3004.7364452219,3005.16663978845,3004.68877062497,3003.53141000668,3000.14373352104,3005.15367268617,3010.59428747154,3011.46461928846,3002.25698467316,2997.71294956749,2998.28752744621,2998.04082128192,3002.81458609594,3010.41097697465,2984.61977593852,3002.21066309207,2998.92793961379,2998.28927317721,3000.68165799712,2999.58898586835,3005.31915426102,3010.35033112449,3003.43020418823,3002.58027152293,3002.59803756271,2996.8368119471,2996.59242166376,2936.70148799073,2893.935762894,2882.93366961365,2871.44067270267,2870.08580809795,2872.31524331004,2875.28390672947,2871.17481521703,2871.1975235563
3002.58926030128,3000.95102920027,3000.75553050954,2997.98821383046,2999.89519017924,2991.89194325381,2998.60194522968,2997.10727548008,2997.46465175796,3000.55646617191,2999.67492057234,2989.26685210857,2998.21870764766,2989.11824797702,2991.26486301943,2988.1008932478,2989.37263704225,2988.09543060767,3011.59986359133,3004.48156076721,2992.04216834382,2948.54879330379,2884.17455227646,2884.23318728012,2914.84237397096,2893.08121150649,2906.15052427417,3003.60182705749,2989.34832138844,2988.75400154051,2988.66467395847,2993.63275190426,3001.95815105388,3002.02122299686,3003.50054342938,3000.62972249254,2998.85344584365,2999.6284943683,3000.80743338509,2990.14485612589,2996.65504011519,2998.92619903661,3000.95343283138,3000.82326829763,3000.83293462292,2999.53155885731,3008.73122253793,3004.58328463283,3002.85843053237,3000.15898618487,2997.72830447578,3000.01801176215,2997.77057185059,2993.62478946004,3005.46537479055,2998.03954598768,2999.30482798678,2997.74698990372,2999.3066129106,3002.94858307941,3011.43111132547,2992.0565801708,3004.85744133492,3001.50841241487,2998.20701135636,2998.04423777224,3003.5149715932,3003.81100223068,3004.51398202309,3003.54441043939,3003.55193158156,3004.13994574624,2999.55039497416,3004.91052997903,2980.23815156358,2971.77548026802,3005.13542402126,3000.80349530677,3003.58956035794,3000.82461123349,3004.14761044923,3004.29667238541,2988.35989776373,3004.14142334507,3004.13423220937,3002.91246428277,3004.18970580243,3005.02777615589,2998.65527767048,2975.89216500028,3004.61564169638,3004.66414510521,3004.68853732714,3004.71641104055,3002.66890931488,3011.69812797961,2980.25363240137,2997.73328184162,3004.17582840867,2998.7836630228,3011.19960016509,2980.05060108739,2922.37723799866,2918.35378490936,2992.61694399085,3004.7238461981,3005.24921757012,3002.95165407076,3005.2644315385,3011.83959831528,2998.62410324154,3003.6082997104,2999.52052058792,2997.85038028337,2997.85023981002,3005.05859767999,3011.81448073357,3007.04908078228,3004.73134693935,3000.81385746747,2999.51636821511,3002.23380686922,3002.6694041436,3011.62232919344,3004.7364452219,3005.16663978844,3004.68877062497,3003.53141000667,3000.14373352104,3005.15367268617,3010.59428747154,3011.46461928846,3002.25698467315,2997.71294956749,2998.2875274462,2998.04082128192,3002.81458609594,3010.41097697465,2984.61977593852,3002.21066309207,2998.92793961379,2998.28927317721,3000.68165799712,2999.58898586835,3005.31915426102,3010.3503311245,3003.43020418823,3002.58027152293,3002.59803756271,2996.8368119471,2996.59242166376,2936.70148799074,2893.93576289401,2882.93366961365,2871.44067270267,2870.08580809795,2872.31524331004,2875.28390672947,2871.17481521703,2871.1975235563
3002.63087341326,3000.96631359813,3000.76767296416,2997.95588155274,2999.89350573569,2991.76163519896,2998.5794764923,2997.06078526458,2997.42390508979,3000.56540937825,2999.66969608154,2989.09435508889,2998.19007973486,2988.94336267665,2991.12447688938,2987.90965760357,2989.20184013757,2987.90410717101,3011.78628997048,3004.55358585097,2991.91427462077,2947.72189891046,2882.31307186662,2882.37264921855,2913.47376926692,2891.36287383427,2904.64222912858,3003.65971356377,2989.17713369646,2988.57326227955,2988.48249907566,2993.53042113129,3001.98962133868,3002.05370693788,3003.55680216307,3000.63984303259,2998.83501908042,2999.62252374207,3000.82040999307,2989.98646988505,2996.60128183133,2998.90894152112,3000.96875585902,3000.83649939527,3000.84632107222,2999.52403033894,3008.87154575729,3004.65694456443,3002.9043695945,3000.16154131999,2997.69179508342,3000.0183012369,2997.73474175533,2993.52233071922,3005.55321117111,2998.00803869106,2999.29365557942,2997.71078081289,2999.29546918952,3002.99597102175,3011.61482561463,2991.9289180664,3004.93550735637,3001.53265475725,2998.17819546745,2998.0128058793,3003.57146220809,3003.87225048082,3004.58652816275,3003.6013741786,3003.60901619626,3004.20648058859,2999.54316917911,3004.98944921084,2979.920550428,2971.32187191518,3005.2179576216,3000.8164086242,3003.64724972084,3000.83786391403,3004.21426847431,3004.36572604874,2988.17282469208,3004.20798193454,3004.20067522702,3002.95927174446,3004.25704035997,3005.10857970125,2998.63366606161,2975.50471765207,3004.68982165221,3004.73910458011,3004.76388881989,3004.7922105037,3002.7118025003,3011.88613360785,2979.93628006497,2997.69685244265,3004.24293993667,2998.76411474995,3011.37959373918,2979.72998574772,2921.12972932364,2917.04161359541,2992.49828773356,3004.79976515486,3005.33357999535,3002.99909136833,3005.34903847393,3012.02987757392,2998.60199061506,3003.66629024146,2999.51281466879,2997.81583282364,2997.81569009269,3005.13989657127,3012.00435631679,3007.16236958057,3004.80738644373,3000.82693731962,2999.50859556143,3002.26970733676,3002.71230528162,3011.80911662691,3004.81256666296,3005.24967507076,3004.76412586715,3003.58816481035,3000.14604352406,3005.23649956862,3010.76455280591,3011.64887209845,3002.29325764112,2997.67619339982,2998.26000556587,2998.00933448109,3002.85982051534,3010.57829624746,2984.3725937661,3002.24619160605,2998.91071007187,2998.26177935327,3000.69261321493,2999.58238028409,3005.40464066879,3010.51667573185,3003.48533246982,3002.6217401724,3002.63979173782,2996.78597499625,2996.53765701193,2935.6841904763,2892.23115908337,2881.05224644673,2869.37454065683,2867.99790144238,2870.26316686324,2873.27954094477,2869.10441046159,2869.12748375631
3002.69867431629,3000.99121670987,3000.78745685795,2997.90320206009,2999.89076124511,2991.54932221949,2998.5428678223,2996.98503801948,2997.35751589739,3000.5799806861,2999.66118373585,2988.81330296021,2998.1434358227,2988.65841928438,2990.89574354223,2987.59807433686,2988.92355803322,2987.5923808627,3012.09003742535,3004.67093746171,2991.70589535038,2946.37462676706,2879.28013232574,2879.34124506066,2911.24387992682,2888.56315902498,2902.18473993761,3003.7540289661,2988.89821487618,2988.27878093651,2988.18567865117,2993.3636919807,3002.04089637258,3002.10663353793,3003.6484654097,3000.65633258895,2998.80499606298,2999.61279570612,3000.84155298615,2989.72840867204,2996.51369260723,2998.88082357757,3000.99372191088,3000.85805703241,3000.86813182626,2999.51176400463,3009.10017660307,3004.77695985868,3002.97921883668,3000.16570444213,2997.6323097517,3000.01877288269,2997.67636321313,2993.35539306858,3005.69632437839,2997.95670335319,2999.27545219901,2997.65178476719,2999.27731254811,3003.07318094744,3011.91415421829,2991.72091617595,3005.06270156267,3001.57215319,2998.13124528283,2997.96159339785,3003.66350326245,3003.9720432257,3004.70472873813,3003.6941861019,3003.70202506393,3004.31488686198,2999.53139607667,3005.11803356629,2979.40307786302,2970.58280063508,3005.35243092501,3000.837448497,3003.74124391433,3000.85945671652,3004.32287545126,3004.47823627709,2987.86802357086,3004.3164268995,3004.30893188896,3003.0355358838,3004.36674962199,3005.24023419865,2998.59845392469,2974.87344354563,3004.81068423019,3004.86123724087,3004.88666020156,3004.91571177062,3002.78168904726,3012.19245415831,2979.41921287243,2997.63749744541,3004.35228581312,2998.73226443912,3011.67286012278,2979.20760209225,2919.09714366329,2914.90367207238,2992.30495921256,3004.9234611146,3005.47103303214,3003.07638170925,3005.48688989508,3012.33990258642,2998.56596216221,3003.76077513301,2999.50025929261,2997.75954409983,2997.75939769053,3005.27235814363,3012.31372361453,3007.34695281553,3004.93127881364,3000.84824853009,2999.49593145356,3002.32820053763,3002.78220478589,3012.1134523533,3004.93659253361,3005.38496577255,3004.88690335782,3003.68063631169,3000.14980724859,3005.37145072122,3011.04196881432,3011.94907812264,3002.35235776283,2997.61630599317,2998.21516372996,2997.95803253736,3002.93352167195,3010.85091219107,2983.96985593413,3002.30407877709,2998.88263770608,2998.21698323009,3000.71046272498,2999.57161770094,3005.54392502814,3010.7877036376,3003.57515385295,3002.68930570038,3002.70782247724,2996.70314554634,2996.44842809654,2934.02669150933,2889.45382107248,2877.9868138556,2866.00815896116,2864.59604202992,2866.91968617792,2870.01379599754,2865.73106717246,2865.75473509489
3002.73535931533,3001.00469102347,3000.79816131899,2997.87469879464,2999.88927628504,2991.43444614705,2998.52305998842,2996.94405349731,2997.32159473188,3000.587864776,2999.65657796544,2988.66123423236,2998.11819822561,2988.5042451126,2990.77198291006,2987.42948614218,2988.77298808099,2987.42371527257,3012.25438590143,3004.73443283618,2991.59314768784,2945.64565893512,2877.63910131923,2877.70104480301,2910.03735487122,2887.04831880165,2900.85506755008,3003.80506015136,2988.74730041639,2988.11944607069,2988.02507817978,2993.27347992664,3002.06863972827,3002.13527050566,3003.69806159448,3000.66525458455,2998.78875152469,2999.6075321628,3000.85299281433,2989.58877962688,2996.46630075169,2998.8656098166,3001.00723027946,3000.86972121182,3000.87993295952,2999.50512706555,3009.22388177487,3004.84189647098,3003.01971747688,3000.16795698045,2997.60012405446,3000.01902807584,2997.64477636593,2993.2650682015,3005.77375856638,2997.92892736886,2999.26560290551,2997.61986380769,2999.26748854367,3003.11495688143,3012.07611178886,2991.60837270218,3005.13152246515,3001.59352458628,2998.10584197107,2997.93388388737,3003.71330386745,3004.02603803383,3004.76868346145,3003.74440380056,3003.75234932318,3004.37354218745,2999.52502601031,3005.18760663604,2979.12308925371,2970.18291172522,3005.42519032474,3000.84883252994,3003.79210130329,3000.87113992283,3004.38163937131,3004.53911212733,2987.70310498807,3004.3751031598,3004.36750626426,3003.07680008167,3004.42610995484,3005.3114684285,2998.57940171223,2974.53188039597,3004.87607928186,3004.92731949556,3004.95308804863,3004.98253453634,3002.81950252457,3012.35819485787,2979.13944359778,2997.60538226818,3004.41144952913,2998.71503120814,3011.83153761112,2978.92495624179,2917.9973736062,2913.74689717393,2992.20035505111,3004.99038922266,3005.54540467466,3003.11820115348,3005.56147709121,3012.50764765732,2998.54646826612,3003.81189802372,2999.4934659618,2997.72908798957,2997.72893959002,3005.34402905711,3012.48111281604,3007.44682516965,3004.99831319324,3000.85977937556,2999.48907929136,3002.35984942315,3002.820025274,3012.27811912515,3005.00369914638,3005.4581674416,3004.95333451029,3003.73066981842,3000.15184368505,3005.44446867057,3011.19207014848,3012.11151043868,3002.38433503469,2997.58390274546,2998.19090118133,2997.93027462158,3002.97339911809,3010.99841635668,2983.75194678663,3002.33539975837,2998.86744860585,2998.19274541521,3000.72012055002,2999.56579439572,3005.61928754339,3010.9343485644,3003.6237534616,3002.72586334516,3002.74463183374,2996.65832905932,2996.4001490541,2933.12986941267,2887.95108825172,2876.32820185143,2864.18671258286,2862.755399742,2865.11063083727,2868.24680109193,2863.90585408843,2863.92984374576
3002.75037009745,3001.01020444833,3000.80254137451,2997.86303581744,2999.8886686685,2991.3874411112,2998.51495501128,2996.92728343464,2997.30689649546,3000.59109079096,2999.65469337451,2988.59901069136,2998.10787149586,2988.44116006522,2990.72134248662,2987.36050315933,2988.71137780957,2987.35470062103,3012.32163407457,3004.76041389812,2991.54701355559,2945.34737959509,2876.9676236159,2877.02990702582,2909.54366848131,2886.4284758919,2900.31099168716,3003.82594111153,2988.68554917924,2988.05424936854,2987.95936361665,2993.23656692339,3002.07999176531,3002.14698819122,3003.71835538059,3000.66890529017,2998.78210457821,2999.60537842411,3000.85767376766,2989.53164616006,2996.44690893387,2998.85938464399,3001.01275763895,3000.87449396527,3000.88476175179,2999.50241136025,3009.27449950501,3004.86846725918,3003.03628872617,3000.16887867495,2997.58695429839,3000.01913249587,2997.63185164754,2993.22810903738,3005.80544311744,2997.91756198083,2999.26157276779,2997.60680237711,2999.26346875372,3003.13205077429,3012.14238165037,2991.56232211996,3005.15968262871,3001.6022693425,2998.09544743412,2997.92254569913,3003.73368129831,3004.04813165035,3004.79485247993,3003.76495189796,3003.77294102308,3004.39754279627,2999.52241950409,3005.21607457169,2979.00852340603,2970.01928502609,3005.45496204413,3000.85349065295,3003.81291114942,3000.87592046172,3004.4056844149,3004.56402133133,2987.63562353845,3004.39911233473,3004.39147374985,3003.09368458215,3004.45039903885,3005.34061607828,2998.57160592055,2974.392119454,3004.90283765445,3004.95435905815,3004.98026902085,3005.00987710151,3002.83497505787,3012.42601270156,2979.02496749754,2997.59224136751,3004.43565816138,2998.707979708,3011.89646532731,2978.80930310314,2917.54736926796,2913.27356757261,2992.15755307978,3005.01777489186,3005.57583609217,3003.13531284987,3005.59199670903,3012.57628565044,2998.53849174616,3003.83281650796,2999.49068626407,2997.71662594657,2997.71647673264,3005.37335538927,3012.5496051944,3007.48769097822,3005.02574234667,3000.86449757138,2999.48627552098,3002.37279952639,3002.83550067599,3012.34549753868,3005.03115785621,3005.48812012892,3004.98051683501,3003.75114254809,3000.15267695491,3005.47434618339,3011.25348867057,3012.17797455672,3002.39741950718,2997.570643972,2998.18097342227,2997.91891662684,3002.98971618696,3011.05877216834,2983.66278263719,3002.34821568962,2998.86123352393,2998.18282777672,3000.72407234261,2999.56341161344,3005.65012440659,3010.99435279239,3003.64363946831,3002.74082201642,3002.7596935005,2996.63999103179,2996.38039421679,2932.76290739954,2887.33619945365,2875.64953034867,2863.44141244777,2862.00224501718,2864.37040087177,2867.52378143154,2863.15901269123,2863.18313399617
3002.77420746565,3001.01895985744,3000.80949697451,2997.84451481835,2999.88770376347,2991.31279634337,2998.50208417466,2996.90065230008,2997.28355545496,3000.59621375562,2999.65170061322,2988.50019868776,2998.09147247964,2988.34097997537,2990.64092466367,2987.25095705122,2988.61353968813,2987.24510422251,3012.42842527643,3004.80167225058,2991.47375179695,2944.87370711121,2875.90130601049,2875.9641292287,2908.75968639745,2885.44415518553,2899.44699029375,3003.85910041873,2988.5874872019,2987.95071593626,2987.85500781265,2993.17794846885,3002.0980189863,3002.16559606806,3003.75058224576,3000.67470267057,2998.77154911819,2999.60195825175,3000.86510719831,2989.44091727773,2996.41611440914,2998.84949896779,3001.02153517647,3000.88207317604,3000.89242995313,2999.49809877569,3009.35488129064,3004.9106621066,3003.06260414183,3000.17034234094,2997.56604050976,3000.01929831659,2997.61132698278,2993.16941727862,3005.85575870416,2997.89951355823,2999.25517284298,2997.58606061113,2999.25708526136,3003.15919615651,3012.24761927729,2991.48919304015,3005.20440143027,3001.61615615879,2998.07894073896,2997.90454047026,3003.76604099271,3004.08321667573,3004.83640931045,3003.79758261363,3003.80564098024,3004.43565615669,2999.51828032946,3005.26128212039,2978.82659096098,2969.75944314431,3005.50224002278,3000.86088782868,3003.84595752637,3000.88351203588,3004.44386833846,3004.60357755579,2987.52846188971,3004.43723929829,3004.42953451004,3003.12049744583,3004.4889705026,3005.38690302417,2998.55922607551,2974.17017678602,3004.94533038897,3004.99729832701,3005.0234328505,3005.05329754344,3002.85954569451,3012.53370854958,2978.8431775729,2997.57137340174,3004.47410186643,2998.69678181015,3011.99957160546,2978.6256440222,2916.83275499856,2912.52191240289,2992.08958284734,3005.06126378368,3005.62416168227,3003.16248650439,3005.64046236267,3012.68528390923,2998.52582490165,3003.866035404,2999.48627205848,2997.6968360179,2997.69668551074,3005.4199260857,3012.65837221454,3007.55258655244,3005.06930029216,3000.87199014372,2999.48182308762,3002.39336450273,3002.86007586815,3012.4524955644,3005.07476273775,3005.53568548762,3005.02368281246,3003.78365357858,3000.15400020111,3005.52179216375,3011.35102229094,3012.2835206662,3002.41819786409,2997.54958882231,2998.16520797808,2997.90087994491,3003.01562795994,3011.15461818712,2983.52118850556,3002.36856759865,2998.85136387191,2998.16707840415,3000.73034785406,2999.55962771609,3005.6990938511,3011.08964049053,3003.6752187731,3002.76457663171,3002.78361167433,2996.61086994332,2996.34902321117,2932.18016570436,2886.35974595786,2874.57178887177,2862.25786361001,2860.80622296209,2863.19490354647,2866.37561435301,2861.97301630396,2861.99734666747
3009.81930773748,3003.59327782164,3002.85062387534,2992.39401424532,2998.62851004917,2967.95553506721,2994.72628480063,2989.06785581455,2990.42174787097,3002.10725451369,2998.76956534556,2958.36683639114,2992.84747647051,2957.42246803915,2965.57801006552,2953.75952145536,2958.7654689558,2953.57448024582,3043.22669134598,3014.76907990614,2966.11189733029,2796.84008197057,2547.07637845132,2547.30368516464,2665.97997602883,2581.60068689616,2632.2787697332,3013.41710412509,2958.67060341845,2956.35142403255,2956.00983566992,2975.25337244444,3004.82861977583,3005.10014609364,3013.27458623713,3002.36646538118,2995.67706396543,2998.60518037348,3003.03850100388,2961.29982584698,2986.8615441371,2995.96222525257,3003.59581047941,3003.09833395777,3003.14765363187,2998.41680509562,3032.89188736546,3015.13451706249,3010.8931449784,3000.78638062802,2991.5268798274,3000.05975480701,2991.66807368051,2975.22341560207,3020.52288326283,2992.66387527806,2997.38082527313,2991.59680082846,2997.38748800629,3011.23734732718,3042.87455163258,2966.15001489849,3018.2292473946,3005.86248131723,2993.37202448943,2992.68159658976,3013.33266647334,3014.22547885239,3014.90284286506,3013.44185859937,3013.47045588818,3015.64240922678,2998.48410281809,3018.4282428832,2920.06381752357,2887.12068756852,3019.20263614026,3003.21538500968,3013.61133073356,3003.29641923634,3015.11797761289,3014.04234200748,2951.71214747169,3015.09417743263,3015.62250100659,3011.09791539883,3015.828791364,3018.62942478213,2991.92989529623,2903.14376823411,3016.98014301005,3017.56581528337,3017.6581566467,3017.76255130359,3009.35314241411,3043.59720822886,2920.12111773999,2990.30570461776,3015.22258336441,2994.34157725022,3041.99918134183,2919.32982379391,2695.21448901758,2679.60229122576,2970.71665545476,3017.38343332354,3019.54646370496,3011.24904143674,3019.60356343934,3043.95311244322,2991.75693460518,3013.68482256332,2998.37517131704,2992.0090829451,2992.00856130302,3018.98168194113,3043.86818564714,3024.79255006952,3017.82030171634,3003.258135573,2998.35780739203,3008.57580480262,3009.34754451078,3043.46300690651,3015.71896233801,3019.32306408049,3017.65996171852,3013.39401417831,3000.73036779405,3019.19077217024,3039.8119580365,3042.34988453956,3008.66617970552,2991.46901039847,2993.58094035519,2992.66877143313,3010.72812060868,3039.10063318696,2937.13915756758,3008.48597458814,2995.96881411183,2993.58854896574,3002.56252267396,2998.6273511038,3019.95847131451,3037.90895288714,3012.32659838396,3009.03364957106,3009.09520614508,2986.88657089591,2986.61651902384,2750.8318757927,2584.91494523426,2542.26802660405,2497.72825561765,2492.47849912772,2501.11717935799,2512.62147437004,2496.69816145888,2496.78616114399
3012.30250588825,3004.49909220987,3003.56835628831,2990.47542800352,2998.07472744032,2959.57705600531,2993.3984761564,2986.3111153545,2988.00710562205,3002.63960914267,2998.45923437955,2947.64041588663,2990.95240640453,2946.37726114184,2956.59840090703,2941.8289887072,2948.13932571858,2941.56263467589,3053.99321767376,3018.03004843121,2956.755152321,2743.76319458952,2429.64916172855,2429.93499368727,2579.17038841417,2473.06179052849,2536.79079524842,3016.75616500284,2948.01991253269,2945.10052531901,2944.67195797981,2968.8665301422,3005.49747371523,3005.84450310337,3016.63025505707,3002.96066747077,2994.58908192386,2998.25540297002,3003.80224015579,2951.23182887576,2983.44099735472,2994.94864487603,3004.5011820081,3003.87715926476,3003.94146920379,2998.05656299298,3041.16019293528,3018.48359001054,3013.65797338823,3001.02320918264,2989.41397142793,3000.0734059552,2989.58692608695,2968.82904807755,3025.66690939765,2990.8295212902,2996.72238530507,2989.50137868431,2996.73071056428,3014.08968069158,3053.61293387287,2956.79940956662,3022.79737887949,3007.37406093985,2991.73179758417,2990.85170881645,3016.7037224387,3017.77213955208,3018.1999233706,3016.8400071358,3016.8758513616,3019.58476262575,2998.14002617411,3023.04619698515,2898.79133919174,2857.33804042329,3023.99982237509,3004.06317522296,3017.05197704272,3004.16489675655,3018.81070302547,3017.11413456051,2938.62201676698,3018.78081331086,3019.56018979908,3013.91448723811,3019.81778921217,3023.24679165122,2989.258111546,2877.49990054883,3021.16222342808,3021.98089223098,3022.09654716928,3022.2270612898,3011.55487213842,3054.45697365312,2898.86283112834,2987.62101817061,3018.94125157415,2992.68857435291,3052.51676154105,2897.8669288033,2615.93706770388,2596.30211201823,2963.03889366894,3021.66597984473,3024.41205061895,3014.10434038424,3024.4834624786,3054.86465936535,2989.02981742428,3017.14454174121,2998.00444957825,2990.02207228935,2990.02142102874,3023.73786868119,3054.76044250731,3030.64878989688,3022.29964713959,3004.11744555857,2997.98236221619,3010.76552403308,3011.54627837032,3054.32126447065,3019.21658751112,3024.15113306139,3022.09900220438,3016.78037181668,3000.95340990752,3023.96782287144,3049.7993808672,3052.81768697675,3010.87926136267,2989.34154403504,2991.97364984842,2990.83566778053,3013.4514901566,3048.90478285419,2920.28159764788,3010.65255217237,2994.95689695912,2991.98338540664,3003.20612123312,2998.31885650673,3024.95768764434,3047.20824890624,3015.29850273978,3011.15810996282,3011.23400147912,2983.33314200779,2983.13242223978,2685.89249166161,2477.2296838091,2423.60322573363,2367.59866765485,2360.99777298133,2371.85984228094,2386.325321714,2366.30346399638,2366.41411450033
3012.34519311295,3004.51466115543,3003.58069180004,2990.44245061725,2998.06503938585,2959.4328033754,2993.37565524182,2986.26373209918,2987.96560295288,3002.6487601672,2998.45390056572,2947.45586307564,2990.91975789626,2946.18716388334,2956.44381469549,2941.62370533018,2947.95649628754,2941.35592570088,3054.17816265827,3018.08571975713,2956.59366698728,2742.84940389529,2427.62820250814,2427.91504138178,2577.67620181997,2471.19375245841,2535.14729778187,3016.81351921467,2947.83666066858,2944.90694459436,2944.47688157035,2968.7566321363,3005.50852220034,3005.85685505485,3016.68793850013,3002.97087883945,2994.57038324364,2998.24939253487,3003.81536559509,2951.05852758571,2983.38211588341,2994.93122727548,3004.51674267908,3003.89054400583,3003.95511356141,2998.05040226533,3041.30228608182,3018.54077238944,3013.70550930684,3001.02731053084,2989.37767371623,3000.07363968512,2989.55117122606,2968.71902075079,3025.7552980735,2990.79800490175,2996.71106982779,2989.4653814119,2996.71942364843,3014.13872120904,3053.79744441171,2956.63802693981,3022.87587217988,3007.40006841949,2991.70363022228,2990.82026919156,3016.76167095121,3017.83306504236,3018.25621732625,3016.89842095702,3016.93438977231,3019.65252157207,2998.13414266094,3023.12554634602,2898.42479866391,2856.82506172886,3024.08223935804,3004.07777651305,3017.11112113429,3004.17985382257,3018.87407602241,3017.16654951712,2938.39627872884,3018.84408156918,3019.62786885704,3013.96291260765,3019.88634960098,3023.32608924682,2989.21166948212,2877.05813927239,3021.23402356355,3022.05676638223,3022.17282205644,3022.30378495166,3011.59258752335,3054.64352107727,2898.4965343193,2987.57467786452,3019.00507012345,2992.65997804445,3052.69747687582,2897.49711105517,2614.57247453734,2594.86830569981,2962.90668864879,3021.73950578173,3024.49562841346,3014.15343188672,3024.56728619993,3055.05206595376,2988.9824147523,3017.20401408056,2997.99810874178,2989.98794193325,2989.98728844628,3023.81959290927,3054.947519265,3030.74912387222,3022.37662601352,3004.13224543714,2997.97593991942,3010.80318245929,3011.58394097544,3054.50781225672,3019.27632416683,3024.23408127463,3022.1752884206,3016.8385831974,3000.95727456174,3024.04987984301,3049.97100121977,3052.99743439147,3010.91732179861,2989.30499612797,2991.94603290787,2990.80417289536,3013.49831360894,3049.0732499409,2919.9910295991,3010.68981244802,2994.93950794729,2991.95580518918,3003.21718160269,2998.31358415067,3025.04358530873,3047.36787244091,3015.34947247544,3011.19449991621,3011.2706368571,2983.27186436813,2983.07244704112,2684.77459588834,2475.37633259631,2421.56097447575,2365.35916944298,2358.73502913393,2369.63535072604,2384.1517760529,2364.05940471827,2364.17044491962
3012.38686849621,3004.52986106074,3003.59273491558,2990.41025491416,2998.05558097328,2959.29197005395,2993.35337526535,2986.21747199818,2987.92508404691,3002.65769427938,2998.44869318255,2947.27568483299,2990.88788327558,2946.00157261661,2956.29289273562,2941.42328791081,2947.7780005745,2941.15411647534,3054.35872377851,3018.1400714715,2956.43600943935,2741.9572733417,2425.65514732221,2425.94296924326,2576.21743284599,2469.36999363912,2533.54275714262,3016.86951392449,2947.65775253567,2944.71795243221,2944.28642917653,2968.64933911016,3005.51930879644,3005.86891422046,3016.74425463721,3002.9808481618,2994.55212778969,2998.24352456875,3003.82817991406,2950.88933416231,2983.32463011567,2994.91422253499,3004.53193450594,3003.90361148019,3003.96843449846,2998.04438756917,3041.44101110745,3018.59659933938,3013.75191845246,3001.03131466226,2989.34223639143,3000.0738678748,2989.51626388453,2968.61160146917,3025.84159161842,2990.76723556556,2996.7000225682,2989.4302374049,2996.70840427325,3014.18659928907,3053.97758138421,2956.48046966428,3022.95250490548,3007.4254594279,2991.67613052862,2990.78957479937,3016.81824587463,3017.89254637841,3018.31117691178,3016.95545015965,3016.9915406112,3019.71867438657,2998.12839860828,3023.20301484037,2898.06694647077,2856.32424248269,3024.16270276075,3004.09203169981,3017.16886329722,3004.19445635209,3018.93594685038,3017.2177220499,2938.1758914977,3018.90585014122,3019.69394367684,3014.01019012099,3019.9532848609,3023.40350720294,2989.16632826294,2876.62684933413,3021.30412177641,3022.13084204198,3022.24728895322,3022.37868998555,3011.6294089174,3054.82564665354,2898.13892006792,2987.52943599109,3019.06737594258,2992.6320595718,3052.8739086043,2897.13605932368,2613.24022715861,2593.46848577094,2962.77761736522,3021.8112888884,3024.57722511231,3014.20135974324,3024.64912299625,3055.23503032899,2988.9361356949,3017.26207671061,2997.99191820604,2989.95462058989,2989.95396492933,3023.8993799779,3055.1301616277,3030.84707956988,3022.45178021004,3004.14669450513,2997.96966985429,3010.83994824475,3011.62071084075,3054.68993818635,3019.334644848,3024.31506331557,3022.2497663779,3016.89541475809,3000.96104760971,3024.12999176791,3050.13855354999,3053.1729211431,3010.95448006471,2989.26931453833,2991.91907058858,2990.77342455275,3013.5440271763,3049.23772374905,2919.70734906279,3010.72618952053,2994.92253111786,2991.9288787225,3003.22797980155,2998.30843676849,3025.12744688815,3047.52371232114,3015.39923404424,3011.23002729624,3011.30640384426,2983.21203922991,2983.01389347133,2683.68319828343,2473.56691250273,2419.56713195056,2363.1727554292,2356.52592049016,2367.46358765724,2382.02975127617,2361.86853775198,2361.9799584135
3014.5538953116,3005.31395123893,3004.21208731539,2988.74618771667,2997.12748571454,2951.39173535478,2992.20679153792,2983.82801519934,2985.83358546019,3003.12143451455,2998.18078162589,2937.48858035556,2989.04216183307,2935.76768426758,2947.8683251249,2930.50324319684,2938.07728408185,2930.09029864784,3063.39005414741,3019.96391119574,2946.5841298615,2692.01383465944,2317.03538641869,2317.37649125602,2495.47949153531,2368.84083807486,2444.90116723332,3019.65861066396,2937.93443873527,2934.44196141386,2933.93327635728,2962.79485412562,3004.91463632406,3005.34470903858,3019.66561779222,3003.49144297779,2993.61358284953,2997.94454819346,3004.48580514196,2941.50121204097,2980.1232091142,2994.04660106358,3005.31439091416,3004.57431017275,3004.65704005967,2997.81300467235,3048.53924532945,3020.48809342568,3016.18217240128,3001.31603885559,2987.56147803725,3000.08385700975,2987.75512962626,2962.75065696028,3030.22227642914,2989.21105193525,2996.13478964357,2987.66433059483,2996.14457465211,3016.69409462336,3063.11440636667,2946.6264735628,3026.84518662418,3008.80288401671,2990.32002779997,2989.23725537791,3019.75448650619,3020.86948304299,3020.17139870521,3019.9142123844,3019.95665624143,3023.12598122205,2997.90937564878,3027.13807979899,2877.24176721733,2827.69207870163,3028.21873618381,3004.90253629862,3020.16398092831,3005.02340293706,3021.87598951199,3018.86503496619,2924.87088085447,3021.84042940646,3023.09796172731,3016.48547586595,3023.40025971468,3027.2283537034,2985.4793074859,2851.79054630439,3024.7104783189,3025.92135507911,3026.05804982754,3026.21163356241,3013.19796145248,3063.93732907603,2877.32548422755,2984.6863037979,3022.02896124166,2990.71267658073,3061.81933295367,2876.13451616232,2539.3704064419,2515.92986458416,2955.49409011296,3025.30197121104,3028.65338154045,3016.71145422324,3028.73749103132,3064.31026621176,2985.176035961,3020.27478988877,2997.75149859117,2988.29175479692,2988.29099077379,3027.95133566508,3064.19323896724,3035.06409353968,3026.29815092688,3004.9686874403,2997.72445287758,3012.79176777095,3013.18327977696,3063.86955003198,3021.35734216294,3028.39894178846,3026.06150318186,3019.84454609972,3001.23451892875,3028.13193298689,3058.6705246964,3061.77924723906,3012.92771354533,2987.47601571824,2990.55099448124,2989.21835625392,3015.93872072106,3057.60263416697,2902.94035635436,3012.65694796448,2994.05635296077,2990.56307009446,3003.78130838125,2998.11913314899,3029.37738979721,3055.01361097908,3017.6785975703,3012.73869243598,3012.82494477371,2979.60217260563,2979.75367350954,2622.90497509401,2373.81556572323,2309.82155194011,2242.99557747462,2235.11974089073,2248.07989319064,2265.34020434522,2241.45023060175,2241.58225916172
3014.79006558269,3005.4000498058,3004.28029310351,2988.56379521801,2997.07132674028,2950.5902724984,2992.08060072082,2983.5659537937,2985.60405567965,3003.17206038883,2998.15129473385,2936.46506792786,2988.86039042341,2934.71254553689,2947.0096924219,2929.36457397586,2937.0633000658,2928.94333111976,3064.4111261224,3020.26602056515,2945.68102501048,2686.93753320611,2305.81928785781,2306.16597606924,2487.18440168606,2358.47268311768,2435.77812909826,3019.97515939542,2936.91811094214,2933.36832550224,2932.85135834237,2962.18519526209,3004.96891925386,3005.40628668594,3019.9846916575,3003.54789897076,2993.51019179422,2997.91133057051,3004.55837798926,2940.53895870356,2979.79616506011,2993.95033800259,3005.40044252279,3004.64831712488,3004.73250789663,2997.77937890833,3049.3246523413,3020.79850989303,3016.4452452599,3001.33915881709,2987.36101531371,3000.08514574624,2987.557625887,2962.14028323181,3030.71061613568,2989.03694017086,2996.07224495436,2987.4655277994,2996.08218771127,3016.96549622035,3064.13381799439,2945.72389422183,3027.27889527585,3008.94708478359,2990.16461188008,2989.06356811975,3020.07503492641,3021.20582772882,3020.4769805819,3020.23732869979,3020.28046200846,3023.50064873066,2997.87727403249,3027.57651826365,2875.20091250739,2824.83888278371,3028.67394398696,3004.98370389385,3020.49113355167,3005.10654095684,3022.2249682394,3019.14906328433,2923.61118378069,3022.18882781694,3023.47219167086,3016.75346877156,3023.77935538246,3027.66587979426,2985.21457031656,2849.33241174285,3025.10630471878,3026.34075235322,3026.4796635625,3026.63572661997,3013.40458780289,3064.96726068769,2875.28597422729,2984.42704879134,3022.38039871683,2990.55172445372,3062.81775508923,2874.07547202891,2531.79397677737,2507.96960951763,2954.75931110484,3025.70732603935,3029.11478569626,3016.98313792577,3029.20025417541,3065.34448456947,2984.90584227533,3020.60376349404,2997.71687700339,2988.10332663856,2988.10255032417,3028.4028915646,3065.22565926255,3035.61403184522,3026.72365864058,3005.05096150282,2997.68937693776,3013.00032740441,3013.38959489107,3064.89987936777,3021.68189907563,3028.8570936681,3026.48318190682,3020.16654616336,3001.2563336399,3028.58494065453,3059.61891023759,3062.77062464464,3013.13850286729,2987.2741697081,2990.39840108183,2989.04436358662,3016.19785554313,3058.53353393422,2901.32099228455,3012.86330007964,2993.96024801335,2990.41068209808,3003.84245951475,2998.09040543298,3029.85192317521,3055.89310071906,3017.95877464417,3012.93802892191,3013.02562401756,2979.26022709588,2979.42055949316,2616.69670597984,2363.52885347238,2298.48739356609,2230.56771429369,2222.56298627566,2235.7352387537,2253.27803623341,2228.99707749937,2229.13126686358
3014.99358645486,3005.47425038112,3004.33907493711,2988.40660824926,2997.02330000048,2949.90010214716,2991.97184375424,2983.34010553353,2985.40624229741,3003.2156892713,2998.12588531461,2935.58340043909,2988.70388607332,2933.80377421824,2946.27025545195,2928.38374283682,2936.1898447382,2927.95541364985,3065.2913110802,3020.52720167622,2944.90418280076,2682.56610332501,2296.15905330144,2296.5105510861,2480.04034695725,2349.54287682704,2427.92087382546,3020.2480219591,2936.04263689876,2932.44349171435,2931.91938852099,2961.66003767233,3005.01667847992,3005.46031970913,3020.25964754042,3003.59656051107,2993.4210838939,2997.88269965704,3004.62092897686,2939.71023811396,2979.51449376445,2993.86737101894,3005.47460706842,3004.71210405055,3004.7975479229,2997.75032243681,3050.00154423647,3021.06685744768,3016.671921684,3001.35900646489,2987.18820982206,3000.08626169885,2987.3873782583,2961.61450951098,3031.13150445653,2988.88686060573,2996.01834189953,2987.29415313925,2996.02842063838,3017.19934889628,3065.01246156383,2944.94751122356,3027.65271119457,3009.07128910008,2990.03061282513,2988.91385440138,3020.35126014239,3021.49574356934,3020.74114997065,3020.51576773621,3020.55949514938,3023.82353427294,2997.8495327288,3027.95441097162,2873.44410766406,2822.38236957736,3029.06631791172,3005.0535796079,3020.77305163863,3005.17811427577,3022.52592966966,3019.39467292534,2922.52721557485,3022.48928928879,3023.79469944881,3016.98438506061,3024.10605782155,3028.04308008874,2984.98755751661,2847.21618458666,3025.44760368876,3026.70220857772,3026.84302986776,3027.00122997637,3013.58293745291,3065.85508124275,2873.53032872941,2984.20405144374,3022.68347989781,2990.41341961529,3063.67830999338,2872.30300119169,2525.26897391263,2501.11398112153,2954.12660132918,3026.05683870652,3029.51253311643,3017.21723367721,3029.59917292969,3066.23606859601,2984.67414825866,3020.88724972285,2997.68696229555,2987.94088383214,2987.94009692115,3028.7920912885,3066.11568984258,3036.0886693513,3027.09038063509,3005.12178924917,2997.6590713735,3013.18000727138,3013.5676792112,3065.78798378397,3021.96243076704,3029.25200384407,3026.84660385602,3020.44402270485,3001.27505572321,3028.97544985891,3060.43630453647,3063.62536010881,3013.32010312216,2987.10017202384,2990.26687462709,2988.8943866279,3016.42113792897,3059.33586618607,2899.92723065643,3013.04107847292,2993.8774172866,2990.27933223203,3003.89516749668,2998.06557287415,3030.26091774141,3056.65149970978,3018.20047344748,3013.11009012402,3013.19884457634,2978.96597845392,2979.13366036398,2611.35021775908,2354.66920218477,2288.72546035217,2219.86364770121,2211.74789039029,2225.10284953275,2242.88898503354,2218.27122572127,2218.4072764354
3016.85230581014,3006.1375666825,3004.86022153456,2986.99330831492,2995.60205068728,2942.29937208793,2991.00492614723,2981.31262012385,2983.63355210769,3003.61274251967,2997.90159069066,2926.58765928933,2986.84214223877,2924.1923389895,2938.22014527258,2918.3029918479,2927.26665775569,2917.65088066214,3072.51284439565,3020.65126021493,2934.09027035078,2634.67381274208,2194.44279558287,2194.84306058527,2403.85193190919,2255.22947260864,2344.49514159052,3022.45299866923,2927.09844600962,2922.98543261588,2922.39340625306,2956.23791336379,3002.82627508492,3003.35926145936,3022.74985620933,3004.02487642288,2992.63094059443,2997.63495550495,3005.17402713197,2930.81457802482,2976.4564768029,2993.1478229672,3006.13617742348,3005.27629292234,3005.38312826958,2997.66405295436,3055.91092472313,3021.23601841083,3018.77531825478,3001.70810628309,2985.74802851043,3000.09367906584,2985.9531732058,2956.18699426985,3034.72376743107,2987.6143406053,2995.54787468674,2985.86615437891,2995.55909118205,3019.37008493204,3072.50606781636,2934.12134548439,3030.85455275275,3010.32919204453,2988.97059277689,2987.64460154789,3022.85619541421,3023.87102389479,3020.90319753025,3023.03844244329,3023.08765638335,3026.69395041857,2997.77152563653,3031.19104188297,2852.41983270195,2794.13372137752,3032.35722730136,3005.84290115575,3023.32593922078,3005.98375974284,3024.64781253671,3019.35144905684,2908.48037917706,3024.6062800536,3026.66337573988,3019.12618722268,3027.00906164413,3031.03221972064,2979.92135263039,2822.47888002362,3028.02416809317,3029.86021723964,3030.0182498168,3030.19460809438,3014.43076958312,3073.14407522805,2852.51522685132,2981.06330409499,3024.82230053822,2988.09747708721,3071.00963841405,2851.11329160011,2455.38083030544,2427.85944315039,2947.06206281948,3028.70092285445,3032.76550071943,3019.39020595751,3032.86221913772,3073.3797948275,2979.51059939239,3023.45643628798,2997.59309837879,2986.61246895374,2986.61159552117,3032.12368431554,3073.25552261466,3038.44368119572,3030.2959300165,3005.92286342488,2997.56019537833,3014.90595182498,3014.40568079563,3073.23192291156,3022.24626042157,3032.56802046721,3030.02322574997,3022.95935672953,3001.61554963137,3032.16905461947,3067.4819091139,3070.25303251804,3015.06577083115,2985.64946339849,2989.14209830087,2987.62285479882,3018.49494480733,3066.22837773661,2882.66900455182,3014.74780331072,2993.15909374713,2989.1570467587,3004.3596426316,2998.01125422822,3033.73502145737,3062.18699763339,3019.71176072517,3013.91710582308,3014.01064862203,2975.15570204418,2976.02060657539,2553.49479173451,2261.06853949862,2185.98001215161,2107.57901928926,2098.33990091058,2113.54360659107,2133.79316676405,2105.76621564996,2105.92110904359
3019.0718582909,3006.92574970732,3005.47826749168,2985.3114627321,2993.64289320899,2932.87803432155,2989.8571421444,2978.90062808229,2981.5255022457,3004.08665067671,2997.63629407036,2915.59344027228,2984.50085641466,2912.36616820095,2928.26233791691,2905.96600897142,2916.35843600774,2905.00486090997,3080.91431228914,3020.19515236336,2920.1874902042,2575.37218459671,2069.41048744679,2069.87026500889,2309.97577911471,2139.23034503741,2241.78563495423,3025.00568944621,2916.16446801943,2911.42126339554,2910.74740352953,2949.59443759205,2999.50978199235,3000.15795144639,3025.71610556898,3004.53255319612,2991.6935645672,2997.34274201661,3005.83014615751,2919.83911624724,2972.67281190856,2992.29906515218,3006.92235848455,3005.94560526475,3006.08038933424,2997.60736886204,3062.89029270537,3020.82835851863,3021.29409022227,3002.16818780988,2984.06460076616,3000.10230987399,2984.27241391527,2949.53714348278,3038.94218100092,2986.12082641694,2994.99228765144,2984.19704390045,2995.00483529028,3021.96970147375,3081.30834347099,2920.19956919395,3034.61973730559,3011.86247513755,2987.74761566319,2986.15496884757,3025.84084281548,3026.63089995568,3020.49528711925,3026.04361140197,3026.09939185047,3030.09887752384,2997.72374594294,3034.99711017903,2825.99150436132,2758.85824940367,3036.20742717801,3006.82409851188,3026.36678856093,3006.98465570294,3027.01359778493,3018.68896521776,2890.60395224292,3026.96613775869,3030.06667546572,3021.69072099589,3030.45230371117,3034.47884416328,2973.07399654193,2791.50300313398,3030.95575543138,3033.59136415285,3033.76988089944,3033.96755683144,3015.23441969055,3081.6254829695,2826.09747560813,2977.01877032554,3027.20766656916,2985.05140788858,3079.61893936096,2824.48150291625,2369.19871686586,2337.56584781477,2938.28401856685,3031.71110599151,3036.54732315748,3021.99249436261,3036.65591019368,3081.64006651567,2972.53250297172,3026.51723414731,2997.52741181958,2985.06686721897,2985.06589312074,3036.04092279037,3081.51387842806,3040.72599559125,3034.08368375087,3006.91887225613,2997.48815589499,3016.9877852522,3015.19562880068,3081.93877459209,3021.9764124818,3036.44870921461,3033.77676615471,3025.95614461474,3002.06578546874,3035.88179113811,3075.77886074744,3077.8494950982,3017.17171083835,2983.95356048981,2987.81939002205,2986.13053342096,3020.97877124706,3074.33844223443,2860.85682298151,3016.80621163406,2992.31179217494,2987.83753651889,3004.91029569817,2997.99101703867,3037.80983482013,3068.42306617831,3021.33009990602,3014.67642944721,3014.77414996089,2970.30672003528,2972.16930571831,2482.01650716488,2145.93953208002,2059.69221852826,1969.65345612514,1959.04403685212,1976.50292675965,1999.75776314873,1967.57183423011,1967.74971476105
3022.20602074124,3008.02953908428,3006.34094632172,2982.94958210664,2990.27457094027,2918.78428467277,2988.25159056363,2975.51478880385,2978.56816989314,3004.75576334034,2997.26879943464,2899.48786081646,2980.91491327766,2894.86791426238,2913.41138282734,2887.85821134565,2900.37284925919,2886.36644030228,3092.25570975938,3018.15942479158,2898.2892224682,2486.82097609061,1884.73738356422,1885.28409462141,2170.82215873406,1967.75072435608,2089.72555937981,3028.41431984244,2900.14099023574,2894.47060712721,2893.67955455224,2939.82003457679,2993.21542423631,2994.04559222396,3029.88232287984,3005.2421538749,2990.38364180104,2996.93834708943,3006.74803229292,2903.53309786102,2967.01912636409,2991.12538892627,3008.02482321194,3006.8820114141,3007.06109762364,2997.62946101755,3072.55484128845,3018.84866517582,3024.86155867516,3002.91247675534,2981.76944662646,3000.11540107503,2981.97125754022,2939.75388036763,3044.72297361824,2984.07120131752,2994.22308588902,2981.92159497824,2994.2374510083,3025.65218297597,3093.38891713253,2898.26451900451,3039.79775922115,3014.09393022855,2986.11645030229,2984.11077865484,3030.03483808452,3030.34068572927,3018.53406973074,3030.26506330723,3030.33014658429,3034.84931058295,2997.75631322525,3040.23132620259,2785.65036542495,2705.52448891487,3041.45677078847,3008.29340827502,3030.63776598009,3008.48221450179,3029.96562723301,3016.34681225216,2862.83778196879,3029.90960366122,3034.81582764135,3025.32253743739,3035.25548584301,3039.05988717097,2961.57418765995,2744.48241287959,3034.75877952651,3038.76305180545,3038.9703187521,3039.19724807764,3015.88810004536,3093.07831415574,2785.77040886664,2970.63303336832,3030.18586564108,2980.1062606763,3091.42894649246,2783.83964386317,2241.29665603719,2203.65045746076,2925.10547564034,3035.62034960582,3041.64751486737,3025.67874383386,3041.77247443448,3092.67185950188,2960.81495290265,3030.81737122059,2997.53694778411,2982.97575342367,2982.97464302676,3041.42696713573,3092.54920930074,3042.72591874134,3039.33488307788,3008.41076869262,2997.48792546012,3019.96989121997,3015.82548688688,3093.80216412786,3020.19328276125,3041.74223961453,3038.98043127378,3030.16663972616,3002.79711576038,3040.88857383522,3087.21380925514,3087.8355581471,3020.18904888703,2981.64100901189,2985.99854083637,2984.08261976822,3024.49782441667,3085.50033519763,2827.30404294862,3019.75420909307,2991.1401567246,2986.02168682741,3005.68014480426,2998.06083270813,3043.38222254197,3076.3603514998,3023.18513341321,3015.27760559487,3015.37770638892,2962.77388691931,2966.41580248251,2375.63742974511,1975.73169106002,1873.18621541947,1766.15476848926,1753.54496579508,1774.29609715012,1801.938824939,1763.68074045488,1763.89218330507
3022.33759306894,3008.07680208462,3006.37817479067,2982.84904584503,2990.19544951825,2918.27467533842,2988.18255938434,2975.37048527006,2978.44193047407,3004.78390870558,2997.25277956942,2898.87168229885,2980.79241470938,2894.21628638069,2912.86995097514,2887.16919164262,2899.76186069851,2885.66509284774,3092.78451915905,3018.21757009066,2897.60518170549,2483.60582338216,1877.83380855558,1878.38386504747,2165.66950392764,1961.35505301928,2084.07653757354,3028.5764543947,2899.52857158048,2893.82320733031,2893.02740738512,2939.44979705471,2993.11777038813,2993.95355907693,3030.05894746601,3005.27285411359,2990.32718416059,2996.9205076827,3006.78760994019,2902.93247588101,2966.81312703968,2991.07363675294,3008.07202029485,3006.92237855939,3007.10274726493,2997.61935486213,3072.97883937954,3018.91044890378,3025.00961879463,3002.93342824929,2981.66445561161,3000.11601631891,2981.86707943061,2939.38325604894,3044.98251723804,2983.97897055449,2994.18932855504,2981.81748600784,2994.20377650626,3025.80496769941,3093.93070677133,2897.57997173279,3040.02894757311,3014.18016760407,2986.03778461133,2984.01878077277,3030.21243524622,3030.51455358244,3018.59466914617,3030.44397034693,3030.50944059435,3035.05410645988,2997.74687609937,3040.46503013819,2784.27130771237,2703.65240086862,3041.69602805696,3008.34587918622,3030.81884689262,3008.53582223632,3030.12947788816,3016.39366821045,2861.93431020698,3030.0731152207,3035.02046263077,3025.47332219993,3035.46263854929,3039.28136815711,2961.28102859946,2742.84999778685,3034.95292000009,3038.9896215702,3039.19811158196,3039.42635579444,3015.96515979724,3093.61194796391,2784.39203145608,2970.43487076211,3030.35096824071,2979.9653526575,3091.95918669233,2782.44936753044,2236.5757390972,2198.6988820404,2924.63357005392,3035.81943148831,3041.88599662342,3025.83168633136,3042.01168306653,3093.19915156375,2960.51610015437,3030.99956019702,2997.5262987923,2982.87828760799,2982.87717085748,3041.66757388829,3093.07600002253,3042.93579098091,3039.56482918397,3008.46400244206,2997.47695419792,3020.09010037878,3015.9020134188,3094.34342291733,3020.26310801676,3041.98323100208,3039.20830362072,3030.34499534034,3002.81742057828,3041.12270626665,3087.72144826095,3088.33026288431,3020.31060478528,2981.53526489227,2985.91725249676,2983.99045779037,3024.64375997647,3085.99748087737,2826.18165752715,3019.87309945857,2991.08849162673,2985.94055499906,3005.71342260525,2998.05313661388,3043.63361289375,3076.78241272531,3023.30728901012,3015.35141185721,3015.45197877654,2962.52874583342,2966.20606844696,2371.74031628733,1969.38488622231,1866.2119984229,1758.52589232808,1745.83897886539,1766.71701008085,1794.52880668094,1756.03673597607,1756.24947204238
3022.37224108003,3008.08903828643,3006.38774872083,2982.82288392366,2990.16050762412,2918.1218956406,2988.16474942595,2975.3329742167,2978.40915937693,3004.79130829761,2997.24869659679,2898.69584198157,2980.75379512643,2894.02590328888,2912.70879909741,2886.9716325282,2899.58735255969,2885.46203642228,3092.91182492266,3018.20035217484,2897.37177329158,2482.64544508148,1875.82363644103,1876.37464273004,2164.15662841359,1959.48903385456,2082.42266318822,3028.61482450239,2899.3536505089,2893.63818248086,2892.8410933582,2939.34321182569,2993.0543230204,2993.89204908969,3030.10506198336,3005.28073395966,2990.31264847552,2996.91600521419,3006.79779726102,2902.75530836839,2966.75177140172,2991.0605712607,3008.08424301542,3006.93277106831,3007.11360746138,2997.61918738241,3073.08633790796,3018.89389789298,3025.04898780425,3002.94127147491,2981.6387625876,3000.11616511877,2981.84135987583,2939.27657232284,3045.04703028678,2983.95608342527,2994.1807722565,2981.79201286459,2994.19524054182,3025.84560418892,3094.06551758014,2897.34619500279,3040.08669348622,3014.20455580057,2986.0193735645,2983.99595389995,3030.25884963541,3030.55621923151,3018.57825004058,3030.49069406027,3030.55626701434,3035.10681380253,2997.74683300245,3040.52340301655,2783.83694392904,2703.07634246228,3041.75474977557,3008.36177698195,3030.86612166801,3008.5520304682,3030.1635802762,3016.3731210224,2861.63702730054,3030.10712369506,3035.07315184609,3025.51340338272,3035.5159343044,3039.33308161433,2961.16088662869,2742.3427933679,3034.99622929692,3039.04713670004,3039.255945117,3039.4845159131,3015.9742125442,3093.74049098185,2783.95782654233,2970.36685376001,3030.38536558534,2979.91314211727,3092.09099945088,2782.01173127855,2235.18574691819,2197.24321859046,2924.49088141754,3035.86393269309,3041.94327208037,3025.87236445075,3042.06914097354,3093.32345848464,2960.39367829338,3031.04715290643,2997.52599192937,2982.85481118989,2982.85369290903,3041.72764467238,3093.20032206654,3042.96253275346,3039.62322467238,3008.48014296673,2997.47654265895,3020.12287741579,3015.91082005535,3094.47614977582,3020.24872218561,3042.04243671339,3039.2661707601,3030.39159455011,3002.82511670912,3041.1789333302,3087.84886183026,3088.44342720814,3020.34376633879,2981.50937870063,2985.89694437822,2983.96758946562,3024.68259040967,3086.12191179491,2825.82129190927,3019.90550366428,2991.07544874482,2985.92030014786,3005.72197030864,2998.05351191026,3043.69584412121,3076.87342186508,3023.32942531525,3015.35984544725,3015.46045219624,2962.44809132485,2966.14362622235,2370.58531008648,1967.53275919256,1864.18179690234,1756.31000906751,1743.60123547078,1764.51524385983,1792.37498842204,1753.81656444394,1754.02966725824
3023.70798690458,3008.54178916372,3006.73607623211,2981.83968208133,2987.60103327894,2910.645897673,2987.50759903309,2973.92543350175,2977.18308414162,3005.07739596048,2997.10855131065,2890.74262753575,2978.68214482627,2885.08267489551,2904.91066806703,2877.9719831497,2891.68266507733,2876.06463093152,3096.74093522813,3014.72494630185,2883.82212900752,2436.01063879415,1782.15496855404,1782.74834253414,2092.68626466202,1872.24706494662,2004.65677981369,3029.6739658878,2891.43004307162,2885.25157830625,2884.40154745187,2934.42913801888,2987.35966628826,2988.31071401951,3031.82589799054,3005.57307468752,2989.77893975422,2996.75878480986,3007.17635603333,2894.30384300644,2963.74308875666,2990.60863853549,3008.54244726018,3007.31903232747,3007.52609074696,2997.80891859702,3076.81623078278,3015.41937858921,3026.57645196705,3003.42393304918,2980.81004922529,3000.12693751288,2980.99304340184,2934.35898351749,3047.15237277606,2983.19218178632,2993.88418352764,2980.97078370114,2993.89931253491,3027.42334417231,3098.53025641963,2883.76243739781,3042.02257116922,3015.26667292009,2985.4967247413,2983.23428182505,3031.99471781189,3031.75932028491,3015.1465101379,3032.23541958066,3032.30500507615,3037.0108668747,2997.93738036377,3042.48030622628,2761.03767334618,2673.82146090801,3043.630763245,3009.13237106252,3032.63048818246,3009.33537785354,3030.68948787267,3012.73957067814,2845.11421221773,3030.62902891712,3036.97851668846,3027.06768200448,3037.43999098596,3040.74257261244,2952.84412617998,2716.22281098821,3035.98090317513,3041.05746925251,3041.27816046893,3041.51759219185,3015.35054268288,3097.61431811537,2761.16294582284,2966.38792717247,3030.91966788759,2976.60447148861,3096.44420985028,2759.05961438648,2169.22112592853,2128.33464422519,2917.41747967446,3036.88474568591,3043.65845660048,3027.45168088484,3043.79057066013,3096.81644057373,2951.92268827251,3032.82549581804,2997.71067201774,2982.12918786562,2982.12802182283,3043.73954589325,3096.70638479228,3041.51736511551,3041.66654375714,3009.2632092156,2997.65569480078,3021.45981193998,3015.26872915788,3098.69563452551,3016.8614867751,3043.93932354283,3041.29073120489,3032.13327590484,3003.30390761534,3042.86206866398,3092.16487372811,3091.2904986407,3021.69774250388,2980.67365498979,2985.20856340447,2983.20446221712,3026.19125046173,3090.30493717673,2806.41139137631,3021.22612014337,2990.62435229514,2985.2348794766,3006.03924077471,2998.25702727273,3045.70213659839,3078.61176294851,3023.31148763979,3014.7325146106,3014.82761056173,2957.95992885044,2963.08456474369,2315.18916993464,1880.91193164499,1769.62175051274,1653.48148002111,1639.80012036329,1662.31498334795,1692.30946002544,1650.7972803577,1651.02671080702
3026.03997738923,3009.31270332715,3007.32284613194,2980.14786305448,2981.91321595429,2896.00418284131,2986.3888674014,2971.50514265065,2975.0784348371,3005.5786408021,2996.88378716034,2875.6720614886,2974.45981108164,2867.8616230025,2889.70713443949,2860.86888053253,2876.69405133737,2858.08430859929,3102.31436561697,3005.82248753921,2855.60500142884,2345.01528622291,1602.54284291292,1603.21588237632,1954.82763682495,1704.7162338202,1854.95531481142,3031.07492923017,2876.40544437383,2869.34643270111,2868.40076877888,2925.02711073305,2974.14860374252,2975.33597941917,3034.76093589707,3006.07490543401,2988.87310425532,2996.50057742048,3007.82590991759,2877.92402338433,2957.82587057563,2989.87305413553,3009.33163842252,3007.98183740847,3008.24152657232,2998.32768551288,3082.88127505166,3006.49362865542,3029.24088120951,3004.43739546265,2979.52227622901,3000.15368285167,2979.6534460839,2924.95109945845,3050.41643605091,2981.97618621205,2993.4018679268,2979.69511789273,2993.4180289782,3030.1766652783,3105.55887699897,2855.46588235423,3045.09941695964,3017.23169838396,2984.76635103932,2982.02208463287,3034.95934158672,3033.42822080674,3006.33309776063,3035.21242007007,3035.28905618501,3040.19446993145,2998.45381649764,3045.59064962733,2715.18166148881,2615.71023589068,3046.50574711759,3010.62507941029,3035.64029385306,3010.8510510487,3030.80846999138,3003.5314937768,2811.19955268671,3030.740647134,3040.16639380019,3029.77819293245,3040.65587387578,3042.6075576384,2934.62242425661,2664.0610535561,3037.00422946877,3044.34740753675,3044.58841121751,3044.84504666659,3013.28006079345,3103.26275776504,2715.31285907633,2958.07886354785,3031.05031843303,2969.52591080673,3103.28235100915,2712.91026900826,2041.73607587383,1995.30142706689,2903.49211643047,3037.96108955121,3046.14788150288,3030.20770742453,3046.29009684751,3101.58290740071,2933.36543932477,3035.86115581544,2998.2209523617,2981.03781036692,2981.03657169356,3046.93531477239,3101.50817134137,3036.49222740192,3045.01301247122,3010.78056916564,2998.15493183366,3023.85543773816,3013.15718318702,3105.1314640377,3008.09181668277,3046.85290727513,3044.60611140718,3035.10671417981,3004.31232143955,3045.3039699793,3099.07058113612,3094.7138048637,3024.1251710401,2979.37407708629,2984.10147119278,2981.98986355977,3028.82490270262,3096.96081532986,2767.00492809839,3023.59143016503,2989.89018893548,2984.13380364167,3006.58383246819,2998.793072738,3048.78238911319,3079.8462587368,3022.3991467513,3012.67584721079,3012.75427942385,2948.74006444459,2957.07105115136,2207.65096250927,1714.55030823849,1588.33532323268,1456.65980757467,1441.15184179829,1466.67341512486,1500.67838090071,1453.6173833296,1453.87748768597
3026.25914408558,3009.38919427465,3007.38241114597,2979.98361472893,2981.63361296863,2894.96105243158,2986.27765147979,2971.26975845148,2974.87297040281,3005.62547130442,2996.85874913668,2874.50310917749,2974.18766434434,2866.57978396884,2888.61107660484,2859.55236733924,2875.53338780734,2856.72398043257,3103.06794582683,3005.5778577012,2853.90844182929,2338.47471456179,1589.04319642853,1589.72252307716,1944.62059042302,1692.17063649785,1843.81463667668,3031.29774320386,2875.24202284245,2868.11552313903,2867.16154697293,2924.31420952468,2973.59035044033,2974.79185314244,3035.0500705478,3006.1241467052,2988.78246203089,2996.47289072002,3007.8896158506,2876.72491616088,2957.40695226655,2989.79288253013,3009.4082867078,3008.04683100768,3008.30989839697,2998.33625600966,3083.54171110517,3006.25201619274,3029.49056937798,3004.49588170421,2979.36762494029,3000.15481751565,2979.49771194729,2924.23758889847,3050.80650215342,2981.83715326293,2993.34931551801,2979.54180890019,2993.36559920738,3030.43444400682,3106.3767035395,2853.76602847456,3045.45083486871,3017.39204178281,2984.65902467993,2981.88342833251,3035.25054319596,3033.67270418382,3006.09414465583,3035.50543014686,3035.58271862647,3040.52187939546,2998.46297762567,3045.94588223521,2712.1410440172,2611.72512957028,3046.85861693633,3010.73343572669,3035.93671024614,3010.96141036444,3030.98616747056,3003.26435810634,2809.07417403877,3030.91773198915,3040.49378634521,3030.03235647499,3040.98687507226,3042.90657989493,2933.68436764705,2660.53480359237,3037.24519761149,3044.70140399776,3044.94440342921,3045.20302144017,3013.29038373051,3104.02402123235,2712.27316264448,2957.58303569333,3031.22973778402,2969.13302342269,3104.08140645333,2709.84765662837,2032.34363215872,1985.47356729614,2902.51347571189,3038.20912648605,3046.48651239867,3030.46574840084,3046.62984387949,3102.30683972727,2932.40974989025,3036.15967073883,2998.22865663308,2980.89805341615,2980.896805614,3047.30078343234,3102.23280441571,3036.54194735026,3045.37253325532,3010.89061534151,2998.16190013155,3024.06650297003,3013.16551649281,3105.92812227196,3007.86408653757,3047.20894670356,3044.96236721619,3035.39902173475,3004.36996580597,3045.63637328513,3099.84821524472,3095.35677023343,3024.33877857114,2979.21822506563,2983.97757949731,2981.85095202818,3029.07127741268,3097.71870589648,2764.45842983535,3023.80004102187,2989.8101587049,2984.01029375474,3006.6372578044,2998.80472530847,3049.15748197286,3080.33673458621,3022.49714668398,3012.6832318353,3012.76157487628,2948.1632262012,2956.64484639641,2199.81819692689,1702.09674037425,1574.70319256893,1441.79924597036,1426.14669959445,1451.90623097986,1486.22839042273,1438.72846128784,1438.99099178687
3026.36621462958,3009.42626733468,3007.41118746639,2979.90373703245,2981.47875600046,2894.427678118,2986.22373795836,2971.155306553,2974.77311869488,3005.6483835575,2996.84683436689,2873.91424620937,2974.04549585384,2865.92952454392,2888.05185349638,2858.88837175009,2874.94853335125,2856.03587300637,3103.41924962344,3005.41583886728,2853.01141984249,2335.13662930592,1582.20869808435,1582.89118093231,1939.43921229067,1685.81502537147,1838.16448581956,3031.39969166893,2874.65577725434,2867.49523818562,2866.53715360487,2923.95350982946,2973.26865446414,2974.47763229597,3035.19019555095,3006.14809700356,2988.73856179066,2996.45960716761,3007.92059039487,2876.11481889916,2957.1922116581,2989.75452587886,3009.44558841701,3008.07843178352,3008.34324175039,2998.34317742716,3083.85744121391,3006.09110044671,3029.61242595803,3004.52693298347,2979.29442575531,3000.15551226987,2979.42372836511,2923.87659567376,3050.99069257306,2981.77098146094,2993.32418821649,2979.46925140934,2993.34053001824,3030.56026758763,3106.76454656355,2852.86710072706,3045.61789714339,3017.47194409828,2984.60927253354,2981.81743912731,3035.39172690596,3033.78548459376,3005.93508998762,3035.64745112098,3035.72505892349,3040.67963563866,2998.47013320089,3046.11475971249,2710.56523569561,2609.67326318046,3047.02493592948,3010.78849388651,3036.08037405549,3011.01745685605,3031.06096718686,3003.0909055896,2807.96011945394,3030.99222683752,3040.65156374451,3030.15638781653,3041.14634682124,3043.04367902139,2933.1706876127,2658.71418859416,3037.352448338,3044.87096506966,3045.11493272275,3045.37449282584,3013.2807005893,3104.37903230814,2710.69777828823,2957.32041759193,3031.30533400535,2968.92159234416,3104.46014366814,2708.26070898915,2027.57153366526,1980.4826809825,2902.01180761061,3038.31967811809,3046.64431286942,3030.59169926136,3046.78817755083,3102.64037527936,2931.88646617068,3036.30437944902,2998.23515989648,2980.83236654783,2980.83111444287,3047.47450241645,3102.56686859291,3036.5286788292,3045.54477654476,3010.9465402205,2998.16802381253,3024.17044571504,3013.15472861297,3106.30316803399,3007.71000711053,3047.37684596625,3045.13304063729,3035.54072564418,3004.40063062712,3045.79125768123,3100.21846681841,3095.6475390057,3024.44399267654,2979.14444574137,2983.91846942696,2981.78484018035,3029.19154659422,3098.07905100981,2763.13193094263,3023.90275832605,2989.77187051165,2983.95138243336,3006.66324119937,2998.81305378101,3049.33419637731,3080.54923792594,3022.53179413234,3012.67241491914,3012.75060926034,2947.8607088845,2956.42642264929,2195.8302932602,1695.78734916082,1567.80221596291,1434.28179299859,1418.55670236982,1444.43563335363,1478.91696759122,1431.19677879153,1431.46052677311
3026.48102306382,3009.46599945835,3007.44202136523,2979.81813710928,2981.31100810171,2893.85344806471,2986.16598671384,2971.03266622179,2974.66612999383,3005.67293688731,2996.83404455485,2873.28126580322,2973.89256907281,2865.22994197482,2887.44990893538,2858.17445607792,2874.31984574618,2855.29577245339,3103.79487049922,3005.23827579901,2852.04290530425,2331.54233815842,1574.85447743423,1575.54035408921,1933.86258561791,1678.97573881201,1832.08378724304,3031.50885346774,2874.02559269564,2866.82842311225,2865.86592778768,2923.56584443662,2972.91916988747,2974.13622364528,3035.3405689433,3006.17371545616,2988.69154042497,2996.44538903236,3007.95373729951,2875.45826654484,2956.96135217923,2989.71345222532,3009.48553030541,3008.11224967074,3008.37896091833,2998.35104230529,3084.19591247811,3005.91468298932,3029.74330600405,3004.56066094044,2979.21623118353,3000.15622025967,2979.34464851514,2923.48861600894,3051.18812555164,2981.70022376704,2993.29726265612,2979.39174283704,2993.31366655144,3030.69540828311,3107.17988249873,2851.89651198261,3045.79680763638,3017.55799326345,2984.55629504131,2981.74687708882,3035.54324287296,3033.9062915615,3005.76072563111,3035.7998605578,3035.8778109628,3040.84881350676,2998.47823945062,3046.29561291291,2708.86642498912,2607.46236147423,3047.20290067949,3010.84794353024,3036.23454059857,3011.07796891823,3031.14016297571,3002.90103324543,2806.75805652159,3031.07109506544,3040.82076776273,3030.28960025187,3041.31735944511,3043.19000390907,2932.61462978738,2656.7520387997,3037.4666027978,3045.05268427487,3045.29769019677,3045.55825833466,3013.26900975989,3104.75862512792,2708.99941963254,2957.03688473027,3031.38537956129,2968.69304560271,3104.86571897514,2706.54991054639,2022.43503339838,1975.1109009329,2901.47159640953,3038.43736167256,3046.81298073998,3030.72697669554,3046.95741618286,3102.99660521368,2931.32000990589,3036.45967344711,2998.24257673219,2980.76227391408,2980.76101722035,3047.6605334442,3102.92368443651,3036.51116431708,3045.72937210297,3011.00692791533,2998.17502972938,3024.28220932919,3013.1418393102,3106.70452841185,3007.54092761471,3047.55650943416,3045.31595446782,3035.69279779901,3004.43394842962,3045.95681033601,3100.6151411585,3095.95757183699,3024.55712562648,2979.06562982506,2983.85523177839,2981.71414691788,3029.32072593999,3098.46507021253,2761.70132527201,3024.01320307545,2989.73087026107,2983.88836019615,3006.69103756382,2998.82241073328,3049.52359318166,3080.77494195404,3022.56780112902,3012.65953880849,3012.73756305702,2947.53435612958,2956.19159865417,2191.53714882923,1688.99776417975,1560.3765153776,1426.19322653792,1410.39013397834,1436.39744754344,1471.04993379817,1423.09291233698,1423.35796941052
3026.54899200205,3009.48899146666,3007.45969549009,2979.76817404924,2981.17772686341,2893.46903370787,2986.13262578642,2970.96114733335,2974.60384133045,3005.68749290262,2996.82694719146,2872.87363819438,2973.78576170211,2864.77082455175,2887.04910474831,2857.71303887254,2873.91468002007,2854.81363420929,3103.98710271428,3005.05439984156,2851.34195458721,2329.14490172996,1570.0469143316,1570.73496160124,1930.19233706172,1674.49742559303,1828.09098860243,3031.56178633112,2873.61945646844,2866.39853692828,2865.43333934517,2923.31382084187,2972.62125156244,2973.8441699607,3035.42803374129,3006.18855147121,2988.66445308343,2996.43743066548,3007.97295378346,2875.02412594537,2956.80670546054,2989.69058063831,3009.50880468102,3008.13185752332,3008.39992876801,2998.36122482429,3084.38477595905,3005.73078937209,3029.82109879472,3004.58571186652,2979.17448193454,3000.15677041411,2979.30185115465,2923.23641427782,3051.29439739856,2981.66165542019,2993.28224684899,2979.35037178388,2993.29868404691,3030.7757639899,3107.40533786426,2851.19377486278,3045.89462498184,3017.61238798211,2984.53019220042,2981.7084219586,3035.63148183796,3033.96659367172,3005.57910438642,3035.88854253084,3035.96669727472,3040.94542295496,2998.4884526106,3046.39449240979,2707.69096424043,2605.95586573767,3047.29742462208,3010.88759174966,3036.32421750571,3011.11826838465,3031.16496482423,3002.7090337602,2805.90451049933,3031.09569226827,3040.91744914666,3030.36875619853,3041.41497984894,3043.26028907936,2932.18216908747,2655.4062919649,3037.51501309517,3045.15450210181,3045.40011183156,3045.6612283496,3013.2348453311,3104.95312548012,2707.82417788439,2956.83100529802,3031.41060107786,2968.52142800937,3105.0855088548,2705.36660400049,2019.04691262341,1971.57192131392,2901.10770266809,3038.48758702906,3046.89905392745,3030.80741261452,3047.0438052054,3103.17117415803,2930.87953321927,3036.55006686059,2998.2525030075,2980.7258194612,2980.72456036733,3047.76218550713,3103.09895066854,3036.43145519776,3045.83286641304,3011.04721952539,2998.18467057333,3024.35046724184,3013.10671481662,3106.91708563491,3007.36148548018,3047.6521013211,3045.41849814071,3035.78132932655,3004.45880728761,3046.04127367079,3100.83337289494,3096.0987232277,3024.6262569216,2979.02352497112,2983.82044225105,2981.6756181173,3029.39756650867,3098.67648816474,2760.69970544074,3024.08062529763,2989.70804115136,2983.85372381333,3006.70713984763,2998.83327528307,3049.6247961393,3080.85902625244,3022.56471824598,3012.62523925261,3012.70296523824,2947.30250760829,2956.03436640454,2188.69067036517,1684.55127695021,1555.52328902952,1420.91641408112,1405.06349878798,1431.15281984497,1465.91466539249,1417.80632813731,1418.07222165093
3028.19406353568,3009.82835845491,3007.64990087814,2978.81526281069,2964.7526701633,2867.02750924464,2985.61955964538,2969.60766623786,2973.46252243214,3006.07176255911,2996.90589380503,2850.11839327274,2964.3935844608,2836.32746425907,2860.21644860929,2831.4915787605,2851.19006899194,2826.16516685609,3096.25699527363,2969.81838741676,2785.20049395726,2168.56864969777,1282.00869794387,1282.80983902955,1701.5516657324,1403.58129341577,1582.58993843913,3027.65812928434,2850.84022268722,2842.28449725104,2841.21993272323,2908.13696444176,2929.99553835594,2931.77226461517,3036.63854218366,3006.49519507631,2988.27748707699,2996.41839070108,3008.3546096598,2847.0044684607,2945.64317453196,2989.73495784465,3009.98682528231,3008.52103625927,3008.8771600622,3000.5104919987,3083.72758545663,2970.22706959301,3031.52177477261,3006.90425629367,2979.8388009263,3000.29543171126,2979.76460203524,2908.05822504187,3049.05190020024,2981.98450779,2993.33124177337,2980.01397411654,2993.34720028158,3032.54658460244,3104.18322719433,2784.79599391774,3044.8408256539,3019.97279683796,2985.79090774488,2982.03299185691,3036.89493571991,3030.41579511747,2970.53465310544,3037.12927919817,3037.21276485728,3041.60600040101,3000.60104634509,3045.3310366641,2614.1982428867,2493.9737853271,3045.11917710169,3013.29607607361,3037.57462087947,3013.54892169411,3023.03801698274,2966.96260112297,2730.67148264033,3022.95981776322,3041.60074087847,3032.0933183342,3042.07208160012,3038.40432238777,2881.69351112187,2552.38370845121,3031.06562673894,3045.08767626913,3045.34270276203,3045.59781889277,3001.73749354225,3097.24398153241,2614.31800546615,2937.1270792885,3023.2615478316,2950.28808075077,3101.77417955478,2611.40184061317,1805.32870017177,1749.85998291547,2875.30654037447,3031.97031002392,3043.39382375783,3032.57942790646,3043.53742409692,3092.65166526039,2879.48480298208,3037.82993333386,3000.39926369386,2981.67859500456,2981.67738706798,3046.65019033348,3092.7303444212,3007.25979395405,3045.79382324412,3013.49908706553,3000.31088249102,3026.50963115054,3001.49079602724,3101.61677271443,2972.00368858551,3045.52215395105,3045.37498252182,3037.03722102218,3006.78986972159,3042.588510146,3098.91059608601,3082.46449298198,3026.82638606111,2979.68387624287,2984.00082874596,2981.99984969975,3031.09849219976,3096.40353178282,2677.07896303845,3026.20148530736,2989.75297696909,2984.04614284757,3007.03698170599,3000.93078536119,3047.14519907851,3063.14132648882,3012.89193958235,3001.3418036656,3001.33664648989,2926.74000955645,2944.72051767595,2003.9874585707,1415.3066997347,1265.12497136572,1108.57908233604,1090.15353129662,1120.47905694554,1160.90123496649,1104.96475426019,1105.27393498125
3028.53731458507,3009.86974145452,3007.65738804436,2978.64850399404,2959.58611136241,2859.2624502508,2985.54918927694,2969.371538111,2973.26940268,3006.15805628663,2996.96027480477,2843.6624322524,2961.49794706518,2828.11880552463,2852.37036920201,2824.03654064866,2844.73684693526,2817.95816831222,3092.95969842023,2958.3957004926,2764.95166544014,2121.72397921288,1199.65131764639,1200.48386562952,1635.69800161239,1325.97683565547,1512.05068285811,3026.10930093328,2844.37162804233,2835.44056164043,2834.3508947475,2903.74746735901,2916.43164005793,2918.37745544251,3036.74787919023,3006.55802486068,2988.23041322294,2996.43696204036,3008.42893120545,2838.86145880113,2942.30080692638,2989.82548413734,3010.07987459358,3008.59669630007,3008.97578687572,3001.19008573374,3082.84188363362,2958.7135669791,3031.82865243403,3007.59263864099,2980.19051293128,3000.3464165593,2980.0531914974,2903.66883404687,3047.89461446638,2982.2142739879,2993.39961490173,2980.36431481669,2993.41530928272,3032.86857189865,3102.30896040444,2764.4659225582,3044.14853207195,3020.57920340438,2986.29097246912,2982.26298181185,3037.01953196677,3028.96279292324,2959.16972393723,3037.24472711401,3037.32936032547,3041.49909087689,3001.26854668158,3044.6319781325,2586.19247859167,2460.75726859567,3044.05598800263,3013.9671130871,3037.69044311965,3014.22524744814,3020.18073796163,2955.39294273134,2707.82778179053,3020.10016752594,3041.50125840772,3032.40381128292,3041.96087323302,3036.51073760462,2865.89400194997,2521.69111577453,3028.70214682241,3044.71716766996,3044.97339873031,3045.22468787896,2997.9257082826,3093.94647139212,2586.3069762828,2931.07988631024,3020.39541825405,2944.63049395936,3099.88791096486,2583.26110241516,1743.63275269848,1685.93594237906,2867.6937333763,3029.57752034456,3041.9076407008,3032.9015301759,3042.04982532986,3088.46444897189,2863.40327799455,3037.95295296866,3001.07883627424,2982.10900437946,2982.10782042484,3045.92562595794,3088.59210004844,2997.56023674964,3045.42722889606,3014.18233219523,3000.98458532399,3027.00270499194,2997.64186954582,3099.0786861299,2960.52539465197,3044.47186556217,3045.00997865688,3037.15828098654,3007.48292429997,3041.12534442324,3097.50065340839,3077.3276985767,3027.33026444172,2980.03536052441,2984.17222951981,2982.22995003186,3031.40865224389,3094.89699658221,2651.86468436559,3026.6844393325,2989.84355166992,2984.22102653803,3007.10378766896,3001.59137075365,3045.9238785865,3056.80225296283,3009.59961563506,2997.60303258732,2997.57069933864,2920.48414008124,2941.33561250381,1950.39781262237,1338.1672610352,1182.11334139496,1019.48284464276,1000.34427755481,1031.8439877848,1073.83578117399,1015.72878422247,1016.0499681471
3028.67769709981,3009.83813261326,3007.60734341461,2978.63275431006,2954.61198007962,2852.39085626996,2985.58040020164,2969.35051296691,2973.26393304539,3006.20372521665,2997.04563269967,2838.21090869506,2958.76747410838,2821.02308138144,2845.46658112039,2817.7243065732,2839.28046400407,2810.93590389581,3088.83167254856,2947.02636792328,2746.06968400438,2080.65334734382,1129.42194655218,1130.2801555545,1578.9636668794,1259.62837742982,1451.48383719222,3024.2592187392,2838.90244090395,2829.65916556443,2828.55206335857,2899.93625675913,2903.20264771077,2905.30554543662,3036.55290862545,3006.58276088811,2988.26625625223,2996.48158905591,3008.45151679262,2831.75534378153,2939.2613867116,2989.99652754576,3010.10767257527,3008.61945336241,3009.01506709361,3001.84481966754,3081.2381382366,2947.24964062455,3031.87113404469,3008.20709039853,2980.6834996839,3000.40442330059,2980.48608003766,2899.85829725802,3046.27793407545,2982.57475502053,2993.52380446829,2980.85474477165,2993.53912159323,3032.91791175886,3099.55543612735,2745.50510849963,3043.08466016697,3021.01048503276,2986.88315726922,2982.6233330769,3036.83768004273,3027.18828393821,2947.85322550518,3037.05188266743,3037.13704058019,3041.0487534263,3001.9111125851,3043.55751144659,2560.77313749446,2430.98630762803,3042.61651617448,3014.5148397382,3037.49509440558,3014.77619622037,3017.09960195617,2943.89708532756,2686.73895095493,3017.01722763005,3041.05836623393,3032.44549289678,3041.50291914301,3034.28544015895,2850.77410789307,2494.026624408,3026.05910587225,3043.97520451234,3044.23066505578,3044.47614782667,2994.04172762392,3089.81079404457,2560.88144089508,2925.42307913015,3017.30369387448,2939.26887206432,3097.14040632287,2557.7266748102,1690.31236435599,1630.78497039324,2860.91501951366,3026.89751372271,3040.05514561509,3032.95069008539,3040.19481492498,3083.46660471789,2848.01529357481,3037.76218113678,3001.734389441,2982.66417921953,2982.66302677601,3044.81541118434,3083.64301409038,2987.64704450197,3044.68373688718,3014.74015552948,3001.63517198929,3027.27019116668,2993.72232728036,3095.6754827716,2949.08365440899,3043.04228985447,3044.27130163894,3036.97175676409,3008.1026413353,3039.30211913922,3095.25463794138,3071.44929664498,3027.60582164671,2980.52923910558,2984.46210596107,2982.59064245845,3031.45781647816,3092.57293085641,2628.78794363297,3026.94433024831,2990.01450184124,2984.51390601064,3007.12874779874,3002.22496223754,3044.25714268645,3049.85704758978,3006.15588920934,2993.79555190474,2993.735864773,2914.69353885615,2938.26048349062,1903.76084115797,1272.19975745369,1111.35085714653,943.758822656921,924.039443662614,956.495755355871,999.767164253506,939.890963609251,940.221932573935
3028.5456795637,3009.51486007428,3007.26813995424,2979.02270339749,2938.57901549726,2832.12407570268,2985.98046644745,2969.90888429081,2973.79353965815,3006.24045362441,2997.43201988915,2822.9607404338,2950.04256371474,2800.65607081596,2825.23632864982,2800.03455519391,2823.9920323843,2791.02133723779,3072.46579317546,2909.2090268974,2687.18219874198,1961.11133126594,931.849399697688,932.775819973125,1417.30207293294,1072.36295951373,1279.61967543754,3017.06291314905,2823.5791937971,2813.48904992319,2812.34669444385,2888.85693471206,2860.03929869013,2862.62899175582,3034.94168586996,3006.56528646771,2988.62743002525,2996.70706366244,3008.38645525526,2811.13161283407,2929.92212905257,2990.80936423276,3010.01770080266,3008.55157097735,3008.97761319758,3003.9058880094,3073.61057176565,2909.1061633097,3031.16993280171,3009.98514763891,2982.72554742281,3000.63043139192,2982.34179140157,2888.78288080189,3039.38339599266,2984.15431851356,2994.11055408305,2982.884953228,2994.12429206541,3032.2137358587,3087.61822189411,2686.36250507388,3038.38028331108,3021.87153944387,2989.09916731911,2984.20142117643,3035.26318078778,3020.18230125115,2910.19696104475,3035.43524115146,3035.52027027347,3038.46996055729,3003.93255851722,3038.80623165818,2483.77966530211,2342.08184510874,3036.64821196809,3015.92078063811,3035.86223881174,3016.18630126053,3006.12478170865,2905.72020643162,2621.66858089833,3006.03810201488,3038.50428683508,3031.7281816701,3038.88919013123,3025.83601113001,2802.35049357128,2410.88315090033,3016.37666721683,3040.34189852292,3040.58876209503,3040.80892791305,2980.84797838761,3073.39711022959,2483.86458460383,2907.7071798955,3006.28843170764,2922.25457850128,3085.27729625619,2480.40973082692,1537.78716861418,1473.35687834226,2840.78195627087,3017.06805815223,3032.74240978935,3032.24495340284,3032.87039253911,3064.26619447963,2798.74050049095,3036.13548140894,3003.80071333855,2984.85850712419,2984.85747941099,3039.9142046047,3064.60422320463,2953.87636938851,3041.02874974106,3016.17225965859,3003.68812198504,3027.4339090565,2980.41496779882,3081.61860992362,2910.97503618627,3037.0977917826,3040.64211744606,3035.37823503569,3009.89952479102,3032.10560519488,3085.13583875456,3049.52522366244,3027.78751766187,2982.57753926566,2985.77523475749,2984.17052757491,3030.78936511045,3082.25072471831,2558.24715113315,3027.09079136316,2990.82659691728,2985.83534845934,3007.10118669355,3004.21110460728,3037.23818619386,3024.78845654906,2994.19086793945,2980.86681563291,2980.71553493677,2896.7544639676,2928.82323003506,1769.22069176657,1085.95066535362,912.366462529414,731.621897664079,710.365032406273,745.354065967766,792.016556238824,727.452890623199,727.809788995078
3027.97443558209,3009.024619487,3006.79459576079,2979.7440797416,2922.52597485014,2813.24799743242,2986.60552640254,2970.93766623285,2974.73426520886,3006.19459020773,2997.90418203941,2809.4360114303,2941.36030007852,2782.14738243627,2806.50228745458,2784.31970851437,2810.4120159735,2773.12761886769,3053.77250565767,2870.45968408066,2629.70362694429,1851.07998883111,755.698135243822,756.681938981352,1271.39675720716,904.874481457062,1125.11755483528,3008.92566169469,2809.96918385191,2799.15130920966,2797.9894133534,2878.66738861679,2816.42515676524,2819.48754920466,3032.5872498916,3006.47627353144,2989.17318660036,2996.99401776139,3008.21917459083,2792.19815771626,2920.91191977384,2991.82117369248,3009.7937574487,3008.37893633986,3008.81748903031,3005.93077267021,3064.11926925986,2870.01430255193,3029.83540604796,3011.61131573746,2985.11069828484,3000.88777632409,2984.5462245853,2878.59854793941,3031.20913384339,2986.05042143479,2994.83973234184,2985.25555413882,2994.85161600786,3030.85729253532,3073.35771591125,2628.6277360829,3032.70914499874,3022.33364578995,2991.54824183413,2986.0952510319,3032.94129316427,3012.19548692634,2871.60195174305,3033.06611214534,3033.14964201551,3035.03813115014,3005.91753631448,3033.07853027749,2410.40458105924,2258.37302481456,3029.67165018204,3017.05608764402,3033.47078093781,3017.32109000719,2994.3505802569,2866.64724057439,2558.69966353071,2994.26072588876,3035.09772982133,3030.36731516014,3035.41457680246,3016.41455513371,2754.09774064417,2332.16827415936,3005.80627590385,3035.76818666096,3036.0018360679,3036.19168486034,2967.12985811765,3054.63854022958,2410.46351610541,2890.35856399133,2994.46899249354,2905.42043292321,3071.13215739964,2406.74650975163,1399.6240962405,1331.03553427038,2821.91518959438,3006.32945774165,3024.4100270465,3030.88620484775,3024.52361549784,3042.71166614612,2749.64523018229,3033.7436573028,3005.83282804115,2987.35955853925,2987.35867297853,3034.0102777608,3043.21486710166,2918.69187185729,3036.42070762063,3017.32891120689,3005.70885648573,3027.07036849843,2966.58387356354,3065.21661054043,2871.89049574234,3030.1389659097,3036.06765270359,3033.03431761268,3011.54590982766,3023.90604323181,3072.83338507259,3025.32994962363,3027.43588617392,2984.97149109057,2987.37566243925,2986.06667995368,3029.49608017045,3069.7809077539,2490.50630440121,3026.71543897623,2991.83732962029,2987.44304784094,3006.99397946894,3006.15598083705,3028.96715810166,2997.66611867075,2981.55967002389,2967.42787596954,2967.18232026988,2879.33890104887,2919.72779734831,1646.38786844616,919.32054328332,735.032260217035,543.255884775977,520.711438347222,557.821952898094,607.32778584443,538.834763088685,539.213401094074
3027.98957579275,3009.00700320936,3006.77365187796,2979.75688200413,2921.16633424014,2811.44687631467,2986.62548497675,2970.95601278466,2974.75378052544,3006.20312001306,2997.93298359257,2808.03580122574,2940.60779395494,2780.30960588673,2804.69790191005,2782.69972983388,2809.00961876416,2771.31802417917,3052.51037127898,2867.30251493126,2624.62873447939,1840.40515457476,737.732222219548,738.722423878273,1256.79705874208,887.875812173051,1109.56170718671,3008.3589770867,2808.56357305014,2797.66747231681,2796.50166720942,2877.66718109322,2812.78796337634,2815.89234000253,3032.4893414493,3006.48045406012,2989.19235858726,2997.00939220427,3008.22114027564,2790.34893293396,2920.09098191712,2991.87880144402,3009.79524527951,3008.3808207178,3008.82239751429,3006.10314188187,3063.56929268655,2866.83049914374,3029.80810148437,3011.76626523505,2985.26158569856,3000.90639289949,2984.68147757647,2877.59859143704,3030.6874611881,2986.16471828046,2994.88188364975,2985.40561834169,2994.89365102815,3030.8307286947,3072.46985026512,2623.53133212677,3032.36265026702,3022.42495181632,2991.7193475676,2986.20947057364,3032.84668099222,3011.64715771067,2868.45879479605,3032.96822861427,3033.05182604107,3034.86472026193,3006.08667729475,3032.72861255035,2403.67023058256,2250.53979544156,3029.22070421699,3017.18623963252,3033.37195009496,3017.45183245414,2993.46425294906,2863.45761339245,2553.06169923033,2993.37396892952,3034.92636466211,3030.33921673914,3035.23869793593,3015.75177997652,2749.97969291102,2324.86678282659,3005.03447416111,3035.51066951787,3035.74384812931,3035.93183962791,2966.03985604806,3053.37336921808,2403.72733998607,2888.83381609471,2993.57952357125,2903.9660413805,3070.24817818929,2399.98275339019,1385.87806594166,1316.83160337508,2820.13281056283,3005.54635082284,3023.84608730618,3030.85954456299,3023.9588423187,3041.2113600275,2745.45462961459,3033.64560830178,3006.00552843612,2987.52492442207,2987.52404814061,3033.64917932653,3041.72802278397,2915.90487061425,3036.16206182721,3017.46145015252,3005.88035394356,3027.11003949605,2965.48422917992,3064.15075843553,2868.71123813765,3029.69037198005,3035.81075002267,3032.93826439618,3011.70232519109,3023.35097725386,3072.09122611197,3023.5945073397,3027.47736164433,2985.12275352548,2987.46962577723,2986.18101821716,3029.47108436544,3069.01953594301,2484.36516477954,3026.75337985818,2991.89491306158,2987.53774945871,3006.99781828764,3006.32248488364,3028.43339030365,2995.65214879419,2980.58185227226,2966.35945927044,2966.10631167739,2877.78602549304,2918.89786949646,1634.31704849172,902.417004205582,716.933641276383,523.92168924726,501.232690945554,538.581302492559,588.405757005503,519.472249191052,519.853323581307
3028.01822971055,3009.00721185308,3006.77072502658,2979.74630594755,2920.54654715027,2810.55582361772,2986.62343311227,2970.94106229436,2974.74230061968,3006.21112627572,2997.94196896813,2807.31103436801,2940.26171647009,2779.37867695235,2803.8001370087,2781.86237287914,2808.28469729605,2770.39190172133,3052.04870200503,2865.9069225336,2622.24215263289,1835.06222897834,728.472843864054,729.466500806096,1249.3540700617,879.139171758241,1101.60295115406,3008.14628094953,2807.83694703067,2796.899268769,2795.73090242812,2877.16621992375,2811.14949150533,2814.2737282095,3032.48116983754,3006.48598616105,2989.19195249441,2997.01336324595,3008.22717715321,2789.42110219625,2919.69952769002,2991.89532139848,3009.80261714058,3008.3869461711,3008.83074973073,3006.18343918877,3063.40978944122,2865.42355847927,3029.82672765243,3011.84431809428,2985.31344257677,3000.91342806579,2984.72594239993,2877.09768009868,3030.51203794578,2986.20123270396,2994.89414964442,2985.45723431459,2994.90587757754,3030.85062361003,3072.17881301574,2621.13498463134,3032.25206245538,3022.4861407297,2991.78582684734,2986.24598914268,3032.84021767704,3011.44480766957,2867.0699313589,3032.96052391461,3033.04421982404,3034.82751052399,3006.16552018374,3032.6169388057,2400.41703651469,2246.70709760259,3029.06449360964,3017.25882955687,3033.36411806451,3017.52492199652,2993.09901112826,2862.04543279951,2550.38389062284,2993.00847515061,3034.89006047052,3030.35798437497,3035.20075059816,3015.4971000967,2748.09102810514,2321.31469090676,3004.72588432494,3035.43938786806,3035.67257913288,3035.8599696192,2965.56806333626,3052.9111768569,2400.47344109233,2888.11952037581,2993.21308476946,2903.29310999178,3069.95687727482,2396.71439141935,1378.89361182538,1309.60135267752,2819.25646732656,3005.23364324821,3023.63886816628,3030.8794318721,3023.75137643482,3040.64229541003,2743.53241680152,3033.63845005501,3006.08587942483,2987.58516274762,2987.58428982881,3033.53370029221,3041.16492734835,2914.70204319825,3036.09088852261,3017.53536305589,3005.96005946031,3027.15399443377,2965.00800416372,3063.77955740089,2867.30773278133,3029.53553413368,3035.73998883181,3032.93129159288,3011.78097628391,3023.14698870775,3071.85980073851,3022.9140186113,3027.52243677114,2985.17465548036,2987.4983276351,2986.21756489302,3029.49034631463,3068.77756400186,2481.42317477819,3026.79627829733,2991.91142925305,2987.56683835056,3007.00359720798,3006.40036449855,3028.25108169987,2994.83378419987,2980.16827056482,2965.89681855336,2965.64033822863,2877.05116539554,2918.5016826114,1628.22840198025,893.731590470625,707.602379827852,513.921673226021,491.154347445854,528.631956067312,578.628906826262,509.456884713904,509.839278190891
3027.40561750161,3008.65187476604,3006.44934318412,2980.32869592063,2913.48961965954,2803.46225353946,2987.07533700421,2971.76690220882,2975.48157657734,3006.13020750417,2998.2354725957,2802.75817981505,2936.33027899892,2772.82882809844,2796.85495751078,2776.59222077398,2803.69427442225,2764.23733822928,3041.72812100787,2848.10117168547,2598.33771911864,1795.35882736093,670.359362318874,671.368577968289,1199.47730442191,823.366173775558,1049.38131627642,3003.59664320933,2803.23785120714,2792.09244084005,2790.92884721244,2873.31952899158,2791.65070405507,2794.96751613752,3030.74132462278,3006.40834709533,2989.57719965702,2997.18891210295,3008.08987382641,2782.55129066372,2915.87460862036,2992.50895829865,3009.61060066239,3008.24530483946,3008.67077931245,3006.96125810308,3057.47434269926,2847.45531987131,3028.62367386953,3012.34665270685,2986.60810677693,3001.07074061296,2985.95441557898,2873.25431533461,3025.65238464132,2987.27708355264,2995.34265755614,2986.74360698801,2995.35336901833,3029.62005477482,3063.78123348877,2597.11868298345,3028.88315377984,3022.26466025793,2992.99933318173,2987.32019214203,3031.11005007657,3006.92514116707,2849.32520390254,3031.2054463101,3031.2872972424,3032.5255641298,3006.92753023377,3029.21493792315,2371.52711771462,2214.6970739728,3025.09468413152,3017.44287146233,3031.59526416468,3017.70412751837,2987.23186790114,2844.1309196285,2524.69704134195,2987.14092914852,3032.59935471596,3029.1343566439,3032.87405911221,3010.50054011705,2727.11903966457,2290.80838665989,2999.30576914682,3032.56753814589,3032.79084439514,3032.96069453275,2959.09386465638,3042.54716431268,2371.57004982202,2880.82907682609,2987.32221828014,2896.06744938969,3061.64496536842,2367.7300694279,1331.17297370762,1260.71913301117,2812.0635703431,2999.72074515875,3019.07240498638,3029.6470998888,3019.17631127004,3029.05944472861,2722.20190009379,3031.86189351842,3006.86854989317,2988.89046696823,2988.88966640804,3030.03227540709,3029.6566654175,2898.02568279171,3033.19281606625,3017.72275091279,3006.74022382496,3026.46266603016,2958.48543485809,3054.43581038215,2849.31898240248,3025.56797396213,3032.86334711752,3031.18888080365,3012.29252332899,3018.65248677552,3064.43074650783,3010.25899085899,3026.82994654087,2986.47521969071,2988.42907794631,2987.29318016483,3028.3129829616,3061.30834126707,2454.27000339523,3026.10524544728,2992.52429972064,2988.49945783094,3006.91173073468,3007.14202027908,3023.37380629699,2981.09836650638,2974.04391146071,2959.55571332077,2959.25604798072,2869.86288978342,2914.65146712151,1584.86732110243,838.194730569423,649.173019870284,452.534530185954,429.42401825337,467.467515751016,518.225831935523,448.002629988267,448.39084311443
3026.6205065012,3008.23028335913,3006.07444349882,2981.03451731887,2906.4813514686,2797.01476296422,2987.60903584148,2972.76650865533,2976.37210855807,3006.02185455321,2998.57053144716,2798.90091233319,2932.3228884472,2767.10633926137,2790.59637872529,2772.15320605602,2799.79345964317,2758.9656647254,3030.39850361218,2830.03768127142,2575.31502885581,1760.37896453311,622.52233616613,623.542086199338,1157.24635550284,777.10707615654,1005.55137060768,2998.54465064013,2799.33076889254,2788.03756040574,2786.8853217674,2869.77378304354,2772.13662301187,2775.63624609229,3028.64269344444,3006.31608575349,2990.02950293778,2997.38729775381,3007.92617848805,2776.4476932708,2912.09910508086,2993.19952004861,3009.37759114865,3008.07635521507,3008.47064716616,3007.65472417853,3050.65296922242,2829.22511694903,3027.10077894352,3012.71638733622,2988.00170088037,3001.25111327499,2987.29098326041,2869.71236408068,3020.14548945846,2988.45626646184,2995.85084789222,2988.12813718817,2995.86046060038,3028.06051983746,3054.34059637537,2573.98573302678,3025.08647984619,3021.8098496342,2994.25418659003,2988.4974276897,3029.01846271485,3001.88439567567,2831.31863617854,3029.08711256513,3029.1665384982,3029.82601248876,3007.60666334633,3025.38131494936,2344.57972911892,2185.37842848239,3020.68983667669,3017.44531627618,3029.46163117536,3017.69928806196,2981.05591198452,2825.97682144558,2500.22859338531,2980.96507286814,3029.91094570781,3027.58652923068,3030.14720570017,3005.10397999571,2706.43258798581,2262.62954573487,2993.53142929027,3029.26986471042,3029.48129501513,3029.63164521093,2952.44094783888,3031.16715483832,2344.60831016362,2873.75687772606,2981.1208587667,2888.9791474689,3052.30667726879,2340.70552427489,1290.44814128082,1219.18009409675,2805.46688240426,2993.84468760981,3014.07688398066,3028.08541235197,3014.17112650108,3016.4790981073,2701.1665173021,3029.71633481731,3007.56766228674,2990.27225016433,2990.27152507614,3026.08912221781,3017.1510854011,2880.85920339507,3029.86348647622,3017.72498883789,3007.43828924401,3025.48876611293,2951.78530222741,3044.05698387672,2831.05656667836,3021.16251489551,3029.55862382004,3029.0838640577,3012.67134655907,3013.73503116055,3056.00229652691,2996.6628258053,3025.85140804466,2987.87563738851,2989.45914916717,2988.47199712718,3026.81943845591,3052.85729461801,2428.66853153559,3025.13457601409,2993.21395729475,2989.53063535045,3006.80239105465,3007.79993842268,3017.86213100461,2966.53740946781,2967.67324289878,2953.03970655023,2952.69641879542,2862.9569782517,2910.85722152312,1547.25918506578,792.098284215176,601.126068271774,402.512027184718,379.173965456728,417.593038561379,468.85908238425,397.935699473853,398.327792201088
3026.58376528809,3008.20750001498,3006.05355774823,2981.07097090361,2905.97206211628,2796.47839840433,2987.6378971853,2972.81822773885,2976.41858159328,3006.01735850466,2998.59009796004,2798.54294128927,2932.03947080662,2766.6012647785,2790.06893273031,2771.73887615888,2799.43306119052,2758.4864216971,3029.69460996444,2828.76817881871,2573.56367348758,1757.34381255328,617.948172402283,618.969236354871,1153.36660502149,772.730834566661,1001.47405259638,2998.23377601723,2798.96965770981,2787.65930734675,2786.50714160788,2869.48162667209,2770.73629829701,2774.25009242374,3028.53049350089,3006.31150971115,2990.05422831325,2997.39893576907,3007.91782042528,2775.92234867407,2911.81837000172,2993.24034853578,3009.36586212637,3008.0677262947,3008.4610893403,3007.71213171796,3050.25805044447,2827.94415186602,3027.02547302295,3012.75592184366,2988.0895711222,3001.26175329118,2987.3739084645,2869.42042584142,3019.81813554439,2988.52864626069,2995.88067463472,2988.21545243229,2995.89021848209,3027.98356944239,3053.77568189191,2572.22630740822,3024.8603815052,3021.80141665898,2994.33822807119,2988.56970211432,3028.90704242937,3001.57639192779,2830.05366408761,3028.97398051138,3029.05329710975,3029.67509101273,3007.66291844411,3025.15299467044,2342.42931381956,2182.97487469109,3020.42100749881,3017.4639379709,3029.3476005465,3017.71764614055,2980.64622025484,2824.69882327903,2498.33626475615,2980.5553322618,3029.7608288819,3027.50991774775,3029.99462786252,3004.76026002077,2704.91487560944,2260.34811105082,2993.15559681815,3029.07925846692,3029.29005617955,3029.43922619725,2951.98256610532,3030.46042698628,2342.45696595183,2873.22397961746,2980.70953530973,2888.45417973318,3051.7472349384,2338.54766592968,1286.74862134877,1215.38359009227,2804.92547921506,2993.46252966856,3013.7651036626,3028.00834849223,3013.85877175294,3015.68439976395,2699.62273826582,3029.60187675989,3007.62538599096,2990.36159374509,2990.36087361961,3025.85407547946,3016.3617183904,2879.67977883694,3029.67120884873,3017.74395061188,3007.49579102676,3025.44861320842,2951.32341134305,3043.42403464187,2829.7745992613,3020.89395617558,3029.36775847317,3028.97161189547,3012.71152905501,3013.42816344681,3055.50497239874,2995.78915114763,3025.8112862734,2987.96389051547,2989.52147975499,2988.54436486469,3026.74583764264,3052.35642587963,2426.65798317085,3025.09434331021,2993.25473637146,2989.59312277793,3006.79692216035,3007.85479604464,3017.53301584843,2965.58181482507,2967.24262857024,2952.59070206664,2952.24433860871,2862.42876508366,2910.57442913296,1543.92122151432,787.741873403394,596.5250707249,397.660162439456,374.292926149072,412.760091445272,464.090743286813,393.07812666194,393.470713286188
3026.57415073094,3008.19037309677,3006.03587522045,2981.09243083886,2905.18285312807,2795.49128599945,2987.65909270535,2972.84889259291,2976.44742082165,3006.01866526526,2998.60991008992,2797.80414186831,2931.60852406263,2765.61250593865,2789.08435692032,2770.88222108046,2798.69226606619,2757.52098603399,3028.87025701617,2826.89985900851,2570.67716004795,1751.53632591009,608.393908320722,609.418244499525,1145.53531944117,763.670963048568,993.153228855838,2997.87053535507,2798.22718926823,2786.87615994691,2785.72237530949,2868.94137479048,2768.60879938226,2772.14641500147,3028.44481730391,3006.31038245826,2990.0732397692,2997.41045710264,3007.91413262633,2774.91981875625,2911.35938757022,2993.281837081,3009.36067912023,3008.06388284105,3008.45850904774,3007.81237422819,3049.86666828957,2826.05967914883,3026.98535123696,3012.84135315515,2988.19211027091,3001.27331956621,2987.46741554472,2868.88037501428,3019.46717183355,2988.60844088627,2995.91069830389,2988.31739344593,2995.92016275274,3027.94314001906,3053.16903207433,2569.32724663142,3024.62100220844,3021.83985072541,2994.4483314876,2988.64941853813,3028.82313044216,3001.22219843887,2828.19321100322,3028.88795841588,3028.96725827143,3029.54102680083,3007.76123143971,3024.91123467893,2338.66931372518,2178.64117007385,3020.11919697946,3017.53015238046,3029.26074938576,3017.78402353678,2980.09989894095,2822.81310516764,2495.15101072986,2980.008807756,3029.62798136873,3027.46892354059,3029.85879420742,3004.33677989557,2702.5334713588,2256.29185919977,2992.67215933766,3028.89270975216,3029.10304826676,3029.25093537113,2951.32921117089,3029.63359263422,2338.69579731471,2872.35487388106,2980.16119040204,2887.61819832216,3051.14453749728,2334.77202994318,1279.35603949843,1207.75555922061,2803.94405449009,2992.9716882219,3013.39713150439,3027.96783534977,3013.49020454667,3014.72052435839,2697.19954893242,3029.51525696941,3007.72590179292,2990.47124987072,2990.47053595677,3025.60474472312,3015.4058133102,2878.00676728255,3029.48349464167,3017.81139461236,3007.59567262044,3025.45179359031,2950.66447716796,3042.71303814265,2827.89163472342,3020.59326805103,3029.18137282253,3028.88674116031,3012.79788742099,3013.06602935215,3054.98874628033,2994.69202331265,3025.81529220947,2988.06675477292,2989.58805558449,2988.6241729992,3026.70739499173,3051.83048595651,2423.20904970984,3025.09672459568,2993.29618582319,2989.66009495068,3006.79524606732,3007.95135138897,3017.17614873797,2964.3317523957,2966.64862294422,2951.95047844749,2951.59959248032,2861.54981685576,2910.11073257199,1537.39289021969,778.730781714483,586.903112829783,387.407494137307,363.966544633807,402.555141868766,454.048401023058,382.811020745632,383.204850711306
3023.04506015082,3006.43948775674,3004.50840336641,2984.08142082936,2882.53187491673,2778.04296521286,2989.85256767375,2977.07313317688,2980.19043016763,3005.51893651241,2999.95380933088,2789.01993483243,2917.91633739727,2751.5427679348,2772.47883625253,2760.98894961952,2789.73303410471,2745.22664360044,2985.9829018306,2766.33747796109,2500.43321309688,1664.17266088212,510.705137423497,511.735236204064,1051.15845197638,666.788709049861,897.806421608771,2978.33814729475,2789.26137859392,2777.77440708339,2776.69484013123,2858.90786435732,2704.69752287903,2708.77549122064,3019.48495760036,3005.9482589976,2991.91984047376,2998.18559929983,3007.25271572359,2759.26777121235,2899.13882546751,2995.97553258772,3008.38735199339,3007.3802758517,3007.59190367492,3009.52860981091,3022.37757460499,2764.92972663759,3020.12449156875,3013.22452325894,2993.26688221468,3002.01116371854,2992.41536713595,2858.86184818792,2997.62467929261,2993.02442220544,2997.91737202126,2993.35854639274,2997.92280805533,3020.90924964948,3016.24565691771,2498.73303162488,3009.73289155882,3018.9549556783,2998.72952791092,2993.05736786303,3019.8704507755,2981.61906533971,2767.79303701525,3019.83757662272,3019.90565366706,3018.40033890562,3009.44078308439,3009.88045060319,2261.66773297931,2098.17054126594,3003.20731861213,3016.43371530889,3020.15291898409,3016.64935875278,2958.13386588983,2762.05916385821,2422.10994230073,2958.0459589944,3018.52288154594,3020.50162059789,3018.61505707966,2984.39247195534,2636.51361682435,2177.46618437101,2971.75857456788,3015.64143560341,3015.80154621783,3015.87460846629,2928.54729849028,2986.54222506423,2261.64244907885,2850.45551236284,2958.10277606395,2865.20870188631,3014.64996344511,2257.61708330882,1186.19133563127,1113.91270840442,2785.72895887227,2971.6740434214,2994.59414058307,3020.92459245349,2994.64963068454,2967.82145181404,2630.09578786427,3020.34267518636,3009.46508820397,2995.37184989236,2995.37139573417,3010.15892766202,2968.75148536177,2819.04583118497,3016.09764669811,3016.69239819411,3009.34042629775,3020.59266335108,2927.73523390799,3002.77671180104,2766.59007474488,3003.66290981789,3015.89400474611,3019.88342213774,3013.20927557053,2994.55241507074,3021.61393478703,2944.80241620288,3020.92020254135,2993.16893059527,2993.50285213184,2993.03819698633,3019.96354562564,3018.48327702812,2348.37106662202,3020.26552542402,2995.98613753305,2993.57378472698,3006.36182654675,3009.55793258732,2995.39164688617,2911.95520135948,2944.40305292491,2929.63658631788,2929.14096391467,2840.55445535819,2897.86697668268,1447.31770402262,681.960738784812,489.13263598319,288.783644980286,265.258607465023,303.989101380018,355.694870060146,284.171361863796,284.566804412838
3020.30458639303,3005.08801048572,3003.33113011798,2986.37574912783,2865.57092979467,2765.36397391282,2991.53073270488,2980.31474163267,2983.06071583606,3005.13994388507,3000.99419459016,2782.7023610346,2907.29968979501,2741.48438952883,2760.45087937628,2753.98262312392,2783.28255107224,2736.51152907331,2952.93059198615,2720.7582199934,2448.5661206042,1602.62195566589,445.850837200617,446.881271666202,986.698345571209,601.93489116072,833.211648613004,2963.0356514686,2782.80818398932,2771.2757980018,2770.25601518759,2851.31940686798,2656.82365370392,2661.29502755524,3012.39854930498,3005.69230330013,2993.33208531033,2998.77823730152,3006.76697045916,2748.0010654885,2889.71726018627,2998.02819739655,3007.65704183764,3006.87754578846,3006.93618857686,3010.61217179722,3000.85588169079,2718.92567512261,3014.62959869706,3013.27450443721,2997.04479664359,3002.59335138871,2996.11772676912,2851.28478979746,2980.48852988193,2996.34179000121,2999.45589462238,2997.11146070965,2999.45832422395,3015.27587579653,2987.59359976382,2446.60719627341,2998.18524174544,3016.48588140458,3001.85004175867,2996.36858921697,3012.78601142591,2966.24783807709,2722.3309331645,3012.67897671398,3012.73823634347,3009.66092305627,3010.50102776311,2998.22328978258,2205.62046302118,2040.13790783057,2990.14974292419,3015.34032976305,3012.95248215956,3015.52448180468,2941.41766205962,2716.35284245577,2368.43201017547,2941.3325101465,3009.80954977331,3014.92385124318,3009.79810927134,2969.10906521583,2587.3138579201,2120.36803795098,2955.79280830714,3005.31074423314,3005.43166792246,3005.44741088322,2911.32220390212,2953.33275713309,2205.55607879005,2834.17481664697,2941.31658278207,2848.49127358903,2986.32976697369,2201.46957955644,1122.12053910251,1049.61136146064,2772.44778192912,2955.41299972416,2980.13579280595,3015.28376345045,2980.1624585117,2931.79977054509,2580.09714919883,3013.08753045345,3010.56636196514,2998.98946751917,2998.98920194746,2998.18462467742,2932.91164086764,2774.47164286092,3005.66194455065,3015.57638344288,3010.44811554798,3016.61472024016,2910.40151385083,2971.89425532248,2720.44937807017,2990.58904501985,3005.53429585481,3012.76023118775,3013.27891998913,2980.31418107453,2995.63148706187,2906.605398989,3016.91106304514,2996.96771300183,2996.45771889133,2996.35398521977,3014.55931967506,2992.53739315038,2293.62194111702,3016.31178737318,2998.03592106877,2996.52674483687,3006.05147726096,3010.56514810137,2978.30950380567,2872.00365538489,2927.52627684976,2912.76238793109,2912.15874142076,2824.98984141162,2888.43440274434,1384.56345591825,617.132529231977,424.300765736295,224.088618045767,200.591828354281,239.278430040985,290.943042310756,219.482384377199,219.877502575095
3016.07949643933,3003.028309433,3001.54222414661,2989.86955262,2841.04515363514,2747.9754170392,2994.07175479138,2985.24754113148,2987.42397366758,3004.56223233084,3002.58282470996,2774.46634370616,2891.51691754928,2728.15220553978,2744.06326752334,2745.00882714009,2774.84642990616,2725.19256577906,2903.19793324869,2654.23308781123,2374.89845829592,1521.47053111576,369.288575223832,370.311035528097,906.275562346072,524.089687838847,753.850476901155,2939.76311510849,2774.37248158559,2762.88370065401,2761.96077739548,2840.55360083566,2587.39942379966,2592.42152531756,3001.440691835,3005.32933686982,2995.46833643203,2999.66994357445,3006.05405248258,2732.83703030466,2875.87291064931,3001.11901424091,3006.56362978594,3006.13882206498,3005.94475708318,3011.92058467074,2967.95897702169,2651.78080186881,3006.03377003547,3013.00580560376,3002.60186609663,3003.49598200929,3001.59251488424,2840.53612182096,2954.32321140455,3001.26678163492,3001.78548684723,3002.63171911164,3001.78348362176,3006.4622507119,2944.14774267618,2372.56919115274,2980.67580521293,3012.40301309241,3006.33984855443,3001.284254692,3001.82527314622,2942.84319296025,2655.96777299755,3001.60807776899,3001.65361762042,2996.25181964297,3011.78098861434,2980.54895853761,2127.71551322261,1960.63338071977,2970.45037289724,3013.33453302877,3001.82055109309,3013.46813690758,2916.65462983441,2649.67595172079,2292.72162061407,2916.57429631365,2996.43761699,3006.20066306649,2996.27378296384,2946.25953657787,2516.48767444368,2041.59713600304,2932.03876010499,2989.55854302267,2989.61929659153,2989.54889377754,2886.04128022807,2903.36153632481,2127.59329206763,2810.90657725142,2916.44975995105,2824.46170670057,2943.39093509525,2123.44922849703,1041.16428350091,968.907795764461,2754.11262332465,2931.2153096609,2958.42650781423,3006.45853551729,2958.40974973683,2877.80483797369,2508.13354513846,3001.86649164649,3011.90169361815,3004.26461219806,3004.26461727536,2980.03508894708,2879.17919953495,2709.00301553067,2989.74839420248,3013.52912022973,3011.79626247677,3010.26962405015,2884.96586434051,2925.24594129575,2653.08771292169,2970.86103815139,2989.73601584714,3001.74142078872,3013.03721098742,2958.93291194955,2956.10937450749,2849.56931490291,3010.51340428659,3002.55625375043,3000.86577967222,3001.27644881628,3006.1012466013,2953.09977175099,2216.92940085841,3010.00767637949,3001.12234282176,3000.9302236627,3005.60615692932,3011.76896836422,2952.24453740399,2812.63337725823,2902.63577742076,2887.99402068386,2887.2337446154,2802.85720009962,2874.5862429545,1303.41135370321,539.200505160245,347.949160714228,149.587510337474,126.326055593669,164.629086209699,215.80747082151,145.028173629531,145.4195589653
3015.86790948795,3002.92314820169,3001.45043528824,2990.0469769422,2839.69681947464,2746.94861071118,2994.20169871119,2985.49807858124,2987.64587134736,3004.53356591018,3002.66497808926,2773.93791399118,2890.66699922374,2727.32698865182,2743.08668895536,2744.42327596222,2774.3076987114,2724.47155992547,2900.59633300284,2650.62039016477,2370.75807012059,1516.46204484644,363.871065448387,364.893686021308,900.959237819482,518.692512160778,748.50365264615,2938.55315865237,2773.83348213323,2762.33981236757,2761.42143048677,2839.93388743295,2583.59874408704,2588.65223395884,3000.88481374283,3005.31079866809,2995.57776834139,2999.71616493996,3006.0176757052,2731.91829647736,2875.11438467377,3001.27971064944,3006.5081160729,3006.10113466933,3005.89481407941,3012.00470113837,2966.26665918733,2648.13459655336,3005.60283382486,3013.00921806595,3002.89633968487,3003.54257486248,3001.88118377523,2839.91729487868,2952.97182216642,3001.5256040082,3001.90629198732,3002.92425431932,3001.90405434212,3006.02049772277,2941.89523307919,2368.40828597604,2979.76870902979,3012.20933662317,3006.58300546097,3001.54259986254,3001.26957278238,2941.62824099852,2652.36445350179,3001.04655381459,3001.09141025683,2995.56610363833,3011.8633196174,2979.63328199433,2123.21626649112,1955.95719039382,2969.42399801066,3013.24855712771,3001.25582257419,3013.37970047972,2915.3354733861,2646.05274910956,2288.42903438578,2915.25534461165,2995.75395695575,3005.76326226945,2995.58202957338,2945.05616495308,2512.57419366917,2037.00453475189,2930.78028707152,2988.74764139007,2988.80533562952,2988.73044250857,2884.67833216479,2900.74767585047,2123.09097534092,2809.60728543135,2915.12510918981,2823.13015398496,2941.1642593067,2118.94159440189,1035.89604304218,963.612079471191,2753.03968772223,2929.93360925354,2957.28915267141,3006.01619573117,2957.27013947245,2874.96794621223,2504.1565291367,3001.2974347603,3011.98719193378,3004.5465193816,3004.54653905956,2979.09455570738,2876.35669257024,2705.47597987948,2988.92929902874,3013.44134721492,3011.88227057416,3009.95773960301,2883.59429099686,2922.81672362456,2649.43100322827,2969.83343758372,2988.92286189069,3001.18267865443,3013.04214029232,2957.81282268938,2954.06699499071,2846.55880251801,3010.19907984651,3002.85234841573,3001.09648765058,3001.53514830099,3005.67741848672,2951.05989766925,2212.54322721324,3009.69767168229,3001.28281414171,3001.16077865729,3005.58342600262,3011.8471911778,2950.89711208101,2809.48098576832,2901.30223291472,2886.65873807441,2885.88992285994,2801.6126992331,2873.82670902427,1298.28029938318,533.807310258006,342.530604398843,144.153630900752,120.891331849476,159.19595741297,210.377838707698,139.594168740942,139.985580067145
3014.25925655153,3002.14576625623,3000.77674399214,2991.34858422855,2830.97432437221,2741.19467373651,2995.141997637,2987.33369112967,2989.26731591623,3004.32583357191,3003.27498675485,2771.28427146919,2884.62300036075,2723.1143372529,2737.71036885829,2741.66988627097,2771.58100996463,2720.98835283238,2881.83452900224,2626.68588875795,2345.36626724327,1491.93574204161,345.953140112863,346.968453763686,879.324798250447,499.640355563973,727.911525923329,2929.49319961233,2771.10946740982,2759.69566417065,2758.81641378122,2835.99980267135,2558.87331795047,2564.10996626851,2996.55586157363,3005.2065134093,2996.367878973,3000.04665085833,3005.78256018623,2727.02944133047,2869.86469677407,3002.42338613873,3006.12406892794,3005.85647287984,3005.53923458535,3012.23427260909,2953.49035797964,2623.98000488385,3002.13543667993,3012.63790845049,3004.84440856916,3003.90439698854,3003.82327898666,2835.98949430325,2942.76616712723,3003.28894067998,3002.78083892124,3004.85949396448,3002.77703840604,3002.46533536396,2925.29444403326,2342.88881584327,2973.08728415147,3010.40043883944,3008.07794837247,3003.30247322737,2996.93559411802,2932.50342065368,2628.48268223162,2996.67229832369,2996.71180936326,2990.34357225439,3012.08777639102,2972.89020025413,2097.30779853728,1930.16858564854,2961.97086037648,3012.21936926122,2996.86137976305,3012.329268117,2906.22624820968,2622.08282603011,2262.63010765443,2906.14825049769,2990.54395815101,3002.24691324347,2990.31819620701,2936.53492609381,2487.63522627435,2011.1424619525,2921.98718240772,2982.68043054711,2982.71493242079,2982.60795759388,2875.50037053909,2881.89609833635,2097.16157223377,2801.46360709048,2905.97809155032,2814.65449699332,2924.75587486612,2093.00853373515,1013.48931172912,941.606813954006,2746.91827132977,2920.97392340888,2949.13939879811,3002.45637820847,2949.10418098231,2854.72987545189,2478.82735969659,2996.863999898,3012.22692540236,3006.35919628262,3006.35930470668,2972.17537618628,2856.21032640434,2681.69868292342,2982.79988620645,3012.39069728141,3012.12922254419,3007.31029996237,2874.36328754833,2905.10643884509,2625.19018312694,2962.36731520339,2982.83698093823,2996.82710803732,3012.67863450758,2949.78349916804,2938.87511911649,2825.31166301016,3007.52794184291,3004.81198524298,3002.69206530714,3003.29745067271,3002.2625006293,2935.91617858388,2186.70368583774,3007.06864438749,3002.42483117212,3002.75340975782,3005.44890806298,3012.04661393727,2940.73913615782,2787.52528665074,2892.20280308334,2877.66335193068,2876.83929054397,2793.91628347345,2868.58293824922,1274.68329198149,514.658634195105,324.781523674355,127.934261888911,104.858121203667,142.857667751752,193.641628267102,123.411572087719,123.799934976645
3007.61320013582,2998.92774160669,2997.98617731792,2996.6401004174,2795.06475706189,2717.87301706818,2998.96348519116,2994.80083703672,2995.86005619956,3003.51997442263,3005.80739276866,2759.77526497359,2857.94105775198,2706.08252415433,2715.9284207365,2730.16528789923,2759.78022025699,2706.85597671573,2802.58192046021,2528.12565583659,2243.0106488134,1399.81247669209,289.939855369364,290.917219186149,803.875835273918,437.767025760517,657.927793676143,2889.93637639958,2759.3252074941,2748.3845682475,2747.67008522813,2818.49333712241,2457.58675225036,2463.5370592144,2977.70280568292,3004.87890654548,2999.5808988099,3001.40322045012,3004.923157009,2707.27702829281,2846.59685129802,3007.04544358442,3004.64237678921,3004.95847187706,3004.14892317677,3012.24319129165,2898.36243747891,2524.53306508761,2986.80929941173,3010.12697129696,3012.36965720729,3005.4510610718,3011.40662423297,2818.50838776419,2898.35378041127,3010.22986124482,3006.35336079794,3012.33551098641,3006.34348769805,2986.75606678309,2854.60585565578,2240.0265089888,2944.67474949145,3001.88934717108,3013.55897301002,3010.22938017548,2978.05042482025,2892.64612116585,2530.12551264652,2977.62186419424,2977.63884215587,2967.83083879419,3012.09492679768,2944.22127765012,1994.76717542418,1829.42867854116,2930.44952651648,3006.95745486572,2977.73976319292,3006.97078670657,2868.26385121897,2523.41811754552,2159.24619912847,2868.19520729478,2968.07966467316,2986.71558732499,2967.64209228526,2900.78955962028,2386.04164018242,1909.46683093619,2885.23995242427,2956.72892123071,2956.66534868154,2956.42540741645,2837.4523570952,2802.27155800305,1994.53595459538,2768.09145257932,2867.86120582131,2779.85034889395,2854.86703363551,1990.40038039176,933.818340086092,864.147389000435,2722.07996054282,2883.52686682398,2914.83360838133,2986.72662976184,2914.73126586339,2769.60291377055,2375.68267436304,2977.5595105244,3012.27811566019,3013.22666807025,3013.22709720699,2942.77874562763,2771.44978508899,2583.35157072027,2956.58553218595,3007.01827022429,3012.21840316663,2995.33583683742,2836.10421152535,2830.00318426501,2525.37819461422,2930.78731677733,2956.80436525041,2977.85226116351,3010.19170230472,2915.97252061412,2873.89280070661,2736.25810301207,2995.44247598058,3012.38377113142,3009.02984745049,3010.23390228672,2987.1578375586,2871.17024523281,2083.74731014188,2995.17958220175,3007.0401195907,3009.07555129219,3004.99964739952,3011.96291038118,2896.54461640949,2695.85095782922,2854.37312171471,2840.35452625764,2839.3074493939,2762.40923179387,2845.35641700472,1188.07839011197,452.271385212561,269.627153530492,80.6011456940537,58.4698923923579,94.9195108636986,143.672263619738,76.2648216816842,76.6376290451576
3004.15115115299,2997.24756024001,2996.52817455138,2999.3627826206,2776.37961905704,2705.8707486429,3000.92894425195,2998.64375146353,2999.25167183968,3003.12298475356,3007.13954006496,2753.54106719674,2843.34526288582,2697.32721647327,2704.72053340301,2724.09525488223,2753.39787231461,2699.56705670772,2760.55832246408,2476.81780453425,2190.56893952019,1355.23375011002,267.532837262408,268.487467660158,769.785807436296,411.858921169633,627.127305592289,2868.46733860936,2752.95360102568,2742.31520163098,2741.68776865316,2808.85850720973,2405.06287044302,2411.3689639091,2967.49165899538,3004.75527705034,3001.23433838913,3002.10713680293,3004.52553418214,2697.13250655731,2833.83223483267,3009.42110196967,3003.91633897301,3004.54108716159,3003.45872919634,3011.87969677229,2868.68974988721,2472.77139425648,2978.42463754468,3008.43472970821,3016.09112879697,3006.28496768215,3015.19148149861,2808.88654053225,2874.30570750703,3013.71814761392,3008.20672766531,3016.03281480231,3008.19383668312,2978.16345229353,2816.90968285013,2187.32847160038,2929.5406322025,2997.04408852425,3016.14598163108,3013.71047286026,2967.81802997064,2871.00784738932,2478.91792917274,2967.30372772795,2967.30878180027,2955.7237280787,3011.73824501355,2928.95279629908,1942.96936628561,1779.06555303,2913.72505198973,3003.8175336663,2967.38937030005,3003.77709165079,2848.33504640355,2472.07180975617,2106.51657094943,2848.27148998305,2955.99649515427,2978.22269454693,2955.45264395453,2881.93531640453,2333.57642664501,1858.37573151197,2865.91018500571,2942.84840798816,2942.73280051664,2942.42335072798,2817.55469505724,2760.05358703907,1942.69439724905,2750.78439044315,2847.85248475907,2761.77396176526,2817.58978939552,1938.58030033428,897.135401187261,828.827473744031,2709.28808576561,2863.82747833024,2896.69331647389,2978.12283614442,2896.55590168832,2724.60141297264,2322.43154851318,2967.10510354437,3011.93677526776,3016.56594610644,3016.56652410185,2927.13069706381,2726.63462829011,2531.989049431,2942.56564099433,3003.81209481901,3011.90013186197,2988.68488259875,2816.09960508243,2790.06920283035,2473.42282129226,2914.03029197729,2942.87999067463,2967.57290805569,3008.50868691076,2898.08919289996,2839.12881233873,2689.30112612595,2988.72842244451,3016.12901775582,3012.23963727656,3013.71977622735,2978.89053167752,2836.54402530965,2031.46669836441,2988.57686806194,3009.41227181341,3012.27575647854,3004.81400193577,3011.56388156153,2872.61820274048,2647.64389234139,2834.54877913019,2820.83646568327,2819.6751105768,2746.08071123932,2832.6198998297,1147.01448573843,426.051606367474,247.729214275581,63.3510834712588,41.7792160579716,77.3108132453845,124.857514851959,59.1250037653522,59.4885765257363
3003.76413356612,2997.05906354058,2996.36448736756,2999.67895762362,2774.17140016769,2704.33932280936,3001.15847344709,2999.09008072273,2999.64625703848,3003.07223027454,3007.28613944613,2752.80048579972,2841.85336884213,2696.16528487279,2703.28009587282,2723.30823082065,2752.63939418689,2698.58451806237,2755.96656595092,2470.81030807241,2184.03650545293,1348.39960338075,261.624218972184,262.577674401213,763.289777515731,405.765556808124,620.794916180515,2866.26899212379,2752.19544728909,2741.56837453774,2740.95002626912,2807.84963501192,2398.8215696724,2405.17550141929,2966.4537975085,3004.72700499978,3001.4273380062,3002.18809595617,3004.46554558906,2695.80583227411,2832.52461372681,3009.70014906485,3003.82099275282,3004.4787732538,3003.37136604027,3011.96007561438,2865.6008754142,2466.70859787936,2977.60018193401,3008.36960583649,3016.57745851728,3006.37047832481,3015.67389237121,2807.87920925882,2871.83658444531,3014.15444409757,3008.41883794679,3016.5159375351,3008.40555766524,2977.31822669805,2812.87131865827,2180.76339965977,2927.91478566053,2996.62874082086,3016.52734115246,3014.14592711386,2966.77938262489,2868.79572007402,2472.92438223575,2966.25511207699,2966.25889037164,2954.46438521516,3011.81685045332,2927.31186244282,1936.16163311246,1772.18658511124,2911.90418400969,3003.59258121292,2966.3356529503,3003.54716897872,2846.07624984007,2466.05276799461,2099.83500465227,2846.01316619586,2954.74037796151,2977.38646092044,2954.18307656968,2879.83826048776,2327.23981068138,1851.52751478307,2863.73756985612,2941.3784278279,2941.25723207504,2940.93991925902,2815.26097415432,2755.44000302257,1935.88146506334,2748.70093281079,2845.58432031691,2759.6167582548,2813.59797551254,1931.7639774005,890.531355896279,822.27829119928,2707.6695571237,2861.61404625309,2894.69466368404,2977.27650118986,2894.55328444832,2719.63326242419,2315.99472516899,2966.04236593884,3012.01962305099,3017.02226553252,3017.02286630779,2925.44649509055,2721.68973880314,2526.05309771665,2941.08067999344,3003.58245324422,3011.98450143419,2988.0635910335,2813.79225434816,2785.74802598423,2467.33972155334,2912.20654989543,2941.40562022062,2966.52895721909,3008.44567932001,2896.12026742014,2835.44218374094,2684.069062389,2988.10176116238,3016.61817561637,3012.63258723294,3014.15583152508,2978.07882150574,2832.86702306216,2024.72954535571,2987.95973670545,3009.69091855394,3012.66812392794,3004.7783391019,3011.63606543749,2870.15935802725,2642.21614782988,2832.28404825123,2818.58859269455,2817.41327439188,2744.10260825302,2831.31278865356,1140.27671555418,419.943689144376,241.849126031661,57.7264409686163,36.1861898621528,71.6660834902509,119.146082476218,53.5066279730986,53.8696893163642
3002.05139974429,2996.22018867527,2995.63460124987,3000.98254751939,2764.67603258137,2698.23210556238,3002.10200064071,3000.93470948434,3001.27322368576,3002.90336891672,3007.94524405187,2749.06961071363,2833.46964902634,2691.61124456221,2697.55346218204,2719.84598224631,2748.84044750137,2694.69704344141,2733.89343386272,2444.9033019191,2158.41376002473,1329.22369121242,256.82566374094,257.76486283126,751.129400954308,398.779592176133,610.711161810449,2854.29229402266,2748.4042063025,2737.99046515162,2737.41604576391,2802.12450236253,2372.51575636392,2379.03036509402,2960.82066240604,3004.71388796827,3002.22248587006,3002.5343668628,3004.32180263685,2690.60370797908,2825.10645359531,3010.81703470137,3003.51312034856,3004.32567132657,3003.06974508504,3011.27741870518,2849.44813703312,2440.58417433847,2972.86859499278,3007.0045131126,3018.1451855372,3006.80344571929,3017.31583540463,2802.1602110606,2858.52520858396,3015.69897764873,3009.30897608878,3018.07366043081,3009.29440251094,2972.47237708122,2792.81330801252,2155.0209784746,2919.8790026045,2993.65476071636,3017.44162238671,3015.68706262811,2961.13011082592,2856.72096157661,2447.06162741172,2960.56330862144,2960.5609497546,2947.89397086434,3011.14771974214,2919.20788547528,1911.60220389207,1748.83824113741,2903.10250304377,3001.48714133231,2960.63465639099,3001.41013793716,2835.81620411336,2440.14337171932,2074.31816644192,2835.75585070491,2948.18040053788,2972.59964274068,2947.57557309764,2870.04100467447,2301.18455518574,1827.57617970616,2853.74870195575,2933.94005821506,2933.79173918117,2933.43937204727,2805.08202179078,2733.26950876381,1911.3008495403,2739.9322838601,2835.28494263684,2750.44936270485,2793.750710362,1907.20646212884,876.689087459076,809.324265612991,2701.17696383877,2851.43314416798,2885.21946575012,2972.42439815756,2885.06044261689,2696.16306491666,2289.56968871828,2960.27772593358,3011.34816626738,3018.34883816243,3018.3494888353,2917.15206194993,2698.30756531145,2499.95211665216,2933.56979123687,3001.43230475613,3011.32877417099,2984.1849262032,2803.56274430962,2764.64049981974,2441.11549853831,2903.38647064409,2933.94345433703,2960.85585733976,3007.08084813119,2886.7726998808,2816.80096345928,2659.71802112717,2984.18493176485,3018.19701249497,3014.08520763579,3015.69908054672,2973.4084452315,2814.31091929728,1999.66301057971,2984.10978795744,3010.80612620474,3014.11431759659,3004.73611330694,3010.95246123604,2856.91731277958,2617.36012841927,2822.10698223279,2808.59387281284,2807.36322816163,2735.82143484776,2823.91610078849,1123.48809768632,412.758926956869,237.365047899994,56.1243513372174,34.9290783302195,69.8424271392937,116.575496055789,51.9724500292309,52.3297936697727
2993.91419700042,2992.22302244407,2992.15387329337,3007.08850459782,2719.88135474525,2669.95911751629,3006.51533269634,3009.56951420139,3008.88509426976,3002.17428897021,3011.17075069092,2731.09808084768,2792.12007492044,2670.66684372141,2671.07376423245,2703.5868754943,2730.55463866275,2676.8135971078,2627.34570707955,2322.28447085145,2039.49940736728,1248.03103487929,253.377180074043,254.240317055745,708.326009709984,383.67842836575,579.01722521771,2795.40032909107,2730.16085289036,2720.91239355526,2720.5507831528,2773.91555459911,2248.57038868224,2255.80441001908,2933.12894114631,3004.82000310753,3005.94510563214,3004.17568948404,3003.81199370973,2666.6447010947,2788.49359718909,3016.10357795371,3002.20087126769,3003.77238152218,3001.74569688205,3007.13804401052,2770.44634800213,2316.95418251087,2949.4248246807,2999.58162503491,3025.14144473484,3008.99135404031,3024.75182664547,2773.97986175315,2793.15038955958,3022.77076403762,3013.58036099807,3025.02609451466,3013.5599743992,2948.46384842059,2695.47384990151,2035.55884948382,2880.94806803156,2978.5219880209,3021.15045954538,3022.74290387941,2933.34961534468,2797.32798969689,2324.63782855902,2932.58199806552,2932.54996350467,2915.78440193897,3007.09269033143,2879.95118268251,1799.80942559728,1644.18993540259,2860.62103853126,2990.50960489253,2932.62136364655,2990.27429064389,2786.85786014401,2317.557375494,1956.59866183685,2786.81111163077,2916.11683348279,2948.88917287366,2915.29638282314,2823.04075436033,2179.03946754486,1719.38950707201,2805.97348625289,2897.76280305897,2897.48317228594,2896.9637993437,2756.73749902974,2626.25718850185,1799.40880126286,2698.76757140003,2786.14151150096,2707.31553068162,2697.41963880034,1795.45879678079,824.789994672593,762.237524799085,2671.0670982345,2802.73410685933,2839.64246538302,2948.38485331709,2839.39940899766,2583.20208329043,2165.72899137347,2931.94008117935,3007.26234109421,3024.09593331149,3024.0967741229,2876.9902936071,2585.75246598076,2375.94877402722,2897.04161133299,2990.22070356396,3007.32624904705,2964.75471820319,2754.98708112995,2662.48355246157,2317.00111110281,2860.81204862018,2897.64883213921,2932.96167731082,2999.65073231641,2841.79912338173,2726.08512919087,2542.81983929135,2964.55954614274,3025.24503697671,3020.81340675941,3022.76449114233,2950.26040629227,2724.03924139145,1884.71611486219,2964.8259666799,3016.08465165413,3020.80775079663,3004.70800690083,3006.84152078336,2791.89454824079,2498.38201150152,2773.64901565263,2761.10791486511,2759.6202904955,2696.99904837156,2787.4230820499,1055.43343104755,396.589796281371,235.583961626952,69.6479693780843,50.2805375596099,82.1912157763072,124.959729320371,65.8557221201886,66.1827205825962
2989.00785773257,2989.79286358823,2990.03279060509,3010.69599283733,2691.87092543025,2651.89646720167,3009.133490462,3014.68491413752,3013.39383417423,3001.78122938942,3013.09445328661,2718.47347241039,2764.65599921852,2656.90439721256,2654.06673444372,2692.27322418056,2717.74988259853,2664.79277193631,2560.19769569183,2246.24540373867,1966.64070353514,1200.84045816029,257.011706708693,257.825483226623,686.393315543458,379.757394186757,564.30485619148,2757.06594566376,2717.38508794522,2708.93257589683,2708.69940901375,2754.67032131956,2171.95268956723,2179.60544583248,2915.27198607403,3004.95071292796,3008.15659759629,3005.16584603684,3003.58120689084,2651.13676301441,2763.9728090838,3019.16919636753,3001.48876460436,3003.51606129648,3001.01192402636,3003.72697913403,2719.77893491036,2240.31022028297,2934.15090683503,2994.13762431414,3028.86677447136,3010.32525079736,3028.81688969158,2754.75139941638,2750.81423327882,3026.70164312505,3016.08834678513,3028.72843272252,3016.06481387687,2932.82835359444,2633.76367032852,1962.37626523376,2856.28587285027,2968.31446108676,3022.72816755554,3026.66447773616,2915.42979118998,2758.67093583193,2248.71091419466,2914.53969363745,2914.48934796882,2895.23764943228,3003.75042093608,2855.0881058699,1732.08794627674,1581.34922533263,2833.81931356782,2982.86861751475,2914.57245239679,2982.52829105744,2756.23046383593,2241.55845929184,1884.73869392511,2756.19216130858,2895.59592345519,2933.45139815774,2894.65364509479,2793.54634811757,2103.76233503908,1654.13759081971,2776.05411622206,2874.75054138624,2874.38898251866,2873.76699286633,2726.5289203395,2558.82594900999,1731.62774459317,2672.96874552579,2755.4017624082,2680.32169011768,2636.3249599391,1727.77898519753,796.91058434646,737.507496126539,2651.9146396726,2772.23626438472,2810.98373435404,2932.72926713678,2810.68916031008,2512.25291994467,2089.44161136952,2913.67271910229,3003.88413163224,3026.97551221872,3026.97642621381,2851.57245198847,2515.04456585343,2298.88532829623,2873.81067854265,2982.41658257189,3004.00593235816,2951.9160833439,2724.64003622465,2597.9189988228,2240.05929830696,2833.95083239644,2874.56210228114,2914.97166595832,2994.1947916582,2813.50838435221,2668.35150949255,2469.5821604548,2951.59085927786,3029.00039852424,3024.61596573339,3026.69139404393,2935.17154247837,2666.59878034842,1814.78779066921,2952.08405322445,3019.1455753993,3024.58668041009,3004.76024900693,3003.47680808098,2749.78364653181,2424.01107556234,2743.34858730984,2731.41815882628,2729.77509500263,2672.60783018576,2762.98573349149,1016.91307241767,391.973066050769,240.296774141863,84.2668826357208,66.0810270916627,96.0503623637451,136.253507950628,80.707065160379,81.0144291558076
2987.2211766819,2988.89964461908,2989.25116685157,3011.97965854561,2681.22653096026,2644.85593360755,3010.07067697763,3016.51200700121,3015.00416279163,3001.65683412381,3013.78315983242,2713.10348175614,2753.59416874731,2651.37927520672,2647.39978915654,2687.48974767705,2712.31811980736,2659.8594025244,2534.52753979427,2217.62512161878,1939.52432157598,1184.14370003873,260.275395427376,261.06990972943,679.670291476706,380.074820951083,560.403148601049,2741.93143368653,2711.96519619354,2703.83894021729,2703.65248099549,2746.71574767513,2143.20199123976,2151.00191798908,2908.29079251542,3005.02286721686,3008.94957570085,3005.52728300174,3003.52593486788,2645.00576555367,2754.01655317895,3020.2329585202,3001.26007063006,3003.45176196013,3000.77026273879,3002.11156084589,2700.07056776904,2211.47114136327,2928.12070366263,2991.76000257058,3030.02119803088,3010.81379359657,3030.1250539155,2746.80274161622,2734.18603419051,3027.99539077499,3016.97105620039,3029.87587727903,3016.94652497395,2926.65794032296,2610.03417431862,1935.14414696176,2846.80937433804,2964.15420074151,3023.03368703784,3027.95496688333,2908.42197799464,2743.41094367549,2220.12953033055,2907.48663863689,2907.42945821291,2887.26471352119,3002.16730250648,2845.53657081655,1707.15098693087,1558.39978767826,2823.56183222815,2979.66870263807,2907.52219132187,2979.2862005498,2744.60186450078,2212.96041867069,1858.08764950684,2744.56672515177,2887.63167320758,2927.36033162339,2886.64831939569,2782.31634829056,2075.5936625298,1630.20821659222,2764.68397991955,2865.87267389159,2865.4801534195,2864.81997589433,2715.06756057145,2533.05136466785,1706.66917281747,2663.13456103867,2743.73187474919,2670.05114388267,2612.82265444561,1702.86248147468,787.851972816309,729.686854760847,2644.48521126356,2760.64647089702,2800.05125124284,2926.55096952042,2799.73755450424,2485.220913364,2060.90860752852,2906.53356189972,3002.28091420529,3027.78457372822,3027.78549762486,2841.81497967797,2488.09925159181,2269.82254226809,2864.85028546206,2979.14828447147,3002.42689314234,2946.78036463147,2713.12839432045,2573.16727458132,2211.10953163062,2823.670346671,2865.65562909946,2907.9375950169,2991.80975721365,2802.71178724809,2646.06559489173,2441.74702800287,2946.40278897547,3030.16526988367,3025.89471935201,3027.98364459824,2929.21151892976,2644.42955010592,1788.93542479305,2946.98695543479,3020.20769113226,3025.85579165084,3004.80478626816,3001.89006606841,2733.24249049506,2395.80689478669,2731.84703973373,2720.14668496314,2718.44664184059,2663.28336685742,2753.0642354354,1003.64874831509,392.018110733445,243.97996718646,91.8069957638991,74.0806700751832,103.294883986696,142.499455708441,88.3375518726475,88.6372735140521
2980.01577759696,2985.24749574317,2986.04337025941,3016.97324682996,2636.13214271178,2614.36203450318,3013.74462732674,3023.65126055604,3021.29488875889,3001.28888155142,3016.57506418084,2687.45694032825,2703.07970078006,2626.73170164413,2618.35454511789,2664.90952205336,2686.44458563056,2637.35094373373,2424.13566458901,2097.43805850531,1827.89655265575,1122.24726768735,289.302099976706,290.009692567922,663.567913585784,395.821050695465,557.056832229808,2674.2315991764,2686.14819913886,2679.57431016854,2679.57748838697,2709.49880322153,2023.07146781627,2031.42539489167,2877.38676452919,3005.53010444423,3012.06765504875,3006.99403274024,3003.54039412092,2618.08396024614,2708.18788660383,3024.29272734017,3000.56957979713,3003.43159720612,2999.98051393765,2993.41746304252,2613.38454756246,2090.41430964889,2901.09659458653,2979.86287276949,3033.53534174271,3012.88369256884,3034.44338522284,2709.60853607343,2660.22102392433,3032.46501151444,3020.43318189705,3033.37017456523,3020.405458398,2899.01665379438,2507.16879407089,1823.06643124498,2805.80432976982,2944.79301978806,3022.71653523333,3032.4121292596,2877.38729154077,2675.15229419439,2100.08504458359,2876.26647387048,2876.18067257505,2852.30659030495,2993.6474827783,2804.21836771353,1606.53514965135,1467.31026397444,2779.42449280285,2964.32509711813,2876.34355900383,2963.74988724132,2695.19499995397,2092.91587902855,1749.06979931898,2695.17329085936,2852.70367809138,2900.08250998342,2851.57443769706,2734.36570697001,1958.48035150523,1534.43435524062,2716.28806481212,2827.24421404951,2826.72010562428,2825.90142116281,2666.48839298851,2422.23032604467,1605.96687997393,2621.39618576478,2694.15702859979,2626.51957264371,2510.8930127512,1602.36724674042,761.109677736632,708.591169957044,2612.45935941427,2711.31401492287,2753.23071547092,2898.87450216013,2752.83790168711,2369.50970721732,1942.35975820334,2874.94108984171,2993.6373925242,3029.67817153099,3029.67903391342,2799.64534020338,2372.72857213363,2147.35167337413,2825.87169585158,2963.47586024001,2993.89973723167,2923.39309045579,2664.35003866759,2466.31151664452,2089.59104078533,2779.43140293507,2826.90261114571,2876.79317323382,2979.86416770602,2756.44840514649,2548.97669276533,2323.02137501955,2922.77390137872,3033.71884096202,3030.49790475615,3032.44685046201,2902.48667396702,2547.87536561732,1683.82364313427,2923.7763843941,3024.26106469592,3030.41303860323,3005.20729557704,2993.38322097017,2659.66191348069,2275.91068713701,2683.02975044756,2672.33324948235,2670.40326814371,2623.59733070381,2707.40401533195,957.570429887316,406.529185477732,274.891111261791,140.063699794235,124.400540684602,150.223729657022,184.939117237129,136.999866087267,137.265233467763
2974.81948106068,2982.5654997147,2983.67620588613,3020.40487497216,2600.68409763997,2589.20724569996,3016.30525740998,3028.60423768143,3025.65913588207,3001.11507178325,3018.46247170004,2664.04896430103,2660.22115687569,2605.4768934028,2594.1776915541,2644.30393136945,2662.89541363827,2617.39062507275,2337.19237282192,2004.78882903508,1743.08372580727,1078.48585534687,318.153119656513,318.791781886925,656.592736338268,414.149231153257,560.212266247443,2618.377420555,2662.64675459081,2657.3876690974,2657.52603769315,2676.82798744049,1930.84636080474,1939.57534428427,2852.26002180069,3005.98914563666,3014.24800330229,3008.05261530272,3003.67095696352,2595.3658126465,2668.88476205932,3026.86084539895,3000.21342913659,3003.53863514379,2999.53465384178,2984.96235901223,2543.39203518529,1997.14320193658,2878.84130340759,2968.96969037081,3034.86133025596,3014.33578199626,3036.51899186122,2676.9530068962,2599.65537063414,3034.84546641415,3022.69612995316,3034.68988169146,3022.6669827736,2876.26745143114,2425.47660098539,1737.93891412319,2773.2439517275,2928.2301996179,3020.89982330766,3034.78440896042,2852.14560289798,2618.85295318298,2007.52955629915,2850.88670119686,2850.77933809521,2824.17091996774,2985.35932065701,2771.42069131273,1531.15318617065,1399.81482381872,2744.57260604609,2950.8153960173,2851.0242399935,2950.07792110667,2656.57285826253,2000.40774234417,1666.62825327799,2656.56122946545,2824.58598650808,2877.63806786134,2823.37029922274,2696.76398438358,1868.88837355367,1463.06789373011,2678.42504453309,2796.40381788017,2795.77828153037,2794.84023576028,2628.49953539503,2334.9702306829,1530.52286144052,2588.35275347876,2655.4109793757,2592.19520132687,2429.8925090827,1527.09766976358,745.636715759945,697.632108705632,2586.25347300379,2672.72122982003,2716.42677386909,2876.09664098017,2715.97467473899,2278.82736869503,1851.74297938588,2849.26906590316,2985.22016587515,3029.62306717827,3029.62378975141,2766.20903169364,2282.28683660411,2052.71951454068,2794.76204849749,2949.67688207927,2985.58402847869,2903.81763736449,2626.21625286829,2381.81701154578,1995.97559063103,2744.49911005008,2795.96401551252,2851.46804883218,2968.91856472757,2720.05877199362,2471.44012971859,2230.30483329625,2902.9958719305,3035.0703193564,3033.15425500169,3034.82245169574,2880.46367808718,2470.77799511059,1604.6594430577,2904.34751582218,3026.82502173414,3033.03085620864,3005.59568820793,2985.13031567918,2599.39984538183,2182.55701422045,2644.85694062881,2634.90656114007,2632.80698455691,2592.00771770268,2668.24593110789,926.549890300325,423.87426248827,305.231367355696,184.12388647588,170.090560760769,193.234510749566,224.400059042932,181.380384990625,181.618588204266
2969.59495770438,2979.83336119915,2981.25654551652,3023.74210588431,2563.13813916369,2561.87798993294,3018.82849196217,3033.45516822349,3029.9348979739,3001.02594550124,3020.34391517258,2637.36849146752,2612.97837903484,2581.87482574629,2567.79095886792,2620.82163294339,2636.08701113795,2594.93487307579,2244.88009461557,1907.48434152593,1654.63573246578,1034.42578812909,351.386651402838,351.952192400253,651.801911325235,436.224763750135,566.175775081145,2557.65064964095,2635.89084141999,2632.08024154306,2632.35377418581,2640.23213870559,1834.18742560528,1843.28131967628,2825.16716294362,3006.56558654039,3016.40406098344,3009.13248869301,3003.93210135249,2570.40209458439,2625.33744710928,3029.27682566362,2999.98942881963,3003.77717691162,2999.19900752179,2975.08560270918,2468.120631482,1899.21351965178,2854.68791928228,2956.55390932105,3035.47314128066,3015.83286701417,3037.99691777348,2640.37185919615,2534.05505146662,3036.75782779968,3024.88628025399,3035.30052717169,3024.8562320823,2851.58475185478,2338.36730420622,1649.178655836,2738.56779522779,2909.91768139352,3018.09852140379,3036.68901545992,2824.92343145928,2557.65090747106,1910.31457039774,2823.52265485644,2823.39297495402,2793.9923562563,2975.67759538745,2736.49808001931,1453.07220996082,1330.27294699439,2707.56741414258,2935.67839613448,2823.74054513385,2934.76296485217,2615.78938513607,1903.2684919624,1580.85197657384,2615.78816274686,2794.42307195154,2853.28954687494,2793.13208866138,2656.98930396691,1775.15017372874,1389.33815130025,2638.42580115419,2763.4637809532,2762.73183512548,2761.67029041693,2588.37702381008,2242.33357404091,1452.37940950466,2553.21861771922,2614.50092511976,2555.77878305953,2343.49183718419,1449.14459694605,731.799931279897,688.602548942472,2557.89970784441,2631.95177756355,2677.44449678086,2851.38293002487,2676.93124201402,2182.79326724301,1756.97344981002,2821.59517818196,2975.38246877399,3028.7054060426,3028.70592571166,2730.62723500945,2186.49293247272,1953.22163928627,2761.53992377761,2934.21524679266,2975.86006559991,2882.40009190727,2585.94694515488,2291.92014903631,1897.69165153009,2707.40829389246,2762.91961500941,2824.15904714798,2956.43861686595,2681.50187469052,2388.52325726957,2132.29565791415,2881.35579110618,3035.70600884772,3035.46181896144,3036.72973983353,2856.55499335331,2388.3376459016,1522.45345477522,2883.0901186775,3029.23702806211,3035.29572368257,3006.10485113474,2975.50094995168,2534.12209653788,2084.02216097656,2604.54143532923,2595.35667371529,2593.08384529165,2558.32107504798,2624.85970241957,896.108372587371,444.905030192539,340.041972926777,233.469998202168,221.162293397312,241.469309063193,268.874526342537,231.065609695457,231.275038844534
2963.46076169053,2976.50688025629,2978.28295824304,3027.23609031276,2511.30631913112,2521.29064758695,3021.57969220072,3038.67592047877,3034.53839980261,3001.13644464152,3022.1606594215,2593.17485812386,2541.00044419769,2544.83476364495,2528.1360182333,2581.82700377264,2591.80050806043,2558.61021676465,2117.75762013315,1777.59557200574,1538.96506742506,982.798930777913,406.712517399064,407.177836684572,654.934883392368,476.274719561763,584.078447493687,2468.39946148465,2591.68274833581,2590.04726553627,2590.47406021752,2582.18338610085,1705.93401866596,1715.40116453876,2786.14351597484,3007.41653921832,3018.77375775615,3010.40353364877,3004.48444969621,2532.2160959025,2558.11819313723,3031.13452762209,3000.04252051889,3004.30647738246,2999.09113346144,2957.95956851773,2360.71663124417,1768.60134939554,2819.31285326307,2936.12489674909,3033.09645960614,3017.41511164463,3037.05872899971,2582.33754101102,2438.61819926517,3036.81819191656,3026.79434831522,3032.94269155217,3026.76549556223,2815.46647530005,2216.96002053528,1533.16310824677,2690.2153459357,2881.83815424497,3010.76985052057,3036.74240136122,2785.69687728091,2467.74017747529,1780.51026140737,2784.11806460176,2783.95993324349,2751.11755614273,2958.88348124489,2687.82701680577,1352.99620426911,1242.56036278159,2656.3757245409,2911.72462677193,2784.50763424848,2910.54098935099,2560.13009993333,1773.66385805797,1469.44101805532,2560.14195442466,2751.55770448523,2817.67100744591,2750.22547274587,2602.49649408437,1651.38263208203,1295.5751231905,2583.79218005841,2717.18475011259,2716.31151462917,2715.09201356447,2533.52949543104,2114.8122979854,1352.23064469614,2504.12725366663,2558.68549506779,2505.23574873452,2222.95754908634,1349.27710531608,722.414604459198,685.877836301026,2516.25463170337,2576.27505596457,2623.86304488781,2815.21999474921,2623.27228080985,2051.51398383441,1632.01130662732,2781.76755770999,2958.30583247862,3024.00400012253,3024.00404302751,2681.11867427529,2055.48483058798,1819.98461194482,2714.88779225678,2909.74889087739,2958.96080357216,2850.39287563132,2530.92159595263,2167.40636688289,1766.63669507987,2656.09890177793,2716.49733976447,2784.81951365174,2935.8906178134,2628.45281850436,2272.02610521916,1999.01303080732,2849.01681210739,3033.3497517585,3036.4332981164,3036.78365642585,2821.50885013839,2272.53045095666,1416.29310119038,2851.31840458982,3031.09132495655,3036.20430892066,3006.88823704828,2958.83301065368,2439.12718588095,1950.59529552598,2549.46702550092,2541.21101940548,2538.72362147136,2510.85061327996,2557.88696510091,863.538982408945,483.515831999566,397.519150757006,310.799438906846,300.844383961123,317.282740735266,339.554182847391,308.857211810092,309.027360475633
2961.18655839663,2975.22426478996,2977.12524716337,3028.35174549459,2488.37201924144,2502.0573568303,3022.51315021333,3040.41902995653,3036.0766465363,3001.24587007209,3022.57890764136,2570.73679299288,2506.84180942783,2526.52639369624,2509.16709961414,2561.9042553803,2569.3535671727,2540.28765644828,2062.26224764523,1722.16329287728,1490.16053844397,961.979188685005,431.301755515628,431.724815058959,657.49300600504,494.428067083386,592.87350475765,2427.28255489697,2569.27151444959,2568.6330212313,2569.11292813344,2553.73755080786,1651.41836013628,1661.0047654422,2768.47113777366,3007.73714974213,3019.58474586522,3010.86869692922,3004.72923152191,2513.68690269998,2525.88371963942,3031.31452550355,3000.14853191478,3004.54406347172,2999.1403732104,2949.16792837512,2312.45305687046,1712.90370748684,2803.08992688089,2925.96983427702,3030.80665884845,3017.84244333384,3035.48007212963,2553.8957988718,2395.0293710873,3035.8178652801,3027.1288932813,3030.66865825897,3027.10150665723,2798.9162729808,2163.44956390974,1484.23807539117,2668.85562056697,2868.52695260653,3006.24456930323,3035.74049906995,2767.92808792747,2426.33887367668,1725.10206236736,2766.27778739897,2766.10819624009,2731.9063313765,2950.25871549563,2666.33612815344,1311.18982581487,1206.16901355322,2633.89778505543,2900.12007709172,2766.76512534478,2898.81061003412,2535.88665040465,1718.37078527363,1422.6144150105,2535.90360403711,2732.34654228472,2801.35277923134,2731.0195012337,2578.72866954015,1598.91085046849,1256.53749059928,2560.00065817453,2696.62653849932,2695.69390981134,2694.41001819368,2509.55241937762,2059.16191793237,1310.39747839069,2482.12252494766,2534.3803903703,2482.73698250091,2169.7867683303,1307.56875624894,719.657426135625,685.951238495676,2496.70134707229,2552.03486214837,2600.44658965942,2798.64968440027,2599.82453104668,1994.54787434383,1579.09661973956,2763.74526049339,2949.53404419139,3020.62805603323,3020.6278202382,2659.28831302801,1998.615711536,1763.03530348175,2694.17332920731,2897.89702050978,2950.27337096656,2835.49674595156,2506.87421972324,2112.79989153312,1710.76501452911,2633.57058210117,2695.87736964578,2767.00386736126,2925.67280730984,2605.24933924541,2220.33802151225,1941.41385934855,2833.96787531393,3031.06401827346,3035.96025777506,3035.78080599427,2805.42604119202,2221.15082280101,1371.78972934865,2836.52950447179,3031.27073398034,3035.70323040704,3007.18784368978,2950.28264956627,2395.72682559489,1893.10977033403,2525.43304875152,2517.51099223587,2514.93772571131,2489.40131161995,2525.76706540538,850.875355527043,501.060135132627,423.012355926952,344.641902105507,335.675012262285,350.488172578336,370.601123564273,342.893739391407,343.047373589225
2959.85852938559,2974.45733054679,2976.42904186103,3028.93488582875,2473.37088971982,2488.9743491838,3023.02313969613,3041.36568782739,3036.91213179543,3001.3193959471,3022.67261288365,2555.04798021216,2483.81294869033,2513.81518139853,2496.20359162403,2547.9028017523,2553.67005975967,2527.4541496165,2026.4884160446,1686.796159335,1459.11362195656,948.666531817576,446.379692763863,446.776418258415,658.835246600773,505.497127624913,598.105034099736,2400.0045211974,2553.61124246502,2553.6245923277,2554.13348188821,2534.23108654375,1616.69039319639,1626.33975637766,2756.84853559224,3007.88497596862,3020.02926387225,3011.12996549396,3004.84858281951,2500.93139599626,2504.03180893412,3031.16889344962,3000.21347660374,3004.65965334193,2999.18164694432,2943.03901749348,2280.86564843005,1677.38292209949,2792.35528480837,2918.99102840202,3028.87064430232,3017.98064645605,3034.02726153853,2534.39120292777,2366.24839165795,3034.7834699873,3027.12701079126,3028.74534258178,3027.10091169826,2787.97067329658,2128.78611963016,1453.12347912644,2654.97500954566,2859.57902983078,3002.85039644239,3034.70563112897,2756.24123788108,2398.88064610734,1689.7464843541,2754.54687680361,2754.37026535655,2719.33763776918,2944.24418128491,2652.37372022429,1284.63100783205,1183.04548281788,2619.33139371486,2892.23964444676,2755.10507563099,2890.84591457151,2520.21132780172,1683.09674270496,1392.85466376124,2520.23130937937,2719.77669462221,2790.56115924792,2718.46092368993,2563.36702290062,1565.50389204221,1231.73624197858,2544.62720111977,2683.23305340807,2682.26303912159,2680.93920379153,2493.99988464891,2023.29525403573,1283.82313300244,2467.61142108158,2518.66742583635,2467.96320192495,2135.32679682819,1281.07406484111,717.676310499164,685.740665449589,2483.46402912068,2536.37447617038,2585.30340022264,2787.69096127424,2584.66204391269,1957.94115460611,1545.43032912066,2751.89841202275,2943.41732234088,3017.97167126043,3017.97123306018,2645.11589700174,1962.06427925399,1726.69093682324,2680.68170606748,2889.8493712925,2944.21305340238,2825.57097921067,2491.27819399085,2077.51701931005,1675.13950995801,2618.97240224156,2682.4445646306,2755.28764943778,2918.65012784759,2590.23703720883,2186.73706596054,1904.47576838867,2823.94147464455,3029.12887913084,3035.30675603623,3034.74492474764,2794.78036149894,2187.74928127379,1343.51066735357,2826.6739077898,3031.12509202493,3035.03190142644,3007.32450818971,2944.32230255485,2367.06452674937,1856.29478636304,2509.86842411207,2502.12823180626,2499.50181957736,2475.1916509201,2503.99058508761,842.681556515007,511.749002999215,438.652640430965,365.478431542272,357.126144880501,370.928408050262,389.698188314283,363.850953571486,363.994311557584
2959.23361042624,2974.06572157217,2976.06700784526,3029.09617414591,2463.95632739748,2480.15946699771,3023.21018750206,3041.69151860746,3037.20081056037,3001.39731498549,3022.55305935705,2543.83336728772,2468.26069191807,2504.92786210332,2487.39342435384,2537.84970017727,2542.47406415357,2518.33311461391,2004.3795374763,1665.54518523227,1440.72812629449,941.230379297667,455.83878273006,456.219982269109,660.18431978782,512.595392390785,601.751735605687,2382.10801872762,2542.43031742088,2542.86938542941,2543.38949731932,2520.6773435352,1595.9304513684,1605.5977767315,2749.36257353709,3007.95555047673,3020.19735027232,3011.25012178073,3004.92792590149,2492.15207301142,2489.13270048964,3030.77735449422,3000.29723742511,3004.73806927494,2999.25694898765,2938.61876008906,2260.68169149222,1656.06125891349,2785.34854689033,2914.08365940465,3027.07172933711,3017.94255369433,3032.56724261376,2520.83754559167,2347.53350534844,3033.651002767,3026.88852644597,3026.95792630099,3026.86367888578,2780.83221306624,2107.11842212998,1434.71059822623,2646.28038454173,2853.54395820056,3000.11476477521,3033.57358301683,2748.71178143906,2380.87451252439,1668.49652468131,2746.99321547973,2746.81273193069,2711.33606206668,2939.90524735665,2643.63239390776,1269.10432081856,1169.64585006293,2610.27174321152,2886.81838149877,2747.60624615974,2885.36837316004,2510.55579326091,1661.91052851274,1375.31953889195,2510.57735001469,2711.77244092138,2783.52451640775,2710.47485819079,2553.88915916698,1545.59980035455,1217.29958209802,2535.16027689567,2674.78923686759,2673.79723024064,2672.45092575272,2484.37744203747,2001.13821194312,1268.28924857715,2458.37026068587,2508.99178637719,2458.62747185676,2113.76484906643,1265.59027302975,717.047452804174,686.16679594407,2474.62249561029,2526.73350345581,2575.9380493123,2780.54409506119,2575.28600089016,1935.4828120681,1525.40360650874,2744.27439851128,2939.00376635348,3015.69309327583,3015.69249581123,2636.25747080202,1939.62981804724,1704.8107769357,2672.18046118936,2884.31339803667,2939.83770533552,2818.99454676329,2481.6324247223,2055.59152981114,1653.76245833462,2609.89359724817,2673.97682813343,2747.74124026574,2913.71041348784,2580.94314189051,2165.57137624483,1881.92842558213,2817.29899392297,3027.3281592769,3034.47243290141,3033.61167907729,2787.8269111561,2166.7103230446,1326.90355993741,2820.14297637401,3030.7339790441,3034.18626773887,3007.39233571134,2940.02621489457,2348.42080878495,1833.90777720951,2500.25900560451,2492.59647514107,2489.94100199222,2466.06299001256,2489.1414520149,838.324008868814,518.622001965277,448.441683615025,378.320119750676,370.328242750154,383.537566397757,401.518585575133,376.763385338793,376.900709235107
2958.30586602099,2973.25021549894,2975.26718772395,3028.47145945059,2431.75403820392,2446.49604318398,3023.04536971345,3041.24042606844,3036.80633126107,3001.77568396517,3020.97727334716,2497.49553623764,2408.67210957152,2469.23318780889,2453.33597009345,2496.08538111315,2496.28918429052,2480.92238312729,1931.03309945064,1598.94139221823,1385.07382886547,922.645422514413,490.482520959517,490.815747367716,669.692414515176,539.962231065246,618.389140837717,2316.41531760912,2496.29987854081,2498.29255863078,2498.81047396139,2466.67226786381,1531.59830191647,1541.19397997609,2722.5876621475,3007.95141423132,3020.09209576649,3011.35583929883,3005.1116635326,2457.61964818658,2431.27277819939,3027.56336017429,3000.73472342135,3004.92670716596,2999.71806947481,2920.0722391246,2189.65571913561,1589.37203066057,2759.75272970759,2894.14538018026,3017.40584403632,3016.95850805101,3024.26392779237,2466.82638401755,2279.78450656585,3026.84327049939,3024.56299148001,3017.35190737555,3024.54505977787,2754.79113682175,2033.71698050809,1379.05487348625,2616.6011892657,2830.38943933746,2987.12889945323,3026.77151836508,2721.77005766199,2314.82715269913,1601.85748101282,2719.98905481623,2719.79846722449,2683.2586835886,2921.69162637523,2613.82094962192,1223.68119272864,1131.46155874199,2579.73039700304,2865.43124858654,2720.84998959511,2863.76849655716,2478.57669544119,1595.56862414065,1322.89512887072,2478.60174995267,2683.67453579694,2757.86173570139,2682.50446212758,2522.39771862895,1484.40977301099,1175.59722647229,2503.81635515197,2645.64389342969,2644.58544588484,2643.17766327665,2452.2617870721,1927.68771950838,1222.8568202271,2425.98348028765,2476.96464716499,2426.32523252359,2040.59366879864,1220.33316336823,720.322814996814,692.774542637837,2441.27705628229,2494.83103510967,2544.68448061639,2754.47337389131,2544.00423150069,1861.99979618529,1464.04375991434,2717.04434604705,2920.47458334678,3004.23078442307,3004.22945596639,2606.13236622153,1866.16257629205,1635.91625272069,2642.86348624402,2862.4770867962,2921.45516083447,2794.41527655472,2449.46054370133,1982.10796829595,1586.944640688,2579.29148045153,2644.75429882908,2720.75033049679,2893.63378962693,2549.87094264903,2092.88889462237,1808.87593809443,2792.47767918022,3017.64222595511,3029.02518385155,3026.80224374161,2762.39796130197,2094.47031044454,1277.70744341362,2795.72738791447,3027.52407519677,3028.70029105713,3007.40237173105,2922.01022144464,2280.89582998132,1761.93032066101,2468.30427281942,2460.69734865601,2457.96791036947,2433.61415679945,2431.46786484856,829.647864198685,545.285533930519,484.094535557742,423.33386192514,416.442909511784,427.840100899398,443.404444654627,421.993045806009,422.111885181221
2958.08914523078,2972.9464762125,2974.95333579083,3027.89894011382,2414.91787018633,2428.0427525681,3022.78827957034,3040.67985014802,3036.31326400172,3001.96873940755,3019.82924809749,2471.54706909175,2376.3504464703,2449.32137432345,2434.58581403182,2472.60058093493,2470.43959776538,2459.92095803179,1893.60789722561,1565.70230222886,1357.56921757384,913.649119662897,507.208229825918,507.518492288085,674.367937439269,553.20880519176,626.484437087591,2281.41900877075,2470.47856391282,2473.28332070874,2473.79030988719,2436.90461696909,1499.62359781335,1509.15526034061,2708.47637100856,3007.82760142925,3019.89020198998,3011.33434700268,3005.12249024605,2438.48590966172,2399.7156176482,3025.41751706634,3000.94274176983,3004.9416509708,2999.96433453817,2909.72340334448,2152.49824819957,1556.12291905613,2746.15517978235,2883.14084053091,3011.59321680627,3016.18552328458,3019.1934330459,2437.05417106055,2243.90824751386,3022.6221166349,3022.95378886755,3011.57462248159,3022.94003992459,2740.96633585381,1995.93414918616,1351.56900028162,2601.23446738739,2817.86690224462,2979.58932148406,3022.5542878324,2707.56963824197,2279.6552905676,1568.59251871918,2705.76060944715,2705.56555204633,2668.56981555651,2911.52553259714,2598.39194448371,1201.4034339909,1112.80624552683,2563.9910101175,2853.74913778333,2706.76288903834,2851.97173929362,2462.16519128819,1562.47040826697,1297.07832368999,2462.19155250775,2668.97291977364,2744.23850592684,2667.88296717322,2506.24475928555,1454.0592219124,1155.18379259792,2487.74700797423,2630.4928279562,2629.40216452749,2627.96596425199,2435.69212744829,1890.22287144973,1200.57764523934,2408.85080768637,2460.53261340407,2409.33932579157,2002.89903050921,1198.14275576273,721.98616259066,696.050223970565,2423.08348020503,2478.48103427233,2528.63624545864,2740.63314114774,2527.94325668403,1824.72887494168,1433.65806553386,2702.7032258424,2910.13345211262,2997.46305949776,2997.46131506438,2590.55998505988,1828.88568153573,1601.49852550314,2627.62968325008,2850.5509058237,2911.19269578793,2781.24852698405,2432.8657639447,1944.45250273538,1553.64384228422,2563.52232652889,2629.56474827467,2706.52639829926,2882.55218184566,2533.90313865442,2055.25719075047,1771.97612648475,2779.18336534207,3011.81605644947,3025.57564034145,3022.58049204806,2748.88299436145,2057.06599634579,1253.52113941388,2782.64617206577,3025.38103051901,3025.23150791663,3007.29011404832,2911.9567298621,2245.12891140898,1725.68118912263,2451.86106318368,2444.22133208439,2441.45839925028,2416.34396568403,2400.00898436284,825.48846932334,558.19372764849,501.300829218992,445.004162760531,438.637199673416,449.17168150788,463.584053619813,443.766071060513,443.87610007878
2959.51259608136,2973.01840320957,2974.85841618203,3024.46086341748,2370.63955337066,2373.62888241686,3020.82798798516,3036.66385070888,3032.77934240731,3002.68860402935,3014.90404359837,2390.19539789945,2281.0575896153,2388.12975721132,2378.71524788303,2398.65083131397,2389.4941333443,2394.36495067827,1799.16346802673,1488.12183870619,1296.50886546429,899.275621718813,551.163086997865,551.42300514155,691.75967692977,589.569840008214,651.43009442691,2182.32121150217,2389.61128322782,2394.68849180496,2395.09894044025,2346.18163216812,1426.23372527552,1435.38652601164,2669.64400950285,3007.10665102199,3018.27909500596,3010.81115999117,3005.01611496779,2380.64134922911,2305.57610970043,3016.71772955478,3001.7537384542,3004.85932438648,3000.96998359545,2877.04278886641,2051.85829641063,1478.76901229054,2707.91870022447,2849.19742538919,2990.61926733181,3012.75798136647,3000.49173920085,2346.30874075025,2143.74227019932,3006.75681675001,3016.25776060774,2990.72692120796,3016.25930656335,2702.14498764519,1898.04640768366,1290.70567473924,2561.10509293124,2781.00437604904,2953.91532797432,3006.70627651753,2668.47523332703,2180.13497663056,1490.88321652829,2666.62596997258,2666.42444672195,2628.97559213048,2879.41239146834,2558.14460667591,1154.43797261384,1075.0408244325,2523.50563496714,2818.54179606143,2668.097672754,2816.43093883211,2420.82756211355,1485.31896192446,1240.85291492412,2420.85412324283,2629.32700838989,2705.99370437897,2628.55394204278,2465.4299613939,1385.17874126397,1112.97147225353,2447.3106701865,2590.4092269013,2589.24882198314,2587.7634241466,2393.48609528905,1795.7742286287,1153.63340433645,2362.47602935599,2419.17498098741,2364.03823355665,1905.02592395166,1151.43188326695,732.545032172063,710.281175388242,2370.03046789554,2437.36966207679,2487.87222189369,2701.76997420553,2487.15962156409,1732.3884581766,1365.08283334924,2663.29854872634,2877.46379808609,2973.73856338618,2973.73542543845,2550.07943184653,1736.42350964155,1520.67851256836,2587.37069684946,2814.61168966106,2878.75474334997,2743.39836915963,2390.63108691151,1848.18266751921,1476.25605424995,2522.96750980587,2589.38838275207,2667.38481567168,2848.36179312687,2493.24681920733,1956.14638545767,1681.77332305358,2740.97358181936,2990.78372192801,3012.28621274982,3006.71525842187,2710.83729657498,1958.56182537495,1201.55155248561,2745.03245264867,3016.69296521447,3011.89219016905,3006.63794847547,2880.22186926086,2145.21479948924,1637.9950792804,2410.20113303412,2402.10949450443,2399.29955294245,2368.86390453151,2306.15055107397,822.468405995085,593.79918007543,546.289604992642,499.644390209721,494.402155027921,503.083101616285,515.008764854105,498.626449947331,498.717466665368
2961.26129446224,2973.43982441759,2975.11490418623,3021.45645504085,2341.17545518034,2334.81100261715,3018.99768098036,3033.03237997161,3029.57628726425,3003.08491572272,3010.52310044173,2330.92229832046,2214.32867743348,2343.60934235993,2338.65492259259,2344.48002748928,2330.54762135152,2346.36901666388,1739.56361460513,1441.79151515288,1261.19109483245,892.28572677791,576.417499027978,576.650508619229,702.736308826007,610.783919662573,666.475446376878,2114.6998222684,2330.7156648235,2337.28940978248,2337.60571907391,2281.32476892863,1382.9282108536,1391.74636540933,2643.53610384082,3006.13766286916,3016.7478322355,3010.19436663551,3004.56819356559,2338.85703513274,2239.17256188334,3009.41313770874,3002.12761901471,3004.43171945421,3001.57153835392,2853.36043268393,1985.18611996212,1432.69758772759,2681.89501928904,2824.90177684676,2974.32576800165,3009.56884609513,2985.78573969843,2281.43279246744,2076.02745674698,2994.12713628121,3010.49597739724,2974.52918463803,3010.50942473128,2675.75277989387,1835.13228507943,1255.57963313678,2534.92667740084,2755.27976905573,2934.55192535708,2994.09104072917,2642.18899651051,2112.26598236973,1444.44407733668,2640.32707153752,2640.12378880401,2602.67568292835,2856.13071416708,2531.90915519599,1128.11026888181,1054.32526552298,2497.32293244961,2793.6572343022,2642.14518707854,2791.31467288563,2394.28971052208,1439.2846996181,1208.7467271156,2394.31476718612,2602.98702525937,2679.99437589721,2602.46484288084,2439.26695109004,1344.80939411135,1089.55197077034,2421.40823611894,2564.07411780415,2562.87542370048,2561.36884610607,2366.09176894634,1736.21799779429,1127.3305109966,2330.99924825769,2392.63772961455,2333.59144138203,1842.02041660609,1125.27513180485,739.743198591585,719.51774483295,2332.4007816434,2411.05555589297,2461.69086884801,2675.35039477971,2460.97140858782,1674.89190282691,1325.08677090128,2636.83825769727,2853.78452696897,2955.58363889895,2955.57947863676,2523.7524364332,1678.8016417862,1472.2546770489,2560.94131050096,2789.21487288084,2855.23428149153,2717.32670645899,2363.23014725302,1786.87529911772,1430.21062028057,2496.74537216892,2562.99790588841,2641.07410019539,2823.88879614647,2467.09313420643,1891.71652818413,1626.15280633906,2714.66186397712,2974.44208978931,3001.53833141957,2994.08659870404,2684.9253130263,1894.51945677578,1172.09623994572,2719.11637143073,3009.39828592754,3001.11531474241,3005.72557564915,2857.21801350491,2077.64169686185,1584.32317718596,2383.30657020044,2374.71917977413,2371.89344050437,2336.33191303265,2239.93483561519,821.960057464481,614.601832686227,572.085795084875,530.524766643256,525.870452910167,533.58152670057,544.19943349939,529.621711422433,529.702733089146
2964.53420915007,2974.52686656107,2975.92911181001,3016.92416778746,2308.23621908162,2287.11486072513,3016.07788244462,3027.39502904778,3024.59294919937,3003.36785495253,3003.76528094359,2256.19773784718,2134.28823935163,2287.57398889464,2289.1198956676,2275.74714669956,2256.28084034765,2285.50767050311,1678.3934667336,1398.90213381289,1230.70145496048,889.095609236886,598.618836143411,598.832482285444,714.499382158766,630.115698292891,681.23031848736,2036.37839602748,2256.50386781504,2264.72348611542,2264.88526669913,2201.4411534734,1343.82564391397,1352.13176177478,2613.90427774311,3004.20897406247,3014.27050206549,3009.04723246784,3003.40752908147,2286.71847881399,2158.76372520287,2998.71036931015,3002.23880650853,3003.30076661322,3002.10460007658,2823.68149841857,1911.20208125231,1390.27758984989,2651.84154724153,2794.91328019689,2952.23177218767,3004.46487686323,2965.58823854297,2201.52099800341,1998.6249871958,2976.55961580177,3001.86176895492,2952.56154929206,3001.89137337896,2645.32209154264,1768.55186524648,1225.40536219802,2506.52474092803,2724.54426366101,2909.12653930633,2976.5445306829,2612.35158616144,2033.72344515278,1401.39441935374,2610.49882889433,2610.29778444596,2573.34960580488,2826.93716098973,2503.47899639444,1107.0754030459,1038.75268317428,2469.3002281222,2763.42824830972,2612.76013434945,2760.81044604142,2366.21987969865,1396.74437289007,1181.8544224466,2366.24055155008,2573.60684249576,2650.01782637104,2573.43110234526,2411.66045927469,1308.89554599033,1071.36333123404,2394.1069610388,2535.18831483088,2533.96029245102,2532.44916053407,2336.60514483427,1675.17370836252,1106.3411274128,2294.79198490632,2364.59153941229,2299.05567757001,1775.17004308866,1104.43478741701,748.528465433285,729.924923166196,2286.4986240127,2383.35657515575,2433.97796710052,2644.88990687782,2433.26107219853,1617.24497832378,1289.87499608549,2606.86009689222,2824.10208575241,2931.36035538303,2931.35489684574,2495.32519666399,1620.94086664745,1427.11726049414,2531.98732183793,2758.37194306794,2825.73675292156,2686.71597312283,2333.75668082011,1722.97440963456,1387.8999437549,2468.68984211342,2534.06081001553,2611.22078456802,2793.68083006702,2439.33845699288,1822.27442732942,1571.36121921882,2683.78194648764,2952.2789562854,2986.34841958407,2976.52185232391,2654.97132613013,1825.48339263842,1147.88238511635,2688.67639767461,2998.71011779148,2985.90019511281,3003.87757265619,2828.37773469015,2000.35473834653,1532.17162561476,2354.60338861207,2345.14017531957,2342.32235661697,2298.41806396195,2159.73711835896,824.280555013079,633.62203214251,594.654794823048,556.599953232713,552.341606835816,559.397401473765,569.117996840299,555.773868939388,555.848039811073
2969.47922090854,2976.35338185239,2977.3652071161,3010.71985326406,2271.13326932178,2229.15463422853,3011.96592917657,3019.57514044856,3017.67227837935,3003.47717660705,2994.22786721729,2163.93359154763,2039.20132149125,2218.32670909707,2228.65502483233,2190.43427104776,2164.62054982134,2209.93140722737,1615.34372128176,1359.62612595459,1205.25351804886,889.431210026956,616.206376103887,616.409512234128,726.161338389273,646.205762112418,694.617527654412,1945.96821473508,2164.9026415128,2174.9230203527,2174.86229114955,2104.55341914961,1309.15903842966,1316.75697333177,2580.28029707957,3001.09179798588,3010.75397352565,3007.299603506,3001.33749782051,2222.66133738809,2062.52105460549,2984.1005931857,3001.96509962076,3001.27047792965,3002.49526456256,2787.28788101201,1828.94261214269,1351.70543503814,2617.24397058852,2758.54948281656,2923.60181027806,2997.09529218454,2939.18868901259,2104.59496459319,1910.27748941428,2953.39652195161,2989.90023131579,2924.09179602196,2989.95078396904,2610.33956926691,1697.76612525124,1200.41002649188,2475.53636097915,2688.18997261696,2876.89199167389,2953.40984867009,2578.49309806651,1943.12456257453,1361.90137646357,2576.67332536177,2576.47901616217,2540.57389416615,2791.1212334983,2472.49422055849,1091.49428120618,1028.39428328757,2439.0998214373,2727.21343759021,2579.48548663565,2724.27110612972,2336.23616467346,1357.87377590682,1160.39916168,2336.2491612558,2540.76194457861,2615.55738214199,2541.03880943574,2382.27929656423,1277.66694331432,1058.52200219005,2365.05975476626,2503.36816917795,2502.12093335001,2500.623570505,2304.54368682901,1612.34211890666,1090.82851961341,2252.99278888503,2334.65660065677,2259.65530941046,1703.9138480326,1089.07265773414,758.163754507711,740.686436010116,2231.01115705262,2353.92644479958,2404.41065150494,2609.87498946039,2403.70672386361,1559.29570569868,1259.71415762472,2572.89828360019,2787.69764353411,2900.31292325187,2900.3058637798,2464.44718621119,1562.67931825275,1385.44503127291,2500.1283977061,2721.43033115089,2789.54541442957,2651.00534362861,2301.72866520177,1656.05965661177,1349.53090354357,2438.46463009609,2502.19432293446,2577.35581084871,2757.05147764502,2409.65335455758,1747.1259307072,1517.34976640124,2647.77111611681,2923.5562995325,2966.10439930768,2953.363598981,2620.45948319978,1750.75869187183,1129.10345625331,2653.15236616648,2984.1203429198,2965.63648360773,3000.8658938234,2792.99781865131,1912.09167695874,1481.55661656297,2323.66156228956,2312.88275106094,2310.09796311723,2254.18155539501,2063.730171255,828.949436182127,649.518376985162,612.406691026866,576.013281403891,571.926885625274,578.694622285302,587.997549808372,575.219936724689,575.290930871203
2971.09895229819,2976.96279520527,2977.84827098114,3008.75255263403,2258.69005552245,2209.66553096607,3010.53565381435,3017.02675721988,3015.39686426026,3003.25532769103,2990.66593275917,2133.54447551214,2008.51284253256,2195.13379074726,2208.34500077113,2162.14903850587,2134.4269673047,2184.69367170414,1596.06771458661,1348.08149613209,1197.92931744744,889.340878023329,619.892738434084,620.094150799409,728.804985646544,649.662888699505,697.571738105322,1917.1379843837,2134.72603149938,2145.27322331298,2145.13731573505,2072.99270436093,1299.07554461014,1306.43797955563,2569.40415387941,2999.64694013162,3009.50124612641,3006.56345856904,3000.24324380128,2201.1551999813,2031.36277467588,2978.91894509603,3001.51129901796,3000.18811811416,3002.32047831837,2775.40745189624,1803.09879490758,1340.40155907766,2606.0493419779,2746.70861750284,2914.02194113616,2994.23585106592,2930.29573273606,2073.02173428397,1882.23665922672,2945.5200528582,2985.56220983353,2914.56311475737,2985.61967190566,2599.03092559014,1675.88872452083,1193.23821610096,2465.48977073548,2676.40839607583,2866.22737703116,2945.54283905064,2567.54601061564,1914.24854410108,1350.28515596361,2565.73722269784,2565.54543676149,2529.97631174354,2779.42046687533,2462.45079773565,1087.08860361862,1025.46360383069,2429.28791723477,2715.45337322261,2568.72611572126,2712.40617572926,2326.33986662732,1346.45288957563,1154.29117777497,2326.35006475909,2530.14315791067,2604.41311202631,2530.56636796622,2372.66716230426,1268.61118324489,1054.89302135213,2355.5062143709,2493.07439178294,2491.82241671357,2490.33036362223,2293.8775956218,1593.1443589206,1086.44619170118,2238.93260272636,2324.77615339445,2246.415327081,1681.86770374386,1084.73408855867,760.363063991926,743.137538792457,2212.34044225097,2344.25560836664,2394.77496453721,2598.5564702914,2394.07565630318,1541.74343480332,1251.02884504303,2561.92345900434,2775.81335359765,2889.9928076844,2889.98524452781,2454.44205440415,1545.0212547906,1373.18598923855,2489.82596715785,2709.43991336311,2777.72663856164,2639.4492098261,2291.07070685065,1635.48882384355,1338.30057921833,2428.64724669142,2491.88769238471,2566.40724763102,2745.12750335543,2399.97825171236,1723.74833453879,1501.10535802676,2636.12379687108,2913.94586482791,2959.14103681596,2945.48901105098,2609.28957301203,1727.50218201913,1123.76937121369,2641.65224520557,2978.94562823862,2958.67027353813,2999.45061301174,2781.4342169886,1884.06815741697,1466.41144631836,2313.40935039491,2302.15636665466,2299.38092625806,2239.3059112039,2032.64166387999,829.936226084185,652.937023914714,616.110421147285,579.92369427705,575.853799915632,582.592702076573,591.846018554611,579.133258372792,579.203879043964
2975.63417671116,2978.80184361171,2979.34860979784,3003.64211938317,2232.32637711736,2164.49179632157,3006.81198344325,3010.39021881258,3009.47755877641,3002.55312622587,2981.2479769194,2061.9243924117,1939.2969103902,2140.4098453882,2161.0429114669,2095.11070844412,2063.299591717,2124.84512236993,1560.94693413874,1332.12938633704,1190.6594453116,892.468224023087,620.151122415956,620.359643026819,732.412133790762,651.086275447879,700.268934000794,1854.41528668526,2063.63124238677,2075.22620372727,2074.88672746591,2000.06698901044,1286.50158516803,1293.24735169581,2546.3070590354,2995.60160816344,3006.2320470713,3004.59993271988,2997.10843709575,2150.71932407632,1960.45904383287,2965.52878026413,3000.08879101725,2997.08357499182,3001.69292597768,2747.69214034867,1749.72191469657,1325.11873546169,2581.8292229903,2719.43205496364,2890.35317829339,2986.57544675552,2908.14314738197,2000.06364066479,1822.14171010087,2925.74301526142,2974.23151012285,2891.01813219435,2974.30609834929,2574.61146644506,1633.77543716561,1186.37909486588,2445.26022381024,2650.05052599872,2840.44388542222,2925.79018644976,2544.29903529836,1851.48816473758,1334.14887451828,2542.5340011207,2542.3514918489,2507.92320799056,2752.10838802085,2442.2608039826,1085.1710571849,1025.7443270163,2409.87027366576,2688.74150497622,2545.94160001982,2685.45982288067,2306.9229701036,1330.77035970374,1149.50505765973,2306.92466750195,2508.03847040893,2580.34788922101,2508.82671516986,2353.95942957741,1258.03677888361,1054.15532984103,2336.89215148101,2472.07438139933,2470.82557117351,2469.36216111639,2272.36213890503,1558.25971501094,1084.59380440677,2208.20186912732,2305.41269125922,2217.89859206288,1639.24365086148,1082.95657949708,764.30048232438,746.936666961134,2169.30944873845,2325.45602310691,2375.97322448863,2574.11754155466,2375.29293875072,1511.29820973471,1241.49179373783,2538.67050111194,2748.08354005324,2864.76614139181,2864.75739815735,2434.42789422067,1514.28725164977,1355.8713574287,2468.84381915731,2682.21247234718,2750.13764441656,2614.02844412379,2269.58806795574,1596.91441068947,1323.24735834726,2409.2301672615,2470.87189294215,2543.167771971,2717.66051375648,2381.02898935271,1677.41884883301,1474.07685550607,2610.51634569855,2890.19894378063,2941.49107545491,2925.71766332534,2585.09637587142,1681.39349805674,1120.27621381191,2616.34231312609,2965.5735542937,2941.02408819009,2995.47844671485,2754.44380766037,1823.96556124074,1442.07984262103,2293.0021010226,2280.43216644401,2277.69763133821,2206.37909133708,1961.88145384286,833.536482442539,654.429065851066,616.168433244949,578.24565741158,573.950576810891,581.055634630256,590.767229090793,577.410175337463,577.484317377183
2979.56440965062,2980.44419914029,2980.70317337123,2999.38581961239,2211.35689408554,2127.21077711856,3003.57665786316,3004.78901783977,3004.46315059033,3001.65241932987,2972.75070571669,2003.11559801376,1884.08258326393,2095.04877804432,2121.95899293268,2039.75226082252,2004.90162962981,2075.22414163028,1536.84370121936,1323.95015884062,1188.86767796492,895.843256889382,615.548267334636,615.767885326332,733.299394197236,648.241688023502,699.633409598766,1805.51671760823,2005.25513543201,2017.58087316793,2017.06412144915,1941.00413336214,1281.01554032399,1287.2337228807,2528.34291086225,2991.63696654567,3003.36062137463,3002.75535010616,2993.92373499347,2108.95146982452,1903.5865799427,2953.77786177738,2998.42647341262,2993.92309806795,3000.79207622574,2725.14567396044,1709.52356332119,1317.52969897548,2562.83112845659,2697.38409204868,2870.42846441704,2979.54016794596,2889.37983852907,1940.97341929899,1775.75233392611,2908.87019638508,2964.16230688094,2871.1943052146,2964.25122963413,2555.4848653083,1603.61046237565,1184.94389803217,2429.88880396352,2629.05675264916,2819.02979494214,2908.93814778192,2526.22398194084,1802.59750468962,1325.81358719821,2524.50048450463,2524.32694354297,2490.93422867771,2729.87526898468,2426.93385481974,1086.9555788403,1028.68264417121,2395.21805200626,2667.30652278794,2528.24747479258,2663.83831670245,2292.1646391208,1322.79534064845,1149.53071208419,2292.15848109058,2491.00836446325,2561.49379749398,2492.09959316555,2339.88784315896,1253.95221497329,1056.57616598355,2322.82836898944,2456.04165651189,2454.80156700145,2453.36746326496,2255.70147430429,1534.37298512075,1086.43575677075,2183.40038423014,2290.70293239082,2195.03364308869,1608.61005337542,1084.84521090167,766.117097691837,748.289480295387,2133.85790569401,2311.27738651759,2361.85337938661,2554.97698651111,2361.19158513771,1491.26808873254,1238.32914412795,2520.6155927287,2725.52318968897,2843.68042428836,2843.67073995051,2419.27496412866,1494.00482984463,1346.75107531344,2452.84196572222,2660.372285292,2727.6836634965,2593.9431395205,2252.9554263136,1569.82929766206,1315.87111864297,2394.58545666186,2454.83326948643,2525.10296223906,2695.46260322638,2366.77058867464,1643.51664376601,1456.96599702462,2590.29478164227,2870.20812540186,2926.30444655623,2908.85021866481,2566.1069468097,1647.6332552623,1121.08687808312,2596.33559232931,2953.83841192736,2925.8477825878,2991.56926247927,2732.46730433617,1777.54393978865,1427.19522941704,2277.34068344734,2263.58425888974,2260.88744717892,2179.67658299883,1905.11210211697,836.29640385767,651.716462934494,611.288238021134,570.898689252719,566.295355519453,573.903913658467,584.261055118438,570.001990171809,570.0810837765
2985.19000938325,2982.87256397292,2982.72866405777,2993.55826298751,2184.72266694064,2077.32286024804,2998.96954871479,2997.02113299857,2997.48578464877,2999.98534043267,2960.2289720763,1924.65009685615,1813.05468919224,2033.93953782786,2069.56290496349,1965.4138608101,1926.99733711719,2008.31683812403,1512.58114212844,1321.3228644447,1193.57940974525,901.935946666096,601.701033825546,601.944179518727,731.318403213079,638.069837965691,694.335606717049,1744.55237909963,1927.37229726383,1940.4697151992,1939.69893421506,1863.51683220972,1281.86367185221,1287.34024855645,2506.09552703905,2985.38215570816,2999.2314982099,2999.94707746802,2988.76547944667,2052.77914784758,1829.89410717506,2936.90381705234,2995.48676561577,2988.79662900315,2999.03594359916,2695.39017205028,1661.88937885687,1315.75958734748,2538.99925999331,2668.53072400959,2843.02276115207,2969.00921815205,2863.39553698987,1863.44813602694,1718.7223220941,2885.32369797774,2949.52950021688,2843.92263678599,2949.63803912842,2531.53921069915,1570.7020658693,1190.16497034259,2411.55430422738,2602.12821084648,2790.03552632621,2885.42070321235,2503.8476191577,1741.70643398256,1322.96928181245,2502.18970791679,2502.03044229092,2470.20337017216,2700.51084464612,2408.67955365858,1095.11336370965,1037.31576304917,2377.95141601663,2639.52717657124,2506.38384797702,2635.82005903703,2274.6402586478,1320.41414664399,1156.31245754065,2274.62215979649,2470.22407477739,2537.8820841796,2471.72684798098,2323.42702158343,1256.28461608885,1065.03994805115,2306.27784909973,2436.75906899856,2435.54097368175,2434.15613093154,2235.35527148126,1510.43736168004,1094.67694647771,2151.23998183988,2273.25202895292,2165.65805303351,1574.99345378592,1093.12461022045,766.464229790101,747.43891885001,2086.53654889276,2294.6374972377,2345.36190693592,2531.01601847081,2344.72984472877,1472.84544370922,1242.01035068133,2498.30861033053,2695.74570937619,2814.91288781709,2814.90198670976,2401.30530357696,1475.21929951697,1343.15454030362,2433.62803079005,2632.08081901334,2698.03358786552,2568.47333905767,2232.6500251383,1541.33226843331,1314.42588010521,2377.34033417218,2435.55447702574,2502.74738143985,2666.41866259641,2350.06279954944,1605.15096506908,1442.64084835469,2564.67033991768,2842.71072910719,2904.92209089516,2885.31202492041,2542.26391554845,1609.39442049044,1128.46572946067,2570.95074483777,2936.98691988728,2904.49052055528,2985.382637635,2703.43482830394,1720.42877284567,1415.87208207738,2258.46778285166,2242.95720841636,2240.31903940136,2144.80792520063,1831.53423983048,839.914509815296,641.845880281042,596.883689752631,551.474879872004,546.255458738156,554.87257836817,566.537901439776,550.456269548128,550.545388946887
2991.10092939802,2985.46773186274,2984.90600914251,2987.63041685637,2156.89911709405,2024.62242165765,2993.97362788965,2988.95300574211,2990.19315133496,2997.62295800642,2946.07056351844,1843.07134824443,1741.08417801068,1969.49812886054,2014.23918392035,1887.64339053058,1845.99835164386,1937.90055220628,1492.19018470475,1323.3453390531,1202.31584389591,908.389626712745,581.558366590737,581.831381858598,726.33664719393,622.57104389493,685.105468898417,1684.0621545282,1846.38885546289,1860.10857091881,1859.06583318878,1783.96420170478,1287.364774522,1292.05644526934,2483.77699762018,2977.79630360488,2994.69172785791,2996.63036311231,2982.34476587781,1993.45799167782,1754.86976293211,2918.32382734598,2991.51895488787,2982.40632479608,2996.46432294738,2664.75504976255,1616.26508623668,1318.70777080487,2514.99070382372,2638.94936639282,2814.03560894595,2956.90602591329,2835.7575866216,1783.85587551757,1662.67952207229,2860.09800879466,2933.21954726271,2815.07143318516,2933.34862065985,2507.45206221992,1541.08005036807,1199.44572416583,2393.32952545106,2574.78314972189,2759.70074088782,2860.22574498547,2481.4123946373,1681.33970850129,1324.76367766459,2479.82526508307,2479.68199707672,2449.50949985262,2670.25408360384,2390.54705026081,1106.48531847964,1048.45975307719,2360.81106418669,2611.18701766505,2484.47328245128,2607.23783725704,2256.88775860997,1322.66707506565,1166.92881595161,2256.85635937653,2449.47825978778,2514.11973071901,2451.40501226868,2306.9886575168,1263.03635916357,1076.36045827303,2289.61817590921,2417.58825780848,2416.39869258193,2415.0690017824,2214.43002897369,1490.40806064994,1106.1387812002,2117.43345147474,2255.57747407658,2134.85415451826,1544.58808123626,1104.60935667215,764.589803440202,743.953100265003,2036.54149793021,2277.91790540677,2328.97647520768,2506.91535843301,2328.37720460691,1458.71170646428,1250.23093410271,2475.96831399763,2665.08633715227,2784.66895859388,2784.65685043859,2383.48725718428,1460.6960860308,1344.38045181815,2414.5434108079,2603.23335415634,2667.49363762577,2542.72931992932,2211.7621090588,1516.43279621172,1317.73461248668,2360.23052089321,2416.39526936429,2480.33677050991,2636.65039817806,2333.44395179419,1569.61660627377,1432.83944852184,2538.78773298035,2813.62735197619,2881.82619947757,2860.09583363519,2518.23123345636,1573.94038939159,1139.39011268535,2545.27919557575,2918.43145690867,2881.43095345717,2977.85544909572,2673.50739943363,1664.26664331526,1409.16419269239,2239.19821593551,2221.74152731477,2219.16311966581,2108.12050505955,1756.607958003,842.730883427399,626.738655308963,576.046509480095,524.354922344456,518.36925294272,528.241766139237,541.542216338688,523.184885264198,523.286532440204
2996.94446392451,2988.07185492674,2987.10212793426,2981.96533525701,2129.31808707658,1971.98165827157,2988.85032353828,2981.05085379998,2983.00001488624,2994.63780372571,2931.01218438996,1762.99321161446,1672.28468197212,1905.28922659794,1959.01516757537,1810.81119539856,1766.48404788996,1867.89576565064,1476.86258210676,1329.92108826337,1214.59075711605,914.838619738978,556.275847135084,556.583360502519,718.640415675301,602.634428808776,672.472831449585,1627.51856871413,1766.88300657312,1781.03214618067,1779.71532516669,1706.87703977919,1297.22191750499,1301.1303941582,2462.59708700463,2969.23282611369,2989.97224154743,2992.951529994,2974.94746068933,1934.24868489168,1682.79752505501,2899.03879266835,2986.67259980686,2975.03603318283,2993.15439166754,2634.96843575519,1575.28403057037,1326.22489767158,2492.12192537439,2610.30401358727,2785.09460317081,2943.8457767417,2808.01150327655,1706.72978065622,1610.84702755586,2834.59362087666,2916.09751504283,2786.26020750677,2916.24685589936,2484.54466919261,1516.46518810755,1212.26874906581,2376.15937084073,2548.54693007603,2729.73528542067,2834.75197943163,2460.13532532274,1624.96427093314,1331.11338493692,2458.61967790953,2458.49318410936,2429.9591901835,2640.8103387054,2373.47546633275,1120.4303201806,1061.48432723926,2344.66855500194,2583.87481673077,2463.70165305591,2579.69415807245,2239.77898579942,1329.44352170853,1180.78445549532,2239.73368407732,2429.88076556464,2491.50914197938,2432.21882958979,2291.3848610359,1273.83558445859,1089.8983577086,2273.66579951571,2399.53794898416,2398.38171362038,2397.10962358946,2193.96959542165,1475.45638466313,1120.17496987991,2083.75450266325,2238.54620401861,2104.22308142176,1519.15908799558,1118.65178172672,760.602402090909,738.032721706378,1986.58611352994,2261.9374750517,2313.51424019235,2483.9970559055,2312.94879568394,1449.70067571286,1262.53660082222,2454.80579206459,2635.27467510785,2754.65222233499,2754.63898930902,2366.74026822044,1451.29127829431,1350.37940995563,2396.59160797241,2575.44827630881,2637.7861930856,2518.13666695854,2191.33249466961,1496.58122733211,1325.62739221239,2344.12595253546,2398.36373886076,2459.08655937048,2607.8330259094,2317.74586205448,1538.97175381815,1428.14702697088,2514.08097981435,2784.59121592323,2858.28861870771,2834.60161235496,2495.3269882924,1543.32274055605,1153.24584433951,2520.74204493098,2899.17154344198,2857.93920826636,2969.33671699895,2644.37059362465,1612.28659874443,1407.478648247,2220.48660630721,2201.0001881931,2198.47845757689,2071.55676747996,1684.61063752718,844.586820705546,607.261483018951,549.972166075855,491.095013229905,484.236948885204,495.539580568962,510.708212367522,489.752732826856,489.868690393924
3005.70884662226,2992.04495007969,2990.47261846628,2973.86449120211,2087.35457863196,1891.45137011694,2980.73757371206,2969.31084538432,2972.20195429058,2988.77395160652,2906.1767559594,1643.5046255566,1573.29069974549,1807.47148502394,1874.62805259094,1695.15515409226,1647.82314796306,1761.59979840246,1463.13365763261,1348.62217360804,1240.02963056486,924.568578031294,507.729981637451,508.099011290126,701.581117449676,563.59191466275,646.561410232663,1548.73852306112,1648.22093404898,1662.64250284988,1660.90374156101,1593.85675578877,1320.54856541289,1323.26554101105,2432.30055776379,2954.14780437567,2982.36792856455,2986.56084536188,2961.64237324855,1843.81062146364,1578.38278247971,2868.14481664768,2977.45435838309,2961.76518687632,2986.5614906159,2591.07068636289,1521.60430188632,1346.39254587544,2459.27019871187,2568.30659692242,2740.95149372458,2921.94372067836,2765.38953980937,1593.65155304086,1539.76925419844,2795.05527630163,2888.28977862351,2742.30285525893,2888.46952192263,2451.71048595476,1488.45973270665,1238.55111252521,2351.76084912704,2510.5331949174,2684.65251947468,2795.2601082962,2429.72876052425,1546.52886682498,1349.47358739496,2428.32264081954,2428.22316500513,2402.13847759981,2597.36626577289,2349.23832806713,1146.55681504563,1084.87321272721,2321.70747802526,2544.07824083808,2434.02775993384,2539.56421182852,2214.59798569291,1348.39220605356,1208.05807970096,2214.5303095621,2401.99768546408,2459.07424472077,2404.93773610013,2268.89595869755,1298.00172136933,1114.71889149088,2250.38569599034,2373.94106565104,2372.8446075109,2371.66450298385,2163.31235067845,1462.32881771975,1146.44306149367,2032.26288843763,2213.48174091029,2057.46854818807,1489.85167677528,1144.89726002212,750.357004584919,724.220431745336,1910.10869767969,2238.67297594862,2291.42657101075,2451.15121447254,2290.9144195586,1445.7232852158,1289.07591545147,2424.61030482264,2591.33735122734,2709.21917695951,2709.20438986631,2343.01439096268,1446.70483583886,1368.62492628057,2371.16787394159,2534.99656572283,2593.9782898908,2482.6957222794,2160.70807502574,1475.92123440029,1346.39728644347,2321.23710962473,2372.80920608812,2428.72488547347,2565.60237892527,2295.29622550071,1501.538773944,1430.73125639266,2478.51338940154,2740.30524069829,2821.42919090594,2795.08008924154,2462.40009207985,1505.82612011281,1179.92631676436,2485.35291563077,2868.31707853255,2821.16848046127,2954.2915577986,2601.35061420636,1540.92812192293,1414.48240181781,2192.68745750685,2169.93743373012,2167.49473798375,2015.66209001234,1580.26420662855,845.471820692057,569.050257904074,500.031559199561,428.459498189562,420.066830909597,433.886526356457,452.35251034741,426.814501536791,426.955712028917
3007.60270312159,2992.89919184697,2991.19627365751,2972.11421147665,2077.71568747913,1873.36071408592,2978.94152988874,2966.75054176379,2969.8406796208,2987.42777044262,2900.6369882602,1616.86468092195,1551.08644579628,1785.59607189999,1855.69404764584,1669.36547780241,1621.36451108276,1737.86648103724,1459.52923791723,1352.1688883567,1245.13299197769,926.513538578642,497.330488329645,497.71260864417,697.877768582738,555.215703398907,640.975952744838,1530.93046419431,1621.7621738519,1636.24779308623,1634.41675556841,1568.60668759138,1325.12501751835,1327.58052897324,2425.37603633766,2950.75108741153,2980.67845960812,2985.12114768482,2958.63673113441,1823.55079025405,1555.00011193806,2861.27712502157,2975.35310813453,2958.76674992727,2985.04647925825,2581.27871633882,1509.26443788246,1350.25996022745,2451.80663181885,2558.91598896316,2731.16640007473,2917.04731215209,2755.94251937627,1568.38881782664,1523.63743994026,2786.2875615693,2882.09863582981,2732.55860473583,2882.28509141242,2444.24769353658,1481.72840646138,1243.83918872665,2346.06997747326,2501.97839192412,2674.6421121369,2786.50260392508,2422.77952988722,1528.79501808729,1352.94540845329,2421.39640452379,2421.3027394907,2395.73436494227,2587.67498626247,2343.58121749678,1151.88740139676,1089.65905619381,2316.3114093614,2535.15408265897,2427.23933481958,2530.5650835761,2208.66160414293,1351.99426864162,1213.587266374,2208.58904389963,2395.58010679659,2451.7016883596,2398.65219712964,2263.57259324204,1302.78342846313,1119.79161516516,2244.87982698811,2368.00333869148,2366.91935206013,2365.75859666786,2156.16222335876,1458.85556077609,1151.80456439701,2020.53190882899,2207.5699952657,2046.77643440348,1482.83650359316,1150.2551259488,748.096990191473,721.205379037119,1892.90492997729,2233.16495373072,2286.20287792582,2443.68567053504,2285.70201451974,1444.25398656289,1294.3777600393,2417.70453874256,2581.53694086295,2699.14232436173,2699.1271949136,2337.46492516089,1445.10225098349,1372.05534128277,2365.26644143701,2525.92589513186,2584.20691662543,2474.68417745972,2153.56361725256,1470.79810022833,1350.39567094435,2315.85656604859,2366.88021032801,2421.78490229043,2556.16019312106,2289.99614496828,1492.74705067627,1430.70199819958,2470.4728261151,2730.48878859592,2813.25117688804,2786.31607922516,2454.92162000625,1497.02197073018,1185.34981065554,2477.35357842269,2861.45812264067,2813.01011046718,2950.90238662572,2591.7527361339,1524.73568842341,1415.42855631306,2186.1721531244,2162.70310833474,2160.27621534331,2002.96942470945,1556.89698754695,845.556500201438,560.850546839167,489.334699639277,415.057285718676,406.337366782688,420.693776360731,439.862548873059,413.347726365871,413.49431937378
3009.36820822241,2993.70101680127,2991.87734364708,2970.54012086529,2068.05970990413,1855.56193862206,2977.16019371874,2964.35561708822,2967.60895524709,2985.88907743673,2894.96708105937,1591.28647799233,1530.17675297072,1764.22859083931,1837.10163199243,1644.44983332633,1595.95516525509,1714.7724524031,1456.87818603041,1356.26382975338,1250.51160420255,928.152828495965,486.131131196499,486.526697199638,693.568174201584,546.091725857714,634.72849930913,1514.41671502159,1596.3508057325,1610.84668912662,1608.9269181903,1544.60786821371,1330.16609667736,1332.37143458028,2418.7513921369,2947.11697376615,2978.97891910501,2983.59101616418,2955.37825746277,1803.69305232599,1532.90945267127,2854.391351386,2972.99749294429,2955.51387877293,2983.30354741293,2571.95279944568,1498.15123544662,1354.66566944756,2444.68966000913,2549.98238830552,2721.68621153137,2911.97750616797,2746.74733313284,1544.37810876253,1508.79180407758,2777.69803869753,2875.83024343285,2723.11590382117,2876.02310177326,2437.13942252845,1476.0697593947,1249.39557166833,2340.53648370665,2493.85263212417,2665.01662942568,2777.92284976379,2416.13613195825,1512.36378385706,1356.96903963709,2414.77409189543,2414.6860883088,2389.58454984966,2578.43676787296,2338.08004342044,1157.28749815723,1094.39741207188,2311.02129321232,2526.67547179528,2420.74464465778,2522.01562720224,2202.69265473233,1356.13477266548,1219.31278170789,2202.61526766618,2389.41898225783,2444.67484026985,2392.61396289025,2258.27093733668,1307.95489315296,1124.87280486387,2239.35684891982,2362.26997951961,2361.19859815219,2360.05615987531,2148.96480397943,1456.33351327202,1157.23451064203,2008.83575566999,2201.62349498279,2036.08857201789,1476.89884712531,1155.6782012171,745.288780486218,717.610331939112,1875.94788958132,2227.64277522158,2281.03514028274,2436.5752865595,2280.54494156473,1443.66188648234,1300.05806803613,2411.10522054011,2572.20297541341,2689.42427895918,2689.40884319307,2332.0647782262,1444.38152031923,1376.08461322698,2359.56949462194,2517.31359794391,2574.89717221866,2467.06764272235,2146.36805931433,1466.68900817448,1354.93002162586,2310.58308542534,2361.156640927,2415.1503367519,2547.18093796396,2284.75786665158,1485.08816956271,1431.48667729321,2462.83407357646,2720.97884543386,2805.18270802259,2777.73031111246,2447.78890092469,1489.33748237224,1190.9114992335,2469.74484903518,2854.58096175779,2804.96335896695,2947.27023847882,2582.59806788335,1509.8248403222,1417.12939016625,2179.61863352055,2155.43302938258,2153.01868536283,1990.35517972525,1534.8149486599,845.223425420558,551.908991785687,477.831542796992,400.786608761568,391.732557147153,406.637099393552,426.524502710498,399.011155287394,399.163251675792
3015.5100370885,2996.52783314494,2994.29263334219,2965.65133122693,2029.37911052488,1786.4648577095,2969.8839984456,2955.91376955727,2959.51293291157,2977.80353045833,2870.71326395278,1497.73993441325,1458.24148389839,1682.56267826275,1765.22175171822,1551.77456547896,1502.9815535632,1627.28991302873,1457.0131646058,1380.15346590087,1276.86158692643,932.829596526457,432.17146988782,432.626744376604,670.326165064247,501.320016143995,602.833208587042,1460.65546768902,1503.35012681964,1517.35378491158,1515.10353717811,1459.47057540205,1357.10565007416,1358.39098266898,2395.04255249682,2930.16170566159,2971.82003477744,2976.4227845501,2939.80934836319,1727.20592813235,1456.0659342358,2826.20765197583,2961.06970123039,2939.95380091079,2974.08517144439,2538.46095622727,1466.04471185828,1379.74030302039,2419.34963275495,2518.04791032818,2685.92206657411,2889.77227851951,2711.64603940263,1459.19939922423,1461.84667119971,2744.38162900409,2849.62101467359,2687.47346088496,2849.83701289086,2411.91590247238,1464.97188587393,1276.41061868749,2320.11044490508,2465.05380516038,2629.44701008183,2744.64213363533,2392.40723974549,1459.02604997867,1380.60017493309,2391.11618208847,2391.05021798428,2367.44875038334,2545.17996937084,2317.77671830013,1181.55914501418,1114.68507760357,2291.16168001531,2496.53315625993,2397.51035178129,2491.62753264209,2178.89512717205,1380.11478035946,1246.2729150791,2178.79846841783,2367.25643301292,2419.69498479295,2370.86802982022,2237.65429179871,1334.65741380614,1147.17540176029,2217.49467938109,2341.42495517539,2340.40790169758,2339.33277886947,2120.03566267313,1456.98017076215,1181.61900773208,1962.30325183897,2177.899694323,1993.39354312091,1464.6956993997,1180.00008141783,728.906414448124,697.618596474734,1809.87258637075,2205.82512888042,2261.25707698684,2411.34951538742,2260.80567404721,1451.54154641562,1328.74695742432,2387.56909239685,2538.68127570889,2653.20942889482,2653.19307930889,2312.12397509788,1451.77619133239,1400.23136426664,2338.87852556379,2486.75183289878,2541.42824353492,2440.08607967967,2117.41479796406,1461.40732344835,1380.51409110936,2290.80261049853,2340.36281832824,2391.45514983421,2515.11586982867,2264.73837192158,1466.32412392027,1444.4181855808,2435.82773619777,2685.10824760377,2773.35462475623,2744.42960582186,2422.37286639319,1470.33549777289,1216.5787017791,2442.75234441443,2826.43102899662,2773.24215609597,2930.27473748192,2549.59038355945,1462.56456249174,1433.24401158041,2153.38844826274,2126.3025324658,2123.91297301103,1940.46667884737,1457.93916754795,840.513641824759,507.958919258166,422.539369167125,333.318490038428,322.800905692594,340.107681052052,363.153631941875,331.254680687033,331.430960877814
3018.18948141111,2997.75483698757,2995.34038987585,2963.60839016251,2010.78160171233,1754.12005884449,2966.45925108515,2952.16200290478,2955.86992788673,2973.72209534507,2859.17730120478,1454.94228502871,1425.68449199211,1644.64472027204,1731.64642994251,1509.17254104521,1460.43501175707,1586.82760482803,1457.43015577475,1391.19866122188,1288.84379129359,934.459672226869,406.571208880793,407.054100401613,658.942101465811,479.967545675086,587.44344285005,1436.49721420997,1460.78895214113,1474.5059650406,1472.10677953584,1420.76661642835,1369.49312659816,1370.36360978733,2383.95636364385,2921.89354784899,2968.41603539793,2972.90519273376,2932.16672614958,1691.56452533941,1421.23840640842,2812.97384305731,2955.11982549112,2932.31311869099,2969.43017589091,2523.18718266329,1451.82534076725,1391.32361335039,2407.58884745811,2503.46386592596,2669.50845825051,2879.13794129435,2695.4888498829,1420.47716707566,1440.83020510721,2728.97605314711,2837.23735318563,2671.11272067901,2837.46378769646,2400.21324521651,1460.3105826824,1288.69359406749,2310.30458869176,2451.83819013927,2613.18230802013,2729.2526180659,2381.3173646869,1435.07260029696,1391.52915862948,2380.05565516175,2379.99957834407,2357.00962915208,2530.00275972122,2308.02381490764,1192.4426066497,1123.65785667061,2281.53282670708,2482.74356315448,2386.63652809767,2477.72614068726,2167.21200668768,1391.19203013805,1258.4798267412,2167.10650737879,2356.80755404243,2408.09926924513,2360.60208938238,2227.53794036789,1346.87697328104,1157.11224525763,2206.74540409149,2331.49909503073,2330.50644436579,2329.46021246464,2105.93889122415,1457.63155654481,1192.55350882128,1940.11963635789,2166.24704337437,1972.95502493151,1459.52847500955,1190.90355626082,720.708170146126,687.743116869751,1778.87516188697,2195.0917377745,2251.58379158384,2399.6462227769,2251.14911891343,1455.46600729841,1341.87673839507,2376.5651352909,2523.39443228712,2636.63257892377,2636.61584278696,2302.52545284951,1455.48096792028,1411.43203808609,2329.02177238543,2472.77801284389,2526.16158808699,2427.64559298648,2103.30048443816,1459.37825348299,1392.33000582793,2281.21119518122,2330.46103206514,2380.37958249147,2500.47712179781,2254.96384776306,1458.17837848999,1450.61937859023,2423.38132382849,2668.64707596129,2758.56768400108,2729.03136367014,2410.57822978701,1462.06552052714,1228.15095556897,2430.30324783893,2813.21279849281,2758.507071911,2921.98035597091,2534.51848832417,1441.39747391769,1440.86493968875,2140.56442067019,2112.13181233258,2109.74799251644,1916.78127524828,1423.08918537748,837.759974749549,486.987266463616,396.323916164383,301.479096068298,290.285975468936,308.70166698712,333.206298723137,299.282206382673,299.469654828912
3021.78308366693,2999.38357460186,2996.72915886369,2961.07187301342,1982.31993043568,1706.26098499267,2961.30375948273,2946.97067862415,2950.73044236159,2967.02777747195,2841.6714575861,1393.69331808601,1380.00682029401,1589.16124462757,1682.11085492763,1447.74279740598,1399.52274129058,1527.94479167966,1459.28912008574,1407.79689511699,1306.31765337647,935.866265619516,367.585632957799,368.109218512917,640.924625269846,447.236439555474,563.51549427993,1403.12189931522,1399.85049724212,1413.01416384216,1410.40561813183,1365.98131268221,1387.89507650519,1388.18198504497,2367.64516683359,2908.924621525,2963.22179864321,2967.32015100792,2920.07690626751,1639.15015789458,1372.22964670375,2793.24493294346,2945.51450928582,2920.22170769327,2961.79787267717,2501.41408002163,1432.85240130243,1408.68811473031,2390.45114535569,2482.6419769008,2645.84251610731,2862.85023364925,2672.08713545151,1365.66705336385,1412.038368196,2706.51160621977,2818.61490309319,2647.51657612801,2818.8559780846,2383.17143074424,1454.99206538384,1306.59280187629,2295.38704382536,2432.86229377886,2589.8721684389,2706.81064485757,2365.01315038454,1402.01773788001,1407.96477259913,2363.78743735863,2363.74521783974,2341.48404101988,2508.34389369854,2293.17642573562,1207.95400887252,1136.18539039461,2266.70285523238,2463.01786711183,2370.62044528547,2457.84241748231,2148.90880402458,1407.81496987877,1276.14013186221,2148.79052651523,2341.27320973,2391.19957157354,2345.3139051218,2211.7174608726,1364.89035283277,1171.13983442359,2189.88247542492,2316.55578868812,2315.59761719663,2314.58926257654,2084.02888012326,1459.82908475686,1208.13716094123,1906.5173234784,2147.98109526368,1941.83846387559,1453.47999159967,1206.43635835341,707.41693729128,671.961367222244,1732.87691301393,2178.245244839,2236.52307083423,2382.60446718331,2236.11047226415,1462.29663562257,1361.20399792887,2360.38117445665,2501.60367914645,2612.8307245281,2612.8135022422,2287.87770317173,1462.0000732241,1428.34938352834,2314.17583259732,2452.80605715639,2504.39086666685,2409.67409461323,2081.35197175513,1457.78671925798,1410.02904710773,2266.43793048625,2315.55408165962,2364.09387021005,2479.58782364318,2239.77585935708,1447.89017543195,1460.64978957487,2405.41380651786,2644.91529206595,2736.85586718269,2706.57776197423,2393.39293380182,1451.56289780897,1244.78518713168,2412.31103196279,2793.50650250396,2736.87601069949,2908.95753464763,2512.99194108294,1412.37378122552,1452.8534911507,2120.5624906012,2090.15226400845,2087.76540506595,1881.09112322158,1374.03052184773,832.60353491554,454.819220463148,356.43462095325,253.32191678672,241.136782426212,261.181131516683,287.829669564357,250.929646525504,251.133508816114
3024.79168734893,3000.70829325367,2997.85243596198,2959.24615091143,1952.94346701941,1659.24244389995,2956.07586531833,2942.3304564723,2945.98827953015,2959.52660544473,2823.92411628684,1336.46388870684,1338.56576337423,1535.55513567827,1633.65431762908,1389.6879003978,1342.57403050674,1471.52307731969,1462.58150050526,1424.16188641547,1322.86507850844,935.771007693991,328.001215669511,328.564227185941,621.681970692615,413.705348391054,538.535877757129,1373.52851586353,1342.86996008476,1355.3148687532,1352.51706865082,1315.62610932925,1405.77887640152,1405.53658444657,2351.61320824382,2895.20112769942,2957.86123838025,2961.27439718915,2907.14752043487,1588.12808944319,1327.57364940111,2773.71453176585,2934.97906055752,2907.28468404675,2953.26185668492,2481.1201085545,1416.91433696246,1425.76100650803,2373.85741913066,2463.17131438087,2623.47983537035,2846.13564455614,2649.83387865545,1315.29069011763,1386.83349889806,2684.94316641625,2799.96218439558,2625.21080531127,2800.21647911652,2366.6817364133,1451.72906083604,1323.52905321445,2280.00328468473,2414.92476046562,2568.01963800535,2685.26237579245,2349.00395177322,1372.76139225351,1424.1835029884,2347.80268924946,2347.77286706514,2325.97271490093,2488.12437646559,2277.84891457602,1222.14654231748,1147.26403078709,2251.15722481755,2444.49749027147,2354.85015305501,2439.17680954911,2129.35848512937,1424.17319895472,1292.67751574226,2129.2281637779,2325.76102247167,2374.82878132799,2330.00887317737,2194.82445601064,1382.20881741214,1183.77704515019,2171.82508773133,2301.36071692438,2300.43349493159,2299.45496806805,2060.90425026235,1463.44097933873,1222.39581220987,1872.3479316678,2128.45600612004,1909.9638759462,1449.52927393796,1220.63895591213,692.795615680228,654.901785634219,1687.49226663081,2160.19021510534,2220.51845294271,2366.11598893298,2220.12351364831,1470.15017340973,1379.76234472706,2344.47784264105,2481.29492006646,2590.46805408858,2590.45047021674,2272.70317622126,1469.56764650311,1445.14300589702,2299.06788207812,2434.07873433906,2484.08916924526,2392.51062125566,2058.17196044842,1457.93705854746,1427.41547929821,2250.94908424638,2300.39497856414,2348.09870014138,2460.06901255861,2223.67934614829,1440.02515168514,1471.4007950425,2388.27003386657,2622.49451509918,2715.80803609899,2685.0198644046,2376.75738659786,1443.4461692493,1260.20816781591,2395.11751621665,2773.99756086803,2715.91204722092,2895.16097032086,2492.8706201818,1386.93005130312,1465.32580292124,2099.3377474824,2067.01640244054,2064.61010040084,1845.06873270405,1329.30275797246,826.012333830823,421.836195344179,315.978332543551,204.880723555774,191.739004956064,213.354155022869,242.072509626862,202.300111676371,202.519819547093
3025.89003570351,3001.16191175335,2998.23010594431,2958.59018803322,1940.98546064971,1640.73823171905,2953.96412870507,2940.50994536561,2944.11057466443,2956.50181787698,2817.0631989724,1314.27491486568,1322.28657612641,1514.6307431942,1614.62368161141,1367.16356933015,1320.48765610589,1449.57004005131,1462.98919281206,1429.52310460958,1328.39755312366,935.440879386064,313.448015233682,314.025270412487,614.474620905003,401.339797770753,529.257095708469,1361.66434490407,1320.7714344278,1332.94095351724,1330.07318935293,1296.02255924936,1411.72969644534,1411.28869083631,2344.95852454296,2889.83908613032,2955.69180088094,2958.82304548806,2902.07984250935,1568.14873898163,1310.09709356625,2766.18814392289,2930.80668156614,2902.21365761153,2949.8421001895,2473.12389231069,1410.13834562669,1431.38674438231,2367.03811948479,2455.44808048688,2614.85681225121,2839.65879185407,2641.26507363269,1295.67938847561,1376.60467951153,2676.63942725168,2792.76396265905,2616.60923626861,2793.02324337197,2359.89390219528,1449.68309226138,1329.20703625998,2273.46459994255,2407.69061118685,2559.53928861216,2676.96612434368,2342.35611432701,1361.02384161271,1429.48970617475,2341.16179266358,2341.13634178701,2319.46445365828,2480.15916842838,2271.32764008771,1226.89599568204,1150.9190011214,2244.51517665596,2437.09194449335,2348.29148015368,2431.71381606331,2121.11024472997,1429.53215425375,1298.23684306563,2120.97547775651,2319.25278510726,2368.09073415886,2323.57754300216,2187.61510707616,1387.97235598982,1187.98080741605,2164.16291426415,2294.92559154866,2294.00847745324,2293.03929412089,2051.29601763328,1463.96788584311,1227.16986503963,1858.59985553557,2120.21524049606,1897.0700883071,1447.22701103556,1225.39372007358,687.252788530764,648.481110681876,1669.58949362678,2152.51673686415,2213.66492053795,2359.3281351716,2213.27571322973,1472.26498231097,1385.99310936076,2337.86312957604,2473.29369910461,2581.82267296011,2581.80494951581,2266.2293355904,1471.57553142091,1450.64415242905,2292.66149212392,2426.59025971785,2476.09229458338,2385.52033418821,2048.53986980726,1457.16810699825,1433.15742383286,2244.32745624653,2293.97196056837,2341.45478561452,2452.32664377066,2216.7978882445,1436.2608811319,1474.60367012412,2381.2839226765,2613.84992948663,2707.70688044275,2676.72002041282,2369.92606883703,1439.58642902277,1265.3815111811,2388.11817829186,2766.47920941398,2707.84184604526,2889.76999802876,2484.94327528922,1376.61173094599,1469.18194184753,2090.45490336122,2057.41390443906,2054.99713923248,1830.63991445272,1311.79844815937,823.35221064823,409.668348051792,301.109726208807,187.124489050904,173.63667138005,195.820114155676,225.287066706113,184.475727127046,184.701166073678
3027.24549401995,3001.68275507024,2998.65742751132,2958.16210214033,1919.4992702393,1609.39449261275,2950.26982884234,2937.93874887876,2941.28987804414,2950.44640073351,2804.76423664417,1279.59814125995,1298.34759397494,1480.03135498014,1582.58408001761,1331.23559659257,1285.93671579325,1413.73223595927,1465.83324877656,1439.38639192659,1337.76372407498,933.509706144355,286.76134807101,287.362980168189,600.39118110258,378.38987676377,511.616217767778,1345.11575268504,1286.19314851489,1297.70454262083,1294.73266544633,1266.36462155181,1422.32760582934,1421.5906241726,2333.94363440724,2879.67402450089,2951.80106882131,2954.1364901265,2892.3519231018,1534.73981652101,1284.14573322375,2753.16937181377,2922.5809478739,2892.47372169636,2942.98458714543,2460.78406865376,1401.87355301205,1441.65965986245,2355.97369417687,2443.48799004471,2601.08953018881,2827.8495775012,2627.41849460417,1266.01135708135,1362.76573414705,2662.98940148267,2780.0870693206,2602.86637096409,2780.35370189931,2348.90046579697,1448.81510740392,1338.79375084573,2261.96806802337,2396.339761115,2546.23090565809,2663.32705817668,2331.37162422709,1344.71746290413,1439.27248774376,2330.17922071813,2330.16023194186,2308.46874113389,2467.82966061873,2259.85036746305,1234.38641685059,1156.27474543358,2232.60435224729,2425.57459037472,2337.41384329702,2420.11010826436,2105.85911464759,1439.35823758388,1307.42249996086,2105.71715171499,2308.26523489994,2357.15706406185,2312.68619427317,2174.3653128725,1398.03419935573,1194.39914931984,2149.99013250709,2283.81461823724,2282.91299365486,2281.95341052851,2033.6729143854,1467.00429046971,1234.69771789832,1834.28780500088,2104.96626987465,1874.08241383104,1445.94664216066,1232.88057847575,676.067267341293,635.763762031439,1639.08609679181,2138.31890414308,2201.16705598917,2348.33629181439,2200.78409620529,1477.71514321299,1396.80603906855,2326.92778208077,2460.94756124663,2568.17883752111,2568.16100135628,2254.7951190872,1476.86222376274,1460.88609694541,2281.59405931502,2414.97132539694,2463.73867683735,2374.39709850578,2030.85885651745,1458.24312174018,1443.61585533648,2232.45381113932,2282.88328719797,2330.47363042082,2440.35386700515,2204.28252396495,1432.71897279221,1481.66959649214,2370.18753478133,2600.05227380109,2694.16451157888,2663.07666651953,2358.84333961647,1435.83670841757,1273.76537836263,2376.9670496714,2753.47354725157,2694.35841634729,2879.53415800328,2472.6440260873,1362.60633835949,1477.15494849619,2074.10468324187,2039.8548477412,2037.4046030928,1805.35270695028,1285.7755178221,817.273503656473,387.059742264124,273.887537179837,154.989694849667,140.914783818279,164.062590678829,194.802278551297,152.225399615462,152.46058108607
3028.34619702195,3002.03034835492,2998.92505547066,2958.06290515847,1895.99929133623,1576.6703820021,2946.2475565276,2935.42739968497,2938.43195107621,2943.61475488337,2791.81067664807,1245.09584007497,1274.97790993137,1444.50225881131,1549.27030008239,1295.11680043472,1251.5346019174,1377.2336398662,1468.60316002129,1448.64535173999,1346.28952153844,930.524971037552,259.322379722037,259.947950530532,585.339972806653,354.617921044598,493.067103426773,1329.10443181694,1251.76005514093,1262.51090086989,1259.44256418041,1237.22368951435,1432.2286211528,1431.21247386719,2322.04106443534,2868.66212783088,2947.5271026151,2948.88936497182,2881.74506612997,1500.1809971767,1258.76957950839,2739.678900797,2913.4660024384,2881.85133680167,2935.2825392382,2448.35107282529,1393.99773367434,1451.31156938718,2344.19074168902,2431.34625193116,2587.28570525922,2815.31065529354,2613.4796502115,1236.86195153187,1349.43897092998,2649.14863197524,2766.8434427677,2589.08190390217,2767.11699141609,2337.18525496637,1448.06369978014,1347.52894077887,2249.09523428096,2384.58504253101,2532.91045628473,2649.49637931153,2319.50529393332,1328.9632325881,1448.45615275929,2318.30717489795,2318.29383866832,2296.41218402289,2455.39300354656,2246.98687163187,1240.89926431754,1160.6044201517,2219.14734987336,2413.77707082399,2325.63435877683,2408.22669204108,2088.6245393023,1448.56450307527,1315.70120128288,2088.47561283843,2296.22094931354,2345.49841897036,2300.72198630495,2159.30692267024,1407.32581820767,1199.813433019,2133.91339380815,2271.46969397186,2270.58065748657,2269.62522535415,2014.00107685187,1469.96246315241,1241.24599582121,1808.05839967351,2087.72628692647,1849.11632654521,1444.79257983658,1239.38598869725,663.879124009326,622.061024120208,1607.10687879641,2122.19644050482,2186.96211945655,2336.62268533539,2186.58257970083,1482.96942952033,1406.8377060416,2315.09789025285,2448.50998760425,2554.53661649301,2554.51871594841,2241.94363186724,1481.96069181616,1470.56490894174,2269.28469161576,2403.08150016959,2451.28959746147,2362.72010126051,2011.11666038243,1459.33991005335,1453.44733264746,2219.03393694405,2270.55946048476,2318.6071995729,2428.20650388753,2190.08285914226,1429.39757485826,1488.44540114935,2358.54137640458,2586.22109826376,2680.33904180873,2649.2425139302,2347.04838582366,1432.28286986082,1281.21001127905,2365.25985516008,2739.99594738676,2680.5939897197,2868.4396549025,2460.22431470596,1349.10520984363,1484.76044655948,2055.74755568564,2020.28591973333,2017.79046826781,1778.24644131266,1260.31462007231,810.160304608777,363.624009043724,245.924194452423,122.212521702281,107.56294025926,131.654835890989,163.641369786806,119.335163596789,119.579889016236
3029.18256564327,3002.18234813551,2999.01061668936,2958.39263909594,1868.60772614657,1540.28823747596,2941.61357850097,2932.88644940171,2935.40117981626,2935.42357826441,2777.26794491064,1208.75316625528,1250.90085198033,1405.70741769603,1512.39546935136,1256.61167731038,1215.26627617398,1337.74485444268,1471.37743607515,1457.63348129788,1354.22001677379,926.052699864472,229.413850033386,230.064146024328,568.239995400621,328.493690327063,472.348793594518,1312.77056805615,1215.45443739953,1225.27383223816,1222.11282050249,1206.97722082428,1441.78341240794,1440.49270053782,2308.3702816014,2855.93564536427,2942.55529219342,2942.65758413898,2869.40809555655,1462.14084896421,1232.5775464681,2724.80212158986,2902.70223138489,2869.49339049476,2926.07845504475,2435.11046496632,1386.08486591927,1460.69470185423,2330.85937883881,2418.30503572288,2572.64379661856,2801.11175011753,2598.62046651577,1206.60852651246,1335.91344619217,2634.26512450485,2752.1059891781,2574.45400645665,2752.38632030534,2323.92258949412,1447.34907067087,1355.66713216312,2233.78060234901,2371.67854387485,2518.81967436034,2634.62248352386,2305.88074326814,1312.91977484725,1457.3710578382,2304.66699081987,2304.65864106616,2282.36072374961,2442.13002496784,2231.66981384738,1246.54038594724,1163.88326799473,2202.99919599458,2400.97907227366,2312.07628827972,2395.33832694226,2067.91787242692,1457.47771232501,1323.29091818153,2067.76184970567,2282.18777583181,2332.29112962761,2286.7531989637,2141.12920086933,1416.14762256517,1204.26336022506,2114.53434614889,2256.89464425469,2256.01541183739,2255.05758482619,1990.62660319771,1472.93080915754,1246.92210119894,1777.89251306342,2067.00436782619,1820.21388217586,1443.6641226915,1245.01459767178,649.757715630416,606.362448507961,1571.39542329872,2102.74373043174,2169.81789584911,2323.36180293751,2169.43844705322,1488.22112413611,1416.42894164063,2301.49645885279,2435.26669737586,2540.11849468642,2540.10058882864,2226.60050355002,1487.05703438631,1480.04620801563,2254.73756646517,2390.1980305788,2438.02866069338,2349.70845733058,1987.65186622953,1460.46297912191,1463.01294654784,2202.92521662727,2256.00542327528,2304.97828149073,2415.16858771121,2172.97279417999,1426.0932736773,1495.19028223835,2345.5680554507,2571.55400343578,2665.35124543249,2634.365977746,2333.71194115172,1428.70228715315,1287.88057772177,2352.21288979784,2725.13254396173,2665.67388235076,2855.6102732881,2446.96197356662,1335.3854153991,1492.28804271082,2033.82045233308,1997.06952506733,1994.51136980058,1747.27392215338,1234.01661843132,801.354999866427,337.848344774411,215.475957889483,86.805345067748,71.56454353653,96.6278799434276,129.898470982771,83.8117002779086,84.0662539860755
3029.46959219874,3002.21678725951,2999.02144706839,2958.57988676118,1857.58857775321,1525.83327792843,2939.75747257511,2931.91312918516,2934.22047838097,2932.09627378687,2771.46171214344,1194.55441382388,1241.58264696487,1390.37391300654,1497.76328309715,1241.50650987975,1201.09277374784,1322.18025345428,1472.50301409671,1461.11056672751,1357.23854659942,924.148378402167,217.542775946075,218.202735021139,561.376733634978,318.101137066798,464.070630587375,1306.48907453063,1201.26571541616,1210.70320226017,1207.50694929191,1195.22706559372,1445.46702395547,1444.07123782991,2302.91150748525,2850.81170481263,2940.55749494341,2940.13585993984,2864.43221036221,1447.06987243765,1222.4293755383,2718.89594360821,2898.3439058924,2864.50869282858,2922.34138655793,2429.93239831864,1383.08763944709,1464.32423578463,2325.55869529459,2413.19367941937,2566.90919166735,2795.42807368985,2592.78935036362,1194.85588982308,1330.73115190046,2628.40648096576,2746.23819760819,2568.72402399604,2746.52111879345,2318.64913397749,1447.13536426292,1358.76542406623,2227.60373424678,2366.59039185292,2513.31106005919,2628.76747903619,2300.44133726652,1306.7547005447,1460.82024344391,2299.22034185548,2299.21384044491,2276.72722823224,2436.94041348074,2225.49064812913,1248.63288333893,1165.03679945184,2196.46949919053,2395.9502525915,2306.65961162638,2390.27432767376,2059.53059289069,1460.92285472623,1326.16335899339,2059.37181284788,2276.56214881423,2327.03838586041,2281.15019269214,2133.76232801076,1419.53034948837,1205.88201700277,2106.68021943413,2251.02990230305,2250.15417508401,2249.19464964444,1981.18087277068,1474.13196035922,1249.02801988811,1765.79786782624,2058.60998205908,1808.606399758,1443.28941476237,1247.10147891377,644.061620831546,600.048122117315,1557.18931320254,2094.85829841545,2162.87267647258,2318.08910003366,2162.49286391328,1490.29993500768,1420.11187206198,2296.06461495347,2430.08782233529,2534.48082162789,2534.46292248914,2220.40671777217,1489.07606832168,1483.72464157568,2248.88282241027,2385.13772770376,2432.84197096933,2344.55770590902,1978.16877728171,1460.95565446591,1466.71323774928,2196.4111050805,2250.14887656873,2299.53669976317,2410.0598669734,2166.04428764614,1424.87916169831,1497.84006289017,2340.43339970724,2565.80999057578,2659.43476224654,2628.51007395344,2328.40997508788,1427.37580755686,1290.38532585806,2347.04762023034,2719.23158920288,2659.78445271769,2850.44394699586,2441.7701926354,1330.12555528134,1495.23223839962,2024.94985784835,1987.69167544153,1985.10715244667,1734.87733745847,1223.82476466655,797.747295808643,327.592204408939,203.394226818365,72.7874275021759,57.3158983957401,82.7583694387445,116.530258983978,69.7484056660119,70.006796285149
3029.41134742173,3001.88249068772,2998.67437730792,2959.61001350295,1833.58159092446,1497.24392432043,2935.70415877294,2930.26988366903,2931.99684787564,2924.48537669828,2759.7972101412,1169.90707644627,1226.36805077469,1361.2606959352,1469.10250604218,1214.45245062232,1176.43198635433,1293.26699760349,1474.15998321964,1465.72337143794,1360.53964554677,918.401135729705,195.071745435804,195.747599541294,547.168597219876,298.056289758594,447.524957484646,1296.52356192238,1176.57014125257,1185.10915967036,1181.86847273573,1175.63544668286,1450.23982004605,1448.69701784602,2291.16475852088,2839.91709065935,2936.13450896773,2934.40608271964,2853.72478596192,1417.92124503,1205.77409467268,2707.45303410535,2888.68906209839,2853.77812089379,2913.86634147319,2420.49873464948,1378.54668600842,1469.1672210351,2314.47246002378,2403.67046216568,2556.68949337335,2783.81377263566,2582.28674960705,1175.26355964717,1322.63567944677,2617.64692652115,2734.65683532745,2558.50151355709,2734.94334221201,2307.60021139694,1446.86749276195,1362.18161570961,2213.49498276499,2356.59188164563,2503.5179341456,2618.0123575694,2288.74027694519,1297.02640938065,1465.39565325035,2287.48921912127,2287.48408201798,2264.28108503943,2427.45776764756,2211.3549172384,1250.02113527434,1164.68204133725,2181.36005852867,2386.34203096907,2294.9547948439,2380.60456435197,2040.19050605047,1465.4453540457,1329.0653300557,2040.02744486675,2264.13875470444,2316.020790878,2268.73106264348,2116.5986913623,1423.61663736265,1206.38630861341,2088.45335135744,2237.78721753744,2236.91071509759,2235.93568651543,1959.84466638183,1475.91227979383,1250.43534309999,1740.12797458579,2039.2403168082,1783.65072078513,1442.76107587031,1248.47152845046,631.812887860068,586.758837998565,1528.82065591351,2076.52702536468,2146.6738824873,2307.0413110947,2146.28695741399,1493.35794436738,1424.70056590103,2284.34655355895,2420.656720793,2524.50313393016,2524.48534910442,2206.17426241787,1492.04627175436,1488.77861070255,2235.63870072981,2375.49245022018,2423.38927154117,2334.10683355446,1956.73918695328,1461.71574593096,1471.66689342811,2181.32839777325,2236.9173206487,2287.82385908253,2400.55602390224,2149.92657498266,1423.08876124619,1501.69054708247,2330.01785963975,2555.58051541203,2648.378278312,2617.75514907448,2317.33666161544,1425.33329276062,1292.5758100612,2336.56737682748,2707.79725931239,2648.77942633773,2839.4492911983,2432.25548508258,1321.87651213467,1499.42863561701,2004.71287472307,1966.56204766819,1963.90485868368,1708.9005406524,1207.06343551986,789.071039860321,307.77413604499,180.580169263663,46.8124905263612,30.9657195723416,57.0250955473866,91.6146786281747,43.6997296992618,43.9643779851003
3028.65020727778,3000.87112792656,2997.67613028506,2962.10507535437,1789.68989891276,1447.81047419218,2928.29247026669,2927.72819906707,2928.27074228583,2910.25340914065,2739.50197241095,1130.88697676671,1203.31852942336,1312.21270399447,1419.84261976401,1170.64656204702,1137.32160106776,1245.25860619909,1476.10638270666,1470.99983740834,1363.18421054796,906.382794123283,157.696783270755,158.396350802346,522.152361865164,264.293621069921,419.008825029244,1281.68963709987,1137.39500941923,1144.23876981313,1140.94847547923,1145.52606453875,1455.54029419899,1453.8083001328,2269.79574002489,2820.32690989561,2927.99012820022,2923.72095418448,2834.34316596362,1368.22432357949,1180.46264812789,2687.9846570237,2870.9364601629,2834.35050163842,2898.0902095672,2405.04053513891,1371.89977294078,1474.76424104999,2294.62065591842,2387.81383941753,2540.25295997878,2763.39987402044,2565.26970924871,1145.15740980889,1310.69265738747,2599.97537720254,2714.722628399,2542.04747982817,2715.01367473384,2287.79302157594,1446.26508856726,1364.97922786696,2187.03020323857,2339.34230976572,2487.78037346756,2600.34547030014,2267.45721360988,1282.60738262441,1470.62637680705,2266.13716584111,2266.13187204963,2241.32083269926,2411.88841788479,2184.81895676723,1249.33766786009,1161.15485320223,2152.84107385711,2370.06556346703,2273.61342212966,2364.23008374847,2003.7723215243,1470.53845958584,1330.92231909809,2003.60314904086,2241.22534338189,2296.25855358747,2245.7817691775,2084.10587369327,1427.65291458044,1204.25598136139,2054.02063738485,2213.08495849666,2212.19855143239,2211.18348944785,1920.08738166824,1478.04306290705,1249.77675014645,1693.86428310368,2002.75426849773,1738.35240083002,1441.77239754007,1247.7500420718,609.76871545035,563.13309080905,1479.47886059278,2041.8664391852,2115.98632727459,2287.23556606477,2115.5801550191,1497.20418401366,1429.50551957927,2262.99860395202,2405.20748330703,2508.53019716578,2508.51271504643,2179.39738300913,1495.77356419189,1494.84888837566,2210.91043722021,2359.17768374831,2407.89683151299,2315.71848516566,1916.79970536698,1462.49261893415,1477.42288468129,2152.85084734837,2212.22845179442,2266.51224687941,2384.74745657858,2119.43114830851,1420.35012370689,1506.547187325,2311.69312388518,2539.13661522801,2630.00450318048,2600.09070227007,2297.52445613122,1422.12997684618,1293.24067353375,2318.12841274749,2688.34176535577,2630.49177733698,2819.66950811955,2416.6018131011,1309.66952498708,1504.63602754655,1966.81116004804,1927.23951112614,1924.43467728595,1662.41789686747,1181.54895484033,772.525994386613,274.352753403415,142.697779420451,4.24423608437291,-12.1570274740848,14.8143253693397,50.6152381815004,1.02258652103319,1.2965037765357
3028.07646185251,3000.20411232456,2997.02325845593,2963.5773670969,1765.76551137567,1421.72404160432,2924.19561040163,2926.37947531434,2926.24911887367,2902.431927061,2728.832146715,1111.32739025593,1192.00120392983,1286.72017135251,1393.93700659472,1148.39954223601,1117.69454806924,1220.51928368733,1476.63470509455,1472.77561411436,1363.50804859928,899.419774076412,138.639189053858,139.349945422522,508.936194031312,246.938094837565,404.137222067023,1274.41100585433,1117.73277679679,1123.64850381844,1120.34061635057,1130.67149430456,1457.26204850767,1455.44960833061,2258.03678887522,2809.84204853653,2923.48619187598,2917.81875269091,2823.93158891987,1342.21477465622,1168.03155735962,2677.86144654826,2861.30661357678,2823.91335064258,2889.45850811028,2397.00482282534,1368.549568355,1476.68521723691,2283.77383070247,2379.48463728104,2531.91242244875,2752.61130382596,2556.61482709385,1130.30586591256,1304.82374733815,2590.93280503809,2704.29838988095,2533.69459751661,2704.59133462997,2276.95891544287,1445.68437892366,1365.3698947047,2172.29112507655,2330.08711386993,2479.75760768343,2591.30442163944,2255.74329470261,1275.54689027571,1472.38358262592,2254.38169334161,2254.37547231721,2228.60789841315,2403.79044639371,2170.03424401229,1247.94236221048,1158.34057742655,2136.9283255155,2361.42171868356,2261.85517290489,2355.53635875511,1983.56018790888,1472.21086213974,1330.81484562267,1983.38824858775,2228.53877709338,2285.44826766637,2233.06443187522,2065.99008851048,1428.69863536356,1202.13738948687,2034.86622386876,2199.34697220459,2198.45220313365,2197.41178029137,1898.16953706654,1478.65931465078,1248.39209685124,1668.85736367084,1982.50139792112,1713.76628449626,1441.00857811061,1246.33341136364,597.9705708388,550.579326913823,1453.3519637321,2022.57401537166,2098.85330971292,2276.40174840026,2098.43478785529,1498.57565248052,1430.9250535617,2251.23747841137,2397.17794474358,2500.42582845365,2500.40852763665,2164.46237426745,1497.09231310933,1497.04273198725,2197.15022656145,2350.51782866683,2399.84460506346,2305.75107567392,1894.78034420351,1462.51860972162,1479.41735490619,2136.95764349019,2198.49491286831,2254.78055334484,2376.44617861418,2102.4152680067,1418.79647524812,1508.34474725711,2301.75702890028,2530.79503640645,2620.55503189203,2591.051488594,2286.70505429117,1420.32481364421,1292.52929950172,2308.13642833701,2678.2246238852,2621.08537640155,2809.08177895148,2408.45339482442,1303.66321711559,1506.54868466116,1945.84700036755,1905.57300717132,1902.68411109108,1637.39207215305,1169.00589591176,763.376799907217,257.159209829493,123.402157284523,-17.2527426648389,-33.9139187393548,-6.51496245403951,29.854735578393,-20.5254082188194,-20.2471390363175
3027.09007742305,2999.20919018505,2996.060545205,2965.58594725942,1737.52083110928,1392.4244325083,2919.31898378284,2924.95119849625,2923.96994020022,2893.07214958085,2716.87458386802,1091.28654392772,1180.90913460286,1258.80635526628,1365.00541542383,1125.02893942375,1097.54118395902,1193.83085270688,1476.38197699371,1472.96820737592,1361.93958766486,890.465643034778,118.445206086123,119.166104864953,494.058819642064,228.28203365027,387.750628290631,1267.31904056974,1097.53784113398,1102.34525003648,1099.03321227049,1115.94132131741,1457.26729407284,1455.4006063647,2244.08545443901,2797.74045734498,2918.10749626865,2910.73874124537,2811.84521484366,1313.39687927658,1155.83236746563,2666.74433005585,2849.9696985118,2811.79539238807,2879.18061159787,2388.34109928492,1365.15448350542,1476.99659248713,2271.05675020137,2370.34391627083,2523.21952951399,2740.41031683754,2547.53722833884,1115.58155099755,1299.10502021105,2581.3226001738,2692.72866966895,2524.98141917412,2693.02281291337,2264.23998380814,1444.62440903184,1363.85061189844,2154.43660180329,2319.56527172998,2471.35967282835,2581.69420064774,2241.84398827285,1268.69940642061,1472.56571249306,2240.42610965305,2240.41733944162,2213.37070186281,2395.04631526084,2152.11394589564,1244.50029417421,1153.44871853317,2117.58111842424,2351.76270928947,2247.87893495829,2345.8253702693,1959.10007161362,1472.27434514782,1328.72898664115,1958.92582031437,2213.33480121981,2272.75380929113,2217.80271671978,2043.95206617818,1427.92355115164,1197.95366932041,2011.62013742888,2182.75715130529,2181.84759733693,2180.77098155942,1871.8787293802,1478.4881987331,1244.95739075322,1639.69545933634,1957.9862231655,1684.91902919237,1439.78091564899,1242.86484311506,584.411875582319,536.315807203244,1423.84402121472,1999.14269931331,2077.98503918413,2263.68252663167,2077.54863004036,1498.97432804601,1430.5115003607,2237.26283327766,2388.52379108126,2492.00117699549,2491.98412880595,2146.3307692991,1497.45040860752,1497.70638340586,2180.52074440165,2340.85175852269,2391.16357377081,2294.22444845761,1868.36471203941,1461.91523882934,1479.79214244558,2117.62879448717,2181.90591510552,2240.85642557191,2367.34317979464,2081.70792931105,1416.92889791531,1509.02245470569,2290.26392577855,2522.10632829045,2610.40224289998,2581.44442650955,2274.02984916111,1418.16219249399,1289.80830925921,2296.58442069415,2667.11307822212,2610.97780319619,2796.85751091884,2399.63911151375,1297.79306761418,1507.22407783313,1920.59044538303,1879.60673672705,1876.61149920723,1608.3858126141,1156.67152851667,752.334320054611,238.651999639425,102.995364466544,-39.6346551099173,-56.5277952342731,-28.7469511767467,8.13247788875333,-42.9527987001375,-42.6706301925528
3026.44644562919,2998.57861312199,2995.45138782777,2966.76807749752,1721.56295218702,1376.38943840326,2916.51619803196,2924.13988722232,2922.66431204171,2887.75626350116,2710.37826912114,1080.96049914993,1175.33430975467,1243.7795000234,1349.22873376355,1112.78567601085,1087.14102443799,1179.60381971503,1475.84860928203,1472.36021099735,1360.34253951228,885.166470750792,107.890082242951,108.615619586338,485.944205383209,218.428192427561,378.942177876045,1263.73090327103,1087.11440357314,1091.2969285028,1087.98822118804,1108.50759964671,1456.51705921933,1454.63305787331,2236.095092907,2791.04671238897,2915.01900047538,2906.68983806137,2805.13582882436,1297.76456332723,1149.7063622116,2660.7717550171,2843.61542527041,2805.0680273233,2873.37048196501,2383.63893519632,1363.32762170642,1476.4380326678,2263.81274880253,2365.32467400724,2518.66401189413,2733.74663730537,2542.77154986988,1108.15187222525,1296.1900411421,2576.24436938332,2686.47682290646,2520.41301454949,2686.77130718969,2256.98668074806,1443.80100435602,1362.27151029494,2144.12783821696,2313.66269698409,2466.92175186944,2576.61535630088,2233.88120686926,1265.24381812759,1471.95551822076,2232.42922993821,2232.41850001418,2204.60373831635,2390.29908027561,2141.76382938893,1241.91578551607,1150.13312027554,2106.40036442192,2346.397235623,2239.86598737953,2340.43239443973,1945.05031173315,1471.5919628204,1326.84316387938,1944.87510814839,2204.58690103375,2265.51481165154,2209.01601604979,2031.23691763016,1426.74523453537,1194.99419650034,1998.23878159572,2173.18342528456,2172.26361731017,2171.1644141923,1856.86959969962,1477.99326974268,1242.37531280109,1623.34884007915,1943.90321253412,1668.68580510098,1438.87949155474,1240.26525330698,576.914261918449,528.487539108021,1407.63783947716,1985.64760765082,2065.92614106144,2256.42867158027,2065.47851172836,1498.69458086451,1429.51006476627,2229.24988421185,2383.82781076356,2487.58078289342,2487.56388387683,2135.84992022341,1497.15494581319,1497.35234108603,2170.91947368412,2335.48405355847,2386.45348545264,2287.69970798244,1853.28408400965,1461.26362196993,1479.26141065036,2106.45635356743,2172.33072245276,2232.87825770493,2362.34570425071,2069.74721005388,1415.76408298255,1508.82714292685,2283.75523844213,2517.55490498884,2605.00965114397,2576.36763561296,2266.81331583746,1416.8326728735,1287.59553316237,2290.04774471743,2661.14304993992,2605.60802740508,2790.09542284855,2394.85046314753,1294.79690210752,1506.98407208807,1906.1275877549,1864.7888294725,1861.7315971662,1592.18694334153,1150.46882066609,746.03550972566,228.867078308859,92.3441511362807,-51.1806539765576,-68.178357000801,-40.2252560207307,-3.11515791420652,-54.5192755809094,-54.2353428289102
3024.89486145298,2997.12704741292,2994.05354760819,2969.21280447065,1690.94792341138,1347.45391141644,2910.98287042755,2922.59003606401,2920.11622380919,2877.44708437201,2698.79458823129,1064.70633019725,1167.16084023441,1217.57885320922,1320.96807723608,1092.71103812359,1070.70695129018,1155.32256860336,1473.55958296066,1468.75619932128,1354.83360252379,874.126170855609,90.5069365775576,91.2376273243299,471.311624818646,201.81512204232,363.523057487245,1258.42110041251,1070.63621783417,1073.61934891437,1070.33703314573,1097.44533486895,1452.50551898905,1450.63566407205,2220.41833128174,2778.6753381632,2908.92785833474,2898.75032851366,2792.64978641576,1270.06427642549,1140.7329279278,2650.3722198781,2831.57661736899,2792.54685921041,2862.19301496924,2375.32485062724,1360.25490836854,1472.86660252659,2249.74163502763,2356.23720951878,2511.17820908858,2721.73506685089,2534.90206147463,1097.0999785199,1291.81476514233,2567.72794463237,2675.45457359383,2512.89725781389,2675.74852896999,2242.87002080278,1441.54308794318,1356.76220290604,2123.59901949997,2302.52227922036,2459.5002357282,2568.09563691352,2218.25168444996,1260.16974957083,1468.36052383453,2216.72615758065,2216.70986091602,2187.25970686955,2381.89849528089,2121.14107388007,1234.73768071232,1141.84539649828,2084.09494474318,2336.46023997875,2224.11600631855,2330.44935136958,1917.29684070327,1467.83929173363,1320.78442536208,1917.12104089845,2187.28067021969,2251.42649476634,2191.61322901228,2005.93141195811,1421.94919353507,1187.24311692067,1971.7082299163,2154.13996401738,2153.193937734,2152.04391887204,1827.5340731612,1475.7511756355,1235.19577313156,1592.44166596322,1916.07833813843,1637.77018886597,1436.53036025699,1233.05739804538,563.027796401676,514.197507928583,1378.18429051303,1958.86776600183,2041.86663170473,2242.3096773357,2041.39356948759,1496.48786246524,1424.95724669403,2213.49794547584,2375.52830970416,2480.30280491274,2480.28621779708,2114.93654912596,1494.9435423763,1494.19847562007,2151.80545201257,2325.54995971978,2378.13016144625,2275.1743178635,1823.80768213421,1459.03064526805,1475.71541239123,2084.15987675406,2153.27788501016,2217.21447371024,2353.3021401508,2045.90166516723,1413.25542520768,1506.52226035688,2271.25135693278,2510.08305541798,2595.85641552276,2567.85282790513,2252.80795825452,1414.01369671991,1281.01406121407,2277.50731428252,2650.74633131609,2596.48942339353,2777.59563933769,2386.36333669674,1290.28056906936,1504.43706340375,1877.70889835535,1835.84839586509,1832.66532512607,1561.77457728238,1141.34644930727,733.690374490156,212.334254335642,74.8596410630466,-69.6221502238905,-86.7293845347217,-58.5953444039342,-21.2396569083076,-72.9821247910954,-72.6963150959259
3024.90192905373,2997.09450677361,2994.0183890102,2969.2988709051,1688.44484473848,1344.46706530125,2910.54676498659,2922.38967967169,2919.85874217631,2876.66826720244,2697.60616834444,1062.07749426902,1165.48332507997,1214.52627966039,1317.97108985087,1089.84736037232,1068.07745933886,1152.28284939245,1473.63702544995,1469.16816269418,1355.13328645778,873.547625856231,88.2592884916726,88.9915746712695,469.892634673356,199.811162309416,361.869720444425,1257.28175038234,1068.00328681608,1070.89777229923,1067.61072552977,1095.32219404641,1452.94052036817,1451.05473300209,2219.14875262601,2777.57251697348,2908.45626555941,2898.1528987801,2791.56671200378,1267.01419461509,1138.9079589693,2649.1961853701,2830.59849164165,2791.46156870844,2861.33049996585,2374.29284517668,1359.67657772245,1473.30290567863,2248.53793917352,2355.19431515483,2510.0930614102,2720.55525761272,2533.794352247,1094.97671722807,1290.86772261834,2566.60172922013,2674.26991256714,2511.81213472662,2674.56425629136,2241.66878363416,1441.41421807033,1357.07420886709,2122.09424677386,2301.42753270385,2458.44702919265,2566.96989678516,2216.98603859723,1259.05416512143,1468.76837975522,2215.45748258157,2215.44131736723,2185.91998668376,2380.86298322001,2119.63343058782,1234.85829953341,1141.79723625118,2082.4904930422,2335.40682569677,2222.85101214026,2329.3892025413,1915.26914845165,1468.24271432652,1321.0496188683,1915.09291472498,2185.94307424604,2250.22955347455,2190.27678634605,2004.12220344647,1422.31974720111,1187.2782760614,1969.7937483281,2152.72091776146,2151.77468842973,2150.62306031505,1825.30424289745,1475.84142440354,1235.3184255981,1589.76651385121,1914.04770970546,1635.16940989748,1436.37443671379,1233.17649930176,561.804351482442,512.870294325862,1375.22250420629,1956.94155964797,2040.15362351017,2241.10845828507,2039.67983418039,1496.71467833714,1425.38030189582,2212.23002736131,2374.49656651453,2479.23540864804,2479.21882944572,2113.41899855454,1495.16100771143,1494.65152520223,2150.38595589175,2324.49130649726,2377.09681501782,2274.0335414789,1821.56852477008,1459.01156719005,1476.16321824212,2082.55796368753,2151.85976204942,2215.94757433937,2352.26057328815,2044.19679943234,1412.96599675796,1506.83514104983,2270.11327006291,2508.99680684409,2594.70719621839,2566.72706528833,2251.6059256544,1413.6992418012,1281.21118012648,2276.36414956363,2649.57116306488,2595.34511575329,2776.48318172005,2385.32557619249,1289.31809577617,1504.7900145295,1875.59042618949,1833.63913441608,1830.44877928086,1559.0657430658,1139.51104438192,732.821515180144,210.352989556011,72.5774655373648,-72.222257244443,-89.3672739082876,-61.1711271993549,-23.733174547604,-75.5896580794515,-75.3032187938388
3022.82198612667,2995.19888406259,2992.19491995255,2972.12104139714,1655.6010798358,1316.01102979063,2904.34976766391,2920.65993183141,2916.99523099404,2865.48419031983,2686.50161970011,1049.5597866994,1160.08835674672,1190.11699005234,1290.48769058743,1073.06659396406,1055.31487045769,1130.46132179357,1469.16226095427,1461.6793258911,1345.6477036794,860.513163218779,73.9095774998073,74.6419258105934,455.672536868326,185.448473850961,347.601489618503,1253.59036286,1055.19459472915,1056.81341495438,1053.58290082513,1087.81639892086,1444.83806788667,1443.03334285044,2201.7271396547,2765.05252464481,2901.65476630741,2889.38650274119,2778.80341557726,1240.52988148649,1133.02724430437,2639.59109372844,2817.96867408409,2778.66018567354,2849.34526834802,2366.26213056063,1356.75147746269,1465.76134016944,2233.078881372,2346.09503172369,2503.8010942914,2708.84770177398,2527.13576268758,1087.4856564495,1287.66532429089,2559.20219061693,2663.88725782265,2505.48135937437,2664.17938064654,2226.1178724323,1437.79455356068,1347.53953173892,2098.91913523997,2289.61002938433,2451.96325939003,2559.56383365913,2199.60496650986,1255.58701013159,1461.30753274073,2197.9861873012,2197.96145014835,2166.46406249556,2372.7433801536,2096.33660955184,1223.94989327568,1130.1450766971,2057.273252036,2325.12815188543,2205.30875297513,2319.06998565556,1884.33075483943,1460.58800901238,1310.9968968156,1884.15566336181,2166.52883681804,2234.71280257849,2170.72915933064,1975.62930735989,1413.44468145799,1175.97890750746,1940.07580644909,2131.23509885281,2130.25111916583,2129.03434027748,1793.05105299692,1471.3787737149,1224.39992148418,1557.25806358148,1883.02224223564,1602.33009391345,1432.74025186341,1222.23590744189,547.742461201849,498.714429871674,1345.94588742321,1926.90986180438,2012.96814404141,2225.55297872387,2012.46154358523,1491.76146575674,1416.62983714761,2194.67912572701,2366.48535770436,2473.07469094862,2473.05847309174,2089.75416668218,1490.23849761225,1487.58140374389,2128.79847228551,2314.22266204564,2369.06627292732,2260.46060391365,1789.15993010925,1454.991890581,1468.60912410004,2057.33972931012,2130.35395345053,2198.52293075804,2343.20972650112,2017.27655301559,1409.64756461407,1501.41500604825,2256.54771543711,2502.72830858256,2586.59618138438,2559.32755140372,2236.23678853847,1410.05890301786,1270.76051209548,2262.7879368244,2639.96606645609,2587.25706746165,2763.8313103301,2377.10573471636,1285.98663505215,1498.89731354112,1844.12621752799,1801.84761186491,1798.51314667886,1527.38476720967,1133.46947480137,719.293460427903,196.000319096664,58.2398046200365,-86.4800695568697,-103.610061923435,-75.4374353217408,-38.0228259141363,-89.8442851857267,-89.5580279351348
3019.01361376416,2991.77225352246,2988.89963105558,2976.7849951497,1603.63643999305,1274.28475691844,2894.18013743471,2917.77880298225,2912.24633641054,2847.6377373365,2670.62574381833,1035.9947608726,1155.82039676406,1156.20389798124,1250.61492991832,1052.55439401587,1041.29677217755,1101.3112205237,1459.51701409507,1445.23592924758,1326.10193962148,838.357143550385,56.5904894804607,57.3160476191465,435.003360278708,167.051467145173,327.858840719166,1250.28084892393,1041.10519608235,1040.72168468058,1037.61648384253,1081.46505861026,1427.20018175355,1425.60707781973,2173.31186612323,2746.22496443938,2890.52554649777,2875.18656664589,2759.43944524272,1202.74397953606,1128.46364129659,2626.36124464877,2798.37192641766,2759.23573635636,2830.40500828655,2354.5873235962,1352.58349009278,1449.12352769754,2208.06783902002,2332.42503088927,2495.99557316514,2691.84094071322,2518.81732197224,1081.1621836128,1284.47796691171,2549.66444297223,2649.29737483609,2497.60648129435,2649.58391774316,2200.90499128411,1430.54179706693,1327.85448529316,2060.72470424131,2270.98329882076,2443.50580838016,2550.01200849271,2171.2397761583,1252.5955453437,1444.9315906029,2169.46408941399,2169.4224841241,2134.52364526945,2360.9352644746,2057.92305120039,1202.61553192327,1108.19667796748,2015.68311716285,2309.25069009003,2176.64972492973,2303.13902579073,1833.87711968905,1443.87441064487,1290.58173801594,1833.70612022865,2134.65543955462,2209.56032537802,2138.60813787266,1928.80027646993,1394.67169846371,1154.30781926665,1891.43127900075,2095.82729885255,2094.77123337707,2093.43793122131,1741.01461657695,1461.70422869188,1203.03877264343,1506.65442742703,1832.41781297859,1550.79184813336,1425.57011539092,1200.85024901312,526.514223815997,477.764705817091,1302.58529293192,1877.70908401716,1968.1629413808,2200.33011105301,1967.5974552043,1480.64198050777,1397.88094702958,2165.99578878973,2354.84629002662,2465.34969261652,2465.33407430703,2050.68747833176,1479.21279768441,1471.71953720809,2093.19651393353,2298.36767830794,2357.40545262017,2238.7170298176,1736.87292289926,1446.56627420697,1451.90113416959,2015.7342281825,2094.90160477151,2170.08014496915,2329.61702199446,1972.93567797228,1403.59322503322,1489.09926936027,2234.79449858512,2494.97053046364,2575.90873303771,2549.78764113778,2211.39299627396,1403.50955474603,1249.92084099327,2241.05644802695,2626.73234911741,2576.58739086841,2744.80367380845,2365.13130243602,1282.62353562878,1485.56465718262,1793.08443471829,1750.58787876524,1747.01439467997,1478.46663965998,1128.65025382143,697.498670744578,177.523297885535,41.0919889125971,-102.107273326375,-119.046502270457,-91.1853140536555,-54.1690394213465,-105.433571823295,-105.15036921309
3018.09151253223,2990.91912438611,2988.07644281931,2977.92169595232,1589.79203186795,1262.74955452027,2891.46744335699,2916.93512678696,2910.92453260317,2842.92714327556,2666.2264765436,1031.49792826608,1154.004039679,1146.55265167262,1239.52865668925,1046.25955169382,1036.68885130059,1092.83040663763,1457.15426615374,1441.36275772649,1321.42373079699,832.657949985479,51.3363058704499,52.0609114612676,429.297409534689,161.641870107586,322.275572249216,1248.93210600121,1036.47839829573,1035.56770011862,1032.49118999616,1078.94738883663,1423.04600449936,1421.49751389166,2165.71057165753,2741.14953887816,2887.56589404548,2871.43183634274,2754.24214636094,1192.14670513419,1126.51126125819,2622.60128046902,2793.15960515405,2754.02288737374,2825.3967448275,2351.18720368573,1351.26960030177,1445.21358824236,2201.32571401415,2328.52938773634,2493.55680099037,2687.17325564083,2516.2518087623,1078.65126853808,1283.24263344058,2546.80289637251,2645.20816931258,2495.15116347079,2645.49354280594,2194.11267266073,1428.67201354489,1323.14771502223,2050.63866395427,2265.84752997662,2440.90536138963,2547.14725236074,2163.65142098473,1251.33469858922,1441.07306240731,2161.83609518979,2161.79040289466,2126.03145665592,2357.50302076201,2047.78199520109,1197.4231078434,1102.78069839676,2004.72756967672,2304.80765229322,2168.99112993777,2298.67937286388,1820.58963352744,1439.931698707,1285.67658734117,1820.41946830594,2126.18028807118,2202.78614328739,2130.07385782425,1916.48423920814,1390.21273348047,1148.99591140406,1878.63219448701,2086.45560164834,2085.38163050658,2084.01908303662,1727.26077824576,1459.33991353432,1197.84071302717,1493.07424674499,1819.09227920973,1537.01289345788,1423.70869646115,1195.64466285023,520.757984242188,472.030734050056,1290.66069868854,1864.76744452813,1956.37884440607,2193.53522573011,1955.79862907126,1477.98513430494,1393.4508430999,2158.32785607247,2351.45503439883,2462.92881248774,2462.91333928684,2040.38228457588,1476.57472669445,1468.00595442079,2083.77666673627,2293.92591001783,2354.00899719212,2232.79885055936,1723.05417172125,1444.45858861472,1447.97911051703,2004.77570152526,2085.5190962076,2162.47219573896,2325.73999402285,1961.26851964938,1401.94550834085,1486.18850143094,2228.8738679947,2492.54283145627,2572.76568077213,2546.92573439676,2204.69298209246,1401.73004931095,1244.88246170647,2235.14103690096,2622.97179884065,2573.45035159157,2739.67592690094,2361.65875843454,1281.33864955487,1482.42362992984,1779.61760073744,1737.03207417003,1733.3972448621,1465.28468556612,1126.63094798486,691.760070130586,172.104183200606,35.8643362253779,-107.104365411808,-124.013748990702,-96.2011004899623,-59.2456692190708,-110.424695092566,-110.141959615897
3017.98672861824,2990.823621739,2987.98463590672,2978.07081315691,1588.03917648897,1261.18650127194,2891.14249274798,2916.84648330075,2910.7761932733,2842.331488315,2665.60920133155,1030.74858792304,1153.66341825303,1145.18707310609,1238.01339873582,1045.28451967028,1035.9272893182,1091.59432186905,1456.95564054206,1441.02927304248,1320.98149991323,831.981819292628,50.4918786046442,51.2165844815049,428.510000616083,160.811622661748,321.471458177968,1248.70647681771,1035.71434280125,1034.73505916301,1031.661085243,1078.47646460527,1422.68243780116,1421.13717783299,2164.79488027456,2740.46610560869,2887.20854691586,2870.96850046099,2753.5477759112,1190.6780299584,1126.1381458661,2622.06092748997,2792.47867923627,2753.32647577721,2824.75559546769,2350.74734534928,1351.11320749406,1444.87877477956,2200.51087295153,2328.03672508906,2493.19289577937,2686.52600877649,2515.86702591245,1078.18107153713,1283.05208794597,2546.37873221287,2644.62774829779,2494.78527702603,2644.91303054871,2193.2937791793,1428.50525185976,1322.70368080144,2049.42445735652,2265.21883736859,2440.5366728726,2546.72279032475,2162.73813197259,1251.12158984452,1440.74076935849,2160.91817722262,2160.87207296167,2125.01119758011,2357.05822706113,2046.56165704592,1196.89749578998,1102.20701622505,2003.40634592401,2304.25677935906,2168.06970636769,2298.12620872997,1818.95950247323,1439.58941690965,1285.20329960057,1818.78936649949,2125.16225359303,2201.96892842979,2129.04916128236,1914.98842217155,1389.8063388657,1148.44522591463,1877.06901361443,2085.33026716199,2084.25445614325,2082.88861374762,1725.55338803894,1459.14259466615,1197.3147060475,1491.32794731893,1817.45766947788,1535.25451790294,1423.53972217655,1195.11731623395,519.990497845938,471.2521674627,1289.05829220563,1863.18837907202,1954.9536611674,2192.7161316585,1954.37178856369,1477.77050973417,1393.05343734686,2157.40620354448,2351.0161511255,2462.57406835195,2462.5586142876,2039.14325805665,1476.36113896236,1467.6961968011,2082.64637597603,2293.37556037142,2353.56892482661,2232.08101520224,1721.33852805108,1444.27764970474,1447.6443132745,2003.45462630294,2084.39288397082,2161.55670035846,2325.24994716883,1959.85690291807,1401.78514059381,1485.95496287699,2228.15677343871,2492.18003910602,2572.30341427508,2546.50160324462,2203.88258265997,1401.55223582397,1244.38480278627,2234.42275348082,2622.43149978032,2572.98958965291,2738.98529237073,2361.20865714324,1281.14079699785,1482.16829094744,1777.95594408517,1735.34875018382,1731.70636268387,1463.57753976545,1126.24922759436,691.041240432867,171.275825050445,35.0184168299534,-107.965599906658,-124.876523359315,-97.0612840598938,-60.1020257176538,-111.28622050996,-111.003455916173
3014.21027779736,2987.32536724703,2984.59822588145,2981.53669014806,1543.67157647901,1230.34436449787,2881.46195984263,2913.27835209255,2905.6043150252,2827.09541283213,2654.85373436246,1027.36855001648,1154.93175859034,1122.88600987716,1209.16303622593,1035.93377275396,1032.07739284562,1074.20127034435,1443.92303129434,1419.64898013923,1297.2895068642,810.885980870416,43.7924233048288,44.5012568820766,413.739082883955,151.647997390253,308.962685744644,1248.20469076709,1031.8090172962,1029.22072423959,1026.30440218183,1079.90618363782,1400.03830571508,1398.78346105771,2137.92746562878,2726.37072577059,2876.78181801154,2858.23462497788,2738.79727749183,1164.31813461608,1127.86377857344,2613.65930525612,2776.81417056161,2738.5290344563,2808.97905703869,2340.67724428099,1346.88979099457,1423.18061504759,2176.88388613287,2315.80202659332,2488.7197922765,2674.65333705746,2511.22777816877,1079.64031887116,1281.69524345419,2540.84984238499,2635.03862718637,2490.25047632484,2635.31675110072,2169.3792330665,1418.90406974191,1298.81034750444,2013.57625182231,2247.78565655565,2434.70026131137,2541.1771781432,2135.87242191453,1250.82423044201,1419.44804207894,2133.90176422451,2133.83639898486,2094.78550615436,2346.92613673043,2010.48829309418,1172.53173375137,1078.22965911778,1964.56203034053,2289.6240330256,2140.92782902225,2283.45268337165,1773.34519698676,1417.98073096615,1260.88230850174,1773.18218633978,2094.9887611618,2178.14291711025,2098.63345079374,1871.86650101161,1366.39747678618,1124.2514165842,1832.73288684334,2051.89210812201,2050.7344757833,2049.2507902377,1679.48944876811,1446.0156618841,1172.91164176513,1449.39601575107,1771.70050661196,1491.90899567363,1414.15954942445,1170.71128402179,503.540639544774,455.675575961284,1256.36536993785,1818.27295577944,1913.36827664507,2168.78666863152,1912.72684688381,1462.51185073522,1369.41880474669,2130.18763706375,2340.98318790895,2457.79929224551,2457.7842837396,2002.4191922181,1461.24358857746,1446.64538690359,2048.98850849882,2278.73362282308,2343.54644255508,2211.54756660745,1675.066196413,1432.94959309562,1425.81553179935,1964.57124810377,2050.89259386676,2134.61216695435,2313.06405562244,1918.72140338521,1394.19955947105,1469.07469800392,2207.55983943771,2487.75988579454,2565.96615058085,2540.96714992903,2180.44103885029,1393.58239117013,1220.04948094014,2213.94096936732,2614.02069478837,2566.63101604588,2724.7505957843,2350.9525173031,1279.68328516636,1464.08939262524,1732.2736185124,1689.9848418233,1686.13180065321,1423.6008371669,1127.76464323671,671.981733346898,161.902594235178,28.6862285408642,-110.971127530354,-127.476880625837,-100.325568149391,-64.231856997118,-114.211697554671,-113.935563063778
3010.90813094036,2984.2291431439,2981.59523536171,2984.39485521386,1505.54192477659,1204.63746422045,2872.93877527933,2909.96437744181,2900.91566581508,2814.01998569174,2646.14405690207,1025.78372217369,1156.76593747433,1104.8216860991,1185.23361540241,1029.22626319445,1030.07560191456,1060.48797342286,1431.85722346806,1400.01136783677,1275.74028286755,792.412482814824,39.4344211855382,40.1279134960373,401.564044831677,144.911872526335,298.98036339133,1248.0806810873,1029.76068291894,1025.81103942382,1023.03859393792,1082.21062194975,1379.27944530488,1378.29178187836,2114.3397744817,2714.65408476206,2867.63527373186,2847.17778581086,2726.48324779294,1142.64589845506,1130.21108066429,2606.97324846016,2763.58082291083,2726.17581315412,2795.51893352038,2331.94751206279,1343.0688345023,1403.24503502484,2156.13370079639,2305.1310121287,2485.23500403271,2664.96190275158,2507.65726500054,1081.97104169176,1280.67515663812,2536.55293939968,2627.33600116015,2486.71267933483,2627.60756809372,2148.36008583481,1410.0115731796,1277.07476788076,1982.17810645682,2232.4786978879,2429.88720663158,2536.86509531479,2112.27793827167,1250.86385035602,1399.89045166096,2110.17505893003,2110.09229703797,2068.25615509505,2338.15437600096,1978.89005201194,1150.56004093377,1056.75209106309,1930.57874367518,2276.80170722814,2117.09304432763,2270.59598778671,1733.70198888603,1398.14807933387,1238.81683747536,1733.54573144536,2068.50304447535,2157.20743286963,2071.93513587836,1834.25253336233,1345.02106795507,1102.50836148872,1794.13975246574,2022.56416448081,2021.33257232715,2019.74448710936,1639.61966478208,1433.85727446712,1150.90555707204,1413.57591147512,1731.93233306043,1454.77019195219,1405.48196782783,1148.70586937827,489.718661349481,442.712084123782,1228.99362164527,1779.16293521111,1877.03658993739,2147.75345708224,1876.34241584915,1448.3760747398,1347.80763337489,2106.2752837515,2332.28649306432,2453.98081210117,2453.96616924527,1970.24609879023,1447.23898814077,1427.25937503786,2019.46209961033,2265.89683390486,2334.86469468292,2193.50294963951,1635.01879415138,1422.45552093505,1405.75600770199,1930.54962107399,2021.50679220463,2110.94775333628,2302.43102352255,1882.78502041073,1387.20162272563,1453.44918739999,2189.44972455625,2484.32262466679,2561.01617400414,2536.66476740093,2159.85798917941,1386.26169073847,1198.03382757868,2195.94882901115,2607.3256622545,2561.65563228648,2712.92108148954,2342.07883662481,1278.58543045238,1447.38264599048,1692.64873670387,1650.7216322569,1646.68681334024,1389.5458277707,1129.933200621,655.553888315934,154.962410811583,24.6810577693172,-111.775726703853,-127.892510057703,-101.378752476859,-66.1173733168866,-114.93948145696,-114.669722123926
3004.91609469051,2978.4871413359,2976.0086782907,2989.16725953566,1439.03607635775,1162.73949595149,2857.40684621971,2903.47223913576,2892.0112298401,2791.21384334319,2632.89398458044,1028.09970693883,1163.03803144617,1077.4128974164,1146.69034317294,1022.57262293974,1031.61268167903,1041.19159756962,1407.91497848545,1361.30041799489,1233.90930538179,758.942180579683,36.9472135925785,37.6077051573477,382.213362170369,137.320181358006,284.365748635729,1249.34812859728,1031.21980612977,1024.95445838743,1022.4642102749,1090.49218310195,1338.46398484292,1338.00984496694,2071.74507269839,2695.57784896718,2851.06386515609,2827.48209051177,2706.22732917411,1108.47643252994,1137.81389969087,2597.33875139503,2741.22799714101,2705.85459940789,2772.30965954522,2316.90729915666,1336.05084829857,1363.9209108073,2118.71196376801,2286.40700141078,2480.79013697962,2649.88802888102,2503.2302005509,1090.30201598637,1279.79040062509,2530.94235513493,2615.89888381008,2482.17285587158,2616.15729098495,2110.39643936445,1392.45906654082,1234.86801412139,1925.51961452049,2205.04344654467,2422.62006195308,2531.22473803271,2069.64601823863,1252.37593990098,1361.33751586181,2067.30137269299,2067.18513015101,2020.29694149395,2323.07183296228,1921.85775636517,1108.52413783343,1016.14482203488,1869.33327465266,2253.99127327679,2074.0219991059,2247.73179282933,1663.02363182457,1359.09806906437,1196.15718126916,1662.88139682695,2020.61711065293,2119.40986825026,2023.65518212205,1766.76577340481,1303.25518812192,1061.15661660521,1725.1397037875,1969.54994367604,1968.17636282062,1966.39419226746,1569.08622092044,1409.71095211611,1108.80076738803,1351.87633013632,1661.0265282225,1390.39331384008,1388.39685461456,1106.61341804193,466.750679945484,421.635324236998,1183.90998829062,1709.19504712827,1811.6799054259,2109.76125754833,1810.88768350202,1420.22813708773,1305.48149089818,2063.03677584449,2317.30821235189,2448.72546640366,2448.71142565485,1912.15005705515,1419.35741671228,1388.88326465792,1966.06716821146,2243.04773322259,2319.93036033061,2161.00453926147,1564.17753958743,1401.66298706061,1366.17211390679,1869.22110365964,1968.37641018955,2068.18567502094,2283.76335166604,1818.15329620072,1373.56435378832,1422.33355751334,2156.80264068142,2479.96925544809,2554.36670140994,2531.04210209458,2122.75510903935,1372.0843545529,1155.67746725028,2163.56781504025,2597.67142991914,2554.93737697332,2693.66912694821,2326.82816785545,1277.59511146686,1414.17819593845,1622.26364629564,1581.27309560678,1576.91578432933,1331.24504839173,1137.22879280648,626.722844423904,146.927246311186,22.9462017376236,-106.67143343849,-121.959660864246,-96.8045214005615,-63.3204458970122,-109.671668926203,-109.415521062185
3000.3402399371,2974.02353428548,2971.65148523848,2992.14201555169,1388.97810387268,1132.62075798803,2845.18828972779,2897.79161878093,2884.56701364066,2774.15781142421,2623.84837301789,1031.8770923163,1168.65996691509,1058.66762720593,1119.19416781882,1019.69969015911,1034.78503889014,1028.74051335181,1388.10120146194,1329.79634698122,1200.23588253327,733.047446116244,37.2620740407983,37.8949462464732,368.392903407974,133.367958451112,274.517777936419,1250.43223419866,1034.33645059608,1026.39124318973,1024.12760985947,1098.23440427577,1305.33482836612,1305.30913858015,2038.16992192466,2682.04036590711,2838.12419438467,2812.41456445687,2691.76089760518,1084.46990522546,1144.65107852292,2590.87770848626,2724.95278726333,2691.34296773756,2755.13134777057,2304.65723330778,1330.05017950545,1331.91567913102,2089.07104128877,2271.24395827553,2477.51932795028,2639.48494016436,2500.14206856465,1098.0826884371,1278.97378011228,2527.1238251961,2608.1610307023,2478.8348183264,2608.40921437914,2080.2974307723,1377.80241972303,1200.89106799987,1881.36960014094,2183.04303443791,2416.8370809893,2527.3829282849,2036.02026505976,1253.61876683824,1329.95949334758,2033.49096493336,2033.34811914587,1982.63736104649,2310.82656707694,1877.41592193135,1074.99351319809,983.973749279859,1821.78086282925,2235.59876477005,2040.07564778026,2229.29394101779,1608.88930498787,1327.34534594692,1161.91570627286,1608.75884639748,1983.00776449911,2089.46166582072,1985.75298686318,1714.72355925911,1269.49641028447,1028.28474945708,1672.14139496107,1928.07862224832,1926.59119751367,1924.65838095315,1515.42222522626,1389.72413111471,1075.2147354346,1305.84832851132,1606.71958399753,1342.15827943002,1374.1338921037,1073.04258706545,449.869176350727,406.356714694974,1151.27470028407,1655.42931941711,1761.11670450859,2079.63768593223,1760.24850561929,1397.00221294394,1271.23146787197,2028.92650647698,2305.10639004625,2444.64079280995,2444.62712925621,1866.88654773245,1396.34753985846,1357.56718777988,1924.29106792865,2224.59712386291,2307.77846992737,2135.09774968539,1510.29026056509,1384.38415968201,1333.95234590011,1821.59562824065,1926.80799798083,2034.45840712726,2268.62813136191,1768.14474329089,1362.11544032749,1396.7278292818,2130.75541406693,2476.7688935585,2549.92611535096,2527.21319270392,2093.36961471542,1360.24747224215,1121.77764099118,2137.76972052457,2591.19380195003,2550.43001550707,2680.01804587761,2314.47706580463,1276.71680567641,1386.92897769701,1568.52029296867,1528.4196585493,1523.82295063962,1287.91192123926,1143.84130631395,604.818408642218,142.601826768106,23.887734202701,-100.026625047842,-114.625097485277,-90.6012267929095,-58.598695806279,-102.890783278632,-102.645981096884
2994.494830014,2968.16301405191,2965.90618909341,2995.05506070095,1325.72132550698,1096.77508140691,2828.91966114779,2889.41208797965,2874.02789654173,2752.7575560408,2613.97529236895,1039.90267797832,1177.27537920567,1037.94158443349,1086.819625572,1019.4585679214,1042.01565812195,1016.2736011271,1360.34175482594,1286.34439927718,1154.31523703634,699.284741225219,41.1783596165492,41.7719357920632,352.167560640225,131.22015383534,263.956529373891,1252.11078724774,1041.50105219026,1031.52560209885,1029.57070188675,1110.47233834816,1259.76161457172,1260.32009702436,1993.5533857035,2666.2629338125,2821.03653135045,2792.97868416773,2674.73385379063,1056.81612113103,1155.13511206237,2584.09390916963,2705.25183180764,2674.26474051938,2733.86602027025,2287.97859265346,1321.44574909008,1287.76776071676,2049.50732911935,2250.65762423366,2473.73542989359,2627.90223059562,2496.84216621753,1110.37125984455,1277.81164478061,2523.13120883871,2599.86986091093,2474.97140077163,2600.10443528335,2040.07740568984,1357.11200518976,1154.55403295945,1823.35200341335,2153.36014102311,2409.28647011698,2523.35923680732,1991.30576236154,1255.45919112299,1286.67818316541,1988.5381622226,1988.35941758176,1932.76850291054,2294.20801422927,1819.01233174511,1029.71511130783,940.85838357763,1759.52174390079,2210.6811821845,1994.96675469466,2204.31406613356,1539.05768811501,1283.58848964968,1115.36232601023,1538.94400780488,1933.19528234402,2049.46913106078,1935.57218109909,1647.08044050822,1223.25865544296,984.063862529282,1603.55856690125,1873.36303284659,1871.72068750158,1869.58987171164,1446.72946003284,1361.71551002347,1029.8606504262,1248.32123981993,1536.66681071829,1281.54428073669,1354.00676611901,1027.71693511001,429.241820311057,388.037884106994,1112.06020879947,1585.8157685056,1695.16330061781,2039.38192271315,1694.19542307686,1364.54015428263,1224.26419946864,1983.55533267097,2288.49143227553,2439.5217450252,2439.50844955449,1807.40880370035,1364.18315517887,1314.25404870289,1869.16138016246,2199.56576201791,2291.25188379088,2100.31482281578,1441.3268098845,1360.08913246801,1289.50330934331,1759.22793236681,1871.95471123018,1989.6098055512,2248.0557711816,1702.90860161344,1345.89066376998,1361.02595032845,2095.75175363152,2473.0773745343,2545.37967762398,2523.20533877776,2054.15304879557,1343.56004787733,1075.83290930993,2103.15512382669,2584.38607511686,2545.77513577771,2664.12602612003,2297.75435118762,1275.50391477923,1349.03550003496,1499.44030494688,1460.74628382376,1455.85082162067,1234.00748754935,1154.05094351596,576.882921169845,139.920206153593,28.6914589290354,-87.1371716790886,-100.759419824627,-78.3370047039821,-48.434102833507,-89.8088056189276,-89.5800814116105
2991.0663423705,2964.66938949795,2962.4707774901,2996.22089661687,1288.62467697821,1076.41623481886,2819.0152079322,2883.8893667878,2867.29186583605,2740.3054207489,2608.62102223434,1045.34658286277,1182.44737117279,1026.62167452827,1068.52920982668,1020.16276128106,1046.9877367146,1009.85217816149,1343.01235593153,1259.63757118706,1126.28696207487,679.11546117634,44.3845486553698,44.9538798008514,342.936675235886,130.687204386239,258.224319536523,1252.85000821153,1046.43653266027,1035.3180995191,1033.55046966497,1118.07211928584,1231.80807581448,1232.71878629075,1966.2698363544,2657.47914801186,2810.69990811922,2781.43294801095,2665.20975708577,1041.37986261186,1161.50516617359,2580.39854506607,2694.05180439036,2664.71373213653,2721.60593099541,2277.25290388094,1315.77527487089,1260.63699749151,2025.17249225734,2237.57564944071,2471.19945301574,2621.58632391587,2494.71429685809,1118.00108992756,1276.75473707828,2520.73262327072,2595.37495152369,2472.39347773519,2595.60163997032,2015.32641181405,1344.05780874509,1126.27382800871,1788.32612356213,2134.82150142132,2404.28624451598,2520.94235711383,1963.9489114271,1256.27842236882,1260.07383109096,1961.04164377577,1960.84123649096,1902.41575504016,2283.5456956716,1783.75588901617,1002.22673647513,914.779607252824,1722.07590682198,2194.99007074641,1967.39290853481,2188.58037746455,1497.56777782991,1256.70905666781,1087.00094041455,1497.46458158759,1902.87149012057,2024.87159296453,1905.04143411598,1606.65695781469,1194.96915115511,957.267404619856,1562.71454728285,1840.20308726862,1838.46624128428,1836.21776587191,1406.12746429122,1344.23142623464,1002.32659936588,1214.79654307179,1495.04811084394,1246.11444443741,1341.30116829391,1000.20265635059,417.279507480181,377.509122072908,1089.67893725325,1544.34549178166,1655.63580597792,2014.60795403485,1654.60881435329,1344.35824046447,1195.51595799458,1955.79877820451,2277.80363541183,2436.05978778235,2436.04664306433,1771.51672759677,1344.18178436681,1287.59078249143,1835.74919595143,2183.78320938297,2280.62798164337,2078.76200118638,1400.57374169453,1344.85148685753,1262.18804560112,1721.71206199676,1838.70829652773,1962.17283935307,2234.97023062234,1663.80192080381,1335.56029039747,1338.89225197865,2074.0500444338,2470.59508215785,2542.78745849698,2520.79716284089,2030.03020377037,1332.97095221108,1047.8872292929,2081.71455624674,2580.67595704969,2543.11052412836,2655.28817107697,2287.04870805968,1274.42727853451,1325.59717480264,1458.49326080592,1420.72976374696,1415.66364095429,1202.66227278852,1160.26543834951,560.358352187075,139.056962323599,32.4438049970092,-78.4055560849063,-91.4271888057744,-69.9901741680326,-41.3799759648534,-80.9587635913392,-80.7399379726046
2982.52510294434,2955.64644375771,2953.55391844173,2997.65795846883,1196.48685309185,1029.4551992263,2792.95732482716,2868.05373709889,2848.56548655928,2709.64446780264,2597.99482627358,1064.07821944632,1197.64395804208,1003.30870357503,1026.95619341531,1027.36845523492,1064.49924110457,999.189619670042,1295.49943295626,1187.38384883288,1051.21149612821,627.346289750629,58.0251872862755,58.5272281576465,322.017585937741,133.959732803221,247.032211393615,1255.08534807742,1063.864551738,1050.06455142374,1048.79827506227,1140.83625679377,1156.35533997363,1158.20890654419,1894.80540647504,2637.9603314239,2783.73174704054,2752.06174990444,2643.72483051729,1007.39931685584,1180.21835571328,2573.57250653944,2667.73727259979,2643.17246020529,2691.92624667122,2248.52996571765,1299.94176038602,1187.22994720547,1961.1566275316,2202.62314701468,2465.44873599532,2608.58847839089,2490.4148463479,1140.84309295401,1273.81805299872,2516.16356422668,2586.75379304206,2466.54832286109,2586.95974584867,1950.14529557663,1308.04382889471,1050.52025904117,1697.60053587412,2085.55943397503,2391.40371036001,2516.32509063551,1892.24398839239,1258.64848255343,1188.09263147114,1888.98198217037,1888.72399125555,1823.18678723122,2255.07370023449,1692.42913761698,929.251054857936,846.029515507931,1625.44754973833,2153.1398652699,1895.1690932179,2146.6162804858,1392.162254017,1184.04309781116,1011.24118559253,1392.08823104513,1823.70202228913,1960.13448719965,1825.36214470704,1503.13286975979,1118.90030701889,886.376844186325,1458.6007190565,1753.96311391019,1751.97301348649,1749.41977881811,1303.83314627845,1296.28508697921,929.228452608081,1132.57497725235,1389.3181730525,1158.67398065026,1306.25911633733,927.168708660068,388.715312135859,352.961995028927,1037.39103657102,1438.57372741938,1554.03162113339,1949.36174292086,1552.85182610722,1289.13601805878,1118.13227759963,1883.02659958917,2249.17925909501,2427.482788157,2427.46982775369,1678.55286335666,1289.44738759352,1215.28171660526,1748.83425585307,2141.63656326811,2252.20580350157,2021.74800890872,1297.92409604062,1302.9497651783,1188.27452229155,1624.88237941154,1752.22819147515,1890.25928613838,2199.97202663713,1563.26890889305,1306.9721961971,1278.45264813146,2016.59211454137,2464.98319010917,2538.14331936854,2516.20064567754,1966.58189451726,1303.78652197082,973.449140288464,2025.03233464996,2573.80818596442,2538.24507977091,2635.68589069074,2258.52091826312,1271.48641485033,1261.73734480814,1354.86430926138,1319.87891272312,1314.39586114244,1126.20432701112,1178.60857714545,518.910355429991,141.408885480225,47.5945402764312,-49.4746304297473,-60.8363486399226,-42.1231559006133,-17.0894180549908,-51.7006389525784,-51.5091978921262
2974.94047736659,2947.35263389363,2945.31298870007,2996.83157321652,1113.84080224785,989.980593104158,2768.10314543135,2851.38627065502,2829.51588233632,2682.57212673654,2590.42652353375,1083.90523944564,1211.89968440817,985.7475210423,992.449149092515,1037.26302529088,1083.20835236453,993.206125186284,1248.89976100901,1117.87178816089,979.633525583636,579.451787080147,73.7186354443361,74.1556968550035,304.3049047411,139.648786076295,238.725834613721,1256.28711070111,1082.50692097164,1066.48326896261,1065.69158264513,1163.06488375647,1083.95503332883,1086.69303108551,1826.35951137675,2622.48933682587,2758.25861364418,2725.12524530081,2626.44770990956,980.047112764786,1198.02865852106,2568.81871503709,2645.65203597974,2625.85752536411,2666.21035690366,2219.19996641043,1283.44577438403,1116.62076787834,1899.34897957397,2167.43480305051,2459.27495179111,2599.04403976065,2486.04276018194,1163.1430258337,1269.87008999659,2512.08753186588,2580.71968582472,2460.30795755861,2580.90722053381,1887.16530268177,1272.27553691154,978.303182784626,1612.30128514917,2037.02108365316,2377.7996110148,2512.20522766197,1823.51862060895,1259.9133581096,1118.83474572491,1819.9380410008,1819.62584554033,1747.80432798045,2226.08127144724,1606.57267301929,860.171749986833,781.277902105541,1535.10818812762,2111.47237741541,1826.03237601623,2104.82489805526,1295.49254936159,1114.18481721099,939.189419400324,1295.44727389172,1748.35666553176,1897.63127247943,1749.59252064755,1407.30285355716,1046.14995711838,819.440966543272,1362.75399412015,1672.4171918446,1670.1848719933,1667.35150838229,1210.82053251689,1249.26296506556,860.034173194713,1059.6651961751,1292.36045050507,1080.7052410264,1271.43450412233,858.043754452593,363.568826938,331.725213875857,992.948933763494,1341.15035894205,1459.55365841426,1886.31517635186,1458.23388820702,1235.2442969791,1044.08049577291,1813.28350779482,2219.9400341472,2418.19854141781,2418.18548824259,1591.2019260627,1236.01699661902,1145.57728782928,1666.64411990601,2099.60697139225,2223.19648964325,1966.14826782807,1204.62224649866,1261.62329553883,1117.17995895191,1534.33679708332,1670.44360016586,1821.34048183154,2164.69587634168,1469.75461115455,1278.2805259825,1219.67288590298,1960.515675747,2458.93279705138,2534.5228047967,2512.09716853499,1905.31803619873,1274.60790723375,902.805927989946,1969.78491389422,2569.01369057604,2534.38907892496,2620.19457272868,2229.54884709871,1267.57364431039,1199.80854829276,1260.19086824237,1228.11517467412,1222.2751626152,1058.68653703714,1196.10730142906,481.146215164007,146.205835067547,64.7416464806154,-19.0521121343261,-28.8165670584699,-12.7247768457341,8.86440536161422,-20.9633478874791,-20.7982803188311
2969.17334401083,2940.79924422378,2938.76396625133,2994.40480995279,1049.8172681706,961.328287486911,2747.64170234734,2836.42784702245,2812.8944542797,2661.96780389671,2586.05197007728,1101.27559422167,1223.14359871785,974.538497363233,967.731091453107,1047.2871651554,1099.69848262071,991.103839069119,1209.76736951337,1060.55173468033,921.078189189214,541.242463634879,88.1903844114577,88.573921841743,291.236044211874,145.885339330302,233.414575842309,1256.3865620707,1098.95190345626,1081.35312970505,1080.94677365903,1181.35640834592,1024.39729100782,1027.84569357283,1769.79212744693,2612.11511188893,2737.48276876534,2703.7898551265,2614.65183513556,961.116315137498,1212.3166062994,2566.10608051092,2629.77260186476,2614.04299239177,2647.03909417429,2193.41979462996,1268.77860957434,1058.40824125234,1847.86251733238,2136.91733744623,2453.46069738689,2593.27971781158,2482.03480635246,1181.49062917261,1265.61366650392,2508.76092025236,2577.30114125929,2454.45790431257,2577.4747338977,1834.66966145598,1241.87620309044,919.232289352088,1543.08890413861,1995.78981466643,2365.39896806416,2508.84449182412,1766.6828603967,1260.01730600333,1061.71778109618,1762.85639362906,1762.50036753318,1685.91315192209,2200.65564567494,1536.91595085129,804.008779481227,728.855655555624,1462.21748425085,2075.7219217911,1768.92632009304,2068.95950019145,1218.96611544071,1056.61641694499,880.376124419809,1218.94506123462,1686.48059450024,1845.56976184139,1687.4184102179,1330.74190242009,986.477353203043,765.136005585523,1286.59608156634,1605.87767452762,1603.44624397788,1600.39139743528,1137.80596834833,1209.77954607747,803.778800872185,1003.81435516998,1215.61449586405,1020.65571087225,1241.81673231714,801.850696802673,344.34005143777,315.738757226379,960.318770984674,1263.70169069669,1383.73585328118,1833.76138374637,1382.30582344011,1190.21023095405,983.313044448811,1755.61329970114,2194.23173162131,2409.50655853839,2409.49321614965,1520.37192493825,1191.35622837473,1087.99987186781,1599.57612874365,2063.49537561181,2197.70595646349,1919.38601379995,1131.40857682674,1226.73356579859,1058.57001518121,1461.26618540937,1603.70092639723,1764.35037167838,2134.07134778681,1394.68184811092,1253.64697592731,1170.71706174872,1913.32060979345,2453.21227955581,2531.98660451054,2508.7471391206,1854.27957903872,1249.6351597374,845.246972357917,1923.33967644296,2566.26712721592,2531.64123275319,2609.84936094202,2204.19829002327,1263.37414186831,1148.36685601182,1185.52529833289,1156.0258882593,1149.92447097964,1007.16592157582,1210.17062617111,451.39825624571,151.705329659287,80.4075017888936,7.52617876392765,-0.926647555320642,13.0122402625702,31.7706299503486,5.87337065883503,6.01676483070196
2958.20568990153,2928.04760046149,2925.95735639298,2985.27099000262,927.574598503695,910.017056848308,2706.05603186339,2803.33332841787,2777.08544503683,2623.38322406005,2579.57867118138,1136.96925188671,1243.5321265935,957.132651975534,924.021056182412,1069.85601522929,1133.70146286503,991.171824872579,1128.64250282884,944.317473330026,803.291264800283,465.900600654487,119.041930064249,119.318190116154,266.840792764025,160.24216162142,224.586931476155,1253.65116298027,1132.88367582206,1112.62276019264,1112.98115832385,1216.82951319807,903.956477592322,908.793462865582,1653.37856217295,2594.97306585263,2695.65695093654,2662.11728639809,2594.85300704393,928.855322646124,1239.04120889658,2561.44784387974,2601.7069072201,2594.23178079541,2611.89931770072,2135.91129367024,1236.05618465795,940.406587125175,1740.84455217376,2070.06345031213,2438.16396816619,2584.59386423741,2471.09204748535,1217.07117758907,1253.9174404656,2500.1898252256,2572.03025719947,2439.13452688995,2572.17956174075,1725.52171414439,1177.88843825837,800.433159874977,1403.88347081192,1907.96377554165,2335.79594954921,2500.21053217223,1649.64446058462,1257.19795011443,945.878302091849,1645.35836754276,1644.91607196978,1559.61980937702,2144.03510880441,1396.84716977766,691.679751206867,624.374166664896,1316.62720241709,1998.57071456426,1651.50973584779,1991.53071031495,1069.46709652975,939.957042431479,762.333971559755,1069.49599129113,1560.18387930317,1737.40465654527,1560.64932027475,1179.60257899262,866.148122562082,656.714835332796,1137.18115324229,1471.14962479159,1468.31795039189,1464.83704839796,996.463745733884,1127.94469806975,691.269093013009,898.380123024367,1065.71173044809,906.687342965466,1179.40476266608,689.476238122083,307.525363385288,285.466290772277,901.226289801289,1111.69315677756,1233.29234414937,1724.48878257853,1231.65117471656,1097.45904980255,860.745281982086,1636.90162548338,2136.86154185871,2387.70060073732,2387.68618793013,1378.06505360342,1099.3403051283,971.05311184095,1463.78820919741,1985.45551701375,2140.83829156671,1821.03886265153,989.750074440657,1153.91592555862,939.776195084665,1315.29181702151,1468.54932426648,1647.01160842998,2066.92227729279,1245.63331252699,1201.09583747706,1070.30946997814,1814.01201064129,2438.08291699149,2525.94325122446,2500.12803624111,1748.16524707616,1196.52206708328,729.905965504001,1825.69036168102,2561.54165063023,2525.1412268046,2592.85382697127,2147.86250422612,1251.84699078892,1043.1891908698,1040.24338827242,1016.32327289191,1009.7660976088,910.223567554026,1236.50664579857,393.248777626275,164.580423944894,113.645815923393,62.5909196256127,56.758874604817,66.3954615746727,79.4931557549819,61.4543683545526,61.5544240793283
2952.54790267588,2921.32113106009,2919.16232642844,2977.33322341907,863.49237516566,884.705841318416,2682.74647689815,2783.02768416447,2755.69628583607,2603.80095534941,2577.07389533673,1156.12278755531,1252.73068510123,949.708149011394,902.689396132429,1082.75400048796,1151.97518284784,992.83148997158,1082.57540561012,879.977389675179,738.599719615587,425.011911302801,135.793888528875,136.01225456308,253.751715304152,168.098508759959,219.909763207467,1249.89143284713,1151.12950429317,1129.69336315391,1130.46451938786,1234.73140578194,837.489108798923,843.058390444394,1586.84932054734,2587.60190784537,2672.46610680063,2639.82309468875,2586.17005063392,913.688324545082,1251.80302193172,2558.90380966731,2588.49743115885,2585.55811241142,2594.55163600529,2099.91134961472,1215.84261757683,875.121475924025,1678.9659858495,2029.03249810486,2426.79943582535,2581.27494273091,2462.60654540603,1235.02870075404,1245.17766888877,2493.68577759244,2569.69649095863,2427.78643636184,2569.83520479956,1662.40229597496,1140.89565551003,735.205373670928,1326.47362220308,1855.7409199046,2315.84198278409,2493.67611057207,1582.71494957153,1253.3417699729,881.745183227463,1578.19778950894,1577.70931463704,1488.1739599904,2108.64211391473,1318.98075716019,630.286580598269,567.404899390759,1236.33923181889,1952.01555834977,1584.48573821473,1944.78672237022,989.13923556357,875.427243455294,697.642387959581,989.196303252889,1488.71426714787,1674.90460387287,1489.00732612954,1097.40469038901,799.924135677448,597.529707929564,1056.50617097787,1395.6381162185,1392.585918767,1388.88261772535,921.283205181385,1081.48958894024,629.780701986497,843.74274876509,985.185584343417,847.315550821364,1143.27041735685,628.06639058163,287.69372769716,269.189254160019,871.780971418752,1029.58411051592,1150.98048964697,1661.29543218907,1149.2298194867,1045.20956799668,793.285779186796,1569.05225701213,2100.93370092542,2372.26588451174,2372.25055184267,1299.04308091422,1047.48169773909,906.222085966441,1387.69444412414,1938.29631221999,2105.23057964166,1763.40511106238,914.44802202045,1112.23724461944,874.064863386239,1234.77826727483,1392.79468731993,1579.9227862996,2025.67477407747,1164.02388007744,1170.22842641819,1014.02760522043,1755.78781080927,2426.79539784443,2521.46037981839,2493.59720519824,1686.78728403774,1165.41221244798,666.772815163336,1768.4809753746,2558.96178484007,2520.38861454758,2585.6186040952,2112.71668790227,1243.22914971332,984.441425179665,962.521050872913,941.905795588897,935.141576417113,860.1082494288,1249.09108272171,361.76601048718,171.634682929732,131.682210041664,92.3813276624564,87.9591534539818,95.2809711374932,105.330974114557,91.5224394398158,91.5991627735261
2945.08724425468,2912.29265385725,2909.99089945899,2962.34150777725,778.802593118382,853.85811457998,2649.71687949869,2751.95206363078,2723.66054534032,2578.72199704231,2574.96764796916,1182.65066567706,1263.09054786687,942.79519841111,877.123447347342,1101.90490321312,1177.34352752281,997.876475892965,1016.21101236327,789.457475005548,648.31049606401,368.808580189191,159.446600539393,159.585242256717,236.2732550847,179.510046854087,214.030418272169,1241.73040102457,1176.47485834299,1153.80808352147,1155.14530998586,1257.87949088864,744.251553037311,750.803418483312,1490.89037048141,2580.06408597661,2639.93557708701,2609.62196140285,2577.00679530515,896.552315071739,1267.272168001,2555.35572807789,2573.06512339607,2576.42921815777,2573.03360237023,2043.91838116455,1184.65502262889,783.314290329228,1588.77957943207,1966.18279135466,2407.00079014876,2578.57425223841,2447.46371079569,1258.24975064179,1229.95686107088,2482.20696503051,2567.17272314718,2408.0522889651,2567.30041639651,1570.39571924093,1086.76202556967,644.192972298254,1217.62316646105,1777.77669254305,2283.12030611685,2482.16065274701,1486.12265335082,1244.97324154848,791.501137906599,1481.3133774613,1480.76226883015,1386.07399372427,2053.65265558466,1209.51964951994,545.056116137309,488.541668712655,1124.34916107446,1881.66480619022,1487.91408386125,1874.12438682189,880.014495619208,784.703990759927,607.555533493589,880.111859484034,1386.55162169551,1583.86596970303,1386.72225694662,984.327988836388,707.290161765179,515.48434331531,946.343549065907,1288.65909722203,1285.29941328923,1281.30271385203,820.264690976476,1014.58440501792,544.422520443804,772.527762915389,875.817060178341,769.428624482673,1090.3292671866,542.82447863087,260.872056152069,247.297256247205,835.358363615134,917.417066375945,1037.05879643121,1569.17879515585,1035.16463844129,970.473860284632,698.911332470322,1471.18048092963,2045.03578797136,2346.14491232622,2346.12785633624,1188.07567663279,973.275110439345,814.871077713601,1279.90577183238,1866.95015247772,2049.83683617376,1678.41747053425,813.332523969452,1051.77244293282,781.673133618538,1122.45439931332,1285.46344020114,1483.11681809321,1962.45112437694,1050.99209444048,1124.45345096021,933.889217218017,1669.89566556498,2407.08380390164,2513.63902989153,2482.08061752007,1597.30219791519,1119.3945056662,578.97892024992,1684.13852550196,2555.36540425739,2512.16709482387,2578.34357489619,2058.19244340654,1228.22080970325,901.06832395301,857.431715573803,841.76012610842,834.767545090357,795.006944309193,1264.36405548967,318.700541552411,181.9381428002,157.09844772216,133.947613178889,131.460467401744,135.60484521184,141.468351058759,133.469724605327,133.514398327417
2941.56133171726,2908.06064306621,2905.6779069408,2953.39437450696,738.909355422607,839.670388074598,2633.45048649293,2735.77228942418,2707.23322076806,2567.23373471485,2573.80430226652,1194.37330707473,1266.45806399523,939.711796934355,865.368267898418,1110.53026082869,1188.53436308841,1000.27396623423,983.411339564622,745.653782634815,604.831521454145,341.665449770679,169.76794302704,169.869336874822,227.365441205681,184.11505303096,210.546817214967,1236.197387947,1187.65980246628,1164.53206239906,1166.13657880486,1267.50246725173,699.239687305868,706.243863496214,1442.63365505599,2576.95912473641,2624.03043295936,2595.22027690655,2573.2281744659,888.775704469599,1273.10186035444,2552.899852088,2566.38210930793,2572.67493597023,2563.38417997162,2013.84356495626,1168.20778792182,738.911695882302,1543.01833000885,1932.8785849294,2395.07533162093,2577.37062383173,2438.03819050511,1267.90596169422,1221.04906514184,2474.92270998688,2565.52331986132,2396.17614591597,2565.64767213593,1523.72288821208,1059.60988671325,600.379958127153,1164.05579572425,1737.40079288332,2264.59711285863,2474.86171677462,1437.53126017657,1239.31965988,747.823836442529,1432.59327750641,1432.01290968271,1335.14446262319,2024.1260637882,1155.66894648334,504.100083355432,450.647175795528,1069.60929815809,1844.84318275861,1439.40060258318,1837.12647298382,827.752992083569,740.823641740941,564.232375186438,827.870028136359,1335.58024536646,1537.7073629512,1335.74562077913,929.666043024721,662.643104462268,476.061869311652,893.385114936113,1235.69206787236,1232.18461999579,1228.05348046973,772.233840747921,981.529104472665,503.407782234003,739.200757601615,823.451215581478,732.880760099471,1063.73956272816,501.866595448578,247.580156479875,236.319784113005,818.569696957094,863.487907466196,981.73158110616,1522.45013492818,979.772118687653,933.795817661257,653.43709098216,1421.97501156938,2015.00438943651,2330.91226880491,2330.89419777845,1133.54230282838,936.842143534045,770.630073590437,1226.55061462873,1829.578984547,2020.07169360205,1634.87174924444,765.282715125556,1021.69183147549,736.997434163625,1067.54688453961,1232.32196742811,1434.42589723619,1928.93675135593,996.057406020601,1101.1949588478,894.726891090548,1625.88193891116,2395.19027990918,2508.46188973494,2474.77841501412,1551.87988016852,1096.04801852278,536.77317500902,1640.92448702949,2552.88778064687,2506.79129356419,2575.38978944832,2028.94048379244,1219.42673233833,860.441009086916,807.253569179777,794.074732173442,786.995613916279,764.53496693351,1270.11604134,297.75523972419,186.024294318128,168.242013637446,152.624818593654,151.039617502277,153.702796258711,157.613736404033,152.324490059488,152.354216342149
2932.82578478428,2897.61448380921,2894.94114022378,2920.60349039795,642.770533593403,810.508932646683,2589.34487461895,2686.93778199357,2658.98463776564,2541.4495123277,2572.11172939924,1223.14785693064,1268.55860013871,937.477803897463,841.999466863685,1134.07459291737,1216.0606258356,1010.87369299483,891.964333031513,628.371208363368,489.936745904831,271.226647930599,195.760896016575,195.76746861385,204.323502570046,195.575304462644,201.346986353739,1214.12526920292,1215.2048062578,1191.74099343289,1194.02549332251,1287.31377142509,579.341393660403,587.441637176373,1306.86636733834,2573.58229696409,2581.58974900119,2559.01916735408,2568.61826280091,875.484014991902,1281.92533687336,2544.57538154533,2554.5170268387,2568.17499162852,2543.27645981361,1919.83605927684,1117.5055236875,620.133587905112,1412.18401379026,1830.77498800451,2352.82440990961,2576.87044769293,2403.79792167604,1287.79426249778,1189.931163482,2448.37678679122,2561.01733982339,2354.15272030208,2561.14264542262,1390.29513418646,981.974031009476,484.667377796359,1019.5101238848,1617.87499646151,2202.90221378364,2448.29199231582,1300.71633633008,1216.77729393964,630.84333556831,1295.50877814812,1294.85599895893,1193.98379855023,1931.91737419433,1010.43956067514,396.759127872003,351.704250846467,923.958957584055,1734.00105133222,1303.15287266628,1725.69340298006,695.173087259954,623.472887048772,450.176259561243,695.343937675951,1194.24313009637,1405.88241256363,1194.67889701774,787.768962106709,544.260006609616,372.942036962404,757.743226378185,1090.97306349859,1087.07851506482,1082.63285241687,652.834848812292,889.41628255137,395.924756931999,660.974546992925,690.671648261861,646.045691409064,987.560152861063,394.546090641521,213.249372842296,207.957364840858,783.00199366922,725.280421069939,836.547390292287,1388.86008352703,834.43761028396,832.776275825555,532.861898342097,1283.55780757274,1921.09808596011,2278.51049193097,2278.48874025281,986.761264630309,836.427151737209,651.893683948459,1080.8198951317,1716.92453287527,1926.99549447054,1508.21800188756,645.997292578182,936.859389147186,617.528593513731,921.414067609293,1087.11615179269,1297.36905267024,1826.11584883308,851.69966493603,1033.31549629484,787.705582777449,1497.81665889974,2352.97232063696,2489.36396634542,2448.18557094496,1421.94189421551,1028.13937944271,425.884027190038,1515.2611704563,2544.51232830982,2487.1280011461,2572.56164852115,1937.73057906532,1188.69620784885,750.039421186003,681.03944829594,675.150044863982,667.980297238403,693.370637436868,1278.84532738462,243.502229346765,196.155889438013,196.316526070833,199.797897801609,200.494480060389,199.409448422148,198.372734472861,199.946571254201,199.938424500608
2927.51131867971,2891.7655556605,2888.93491971449,2898.20467884123,589.344404324437,794.845557982793,2563.62592013872,2656.89216440729,2629.69964682558,2527.62149562366,2569.5155384142,1237.06810163228,1266.09179699013,936.325326811578,829.416133911752,1145.93031564706,1229.32231983745,1016.48336747639,837.610680865433,560.523352601904,423.896422199877,230.491236846544,208.247283306726,208.201863822564,189.895785104672,200.099499282347,194.520253842399,1197.88366507245,1228.48764721938,1205.09844654081,1207.76015557621,1295.16058381307,510.2034720808,518.888064070858,1224.66494121611,2571.66626081374,2557.02326917434,2538.62425810557,2566.28421799302,868.4867508814,1283.30277624096,2536.95237273054,2548.53457931448,2565.91679377612,2532.77553830708,1858.97932858282,1085.25508491867,551.473328338621,1332.17649949637,1765.50747272389,2322.62574409262,2575.5007348942,2378.64258409031,1295.6811911697,1168.57098416305,2428.35398904075,2556.217630471,2324.12243041919,2556.34842573832,1308.75367025727,935.025795250167,418.188270636965,934.227740318574,1543.21119043022,2160.97129735945,2428.2631582383,1217.86325992676,1200.22537529376,563.15509645637,1212.52841991996,1211.83676450249,1109.33061931078,1872.21094462129,924.794141665504,335.224198908358,294.969983280411,838.767216103902,1664.01934710733,1220.77143542892,1655.30960525546,619.723917980321,555.628695862999,384.736685430622,619.925893196034,1109.46645086494,1325.3572765841,1110.17750399938,705.974245337395,476.140420855944,313.824362267409,680.130519956233,1004.96239062099,1000.85029766388,996.241496968115,585.577294491282,834.691825365817,334.314216784235,617.926893524392,615.136841718655,598.070313890149,941.420392599242,333.030407104084,192.589708616221,190.595351068797,763.853119251494,646.205227253662,752.34402226442,1307.22131465052,750.157276705379,773.259936446712,463.511663922847,1199.80604694402,1860.29352524404,2242.04144177087,2242.01722335565,900.329481145346,777.236734993101,583.13813641381,994.242529541155,1645.75882351134,1866.70759686712,1429.97364966728,578.862936650852,886.040560449643,548.490341635193,835.935540278748,1000.82111495701,1214.38655554765,1760.38038000925,767.887807842919,991.678144870408,724.995863266607,1418.70976748744,2322.76835885414,2474.25898708978,2428.13768385925,1342.4420813025,986.544290173815,362.285303272213,1437.61816406608,2536.86544407065,2471.7001047715,2570.99370166869,1878.69421849069,1167.58029508702,685.585203469093,609.507022949311,608.003127192448,600.832010328,654.168485380684,1280.20294242682,211.775288739615,199.948993871993,209.940464112017,223.867676547311,225.810696605771,222.677850460339,218.935811797927,224.261554293304,224.232699821021
2924.37949266295,2888.64839969619,2885.72461193167,2881.86237392646,560.752312180068,787.434714989188,2548.55535717066,2637.60925778714,2611.29843352229,2521.08188632646,2567.45641929063,1243.10866677633,1261.53150965872,936.3740335012,823.545402471323,1151.71957062298,1235.03946594016,1019.84325192885,804.722325604279,521.118532555714,385.959281470844,206.974428848713,213.417003374673,213.343909021227,180.711059073524,201.03755806741,189.392955059819,1185.42336617596,1234.22751188387,1211.15176109984,1214.01891358071,1296.73841087314,470.256460061688,479.235897986858,1173.58130368197,2571.47862637584,2542.84109518966,2527.5397316635,2566.10753003481,865.652187632695,1280.96017156227,2530.79977377227,2546.61922030751,2565.79825955195,2528.31831882288,1817.82143443259,1063.92226759345,511.642598858195,1281.75632024221,1721.99978292891,2300.30390354364,2574.66028892591,2359.70155765446,1297.27818789427,1153.21160930921,2413.0973071399,2552.31487318047,2301.9343914925,2552.45317620187,1257.39307150219,905.917970797734,380.026828517576,883.236134909519,1494.79985141627,2131.23951733394,2413.00970878095,1166.34998311968,1187.54416593855,523.829294558933,1160.9674081926,1160.25560174013,1057.43844049059,1831.83828664108,873.618831132974,300.055663646296,262.557466010273,788.525875502694,1618.04104949344,1169.66942743104,1609.04326663081,577.300314521256,516.268790544368,347.262161003571,577.520598228371,1057.48054319245,1274.67677425942,1058.46261104497,658.905257446919,436.929349322412,280.047724511681,636.06231501467,952.939522441821,948.704807423327,944.017542714931,548.507991761741,801.599464250004,299.107715164836,595.436183886056,572.691312873519,572.741027102707,912.754579060821,297.880268738308,180.044386517403,179.831207911471,754.614765806179,601.294915087788,703.371395283287,1255.799831086,701.148738974419,737.703903496866,423.612328927327,1147.78791865723,1819.16038265388,2215.62866705747,2215.60266888119,848.795736643632,741.848960476282,543.13659849457,941.902141479354,1598.95857350427,1825.91516112552,1379.96595077616,541.921030010589,854.944190129724,508.458695451013,785.517313033715,948.627288489879,1162.80681639808,1716.54549921758,719.063585570927,965.365990716895,687.835364717687,1368.14730610445,2300.42161231609,2462.49614726869,2412.86769342048,1292.3119894312,960.316524328042,325.897470654109,1387.99381724058,2530.70319861025,2459.74596581617,2571.04891668647,1838.80560922437,1152.38482678369,647.605196489229,569.609229027119,570.842696294533,563.719293052774,633.699816180152,1277.88340666696,193.191130323705,200.495253238264,215.711762470615,235.172099088165,237.77372604205,233.558487710356,228.384240122729,235.695472399043,235.655656058949
2922.27721982463,2886.67897571183,2883.69974046264,2870.5439154737,542.453635081214,782.705048572102,2538.7761606613,2624.76217345973,2599.11276048026,2517.09936802797,2565.8076375867,1246.41134985168,1257.82276854077,936.291994551985,819.765647885252,1155.02467794577,1238.1437043678,1021.79129462672,783.123598230468,495.564055568413,361.416349513753,191.62309602628,216.055879842341,215.965497738356,174.377464195169,201.034327711447,185.596222507568,1176.65234640148,1237.34825499842,1214.5212707917,1217.51873578787,1297.00454395389,444.389220593221,453.550252664064,1139.58370336713,2571.38951588001,2533.67703832117,2520.50015401908,2566.08740826803,863.798928178623,1278.67529870833,2526.24814816241,2545.58805481524,2565.81836986605,2525.69335468321,1789.75459178419,1049.52246785963,485.822537751859,1248.06659927358,1692.45559624535,2284.64253797313,2573.91371246745,2346.32118251609,1297.5559432803,1142.58956734063,2402.25056291106,2549.35047005233,2286.36754050552,2549.49467990452,1223.08439381058,886.656243464794,355.345185286173,849.671514850558,1462.19186073373,2110.65898797303,2402.16667869574,1132.06389368214,1178.62382573692,498.3231731782,1126.65560787893,1125.93129170753,1023.0397649513,1804.30439443099,839.940722606869,277.312665907524,241.574952160458,755.585070929506,1586.95439555598,1135.6799753878,1577.75629122642,549.845247960541,490.750964121708,323.034903104409,550.077419779251,1023.01678255535,1240.82929715118,1024.19922673547,628.254624238192,411.559395147544,258.194564187987,607.468545333147,918.586939712545,914.273605615613,909.538805877466,524.635414971015,779.871591708458,276.341400788023,581.101749268168,545.227593693889,556.573532619516,893.772120717636,275.150292088118,171.602922003684,172.507520002683,748.739356312139,572.155666775832,671.389196001295,1221.45081973649,669.145057282931,714.449409787045,397.804656233477,1113.1783796502,1791.10842105868,2197.22532731116,2197.19810338946,814.905250997527,718.698861035642,517.18723067434,907.346388369911,1567.30895764171,1798.09220232866,1346.42125873428,518.141963653001,834.450632374552,482.512877010564,752.46001181187,914.162903824821,1128.47939898476,1686.77776870648,687.16168774186,947.84976528809,663.594136042009,1334.23241868394,2284.73901986602,2454.04395323737,2402.01274886733,1258.80923650732,942.864609032839,302.369678525587,1354.70420185382,2526.14650519417,2451.17058821495,2571.12351818664,1811.60516754584,1141.87216273345,622.871467277784,543.837985228662,546.88027656106,539.797394236389,620.633205488303,1275.6193924784,180.94822993191,200.246750808569,218.725645699598,241.636973635018,244.649044578744,239.759189652324,233.691837467012,242.241034842829,242.194383009874
2914.21893956462,2881.35022198235,2878.2363196941,2815.63672300399,498.208100317922,777.703271400739,2506.44759097955,2573.73599327235,2552.5381300073,2510.97047231059,2553.60439172256,1245.64347604361,1227.77919447317,940.664482723947,816.391922049321,1159.80021672815,1237.07790813041,1029.13818037119,704.655434064652,411.786807964817,283.553723193054,143.126012992145,215.176927221391,215.042994824908,150.714086937114,193.541399034741,168.396982284763,1130.5476579316,1236.39651360665,1215.95843019342,1219.29710788293,1280.86107841381,360.811459340133,370.31228659371,1011.67461619575,2572.87763670837,2504.40268091735,2501.29366196141,2569.33033278122,865.415240546201,1253.21881107639,2498.28702720366,2548.27877242124,2569.26011477361,2524.33952804727,1665.783464718,987.357064403694,401.436257407899,1117.55211131912,1565.15652565248,2204.82044890481,2567.47077950418,2276.11158445025,1281.42641213366,1090.82472175174,2343.9107340466,2529.81503247822,2207.04718971888,2530.00398186619,1090.37866939002,812.877790650933,277.202054197549,734.123581692768,1328.65614228283,2012.2524812242,2343.87908170914,1002.97037484394,1131.7938174112,414.625779371045,997.635502265287,996.886418199667,897.484363161498,1682.65085743425,724.2014038264,206.42772662207,176.433091010722,646.0808129823,1456.47641707483,1008.30923994763,1446.32013257802,470.306938631438,407.339346253012,246.920304662816,470.578169317427,897.133151577139,1110.08558760883,899.594176778846,532.979243061687,330.493934579624,190.237717547886,522.001292724773,797.022221935426,792.48806220142,787.701393414964,459.986357650318,701.044305151492,205.413515269888,549.991529409135,465.824322696357,519.71733263294,820.753436356126,204.352411309104,142.350874197288,146.237517698159,741.184466742248,485.051462441074,568.967052417962,1088.59599796727,566.707432467909,632.442110842463,315.454096590831,983.1886166591,1667.15129181199,2106.36282711734,2106.32982093679,699.082818147463,636.913873197188,431.677872264176,785.221916106836,1434.29360634707,1675.07437037834,1212.80077498591,454.114759065294,758.114332594075,397.818357901723,642.533496127749,792.219470497969,999.309578151531,1558.46977052388,584.527820025924,878.150719503865,579.787193979724,1199.1621467464,2204.72069456159,2406.74738164028,2343.65640451872,1128.84153236776,873.730720754403,228.714756868706,1222.06597965346,2498.19725200957,2403.48764881052,2573.32095855095,1691.52726622024,1090.59326386657,538.572381943581,471.121842214883,481.040038075261,474.370096466846,592.383657290364,1250.43296257323,141.167213493825,192.118972064733,218.766270582702,250.197982027543,254.212983445738,247.672465431509,239.405145030712,250.998767115014,250.935283339866
2906.56208779943,2877.45126626571,2874.31879925633,2765.24665882905,468.643426181132,776.391692340101,2481.51485430715,2530.93651732372,2514.11672062091,2508.35755860737,2538.5031736826,1238.78631038536,1195.90087570388,944.244051135781,815.738230429714,1159.42012385978,1230.13177778132,1033.54395766547,639.721062619454,345.886674091975,223.265052562183,105.140071754311,209.257476054212,209.09532200649,129.934378705891,183.357934977024,151.844764739476,1086.54935537905,1229.56224250834,1211.59067769063,1215.15826286555,1260.01121979922,295.563976068354,305.222176341415,903.822452361713,2572.52887610434,2482.18292434003,2487.84099523524,2571.10903421016,868.089610042083,1224.83184555101,2468.29289224069,2551.30166914539,2571.21534513994,2525.23528558806,1554.12649095749,931.989937900455,335.174278769145,1006.13192869096,1451.64031482614,2128.33810823143,2558.10319499627,2207.88968513609,1260.57758171336,1042.64393485417,2286.35118542194,2507.72355066621,2131.03759545783,2507.95975918286,977.217730627449,750.341592537826,216.768514164653,640.495702422579,1212.05670885778,1920.52539746047,2286.37982257111,894.111060276387,1087.14343285234,348.755069167467,888.901073440843,888.140573571531,793.033263021738,1573.0175257374,630.507356540038,151.950156774443,126.366438276071,558.822046920274,1341.40027686747,901.120117046739,1330.3483847803,411.245455960199,341.819373741103,188.267914518766,411.546753545354,792.381668810794,998.648279129697,796.117806663036,459.547685090234,267.53626967954,138.019355240433,457.434238480653,697.297508992019,692.611459390628,687.830943571548,413.749944367581,635.860101733543,150.916499694325,530.655898670019,406.937252101224,496.040906255848,758.737827272816,149.959921897545,117.803060865436,123.709538008536,738.38413865457,419.289380781738,488.848438457639,975.313930993756,486.601080678495,565.554716754248,251.571457380654,873.718825373327,1555.48956007629,2020.54612569572,2020.5079099741,605.594731063893,570.148661985964,364.266987056332,685.117700743713,1316.9395227638,1564.21255538663,1097.44615337233,408.492376611412,694.21320589445,331.361600470998,554.934989662606,692.201100592339,890.417926207372,1444.05908647914,504.03962396113,818.082793476668,512.099487640473,1082.59847726867,2128.02559003996,2359.0303112251,2286.09072140446,1017.80929073211,814.238221108885,172.023961913952,1107.52359286852,2468.22853341167,2355.50131390089,2573.56384875992,1583.31415469469,1042.83710528358,470.962722342885,417.874820185422,433.500912833678,427.269934358177,574.728674248001,1222.33437804515,109.295251420397,181.515186313936,213.429530002612,250.291679994005,254.940299554735,247.35574532142,237.689003160821,251.216510962161,251.142323351692
2895.72747314331,2873.42241033646,2870.45179367997,2701.85412466787,444.474828726584,778.042929860038,2456.03094706898,2482.58521786793,2471.54315895976,2507.60297131909,2511.66554721665,1221.81603494777,1149.7270239776,947.441981798542,817.181088438504,1152.30144870373,1213.27778877196,1035.42624010199,565.828479976726,275.577822866252,160.318841550701,64.911792144555,195.751692096751,195.567808823134,104.826913369721,166.606000594922,130.056859472247,1028.32470314794,1212.85752092201,1198.32363710638,1202.07423194872,1225.59454320954,226.663719221629,236.331388213213,779.297058984467,2567.33326799039,2459.8837934456,2475.56170772385,2569.32869696471,872.158121141343,1182.1716873522,2422.27251852584,2553.73218880956,2569.64233784803,2527.46280427381,1414.98097324279,863.568732859837,264.650163667624,875.592987170416,1311.77382804139,2025.86156425012,2539.06577012677,2114.9375329476,1226.14776854246,980.39161818939,2206.38457430421,2471.79758381868,2029.16933800982,2472.10233555925,844.87225035906,677.145914927047,153.777035428518,537.564758677852,1071.86358503966,1801.48645604684,2206.5066237729,768.438390287057,1028.11559384251,278.429665881129,763.460687483725,762.701059136473,674.402607237359,1436.25585289515,527.640311797639,95.6734203968531,74.6525856894684,464.950962593261,1201.42428511463,777.662493301742,1189.21187004943,353.668988648921,272.042360421146,127.443442877519,354.000567004759,673.378113636706,868.367469841083,678.855775272766,384.017916146167,201.516096445474,84.0946427268191,392.839842861906,585.982773492365,581.175198085572,576.474011600956,371.220232582289,561.750437989474,94.6393930852648,517.053551420194,349.645270977199,478.150765629342,685.981915182839,93.7977049740048,89.5482272303043,97.1567174769682,739.224561353134,353.610785939954,404.766742595318,842.838691165381,402.56977739595,490.782692201545,184.699334362079,747.569009014096,1416.31473390373,1907.50482158388,1907.46023870514,503.360613521026,495.430745407286,292.139017680131,573.508859418992,1174.16797092651,1425.95092293996,960.563688947531,366.789597233639,620.49640885684,260.698901966867,460.703025485495,580.592368850488,764.755326510361,1303.11924816065,419.26394910856,746.440116430384,437.359268721865,944.373105724675,2025.23574107429,2290.9287053216,2206.12983969215,887.601311039891,743.390372546151,113.332707870868,971.53303022908,2422.26195446938,2287.19120441237,2569.00336477396,1448.28910693556,981.092434914614,396.971157578447,367.032489551312,389.06419810247,383.462945578672,562.06098881809,1180.08662398082,74.5578904426632,164.424646640796,200.35028225925,241.241134855987,246.350293993376,238.0048275852,227.304518991459,242.255719451309,242.173631766214
2885.09728843334,2870.25943519449,2867.60402858345,2650.46416021765,431.952894187817,780.219576015909,2439.05091826176,2447.43791368725,2441.1310230946,2507.04264129244,2481.16368439158,1201.7200263012,1107.45081753157,947.985324840259,818.541776644799,1141.20848657545,1193.41787081445,1033.44018297908,509.606023190931,225.227808563998,116.200429638346,36.2802210464001,181.066384651631,180.872711756812,84.765059856587,150.492742648581,111.550853854426,978.264901790501,1193.12317192541,1181.57019970392,1185.40254648219,1191.51526642685,177.829330081734,187.389223115612,684.321001141399,2556.79054466411,2445.19551514941,2467.82949289097,2562.14329784356,874.656594449013,1142.19567733205,2376.03886147074,2552.22195735823,2562.60646773434,2527.98176947047,1301.23078436071,807.771839817163,214.272381484465,774.71050555274,1198.61921204285,1935.92024895639,2515.30124488541,2031.96440488723,1192.04900199805,927.83076355577,2133.50031215311,2433.77541131733,1939.72793248008,2434.14325102427,742.824394910728,620.072937081474,109.705454577012,462.555677972698,961.00602483051,1700.20960031449,2133.71199501707,672.63274658735,977.418100488478,228.033423935229,667.894970399509,667.147089930959,585.30787435493,1324.29576769203,452.788964298924,56.6510606839711,38.789343578708,397.969875788101,1089.54994679141,683.729474025242,1076.35697648546,316.548359170458,222.153939880625,85.1075048866335,316.899268767864,583.989128717211,767.920087147907,590.979843022722,332.477203794035,155.031142536135,46.7115546363116,349.965706039655,503.734262848944,498.879797650772,494.293703986821,345.546895068864,505.411913761553,55.6311645067231,511.599121422073,312.79888174494,469.979531120383,629.133231176504,54.8738785902735,67.8378566532206,76.3507364181849,741.412777360886,310.165410374634,346.235744056878,740.703640296762,344.104116814576,434.81191732731,137.718594776019,651.59269641902,1302.52435059005,1809.96655415624,1809.91700578181,429.285128609798,439.443048142162,240.350779419422,491.157403365873,1060.07790245936,1312.82290834479,853.608217416346,341.821079654769,563.730917607581,210.273011901179,393.480109887729,498.163328471137,668.994457679801,1189.14254382714,360.013055997506,689.677452629559,382.049864223223,836.474093048548,1935.00516090534,2227.15166369106,2133.26150798735,786.869486447551,687.31453243599,72.5475930513842,865.195602628074,2376.09044258191,2223.35752959631,2558.86210882695,1337.68387145409,928.924920786566,342.67004631894,334.968782724975,361.667938860807,356.629106732422,556.614020180064,1140.47411115157,49.1352616716515,148.14481999685,185.836480444669,228.400018453757,233.691170717054,225.042973209858,213.918012863083,229.449668536648,229.364340392857
2876.77139349491,2868.29453878099,2865.98802321322,2617.17669530746,427.505488135568,781.900248681293,2431.09225213147,2427.83474403702,2424.66481528915,2507.37598905991,2456.24207707993,1185.1814575191,1077.40406303985,947.059201505431,819.347297135572,1131.02111001569,1177.10779518578,1030.09683416898,475.074874890131,196.040202425891,91.1619004996583,19.6681439188972,169.377890354194,169.182023489492,71.7305502509714,138.51677530885,98.9218460236109,944.252757583509,1176.89650158823,1167.36994723903,1171.21914622508,1166.0441309934,149.814108674141,159.24376134295,625.900390324913,2546.43005215848,2438.53637449725,2464.92918433518,2554.35165559483,875.663364034717,1113.34051288348,2340.76233524997,2549.60769483697,2554.89985465519,2528.13262584285,1226.73788338491,771.399750043845,185.144289077431,711.889484014367,1125.19049861866,1873.44981210324,2495.0317855971,1973.5705811768,1166.5605643115,892.611018185024,2081.40919785032,2403.86183634995,1877.58790708345,2404.27568247166,679.420464986338,584.247891675839,84.7411058133841,418.429388982605,890.51974483289,1631.60000309167,2081.68826356873,613.733273496578,943.001862261062,198.798761577204,609.179689934525,608.445913815631,531.311983911774,1250.88320175894,408.825058557119,34.7288665665392,18.616277668126,359.418521688184,1017.74732890451,626.099021179948,1003.88198650645,297.552865912255,193.279731026585,61.2491042093261,297.913352889888,529.807777681387,705.524175766099,537.848214574811,304.229341736472,128.536689742096,25.703666564053,327.217489635298,454.680440148143,449.825197922288,445.342402480612,333.542108145254,470.837626909017,33.7256619612613,510.907117355652,294.005271129585,467.943333839643,593.382831940385,33.0180982195709,54.2165603364542,63.0618322427042,743.461169489909,287.214912849728,313.436833599964,677.253499616333,311.361358045385,400.951401301108,111.00672426296,592.706157228634,1227.99599472266,1743.12453708556,1743.07187364038,385.972172636925,405.539582363363,210.256932426828,442.114524948497,986.851562449425,1238.67920859853,786.336342664615,330.291479245124,528.488717427829,181.147842189966,354.801528119493,449.025986949622,610.144608041203,1115.20719305464,326.659639609371,653.551821242259,348.950126763114,768.674501274883,1872.32368160603,2180.67282499148,2081.18808387197,724.079169610525,651.654906744904,49.5932855047106,798.263221778054,2340.86651963561,2176.91468723256,2548.68784477233,1265.12144700442,893.949104468756,310.430775661808,319.021263970823,348.449435155649,343.803738555806,555.519901352723,1111.86902827859,33.9354893967966,136.118309299355,174.166951205137,216.971199687657,222.279115496795,213.600843160124,202.419349768643,218.023647010617,217.937893031037
2863.31717180171,2865.55497322643,2863.93275015703,2573.4071546866,428.586820008028,784.712478457944,2424.50781040803,2406.60883761753,2407.56339334348,2507.19974161851,2412.60889551323,1156.6972207775,1032.50937601259,943.511836457047,820.351964181842,1111.95109527955,1149.06825256313,1021.88217840092,432.534446082699,163.49684472401,64.4407319015945,1.54980370008934,150.786111314659,150.594455665855,55.0183931053891,120.63921470874,81.7148076693402,896.044594975221,1148.97163202496,1142.31913771714,1146.12313643454,1125.89808844766,119.200656107166,128.345267443176,554.663779537508,2524.69291430237,2433.28946475103,2463.15923005512,2536.66500664284,875.926794988134,1069.48656884063,2283.36059073918,2541.36816064224,2537.30132941038,2526.11586847906,1126.85768975954,722.527457411595,152.822346614394,633.760661105271,1028.00332263943,1782.75305082075,2457.97189217552,1887.36399738747,1126.38288084853,843.548525944722,2002.96633732091,2353.51577037636,1787.33231580806,2353.99885029776,600.860112309416,538.618921568533,58.1992695557813,368.624272750611,800.000888122315,1535.18863230207,2003.34987150844,541.981709155453,894.272202453568,166.161065693007,537.725973352785,537.022794914157,467.080311672014,1152.25889381899,359.349308440558,11.9057004140698,-2.35993788519522,317.676871685223,924.208912741802,556.100314501504,909.407516496974,282.02268817267,161.180212585755,36.1733399390885,282.39028447793,465.342513772152,628.212421092643,474.876987010058,276.652051987722,99.9682877633381,3.85967189386133,306.66103148983,397.927909832685,393.128544337197,388.836822059417,326.445801699448,428.298440348995,10.9384150005733,515.406178091447,278.787168847497,471.445896074604,547.72411601175,10.2894744043199,37.5458621405182,46.4005991328715,747.435648325836,266.730654945085,279.811520683984,598.652685438887,277.836364080143,360.237194364156,82.3413733839375,521.210149727492,1128.05138608926,1647.77810455718,1647.72158073624,337.637466410424,364.709469474758,176.535885436946,385.525426637799,891.492990292101,1139.15136484444,701.362230222088,323.857331795614,484.340643891956,148.891457519635,312.948501348207,392.22788586146,538.498386007848,1017.41000208726,292.135749783251,606.603566356275,309.862830781376,683.171051377524,1781.30945282879,2109.00036858932,2002.78155375532,645.860469430956,605.367272771459,25.5645394726598,713.616778652829,2283.55554980587,2105.42065814527,2527.05634824709,1167.55126267219,845.191396337127,272.877814976657,307.088072697532,339.567529871637,335.495073652042,558.726380141463,1068.37499346215,16.5670606523806,118.271817374898,155.441616853547,197.114472938839,202.270359548893,193.838254669144,182.958038222829,198.136300346053,198.05286249965
2852.86726880704,2863.34962611847,2862.30273220665,2545.31731323728,430.950388182582,785.797669224781,2421.65525015167,2395.11602880036,2398.61852222721,2505.56535400452,2377.45567897548,1135.09096247041,1000.86045947564,939.449115650412,820.039667994759,1096.74924096233,1127.79914423898,1014.29009644722,405.178601587044,143.605378266068,48.5003220706556,-9.34272783187225,137.866740414275,137.679584784243,44.2273194366735,108.455412628711,70.346553528522,862.91646187349,1127.77753220161,1123.03915750287,1126.78919663758,1096.85539573312,100.696540956165,109.619414613633,510.086325910189,2504.9967140633,2431.03907360963,2462.16686855882,2519.91734188882,874.765156060105,1038.3244070972,2239.39072313886,2532.14200863239,2520.59394312633,2522.35512202434,1060.51572061795,689.795663763451,133.121138187974,584.288710925091,963.99859558606,1718.94190322314,2427.2436164915,1825.94869221575,1097.31680392089,810.121009504937,1946.20748813256,2314.02338479235,1723.80552838035,2314.55560947748,551.281194505952,508.814279135066,42.4014131102131,338.898980208032,741.575891466211,1468.93531488828,1946.66625284182,497.135997960537,860.813617581198,146.197938197472,493.095661563083,492.417737903555,427.510931376469,1086.6300566748,329.889121796626,-1.5088941755323,-14.6730368830511,293.424353066409,863.268790706205,512.415576947928,847.832163510667,274.743924682455,141.583418269372,21.3480131707793,275.113714184731,425.630790182492,579.400565393719,436.178681331417,261.713796736706,82.8128914408335,-8.96645720011475,296.10914932744,363.569556843812,358.833396787257,354.689435575014,324.261824768029,400.963031020085,-2.44866644935632,519.375384077943,271.728272840438,475.071321702885,517.857323235248,-3.06067663072758,26.9832505975874,35.7382278493953,749.515567386914,256.38579496526,260.98523968882,549.058312113905,259.086298211636,334.372195835949,65.1899220183993,476.643325783408,1061.66006761255,1581.56827726347,1581.50942487497,309.037754168122,338.75013070024,155.876603302208,351.343211597308,829.408257183259,1072.97928216648,647.082791047087,322.112951932837,455.726636605663,129.252162457544,288.652088896078,357.872252747539,493.738934104734,953.046652213371,272.65898581799,575.642299883987,285.25533177231,628.638962401124,1717.27442400787,2056.21477111585,1946.0531280206,596.267520553614,574.847464147675,11.392464358114,659.48530012861,2239.65582223845,2052.82251790062,2507.34025313477,1102.55852038052,811.953391662807,249.397026328033,301.943341408569,336.159371524809,332.478691312462,561.580394162325,1037.45429025195,5.88973484963026,106.132423791668,142.396088103401,182.974070971593,187.987946802738,179.786749259482,169.195600262463,183.96748648853,183.886268140767
2837.47248769431,2859.90745194557,2859.76669291893,2512.74272608387,437.144410163155,785.659716909136,2420.30350268602,2385.31328819876,2391.54127135955,2500.12878372738,2322.74968334002,1103.34561664503,958.502790291443,931.174106544762,817.798761183871,1073.16402572626,1096.54999618599,1000.8366426868,373.604096783396,122.863316563942,32.7676914037988,-20.2907312058198,120.826433712349,120.648390586791,31.6531581906788,92.8685547995385,56.5405236594679,820.194652784146,1096.61821051586,1094.23913270268,1097.8758840316,1056.59926591948,81.8697511198109,90.4546725320497,460.898904088565,2470.76340673734,2429.89463135452,2460.62300471053,2489.74202246063,870.780375719036,996.154029954683,2174.56218368587,2513.39116785665,2490.43414098848,2512.68298198285,979.448060859439,649.249672539589,112.700139268186,528.498320610919,886.832399389203,1634.19489735495,2378.02845205928,1743.02334072101,1057.02725903325,767.571498056084,1868.01702776707,2254.25782174978,1639.38812078924,2254.85559023019,495.700942912089,473.426941338223,26.8913823989913,309.092923647035,673.434672073589,1383.76815492215,1868.57798385772,447.759852138505,817.717985464613,125.349636920131,444.017052952556,443.379298590981,385.139045095267,1006.20345775442,300.495903157908,-14.2823472106966,-26.3594873794661,270.548407460129,791.062573964364,464.445409197053,774.833416382646,271.826928810034,121.20349311835,7.02570023490648,272.194544070729,383.108686511006,524.631036114969,394.92841622278,250.071928632843,65.6201452342948,-21.1487295588588,289.306335539694,328.048667195621,323.43944723602,319.516186848292,326.604774696487,369.453180391629,-15.1808472331545,526.23808549575,269.104783184536,482.135330475971,482.308106591072,-15.7518273874146,15.1122966396283,23.521714964611,751.036596519068,250.144637336645,244.82601864988,493.480871000385,243.038708913459,305.191209868047,48.1402840827743,427.816171935799,980.519531669264,1495.20000152462,1495.13875473417,280.894066387433,309.418124445454,134.22263133847,316.166366535845,755.936191856394,991.997447768383,584.902211477271,324.994053361853,422.221009363365,108.944528831768,265.779430703801,322.417199917576,444.499554628757,875.531202524432,255.600413736527,538.267157327882,257.97707130125,566.336983736509,1632.23118545063,1981.88766718582,1867.91120137313,540.212194462792,538.018690036774,-2.21774783403339,597.353849654542,2174.93057603816,1978.84981156385,2472.91801681695,1022.78661646706,769.610736535582,223.720199956188,301.147781590727,336.929281523934,333.749530723952,566.571741743073,995.584989175311,-5.38867596523141,90.6501302056536,125.121916436929,163.631669114475,168.384643488328,160.609102177242,150.560429152555,164.573170093201,164.496112883274
2819.83270946097,2856.0018283589,2856.9625601355,2482.50633180494,446.892579630562,784.665544949213,2422.30110569335,2380.66953847968,2389.3027670061,2493.0058081083,2258.95218752496,1067.51134858967,913.751945701374,920.412529686912,814.357678974733,1045.69660366601,1061.2846100292,984.15038978645,344.648930651499,106.151675074858,21.1246975141587,-28.6319137761989,102.933125423519,102.767591990834,19.9843422035187,76.9490127315983,43.1429703104379,776.43455157436,1061.43973648467,1061.40801888909,1064.88840575926,1012.90720184697,67.2424408876591,75.4322871349718,417.946705832772,2428.78808831042,2431.6221510015,2460.20441704089,2452.22560760366,864.953475764818,951.206311842865,2101.30398538234,2489.30285823926,2452.90273989043,2499.84048979677,900.184989478379,609.215209479025,96.3873943351809,478.460906616503,812.38318864824,1545.121718351,2319.76771649349,1654.74483887825,1013.29767528663,724.484322715254,1783.56648005243,2185.65506466766,1550.62631943257,2186.3230157687,446.181970317658,439.951832930955,15.5127453502407,286.386093344076,609.914806939294,1296.61587188069,1784.23858202485,404.748197063502,773.617115993969,108.516045120181,401.330337729019,400.740952273121,349.548332921203,927.366724934416,278.277973609117,-23.1620503666561,-34.4334394547168,254.896343142161,722.631846661845,422.819459690364,705.597492980173,275.10974143519,104.850503971323,-3.19394406233982,275.470673759339,347.391380672555,475.804952026928,360.505336470486,245.352395821003,52.5815734585697,-29.5774292952506,288.878609113574,299.658846957471,295.220512569722,291.551871435508,334.163520226608,340.598769526456,-24.0127222371143,535.426141059629,272.699981501777,492.10773372995,448.593149606844,-24.5476708263918,4.55258005261067,12.4018392221208,752.096864489975,250.547688479518,235.872735747471,443.984353738313,234.212596615701,279.126251397957,35.3699619845065,385.536855472826,901.172877853475,1405.71162190411,1405.64840909782,260.090902406102,283.171081968944,116.644190893883,288.234358729516,686.365794998376,912.708696383442,528.086052154561,333.083973389587,390.997140347679,92.7789620351912,250.183160700143,294.149740881135,401.651439755699,800.816310395904,245.663819533175,502.297586109629,234.126123238606,509.571290344875,1542.84252656195,1900.36306013318,1783.51944669386,489.806598143488,502.594911331951,-11.8266408939187,540.466010987018,2101.79134424949,1897.79366629422,2430.6047431914,944.488011274947,726.704477518209,201.652876949722,306.064685681338,342.86602567063,340.200467882111,573.435161150452,950.940056390413,-14.6415959784304,74.882875724682,106.920446608245,142.679738422086,147.090452409056,139.874245476696,130.54470611838,143.553322239938,143.481778601344
2764.47811150431,2843.05489929493,2847.60881217287,2410.5744446574,482.529023772576,777.173904307654,2435.97404289239,2384.45862680434,2397.98867767863,2463.40563961373,2053.03741909945,957.50405027674,785.751378592712,881.757508465409,799.277271531925,958.41560947111,953.017381911942,927.407841212363,274.376860567904,72.858524184031,1.67298588274753,-43.0505840844896,54.0095722964934,53.8862323785511,-7.76353712769605,34.6408943107426,9.49076481737529,655.401103727262,953.39154399319,959.506631081788,962.431197520984,884.32561985669,40.0462661796882,47.009034221192,323.588331586631,2285.10217330249,2442.73328580481,2458.93484584023,2321.70982556,841.436815595242,821.447636874559,1873.06925460211,2401.48283982987,2322.22945863066,2449.63970175397,694.1143966787,502.97220740931,64.3959065140398,363.697870142884,622.304463973257,1290.66897275691,2128.52948630487,1398.56865701473,884.60386465308,606.832712005181,1534.05725701182,1968.0997257976,1296.92173172594,1968.96937047816,333.918265516055,355.488144258512,-3.1077951879804,248.506853453523,455.554299974296,1055.85364234526,1535.05388124124,310.710246137352,651.793472633757,74.850165016026,308.247886587324,307.815225313634,276.561799230277,721.617166098366,241.963714393426,-35.6749944102176,-45.5166357053492,236.076108892212,552.258594946084,332.339856578603,533.059404001893,302.703105444709,72.4903378683759,-18.7645953886267,303.030718324272,274.158955172678,364.92716237777,290.752949345644,254.324423732383,29.4958593269166,-41.2445754709229,307.2252934149,246.911555857326,243.08359734168,240.208866769273,369.669606559452,270.708394195268,-36.3791176215564,565.437147092048,301.184112533728,526.151607620481,363.247254428926,-36.8302532874197,-19.1766803128776,-13.3823955193791,751.337060396038,272.07871757782,234.669806292031,331.852508826823,233.400769946355,218.07428984434,13.4016932087468,294.098527809743,694.843704908135,1154.63279596851,1154.5660225791,228.10292494589,221.53930738109,81.1567029026323,237.107264993079,513.466192948003,706.157884845768,394.073480905595,369.96801466868,313.656801377996,61.2812803109662,231.699711417348,241.931175181892,308.142349735369,610.351437148755,241.567154097624,409.633195917831,179.921597678876,376.326899338241,1287.49136634369,1655.04228274946,1534.20247137296,373.694569705042,411.370901055944,-26.0231868840074,405.819539889424,1873.92721568416,1654.12583260261,2285.46256819639,739.715795701268,609.445004365538,152.758943878966,336.294833114874,373.918894738472,372.658597405897,595.801526475407,821.984937302175,-33.0162585177663,33.1053445097004,56.982634058613,83.6382668170816,86.9256578654026,81.547160088609,74.5932250050819,84.2893246766021,84.2359897027263
2740.41134954675,2836.31230693408,2842.39040695179,2385.8663927403,494.852605260131,770.811214373348,2440.06107800846,2388.37410452152,2402.97058128744,2444.48163007662,1960.41245127735,911.679880217322,734.106925946585,862.988071522221,789.93057032793,921.037967810943,907.873608577184,901.569757331623,245.928658764645,58.8128702331965,-6.82072215645189,-48.5945319601947,37.2106872783165,37.101539129734,-17.4647893064143,20.0728506327121,-2.18715109409436,606.868359528719,908.325923322948,916.690674323457,919.384890766746,832.009073781111,28.3979987175135,34.8841596727248,289.682364218686,2216.79799984089,2445.17128656646,2454.29099529809,2258.68105929792,828.590861482358,768.993490634388,1773.18280416546,2356.55460645833,2259.09794088758,2421.22827586552,614.475673941505,460.481675357533,50.8595428287465,321.801409703418,549.520780276752,1186.26948361354,2041.28478192901,1292.30382047264,832.244182691775,559.743861389128,1429.10950896935,1871.57554899219,1192.7715544359,1872.52507274366,293.291683576289,321.539020020127,-11.2794107078694,236.27147287954,397.948931254589,959.185660915147,1430.23510122692,277.072277819383,602.986879068527,60.6601846048525,274.989993857839,274.623183044862,251.081874270631,641.836205388036,230.386093759101,-41.2609758365229,-50.365992861502,231.003022773093,487.876049332282,299.972541007812,467.857081910965,313.950837911857,58.7835686543351,-25.6938118966054,314.262388092695,248.616929802281,324.679748796143,266.509737322158,259.2607597645,19.4431780558984,-46.4099765560084,315.108108248196,229.234896478401,225.679335684646,223.132564237667,383.109151598504,242.41509412454,-41.9096188066126,574.86802630814,312.777997901822,537.451255753848,328.943562491163,-42.3244249025388,-27.5666964192721,-22.439262625915,747.68397354728,281.44030067372,236.097852451249,291.297403198056,234.988618370722,193.218889682459,3.82197582665026,261.619165436824,615.099142322448,1052.888135987,1052.82059394052,218.290355515778,196.458543590606,66.2402652650424,220.149634300284,448.29935687833,626.212324083763,344.722367262424,383.911987569257,282.473588065588,47.9354646693116,226.805597170155,224.511288492025,274.728431097147,537.528713467407,241.844924088636,372.473706431169,157.721606983796,327.458652282997,1182.74154226201,1550.46851466394,1429.33737161485,331.185899662612,374.746221579185,-32.3497937692177,356.096220112218,1774.19584285898,1550.29628653078,2216.41748717475,660.147258497665,562.487360766088,132.617309328361,348.144551434663,385.667360000709,384.94113493126,602.138951355672,769.826633630234,-39.7545140074053,18.7133835189243,39.8393313585602,63.4106155035106,66.3162460036688,61.5620535144687,55.4135343117166,63.9860020038095,63.938841673619
2725.60758299487,2831.47378101689,2838.45481222208,2373.4410129124,499.962350691935,765.161071971188,2440.83419501545,2391.01829971831,2405.74936851529,2429.34377190308,1901.83980506264,884.72104724051,704.189456372201,850.518809381283,782.65233278823,898.561555045035,881.284965883403,885.254843136814,228.378321337619,49.0868030632666,-13.2976269733529,-52.3488398876709,29.4128928856423,29.3094355355497,-22.4510282741708,13.1775966513694,-7.95272432424031,578.634905525185,881.777718166865,891.32925370779,893.894233961631,801.682250529004,20.0065512270787,26.2373691757418,270.749960073943,2171.78869207406,2444.69460097399,2448.72605267162,2216.67142090332,819.34414041576,738.631672035298,1711.25848411567,2325.32248964708,2217.01006621446,2400.09157623843,569.181986657462,435.470587771629,41.4044680922657,298.418814908431,508.311045270892,1124.51701094424,1985.54109391129,1228.95751926534,801.894261850032,532.286324234932,1365.89398848667,1811.13963565738,1131.13775105827,1812.13434693468,270.750091480585,301.061427988177,-17.5850670915006,229.22514626138,365.729886178946,902.830767299156,1367.09246515587,258.354686309292,574.611682513556,50.8566803843294,256.486843591535,256.158615308442,236.870285939367,596.338757376341,223.726599603265,-45.8966384843206,-54.3898325082464,227.824356967142,451.659436080922,281.907088841347,431.192021149496,319.144495790308,49.2347845093475,-31.2491454204114,319.446003867434,234.386425117938,302.277893469804,252.975480913869,261.308143435102,11.9673432418776,-50.7092708557457,318.501700951315,219.31891492804,215.930171669408,213.573763601396,389.207136890367,224.947652416167,-46.5164996870749,578.178649583036,318.163183827536,541.874469419941,308.277220778989,-46.9068907066594,-32.0822401399221,-27.1891439599431,743.532272393524,285.764555211133,236.380778811773,268.804840973277,235.363449406237,177.584083932215,-3.39228910141651,243.611080647363,569.744562697858,993.229831375053,993.162153154185,212.645909899276,180.703940823267,55.9966054484032,210.672217885335,411.736123347898,580.692851879518,317.2276314974,390.277128074255,263.467424412436,38.5787986011394,223.747191455793,214.760810454468,256.143460116542,496.349408033317,241.479590949731,350.290869802194,143.50843976875,300.316971951688,1120.79417430758,1486.86899482416,1366.17147933774,307.423664014099,352.850433626191,-37.491178486832,328.337149676844,1712.36299351574,1487.15837433219,2170.90876860039,614.688688255088,535.096829679608,119.520708330802,353.521612695571,390.84498128609,390.410284239032,603.7287330176,739.621279915112,-43.8057729973837,11.8854530704284,31.8987869632927,54.2014679384934,56.9483784618144,52.4534000345568,46.6369627693321,54.7453260900886,54.7007130831394
2704.37436430719,2823.68790746052,2831.95152464147,2362.57294986942,506.229459204555,754.460448875595,2441.31291925373,2398.27215940835,2412.16549559696,2402.34712833003,1814.36250692156,847.045316710836,664.880691381912,830.502446555198,769.783439546764,866.040747432935,844.096058021301,860.18912299727,207.246129108922,38.1718967609786,-20.0709597702385,-55.5819214619348,21.6469938623015,21.5499937587483,-27.0282408350972,6.43617065100671,-13.4143689320742,542.415764488736,844.629697089415,855.478391348764,857.852655050705,760.942129113547,10.8215077273203,16.7148002430222,253.332267808942,2101.3068991373,2442.8116260981,2437.70409548919,2150.11810936457,803.575180262973,698.476356934372,1621.45561269909,2274.06888777279,2150.30802616213,2363.77820810513,515.587122875646,404.197107985391,30.8596275493669,275.335023350455,460.693101159543,1042.40019569153,1901.15594654859,1143.27653813338,761.124657432017,497.376376567859,1278.69635424531,1722.15953131183,1049.11376480906,1723.21196667671,249.115622300672,276.045513426368,-24.1310800325018,226.319738790859,331.123432888075,830.665525942299,1279.98899377823,241.39570452253,538.268861000915,39.8406221126834,239.808506531853,239.535377809844,225.53352831775,542.136360260624,221.372177486713,-50.3257288235741,-58.0385573380693,229.41986795201,411.279072871337,265.609836901613,390.293206485781,328.734557940198,38.5106319191727,-36.8427680158268,329.018813365466,223.07009645293,280.59465174617,242.451407820661,268.32228568293,3.87004370566251,-54.7096281689201,326.211908835549,213.281229267932,210.148586451873,208.056909066357,398.577617238749,203.939908242317,-50.9088589123385,581.006851972632,327.993684171171,546.615420053358,282.983136851807,-51.2684086288259,-36.1300132442896,-31.4998217747948,734.92352156341,294.963676417085,241.822321023531,247.258449888521,240.93089315717,159.027966321156,-11.0732753352015,227.738679356512,516.06600549472,915.51456769031,915.447530447224,211.676682605108,161.987265392428,44.4572812560773,205.303953872564,371.198100780982,526.656230582432,289.014495368831,399.937518672851,240.415115329672,28.168521080504,225.558862049892,208.999001215045,239.375309240848,448.916270321228,246.073248289372,322.936450799295,126.82425353836,272.789472090737,1038.43391888542,1397.54576031998,1279.04575772536,283.747483770425,325.818866715014,-42.5652256021874,299.626464473134,1622.68766512088,1398.54015341145,2099.58826150535,560.314123961359,500.235125228281,104.27579759645,362.697566953155,399.117561448285,399.02997419035,604.141236850179,699.640375910486,-47.3534002398881,5.22021495260879,23.9708549042437,44.8338933703874,47.4007450204417,43.1998444513301,37.7602150152816,45.3419883670551,45.3002663255311
2664.4327999719,2806.85589591807,2817.46352027726,2355.87937970309,514.205879332009,728.498670158525,2438.86327170396,2417.20916205516,2427.32480690033,2338.86869000785,1641.62677361917,778.413916186324,597.88241645432,788.376577305882,740.170796683572,804.491010014669,776.272306108301,809.700622182916,173.647881868324,21.4055597221766,-29.9436032083311,-58.4202923538771,14.9768123900299,14.8864583693648,-30.4716372676742,0.833229222391992,-17.7486062454975,482.133088678236,776.849117984301,789.329313477126,791.345095452162,689.892248323488,-3.08327483029962,2.25044355386331,237.859879886523,1955.31116764915,2434.7600860646,2408.73267932356,2010.68852547601,768.51253127573,629.590685855994,1449.40125283517,2162.88033247009,2010.52441334556,2281.43135569101,435.89919459858,353.347388017264,14.7263123633943,250.717127132594,392.381969436252,899.677878942377,1732.2341628811,991.335698794815,690.027888103619,439.7836596935,1120.49153696167,1548.98715842088,906.408244615851,1550.13323913617,227.687608605936,236.004741552968,-33.6265804573309,232.916320658272,287.307850940587,710.932085733107,1121.93877000984,227.080041468788,477.903176405308,22.9086640853927,225.963069742274,225.791891591089,220.037739739328,460.680377391245,228.989006422627,-56.1590518969051,-62.3878802675094,242.360940816999,356.616083033883,251.976985451614,334.910818682298,348.832640923231,21.9762170022188,-44.7365955216067,349.079526756539,217.707215249223,258.577472384098,238.152227653243,287.330021951006,-8.38740594994943,-59.7374102043491,344.119796061786,215.967001727962,213.345399326079,211.730937474392,415.416464637644,170.574977095026,-56.6847211430181,581.071945911575,348.472116480957,550.779039904252,242.430339352647,-56.9902267723605,-39.1218181944737,-34.705718198557,712.679365921339,315.963021649581,259.75279510231,226.030498252805,259.084243304797,129.770274851566,-22.5021771320182,215.587608318168,436.229523244529,783.8083275796,783.744173167494,221.736505446234,132.460432523838,26.707451434979,209.318038718726,316.921279659093,445.907524044195,256.358850099942,417.135685685341,203.651948323254,12.2623404111566,238.988423161113,212.275661214228,225.41718018562,381.234343568516,262.5851442533,278.881497390408,100.655652327094,241.772315751876,895.330515570125,1232.20205798765,1120.97651373732,257.928156381628,282.195647198548,-49.5463468821197,265.805888413399,1450.86408256675,1234.59834663268,1951.77130860255,478.077278650336,442.645026015342,80.4420599049504,380.752932437937,414.345406632816,414.766670251078,599.881714132107,630.982045322116,-50.1901584323525,-0.309692862071415,17.1268553421814,36.4603774044274,38.8336072000463,34.9484732520375,29.9102397518566,36.9299281587689,36.8912891696591
2626.51574113907,2788.70559895126,2801.41529187035,2356.6677151557,517.09308375653,698.710842262125,2429.37132038601,2434.13457665581,2439.06430279392,2265.62116001219,1468.60473013872,713.277739714424,536.619492245578,744.296437182038,707.221291528854,744.554339302751,711.828598863083,758.457860799799,142.650412197798,4.94770381934654,-40.1204990063659,-60.5459352227708,13.8549323187491,13.765905604754,-31.0712989375265,-0.0471797227075967,-18.4814195748047,427.472294497414,712.427625238731,726.000389988241,727.683240788467,624.229143538041,-17.0230803879622,-12.1699296740601,229.983041031383,1804.06181120427,2419.20541035553,2370.94662318788,1865.0661521672,730.496301778535,566.449316046213,1280.24261043682,2043.43480961099,1864.51845323814,2189.56469807475,369.283156196634,307.394006826182,-1.18047515487729,235.030446420146,336.630161788991,767.577271495388,1561.51429240126,848.959827030792,624.325964230111,387.700591975223,970.049490318569,1377.07940048439,774.222047217211,1378.30423240912,215.308135895061,199.49802340875,-43.4810861839317,243.008272643782,254.835645432221,603.228714535462,971.62732380813,220.476793444942,423.241884451758,6.30948900806106,219.773500718,219.697378533991,220.795715783303,391.999760221687,240.040796510082,-62.434321958259,-67.021582093146,257.277258176912,313.816402112253,245.65853628835,291.60342145529,366.20098364922,5.6686797903285,-53.0974778713439,366.410012858256,218.647048269426,245.31757986998,239.8242190052,305.704462005618,-20.9185927859626,-65.134406582642,360.09007244656,223.470185248945,221.350954506678,220.177626027918,428.202834119151,139.79146157615,-62.9135115601916,575.811713365853,366.159894839018,549.605848192305,205.459814860127,-63.1649275043342,-39.8331016324992,-35.3380200905488,686.230113422276,335.064909646371,278.145566603097,213.862069758331,277.680347101155,102.523794850803,-34.2372576715486,211.112515205517,369.478149083133,663.835997020432,663.775626601593,235.013748137101,104.982536354469,9.36605793608487,218.122455514783,274.929521422027,378.144337506792,233.977231942193,430.15934488398,169.957894882611,-3.45202821374824,254.414659557841,220.381805807363,219.153510050279,326.254988765609,279.733281961646,238.877196968394,76.0536910248535,221.157229741528,762.921072525828,1073.04952772733,970.661846746197,241.046665705907,242.503389329805,-56.9832417545963,242.181398386744,1281.9164425274,1076.81009726611,1798.64497694274,408.370360073198,390.519649715178,57.837304131663,395.52403489187,425.860678258178,426.684096875814,590.714403729465,567.999009703502,-51.6270286219531,-1.18731323693964,15.9543086543729,34.873708870609,37.1892288107103,33.3971648587915,28.4700814359937,35.3315710237983,35.2937919845916
2599.46002569951,2774.00565796704,2788.10029788635,2361.1757074568,515.282129777674,673.653812214658,2416.03345719397,2443.79645355836,2443.92576681474,2203.10167632766,1337.665765619,666.188216796249,493.416594682382,709.771862332933,680.110128387674,700.298250867203,665.184989982767,719.324544344751,119.689027762657,-8.49846192945449,-49.0985342820007,-62.3614856047294,16.4761587279258,16.3842288672831,-30.0518438470305,2.15240579910528,-17.0019979496518,388.95358759628,665.78947289734,679.886657020586,681.339628206397,577.690779530114,-28.7713006238247,-24.228116307968,226.771976458052,1686.31745872607,2401.06224681826,2335.42013157689,1750.93092303473,699.879999039293,521.9004729887,1154.06768569204,1947.49628992969,1750.07905824152,2113.35328092575,325.388455875142,274.774391941384,-14.2692783371164,226.742570623077,300.529115941102,673.514222996003,1431.38109289724,746.637230474945,577.763537025952,350.977988817407,860.664476912289,1247.89224268129,680.034150614542,1249.16680873725,209.55035469093,173.012456369103,-52.2530570398618,250.932021264292,235.390437952184,528.140378355684,862.324824073488,218.280134291827,384.763396978793,-7.227473858797,217.853808290659,217.844242534986,223.275148687581,346.394256270628,248.645693453072,-68.437650056264,-71.598560728247,267.968957247014,286.957365773751,243.436869379026,264.495216677087,376.24171816709,-7.70857342275735,-60.7743358440858,376.422557057191,221.289189980256,238.729403500486,242.814472368217,317.578647433947,-31.7102212372239,-70.3838950529758,369.477031978604,230.183593100444,228.433451390631,227.56849996787,434.189645951074,116.974634203656,-68.8890485277503,567.911867608199,376.404751541989,544.691930611355,178.664508912159,-69.0975177749366,-39.3271005392454,-34.5478772081398,663.415030469163,346.817315258516,290.611508262671,208.267933088721,290.286711711993,81.9847990501535,-44.4644706290525,210.480681803917,325.490313597445,579.449425091774,579.392402506049,245.154735070843,84.2949904063986,-4.71417626274649,225.789096802534,248.924797694852,333.345250098984,221.449123608935,436.257536361936,145.276130617966,-16.4212725977143,265.496863409855,227.550593825653,217.200080289315,290.813282251764,291.368996507743,210.124609241084,57.2154871680211,210.018261457691,668.67194444976,956.263352990416,861.366413710858,231.871692363017,213.919693325807,-63.9163393283792,228.683623790919,1155.88638122713,961.013672958073,1679.46870987308,361.856419662613,353.744391903326,40.2958492971712,403.365497410065,431.086488535582,432.151668240316,580.174414386728,523.530664941555,-52.3685601814913,0.961844984706545,18.6262817509362,38.0421720392138,40.4121512360541,36.5296117011065,31.4761662919017,38.5105563814224,38.4718162814546
2560.77059230477,2749.64087582354,2765.51570299448,2377.46344276723,506.414152350933,630.202909242107,2385.27677259269,2454.96634235858,2445.86629494586,2093.37265009656,1135.27877290005,597.493833044978,433.62963244209,653.899841943452,634.066490380877,633.682598294157,597.042445068571,657.761107595955,87.8837083147072,-28.2440521218218,-62.6975662624692,-63.9104626196671,27.0947868942869,26.9924686439175,-24.9053528176921,11.2021395764714,-10.305659165798,336.402056776976,597.629508835647,611.873360084567,613.000199232358,512.225409533028,-46.2961509635211,-42.1419178736988,231.58431181803,1497.75697435772,2362.33670138814,2268.32571441946,1566.69119015228,648.857839010071,460.008252021598,963.08992401849,1788.4880785765,1565.33445091659,1982.95592570965,274.18614319941,230.613200804301,-33.5541258728998,225.368596175432,260.712012258965,541.832594225983,1228.28120620489,600.895187563259,512.270570298433,301.115629562725,701.746022136078,1050.19076771297,548.028307723393,1051.52238571031,212.227161807716,136.820329505503,-65.5957313281914,267.862462731238,219.777193365249,427.497078203095,703.501933215791,224.802968230503,332.378136184993,-27.0854810285401,224.734409624647,224.818743364362,235.213282689581,292.177867780212,266.552482260616,-77.649950319788,-78.4628934854387,287.289503922186,260.517911357913,249.4078952042,237.954883184559,388.701717907758,-27.4468292223115,-72.5653417073671,388.838340282995,233.538969085921,239.742964264671,255.171727339132,335.487247441775,-48.0571110150742,-78.3668451948929,381.910875109829,246.881258453562,245.689920051069,245.256251131175,438.717045192939,85.3728114029691,-78.0709443345505,549.288370929117,389.10457928546,530.695174561941,142.044472040791,-78.2139081782931,-35.5924358756198,-30.0528490030048,622.984148509324,362.963035879638,310.795092820775,211.21107164645,310.66285964321,53.2583718649252,-59.9646859216487,219.373524435215,274.160771825546,464.098828766744,464.048113750894,265.163090339821,55.3815743994223,-25.310426150283,243.92416861378,224.35401588742,280.63886195666,215.189209442753,440.805307183229,111.345504421352,-35.5598100986625,285.446592582546,244.96582714187,224.07630106752,252.194965595131,310.486232835477,171.004221080082,30.6097815748494,206.061907720492,536.798001168123,783.950597018272,702.574769031512,229.136240435008,174.911694269408,-74.5620766151384,220.830619362383,965.105191171424,790.17042376239,1488.64006353617,305.927481173622,303.743375991729,15.3023299501186,411.727522588672,434.860071434498,436.16592175244,557.963250128488,461.678052205847,-51.5163347156172,9.85610555716926,29.4605812923536,50.8855214553674,53.4912082514086,49.2205825361231,43.6486112048523,51.4001213168938,51.3574199947913
2534.09311125901,2730.14333676002,2747.05091130676,2392.59367019633,495.565594469181,594.317256659292,2351.4519725855,2456.15775349917,2439.06428800164,1999.82767233575,981.637677375981,546.660628771575,390.677935431848,609.756559521809,596.509031598353,583.40793658792,546.559558167361,610.010961275492,64.6042826906697,-43.4345831147052,-73.4657568542974,-64.9079250513297,37.7714060469709,37.6585753991614,-19.722318344876,20.280962362399,-3.57026796643913,298.867412470862,547.122708291697,561.191198995011,562.088929776281,464.811650214406,-59.9547076510491,-56.0581379416172,237.690227804294,1350.40873130592,2322.33511223126,2206.58820506944,1421.7607835949,607.800007484975,415.47308409303,820.134704026349,1660.30252206486,1420.01260360513,1874.58242998553,241.689935446993,199.072702025825,-48.4348403325587,227.604860553712,236.364947118343,447.991247551953,1072.98391743175,495.964003646799,464.840391248502,265.560418527755,585.830285278828,901.120089016553,453.872273052971,902.482050320229,217.547212780632,110.659375105493,-76.1955862982743,280.755203245954,212.759119877313,357.590945258087,587.637360524269,232.248801636969,295.011793889697,-42.3498344457379,232.415921963912,232.565104712551,245.888062622736,257.247290672311,280.137514055768,-85.1111577465697,-84.0382876687385,301.13836698163,245.657160403409,256.15352921997,223.201872508976,394.94126620125,-42.6708054464483,-82.0247899184758,395.044875299429,244.472952501628,243.597559023992,265.939432743733,346.889845488571,-60.9273926734596,-84.8455357462049,388.503998964891,260.31325285159,259.532328958136,259.399287019406,438.364930175184,62.2380753489322,-85.5142842208967,531.066986177019,395.489055412877,515.905138708336,115.58324123482,-85.606771642981,-31.7653884986152,-25.5002326934308,589.145240527287,372.380593035551,324.471552413972,216.736310818848,324.471546946597,32.0319377728458,-72.2021762295652,228.562735743207,241.578023706367,383.109992338561,383.064568417303,280.189968679468,34.031436552217,-41.1104320815161,258.408932142314,211.207426518887,246.969450691151,214.531401295296,440.402616035536,86.6772393656445,-50.3468115500364,299.773909481779,258.937566038726,231.775951380841,228.834456837478,323.465810825326,142.873184877869,10.7819841788864,207.195355882777,442.87113353641,657.0778786353,586.74491877239,230.360643402736,146.79941817263,-83.1331860388741,218.942702694266,822.277720197138,664.337040256028,1339.5961903118,269.560381948907,268.060563420226,-3.45777402902252,414.632041588042,434.132327318349,435.559011217463,537.297284971987,417.135906463393,-50.3326330715755,18.7818408537173,40.3611574278351,63.8580044068193,66.7090166206137,62.0349478546922,55.9271810054857,64.4207971284847,64.3739999035479
2507.76115628861,2707.09661619907,2724.75425752056,2413.73339903205,478.516691737947,550.549949718421,2300.94740064224,2449.03503898417,2421.71110250175,1882.49785547915,809.816881390696,491.493006930736,345.929480308473,558.177945677945,551.23708614275,527.53649532343,491.698694782126,555.283908044575,40.1526787690998,-60.1711958845032,-85.6085144674523,-65.522128575465,53.015031272527,52.8873728956786,-12.1850836260791,33.2610912533451,6.14098603047364,260.179931130444,492.220800879888,505.714279012555,506.37695273746,414.794124485205,-75.1766347277786,-71.5222735459326,248.454719780942,1180.29584722338,2264.72655807513,2124.29755354415,1253.26649783149,558.934167902553,368.943929214502,662.915748133077,1507.56060993115,1251.06797923863,1741.68132375989,214.181378914248,166.709554706353,-64.8722029845567,235.100566821686,217.375498246404,351.228660089584,897.876820183942,386.202786105125,414.810162186624,229.042540441983,462.465162909644,735.732994753233,356.668350625711,737.112494010489,228.51922486573,83.529180366174,-88.1819083096726,295.984935763035,211.883110854742,288.20545648228,464.302476317713,244.572835022256,256.570519833972,-59.1547813046265,244.957815916044,245.171647734437,260.687774251233,226.81544898632,296.081508653054,-93.6319098100392,-90.3560403901577,316.313960302497,236.463963317985,267.330689371367,214.364347574619,398.372544122582,-59.4968505823638,-92.7973714892113,398.439656969263,259.593473930521,252.664292046444,280.555735512977,357.498244938606,-75.4192454128306,-92.2239683362918,392.842648803583,277.090748783061,276.753161816022,276.923071876574,433.604594004426,37.9380093126799,-94.0214455912486,505.72767298521,399.034707316074,494.338689550075,88.1438589514705,-94.0573925850111,-26.0711567516605,-18.824558145355,547.372098784915,379.897340425597,338.362208851555,227.942698816368,338.492653918157,9.53509478197941,-85.9915665477727,242.773199900069,213.985193433117,301.374686992359,301.335853646423,297.554145943255,11.4181714955495,-58.4707487769718,276.319770770632,204.317575373674,218.10224292455,219.838663422173,435.49818713904,60.9460435655682,-66.699582431405,315.488770055924,276.315304216996,244.366246326204,211.051748783116,336.72026937531,113.837267593539,-10.409547524107,214.570288570234,346.089622439021,520.385713960789,463.463123784205,236.747860137991,117.696578246123,-92.9044889564151,222.840733620549,665.174981505375,528.716239178826,1167.61086659667,237.339221173372,231.368550130846,-23.6520550115276,414.004332437472,429.207866737287,430.688929975515,509.558349073005,370.550241048927,-48.1070036371339,31.5501176311362,55.9262133715338,82.3832376029932,85.5869050027187,80.3333427420145,73.4590645087778,83.0153950164503,82.9627356828685
2494.34654571924,2693.29779573097,2711.1772984967,2426.03087582097,466.584703308038,523.711433275735,2264.18532688639,2438.72744820432,2405.01947817446,1808.11285574334,710.307337621376,459.494185158678,320.369835137265,527.240919578307,523.63197698922,494.793985227188,459.853596413858,522.77245777742,26.1570507974054,-69.887109652404,-92.7057835120487,-65.8296033798563,62.3150155876571,62.1783189596952,-7.57867711727818,41.1804629826757,12.0712144078159,238.166046520154,460.348618000406,473.414525362179,473.948395188059,386.102407305218,-84.0421253479111,-80.5213836562236,254.740486274478,1079.46866986535,2223.87976525682,2069.38908651774,1152.88005986847,529.360407258387,342.34458712481,572.734158193968,1414.7338299506,1150.42259862431,1658.9913065344,200.081155989825,148.323238901611,-74.4215314516094,239.819102087069,207.934401902439,297.45750457867,795.911677440096,324.839365777195,386.112522989207,208.289364622791,392.873858503719,640.39805254973,302.610329327712,641.780424058183,235.227304150834,68.0622822928525,-95.1932055161814,303.957421892885,212.394051529374,250.227066257171,394.716576743579,251.765027036447,234.713461258814,-68.9081665019231,252.261670134234,252.509358319346,268.97466328225,210.977734584308,304.443298890914,-98.6345147111961,-94.0637549249558,323.950126317154,232.318801546698,273.724024771602,210.530100727025,398.461160944765,-69.2746315670569,-99.1120575516358,398.507679866141,268.071802640051,258.170204617724,288.617647261018,362.044072857738,-83.8897009093707,-96.5559056530911,393.555774749717,286.199141530356,286.109191480193,286.442043684205,428.814676314031,24.0291255112008,-99.0171096442285,489.058985801519,399.175165957802,479.803667911746,72.5011742034735,-99.0201601055662,-22.5815951401307,-14.7407299342924,521.59676350825,382.450323777777,344.971752647973,234.786142407532,345.171435365363,-3.37740750217392,-94.0477652323607,251.021551243358,199.84099600363,256.394336172827,256.359504944321,306.669536155981,-1.55855364541071,-68.5411345623636,286.059927066407,201.649830910263,203.21167305353,223.604309041646,430.60251668795,46.2498768120751,-76.2029707694912,323.432234205538,285.763930967745,251.705565524408,202.336114469171,343.007991486415,97.3090465364468,-22.603699872733,219.534919516672,292.340409912163,442.832720369739,393.913159729975,240.840355307302,101.10562447609,-98.6355525186614,225.793801267738,575.047176799283,451.726073375737,1065.74110039245,220.415233173825,210.506940344335,-35.2968019670485,411.697542902095,424.394911380696,425.88458574916,491.608147303745,343.905892121899,-46.7063868842645,39.3407321633564,65.4226170186919,93.6873441579157,97.1065489450555,91.4988469123048,84.1563977874346,94.3619032958571,94.305663222194
2484.59454736768,2681.59010645888,2699.49472663587,2435.53507493012,455.577155013559,500.510704146559,2227.81577210354,2425.00174769841,2385.73039778093,1741.639200623,627.471197846477,432.330792915869,298.738528585403,500.73676483893,499.818403590865,466.934874729303,432.812585439745,495.015976106477,14.550841155784,-77.7833127866395,-98.3985997769912,-65.9946531822503,69.7472499821101,69.6034549701953,-3.83626813424553,47.529242065021,16.8546542902541,219.587116853904,433.284417691018,445.97126894672,446.400051442714,361.789953028896,-91.2102146634778,-87.8061472393666,259.418142600447,994.064614021457,2184.18378125171,2018.32553397,1067.51329606297,503.943082184781,319.82364900196,498.0874631362,1334.52988973271,1064.8449904491,1586.19214053654,188.652783398165,132.880714114129,-82.1724032662858,243.318748219049,200.217263749166,253.555832104791,710.711953113956,274.66273777957,361.795335696595,190.797285472845,335.726367705183,561.264039366417,258.453321363211,562.644055913875,240.354543861911,55.1661183236426,-100.810551181763,309.725876760239,212.660776622209,219.299952678135,337.565661233193,257.189170441724,216.269611994988,-76.8371033136824,257.772904559063,258.046546357814,275.184376980346,198.093291569014,310.52260392565,-102.590585467973,-96.9636351432551,329.342913284786,228.774365250762,278.408022024003,207.31440760984,397.413945697929,-77.2220168989707,-104.147561052611,397.443738687337,274.440728908846,262.239028505534,294.566985936059,364.756772915189,-90.7310345141584,-99.9643166674041,393.033378503219,292.976167181465,293.086122427695,293.548312670486,423.708142339677,12.4979347601394,-102.966668683576,474.153621627566,398.165686587698,466.648856200775,59.452805670591,-102.942619009255,-19.7222627350566,-11.4110982745415,499.256300732545,383.459806095901,349.429894064647,240.024846943938,349.684166754273,-14.0374110495288,-100.528969676876,257.300349588724,188.378574510218,219.784519051639,219.753089147915,313.343202360572,-12.2747929265178,-76.7337885361944,293.346373014293,199.418120318184,191.130029853107,226.428153757085,425.401754432839,34.0288631990742,-83.9128057360967,329.075032583279,292.817347118721,257.248479018688,195.231738233343,347.218025428501,83.4866110536724,-32.6356198900227,223.346790540604,248.477810787799,379.003857336159,336.795005643844,243.830253019592,87.223036664697,-103.191186681634,227.951019352577,500.435670892837,388.320358798171,979.511031654646,206.607924223295,192.921973631614,-44.8509999680133,408.665519703245,419.293477825225,420.78233016755,475.669452770065,321.344492758231,-45.5097984054819,45.588040581811,73.0086378837279,102.689837954673,106.277749171884,100.392814611601,92.6836042545974,103.397578538052,103.3385335436
2476.92135539252,2669.50712973316,2687.21419826799,2445.88212475777,442.364813692691,475.813567246606,2184.2456193409,2405.59586553333,2360.24630701262,1669.01643682104,545.744268734793,405.843449218693,278.423227551065,473.349194879667,474.661775067165,439.227604245954,406.412211796717,466.744817281889,3.77527212229097,-85.3021895302206,-103.869615740821,-65.9032046247149,78.073909812552,77.9222806485357,0.42863306500476,54.6577038768237,22.264576063387,202.357819240302,406.855462545697,419.014528551959,419.348149991434,338.671048342126,-98.0734174030111,-94.7709461197035,265.256397569996,907.080754301371,2137.30230182788,1960.28027409303,979.99732665043,477.335234473408,298.608541655989,425.638575475428,1250.42873517746,977.119076150503,1508.00828518717,180.835625444039,118.689132967011,-89.5608817726642,248.449323358315,195.760251512177,213.718785105287,625.959552715779,228.434324399077,338.673919425768,174.651055762809,282.067854335302,483.794952189698,218.322797778871,485.164119589643,247.087629002343,43.2764671288462,-106.21632960287,315.326202884246,215.466482498014,192.409520074753,283.889755045237,263.782841914204,199.198083283223,-84.3839818568908,264.432694253137,264.727935410571,282.070328724181,188.759702325087,316.400979251978,-106.390741851964,-99.7077286400479,334.107561423119,228.016629101041,284.098296052295,207.004411744915,394.536302273594,-84.8106989031932,-109.00404381384,394.549929692024,281.495213540675,267.798876248725,301.05224936005,366.140477728111,-97.3320781336807,-103.218380192042,390.868636274321,299.954209225447,300.252597173731,300.827009749061,416.513872012607,1.79455870220056,-106.762291834354,457.090907019741,395.30493024867,451.281550489177,47.4186591598018,-106.711824634423,-16.4147642441164,-7.59491621344375,475.289561152047,382.814715262191,352.82602783436,246.869157311431,353.126225508463,-23.9762542727854,-106.766980947831,264.70199497937,180.533702499875,187.374327668673,187.346539264431,319.720663901214,-22.2628479331011,-84.5220749396158,300.802785210845,200.141860373116,182.653115964485,231.33813554772,418.07880856942,22.7274004369007,-91.2663006899683,334.085196936826,300.06357153311,263.951022128714,191.42229497189,350.43210798293,70.7641197271012,-42.0313697200759,229.250834390667,208.71830856875,318.326683779225,283.158149705565,248.471915527238,74.4040885547844,-107.57833122687,232.195464863344,428.006725923929,328.003927631013,891.743478469134,196.286421577733,176.670620823703,-53.8362023276833,403.708135085359,412.21130660328,413.665358637036,457.724051667546,300.069728244664,-43.9737066818932,52.6055257708724,81.50641113116,112.760366465154,116.536134604954,110.342610858317,102.225921283783,113.505076807968,113.442914902661
2473.42330548398,2663.14262489674,2680.68952554314,2450.81194750319,435.142790330141,462.653908057391,2159.36363160862,2393.46378809809,2344.87398343853,1629.50156288683,503.044616759688,391.713278168838,267.530353522583,458.785314194879,461.261078955273,424.473633455355,392.327862439449,451.715336382982,-1.91058175283263,-89.1768716862632,-106.650748026446,-65.8483575968429,82.1662124634965,82.0107766923809,2.5448055003701,58.1683876931224,24.9380499232198,193.117542859143,392.756422912596,404.643268899317,404.927483584982,326.294048815328,-101.589773937208,-98.3442920241307,267.885870855196,861.172604145116,2110.73056502334,1928.04107892201,933.703440427821,463.182216241416,287.236417747287,387.877241658915,1205.52169943034,930.718075465813,1465.81447085816,176.545295610459,111.096540954912,-93.3630110710085,250.727684700578,193.17090133748,192.980062070346,581.589375250458,204.400166358131,326.295502482832,165.993234259906,254.147515337774,443.372143397418,197.42668601792,444.734125778499,250.188905128342,36.9620690629264,-108.960620539707,317.804601786139,216.580236317769,178.331525397693,255.957773324868,266.800921180356,190.040037301486,-88.274446604654,267.484325585293,267.790129018202,285.225843071292,183.680515607594,319.020802371825,-108.298033201188,-101.075023658312,336.147722674493,227.282675817149,286.62429154546,206.526857782033,392.635262652817,-88.7198090410794,-111.457976348169,392.640626201476,284.737536513427,270.271536789425,303.976335835691,366.434382740415,-100.706606842299,-104.846003211654,389.322781824242,303.145732365928,303.540275720613,304.171662100265,412.391247895568,-3.85207171694867,-108.666678568661,447.882713316966,393.41200670631,442.948333451823,41.0254436505563,-108.602513119067,-14.7679224413291,-5.69841763536488,462.510001423643,382.061719620305,354.155737293343,250.027785662284,354.47917765432,-29.1943356893128,-109.945245156843,268.133236443339,176.229597186433,170.478066462907,170.452186278285,322.59326194482,-27.5085699819026,-88.5404816967209,304.238277558303,200.204365083589,178.022075139422,233.515996164495,413.889434380728,16.7438606308584,-95.0482905887638,336.250784188501,303.392176546948,267.024924472244,189.171281006636,351.670448692236,63.9864097709408,-46.943903005817,231.940891740451,188.026587177579,286.756382285618,255.247314243708,250.499266566895,67.5756610834378,-109.789482709186,234.031430567486,390.252497703489,296.605045015343,845.44378205391,190.689700551915,167.957935297259,-58.518573355269,400.738067869468,408.148773233847,409.584026626011,448.058755691214,288.666869154085,-43.2029316783716,56.0620435041263,85.6815253915314,117.697413573669,121.564062382442,115.221223720732,106.907188105568,118.460003820018,118.39633250372
2470.19120547503,2653.46915362708,2670.56816763888,2457.34833143433,422.512847725973,441.703005812446,2114.19142108445,2368.26481947632,2314.46437830513,1564.32611537072,440.691783185167,370.809256366924,252.002465292628,436.162587366481,440.055295833803,402.272362394355,371.468023049444,428.650276201739,-9.55889844573812,-94.2837798580529,-110.238929887334,-65.4385406335866,88.4163424718513,88.2553539476714,5.91610002201253,63.5692288290923,29.120789886162,180.180899022736,371.870950720738,383.24527251927,383.46271172026,308.400884632904,-106.195445817475,-103.030718713551,272.323815898583,791.448015923685,2063.14102585624,1872.49476658048,862.843317704592,440.963663730598,270.960908162639,333.771163917177,1134.87798986512,859.704621377242,1397.5620537079,172.777912413741,100.680288924556,-98.3642148296835,255.013188565534,191.602526398302,165.486781787321,516.150597074007,171.988462270322,308.401612665882,153.962346371108,215.625076204831,384.874896065826,169.666384237151,386.217757411778,255.659208702254,28.4211481848093,-112.496358933886,321.004080366638,219.865615624487,160.572419942323,217.404332758106,271.814476363627,177.243677958041,-93.4033728776028,272.531022622065,272.848422224004,290.061638555093,178.702424150587,322.401267870872,-110.666918924701,-102.685634949634,338.353003708802,228.019302360276,290.76010151994,207.764265224363,388.141697623994,-93.8892369242722,-114.590390028842,388.135368280006,289.707443791114,274.701018723027,308.334856128099,365.546311327282,-105.151080808301,-106.822392110097,385.482101446284,307.669497525907,308.195481004001,308.89679759781,404.430414405846,-11.4407261030525,-111.031703211826,432.342136487986,388.91430063848,428.666369556603,32.3654785444874,-110.948432726502,-12.0753549712032,-2.64519507076204,442.035773855671,379.388172103707,354.988232143876,255.582048452923,355.338895046979,-36.1689182308834,-114.082461083009,273.714459318593,172.44727027538,148.73944396505,148.716579435519,326.269000646315,-34.5228015241443,-93.8383397900844,309.093975245572,202.279980440103,173.749335866242,238.00471512446,405.804287754138,8.67576752423395,-100.02001116176,338.635568377123,308.10961073785,272.112717245095,188.130652529708,352.420496745926,54.7684625725627,-53.4872911955111,237.185057256791,160.640165926943,242.592672217506,216.730858689288,254.433145914083,58.254102218722,-112.583669589611,238.020912498104,336.14108633882,252.626240716377,775.198620118337,184.893954115397,155.835399471002,-64.7439275566262,394.599463366045,400.358241182405,401.739514939766,431.944605707861,272.331833685139,-41.7677898368056,61.3842275333714,92.0529701214183,125.183849163196,129.183699582877,122.622057932786,114.019130943466,125.972654239026,125.906773171756
2469.09631634697,2647.40241786584,2664.12619485699,2460.64557500852,413.934480454141,428.127780740266,2082.18123921179,2348.97381546306,2291.793873259,1520.89628926058,402.469965941792,357.67098164417,242.405131208234,421.665356945277,426.350078876777,388.225576249112,358.350678711379,413.946470991535,-14.001535309565,-97.1063365444969,-112.143650569102,-65.0309919930437,92.1142699555093,91.9501634441924,7.99695386608869,66.7903904459514,31.6574238875368,172.279267817279,358.736671450905,369.761679891152,369.939596751242,297.259751302978,-108.705287054724,-105.592854557252,275.031544678187,747.528627838301,2029.69680776115,1834.40148665961,817.971457710632,426.66163427968,260.877426638149,301.001368901772,1089.28663170198,814.741762589256,1352.67206030169,171.182609627621,94.4277055846064,-101.117738470385,257.752276287266,191.232206199383,149.600442320715,475.767878808601,153.078534314897,297.260337588701,146.653366208888,192.822506891763,349.223526653453,153.601550545528,350.550827792984,259.11101107346,23.3960292486069,-114.36679095685,322.613816036834,222.24248097862,150.597071811093,194.576532937324,274.874160833516,169.43496203073,-96.2401310913332,275.605443577768,275.928287058561,292.883610937293,176.347449358764,324.111596172927,-111.850196803054,-103.430311178609,339.239156460312,228.884917628585,293.21657702762,208.993573991772,384.643369909872,-96.752703308233,-116.219954574975,384.630075945026,292.61323760535,277.463350998992,310.804248000835,364.37253525601,-107.575574022395,-107.778303519933,382.418051916888,310.177427601799,310.779799939752,311.518812249693,398.747687639474,-15.8443970345753,-112.21224942557,421.97981410472,385.407964544769,419.068707512411,27.262543269335,-112.117798135375,-10.3767098788102,-0.743360040601488,428.731347119295,377.043457262115,354.927839873496,259.084962959522,355.292628443036,-40.1724820390239,-116.305447751548,277.105611993001,170.844870580179,136.407097978287,136.386161264214,328.13226968131,-38.5522747471967,-96.7721917638033,311.794191887874,204.039678475187,171.843904518065,240.987672353386,400.036971363494,3.9593824045885,-102.753554364698,339.628978693317,310.732425422271,275.215008166081,188.095035775036,352.327892493576,49.3004617967991,-57.2114670018801,240.62946674311,144.836023891117,216.239966682673,193.928205014641,256.963927489016,52.712649225597,-114.016095990964,240.701204765091,303.360703707607,226.354415340638,730.989548353598,182.016441242594,148.466148192417,-68.2656232596319,390.072780447816,394.807116085988,396.146419317315,421.258216579806,262.20742400035,-40.7801810785753,64.5611640629525,95.8189598614052,129.575548540873,133.650133529719,126.965726444121,118.20068529044,130.379061322867,130.311940303725
2469.48189180241,2641.09114138299,2657.28042239786,2464.18558834711,403.892688677435,413.455429305436,2044.65569800234,2325.19727383288,2264.28319932627,1472.78301788417,364.706512146841,344.690987361469,233.414610188513,406.413355927486,411.634193050094,374.022499876757,345.371550749273,398.697135232596,-17.8966426020938,-99.5719863023074,-113.775915470867,-64.4079487134981,96.1929718243498,96.0255300069962,10.3504892162773,70.3580279824299,34.4967582013948,165.060844259901,345.737302591782,356.321800690665,356.465477608592,286.612541377824,-110.891170274836,-107.825102269801,278.373332972737,702.194175283295,1990.75826099089,1790.9911354904,771.285659018001,411.431304375979,251.379898113209,269.426272211972,1040.63865758701,767.966259485795,1303.65688973894,171.745006387893,88.8677634485409,-103.5193904483,261.41495115645,192.795634758956,136.152747804157,435.388298345208,136.533696010831,286.614212250833,140.046605817922,172.077193291203,314.40749896373,139.949221221052,315.713290049775,263.470742743805,18.9860275408562,-115.968656354432,324.041061718121,226.104383845743,143.044931470757,173.796226041938,278.573351707575,162.324331611704,-98.71802596488,279.306515039553,279.631929579981,296.041510555094,176.109524333642,325.618934107935,-112.8078136982,-103.963519962736,339.659886949353,231.376017383602,296.200563137729,211.93357017338,379.936582318095,-99.2699015801014,-117.600595302776,379.916656611687,295.860647441858,281.051487303889,313.512256339634,362.302175096791,-109.715312769958,-108.516466485765,378.257501670056,312.728921515743,313.400434378766,314.166488932594,391.690797202689,-19.7006003051026,-113.167921450081,410.167238916861,380.680336695135,407.994976214323,22.7758188371319,-113.062916415465,-8.42457442254397,1.42165023283781,414.257878551587,373.600452717421,354.135062487131,263.495728345404,354.508590796335,-43.6682862423692,-118.235300477656,281.107062272196,171.404201415174,126.605920483923,126.587073248592,329.733332823771,-42.0713997456591,-99.3324302641066,314.518361237947,207.54411953457,172.091589835121,245.174579493496,392.874223792781,-0.174498721533837,-105.137162181959,340.153963055245,313.393494172549,278.950759481163,190.016684124323,351.543762551471,44.4783071551079,-60.4616996371418,245.28191350335,131.497262773978,191.722523280347,173.177352393186,260.431052189584,47.7942040835114,-115.210378401019,244.586276192923,271.764214860738,201.873008813969,685.397809546723,181.212255172398,141.790863077289,-71.3426069121577,384.276158804332,387.947745499679,389.224021373207,409.20623045708,252.657268049099,-39.5615091433237,68.0819351813451,99.9710820499001,134.401191409206,138.556461383095,131.739564652096,122.799908443006,135.220592702075,135.152135880424
2471.77144524026,2632.64961949575,2647.94343106594,2467.29825266525,389.279423325593,393.015443885707,1987.43113657493,2286.69936188553,2220.58767226058,1403.52496356352,315.583982598164,327.068025116274,221.390388345683,385.378913028344,391.177554779443,354.637829545238,327.740419675009,377.763838871089,-22.5899705636321,-102.222460949822,-115.348448031964,-63.3343408821352,101.077684660435,100.906596295478,13.347203576125,74.6844140827909,38.0251464831338,155.548666051071,328.078052731977,338.035786612342,338.137251076811,272.264446484376,-113.157371576654,-110.159136008161,282.417220575551,641.012722287646,1931.80135580277,1726.70185531109,707.860500832362,390.345928408639,238.643266094129,229.051743993975,973.017612827334,704.431067557992,1234.06777286052,173.478614398455,81.730251165213,-106.076300737085,266.087599762871,195.597530931109,120.259040782909,382.369017162738,116.627983916126,272.267919796507,131.404221639245,146.469650676809,269.486623320564,123.762781188988,270.757220515773,269.018590846967,13.529812006338,-117.496048090333,325.036968217957,231.469820374312,134.659385704363,148.13140654403,283.076511960185,152.963445937647,-101.386450145935,283.802565002887,284.128165841795,299.625242972751,176.77639850801,326.699878649369,-113.546886607436,-104.203886476912,339.163639287799,235.048324473153,299.655039733983,216.296508794494,372.361654527754,-101.990110650434,-118.848820368628,372.333545839456,299.562510686169,285.502111406282,316.399222970187,358.318343394194,-111.940311981587,-108.996804783964,371.435744758029,315.320161773926,316.073360725924,316.865213564883,380.98633279125,-24.3382444810687,-113.903460948212,393.265525755369,373.069113349373,392.0374421485,17.2092994048726,-113.785713367933,-5.87014918270006,4.21092192057517,394.042712891762,367.717877027501,351.896057392382,269.10887319794,352.276359172777,-47.7762405605774,-120.160972954915,285.970897422758,173.137596634547,115.471940633951,115.455942144275,330.886015196946,-46.2137862307599,-102.098216220489,317.312273389253,212.667831934926,173.418003532619,250.729047081365,382.019015284775,-5.22270210267095,-107.666032818108,339.786939301769,316.119057206153,283.496132934387,193.302487418283,349.347754234253,38.4187660722762,-64.2091030269032,251.434399797649,115.77651977293,161.072889799369,147.555326820769,264.863909131306,41.5932351708894,-116.235432158077,249.75752137189,231.347814417756,171.206295754281,623.941547947677,181.107453971225,133.052726237095,-74.8407076132895,375.263076818002,377.544579303181,378.724286341683,392.038414179742,239.845392775658,-37.8237184703713,72.3568937772841,104.935852902801,140.100914427469,144.344162008734,137.382787142791,128.25261728569,140.937637916631,140.867723856742
2477.68099748472,2621.75120431374,2635.59565784327,2469.63634527698,368.341188718669,365.392899705441,1903.13724188159,2227.27555811534,2154.09160352539,1306.8896968855,255.04727973545,304.532713275249,206.531227764958,357.457081690049,363.643511578799,329.510183867754,305.169757836144,350.231051067575,-27.6932513429938,-104.735049640682,-116.584576254051,-61.6108142149498,106.949512849529,106.774457231524,17.1654032340101,79.948717054701,42.4214562532779,144.065313311241,305.468326724604,314.527090210388,314.583112270044,254.275609237868,-115.194587472563,-112.284025137094,287.395321468051,561.73210031786,1845.49726101689,1634.46977945363,624.97169669768,362.143941068447,222.833788747954,180.645270184801,882.19814512223,621.41449352927,1138.37046656097,178.157143472199,73.4157190995284,-108.46595191491,272.286523660237,201.172539303073,104.02289788031,316.131616179658,95.3986722411543,254.28265630582,121.087018427291,117.702879885834,214.829252310243,107.11606281902,216.043957183794,276.252590606396,7.4328908730995,-118.673208923694,325.042152060886,239.412986426435,127.511619043088,119.273560834606,288.619789753602,141.689623847921,-103.922007543916,289.317171306575,289.637369110378,303.57417993298,180.078147058657,326.773996471627,-113.82314326891,-103.923623917206,336.919261020183,241.099666706835,303.688193353286,223.382901232928,360.392338998642,-104.59926429905,-119.700899791596,360.354878146242,303.663397301101,291.215478378872,319.291302642873,351.183779727816,-113.972154263181,-108.983739273446,360.520358359549,317.605920171881,318.445597566702,319.251181938008,364.958164146863,-29.3674192773461,-114.174850467959,369.535193918958,361.035474005551,369.431965174978,10.965855783045,-114.04267723084,-2.53294390630651,7.80355829490475,366.605672664571,357.969231844943,347.125327962995,276.422316018721,347.504980792144,-52.1143828561196,-121.788362610732,291.902522887682,177.823007941717,105.204166214941,105.19195277056,330.950109751219,-50.5969757602161,-104.735496136686,319.809760767811,220.749057051621,177.592352502875,258.442296030145,365.774948699457,-10.7867912049885,-110.017684978792,337.692823955759,318.557754223807,289.081282320362,199.512790472567,344.694989826817,31.5273207707759,-68.0816222586176,259.881274826584,99.8086356167003,125.761480225046,118.758528925068,270.791916024122,34.4928522592242,-116.836660316375,257.008304411469,182.866001821252,135.769483794302,544.411380222834,183.384337129062,122.604226268396,-78.3994223987067,361.453445613803,361.985338498439,363.01443609465,368.093847703768,223.927057592137,-35.3766349769492,77.5652741580186,110.894868761732,146.860169627038,151.199261464132,144.080500958369,134.742865708701,147.715766628182,147.644265742844
2481.19992631252,2615.94874134491,2628.97957463215,2469.91281544835,356.906049006608,350.333456629401,1855.74277576194,2193.19229274717,2116.19225935286,1253.54950362392,222.693847317242,292.106044424903,198.304308518994,342.201754341474,348.622720022212,315.704541295216,292.726082719375,335.164544792732,-30.284886927418,-105.791537093676,-116.949345811963,-60.574761535669,109.725213423333,109.548527452301,19.0951758788246,82.4752152008414,44.5893999652467,137.74010238884,293.003790606462,301.581002807869,301.611921733257,244.311316681607,-115.97851483263,-113.120661198528,289.848359142207,518.856712668922,1797.08076185695,1583.09046486112,580.054253265655,346.756112108473,214.073908213191,154.888504246828,832.618547368596,576.432044225771,1085.77845314139,180.629387441692,68.9073767706915,-109.449415395926,275.409519384998,204.078545413331,95.5187234234273,280.630788305824,84.2560163597469,244.320071739355,115.422461106482,102.50993707556,185.68114193561,98.3875594841622,186.864238567069,279.918358944829,4.23849759179109,-119.002205476017,324.803730794207,243.512501933655,123.792788033375,104.029216205795,291.370669053316,135.47809665636,-104.992434967878,292.051858041279,292.368528702015,305.457385192401,181.814461865015,326.569248633775,-113.696528888958,-103.532566773378,335.470764469797,244.18988250835,305.608523488223,227.052656451552,353.750433004914,-105.705850174673,-119.858642868118,353.708059199984,305.627003527163,294.047723115492,320.584921261564,347.121856469572,-114.75490817898,-108.718890152893,354.434842308891,318.586514826686,319.47061683516,320.282165658252,356.150037299237,-31.9165098418827,-114.044842078519,356.599538289967,354.358502689442,357.102278883783,7.68674001657428,-113.905508073319,-0.804496435561077,9.63921911156547,351.653325105766,352.510095135135,344.322410812404,280.130031648669,344.701099423552,-54.2485325858705,-122.343300035634,294.853991593835,180.299535677892,99.8701805536319,99.8600041484325,330.733258309822,-52.758262612711,-105.856676953274,320.898855239088,224.953004535445,179.79756031364,262.389156896522,356.851073724932,-13.6595264265701,-110.97758271911,336.322608873095,319.617780760325,291.853723970125,202.759872477814,341.958451005658,27.8610366103968,-69.9345723056747,264.215396826782,91.4548727944886,107.072521381947,103.547666243537,273.773400680448,30.713263297345,-116.871288438887,260.712203052452,157.065398388329,116.996024808789,501.423315774603,184.569210015295,116.868224763765,-80.0639655578544,353.831230304852,353.430333668246,354.377890456252,355.037047374591,215.108954075046,-34.0295122143768,80.068589636407,113.706166997724,149.998781822617,154.377002228154,147.193973750303,137.77151219886,150.862081305055,150.789931812638
2486.28289043912,2609.94960358418,2621.98600375624,2467.88895691433,343.96902946864,333.814764581588,1799.36613402454,2150.84090458794,2069.71793652047,1193.10278349913,189.985605980233,278.632150834736,189.48669186839,325.567785788193,332.164423581335,300.711148730228,279.229861343708,318.776198170297,-32.4739148751896,-106.15304334231,-116.610557367279,-59.2122908115161,111.88243201128,111.705076722133,20.900697095463,84.5311547649108,46.4939604983497,131.096581966718,279.485090836921,287.532819980345,287.53919983948,233.544854472783,-116.032682920051,-113.239189620216,291.947032825017,473.405539883255,1739.80425183168,1523.38895748767,532.074660791696,329.945700443049,204.65278653646,129.473398558286,778.314833098253,528.395091641612,1026.94605769873,183.876240082575,64.3830629720007,-109.722463269078,278.359088083943,207.550804758879,88.2799613477155,244.281540428203,74.3871139282602,233.555441389991,109.539125174678,88.3470320402171,156.544774791913,90.8977580248261,157.688918953091,283.384505285455,1.30342745234725,-118.619084332874,323.732375641899,247.812068512921,121.213185255106,89.8031273427229,293.762821100882,128.959743420597,-105.37108578984,294.419729488204,294.729932555202,306.797194217695,184.297582320452,325.514932749001,-112.916928721121,-102.558092760188,333.030848712662,247.535655131494,307.051320888146,231.088393956806,345.747750469103,-106.11886910278,-119.312087323038,345.70079801768,307.048729314237,296.581787262923,321.222877293134,341.850610602371,-114.824852635038,-107.835748634205,347.022888170921,318.848723618059,319.770072086673,320.579469292026,345.899747952302,-34.0558843509348,-113.260325547732,342.143439828836,346.312883989176,343.253088634184,4.65197117730884,-113.115049080441,0.910053080826629,11.4028997107894,335.225921526723,345.738713939286,340.384626543329,283.637354320105,340.758381189002,-55.8801171140755,-122.152028355729,297.418810982898,183.554053290527,95.8340069688835,95.8260010457028,329.623411086434,-54.4232203450282,-106.275139045763,321.250465784048,229.551160690543,182.777993249914,266.334154234014,346.473503738395,-16.1983215108563,-111.220294719724,333.9554278398,319.952249638695,294.262987452693,206.591900641581,338.114412989443,24.3538995851085,-71.2210558769775,268.542346027397,84.3978478831225,89.2739044205778,89.3595380031735,276.593538247701,27.0776501274389,-116.225759117827,264.422047113484,131.592239017928,99.0485468779094,455.922979604018,186.465087758425,110.906286406903,-81.123191245308,344.822184315722,343.471592268655,344.324780932492,340.484862230008,205.623689798781,-32.5076023124105,82.1145599676449,115.877495412545,152.301146149848,156.694877810297,149.486341231644,140.029983598285,153.167493660402,153.095085467132
2493.24130812899,2603.47242573556,2614.27415190021,2462.53856340684,328.651005583398,314.84895277637,1729.75736229134,2096.56276484833,2010.81288839715,1121.64471461126,155.669494504177,263.423714978033,179.698602669197,306.604606501145,313.293954281106,283.729626795685,263.990282307244,300.152697837257,-34.2091649170275,-105.665855233698,-115.395705076017,-57.3867233541371,113.437395979314,113.260453771377,22.6608190228449,86.1513955004621,48.1963015912756,123.896742293265,264.219935107033,271.652553191867,271.634475835149,221.470710260906,-115.188918284626,-112.475394927957,293.77844047168,423.111415248272,1669.42038745938,1451.17796225212,478.556601219453,310.733050953955,194.152089498468,103.598607749991,716.180468145448,474.827401259935,958.237317865402,188.342460420491,59.7429754754023,-109.125691322691,281.309760184116,211.990564032672,82.4517711781722,205.573128651451,65.8321969386408,221.483452193993,103.248558185744,75.025313124245,126.393870879015,84.7757208859368,127.488426871497,286.839808082622,-1.36873324657506,-117.348492996505,321.642733231715,252.647279041119,120.075017774174,76.401275690279,295.894388206047,121.904930657607,-104.905278422691,296.515545430958,296.815395938886,307.594622878142,187.935262597093,323.421901570987,-111.309510077697,-100.83221615746,329.310094025179,251.455875337907,308.04942696309,235.861811987378,335.749490134835,-105.687972864542,-117.883290384902,335.698187850427,307.933489680727,298.946850021878,321.152292923366,334.895836519402,-114.021701491498,-106.162748538476,337.689958480298,318.29777954865,319.248863522979,320.045681989096,333.454494636248,-35.7311635581847,-111.646090699497,325.224007310824,336.259765135553,326.964278223806,1.85865379979714,-111.496157036195,2.70372029782425,13.1801547269149,316.330756741966,337.087047406449,334.917046170899,287.13449571036,335.280606432416,-56.9225351926292,-121.037448553421,299.694743693744,188.03248782249,93.3764789345191,93.3708946193649,327.417154368119,-55.507393849466,-105.835963724865,320.768547742975,234.944093686708,186.967951886559,270.542393639617,333.880697670233,-18.3742223449257,-110.584211722011,330.303580739106,319.467592867649,296.406610522307,211.428825522338,332.779532749616,20.9724095927169,-71.83321885021,273.141318753991,78.7970894090815,71.9972984485144,76.0026558705706,279.424983818551,23.5427186980259,-114.723999396148,268.395234982448,105.639607317632,81.538353589124,405.657614952192,189.447906847477,104.524795722863,-81.4566762716852,333.741364517982,331.379667889135,332.118052123137,323.501361555787,195.04829464139,-30.6937661910573,83.7397308606249,117.422403616592,153.756280799743,158.138972531216,150.948506522125,141.515539044154,154.620444490065,154.548216175682
2508.23135719236,2593.61685385345,2602.07751397665,2447.996221414,301.977408920069,283.117136077145,1602.07387017657,1993.15412521288,1899.79504578823,997.105561845583,105.470091599474,238.449935295731,163.925239124467,275.155259796774,281.773295516427,255.757684293106,238.953751740471,269.383073083362,-35.4151884101716,-102.811597366822,-111.481105929135,-53.7587272472426,113.797287573466,113.623862210418,24.8192260082291,87.0549536328336,49.8483308713878,112.670583471667,239.141525247181,245.538206074749,245.487331558101,201.766087752577,-111.720601886049,-109.156730159801,295.370920396307,343.052834667046,1540.99934932857,1321.79204175504,392.353789073326,278.775816535659,177.140432905176,67.6914153104616,612.434287612351,388.576829576237,840.336183663416,197.307422233302,53.1088427810192,-106.067711800596,285.086121904542,220.25857693501,78.2020988988688,147.528688782811,57.6957376188871,201.782408162711,93.6309127872441,59.2863645398924,83.3180576028152,80.0209368500895,84.3185685781089,291.257239632835,-4.34897709830284,-113.328220609582,316.078692083984,260.318460948543,122.154662637572,60.51056683558,297.903903363134,110.922963564561,-102.09127140336,298.447902922878,298.72364845081,307.09980642494,195.624575318229,317.800161383361,-106.992135926948,-96.5597356763107,320.898653239646,257.999817189306,308.061312536871,243.973584595903,317.148827482815,-102.91961711339,-113.662274964737,317.092352371319,307.568917232732,301.493510754911,319.061510452664,321.146003741433,-110.667066716989,-101.858521988802,320.15724897692,315.308971800109,316.279983263957,317.032942215434,311.085409839831,-36.8295520613362,-107.314364785793,296.201864306374,317.555243873886,298.845529118166,-1.3408367060191,-107.16155420623,5.24659373536042,15.522415255848,284.644983754979,320.573428440623,323.540067225521,291.609484821271,323.876369033897,-56.8339964934926,-117.133823095052,301.822797047514,197.025676491109,94.0622856431272,94.0605935620599,321.4947626013,-55.4975070566153,-103.025211649042,317.818278936204,244.032809483654,195.538692156517,276.67118313096,311.263025570234,-20.4183257760387,-107.449383908944,321.973547897591,316.551257869085,298.419205623039,220.325136236058,321.680204617884,16.6724907705731,-70.9359802915737,279.813860734547,74.9715672652508,50.1452302156783,60.1904751026756,283.068754847824,18.9745237636488,-110.473487357518,274.211373134089,69.576411541582,59.1505381487866,325.837020740178,196.085545503967,94.7542820868745,-80.0440843187263,313.505130981339,309.640365215495,310.173107221078,294.472158128479,177.910474147966,-27.5458250031938,84.690600970144,117.702533075595,153.310708516983,157.605756718087,150.559063388618,141.314529539369,154.157588731623,154.086804155182
2508.80012956493,2592.52149076108,2600.8356162315,2447.71726732212,299.831136597892,280.206925569903,1592.83024496824,1986.39357863479,1892.32193084444,986.770900206255,99.1166539151903,235.932991278653,162.222960042623,272.167876307686,278.861150353544,252.99598205586,236.435616642003,266.410539294392,-35.9122279103736,-102.963168155586,-111.491745963271,-53.5381336722085,114.234384082837,114.060768127182,25.1566728047803,87.4630942943825,50.2138525206947,111.358789104164,236.619540480361,242.928384241165,242.871872184003,199.715458036623,-111.812958808561,-109.26109808295,295.797981356485,334.707682583536,1531.56676436366,1311.81249121743,383.62299559471,275.781258293317,175.329047764939,62.588017213808,602.819701638831,379.83399715663,830.147840152224,197.638965309467,52.1812046174987,-106.202981731769,285.623429079629,220.6870958081,76.3875925730094,140.579649606446,55.3747678934785,199.73196724424,92.4560770200435,56.1932459675909,77.5716963104458,78.1638303047948,78.5661891728735,291.900728862006,-4.9846115894652,-113.330643991127,316.038992459161,261.007588491471,121.269163487944,57.4077343722701,298.38829912653,109.632792879849,-102.2460673135,298.930045531803,299.20524732315,307.43654264916,195.815161669494,317.768283946307,-106.910245723696,-96.4337949799396,320.64301883991,258.478814932089,308.388261347197,244.56386029636,315.931170191538,-103.079990142384,-113.631063581082,315.873706295169,307.920836313852,301.976607489922,319.286519354849,320.411188670423,-110.757472304871,-101.753373817625,319.040021387536,315.490393292535,316.47045526842,317.225259409781,309.453354330612,-37.3175713436046,-107.23158204376,293.754643256324,316.331660554612,296.522028190205,-1.9946379075775,-107.077483772991,5.55911809696249,15.8483222966669,281.764203248257,319.579679195239,323.03916979783,292.261125737968,323.375638719587,-57.227875580466,-117.17769826728,302.347909177266,197.357811036494,92.8589864091924,92.8576825111069,321.464391126503,-55.8975634018419,-103.189605207856,318.0219280117,244.725420344519,195.818614591813,277.349183094366,309.609871546683,-20.9805101579958,-107.579150822517,321.733253641222,316.748365549413,298.908201970062,220.818829084974,321.189458994905,15.9316062762638,-71.2654018474759,280.566732564058,73.1854961720331,46.3854608827827,57.09398507239,283.577757011539,18.2128241294054,-110.420520488361,274.842283705471,64.4646959280927,55.3749642247013,317.471431827566,196.171055512601,93.5657148448823,-80.3302982824933,312.099078763755,308.053023053354,308.571289671275,291.991718041681,176.088549985443,-27.2837037649638,85.0959549014023,118.143701335913,153.789542367415,158.089064247926,151.035017027228,141.780734229476,154.637302166953,154.566443120916
2515.65855970088,2588.63000996656,2595.89052550672,2435.8903177236,287.918006729544,266.085913977847,1530.70652335014,1933.67581078645,1836.50301004732,929.184697548394,79.1579857155131,224.28065842683,154.727012415194,258.040564239296,264.79601440082,240.136653852428,224.76418810413,252.495160195433,-35.758683105376,-100.554215875777,-108.625278349984,-51.567331424088,112.869158093968,112.699025286808,25.5777268475349,86.6351613672479,50.1321238438043,106.114844867036,224.931050553576,230.810199403996,230.737566604589,190.351763729003,-109.081673898562,-106.614362315684,295.524346733244,300.471685848695,1469.42528170709,1250.34879303669,346.409786854938,261.506915600837,167.226153986523,48.8709372832168,556.621547339562,342.618955925505,776.389706375104,201.223801725115,49.3109169850522,-103.681370443137,286.323295896104,223.777330736648,75.6210540758859,117.019135844563,53.1895229297982,190.368961855126,88.0204087651914,50.8629319910963,60.7533783845823,77.1727273277869,61.7020134950371,292.808567727197,-5.84376940087498,-110.403903409492,312.688771590177,263.504057296612,122.70430028956,52.0041938804738,298.262655201982,104.49567543749,-99.8602053254591,298.768629039162,299.031240667904,306.216684299732,198.888999326686,314.379367956464,-103.97959600439,-93.6639190977497,316.096637933631,260.544128386827,307.354528384963,247.379619664966,307.265821941098,-100.70015948789,-110.636461014807,307.206685222872,306.749825604429,302.038898613387,317.312950741023,313.694672953478,-108.083199745263,-98.8990322108909,310.783728515093,313.189194942393,314.168714300644,314.899072014642,299.280407404094,-37.1082105556357,-104.291858489385,280.869035083603,307.620736773887,284.015484809773,-2.96922689114797,-104.139023159195,6.37086667769779,16.4552442536803,267.688577858177,311.740556266544,317.26634950596,293.189580642734,317.588781482423,-56.3505294141308,-114.232242163599,302.236299397598,200.956851878595,93.9777238583771,93.9780424794296,317.920832405723,-55.0646527829589,-100.787935956354,315.714008510014,247.943453250341,199.256950143213,279.075620596353,299.334191902692,-21.309072331534,-105.012918354981,317.210281470624,314.465509916033,298.779602912057,224.167589208044,315.545560819729,14.3431408290061,-69.9282473163696,282.488594307152,72.6211327582972,38.6146745884299,51.7257752467387,284.240512848542,16.5073215715706,-107.462138981696,276.462772169494,50.6685641840917,47.3091910937185,283.433028452922,198.806904408075,89.0623766466089,-78.7006359371155,302.788557569346,298.148225561468,298.577974605954,279.082537550254,167.933658623323,-25.8275830527258,84.3154044601432,116.700013797849,151.630604869282,155.843883893865,148.931338814048,139.862724606557,152.461361688824,152.391924568121
2522.19548690645,2585.26766847813,2591.5431923525,2423.17803013931,276.933732247052,253.183175662805,1471.66876801058,1882.74025719674,1782.82399232534,875.619139430555,62.1277996164662,213.540158775832,147.811224930833,245.122810848684,251.939227330729,228.322017888366,214.007528488103,239.758043152152,-35.3032639272295,-97.8981235326576,-105.568015750915,-49.6290797389829,111.056067303167,110.889830044799,25.7634919749108,85.4227263016776,49.7552801790102,101.331826874841,214.159267261876,219.652929644282,219.565872601885,181.690902235305,-106.117449857704,-103.733175292031,294.90352855106,269.890622580696,1410.49829275688,1192.50120200809,312.985913428491,248.466755735372,159.738000599838,37.5256172790748,514.432529836725,309.201371246592,726.712954753486,204.520307659966,46.8047802878332,-100.915169141888,286.618286347929,226.52135096297,75.6613591783286,96.6299633329598,52.0684830773708,181.708503728251,84.0062533468596,46.9602467709478,46.5967793040736,77.0068594386192,47.5015828536895,293.257153286432,-6.38637563045006,-107.287240218062,309.2343803068,265.518212637466,124.474639832601,48.0317198999677,297.760475963623,99.8099536704464,-97.2268707876297,298.231955789746,298.482037060656,304.697165034452,201.74224961479,310.882016210612,-100.913649105085,-90.8002604796164,311.557276411829,262.21578216087,306.009644432076,249.761845672651,299.093365010322,-98.0677323898542,-107.468519027295,299.033032915252,305.271318425568,301.707874926518,315.082019980828,307.230086776727,-105.176550538634,-95.9306301003187,302.96483848334,310.669003364014,311.643177048287,312.348060145223,289.800147269623,-36.5992113434303,-101.216707046755,269.042191763095,299.405794729849,272.516491355314,-3.62313136935347,-101.066070717016,6.99566025857098,16.8496804585075,254.827401987275,304.283459105328,311.626233476635,293.654701857747,311.934512256654,-55.1857498351701,-111.068782260637,301.726949539504,204.267393295767,95.6031738668234,95.6049335587885,314.267688234602,-53.9435533486483,-98.1323794719011,313.175267385275,250.67996586437,202.43258583348,280.324126581167,289.76190500118,-21.329697959701,-102.202428841911,312.686266942188,311.955379264335,298.272206524862,227.139417412726,310.029216400409,13.0877447708981,-68.3110952748043,283.894732201892,72.853118847308,32.5953585749005,47.7859403146864,284.512694368739,15.1445813945182,-104.347334601445,277.629556307825,39.2464547833666,40.994090018835,253.071796451055,201.271332553962,84.9864078551023,-76.796442008647,294.062001001105,288.913143050842,289.261639503907,267.237484568538,160.398915851438,-24.4729699906541,83.1560736351185,114.799292938667,148.930748097793,153.047704098995,146.293207010195,137.432023188743,149.742515771339,149.674667114607
2528.53926331342,2582.26169791883,2587.58198982333,2407.7006526236,266.291333284224,240.690267311473,1411.50393871048,1829.59263237637,1727.19239017159,822.53936075288,46.937396370786,202.80212283331,140.809225276711,232.529551499173,239.466575264823,216.622751178955,203.259441133421,227.282244149426,-34.4828077626815,-94.6805504298925,-101.966742238637,-47.5493584886508,108.41949014786,108.258131242917,25.6309483454702,83.5381367128556,48.917983491977,96.5284502237513,203.397487867222,208.537356732111,208.435255012518,172.930394879626,-102.571877027099,-100.278602294732,293.7244937241,241.043457564301,1350.61877568579,1134.29964477635,281.254109362661,235.804924341919,152.149031660178,27.7621600674458,473.561517901659,277.486789543967,677.889165611813,207.423708324849,44.399695524767,-97.5780316246734,286.320108534912,228.790906241504,76.2634552181793,78.1307639984405,51.7223125945833,172.947836919139,80.0014733038535,44.0591679806511,34.1666121993437,77.4097931667289,35.0267693999243,293.064661871464,-6.6637516961556,-103.620649557759,305.391546825835,266.907158687218,126.407341493403,45.0599769714868,296.675085168118,95.0995687066174,-94.0343937980136,297.112666458352,297.349621264442,302.645214751535,204.248903396393,306.99073675022,-97.3680552423937,-87.5307242691131,306.710275185572,263.307726718703,304.098946119874,251.570930320013,290.977912383101,-94.8676593676445,-103.763801871903,290.916765013937,303.253827193601,300.753725198291,312.317849128624,300.644060755145,-101.6894207011,-92.5195815606241,295.151811915646,307.670986691926,308.634859532844,309.312552281538,280.516055468544,-35.7222263392191,-97.6606265605724,257.622295731938,291.249868119057,261.402812044112,-4.0187659411622,-97.5135538433337,7.41472374325349,16.9791410032744,242.391280936469,296.800998524513,305.771859557656,293.475423608254,306.065487780652,-53.5914235117903,-107.317276492762,300.613537804066,207.18522103206,97.5643123958806,97.5674034197148,310.215209130508,-52.397076408101,-94.9089136435982,310.146317979679,252.813399890221,205.235242583209,280.931226036737,280.393613580496,-21.0345097149266,-98.8163073462804,307.846990444857,308.959404430694,297.179482689557,229.617369382045,304.296750195696,12.0366375438047,-66.2197668644794,284.628270460756,73.6480540465408,27.8059231362156,44.8459584297751,284.204412068705,13.9912652940865,-100.721969226542,278.176144405168,29.4033193382946,35.8867892602449,224.48950288203,203.419031049931,80.9220504941814,-74.3896779524437,285.457302558803,279.858125621196,280.130102306612,255.785563736722,152.767415752101,-23.1314730307387,81.3380803673061,112.053069043419,145.184365223925,149.180789390999,142.624066502694,134.022485209345,145.972371808609,145.906511016929
2542.55016949449,2577.45638876881,2580.79921588885,2370.43979581541,245.232430522827,216.588575135936,1285.48922342869,1715.21807908028,1608.34464861909,715.908489385515,23.1616992568495,181.851068688866,127.193313414958,208.252016866908,215.395628149226,193.908779183863,182.291523810857,203.206515668505,-31.464950382847,-86.4890471617404,-93.1263326726483,-42.9457817843563,100.937104554947,100.788178264583,24.5338719165849,77.971347589635,46.023733681032,87.4599953447783,182.404901811612,186.884834699817,186.756196375947,155.764249391252,-93.6975835373362,-91.602957381246,289.934026304167,188.572105106346,1225.69301970062,1014.57693296741,222.649957762919,211.420062211972,137.329025588555,14.4351202881737,394.813726928665,218.949679912662,581.200380193438,213.426692456401,40.3953587145345,-89.1270223467461,284.38038063165,233.100390207645,81.056967082497,47.6389400490624,55.2764495432225,155.780592561204,72.5968893390202,43.0670398807607,15.7644814616109,81.8128103552218,16.5297311517288,291.165243053445,-6.05576215531846,-94.6368282693228,296.26570508998,268.633223517142,132.514259559709,43.9181633335231,292.992309564769,86.2099574215116,-85.8979133062234,293.354912534009,293.561704482886,296.983698322305,209.588040856164,297.735320677495,-88.8594335355832,-79.7949791725202,295.649753777514,264.714490270087,298.758962336199,254.474063532312,274.11094939325,-86.6982936723217,-94.75668030081,274.049767825738,297.643405766059,297.351025357828,305.175978926541,286.43607069695,-92.9566202086472,-84.3914007925475,278.791832296822,300.093592433833,301.015244617147,301.62531134778,261.692038885728,-32.5848955564804,-89.1280414053389,235.280773063271,274.299550149678,239.561197374588,-3.66244629645769,-88.9924513340251,7.73034490120347,16.5524584173875,218.386583809479,280.989650235906,292.825540605032,291.591248502103,293.084376854424,-48.8879011654361,-98.0375709305127,296.784581309777,213.221176515386,104.376054949515,104.381544055317,300.577547500975,-47.7982433093027,-86.6771008413324,302.45194044277,256.285894680124,211.101233378705,280.840383338727,261.412948718749,-19.1725959073815,-90.2564304460344,296.77420627292,301.355639509906,293.470646815991,234.293484617998,291.61696415913,10.9650192855864,-60.4286435350505,284.688788316841,78.8460325164249,23.652133223789,43.7673223061179,282.296023096537,12.7186882088333,-91.9559524245411,278.03558928159,15.901925015282,31.001714981702,172.699642997248,208.112476377035,73.402294112102,-67.9123282377202,267.799816404857,261.484471083104,261.604784105522,233.411914152368,137.868232567005,-20.4353926022261,75.9413917301407,104.291676040962,134.876897449643,138.566619013304,132.513174561359,124.572400532548,135.604446765257,135.543645623974
2552.14764082114,2574.53330042796,2576.51615901559,2339.38568933297,230.5905118837,199.862049269722,1193.40138589168,1629.84084905902,1520.15452219098,640.089454106883,8.72591562158141,166.830556651183,117.318575119503,191.283613194417,198.656081144099,177.777091515238,167.26722782915,186.296978304842,-28.7757399195782,-79.8172968274873,-86.015430926445,-39.4390551075035,94.4274777702078,94.2888399445163,23.3090272979389,73.0467884560763,43.3115053723121,80.9413700988862,167.364861713793,171.414355871267,171.265855740245,143.321545632228,-86.5089062185273,-84.5678170235582,286.435619033728,153.397962325634,1134.64354572156,928.140038789037,183.018014113325,194.44803501382,126.569538550626,7.12901772351859,340.196013780671,179.381910451547,513.044135846516,217.196103790048,37.6800543390244,-82.2559613099885,282.162641291722,235.539606306454,85.3078308640454,28.4564778752729,58.9392915933291,143.336327861459,67.313961256937,43.7890733221956,5.02263396687624,85.7934934406642,5.71858049888567,288.908709271666,-5.23376584889957,-87.4148389672184,289.171934827456,269.003963016717,137.143313051597,44.5315849961643,289.535928110973,79.8138525139232,-79.2688698630594,289.845470780557,290.029793602474,292.176974354261,212.947014613995,290.540741212031,-82.0777211556942,-73.6713146260456,287.279262862272,264.921185448508,294.138197128555,255.76419410199,262.080014759186,-80.0339974193537,-87.5368363420484,262.01934091687,292.864140812824,294.040927081497,299.305811291747,276.065267806955,-85.8714369419073,-77.9345908052946,267.054804566059,293.98695917646,294.87130675272,295.430375176813,248.450458812691,-29.805845387883,-82.3273605474782,219.809802501584,262.211554003208,224.418415773238,-3.03073096361311,-82.2019329357811,7.67599736103421,15.8829325498011,201.750233331115,269.601625759063,283.231099408428,289.340945196256,283.464244475078,-44.8998724159021,-90.5493667994003,293.193752006091,217.014798899473,109.755371594174,109.762425624001,293.100751548661,-43.891104564349,-79.9670287332036,296.243850882419,257.942095377229,214.800824079944,279.883094741179,248.069805918308,-17.3808669159115,-83.3007286602577,288.384206716652,295.218777712429,289.992526406572,236.96824410666,282.211387006039,10.4973276494079,-55.5985849095913,283.796015672488,83.3887083840784,22.4288551170017,44.4248146892919,280.118814835041,12.1136887735344,-84.9460282114742,277.072561767633,8.46659403047954,29.2224593659976,138.080163205185,211.050516368898,68.0397295515217,-62.550850744465,255.291936919549,248.543851185479,248.561852319197,217.899208877862,127.057454346298,-18.5130387023978,71.1576714765897,97.5512303037932,126.029929832162,129.465913506715,123.828838945439,116.434785788819,126.707462706049,126.650847582087
2556.3220794539,2572.9675596081,2574.32744508065,2324.78129217609,223.556955789518,191.706960609429,1149.87483448021,1589.71063155932,1478.64877401417,603.766350469959,0.863542114379584,159.493533300018,112.475236356716,182.991007592582,190.491752634034,169.89345503946,159.928880233008,178.027550283041,-27.6690726657288,-76.8294065745152,-82.7973039366728,-37.8038061001515,91.5692045164696,91.4351893436842,22.8248444283679,70.9007830505474,42.1591483607298,77.7000640803205,160.018649351827,163.85693617748,163.698037944594,137.243046559637,-83.273667938558,-81.4048079336529,284.924321321133,135.800149261831,1091.55897707358,887.062318251785,163.337802001831,186.157901036786,121.30248824464,2.72406066039991,313.586471558751,159.728918347703,480.213297435413,218.898981690672,36.2435561022916,-79.1741998795808,281.244046300749,236.669541798353,86.7691103223509,18.339201399609,60.0319785383055,137.257124009707,64.6612644502669,43.4020389710616,-1.05664736203244,87.1246492611749,-0.393177628053309,287.995333164173,-5.0038699117805,-84.1445599521657,285.962840999442,269.268789596646,138.970542847714,44.093734869862,288.055458972266,76.6322779608811,-76.3010517347532,288.340950201309,288.515117006398,290.064838405288,214.436408215479,287.288406658639,-78.9883627444697,-70.8705330297496,283.456206815924,265.062027305167,292.102007605168,256.416316643641,256.419922761179,-77.0511285521341,-84.2600811962275,256.359251248,290.767419165446,292.61965232715,296.692334497983,271.249429940994,-82.6818787027495,-74.9873790657847,261.546498025989,291.263817225113,292.1334548669,292.670214102853,242.158801038441,-28.6565537097493,-79.2292053318479,212.335442853899,256.524839033794,217.120296952978,-2.89094126057705,-79.1080993285153,7.7170065332283,15.6479796238942,193.644772287942,264.276899141379,278.811053704043,288.432083301134,279.032803984968,-43.1820328169396,-87.1676203668217,291.662024887116,218.728595565435,111.851377342772,111.859213915101,289.723133353687,-42.2112790076548,-76.9647312073721,293.48020461897,258.779854215469,216.461528782029,279.554672944676,241.728420018434,-16.6953539306438,-80.1794055968907,284.555703550778,292.485462679246,288.503381241683,238.217416871297,277.877502503875,10.1198831016628,-53.4849051225748,283.512249835202,84.9870183936052,21.031562197448,44.0080578948384,279.212217770633,11.6702570766176,-81.7596097676276,276.73164993917,4.00172972848407,27.5716392191343,120.730439444821,212.329269886317,65.3482317454529,-60.1867032064581,249.377416924456,242.395587660714,242.364943668492,210.395690910841,121.765250250916,-17.5869506282646,69.0749063306326,94.5892042720888,122.121136707409,125.443065273187,119.993146081663,112.844819977679,122.776186719038,122.72145306558
2564.07368837277,2570.91917319553,2571.11183175239,2285.20389077896,210.135111293862,176.345017016398,1056.67737302834,1499.74181190118,1386.7522499494,530.920667796238,-8.72875341399879,144.684397732443,102.492359335574,167.141279331698,175.043727585972,154.294572567995,145.133208354329,162.058121529492,-24.1348479888206,-68.8700240194098,-74.4430653719538,-33.9927807537301,83.1197865449661,82.9983449390599,20.8348241177285,64.3882839536587,38.351233665365,71.187392569428,145.211243575875,148.710787385529,148.530067941003,124.699561489383,-74.7533752400369,-73.0560154065221,280.025456720562,105.777043878171,999.869357885491,801.555401851328,128.881587311017,170.456130527729,110.411289679037,-0.609743640785609,263.58183390673,125.366168119738,415.810923580496,221.37545489417,33.7839862992779,-70.9944835185786,277.484484415688,237.664834303548,92.068783943302,4.26684805175546,65.2981192095386,124.710586602377,59.4404307470534,46.3873116687514,-7.35473088062804,92.1798798935427,-6.76100883090646,284.079826523315,-3.56248414097331,-75.665877884799,278.040454749825,267.908895157599,143.645687273629,46.9712988637413,283.134875874809,70.2287390390986,-68.3896947847405,283.371093556468,283.522124532604,283.977204273962,216.631667868492,279.255689310258,-71.1148419901424,-63.8270918878204,274.509277096632,263.63476024975,286.09422691234,256.063562857699,244.849323139048,-69.0832247350817,-75.8148524437009,244.790026167362,284.689802773637,287.720951139843,289.568042833694,260.840873678511,-74.2632833984414,-67.5250744393983,250.131133154139,284.066284542128,284.887814072039,285.371425810831,229.753657038208,-25.0263790468146,-71.3337693456268,198.251537742239,244.9046020848,203.311304474949,-1.65462442911894,-71.226017397246,7.15929275471001,14.3373037128484,178.417874247683,253.125679098284,268.920180222725,284.514353305779,269.116086028771,-38.2045577441177,-78.3335924347596,286.560747955078,221.229295421622,117.682408842604,117.691485787234,281.406476460954,-37.3240715154312,-68.9524366567302,286.154572135473,258.707188581152,218.920438505736,276.882109075008,229.245033895211,-14.1702701346153,-71.9044517728773,275.571185302026,285.238963474454,283.55678426428,239.392326401868,268.162931330666,10.1362238655491,-47.5644681064271,280.824459952036,90.5731721764182,22.7079737580014,46.9261373781871,275.522870364243,11.5658368302517,-73.5855091552307,274.106272163718,0.534651657439213,28.6507645606411,91.3721175609861,214.191700469308,60.0549281624964,-53.6702575766163,237.501745558574,230.239122116749,230.121928915949,196.225528410986,110.834480386998,-15.719906864373,62.7346195993795,85.8577815740082,110.815830354769,113.827739644347,108.886547490148,102.406237072753,111.409770053392,111.360150983093
2571.33443342245,2569.32125588501,2568.40058941273,2240.87149044792,196.890135043657,161.147878744499,960.436955370998,1405.31835069307,1290.72984874245,457.344257159629,-16.5321899481724,129.530800505725,92.1641396026241,151.326465682082,159.724254326377,138.4723419317,130.001406714806,146.037906416893,-20.1327952274273,-60.1194933596138,-65.3052251888709,-29.9400410274037,73.576428498161,73.468922805706,18.4510730129186,56.991632528704,33.9525486989174,64.480862738234,130.069139492859,133.261047444087,133.056829437541,111.73906964286,-65.406223745317,-63.8932482969698,274.397009947234,77.1218891588528,905.380199379364,714.093527144556,95.6839801075203,154.863324316465,99.1377240953456,-2.35998956547701,214.172213431334,92.2771920485227,351.243171185715,223.346011672455,31.3586931836376,-62.0079607709504,272.961599506135,238.052439086968,97.9320493117315,-8.0231687742783,71.3641665002771,111.746281963103,54.0881382794519,50.3936847644608,-11.9467609795122,97.8031313087855,-11.4248717459694,279.347099404013,-1.81330808892949,-66.3941062922235,269.562272124601,265.761911544592,148.440912279914,50.867436993588,277.456887563041,63.6285813719977,-59.690924254776,277.644310099457,277.77131978285,277.183196873994,218.368670562277,270.66041237112,-62.5377148690913,-56.1792710047185,265.090210160535,261.455912061449,279.332779314222,254.984819813052,233.185632964391,-60.3169132622405,-66.5911162322187,233.128105477896,277.898566013557,282.008130770351,281.72081503041,250.155633029636,-65.0198125780251,-59.408793169708,238.566420993243,276.217586760785,276.985198232872,277.413459033173,217.392966129252,-20.9228901839057,-62.7327993016734,184.393555059772,233.193287333593,189.715302166835,-0.123006090727131,-62.6401821015905,6.36373612431174,12.7067666147987,163.38123597206,241.796824707686,258.65449270243,279.775749342655,258.823867559017,-32.6537656346869,-68.65724674891,280.677876109822,223.224691826757,123.836794120135,123.847005859253,272.519682960262,-31.870295502934,-60.1410770963973,278.163215510177,257.879369295008,220.895218168579,273.397533358218,216.814187239539,-11.2557779793638,-62.8152656951899,266.105850893696,277.332052034228,277.850353137308,239.940467587389,258.072368663863,10.3593483006528,-40.9989320769702,277.290258088517,96.7283739325983,25.6430290480525,50.8623590840135,271.084542867874,11.6722032385836,-64.667500005403,270.692704829222,-1.35422228115362,30.9546089112758,63.4472562570537,215.624643484708,54.6312200287992,-46.4630054793335,225.597717686149,218.110634634585,217.911538498466,182.257032739575,99.5254366887334,-13.8246459787733,55.5288755611014,76.001896701148,98.1073935594062,100.775725588669,96.3983288752443,90.6583564980885,98.6336082432444,98.5896574344779
2573.55626210401,2568.67662691331,2567.37487208047,2223.14736500439,192.013324962895,155.531964045424,924.301149813647,1369.48887300622,1254.40231008121,430.023041713233,-19.2160769280686,123.838726493019,88.2592747176232,145.455733237121,154.0560323574,132.553135181746,124.318967512281,140.075055528003,-18.6036395812956,-56.77916602349,-61.8183463087635,-28.4032878197773,69.9009090392411,69.7987464491376,17.5205295749593,54.1391843917903,32.2494945302611,61.9411185148217,124.383108679568,127.466261554139,127.252934839606,106.847682480093,-61.8385369198979,-60.3958779498137,272.177104751129,66.6959139322688,869.941044302779,681.418309575798,83.5707422663514,149.088712436536,94.8767873503726,-2.85034894716932,195.981216203057,80.2071487074729,327.341050601702,223.928265719702,30.4401064377086,-58.577794864465,271.139094466393,238.041507724383,100.089433590615,-12.3583224582494,73.6308468399142,106.853353463784,52.059718446811,51.9356606828517,-13.462901474713,99.872906764916,-12.9678617628755,277.440160008593,-1.14342117264852,-62.8561523020853,266.330460228264,264.80111174865,150.144432715898,52.3684682401372,275.214804012725,61.1277950414509,-56.3703568870607,275.384548973164,275.50263891447,274.542424356597,218.871981109162,267.384901992126,-59.2665898721256,-53.2644500856312,261.527819644616,260.482350155854,276.692431029535,254.421455740622,228.857555622182,-56.9696367818714,-63.0719139871177,228.800719170311,275.257714228544,279.73950063166,278.689497135205,246.159722207855,-61.4897833945573,-56.3143746625244,234.265678699913,273.200945523613,273.948029341346,274.355790777634,212.826979831157,-19.3553080352625,-59.4525568245326,179.293945996936,228.848174313756,184.712510764789,0.46436011904143,-59.365746405963,6.04203927382048,12.0649779348545,157.830154837772,237.57983790455,254.79763611769,277.86614083114,254.957244379648,-30.534559521052,-64.9641367329818,278.357516294274,223.816103257619,126.067642297117,126.078255472062,269.136815943481,-29.7880684570816,-56.7777586369634,275.092386573486,257.404097316442,221.482079993909,271.945728855027,212.223776978899,-10.1416150082907,-59.3459648378389,262.525307540379,274.292795140278,275.597566261294,239.985772671358,254.279121950746,10.4483697063497,-38.4926246250445,275.815360989654,98.9940420082135,26.8267987272441,52.3780594786316,269.294932858551,11.7187713411066,-61.2655251655989,269.270327837927,-1.89651854310222,31.9006547636611,53.3031250642014,216.020442869719,52.5765056953117,-43.7116343179794,221.189700252395,213.626824267687,213.398528467845,177.110700468304,95.2520502927717,-13.1148751357092,52.7496173882971,72.2065445777876,93.2183006010672,95.7548927817657,91.5936747047701,86.1375685328455,93.7185469298623,93.6767694904534
2575.37610858863,2568.32860440511,2566.69861276883,2203.79521622616,187.511657141255,150.317330834869,888.533490206486,1333.23504706952,1217.85961289881,403.831076466733,-20.8023697067012,118.264562722185,84.3730584715864,139.925749005751,148.77135688721,126.832069295591,118.758636735788,134.409374026911,-16.9076530505021,-53.1935281345292,-58.0975606891795,-26.8196876727174,65.8314230564562,65.7350519070157,16.4265114030666,50.9617958760748,30.3181090935426,59.4282434360406,118.820174876692,121.817929106546,121.594997611865,101.989727761354,-58.0182633266705,-56.6491390809128,269.68490637935,57.5792571350384,834.963500333936,649.508938916496,72.8035971383023,143.691555455418,90.6336655837817,-2.47906050881272,179.121484232382,69.4890304635753,304.681541082839,224.18895597017,29.5846724625513,-54.89865171881,269.001578063809,237.689291556847,102.407549177835,-15.5055045253086,76.1793563559964,101.993517696153,50.0643586401399,53.9199714547271,-13.9927361883383,102.110781822787,-13.5241579421514,275.194189946904,-0.347405291057441,-59.0818868892101,262.982733405671,263.459735420589,151.796758415543,54.3127942995543,272.686719196579,58.6501944036283,-52.8054463955014,272.840140764167,272.949353229575,271.667806867476,219.083867575467,263.992459252808,-55.7928132607773,-50.1812596152827,257.915051902802,259.145972263065,273.790715387523,253.486056988891,224.730032970576,-53.3734429558071,-59.3231345885147,224.674055073153,272.379091518977,277.153746612307,275.437522948299,242.245574853205,-57.7059555056175,-53.0345270660864,230.133008388822,270.003454053233,270.728101946615,271.115416053668,208.548911800235,-17.6199913586416,-55.9691077888354,174.606632337024,224.705754232784,180.1106025551,1.17552577049582,-55.8887487656889,5.60829055143984,11.2840701261149,152.691529819505,233.511379425332,250.961052260634,275.615696733121,251.111116729572,-28.2229831947721,-61.0166396575509,275.742807025149,224.08573693772,128.326098655757,128.337033483475,265.639440752477,-27.515146494025,-53.1661793345239,271.836091505535,256.53610836552,221.758803575332,270.129755927156,207.927139714888,-8.88089849043121,-55.62576521361,258.890778262467,271.06903769228,273.058127955957,239.676319605641,250.501623794006,10.6399476908945,-35.7757659321374,273.959140807181,101.417241061232,28.6015107454616,54.3359865375315,267.196044521348,11.8725361804924,-57.6462728553738,267.494894407473,-1.57712372862682,33.432774703393,44.4880283101043,216.146452030193,50.5568839787176,-40.7380226158841,217.021446801737,209.416984372938,209.163770208526,172.364971010563,90.9994524914324,-12.4290164569981,49.6515774582272,68.0071871023399,87.8335316007687,90.2273459472635,86.3004199946511,81.1519708037368,88.3056338795173,88.2662119360713
2577.72711866719,2567.65719091684,2565.37058200472,2146.06131175737,176.509689879818,137.510245365894,794.407121866419,1235.17238885512,1119.73979926926,337.456718248589,-22.1437076220939,103.782733015163,74.0979486398922,126.13143035715,135.733465482244,112.167675848478,104.324084236258,120.145349134296,-12.0454422095131,-43.1269835342977,-47.6926295590449,-22.5079485952699,54.1255363218103,54.0455712523557,13.1496219473635,41.7830449132033,24.6691553622093,52.8041737744905,104.381288259579,107.213218532,106.963681872369,89.1841396707638,-47.3104908882229,-46.1441475779707,262.244210711193,36.918274606803,743.226991162708,566.862631905303,47.8886258622053,130.342232629167,79.4130730464564,0.696185087917456,138.047053940916,44.722344856063,247.999021295192,223.864404810778,27.4348112845918,-44.5754600588336,262.379970783951,235.698056824509,108.806883050767,-20.7193040383671,83.5163230846266,89.1820862522651,44.824071962735,60.2058251393178,-12.8525500880606,108.318553140426,-12.4530906595333,268.2218288631,2.03039102668095,-48.5293640164963,253.708679305629,258.757802559024,155.868501541236,60.4957174022376,265.1143608097,52.1099060092412,-42.7962240152279,265.228413997692,265.314397857871,263.323209778289,218.712687189703,254.597893036684,-46.1112599377445,-41.6131809835226,248.118626469061,254.498584627847,265.298654537439,249.876020722944,214.248557083543,-43.2696840225947,-48.8522083205168,214.195281294608,264.0133265659,269.340754499464,266.131130160075,232.008973848474,-47.088934786848,-43.9062201440701,219.551522589392,260.950908821338,261.611325508972,261.944932124037,197.903658993619,-12.6514868241012,-46.2605724238555,163.214946300896,214.190803349783,168.913322692066,3.32305002426074,-46.1987550116945,4.20207118125501,8.89424680656293,140.113670199308,223.046780017145,240.764381145911,268.626632876609,240.889921125112,-21.6673086779624,-49.965106353958,267.919702500092,223.784125715099,134.208082708629,134.219647789611,255.975079572054,-21.0659827039752,-43.0254440062089,262.6162578916,253.047601242364,221.507513504055,264.22237518636,197.248667769248,-5.22184358938625,-45.1891802334563,249.027368317797,261.937477516034,265.45407516419,237.761153992486,240.448355042042,11.3591790387006,-28.1013419845744,267.899151625611,108.085381854259,34.7405508906849,60.5518544465168,260.691778340785,12.5036995827053,-47.5462619121047,261.724393389073,1.46089431505845,38.9171394627837,24.6870160282314,215.607823463845,45.2576870176663,-32.3537882602014,206.537002984439,198.913954419741,198.606613196342,160.788433840723,79.7614439082501,-10.6618262310668,40.6976151536856,55.9333926328811,72.4016302891059,74.3909664695097,71.1277694459035,66.8508751864062,72.7940022715713,72.7612531249617
2577.54316241772,2567.35683644601,2564.9200122938,2124.31895396236,173.004869852124,133.403910873207,762.571260132858,1201.20118319183,1085.96565246208,315.70749723885,-21.9338795767291,98.9141102274191,70.5898523914738,121.647002279633,131.536237828974,107.291015494775,99.4744159097048,115.471388552943,-10.325391796791,-39.5870480264188,-44.03864729295,-21.0163712039771,49.9412347382311,49.8670840486615,11.9524879275194,38.4943939846756,22.6314038555678,50.5389007331872,99.5308036039323,102.322110621755,102.063142105027,84.8278924627341,-43.5470009547435,-42.4515671042062,259.478994582084,30.7637053908089,712.287132177108,539.281121798784,40.3291585548445,126.034350261537,75.583891265699,2.25603908292629,125.01781585722,37.2184471681031,229.622959774811,223.433091310269,26.7097349781044,-40.9461084320795,259.856681016676,234.696870648113,110.957710575543,-21.7485784183319,86.0670649683631,84.8236280453903,43.0318564597138,62.5157219542613,-11.8878717976714,110.410155724614,-11.5115770379747,265.564561094433,2.88132233590591,-44.8237632470627,250.444739265274,256.826422784011,157.093515153072,62.771639424341,262.295487947782,49.870599191797,-39.276376223661,262.39741791978,262.475678260335,260.284692117218,218.286743483768,251.293080322387,-42.7163177945514,-38.6132525588082,244.727156478811,252.591000230795,262.18724027718,248.313463967417,210.803512917929,-39.7147631054982,-45.1766406442914,210.751244243891,260.964941963088,266.413785740905,262.777284950181,228.563688263899,-43.3537505703024,-40.707593601801,216.049832797719,257.714569144105,258.352224576808,258.667984541617,194.462403813023,-10.8948108779687,-42.8561334388612,159.60154066348,210.736152888828,165.359051391683,4.09440549383669,-42.8009093701646,3.66778058411728,8.01143734658109,136.093295742045,219.571869232368,237.28943235331,265.962515594602,237.40697030232,-19.3562479885584,-46.0821039778727,265.01134187395,223.360300711805,136.093942303673,136.105662881336,252.582167374829,-18.7921320864982,-39.4596909616547,259.320897347698,251.511519640173,221.108660657208,261.901473846059,193.80045944238,-3.92308689491477,-41.520189620244,245.61103018105,258.672201578865,262.624193590258,236.776104798398,237.017899794958,11.6324198261332,-25.3988043929768,265.515196527764,110.324514859034,37.1061134189678,62.8380905964041,258.211645734664,12.7502564765097,-44.0023933293562,259.457041943149,2.97439123193379,41.0583394051811,18.8411517699734,215.140834623531,43.4468368878338,-29.4023861853213,203.117092994433,195.510141046509,195.187788043055,157.103103937329,75.9283508829648,-10.0717374175968,37.4886213035352,51.6186868931258,66.896684206044,68.7426505184097,65.7147148586068,61.7467365190863,67.2607949485974,67.2304109210536
2577.060092427,2567.05982223847,2564.49827095227,2102.058595325,169.568960846843,129.347477691812,730.894267945047,1167.19909759464,1052.21572233841,294.198322588416,-21.6881042176293,94.038796377495,67.0605802138138,117.195981928576,127.384705632421,102.420862551726,94.6189957639696,110.821113895504,-8.61268999004199,-36.0443889998699,-40.3795001096021,-19.5242257179706,45.7382135344268,45.6698978741264,10.7471838649835,35.1902180789147,20.5825183235935,48.2525045200618,94.6747004799377,97.4290621085783,97.1603847126586,80.4526825617994,-39.7793214085101,-38.7551524913628,256.681074625759,24.7369171970525,681.519983781108,511.912414877596,32.9181669891987,121.768096886172,71.7334951777484,3.8062123706556,112.186397452322,29.863863373729,211.478417248094,222.899608920735,25.9667493230216,-37.313657302296,257.286779675216,233.603442657871,113.010910038856,-22.716677583915,88.5285832148336,80.4461482071756,41.2189085010847,64.7575522324158,-10.9101975552684,112.405690241157,-10.5568468117487,262.860510072172,3.72065273172666,-41.1127505968797,247.187626157186,254.82159382008,158.213831271953,64.979989825389,259.443186801969,47.6096345604934,-35.7539148483991,259.533583170749,259.604271797256,257.22751348014,217.761817438099,247.995974912958,-39.3157680873447,-35.6084746610667,241.356313433566,250.603827038135,259.048482058596,246.667798705998,207.415627517165,-36.1566987766079,-41.4952530379299,207.364349599517,257.897518347201,263.444101846469,259.409480582043,225.160317417628,-39.6131601904328,-37.5037147693039,212.600845440113,254.473724842926,255.088889812877,255.387278670004,191.086199351643,-9.14539925473639,-39.4460399603515,156.056033195011,207.339286349182,161.874125186288,4.85393551924881,-39.3974122505821,3.12757499376056,7.12153492563772,132.126367859964,216.148739019418,233.848209326383,263.251540216886,233.957995042579,-17.0498590081145,-42.1937906527181,262.070566532599,222.834103852035,137.872726792592,137.884591711411,249.199666629965,-16.5231258839727,-35.8915689442371,256.021789180544,249.889844149926,220.608313883338,259.520152566204,190.418348314726,-2.63381177619846,-37.8479359972371,242.215383285611,255.402558780088,259.761110839992,235.697129742557,233.619230201904,11.8916800297125,-22.6989422327101,263.069965512357,112.464675004664,39.420398164689,65.0565002883611,255.684577411116,12.9837313565403,-40.452811856792,257.129621730953,4.47863321004297,43.1499260500354,13.1246270944789,214.577860478441,41.6155341053182,-26.45218690135,199.757256568632,192.168150736387,191.831807461484,153.48136207114,72.0745234863656,-9.48394234347558,34.2643796181606,47.2847907538988,61.3682686998521,63.070346930814,60.2785224138901,56.6205718599462,61.7040159420458,61.6760055500723
2576.13021659753,2566.6216886703,2563.94444895042,2076.51040369593,165.694979689167,124.75750543969,695.286039244128,1128.85437607008,1014.19213880883,270.035689881547,-21.5551907423026,88.5268477931289,63.0650955944199,112.158614276143,122.687143229493,96.9128892058321,89.1295121493351,105.558748188935,-6.72908599605239,-32.1070851646176,-36.3056909839243,-17.8536106056505,41.0723786976085,41.0105571732188,9.41754770413547,31.5247897765514,18.3140577697525,45.6524789868125,89.1844035789521,91.8965767054783,91.6168414599884,75.5060219267579,-35.5886889640336,-34.644414336349,253.530344810457,17.8690723351577,646.940038642886,481.166251511221,24.5081699814492,116.939358530182,67.3772359151997,5.39729672369788,97.725626988521,21.5175807943774,191.081333494324,222.238071619381,25.09810255499,-33.275704806152,254.386196517971,232.32477888664,115.188942204324,-23.9383135681479,91.1555689873358,75.4969417039541,39.1502783466591,67.1335555411802,-9.95970884243695,114.519269388918,-9.63204844956272,259.812559888989,4.62554216657963,-36.9808238008194,243.532778048247,252.541612376148,159.368388084995,67.3186692060962,256.232715722602,45.0383318765486,-31.8392546469153,256.310473215469,256.372792375507,253.792256485046,217.10842513816,244.297133764704,-35.5255797493097,-32.2570500479024,237.576142620619,248.334937184152,255.517871403388,244.781447268272,203.611071797502,-32.2023004926062,-37.3946931184292,203.560866703146,254.450991202629,260.09764630369,255.627187494549,221.342671791233,-35.4517375321209,-33.9314942391802,208.728667289187,250.83680986318,251.427233080637,251.706523145446,187.288705876017,-7.22061231355769,-35.6451774382785,152.052794490829,203.524879403402,157.941757885523,5.66932813218824,-35.6038345771876,2.5379400912982,6.14283877361424,127.63813002765,212.307637436532,229.990017120494,260.196002126175,230.091284564098,-14.5007952149496,-37.8664671875309,258.762824130274,222.18059558694,139.753371135091,139.765399595516,245.406943330217,-14.0159552460034,-31.9267419573146,252.320781854537,248.031194849246,219.982958720817,256.826413850407,186.61427359001,-1.2246875310413,-33.7654345675255,238.407947085006,251.733955319923,256.538818228226,234.435127608016,229.807785337995,12.1464073754312,-19.7087993248584,260.306141859132,114.739721324973,41.8716548631692,67.4064050310217,252.831003874069,13.2094878774323,-36.4979939913739,254.495129307463,6.01842000857368,45.3529383565577,6.60544264246039,213.881311087017,39.5261851892471,-23.1811660089837,195.98091363093,188.408303751102,188.056515924365,149.390625805701,67.7143334688343,-8.81903891699341,30.6879017844092,42.4732811747202,55.2271984073319,56.7691160122792,54.2401036273914,50.9272324254845,55.5313742448116,55.5060058595715
2571.97813316575,2566.03456276862,2563.35459584886,2023.41464264303,159.471759351542,117.266301900949,630.580271255545,1056.61195057726,943.214584220543,228.53344756626,-18.7610118621201,78.6304013503205,55.7056424998497,103.689566855395,114.952820403137,87.2229029563479,79.2849620074839,96.5662064061924,-2.94829332226675,-24.3605316159569,-28.3223575332809,-14.6784613916806,31.6454794102568,31.5965712283646,6.62455331418386,24.0871605246051,13.6542946154647,40.8712424883912,79.3407878982262,82.0333680018122,81.7319172315206,66.4385146400957,-27.3569373531465,-26.567124342623,246.962154517892,8.44985645281537,584.397791448576,426.552333160051,12.3806964369467,108.946642464722,59.3541525649842,10.2326857428137,74.5139785823758,9.52416735287346,156.782498137658,220.007664405482,23.579344072724,-25.3356392460693,248.155031962018,228.933474909798,119.303895037147,-23.3753309657485,96.3933260454353,66.4239177011472,35.3583012011272,72.3238088613921,-5.96699536383005,118.53593981957,-5.68543361970791,253.254492996405,6.51204241682575,-28.8850441337234,236.466901167977,247.252485820144,161.097756828506,72.4434881612012,249.521652273015,40.3007125320155,-24.1366242393106,249.580302385122,249.627657180467,246.814066470521,214.96926299702,237.149621275797,-28.1244685782164,-25.7336667113184,230.454866738674,243.094988292553,248.286769336349,240.218745923747,197.087011831915,-24.4155926407342,-29.3685577368434,197.039136930462,247.442339700273,253.047819179391,248.049671036672,214.493838234305,-27.2670622412021,-26.9667244855757,201.998386374836,243.634743115753,244.175779254568,244.420930813529,180.994177530404,-3.36210261223397,-28.2231707481816,145.680211769157,196.988734805422,151.673397884006,7.38607015415681,-28.1965156252411,1.21654822143404,4.04771687830714,120.363138135143,205.586881074082,222.910854458033,253.619639069904,222.997426592084,-9.43714403322952,-29.3759213974425,251.855441422214,219.964053641235,142.994895571081,143.007017106497,238.097272547825,-9.03321501222001,-24.1251771876777,244.991646531188,243.466476942333,217.84690177204,250.837809656826,180.322977999563,1.63637560295274,-25.7391255889395,231.228389923698,244.465486265906,249.80488165482,231.039838080402,222.800685541882,12.7833054721098,-13.7914178523293,254.147272158021,119.023099396836,47.5784332572596,72.5488644999971,246.699050510517,13.8049254608283,-28.7646569622489,248.641793918474,10.7602125994331,50.5946544912215,-2.11797023183334,211.718982777988,35.7011909876888,-16.7190621723612,189.604694179825,182.145173808976,181.7766849615,142.825180319438,59.6914155397176,-7.64463556437283,23.4271505998994,32.7567035978996,42.8667619571746,44.0901883507737,42.0837953663077,39.4571266503395,43.1081552891967,43.0880405996731
2569.46474449463,2565.56918278134,2562.90207215723,1994.92445183775,156.092893338709,113.195988022478,596.103983223538,1018.12865636026,905.408265055285,206.307617493061,-17.5563515092154,73.3250525184619,51.7667091413268,99.106166222881,110.755532214011,82.0133472732943,74.0066139068376,91.710656262615,-0.99972327479594,-20.3185813490176,-24.1479183349637,-13.0031436396429,26.7451961997403,26.703028459327,5.18685398072762,20.22526092381,11.2422387128151,38.300008070408,74.062747715523,76.7407621952922,76.427740570574,61.5892976028632,-23.0578188201108,-22.3494412900039,243.501229641528,3.17049762669649,551.06413218572,397.405468423956,5.66745061042781,104.611360938933,55.0628033455521,12.550345295007,61.9433400806211,2.88168489195596,138.358031786236,218.815109599404,22.7336493449949,-21.1916285199806,244.87473896795,227.136625217332,121.358624417086,-23.361989546898,99.0190827393439,61.5718261800589,33.3112482608257,74.8975298194303,-4.11311570744442,120.537642297577,-3.85604750923238,249.806716649258,7.4624509765402,-24.6513549197515,232.727612957568,244.47111237915,161.935808091333,74.9825332913704,245.987917483112,37.7533377294125,-20.1178239315379,246.036465803692,246.075975580209,243.134930497531,213.819611497159,233.367855823571,-24.2486134849785,-22.3138675198025,226.678331458121,240.330038898444,244.474442582443,237.814221336592,193.586288679362,-20.3530308646809,-25.1691732059322,193.539594948661,243.74779076213,249.335376070382,244.051655951701,210.841638418334,-22.9920580621063,-23.3175015092035,198.393778802084,239.832494125555,240.347991887088,240.575329440801,177.597666239755,-1.37243108177177,-24.3363384852531,142.211820587723,193.481462825218,148.264193161429,8.24677719379457,-24.3172797813033,0.54673081525209,2.9741884404184,116.406826722363,201.991803607777,219.147008696926,250.162558529888,219.225892319696,-6.81216020727061,-24.9385410100874,248.220324928195,218.778770988857,144.613818252705,144.626001966961,234.230627820824,-6.45087582646346,-20.0554065626055,241.123657123677,241.064501500979,216.701967810617,247.689701035256,176.92735738088,3.10040205924105,-21.5497295002856,227.421904836798,240.629028675133,246.259319457041,229.243176896389,219.074956043447,13.0746839173068,-10.7164197227463,250.912586992877,121.167245209507,50.3999842559924,75.0973764243553,243.469744111111,14.0735537105064,-24.7169401188496,245.562872706179,13.028365705769,53.1713391349286,-7.03005596970343,210.553538217945,33.6362074013206,-13.3567143406858,186.174091802214,178.766789167888,178.389008913833,139.254716668763,55.3996335431352,-7.01273668018018,19.6575622787915,27.7051970860147,36.4351025831508,37.4922630839231,35.7586982218872,33.4902452969621,36.6437205431226,36.6263484324589
2561.39769813907,2564.59091437536,2562.25014388721,1940.61252224268,151.71287281701,107.745937161585,541.772516489902,954.059487171809,843.327136075275,174.263744081742,-12.8472701805312,65.0627084312993,45.3948054301522,92.6482225825749,105.048114666754,74.1364569415447,65.80003156219,84.6871627210251,2.40315699398622,-13.3495269017901,-16.9713224348362,-10.2145460362751,18.0277067033757,17.9973358387847,2.52912717431644,13.325188031321,6.87939962454391,34.1246868450564,65.8594628919348,68.5817081736628,68.2483786378623,53.8114736060216,-15.6535020710453,-15.0838746690839,236.987908602445,-1.60712939378533,498.906979179536,353.05515856407,-1.22411053324799,98.6604862653399,48.1280260035256,18.2524393795872,45.806184944366,-3.87528276855988,112.709233468668,215.542957488366,21.4024130229893,-14.0499693761899,238.492029432094,222.888809603511,124.510038728889,-20.2271233765231,103.423714579575,53.7884330117689,29.9863281494968,79.7106001474821,1.25708128006175,123.6293299969,1.47648161827522,243.095001753166,9.16314860652972,-17.3737714459804,226.3050379072,238.621703965912,162.580592888647,79.7445659399131,239.320930673905,33.6054608380801,-13.1883814607351,239.35884373786,239.38658426207,236.420450858723,210.705345753705,226.878160271763,-17.6060373672525,-16.471552061645,220.410563474861,234.525763770917,237.447896873915,232.552955834382,188.521165692956,-13.3410533917118,-17.9563494463759,188.476719897551,236.997404794964,242.268965374971,236.877571202146,205.18064627731,-15.6155189705211,-17.0728056545168,193.066192935417,233.105759588251,233.576699491792,233.777479621933,172.949309238358,2.09833648350633,-17.6748133495569,137.786136985168,188.413527146632,143.90560772194,9.79836041463602,-17.6691522012332,-0.767467252740062,0.953651219014318,111.174818842632,196.625552988208,213.124077707347,243.431080913182,213.192173512548,-2.26135411055321,-17.3017333724298,241.374082074195,215.516875827732,146.694941255628,146.706976313056,227.621480101967,-1.97259476949733,-13.0391865385916,234.283211401458,235.744794182568,213.537567980267,241.344077176579,172.298933151997,5.67542711373721,-14.3307746772169,221.097560681857,233.839036750803,239.572565720345,224.954670943584,213.094396765608,13.6614330078265,-5.39782337669692,244.381821819006,124.448336259864,56.0539967889848,79.8707766474333,237.181938051674,14.6379268616952,-17.7708125453713,239.357153205515,18.6527146558573,58.4270407357801,-11.1529203799591,207.481065837192,30.2885221281707,-7.54603180046428,181.330817978464,174.100611294614,173.722516134254,134.625394976032,48.4727878035828,-6.04945227737954,12.9190214226521,18.7229890964121,25.0370269628083,25.8031247989758,24.5471635489756,22.9057569285134,25.1882677236328,25.1756964058742
2556.36201795936,2563.9296754646,2561.80474681305,1909.20391666532,149.248672147337,104.667900110216,511.108578941496,917.689608153128,808.140146829042,156.277129706416,-10.2379458009027,60.3830068232884,41.7767083066547,88.9961344276266,101.823511829498,69.677197126565,61.1520591537189,80.7132509994568,4.29020239836564,-9.45019099297258,-12.9498406098725,-8.64532656201987,13.1479307980424,13.1241741192082,1.04674544841419,9.46442251412736,4.44106278413079,31.743155712615,61.2133725700489,63.9614030094868,63.6165013126703,49.402099924272,-11.507873448065,-11.0164579466749,233.277888991877,-4.28765290564161,469.485750146703,328.086477863872,-5.0812854036688,95.2968715975895,44.1929665980066,21.3950522987175,36.7685849108568,-7.65556766230327,98.3281060192826,213.608820728548,20.622434273513,-10.0533908410041,234.847304143233,220.41376576976,126.176508407093,-18.4893485228559,105.797778991661,49.3759066388477,28.0835866602239,82.3244118283384,4.2254381941072,125.26305150968,4.42369002082745,239.265853635732,10.0910521825691,-13.2953897560349,222.667755344341,235.260417650282,162.838931698001,82.3299490666153,235.524406199652,31.2392748304208,-9.3113792044204,235.556693375102,235.577930035678,232.605642162354,208.861390726643,223.203777337229,-13.8802878339632,-13.1928672039815,216.867468837526,231.183612312622,233.4521875452,229.515380652157,185.670106528562,-9.41748511385055,-13.912884091593,185.6269059972,233.162265460151,238.241413579604,232.806394067987,201.98851914314,-11.4841240592474,-13.5692738294631,190.065785854139,229.291970780179,229.738106390958,229.924280808752,170.334720530644,4.02361689868019,-13.9383989864143,135.294451330751,185.561245910989,141.452917954609,10.6422831835755,-13.9401975649828,-1.49681517389729,-0.171573379026484,108.221078414599,193.603461955774,209.725101215994,239.590813926819,209.78729845127,0.272522819677761,-13.0237444485393,237.477711463807,213.588363683617,147.757004350433,147.768950172973,223.881723054463,0.520420325972736,-9.11425922083367,230.406164109892,232.67322646715,211.664174575173,237.712280086036,169.696062757694,7.09596910652039,-10.2906971564662,217.522829620461,229.989894541669,235.765093642597,222.45595034227,209.718052979026,13.9618159736765,-2.43115841125564,240.645798267797,126.187035139343,59.1486224178934,82.4624077532374,233.590204482481,14.925986940864,-13.8759829846239,235.8039400493,21.7517550111052,61.298427948979,-13.4618673600268,205.662102038565,28.3730114675138,-4.3016879819312,178.604991831569,171.474262351436,171.096547180795,132.016880513373,44.5423153057882,-5.50279795241647,9.14880811081514,13.6947732868771,18.6541675291624,19.2570512347021,18.2689059160584,16.9791048541053,18.7732335897298,18.7633542435509
2539.15160180287,2561.80745404674,2560.54489789222,1819.20573782436,143.646005067622,97.4779926713417,431.976696203338,820.71284982718,715.064443667169,112.406223938583,-1.39079698025284,48.3531217636366,32.2690500675029,80.1586387637535,94.2079530613317,58.4057095406783,49.2149047013893,70.9330843509911,9.35277652087399,1.01310670170875,-2.16233124937798,-4.48902110582173,-0.142026671485098,-0.147884403093315,-3.04987951918849,-1.06782683146395,-2.24229212426815,25.4520045291443,49.2833220175528,52.1522009096898,51.7756015549886,37.8797013959319,-0.384312464872323,-0.102669017454957,222.803133944296,-8.38632993647718,393.886314895193,265.022628113035,-12.0685524643761,87.2991785607363,33.86306105946,30.9653911120493,16.477266473592,-14.4243764735754,64.0719667944891,207.348456277818,18.5541404344069,0.669687681497237,224.403312298446,212.758728680573,130.184668833092,-11.618772375862,111.910220743287,37.8445400514125,23.0445307038105,89.4596460584721,13.6860827137716,129.207384108345,13.830712991473,228.297338198417,12.5807006170231,-2.35529125416917,212.839251054081,225.31424481392,162.763395716392,89.3954197325435,224.796280473642,24.979463357192,1.0918856676484,224.818946751201,224.824145871882,221.989938414844,202.906871535377,213.280949412733,-3.8942561942668,-4.41509340478649,207.463241765338,221.289412987833,222.280083061287,220.383706922291,178.681232496911,1.1165388304932,-3.06799463274507,178.641502347051,222.48484139659,226.813549842682,221.568955543588,193.829524161246,-0.386380924529419,-4.18385012320715,182.611636950878,218.837424257604,219.216849666482,219.367286698908,164.156960053236,9.18712598386617,-3.92361610194263,129.692619696701,178.575841370497,135.933280886673,12.9095247134003,-3.94557680662018,-3.55635820241298,-3.30198176889752,101.384383702954,186.051365430646,200.881146130522,228.589665929966,200.929543858413,7.06620226047767,-1.54492862175869,226.479253018371,207.341239043757,149.903300808268,149.914811710765,213.805503015059,7.20463833729394,1.41561457773855,219.782267350612,223.402696064653,205.586130738855,227.151246688002,163.564025778553,10.9059591307635,0.548890295514184,208.030186797072,219.437469723413,225.008243227488,214.706158886698,200.916053206999,14.7756164044753,5.52405314213013,229.778052371273,130.370818602209,67.8911109835997,89.5408710698038,223.293265270624,15.7191654592101,-3.43253183887981,225.469202027333,31.2104828863403,69.4582328306476,-16.5377520940792,199.827320967645,23.305474903422,4.40066000067441,172.026804310058,165.226337524922,164.861966309134,126.076325149993,34.2312187365239,-4.11153711664497,-1.13844043436683,0.00304196734555262,1.29606091231244,1.45717037961236,1.19392002272087,0.855763274103936,1.32803788463866,1.32544455023498
2538.68375174642,2561.70004960826,2560.44630754889,1815.16796185649,143.191024086731,96.9307138602704,427.318558592764,815.458656742743,709.91727040998,109.434512218447,-1.22350108185253,47.6374571301835,31.7355980854639,79.5419069267703,93.6434273451718,57.7036423509569,48.5029033140068,70.2794314019733,9.60959372166906,1.55189755724126,-1.6047702989344,-4.2639463160844,-0.79544411208866,-0.800400850220228,-3.24048789567786,-1.58243590607555,-2.56312967454215,25.1018672056579,48.5713710661106,51.4385142635522,51.0603566657463,37.2244035184703,0.189243970949406,0.459934262526247,222.323958864857,-9.08080498593603,389.387057637927,261.102953472283,-12.9532050520157,86.7161080815143,33.2823796050358,31.27532384406,14.8079010387731,-15.2991967263445,61.6149150211124,207.167604461739,18.4355148646266,1.22219149182121,223.946953265168,212.497547705081,130.444293188648,-11.6082507977031,112.24845703138,37.188853616849,22.7646777589876,89.7944035437295,13.937200975918,129.460109375322,14.0785436887518,227.818267737195,12.703332280445,-1.78976593009111,212.326969973017,224.922158211524,162.85721365505,89.7255740887996,224.307151580368,24.6324902583809,1.62756148772371,224.328516436327,224.332680303037,221.482863614533,202.732372946903,212.763032198863,-3.37591132833182,-3.95738681871063,206.947523366139,220.898957275219,221.754282228739,220.041499338578,178.20724733136,1.65812621431797,-2.5067942874648,178.167675603324,221.975634464288,226.299313248573,221.019494825592,193.333114580571,0.184222221383834,-3.69562797766287,182.12318216418,218.315338279309,218.691344344916,218.839429989908,163.69833275623,9.44945941870122,-3.40379702272827,129.226182284188,178.101043252899,135.474625977627,13.0201166130281,-3.42676303765313,-3.64437840299121,-3.44393322918046,100.852525002644,185.563897605762,200.368673659794,228.109321380389,200.416062145847,7.4139370852634,-0.952528949036378,225.976527927921,207.161341207049,150.102362869154,150.113880253072,213.27643496304,7.5466417783137,1.95795036123144,219.251387911053,223.060395713476,205.411841897024,226.711139745928,163.105644865812,11.0976286258754,1.10748420898796,207.510430474965,218.910776990505,224.517535858052,214.444712545306,200.408504110519,14.8097137045631,5.93231745555573,229.326087544609,130.642309776143,68.2621917924281,89.8722606502203,222.843782591884,15.7502616758016,-2.89142849536893,225.038507844698,31.5137819877842,69.7964640722872,-17.1818978836786,199.651199276862,23.0232369337544,4.84764011847278,171.5627847066,164.769781648372,164.404279397932,125.59597172266,33.6505075913834,-4.02575472131088,-1.64071350862099,-0.670593977097667,0.437909319346716,0.576788599123859,0.350015717742906,0.0597504450371957,0.465504067786981,0.463277402681626
2522.3570880454,2558.73116322828,2558.34760328978,1750.66130542877,140.254729054752,93.0714661036688,379.338034935898,753.479679554677,651.185035665337,85.095136610092,5.49081442198798,40.4078804756235,25.8466444289847,74.5893169993063,89.4974246555994,51.0586803718103,41.3359761601891,64.6890099015974,12.6252435713668,7.93811098258993,5.00516618148163,-1.71660433345164,-9.03453135356534,-9.02840585049438,-5.78865964264759,-8.11379561651853,-6.71241766464976,21.1382532269442,41.4102730112235,44.3877286393666,43.9895439250599,30.1602490411011,6.99028220057022,7.13054416097856,215.137150443954,-9.45075990828724,343.849736477782,224.121299474805,-14.9004349694065,82.3293057557145,26.9028284817504,37.8543564532042,4.99640995996157,-17.0955474602492,43.3129825435695,202.129194990331,17.0404790731184,7.76895744255495,216.660399508384,206.644981828766,132.255738550127,-5.82953086433741,115.535843060574,30.1187878677275,19.5553388487278,94.0271039584364,20.7439869279675,131.251535173247,20.8539160697234,220.182730847542,14.120740340115,4.91491008863585,205.908353614912,217.726352570432,161.890929834322,93.9201005083022,216.946043187284,20.6815707183776,7.97633805536969,216.965933686451,216.961403573914,214.323906097786,197.936199969862,206.290441905402,2.75473794283027,1.43436203740492,200.930826248832,213.723693109621,214.188941625882,213.303587180491,174.134566553841,8.09225538477045,4.1451016766261,174.097230758548,214.772594485317,218.431043560873,213.524132918596,188.331878165637,6.98367423353977,2.06797804577889,177.710689328692,211.385717664683,211.720385894005,211.849241745449,160.268621372583,12.5266207127504,2.74475987832938,126.351565223125,174.036055539228,132.632091017502,14.3015419441077,2.70958295170556,-4.93314043798267,-5.39461491712444,97.2254488823633,181.05948907358,194.839268218712,220.45124571074,194.879815442309,11.5021758698128,6.07581810912643,218.446275368528,202.129532502524,150.564961569203,150.576047637155,206.72725120058,11.5670117067904,8.37933412883905,212.217496788812,216.19738927025,200.502276611694,219.227213834854,159.715807561838,13.3342793789406,7.72623370269872,201.436285991258,211.91820538641,217.139162225827,208.507719641768,194.889541050072,15.1920732261864,10.7432484882143,221.629910274737,132.548653118399,73.7548986701708,94.0717486774238,215.652290057212,16.1283369449536,3.51689750983996,217.707310857234,38.0269900210199,74.9377458084346,-16.8768753767377,194.972691586439,19.8001979359502,10.1262161941129,167.803489943962,161.265117518852,160.91795448109,122.492629585857,27.2870821798029,-3.18440197508511,-8.02049189092372,-9.15860491689972,-10.321280068989,-10.4561275831281,-10.2337633823308,-9.93449049377961,-10.3476490614268,-10.3453620382864
2504.51183200146,2555.62436253071,2556.23897430554,1685.43901353718,137.846435631355,89.7948241671359,334.667191742163,694.070458850088,595.269106170524,63.6961827089391,12.565644331266,33.6832614386153,20.2658539450673,70.2205975329258,85.9326771639634,44.9613715352067,34.6744558357078,59.6771814824749,15.4478638851244,13.9790587775059,11.2671560698898,0.688151595269062,-16.9080543277128,-16.8913622777339,-8.23656640839761,-14.3589458065076,-10.6867428182384,17.3506272999327,34.7551521866131,37.8592745455126,37.4415885439296,23.5036233110824,13.4282302102521,13.444152686064,208.004476022275,-8.56043848649369,301.620067767844,190.385742441014,-15.3869750982421,78.5293044995503,20.8659471067738,44.4791136712986,-2.71896237791452,-17.4314238637974,27.6610030122906,196.756714659132,15.6699383303928,13.9624591786971,209.363614181813,200.530904458133,133.634986918991,0.519315778419241,118.407798700616,23.4563088685672,16.4731235044031,97.9665886210608,27.7476503546728,132.622597281944,27.8289225681115,212.542455008627,15.4202115163829,11.2671629487422,199.717760075806,210.387871895924,160.503858517534,97.8262306956595,209.638694723555,16.9019979874419,13.9815362826615,209.659858456465,209.647785223978,207.285393604288,192.822167738349,200.051438118573,8.56582939205452,6.54447692921315,195.201486084138,206.395986013915,206.727647503009,206.369794483181,170.501733275521,14.1811985996254,10.4492197715291,170.466552127406,207.689030308544,210.599608889969,206.194557110263,183.704447193799,13.4274352869872,7.53095576866224,173.726169250245,204.639964272763,204.935555973183,205.047939531763,157.321869434366,15.4071861161347,8.57295304126785,124.030045928439,170.413749029553,130.333530071526,15.4726323321094,8.52623635631392,-6.18099183429808,-7.2731367439564,94.1796639777618,176.971419447811,189.652320802678,212.788365164269,189.687399810189,15.3453951162555,12.7328779301981,210.978187929185,196.762388664811,150.559308143494,150.569896534702,200.426631872478,15.3456188761505,14.451226091403,205.373559595624,209.123640812473,195.260515608608,211.670693424965,156.813449668715,15.413991223312,13.9881678043978,195.651081241911,205.111600239494,209.81585566096,202.299512807226,189.703358116801,15.5083905225324,15.2757092238761,213.860181462965,134.010014549643,79.033591800174,97.9808771104347,208.447494072641,16.4458599777003,9.59069952241219,210.302326149283,44.5913459920397,79.8891964634805,-15.3272428590076,189.994085365817,16.7072897402441,15.1059607030409,164.499694461128,158.229121549172,157.905134057069,119.940387403473,21.2682915608791,-2.40384437937206,-14.1211597197972,-17.2695344305187,-20.5981567969244,-20.9940747031318,-20.3433458316786,-19.4818373865753,-20.6759954701821,-20.669403777797
2503.64649854527,2555.4130963545,2556.05225945521,1679.41172186956,137.21902882955,89.0391605432662,328.107565984136,686.564083286781,587.943341117566,59.585337930517,12.8410081887205,32.6780246087815,19.5110046697201,69.3645557495471,85.1519185650105,43.9789678599057,33.6745571798133,58.7672963275219,15.805630228275,14.7361610914416,12.0517549111377,1.00534788130614,-17.8299099051458,-17.8119464376552,-8.50538554554385,-15.0849141681577,-11.1393136853426,16.8526133787249,33.7553700838662,36.8581601820028,36.4382616158881,22.5789541456881,14.2346878642694,14.2351178404451,207.30240375983,-9.47249522472265,295.29413939177,184.907436153231,-16.5607908649417,77.7222473403762,20.0449728612967,44.936692912317,-4.98998148920089,-18.5907860213803,24.2811213011704,196.460880397459,15.4974806016838,14.7389238626237,208.689866876613,200.123231469843,133.977664590635,0.58265626369905,118.867288780464,22.531079580676,16.0737224964441,98.4314831346038,28.1319303560856,132.956171235734,28.2086107610209,211.835821678862,15.5882472618511,12.0630213838421,198.981007134948,209.797758460922,160.604061546783,98.2847855933891,208.921984866358,16.4082415260036,14.7342288388885,208.941457141876,208.927962798759,206.547690596307,192.537060554783,199.306869053828,9.29580950754121,7.18926412369342,194.464446076725,205.807709448808,205.961436327469,205.848612623449,169.838347311481,14.9423829118005,11.2392391689491,169.803392735868,206.948121733371,209.84493698714,205.398531831773,183.002697749302,14.2302375053904,8.21862637882327,173.040652278036,203.885312118816,204.17607245161,204.285229735129,156.684792954873,15.7727134441145,9.3050186771149,123.388487904802,169.749397002765,129.702334141878,15.6237160354497,9.25689464190248,-6.30511904255366,-7.47332410615064,93.4461989015102,176.286269768939,188.924471375562,212.07985432715,188.958180850399,15.8316265987372,13.5662549160585,210.242211869688,196.467848884361,150.809952528399,150.820544706538,199.666915905001,15.8237507670036,15.2130959201052,204.606505045778,208.601034162311,194.9744816922,211.015793970503,156.177100780016,15.679611783667,14.7732284657453,194.908248855898,204.350363152918,209.096932409796,201.890612226027,188.9819523382,15.55144226954,15.8475713285694,213.187789751347,134.369008089157,79.5585926409232,98.441075219444,207.783595121734,16.4849401143596,10.3525631673451,209.661141112478,45.0396533613375,80.3680660451384,-16.1666490742767,189.708126470286,16.3046442466911,15.7326977919448,163.852321403888,157.593935962536,157.268682027704,119.278567099363,20.4474167451538,-2.28297020123762,-14.8297248033822,-18.2199272575892,-21.8089684646619,-22.2362637733104,-21.5340483017646,-20.6049463235354,-21.8929926496289,-21.8858834421223
2487.12311178178,2551.85504435498,2553.41021263785,1626.93308316311,135.622067976163,86.8627095841787,296.005809411749,642.166327723465,546.53432264691,45.3100588309637,18.3909187472601,27.8996050106642,15.462551122256,66.3829642221594,82.760844943869,39.6929564676184,28.9431084903738,55.3068595022384,17.7160357849064,18.9658646283806,16.4607306107943,2.71750544785726,-23.3906300573813,-23.3651772310542,-10.2214477752465,-19.4912651115717,-13.9369154054935,14.0586684109277,29.0290614153516,32.2360792762499,31.8021973424021,17.7907764214397,18.7531658915819,18.664374848391,201.756673441154,-7.9449225674777,265.098194667118,161.291189185749,-15.9221594585798,75.1637474193877,15.6781543803326,49.8880994809247,-9.39402708181098,-17.834670479166,14.2115921979935,191.962603297064,14.4119261901573,19.0775826239526,202.972188590835,195.117520722169,134.545370311076,5.74577787043023,120.586939795909,17.7385850818379,13.7753262545251,101.062945361242,33.494997428495,133.527153663488,33.5517029542955,205.86072152054,16.4071770813178,16.5366550004253,194.277870320149,203.950052581668,159.073553480132,100.894624991273,203.242996934763,13.6174155660982,18.9382264866317,203.26541165571,203.247124893254,201.121957422149,188.248980935484,194.57111017784,13.4007609818358,10.8051261355741,190.155071794968,199.959063989149,200.204248821501,200.269367815542,167.23454705599,19.2080721306347,15.6845086923679,167.201173600126,201.487402107748,203.754344254449,199.785162333352,179.593611783992,18.7614450842221,12.080930885979,170.161771669847,198.72844784811,198.991216208142,199.089914549145,154.63715184821,17.7241393227088,13.4222210318685,121.884464396769,167.15567701201,128.20463513997,16.3516089944367,13.3661540502095,-7.17204645223353,-8.78639513585347,91.4391030232786,173.318622274224,185.067461523973,206.087445969286,185.098045015811,18.472320272523,18.247546833281,204.447234595681,191.972624561517,150.293740643518,150.303899355533,194.895515608693,18.4182048775668,19.4601925489864,199.379629366868,202.903068494655,190.577391390672,205.05470041598,154.166535471389,17.0572325623061,19.1606406431157,190.557664232538,199.148851019825,203.406717779114,196.805284590556,185.118339475957,15.6686116425624,18.9830245398302,207.063416286468,134.989361879425,83.2755065017286,101.051607117815,202.133771255803,16.6062212844906,14.6388003546156,203.814485654291,49.9489607616825,83.8536261273122,-14.1392717392602,185.537673295347,14.000160555601,19.1910574821512,161.511282931044,155.467963352659,155.163938729008,117.602397161306,16.0952574596063,-1.71730357129758,-19.1337558583854,-23.9490398377548,-29.0741079027064,-29.6865950947387,-28.6805266244909,-27.3526803629142,-29.1946443965309,-29.1844822269064
2421.81927216741,2536.07152866895,2541.24549198234,1442.63288090853,131.61024386767,81.2126656103388,197.548417645133,498.663851664284,414.239308625707,6.59678927903582,38.1928730355875,13.4325512533259,2.81111267288719,58.0944240380541,76.3986342539085,26.9863181126375,14.6320933220407,45.4262936272822,23.329926980966,31.848352808184,29.9627503730451,7.98714276995202,-40.5923109997919,-40.5436768498506,-15.5260513806128,-33.1191984475885,-22.5879368174876,5.16648081346614,14.7369283854127,18.3392464782304,17.861410260501,2.99082133733884,32.5482317929828,32.1810568960151,182.834589364118,1.29761815434824,173.167369487546,91.694552093697,-8.99569096875854,68.2784842807518,2.07637753836138,66.5748872121237,-17.4111334360888,-10.5062812725618,-11.1699719322685,175.332215981548,10.7296973907888,32.2978893650983,183.264827945553,177.012128277527,134.743926544577,24.9590255633091,124.744111436189,2.9245137481243,6.37872761316527,108.727975293488,52.0984206118806,133.777699174176,52.0964311935311,185.299804573724,18.619685974836,30.240070657811,178.753705949483,183.3797838603,152.205058172811,108.503011796262,183.868779757036,4.72125773271682,31.7402708368266,183.909734028876,183.879199340716,182.815320414028,172.386593859451,178.954651009788,26.0080779794397,21.9228870403628,176.150191090115,179.359954574679,180.736735819953,180.438404160479,159.488099159814,32.2108239736088,29.3170926186168,159.459841460536,183.059368017888,182.941574227723,180.996190762186,168.907570410491,32.6291443788317,23.9499714457824,161.450146432352,181.531634291493,181.707133675756,181.779351807817,148.923184763234,23.4634006894095,26.0677862104076,118.299829112535,159.452286949407,124.595534386962,18.2849794049423,25.9878614707105,-9.85314798763994,-12.84556249985,86.3398802794549,164.263077702164,172.767043582933,185.467605309117,172.791480034411,26.3564659769912,32.5675728834919,184.707805970528,175.34832652554,146.697435426586,146.705896430061,179.206746826798,26.1585250882508,32.3812788165042,181.965971520834,182.61849180997,174.296340582057,184.326233170937,148.592431156151,21.0088418573116,32.5319175190452,176.418744208832,181.808007972173,183.998544193994,178.396706376096,172.764651124821,15.7068802143699,28.4119004791033,185.778602863901,135.32251939584,94.8890530947313,108.655531404685,182.646512384558,16.6742762331494,27.7923099395833,183.469320802236,66.51129383335,94.7655171139734,-3.24186153017962,170.134955152086,6.59268800753648,29.6347103364162,154.709305608991,149.443677924955,149.227047833204,113.446198146752,2.5480399676045,0.0191261785661254,-32.445272371077,-41.6723494781844,-51.5546288618293,-52.7408354001064,-50.793472963785,-48.2306016454472,-51.7882861919967,-51.7686680052669
2375.76006704108,2524.08306310384,2531.77717033851,1319.25411565583,129.104485553591,77.7475070029638,135.028709658479,405.681874643361,328.899878789768,-16.8651010699987,51.0931520535074,4.33591451156548,-5.22792990448721,52.9619310607811,72.4805632685096,19.0304787404621,5.63456269037715,39.2828117639689,26.6933883957875,39.7934811119671,38.3276895540934,11.2887931931268,-51.2445815874095,-51.1815343286978,-18.7825756062888,-41.5491666410755,-27.9245989080516,-0.542606168991426,5.75174843888988,9.61370728732015,9.10850598142247,-6.36700781564639,41.0725574367183,40.5304441452736,170.370969587217,7.95730462914355,114.949478750973,48.1500663530658,-3.69272505601953,64.037400910684,-6.55082944775017,77.2231642946088,-21.401306917786,-4.93855744816091,-26.1093939144601,164.103087273309,8.26707620375498,40.4547048064225,170.253464633434,164.878248802844,134.353281270142,37.6269934489131,126.933221549044,-6.44226730709221,1.59863212225065,113.279933223031,64.1011593913217,133.429367421369,64.0625846529816,171.738946981347,19.8479129032996,38.7314105323671,168.594230870996,169.72659701556,147.242351490005,113.021637375339,171.112034051027,-0.992700770391082,39.6347890200635,171.166610423616,171.12901735607,170.790426239931,161.667439775773,168.739036660169,33.8402249190588,28.8403656674184,167.009810271429,165.679591751768,167.954072403493,167.230697710292,154.49201468549,40.2329350214065,37.7731014251462,154.467023189332,170.955276395423,169.242775064284,168.688109427473,161.967015135184,41.2096559634516,31.3291525886102,155.823732492618,170.263650594705,170.384159183781,170.441005066962,145.274119407509,26.9050631308473,33.9239198992603,116.100273406916,154.485808743358,122.36714123573,19.3389728669771,33.8295132303971,-11.4805923982166,-15.3285701822153,83.2218841146093,158.40434052436,164.763050770067,171.868454816736,164.784392705493,31.1441110702708,41.4298807421584,171.719968002868,164.122236284987,143.821145667436,143.828456571023,168.953904541456,30.855950818068,40.3439425473465,170.561676703284,169.105729510151,163.29514148062,170.615362844943,145.036684551426,23.328346598348,40.7831146074016,167.192752933724,170.448230203887,171.220541919114,166.059100232486,164.720091089117,15.5731964252438,34.1704348049358,171.706322678795,135.010365303299,102.060010644242,113.169814545401,169.775974602262,16.562002899397,35.9566847911831,170.005939922164,77.0821815818514,101.497066479705,4.49449913499831,159.726914879226,1.80720245632483,36.0334594928709,150.336085458025,145.584984088034,145.427994610853,110.883317642075,-6.04347679619895,1.13085416347343,-40.678632243276,-52.6491243226676,-65.4904516581037,-67.0335890784748,-64.5006293304812,-61.1695227315279,-65.7944882718566,-65.7689880056977
2345.48183027264,2515.51206998772,2524.83500009781,1243.19833702033,127.696239361098,75.8659055338578,99.1709666414023,350.80133721154,278.841164865791,-29.3785636035187,58.7904205397822,-0.79363158899605,-9.832774741246,50.1347844571196,70.3394973282973,14.5732372751523,0.561687779475847,35.8777174423205,28.45454869026,44.1506652658401,42.9471819151954,13.1436546806082,-57.1230771226927,-57.0520262768779,-20.5553613197341,-46.1933554032357,-30.85203793612,-3.86135957987494,0.686256054473802,4.70414164313223,4.1837970580055,-11.688434162163,45.761229039681,45.1204456783584,162.842627908787,12.4583655806553,81.6910104760441,23.719900199918,0.124072870669579,61.7201287106718,-11.4795271960731,83.3999858341861,-22.7559166858256,-0.961908907157124,-33.6843886774926,157.110993567356,6.75559586769981,44.9307699588242,162.371651859407,157.391533332903,133.717639857569,45.308458352376,127.834226622918,-11.7688070787437,-1.20554388443429,115.650477941817,71.1697802876391,132.825758880546,71.1107810506727,163.535063817367,20.4066074354235,43.422064031897,162.505952729888,161.401908117795,143.909087227625,115.375235659259,163.410295711414,-4.31624071474289,43.963377327425,163.474142288091,163.433079280783,163.551894454186,154.986820990195,162.620419533791,38.1837516852813,32.6857507347254,161.550446379715,157.334121032434,160.265184591742,159.143775247099,151.55178465261,44.6347647350641,42.4514991518114,151.528690799039,163.669525648521,160.978311583993,161.306236431184,157.845957744123,45.9389038848613,35.4263095014923,152.507447048028,163.501379698887,163.590598578225,163.639738955959,143.155026400157,28.7098261563574,38.2809378045235,114.89921260289,151.564380916651,121.137249903957,19.8004164962356,38.1787882024431,-12.3505561648076,-16.6725462778684,81.5362799415608,154.942564666282,159.999945689408,163.64183675859,160.020144233116,33.7064421828487,46.3159771094529,163.885932222421,157.131224151628,141.694186602601,141.700777113461,162.820717273232,33.3675332889272,44.7053496488394,163.722108411433,160.829410015539,156.439089307833,162.291141772938,142.974835753383,24.5012073203728,45.3120008862892,161.683763422045,163.632906290888,163.506798118994,158.446052826566,159.928357818607,15.3675139043272,37.2805264929211,163.167687612212,134.413984867504,106.027404122775,115.519666275099,161.97605765237,16.3706328287323,40.4784429774289,161.827327608215,83.215945289806,105.217304850409,9.63488911890624,153.240947945513,-0.998768634181772,39.5068001430336,147.773188008271,143.335421129404,143.216019897076,109.474637668552,-10.9508627926662,1.77555361259141,-45.2137527369909,-58.7079714090827,-73.1935164127232,-74.9350457555094,-72.076607693319,-68.3185962588346,-73.5366742253523,-73.5079052668747
2327.06710458002,2509.86060538451,2520.15094049353,1199.32698755396,126.896280383425,74.8523480004258,79.5683635339915,320.155422886402,251.014858688,-35.8595163080831,63.0524887955623,-3.54985013246113,-12.3337120959604,48.6207356509286,69.1871953523978,12.1831934480858,-2.16430969738542,34.0556483181448,29.3208280233291,46.407351151255,45.3576196870993,14.1312448902641,-60.1793698017805,-60.1041252480385,-21.4609645479997,-48.6027557154931,-32.3624156429227,-5.68746812248116,-2.03567131422307,2.06808380269018,1.53989326496463,-14.5613077679971,48.1972635686691,47.5038708708524,158.570020792178,15.1338232352757,63.5611350138988,10.576926287791,2.46606684510465,60.4782046676446,-14.1500370668708,86.7456957641037,-23.1637700150055,1.47059641651515,-37.4545053192206,153.0672470719,5.88328780896865,47.2506051806665,157.893303541187,153.088860239003,133.177104229681,49.6085154435952,128.149824222268,-14.6444160580272,-2.7610030156053,116.808534405852,75.0452500482929,132.305699870999,74.9753221728457,158.879267557929,20.6327773514006,45.8703735298993,159.056684658106,156.656410656943,141.875755279028,116.524957952653,159.041601854756,-6.14556519109391,46.204794799755,159.110979088927,159.068270530728,159.449996507469,151.119594840713,159.155364431129,40.4605976944678,34.7069171087602,158.458246860999,152.575507288741,155.914257233428,154.521200684001,149.878178927734,46.9156693768674,44.8974699524272,149.856126570914,159.541345191069,156.296417036817,157.133757256964,155.507403346027,48.4008077902266,37.5768838770595,150.62482520201,159.672862684092,159.745196867949,159.790557146412,141.945937168493,29.5991492354785,40.5649509560151,114.226478768426,149.901624844333,120.442692065666,19.975167495582,40.4589081063138,-12.7840726869743,-17.3538521922714,80.6260547204018,152.975929301226,157.30145227513,158.973396082829,157.321259462231,34.9989114441095,48.8609281683718,159.445493462353,153.087805928167,140.318825276533,140.325000719837,159.350205681845,34.6330130058033,46.9613137812757,159.851981701534,156.09833742986,152.471251728458,157.558006149414,141.798155521164,25.0541543062602,47.6597833089559,158.564460835339,159.7754617425,159.131630201374,154.071070636926,157.21240606013,15.1878717958313,38.865104819342,158.315430624673,133.892505979782,108.089328247787,116.666851345559,157.542642885768,16.1992349813478,42.8452346434539,157.174592074054,86.5387493149403,107.146881582365,12.6679362780919,149.485772228539,-2.55476562169576,41.2861216785163,146.312181119835,142.0518702251,141.954098583034,108.691303919817,-13.6096742452974,2.1322307891956,-47.566061852523,-61.8588475039463,-77.2064971612421,-79.0520808375765,-76.0229398361088,-72.0410759171883,-77.5701749276017,-77.5396919666445
2290.83333336459,2497.11729994228,2509.21792075139,1120.7870842632,125.512081661159,73.2823851800102,47.9607966591623,268.545538629089,204.576067152215,-45.0567252971597,70.1751835694924,-7.83148871209818,-16.3118011567147,46.2969520869074,67.4031639331387,8.4911433937549,-6.39959706187904,31.2600702854151,30.4133007178003,49.6528277417965,48.8840102657077,15.6399013523946,-64.6206181797736,-64.5391747516643,-22.7252586530128,-52.0873324233962,-34.5198463402091,-8.66891978910746,-6.2642283810498,-2.01886831976236,-2.55824899735603,-19.0737359402228,51.7262867070643,50.9522047580101,151.115297820179,20.2423087425635,34.5067597945,-9.88021746914148,7.17315781167554,58.5725665607913,-18.3772275177809,92.0917911603911,-22.6390785858262,6.33442960612933,-42.2339362837629,145.771257904245,4.33057340444179,50.5921342147469,150.063012626689,145.410627052766,131.666058827764,56.9528800093502,128.082409184647,-19.1610733364407,-5.34038775036584,118.241363567353,81.3944917082075,130.838016861623,81.307745963813,150.756161818772,20.7468232846434,49.4546205473737,153.059141546107,148.309314404544,137.87964733958,117.947478268456,151.426508799388,-9.13434662179867,49.4267795617873,151.506397785402,151.461857503104,152.313210930997,144.131301837832,153.134832503697,43.8258717501186,37.7119787192011,153.084908768469,144.203827644435,148.365087538939,146.350707947288,146.949057617456,50.19979914252,48.4917274603166,146.928716772763,152.360315826168,148.156148701152,149.909751048855,151.432173897245,51.9835676624664,40.7648735828943,147.344610306509,153.023337462799,153.068979552304,153.109633168709,139.825289485937,30.7262503320621,43.9411382657105,113.098234154247,146.992015875976,119.257447829972,20.0118522087096,43.8298836189343,-13.3538129519889,-18.2879088547935,79.2101691902232,149.543716322513,152.611374307515,150.829034188213,152.631318567126,36.7417339444933,52.568900215198,151.71578890183,145.791476505825,137.385919162314,137.391348886173,153.329127851012,36.3346692558079,50.1959328120433,153.137017602161,147.734853545188,145.303708880391,149.271074810152,139.733890216438,25.6671229753583,51.0434667672151,153.147174317405,153.079202697959,151.506312065829,146.264445378801,152.48798240601,14.6854124868888,41.0561414489861,149.828667665091,132.404035546053,111.093556268523,118.083586921016,149.785888051464,15.7116008557292,46.3320663426326,149.020900890493,91.8499838793173,109.946352201005,18.3813650396701,142.698481204447,-5.13346176874586,43.7793927459356,143.750329192978,139.799833328064,139.74080836404,107.394222373588,-17.8177085142905,2.71895752990747,-50.9664450089604,-66.4401818516183,-83.0640527300904,-85.0637828108161,-81.7817847199602,-77.4684873294048,-83.458133268338,-83.425112488909
2289.62277597122,2496.79055472985,2508.95058075723,1116.65614234609,125.306636715791,73.0279548951425,45.0134717572013,264.706940135688,200.946974922521,-46.5559876071559,70.5399939618104,-8.2684283513143,-16.6661787004248,45.98260304737,67.1329158126653,8.08482449913731,-6.83310851588487,30.910897863164,30.5759966988862,50.0118526260568,49.2584083339363,15.7888103670052,-65.0796211933679,-64.9975520217554,-22.8630136886977,-52.4498920519068,-34.7479751252362,-8.91074350860424,-6.6974360248131,-2.44663743036358,-2.98712568980403,-19.4975136538224,52.1098004500147,51.3281576589574,150.671055917489,20.1817972227637,31.7100305768486,-12.150773925994,7.0190779584857,58.289289439628,-18.7602981540383,92.4506941478577,-23.2640364449666,6.18963816761283,-43.3687607571831,145.456992932596,4.23802013384022,50.9604554999811,149.61407605383,145.048462421763,131.750705525822,57.2612259097592,128.253004328832,-19.5851813714638,-5.53822147629404,118.466052386924,81.7657509546374,130.921405679112,81.6770921834087,150.286880759048,20.8170520658389,49.8344995118743,152.656251524533,147.867665181596,137.802781861627,118.169892395604,150.972153170597,-9.37527588764601,49.7836342984717,151.051904800353,151.006856265499,151.869434568152,143.831044340366,152.728738974014,44.174969109485,38.0201476329225,152.704199452776,143.762969602699,147.898218373092,145.936403933554,146.678081107992,50.5615130184752,48.8692877740034,146.657870950531,151.913999513058,147.672392482378,149.445630096429,151.108585754757,52.367355478837,41.0936676766941,147.054323984684,152.591733621502,152.634953007303,152.674453298427,139.591080508617,30.8925225828989,44.2912652850478,112.897012529957,146.721437200177,119.057669840952,20.0741919697126,44.1793461715966,-13.4205885690643,-18.3919798859179,78.9684844400608,149.248139058633,152.25785094,150.358437985923,152.277379927977,36.9665477439449,52.9661912382023,151.251505891486,145.477603181612,137.392466988422,137.397871966789,152.918381138287,36.5555564764444,50.5565592436561,152.699300214553,147.313368397443,144.996934279535,148.811720299823,139.501911400995,25.7847552103035,51.4159293674888,152.763128831854,152.643930153208,151.050926996261,145.897428006826,152.135212698106,14.6957302763226,41.3228370423221,149.356967494437,132.494369736704,111.391216885857,118.306302722715,149.342532716824,15.7214343504492,46.6963057539936,148.570426005714,92.2049350739356,110.223106995028,18.3620405385479,142.404961808198,-5.33217820806135,44.0733086726668,143.497321838312,139.561528836258,139.50349139421,107.180427936361,-18.1999660077074,2.77197788882182,-51.3204536024997,-66.9132509050573,-83.6654353904775,-85.6806342778504,-82.3732554981138,-78.0266492722818,-84.0625656898088,-84.0292898836867
2249.99794143935,2480.84498452092,2494.87586001678,1041.354516863,124.081632825035,71.9248530201015,20.2452989332976,220.374792940043,161.773421083376,-51.5384355412239,76.5703294086741,-11.3432941883045,-19.6965448253587,44.375882551439,65.8775507618211,5.47455405605052,-9.87549197391746,28.9746247700675,30.8944431693307,51.8649452181992,51.3908266457275,16.8257793798833,-67.7067740689139,-67.6208321361829,-23.5093289022001,-54.4784435002355,-35.9507315657344,-11.3203191893422,-9.73421608737453,-5.36583457592667,-5.9126489049662,-22.8315214622532,54.17576611266,53.33803813038,143.850053104726,25.5990360600563,9.25969999407403,-26.8768487219616,12.3635478978073,56.9769111969052,-21.9433011308074,96.5580080069014,-20.7514468209685,11.6761100203965,-44.8055256370831,138.375853208421,2.75767483755379,52.8788154549097,142.419087896678,137.73204235868,129.437522261709,63.7499932432243,127.182637960824,-22.9222039170594,-7.69275578612167,118.822654279727,86.9235415893897,128.660551002141,86.8231266516815,142.850914368017,20.4616279958474,52.0067050768438,147.21191494683,140.111170694604,133.406075509617,118.523968262301,144.015921212029,-11.7945037237982,51.6202598066668,144.10683095585,144.061820200486,145.375312607181,137.031823122281,147.27092709945,46.277042713619,39.9314211220536,147.836401957043,135.978920132726,141.059777463504,138.277971513215,144.005432304363,52.4443147154628,51.0738035301524,143.986611461519,145.381888558029,140.266901355438,142.930316287695,147.406591944375,54.4970119677563,43.1030792659939,144.081375034934,146.563631918513,146.586952396773,146.625309774336,137.65620764389,31.2337013113706,46.4007758341479,111.959565433306,144.067742690978,118.03849656044,19.6678002063679,46.2866504842341,-13.6392604531505,-18.8344958434163,77.965497152477,146.127271994737,148.012558097179,142.904295028641,148.033598286239,37.730850679839,55.1787175808236,144.207664114819,138.394627469153,133.831695943531,133.836381055361,147.475218797463,37.2916719342531,52.3839341610683,146.623043503519,139.471788579338,138.027078218577,141.175814622706,137.618618505055,25.7718922760133,53.3622679267076,147.860517506926,146.579117759131,144.087118857688,138.459507556332,147.851733705865,13.9228014924677,42.3990436940659,141.550853521067,130.18440948861,113.181187734964,118.652839954149,142.206930824021,14.9630995822293,48.8522885093806,141.045211961961,96.2886034582977,111.867946869938,24.3037200419545,135.799280786834,-7.48337020675092,45.3662011726068,141.155208306165,137.503247649582,137.48254005401,106.125813405033,-21.3672988423534,3.25351933951282,-53.2967812341819,-69.6284603147661,-87.1816547928349,-89.2938122524463,-85.8274293441139,-81.2727010147028,-87.5979170888019,-87.5630475058807
2224.9642466884,2470.56464700206,2485.76561721745,994.770364660596,123.326792166248,71.2792004442579,5.47482680046807,193.466291258684,138.075373618874,-54.2429739590016,80.217112339731,-13.1384098882085,-21.4887941403595,43.4430675140871,65.1435966624584,3.95531187122077,-11.651843228615,27.8516072592595,31.0153603302756,52.8795566104338,52.5792824013925,17.4247385695522,-69.1601689050555,-69.0720486743837,-23.8492126572129,-55.5949963426025,-36.6033437850044,-12.7634267370303,-11.5071988451505,-7.06825669573055,-7.61849622454997,-24.7899992346951,55.3158659819528,54.4456790834315,139.662403117487,28.9962655817037,-4.09042106546849,-35.5019741392069,15.7466067943149,56.2143491937312,-23.8209803709548,98.9950282244121,-19.002749019228,15.1461551014461,-45.3861508357526,133.990378656243,1.84328415726145,53.9309850512419,137.999683209916,133.213698579818,127.922697481982,67.7041944224521,126.421855413786,-24.8824334594639,-8.99170985970619,118.942425668297,90.0183286259469,127.179118974068,89.9110728410722,138.286462601339,20.1934508649405,53.2181256498261,143.870970203268,135.339632515558,130.632987431066,118.642903154258,139.746537477021,-13.2438170017837,52.6253213136214,139.844415075268,139.799601796501,141.39108977284,132.819268949711,143.922453359155,47.4597697704268,41.0123575112179,144.848914605448,131.190515496098,136.868518612859,133.560600367402,142.358483479272,53.476513080229,52.3075979126415,142.340498390004,141.374639993871,135.725893127177,138.939102872544,145.13084408986,55.6777341026767,44.2366081861128,142.252660208674,142.866561693718,142.878130824403,142.916089238005,136.461574789059,31.3675850522088,47.58778542533,111.387437049511,142.432499057557,117.412724636167,19.3705260018963,47.472588510412,-13.7396260717242,-19.0601569912433,77.3764730949522,144.20679951991,145.405947187431,138.328824890018,145.42804445196,38.1089156486233,56.406852366424,139.886266611765,134.007876573817,131.557260356189,131.561500179566,144.137155046002,37.6534852019744,53.3810307764038,142.897610509932,134.641422619938,133.709212647499,136.484329033223,136.455571959662,25.7013583129828,54.4304385316536,144.852232042513,142.86014952578,139.813255550907,133.866242981383,145.22110554052,13.4145784734714,42.9576717631996,136.756283650974,128.669767963368,114.179378189203,118.766920438649,137.823167513659,14.4638698752673,50.0617830339519,136.420453895322,98.7119698652627,112.78148934115,28.0197219729702,131.706393814327,-8.77999668431283,46.0511895336081,139.710454091226,136.232759945458,136.235094440925,105.486265412505,-23.2356025482542,3.54339405187568,-54.3840208824666,-71.1314711237945,-89.135804694351,-91.3026043502269,-87.7466197638793,-83.0746581535539,-89.5628504420421,-89.5270830726993
2201.86124237045,2460.46462515731,2476.70345709528,953.70583530539,122.604598847877,70.7128571694003,-6.86449370473434,170.425766063909,117.87860170104,-56.2248998052646,83.2371273537954,-14.5777494451331,-22.949344341093,42.669345993634,64.5105670841816,2.73291219740952,-13.0771846055759,26.9364488533505,31.0039003682884,53.5695929885565,53.4243947206822,17.8889975066662,-70.1673862911024,-70.0776886623999,-24.0511901079718,-56.3580376205583,-37.0313523781659,-13.9660355849044,-12.929813802178,-8.4345534022375,-8.98694561626098,-26.3681365616351,56.1069513289756,55.2116151150375,136.008225078108,31.9481059639292,-15.201828640945,-42.5383014329556,18.7233031756733,55.5682312375391,-25.3440302948432,100.940960635744,-17.3128044427343,18.1980083181213,-45.5947292104076,130.132592258206,1.03829119340833,54.6498064588358,134.146613617283,129.254682845075,126.463937851786,71.0190382123087,125.599811478783,-26.4619111274216,-10.0870018073934,118.88166853038,92.5446237651196,125.750561993031,92.4318652824399,134.312200943822,19.8820428511489,54.0809296600867,140.937915739226,131.180182841839,128.118616017629,118.582278174189,136.023776258888,-14.4518137584429,53.3079313200441,136.127650287193,136.083216435001,137.91210437534,129.109814346937,140.983680339036,48.3204127147093,41.808815693488,142.216153291131,127.017806277104,133.219531841714,129.442392175764,140.862499212455,54.1805795318452,53.1939011242457,140.845217848804,137.876297885766,131.776852605093,135.460860868579,143.100632758056,56.5059633401923,45.0666610314271,140.604632939094,139.632670618221,139.634666061227,139.672562743751,135.353562732833,31.3659242707506,48.4517052791795,110.833606493774,140.946527293068,116.806434947283,19.0371222267823,48.3360249160874,-13.7698989593908,-19.1801186235375,76.8501941223401,142.478394220389,143.096269342221,134.345258779251,143.119386654573,38.295371882849,57.2714788196572,136.120761921052,130.148831944417,129.453809781787,129.457663116653,141.208551055526,37.8274467162756,54.0532052326172,139.640693897185,130.425477871411,129.908658943871,132.398557494451,135.374411491427,25.5421058272162,55.1613456677679,142.202305410738,139.608209199736,136.086790134713,129.842486684778,142.890468050865,12.9195192223345,43.2840839130892,132.583669527038,127.209071745605,114.870944007321,118.70185091593,133.999853369467,13.9760410895441,50.9356566323862,132.390492630976,100.64712801348,113.405481510319,31.2438043525457,128.100719580374,-9.87308962390279,46.4770003074586,138.387431733246,135.06009622752,135.082202806441,104.882712271874,-24.7511996604168,3.78952885054991,-55.1259395107303,-72.1747664748023,-90.5068108849298,-92.7133608478697,-89.0922061669225,-84.3350577131829,-90.9417035718325,-90.9052837860189
2175.20707315848,2447.86055534976,2465.24231904758,910.905788818683,121.858188850705,70.2865389944269,-17.0561992540163,148.922584989993,99.4296021739444,-56.4876960565075,85.9312602510764,-15.5707295425296,-24.0794284461252,42.1443871527023,64.0432496076587,1.9085206331402,-14.0620242484217,26.3303687471714,30.6189898638137,53.6460663300483,53.6680914012894,18.166275111988,-70.3777439088527,-70.287463614271,-23.9682857963076,-56.4772335682496,-37.030311330776,-14.9948390236692,-13.912312985027,-9.36947755667393,-9.92179091976004,-27.5177352519092,56.2587779553588,55.3480708818411,132.360830976429,35.2008071360355,-24.1816976611817,-47.5381267968122,22.1520477059694,55.1189018991714,-26.4961394346573,102.422927168396,-14.6499528752993,21.7007661234675,-44.3517609894944,126.085938834199,0.201488992586974,54.7426390989368,130.289757572907,125.166236151169,124.514263917595,74.1348477422714,124.237850846717,-27.6123555095911,-11.069469584291,118.298040302059,94.6671092443025,123.837173603944,94.5507156252756,130.349601813509,19.319179985624,54.3350732788019,138.017320424404,126.979712258309,125.225753810323,118.002319248685,132.314720376029,-15.4872408527184,53.3797539753446,132.425191853598,132.38201461063,134.453622063757,125.2096471758,138.061211972889,48.6441701867396,42.1449740386755,139.592200233459,122.802466067275,129.612470983187,125.251542419206,139.333077334931,54.2677486005934,53.4842753732304,139.31640394932,134.40006081392,127.862258552448,132.032763744645,141.056193770636,56.7023788306235,45.3982051484836,138.936904051634,136.423932457191,136.418780639133,136.458174848648,134.205732181155,30.9859399158439,48.7773312137879,110.283754354614,139.4274430469,116.187921283791,18.4630790322684,48.6625800657584,-13.6301816619327,-19.0695689452501,76.4401771851324,140.726512253291,140.787439270147,130.374128954084,140.812239642176,38.0263007070413,57.4873092923331,132.378262362238,126.100167092558,126.895924871216,126.899377719534,138.303509423501,37.5510989251215,54.1032386866875,136.415187708183,126.134851963781,125.915255310573,128.302540419975,134.25290085606,25.0686488841017,55.2604359602486,139.564208717288,136.384774931083,132.374943444996,125.688125756127,140.557788282051,12.2535114030994,43.1008238750079,128.408501617056,125.248594277587,115.026817590256,118.116352068072,130.168386566435,13.3172909360335,51.2410312551511,128.34372580853,102.122627343368,113.516179732927,34.7521743987496,124.307836111771,-10.8520870390482,46.3600583812461,137.025800650317,133.847379700052,133.889807848386,104.305213203918,-25.8971513072491,4.00787220169559,-55.2377291984807,-72.3990164569062,-90.8559936230722,-93.0779163903978,-89.431603667377,-84.6418746722774,-91.2939298781087,-91.2572603967711
2122.98825057029,2421.44090671525,2440.94390824929,832.556837706026,120.333432589607,69.5447200446944,-33.285020508309,111.953947938098,68.107475302783,-55.4924895792439,90.2266226920003,-16.8907337914067,-25.7386095581761,41.3727382038247,63.2630927203532,0.812423123439373,-15.3754908333066,25.4964525956153,29.5122046640092,53.0902062423796,53.424458320289,18.4554335699783,-69.8343947441053,-69.7442119906721,-23.4869341728833,-55.9461612647111,-36.5302278405903,-16.6402518213032,-15.2222740210625,-10.611009483385,-11.1603068557707,-29.1119130325448,55.8082693972584,54.8812114082228,125.818683540714,41.0668397934554,-38.273238552948,-54.6488737472464,28.474245096939,54.4117046884124,-28.1515224453438,104.459816567766,-9.18613621026532,28.1533320764491,-40.9442509551345,118.693734825823,-1.32682557931076,54.2019964007911,123.378731269271,117.754590636443,120.51327975882,79.2912028968307,121.219484695226,-29.2074042129306,-12.69794210762,116.659655405831,97.8849422745644,119.905696195977,97.7637831364629,123.267720794383,18.0330968631214,54.1018790926447,132.730465895917,119.445926668719,119.67900766113,116.373776118293,125.671325743946,-17.1447303964439,52.8187534093352,125.793541257748,125.753408154752,128.247115923933,118.072518681956,132.774309988397,48.6169473740391,42.227203550399,134.813711403386,115.245623590892,123.174429611764,117.71048715271,136.415023264615,53.7265788294734,53.3302134654151,136.399345457197,128.164159059598,120.885247337941,125.907008457734,137.259639300151,56.3383254639657,45.4286325451351,135.792476070163,130.651134187763,130.635655285342,130.678913675937,131.951638436913,29.8825901138178,48.7518357138635,109.143222086666,136.527443932931,114.904565961734,17.1690160840644,48.6403515344609,-13.1787481471954,-18.6010241437934,75.6957147317593,137.429423147065,136.546237128121,123.278005004676,136.574489464696,37.0336209662507,57.1401275391113,125.684537678584,118.703769999193,121.863856941313,121.866594062527,133.05265268773,36.5513328582157,53.49071185735,130.618653694647,118.416803445996,118.612646910675,120.974227257572,132.04389238259,23.8711151436008,54.7243747697825,134.763835757111,130.589394232961,125.727338379122,118.159778676322,136.273108274602,10.8738628515884,42.1998611995317,120.948804954254,121.220241248037,114.671742550137,116.477027750109,123.298070283508,11.9489107884322,51.1449642273374,121.095388974124,104.152143035541,113.103073567801,41.0561748917651,117.362137182108,-12.473574942904,45.5397328094123,134.397674938558,131.481168094317,131.559237928578,103.145882797942,-27.543851661874,4.37368244337523,-54.7091192864339,-71.855087657923,-90.3031300930282,-92.5246079174191,-88.8791573805809,-84.0914447853525,-90.7410044583135,-90.7043499166335
2094.90831785868,2407.06610299569,2427.69900368774,791.0426047284,119.47384591548,69.1327350882769,-41.620693071363,92.6445672181396,51.7920413518982,-54.8439373607648,92.3709862659317,-17.5211377911379,-26.5574060956477,40.9726013794557,62.8376492161324,0.283236646999057,-16.0039920523496,25.0794306440224,28.8547170468343,52.676666229497,53.1785612039116,18.5747779828846,-69.3819436810361,-69.292013571276,-23.1707390832938,-55.531134039185,-36.1749925223196,-17.4785586389079,-15.8490867794324,-11.2056784843681,-11.7528749120036,-29.8814039722551,55.4453998760369,54.5116205856665,122.382235390105,44.0981990668953,-45.4893881524711,-58.2134531089181,31.7619780009353,54.031928905733,-28.9614399498992,105.416141959089,-6.28642667451066,31.5093196778589,-39.0640855748981,114.804032410004,-2.14080546942603,53.7940967490613,119.752890723772,113.861735386356,118.340717223879,81.897579227144,119.549223993409,-29.9772329319096,-13.5380050419319,115.70586963291,99.4608910883197,117.769929737247,99.337401916488,119.555366840025,17.3048371030996,53.8600768000497,129.935862691965,115.498050645876,116.721035532908,115.425537880222,122.18344922849,-17.9892437457803,52.4030469074552,122.311682420874,122.27324621799,124.983166176768,114.314680074515,129.980038670052,48.4985005709406,42.1820426898089,132.27877602883,111.286477012535,119.796197766103,113.756727310189,134.830316701626,53.319913569856,53.1328239453015,134.81514714092,124.885271443273,117.229306774637,122.688103753292,135.225360110241,56.0221055517093,45.3483919052645,134.09365249188,127.60925677059,127.588713865949,127.634092089344,130.709585446663,29.2260242054207,48.6340199297486,108.490086934931,134.951994002723,114.17319835985,16.4385551385548,48.5245471401015,-12.9015753749127,-18.3025825237571,75.2764212127758,135.650607275075,134.285553818914,119.558365930666,134.315636076261,36.4204592563659,56.8300167681815,122.17162668761,114.811811724889,119.162397992875,119.164762526927,130.277502345399,35.9354463241218,53.0455893052018,127.565211350355,114.371093610159,114.768834389508,117.134361438132,130.824899577601,23.1773612382075,54.3177559540413,132.217988862326,127.536264423404,122.237332865077,114.206330487361,133.989916432185,10.1116983742421,41.6245114956214,117.041921863122,119.03243062666,114.380702277636,115.523057555397,119.692869246329,11.1921361298829,50.9837461485449,117.296034835711,105.105096652602,112.784586142819,44.3152291750624,113.703888671003,-13.3099382868468,45.0004248882239,132.962341902058,130.181716084862,130.278121761966,102.488749191071,-28.3497275464599,4.56567046332634,-54.2981653515677,-71.3978438236218,-89.8001611587902,-92.0164739633957,-88.379570617292,-83.6035613123675,-90.2370314050485,-90.2004661943821
2004.3757638193,2356.53487660717,2380.53420448734,671.95101432716,116.751363328501,68.2674307743822,-57.430686115329,45.0643771839723,13.0276702815833,-47.7686558875029,96.8179659867286,-17.7354101605318,-27.6312261560714,40.5693097609986,62.0375719921773,0.133075325020684,-16.236401852663,24.8707116811168,25.7568772650818,49.388472111484,50.3874381091996,18.245235451567,-65.3114751448871,-65.2257664179479,-21.2897848813781,-52.1061308756594,-33.6756770923658,-19.143068231134,-16.0786786871787,-11.3905161026952,-11.9233744891565,-30.4925736001829,52.2034138815759,51.2860656768691,112.956344882774,52.957129035951,-58.3254890070992,-61.4843947028382,41.805779132675,53.4778929270373,-29.8722019646746,106.241111812921,4.41511236760525,41.7338963120345,-29.5433044995056,103.602843871155,-4.45582918506739,50.4773275290435,109.803590948962,102.839996002171,110.741434117274,87.9933834992672,113.127322483583,-30.5874243905168,-15.4178694683103,111.248938674556,102.135679446536,110.288843095654,102.011848725579,109.425271361542,14.4475025910023,51.0543908079084,122.194193700643,104.597826265331,107.394323713152,110.995059482488,112.643438598458,-19.6730201117013,49.1188391650277,112.788924207141,112.757870950092,116.045525273824,103.459165330195,122.250943642332,46.2816688320905,40.4357000145384,125.202363525675,100.36158076589,110.640512669455,102.749610902012,130.1180720021,50.0375164823835,50.4925728453264,130.103990834973,115.913398769501,107.323289862588,113.966645126231,129.387029351322,52.9301949455338,43.3713326054905,129.127139106184,119.262749107682,119.236382417604,119.292011719746,126.893798140052,26.1136859948316,46.4138923589929,106.43569269356,130.264770791997,111.843428553578,13.6131210693137,46.3148813756483,-11.5347799060443,-16.6630184872124,74.297604334778,130.455271049584,127.900571309718,109.411319654986,127.937437931904,33.152556633613,53.6969965800143,112.594039700469,103.602261806706,110.271984551582,110.273309382626,122.620279714261,32.6786260806298,49.6418459256828,119.207626971445,103.111828827963,103.677120679598,106.608877870891,127.067866910036,20.1913737513821,50.9838406121773,125.12234794646,119.170625493337,112.694261318935,103.019118257984,127.537589786496,7.44656776707441,38.2671305237739,106.362874409958,111.363444735136,111.647185986304,111.073669167238,109.78507781249,8.53866418264246,48.5388090207376,106.85701241754,105.935008025155,110.051163088551,53.7350698026397,103.125395029176,-15.1763560375135,41.6231336664802,128.633613859863,126.215597457787,126.361739013104,100.512406655757,-29.255583979813,4.99870814062021,-50.9329638288814,-67.2355004206042,-84.7928901991922,-86.9085248860875,-83.4370577629883,-78.8798163306028,-85.2099594772824,-85.1750683096087
1983.30989302814,2344.85304271901,2369.63604999468,643.278745406642,116.054009804338,67.9721344816001,-62.2171963932983,32.7126924721746,2.75931594898267,-46.7681079192228,97.9967260263758,-17.9628462405735,-28.020000184202,40.3531484871907,61.7502544375843,-0.0659673325906454,-16.466468894349,24.6836096466756,25.1292871300728,48.801022570777,49.918192468871,18.2334885327018,-64.5927399852434,-64.5077138858767,-20.9265277395247,-51.4914441864828,-33.2118742515837,-19.6181513942101,-16.307965424959,-11.6070784021698,-12.1371479338135,-30.8055300565848,51.6366899846531,50.7198438304138,110.629432080185,54.9611424062939,-62.3757428323935,-63.1489263360582,44.0394765507054,53.2409684280589,-30.2361198601999,106.593591496421,6.60181678327976,44.0124105574827,-27.8367168568513,100.929156827042,-5.01492384214717,49.8873665488046,107.355676062139,100.186222926373,109.05986041183,89.5233201797056,111.750426920643,-30.9003022055502,-15.9231310045149,110.342321097514,102.914136696293,108.633625449752,102.789446260424,106.92742992537,13.8349444429062,50.5841848735215,120.268211240073,101.937002931687,105.249950196595,110.093496019666,110.286197494474,-20.1521416400367,48.5313683091627,110.435545559294,110.40594724531,113.82980302684,100.870130403724,120.326424709754,45.9307480756394,40.1731551149896,123.437337739968,97.6962589510049,108.365495155957,100.076467989183,128.938849105786,49.4525615585783,50.0585619557921,128.925073664235,113.688793002628,104.870647545165,111.791641638345,127.928555899042,52.3974269990315,43.0656856941738,127.881625262606,117.186714711198,117.157969451183,117.215426047561,125.934776024372,25.4843288842394,46.0626672937059,105.892451151884,129.091407799615,111.238034860838,13.0044359876495,45.9657258301613,-11.2569085439809,-16.3396946088258,73.9819830316989,129.155329179045,126.304661680858,106.909056387545,126.34288844088,32.5129149656903,53.1605913798571,110.22394242148,100.92684738993,108.262922849147,108.264000593648,120.710067250381,32.0398199272007,49.0290684694037,117.126411313717,100.378229347473,101.031566486626,104.025490306438,126.123181260773,19.5698921411538,50.3917711302906,123.351493939452,117.088645618713,110.335878457878,100.325617961883,125.926704346193,6.85201130576783,37.6250625501584,103.739231263826,109.668409315893,111.16381691519,110.167933799977,107.349018126741,7.94659332750271,48.1430494425344,104.297131358823,106.286967081464,109.559023433388,55.8833027729399,100.602264459741,-15.6789142898895,40.9881104547057,127.549591424061,125.220611252804,125.37849299211,99.9815445975867,-29.6180111752245,5.1176171165325,-50.3280818293074,-66.5021002830096,-83.924175547866,-86.0237637515783,-82.5786808111354,-78.056437964591,-84.3380920534206,-84.3034686390771
1971.16822365783,2337.01641137247,2362.16809967774,629.183629187303,115.593509770271,67.7916033528949,-63.8510778709134,27.4033872522502,-1.5232545307758,-45.9003381406081,98.3206361882381,-17.9219005734041,-28.0737945469741,40.2720432837321,61.5882588105906,-0.0477815054433961,-16.430175764536,24.6515405779533,24.697482184128,48.2905252607127,49.4658843813379,18.1558620034842,-63.9402816089833,-63.8559686696069,-20.6429752625659,-50.9482597691617,-32.8242416324417,-19.7671080727304,-16.2716300707155,-11.5731958244385,-12.1007580783984,-30.7929205501303,51.1251997670862,50.2125127241882,109.490430253421,55.8413803719788,-63.6796552593401,-63.3944352508675,45.0698712637584,53.1201195060464,-30.2641245508325,106.512951177011,7.77250388392088,45.0628484549716,-26.7333828971973,99.6087135557567,-5.27977401882077,49.3708018720932,106.167123345146,98.8899393416779,108.085134467337,90.0409592633471,110.892913374795,-30.8873985431676,-16.1080847863594,109.695076613037,103.03844705662,107.672377758838,102.91389142221,105.721532388905,13.4590153868836,50.1285329865097,119.287747660186,100.656066609744,104.107051874028,109.44960136098,109.136215785464,-20.3026394305472,48.0219866901733,109.287128628784,109.258427605593,112.736879303473,99.5861425126961,119.347414203943,45.5579569901935,39.8712994638954,122.520054559481,96.4177554513059,107.260157818343,98.7855111551486,128.252787915455,48.94144441418,49.6243723214328,128.239137424635,112.592623798778,103.691527255465,110.725529640369,127.129812900471,51.9031668166768,42.7288845674221,127.172670374932,116.149721574405,116.120572609295,116.179099852884,125.345074757845,25.0498719320637,45.6891663188685,105.518946613808,128.407712861314,110.826479967311,12.6344285608523,45.593730262166,-11.0586507863177,-16.0962944911905,73.7784158533423,128.42006539697,125.453407483436,105.701442859866,125.492323060859,32.0429003644795,52.6588814003475,109.070682491884,99.6054692860567,107.156140325568,107.157105660521,119.738365044368,31.5722729447071,48.5038439063992,116.088774344129,99.060098150514,99.7222487792155,102.782114837839,125.539194133379,19.1647599628947,49.8719224296791,122.432572819591,116.050038515629,109.18552790626,99.0115876445948,125.06888738743,6.51614080833303,37.1321354689399,102.480620819885,108.685005362905,110.696667654468,109.521860209437,106.164612010642,7.61057724471007,47.7372137496275,103.061975056333,106.207408139293,109.095122277688,56.8239039432893,99.3481512870182,-15.8625700173289,40.4849181169994,126.904694424653,124.616518069662,124.779320656318,99.6271616191304,-29.646464568951,5.16369069119332,-49.7949064292919,-65.8339866015016,-83.1124008063584,-85.1948171975602,-81.7779399448935,-77.2929194340678,-83.5229378076045,-83.4885992667729
1898.88678295785,2289.46425227666,2316.76969886895,551.068928200736,112.944675171671,67.0172696403891,-68.067007592503,2.59529918033923,-20.4915529613573,-37.9371241425554,99.1203034427681,-16.734043198783,-27.6146588568661,40.2954345573849,60.9767816159006,0.885416426438866,-15.2817264655912,25.0868503801904,21.5575207283146,44.1809135384408,45.6922792773736,17.3230856410239,-58.6333037055973,-58.5550666595818,-18.4729468739437,-46.5736503110974,-29.7698260634963,-20.1608179967753,-15.1241001464,-10.4656252891268,-10.9745015236468,-29.7688860043154,46.9511771376652,46.0830126228612,103.498081037529,60.849853866955,-66.2027743512755,-60.5787745184093,51.1822101691967,52.8022695532898,-29.5783672135864,104.938923240572,15.7249792432534,51.2776308376017,-18.1113202757604,92.3059325745292,-6.75206687156879,45.2005862306992,99.9093972290109,91.8379180776257,101.887431635137,92.1103243291317,105.1852689552,-29.8605901350677,-16.8290487336321,105.098459434791,102.645184547006,101.55704784885,102.525156170884,99.4089270648456,10.8956639214187,46.3205575844082,114.08568709922,93.8641480999375,97.2983375258393,104.877914738724,103.10333533893,-20.7061305408737,43.9246847783161,103.263044391642,103.240871440748,106.998789063985,92.4656518454116,114.160685958138,42.3542456424154,37.2199491544262,117.621782908462,89.6399680928002,101.516831604882,91.880563439196,124.417740439305,44.8202062404675,45.9593602483904,124.404542601782,106.841745930652,97.5640772040675,105.188322365486,122.770061566596,47.8358395793536,39.8043092454316,123.255162486202,110.696306239794,110.670297295536,110.737405509404,121.988906925382,21.8848379398572,42.4784429733171,103.392543755814,124.58497372,108.461202796617,10.1270049466322,42.3942358520348,-9.6058049742204,-14.2645433378883,72.8231227153868,124.357870253551,120.864761062262,99.3817361263156,120.908486506622,28.5121852795163,48.5145773242552,103.04079286497,92.2963153521636,100.364534173666,100.364893804645,114.603098572564,28.0666156600013,44.2967971851242,110.645462246251,92.011628260993,92.4676093610204,96.2407641615783,122.210305063387,16.3025045615051,45.6709289037747,117.532641271017,110.595747522974,103.152523262001,91.8662521261162,120.441772679811,4.34934392499392,33.3554346183217,95.8784010714048,102.42353970036,106.991240018719,104.936596658168,99.9189428176972,5.4413310028408,44.2855825454979,96.5480319462901,104.648134589638,105.455095043688,62.1127788562372,92.3880639671347,-16.5744351149867,36.5774819759366,123.269125550695,121.188774239734,121.377248102871,97.6581027198691,-28.9669369699419,5.35371116479982,-45.5050013126598,-60.3928171981007,-76.4417044803782,-78.3768307675565,-75.2018175117958,-71.0355209875038,-76.8232406172817,-76.7913416202103
1836.11278036952,2247.97593984091,2277.14317818805,484.442973390311,110.621350364045,66.3778749899478,-70.6526911674378,-17.5777102493173,-35.6573109741893,-30.5296117093984,99.531126134894,-15.4977761337413,-27.0424523648081,40.4029498439236,60.4925918288301,1.86753970312165,-14.0827643949314,25.5837256849551,18.6910474174729,40.3558563614412,42.1583111511737,16.5161786001096,-53.6770064245956,-53.6044851167862,-16.4667109575689,-42.494672187745,-26.9319927712403,-20.3946162104858,-13.9262622119041,-9.3098938230294,-9.80156441490385,-28.6683703306857,43.05682660533,42.2319475858142,98.4673122867707,65.0781999863775,-67.3776829465151,-57.3259363322528,56.4084613933533,52.5859969822843,-28.7926555748208,103.312577028657,22.7497960764828,56.5891544136229,-10.2865547682823,86.1107824971029,-8.01256589171152,41.3171728688197,94.6601068446071,85.881172974608,96.4349023162229,93.640291306591,100.108660133785,-28.7574063531314,-17.3729845845136,100.947267368672,102.027279013862,96.1759541824335,101.911885318804,94.1229604041292,8.5871213083519,42.7533519613553,109.691452132879,88.1645377102872,91.4059012232636,100.749296985136,98.0432433632444,-20.9483260748624,40.111644328302,98.2102487574964,98.1939627647412,102.178975073857,86.4198433072405,109.780952047591,39.3395273127244,34.7166828036621,113.469719789742,83.9540735817067,96.7110933577277,86.0742840223999,121.10398925261,40.9830744098428,42.5203901348272,121.091124206168,102.0124447667,92.4426459754403,100.550149489902,119.039612553924,44.0352039890481,37.0478630335904,119.883700684884,106.107418782147,106.085292519798,106.160175688443,119.066569942682,18.9944407933956,39.4569778626289,101.524640229091,121.281273475728,106.382332949485,7.87184170717276,39.3830832593146,-8.27274926327445,-12.5759355749873,72.0150451567789,120.863840691171,116.957671302221,94.0903290825904,117.005642139499,25.268174055931,44.6397984517594,97.9880086179568,86.0955184599482,94.4431376740772,94.4429895598977,110.268851009266,24.8467945173997,40.3845378772137,106.068228094041,86.0857277807124,86.3099466820712,90.7600187569971,119.309733245976,13.7050863572073,41.758139939247,113.380952185523,106.008028158697,98.0927024398992,85.8318561557645,116.502136664621,2.42216261797617,29.8721668902285,90.3518278081737,96.9134704955582,103.567340041579,100.796144706777,94.6774021975775,3.51127155197935,41.0429134705097,91.0860973527354,103.036246305554,102.097496848988,66.5677742553871,86.4765481668145,-17.1102794779298,32.9644705844327,120.117159220165,118.208692669779,118.418256167805,95.9385487364747,-28.1876580784181,5.50409299285315,-41.5056173168259,-55.3101553439795,-70.2015230727904,-71.9979347372572,-69.050693105103,-65.1844786976116,-70.5557447457601,-70.5261426459602
1831.87933548452,2245.63933198162,2274.96433738432,478.581263028333,110.485377229727,66.3178134061617,-71.7038474780038,-20.1750081318426,-37.8303823872256,-30.3659301630865,99.7981075931033,-15.5608511243138,-27.1356064962482,40.3536758145821,60.4328223803973,1.81349150884705,-14.146073309132,25.5372622951976,18.5786318778463,40.2622395818871,42.0883657763306,16.5214658457364,-53.5661110706094,-53.4936850348015,-16.4057022349306,-42.3982352154605,-26.8568444808002,-20.4992170341142,-13.9893805989261,-9.3696850852362,-9.86088482440522,-28.749602458056,42.968584431309,42.1433786473353,97.9835396990592,65.4975882510423,-68.275613646801,-57.7258954848151,56.870646760737,52.5351717117428,-28.8823153082858,103.410465405402,23.1849444905651,57.060675151477,-9.96721713540069,85.5595439579017,-8.12581393224278,41.2235808091227,94.150779433044,85.3319893336589,96.104426941768,93.9767322048861,99.8443183971265,-28.8386474406379,-17.4812962861904,100.781578451781,102.2127527628,95.8508125936708,102.09712792123,93.6025199474248,8.47242320252337,42.6835279466152,109.293346661536,87.610957796495,90.9734509292726,100.58454553033,97.5527952003212,-21.0537640027393,40.0179003688351,97.7206129737275,97.7045994976368,101.718583051932,85.8865340411468,109.383029530421,39.2909473827844,34.6827954023572,113.106170795505,83.3995796274127,96.2370156137448,85.5190347204705,120.866848481435,40.8901523783024,42.457415491501,120.854051080879,101.55010688078,91.9310708070996,100.097367718717,118.74235146958,43.9536738753556,37.0068482059856,119.631845731194,105.676772190234,105.654056215681,105.729277476422,118.87625521261,18.8818668995975,39.4083983356236,101.419651583289,121.045375924956,106.265116175895,7.75748020465736,39.3348648818602,-8.22409026633468,-12.5206736516781,71.9519800925765,120.600692254392,116.63054540984,93.5689280142261,116.678784097602,25.1568711198545,44.5581907277191,97.4945203942265,85.5439424909098,94.042124421786,94.0419247189498,109.873739998409,24.7354343741912,40.2860942095262,105.63626229342,85.5178003503495,85.7647930820139,90.2219429836977,119.122496427768,13.5913105879902,41.6643708343576,113.016053716784,105.57599867628,97.6019884228796,85.2743344756694,116.171906909215,2.30766223083052,29.762750510109,89.8049653522406,96.5804683055378,103.491440342557,100.630554788119,94.1707234700856,3.39735871836908,40.9865564211095,90.5532369216084,103.13388691209,102.018978435644,67.0176442597046,85.9570129742473,-17.2180556005857,32.8579663710715,119.90034915491,118.010698367567,118.222746467484,95.834952364503,-28.2769130837105,5.52903079045518,-41.4105746832744,-55.1972503098307,-70.0699869554026,-71.8642042590372,-68.9205738659279,-65.0591711100476,-70.4237781106653,-70.3942128101085
1797.38279812999,2220.4471720075,2250.60934730701,446.381352379613,109.053886289242,65.8746584577543,-71.7155265230878,-28.5307997010227,-43.7823554810515,-26.2382210933983,99.436938532541,-14.6941814573899,-26.5998850277915,40.3993060452402,60.0954744689265,2.47604646165371,-13.3045480372099,25.8447993779223,16.969196260477,38.0013393605219,39.9662832828149,15.9958922368097,-50.6088943072766,-50.539941758741,-15.2397939618903,-39.9745083054838,-25.1861387446309,-20.447340939305,-13.1491637143694,-8.5697706624938,-9.050287667367,-27.9092788834197,40.6525537565345,39.855705592414,95.5179928749636,67.2245182770378,-67.6730164786269,-55.2188618319765,59.1410130360771,52.3619444697969,-28.2191520523928,102.089843235199,26.6128307344744,59.3680799689154,-5.84676419719747,82.5446070726352,-8.70749353626391,38.9253646252504,91.6051671206397,82.4545392561224,93.1777748621908,94.1845031138791,97.0334968812536,-27.9965089662849,-17.6176204684398,98.3681802067252,101.360103113783,92.958934007688,101.247676894995,91.0528791106287,7.22468301888293,40.5399343317701,107.043616044581,84.8840582019785,87.9498538249046,98.1834696006506,95.0808607122691,-21.0045087987194,37.7649577001125,95.2512873949283,95.2383872620297,99.3319613857338,82.9324608290819,107.141264286839,37.458583180189,33.1486367953582,110.936858550512,80.6914025276291,93.8931715200126,82.7378768922759,118.979530556686,38.6195874174719,40.3821779793567,118.9668582171,99.1612044722564,89.467789726801,97.809257525457,116.706385985944,41.6826489805197,35.3247758607584,117.736556843551,103.370868617798,103.351341944782,103.430413645007,117.153306739762,17.2575758382338,37.5717076847078,100.232303737371,119.161638223657,104.95980597894,6.54299971566127,37.5040547796099,-7.46496630399395,-11.5468635867871,71.3998022408803,118.647413589331,114.541239595771,91.0175617205286,114.591444624047,23.303889443395,42.2413082456485,95.0313721661289,82.5262159517774,90.9481527364068,90.947730196055,107.6531558198,22.8980389445108,37.9792505336022,103.339210975015,82.6848419214793,82.7625285193959,87.5934674045768,117.407071297071,12.1569164087673,39.3477233134109,110.849196684175,103.273062611148,95.1304393690865,82.3635448606955,114.069329622058,1.30302658413916,27.7528092358948,87.1633781578604,93.6227238984642,101.36833521894,98.223637753999,91.6258324944601,2.38781313257789,39.0237674003131,87.9273709288343,101.822601488767,99.9415373246146,68.833303076736,83.0616144726615,-17.350865065714,30.7589743429678,118.079832573883,116.267588218538,116.48774751816,94.7470293229829,-27.619538217765,5.5776426188439,-39.0350791463429,-52.1630434207362,-66.3309928079928,-68.0406715539086,-65.2358383393987,-61.5571862942356,-66.6681341523156,-66.6399677298623
1760.97039948802,2193.93241281867,2224.98507894377,412.36104948491,107.518109661206,65.3954310895558,-71.7008767676596,-37.3244746316752,-50.0369753922071,-21.8821896288656,99.0134018260016,-13.7555868923041,-26.0141150989263,40.4472098933995,59.7307302896686,3.19227693795563,-12.3931230008318,26.1756287894397,15.2398917149582,35.5667236411877,37.6800012154325,15.4296376530173,-47.4187071473022,-47.3535017072425,-13.9819727654542,-37.3598481614389,-23.3837747985085,-20.382786656331,-12.2391860767276,-7.70395855099565,-8.17299378592526,-26.996105961617,38.1579862142615,37.3918036108542,92.9305137866315,69.0094289132554,-67.0124091013685,-52.5572224344033,61.5016663675993,52.1732686237565,-27.496154055024,100.66120480644,30.2072783471332,61.767664716587,-1.50775225259932,79.3849964789509,-9.32634836168467,36.450432716881,88.9369113726547,79.4411968663826,90.0856232304888,94.3603241456383,94.0569908597392,-27.0813711032721,-17.7559091256051,95.8041887689312,100.421078407778,89.9033003871552,100.312039910057,88.3816532279054,5.88638208107827,38.2303997504934,104.671288340614,82.030385622036,84.7668130954624,95.6325264730825,92.4874283794396,-20.9426474426452,35.3389508042242,92.6604648710696,92.6508631814083,96.8242503078643,79.8357193522483,104.777348711627,35.4838801938022,31.4951629136047,108.644478645441,77.8582943187841,91.4344218571717,79.8275054850052,116.968439268772,36.17443197651,38.1460264580737,116.955894390558,96.6513364655965,86.8872815476876,95.4055385030469,114.545586205893,39.2361409878609,33.5119567265172,115.719595780857,100.944035316008,100.927972857791,101.011072404303,115.311682071904,15.5122432453088,35.5923288823749,98.9553266894529,117.154146247751,103.557275486081,5.24059181883712,35.531005339517,-6.64589112569519,-10.4962400409223,70.8030892177077,116.569610925062,112.32821513525,88.3446032444826,112.380465098557,21.3113670522953,39.7453452834089,92.4476041660728,79.3636718489436,87.6859695585902,87.6853150765395,105.311265343118,20.9223616534865,35.4953484486035,100.921954805698,79.7206400543548,79.615724465598,84.8417768716841,115.572983180156,10.6168644673338,36.8528888513195,108.559624856516,100.849574828011,92.5374138763773,79.3155841132124,111.842711927293,0.227346966564994,25.5905415737481,84.398758326206,90.4976978789855,99.1035817921494,95.6665509136292,88.9580937218532,1.30671621508009,36.9086667267267,85.1778027916747,100.403906132332,97.7257201170448,70.7110033996108,80.0259042025327,-17.4854416986679,28.500257176159,116.137470017763,114.405746391622,114.634159360537,93.5775291361164,-26.9028719500564,5.63053186609119,-36.472444860458,-48.889794405608,-62.297390299108,-63.9158626850813,-61.2607734236011,-57.7792816412104,-62.6165685040062,-62.5899112610395
1684.64535620401,2136.12593346207,2168.87670217427,345.814365126558,104.147905641459,64.3371843304209,-69.6239813411266,-52.3370126978443,-60.0788363047105,-12.3252215509527,97.4013353922536,-11.469431228151,-24.4618866869807,40.6030010587103,58.9407222120354,4.93138287479906,-10.1702883946346,26.9900932207971,11.4796895121657,30.1312890865885,32.5365103852336,14.1077351165204,-40.2655108918622,-40.2087816489615,-11.1982509087095,-31.5089144731461,-19.368909218243,-20.0083135193969,-10.0202314983911,-5.59808361929046,-6.04124261420321,-24.7164916009966,32.5719171658498,31.8774925918625,87.8983986198233,72.1419822629073,-63.7666579022832,-45.7356621237309,65.8666550058193,51.7768031696868,-25.6347999120338,97.099584481792,37.4581436209207,66.2029070687245,7.68999014475168,73.2121106356039,-10.5130095931835,30.9215845523945,83.7792720925003,73.5961997316445,83.6117183584132,93.9772015005765,87.7089939230969,-24.7971385626583,-17.8417653718169,90.1944894776886,97.7980563827544,83.5019781498167,97.697222141649,83.2401262388945,3.03704718626511,33.0327758155101,99.9361047323435,76.5518378658267,78.2969631562414,90.0508097661341,87.4557385464383,-20.5720188836174,29.9237448001736,87.6327701289406,87.6301419615069,91.9197519475458,73.7694022613696,100.060695991095,31.0156971633471,27.7392682678632,104.014744601095,72.4337058493495,86.6771230658155,74.2274311655952,112.708746487349,30.7127748464943,33.1034626371795,112.696372918414,91.7460910186695,81.9352692670967,90.7233762699794,110.071368671194,33.7459617985884,29.4023797257222,111.478748498601,96.156619808959,96.1496127354371,96.2410341744651,111.34465246915,11.7153269614929,31.1133083303984,96.1236248744204,112.899827424994,100.457949268357,2.47355654722057,31.0658619317647,-4.85201427660257,-8.18015990068042,69.475647688053,112.2116950447,107.799276140057,83.2010938743932,107.855546254908,16.9390872296584,34.1415142695359,87.4438902169409,73.1848238972937,80.9696745909466,80.9685965666718,100.638073592169,16.5892274034447,29.9563698506012,96.1589257210148,74.0236343857487,73.4595201516973,79.5589959438041,111.616439900125,7.2981476376732,31.2783254163936,103.939107606687,96.0726548616368,87.5070701576086,73.4086933123579,107.289937149616,-2.01429170830986,20.820855858201,79.1046958697038,83.9536905942665,93.9907540109222,90.0724975100164,83.7964007923229,-0.949732922743635,32.132137323265,79.888973181981,96.865589986261,92.7307192030308,73.9940742889714,74.0705885842303,-17.5641792722573,23.5006694649913,111.993980875517,110.40973104748,110.651512524846,90.9955457134086,-25.0575202983516,5.70057475009904,-30.739039657777,-41.5484824024919,-53.2345698401844,-54.646453960684,-52.3305257014307,-49.2954650122737,-53.5130567303786,-53.4898168016023
1678.96758285188,2132.24229254876,2165.14968821889,339.804304036718,103.922726333033,64.2575264378937,-70.0488828497551,-54.3247443916484,-61.624656031196,-11.7990802558359,97.4587618771922,-11.394805842805,-24.4360669900095,40.5852411286902,58.8736953418087,4.98498470691601,-10.0987277689247,27.0044038074767,11.2496201147614,29.8328141104565,32.2632816770127,14.0489636451471,-39.8789607671221,-39.8226717862617,-11.039038258625,-31.1899166597596,-19.1456006470939,-20.0427584225156,-9.94875714977348,-5.53023888457813,-5.97195888186943,-24.6510612250227,32.2691131330127,31.5778552858681,87.4223523194275,72.4960336481643,-64.0611315665565,-45.6165706973991,66.2993162210305,51.7325611071088,-25.5929175492795,96.9821547505655,38.0117038108961,66.6434708210346,8.2766713410532,72.649569410454,-10.6241262526172,30.6187891841519,83.2846648477509,73.0498817997403,83.1454140437012,94.1263655906944,87.281514997393,-24.7314979042619,-17.8993896171669,89.8505012856289,97.767887866781,83.0417054365045,97.6673216912636,82.7407197330436,2.84809750429542,32.7570963054464,99.5165584824994,76.0202926290307,77.7799521227024,89.7085896214967,86.9763809209829,-20.6070522546049,29.626145210764,87.1540026074364,87.1518337263797,91.4612796891958,73.2207523379957,99.6420995682241,30.7843559179911,27.5482301323999,103.617333006671,71.9042688129665,86.2186838012987,73.6894347951122,112.391640146629,30.4134256494515,32.8383621127523,112.379308501086,91.2866133209029,81.4491138231635,90.2790424765586,109.71426709864,33.4509184666745,29.1914124321795,111.155160155852,95.7184125384904,95.7115307414337,95.8035063230228,111.064552232081,11.4834766686614,30.881464608548,95.9389843119083,112.583590123768,100.254744652417,2.28859016005953,30.8348404515151,-4.7448202905336,-8.04547955308411,69.3819605806313,111.877028950504,107.424720056668,82.7011161068607,107.481309949971,16.6811789318205,33.8411669763735,86.9643115988741,72.6218380505696,80.4569161656384,80.4557927464893,100.222892969624,16.3331064714301,29.6507056433688,95.7211899022074,73.4748123415997,72.9007894444077,79.0442521376356,111.338362712145,7.08788306851037,30.9733221334325,103.541449244006,95.6342438737848,87.0276420246086,72.8553424343514,106.912728631534,-2.17495813552,20.5454477375576,78.5850442931439,83.4828672949297,93.7146110944021,89.7292862559348,83.3029278687973,-1.11080604854999,31.8826484759788,79.3765513940538,96.7491222590578,92.4587546071279,74.3702581668401,73.5339627090885,-17.6212103421636,23.2160377697072,111.692439851054,110.124455146804,110.368096702936,90.8232257103587,-25.016183944595,5.71608258310198,-30.4261826431769,-41.1522131401071,-52.749239001492,-54.1504558492763,-51.8520446150836,-48.8400700459001,-53.0256256196231,-53.002562392934
1615.64703812513,2080.17718246365,2114.17338911099,292.06059637164,100.844408672943,63.2054811404851,-66.0615139411076,-62.2623559789797,-66.0337108865551,-3.87151484749987,95.128300907773,-9.19576764452967,-22.7826015766113,40.673907520799,58.0791376871196,6.61967512423524,-7.96013590326206,27.7212379363929,8.07958045335715,25.0671059531095,27.7040075499618,12.818242481909,-33.5631266375288,-33.5144131535678,-8.62627899743362,-26.038446913203,-15.6333353273426,-19.4315373192077,-7.81456785383713,-3.51942002871323,-3.9375832000168,-22.3729370780255,27.3501722561037,26.7259756937717,83.744423416524,74.0534104006662,-59.3753579502593,-38.8531168108844,68.8635603003955,51.2933635478108,-23.6669188769207,93.3144178368891,43.2320349459264,69.2494537417438,15.5182126519504,68.1954634082665,-11.4205958867163,25.7669687636985,79.5727633764387,68.8753290331416,77.91157526149,92.7305402532052,81.9994877003494,-22.4489530248151,-17.6986103416541,84.9902428969087,94.7286384857615,77.86013363019,94.6358813196422,79.068893427438,0.524427124734729,28.1475706374196,95.8522194836844,72.1594091702073,72.7910047073907,84.8712328225195,83.3150952260539,-19.9955107152559,24.8794528974822,83.4935485388116,83.4969118304142,87.8240203038674,68.8189452928523,95.9928629801587,26.7916555125899,24.1740799485997,99.9495048018486,68.1082087323631,82.7636339850448,69.7377459373014,108.725173426277,25.6208526119406,28.3537159639534,108.712893414372,87.6536903020743,77.9263839586907,86.8224515321926,106.006919757834,28.6002984055829,25.5096745552422,107.544629112009,92.0978868905554,92.1001772705942,92.1982171749615,107.55475592637,8.28020090517478,26.8787544015663,93.2973245797028,108.918189397478,97.3874294682099,0.0395971089434397,26.8439794727392,-3.21341676575167,-6.04934443206162,68.0787478998676,108.185305550336,103.746530703164,79.0297606290755,103.80577520823,12.9440362477044,28.8881133562769,83.3338131068233,68.1633685474263,75.174405571758,75.1730274052445,96.6026030648848,12.6322107301202,24.8025812287667,92.1247044826357,69.4665859213383,68.4471951641562,75.3058036377884,107.829633583678,4.32889076633671,26.0798223591565,99.8849558105132,92.02622009631,83.3678011624664,68.6454335675736,103.222959248699,-3.93944276735886,16.4366237345266,74.857462766699,78.1922147853309,89.0802689083228,84.882877729753,79.5819029707552,-2.89340045458914,27.6259653033416,75.6202111772462,93.102868219894,87.9368013255755,75.9927061945254,69.1982393877043,-17.4161885389206,18.8871397524465,108.085009404873,106.610663773164,106.859350586382,88.4193954508025,-23.1073376501671,5.71857194584598,-25.3795545359506,-34.6679703144028,-44.7244807950416,-45.9407176077167,-43.9459691630202,-41.3335430645596,-44.9644276490442,-44.944422951309
1599.62698432435,2067.78910387707,2102.12083292619,278.412957784944,100.125760469701,62.9692898355193,-65.6366075802198,-65.3193189000154,-68.077393031242,-1.93600985372592,94.7737294481282,-8.7290050727662,-22.4608139630258,40.6917838653252,57.8991237534045,6.97024423327639,-7.50664159194741,27.8771632588466,7.31205634594653,23.9540380269668,26.6496799560457,12.5458856675118,-32.0978017894874,-32.0508268148815,-8.05710966821582,-24.8402328748281,-14.8116699272399,-19.3502006220647,-7.3619074432718,-3.09109659529122,-3.50386266055199,-21.903397164366,26.2058348667181,25.5964121294943,82.6930891177795,74.6672588176793,-58.713916683711,-37.4676962228636,69.7290186748586,51.1955699816426,-23.2820111773444,92.5642219379346,44.6893380055766,70.1291348359423,17.37687284327,66.9188021589626,-11.6590643678954,24.6346998599009,78.4973993521466,67.6647359426442,76.5730334096173,92.6261542275506,80.6856967316261,-21.9784502321278,-17.7113831135498,83.8258136942761,94.1687910275315,76.5363514677894,94.077717950808,77.9968417261818,-0.0556593356249095,27.0821052275168,94.8570986033089,71.0215573402985,71.4539923695335,83.7125155709056,82.2639308323014,-19.9147798815145,23.7705530716034,82.4431301317852,82.4479063641448,86.7971413046751,67.5638202925468,95.0014349852106,25.8750550157889,23.4031861117158,98.974462515883,66.9827377039035,81.768327706445,68.576257153044,107.822761138285,24.5022866726549,27.319764564332,107.810520972843,86.6267032500639,76.8931197611861,85.840948587786,105.061622318157,27.4751139396558,24.6664214976206,106.646385471536,91.0933298188672,91.0974430384512,91.1971307805206,106.712386356018,7.50515240606777,25.9599244505508,92.690712913824,108.016802082724,96.7250377757384,-0.523610986117404,25.9279839544617,-2.84719823814868,-5.57606215299251,67.7862533791946,107.263005006915,102.790757744007,77.9573105127318,102.850795103909,12.0506228838494,27.7397528985461,82.288257807539,66.8855095024617,73.7870376302425,73.7855736959588,95.6197549713005,11.7468490734428,23.6685058359882,91.1250520127812,68.2854435386593,67.1738872820541,74.2064793370366,106.989308219783,3.6522408041717,24.9381640149447,98.9117881165441,91.0237967770599,82.3168836701578,67.4223089278378,102.26253685444,-4.39464273395515,15.4613804109896,73.755918681658,76.8393703124709,88.0158937534738,83.7216512979251,78.5057520932192,-3.35194369674713,26.6463681233885,74.5196068477236,92.3574517212803,86.8966158287084,76.6368114133938,67.9655869846013,-17.4276015664854,17.864441334883,107.20651787533,105.762720503447,106.014039130189,87.8651442295604,-22.7258591771403,5.73147665346337,-24.2054418978572,-33.1640559279431,-42.8674349212788,-44.0412920671267,-42.1161188526891,-39.595269913676,-43.0990342309738,-43.0797305345729
1582.92610607599,2053.52961013516,2088.10637412921,266.631898504962,99.2862124234924,62.6676282436261,-64.445632889626,-67.0213347902927,-68.9176978122038,0.087401569763756,94.0805218968695,-8.14325495204437,-22.0057157011832,40.6982797313977,57.6673643539193,7.39900347592484,-6.93729062521797,28.0540811105733,6.49601638607166,22.7106513651198,25.455748297023,12.2181556161245,-30.4468917855593,-30.4019054978193,-7.43063505070239,-23.4950291437956,-13.8966289978605,-19.1669999372661,-6.79381014114605,-2.55796137176503,-2.96442416813002,-21.2873404839416,24.9206183302594,24.3290501039306,81.7597695963885,74.9695207808286,-57.3651964745014,-35.6553917768102,70.2888304010131,51.0588700941756,-22.7558742973532,91.5494815401855,45.9529398501717,70.6983560371381,19.1926985188016,65.8050938557298,-11.8459043983009,23.3684911156743,77.5617363729057,66.6225209387418,75.2215647277767,92.1664106053026,79.3102316171367,-21.361198388558,-17.6355883493343,82.544010540658,93.3037170356444,75.1976949516882,93.21473360521,77.0733639233474,-0.64676039603026,25.8748228939651,93.9069516647146,70.0586417188261,70.1829913447304,82.436573265342,81.3361039565804,-19.7310725913929,22.5322394152836,81.5152792820127,81.5214478386698,85.8682345729157,66.4608016970487,94.0550636969518,24.826634787377,22.5155665121049,98.0157379385507,66.039215329393,80.8918393211317,67.5918142539632,106.840446785669,23.2515059674696,26.144070775969,106.828218309219,85.699298239819,76.0075093248627,84.958200275708,104.079165808214,26.2061811580453,23.6987998766253,105.681515778484,90.1616449407891,90.1682055001946,90.2693444144369,105.764632460889,6.68036376974115,24.9088484704505,91.9646173587968,107.034457592306,95.9396442932299,-1.09503277140658,24.8799702270788,-2.45180369064724,-5.0588418337764,67.4168721155848,106.278251459744,101.821616056134,77.0341082062297,101.882261531318,11.0840274395106,26.4439967148199,81.3687733813155,65.7707400039895,72.434363451151,72.4328415373371,94.6800483573802,10.7898754642359,22.4043800249256,90.1997376785527,67.2882825474687,66.0593263815288,73.2708725905237,106.041207562738,2.9455209469279,23.6609460258614,97.9562244112246,90.0955791348296,81.3894255753538,66.3722339709716,101.291195227613,-4.83763260427517,14.395800113514,72.8245995696116,75.4734066629724,86.7777214238064,82.4434761097899,77.5673788300453,-3.80030598593254,25.5296606099487,73.5784614280901,91.3484068480778,85.688486453394,76.9510116523221,66.8775372857397,-17.3509284935456,16.739822541896,106.23697010621,104.815657936066,105.06776055246,87.2035690077267,-22.2045550598406,5.72653560089574,-22.8877433951197,-31.4689112377204,-40.7677109064943,-41.8929777181662,-40.0475682304518,-37.6316557728023,-40.9897378617065,-40.9712374580333
1461.64828118911,1942.24174088271,1977.98863495695,194.272212407208,92.7421452002257,60.1569119524359,-52.3783948361396,-71.9548122084263,-68.6659000380913,14.4393600800385,87.4898375386955,-3.52985240410126,-18.1913108157492,40.6079451247876,55.7127107758062,10.7064788403835,-2.45398780380035,29.3152107543629,0.651222766384848,13.504379577989,16.5375715460824,9.67542579717664,-18.1640464941619,-18.1340044134037,-2.84279571231266,-13.5101937552982,-7.1415838971366,-17.375982872151,-2.32142928169148,1.61456850918654,1.25655926206474,-16.3061917119164,15.3715861842213,14.9186409888841,75.7537476607742,75.3946000631186,-44.6123279830805,-21.0299785981716,72.5226938567246,49.8319774475831,-18.414252935959,83.1111683557553,53.6186369713166,72.9725953751234,31.4425955615433,58.8031630999152,-12.8516880560886,13.9867700939343,71.6516900617914,60.1370882192017,65.7158701194763,87.1041145090086,69.3958962330669,-16.3705766462801,-16.6489259511566,72.9982129242578,85.6943576563317,65.7707292037789,85.6219094638027,71.2909750569019,-4.75215116051956,16.853480861371,87.4112416705652,64.1445246481093,61.6219847153328,72.9320103240826,75.3943812816232,-17.9300547926685,13.3655194653387,75.5693646018803,75.584993264907,79.7886213598972,59.4786486425238,87.5854729886423,16.9451467533904,15.8146620076936,91.3154929983269,60.2999225240194,75.2822713560453,61.5440578190513,99.4982493713803,13.9842229305735,17.3390714420099,99.4859879367285,79.6381000311125,70.4834067702034,79.2017444406683,96.9469721627521,16.7522118694487,16.409809810417,98.5252179999527,83.934195211631,83.9606009079861,84.0705968433933,98.5393116638247,0.769245596327693,17.00690879469,86.2210091129904,99.6866157689305,89.7640058876162,-5.05093939985161,17.0001915618144,0.404662039532781,-1.28996062571585,64.3766998885005,99.004379165407,94.8997561009304,71.2569521114684,94.9635853308819,4.07751622730567,16.7878204302822,75.4976252106099,58.7622356025833,63.1559708758577,63.1541876446359,88.2459610461552,3.85757920031941,13.0578764820276,84.0231340503195,61.1872069680882,59.0306969970182,67.4847848837569,98.8014763216912,-2.05269236970716,14.1952608760685,91.2840393093083,83.8985452434123,75.4507455249657,59.8558316484288,94.3669649826032,-7.80589266585454,6.62033472406628,67.1003242009325,65.866592282697,77.2509062566597,72.9248832622427,71.6293446692499,-6.81734337987228,17.1528423353625,67.7331130410242,82.954115503845,76.3987852569336,77.36485560468,59.9612199534738,-16.3611468091055,8.49838125664223,98.9299357242734,97.6270090912449,97.8751412717382,81.9709862591653,-17.9039963942897,5.59274341667921,-13.1092933429984,-18.853222835378,-25.108770539401,-25.868367633674,-24.623189068797,-22.9966930932394,-25.2587530453906,-25.2462957912213
1404.21428724827,1889.02817643182,1925.28778084163,160.695881086911,89.6038455742471,58.9313052212217,-46.6571127810056,-74.0534251107213,-68.3738245676412,21.0898250153991,84.3054320054088,-1.3565546605472,-16.379297451737,40.5342604132699,54.7520026990805,12.2538767587839,-0.342663993245083,29.8853327686056,-2.08943614538833,9.17304872647242,12.3382352475402,8.47444806693102,-12.3804092480987,-12.3574096395897,-0.685292536575048,-8.80952951792028,-3.96283914652349,-16.5146365050173,-0.21536296931572,3.57628441620474,3.24128231056022,-13.9483074546438,10.8774755004733,10.4900475008416,72.9309657993426,75.4779487179908,-38.5876289948763,-14.1841724106567,73.4490797301954,49.2169404137641,-16.3545602278457,79.0859369457584,57.0969812659038,73.9168238214814,37.0869250462686,55.5436476747612,-13.3076336816418,9.57260862240241,68.8817358671996,57.1171235858038,61.2557258022512,84.6262356635493,64.7341018810294,-14.0081878380489,-16.165880081998,68.4942396990343,82.0445244119483,61.3467304830095,81.9798408519463,68.582211181143,-6.67101291291314,12.6054078437724,84.3352379984505,61.3868767123953,57.6185083109102,68.4472516656663,72.6027598519639,-17.0634944871876,9.05289153553213,72.7754678808506,72.7954764203863,76.9237227243024,56.2257817505519,84.5214287438091,13.2317759633426,12.6563761703771,88.1350000814134,57.6278709349622,72.643928223362,58.7274230959246,95.992170933003,9.62378813232195,13.1919951164567,95.9798990131255,76.7821950456986,67.8946154975449,76.487190619084,93.5496829389794,12.3013547555138,12.9749854257216,95.1093033273561,80.9916505856003,81.0273569712117,81.1413151140317,95.0829358923932,-2.00266276890034,13.2838779211858,83.4603457108522,96.1775270682918,86.7989197149559,-6.89933972875423,13.2875652646245,1.74648403807186,0.481699974793173,62.8992137950535,95.5341471503499,91.6069310719547,68.5507655134606,91.6721402042985,0.788170000584444,12.2419569336791,72.7391415033206,55.4997285265339,58.8123423598352,58.8104442984342,85.1973667771662,0.603285931011044,8.66120644933767,81.1043763744418,58.3473770364959,55.7578304381216,64.7810952052637,95.3376747320644,-4.39330310637587,9.74148384348538,88.1168539162098,80.9704033497391,72.6604920032561,56.8225730394934,91.0740400956834,-9.18798226740634,2.96752942756046,64.4268484153718,61.3593904105927,72.741961039404,68.4336662265931,68.8460989516037,-8.22318704524255,13.2068569067434,65.0009043777846,78.9495621652203,72.0015128904214,77.4392586910175,56.737152213677,-15.876909703396,4.62497872967475,95.4383156108682,94.1897875305876,94.4354658016034,79.4538647493769,-15.8640453305164,5.52622379450963,-8.50587462745989,-12.9127133722733,-17.733991407766,-18.321242481525,-17.3589607963817,-16.1045165943785,-17.8500178916514,-17.8404087785833
1342.10435525235,1829.3568042533,1866.00037341492,127.568174564743,86.0935140386052,57.4990292616727,-40.0202745276044,-74.8714602732916,-66.8819329470162,27.9435816196543,80.5596311590209,0.996979967394878,-14.3586345555109,40.3734780630979,53.6133071126845,13.8994103022151,1.94221103990097,30.4378492754696,-4.96097122089762,4.56477023854765,7.85268075774107,7.17031566290095,-6.21326202877211,-6.19780537357522,1.59875107864312,-3.80248585681542,-0.585261048015042,-15.5040298427843,2.06346863986025,5.68954247197891,5.37971282370304,-11.3563379103004,6.08856915928206,5.77228539554199,70.0129276265434,75.1246791978938,-31.7250160095475,-6.75814776327084,73.9704338117625,48.4565167239759,-14.0709741975591,74.5580950246971,60.3706688780559,74.4512959256969,42.7590989674262,52.2571794613214,-13.7087671342389,4.87478951634711,66.0473521706261,54.0785358824154,56.5572541119808,81.5885940814344,59.7752881086359,-11.4112472989773,-15.5586411140303,63.6366649420144,77.8573636227393,56.6833086718066,77.8011196257337,65.8197061211514,-8.65166069664755,8.06703757687544,81.0626637981771,58.614782036788,53.47158888107,63.6096192330135,69.7224688042467,-16.0454986315342,4.46496221061284,69.891730280296,69.9161795659233,73.9346713536044,52.9344360510278,81.2608127142591,9.25400876844657,9.26689893745612,84.7194180997652,54.9575738558618,69.9163519684343,55.9024318111692,92.1321453761834,4.98292328768341,8.7570895524417,92.1198592498985,73.8042125168206,65.2552757126752,73.6537364482082,89.8482355233324,7.55207309058736,9.29226235707583,91.3568131489185,77.8900930850058,77.9358690589062,78.0534638188707,91.250617236446,-4.90773564133039,9.29565431603305,80.3511126386951,92.3130054328286,83.4698294241647,-8.8042688160871,9.31029455713494,3.15802724152897,2.35294081237546,61.1893923625676,91.7289987876177,88.0399482445276,65.7916085475823,88.1062598361211,-2.67751711495674,7.39138678107079,69.8951748532597,52.2104071090052,54.2839363845087,54.2819507031724,81.9493398978851,-2.82444634387988,3.98651098456867,78.0284046405498,55.5059554852887,52.4532186984459,62.0464555756338,91.4948771699296,-6.83085484710054,5.00097658263806,84.7162139675186,77.884953153994,69.78159122922,53.7753839433886,87.5104342748295,-10.5887164905161,-0.892945520823417,61.7301426144006,56.6122854072024,67.8170717348454,63.5896956049416,65.9963336306328,-9.65202759887021,8.98394125648508,62.2324718301094,74.4440299151672,67.198096114877,77.0566201708334,53.4671906583816,-15.2694014276635,0.523264137230882,91.5832353837612,90.3850646340911,90.6259173335139,76.6144628169277,-13.6030084833255,5.43341418172898,-3.6029185770474,-6.57744745441298,-9.86185429767059,-10.2643917379451,-9.6052995969724,-8.74954070776474,-9.94148647639625,-9.93492942104925
1284.52473766953,1773.09329763592,1810.01400287245,97.8563357070478,82.819282764658,56.122042844702,-34.0851694937272,-75.5100035322356,-65.4794209558213,33.9683852347154,77.0941336255407,3.08258796842256,-12.5410202402702,40.1562436264423,52.5039546873103,15.333348186536,3.96516127050967,30.8717728960457,-7.50248073734298,0.465034768919992,3.85638748806176,6.00027326041862,-0.726246956397318,-0.717514498996223,3.62440122717135,0.650293461810662,2.4151294472961,-14.5809398048303,4.08083767410574,7.55342486435492,7.26650605281623,-9.03695103709219,1.82587650405037,1.57329926240874,67.2907014769579,74.6785628629664,-25.6021662642278,-0.172554895866682,74.3024860367567,47.692373115515,-12.0204809198459,70.4081299138005,63.1670556919301,74.7942648979009,47.7120047318958,49.2410641690009,-14.0419831755568,0.695026414718257,63.4065111195404,51.2788183896234,52.2839806234256,78.7499287124375,55.2660525471588,-9.08734890864085,-14.9934977246785,59.211268804316,74.0044848710854,52.4409465833943,73.9558177285286,63.2428766027575,-10.3958713460068,4.02348472354981,78.0061172326239,56.0427060950754,49.6918182980649,59.2019658009153,67.0341721376405,-15.1148797027194,0.383464835619549,67.2000654182079,67.2284109559339,71.1423152815692,49.9129699197295,78.21449570169,5.70626903174067,6.24153752692186,81.5295257044414,52.4825534415892,67.3632799214479,53.2885753634515,88.5354599577812,0.853520639002539,4.80425017341241,88.5231849521723,71.0218927949964,62.7887430037774,70.9999105258535,86.3958684811514,3.32202367024186,6.00645660294359,87.8568391935609,74.9908294398682,75.0454398956159,75.1660404964127,87.6806226480136,-7.47910864266353,5.73855914914662,77.4436672293661,88.7120057101208,80.3614367734626,-10.4809973812253,5.76290083532959,4.40626838243188,4.0107506745351,59.5593275797162,88.1814771524792,84.7099202681663,63.2177868503564,84.7770873263898,-5.75044644565108,3.07174250247257,67.2387169756413,49.1918449550214,50.1647961558204,50.1627357996702,78.9129156155174,-5.8634259371776,-0.171219463402736,75.1515497256509,52.8781033604999,49.4207307023873,59.5012837126445,87.9151621561198,-8.98384535432695,0.783095757714051,81.5395618379291,74.999964244247,67.0944101267998,50.9684953739988,84.1843658811654,-11.8147459402749,-4.31944207860064,59.2190812777673,52.2957636554119,63.3253837931305,59.1764483269776,63.3419900517227,-10.904694623779,5.21896522976323,59.6570547741444,70.3140452785428,62.8151996005972,76.5814757557677,50.463873229331,-14.7045361236948,-3.11983839266509,87.9921672107807,86.8410901815741,87.0772361373764,73.9533330949586,-11.5733722404168,5.34195437913695,0.757094516942942,-0.94052911310331,-2.85465812871453,-3.09249136765342,-2.70374247616002,-2.20345860191574,-2.90183794198691,-2.89800216643368
1180.55119154817,1667.0972820112,1704.16200023099,50.308790294042,76.7076607797371,53.4158103709418,-22.9136392829096,-74.2637870767193,-61.0911773262381,43.9505641254722,70.3807588172798,6.74090937118751,-9.22997207870816,39.5608636751732,50.2864483080026,17.7729557011453,7.50902238016522,31.4662029286059,-11.8059063231067,-6.61620059156036,-3.08132356328719,3.92517779758015,8.7725322993744,8.76955472874752,7.09673707445265,8.34764302924103,7.58439041970888,-12.8078701844686,7.61409914135521,10.7950784438896,10.5494667242231,-4.88202539176527,-5.55139159124261,-5.69114885113802,62.5632730565898,73.0547839094039,-14.2753407407183,11.4174258192091,73.9889037958929,46.0984574975133,-8.30936184037202,62.7015478445847,67.1916250629952,74.489374051794,55.6406093565254,44.1970737776319,-14.455553352887,-6.52712653083839,58.8710159169069,46.5928606972106,44.8557359354853,73.0480618969986,47.3530536082431,-4.92423980888245,-13.8390033585969,51.3313473487516,66.7122016719591,45.0604719544905,66.6770042822522,58.8286823520466,-13.2901867864227,-2.99771306785073,72.5451843700302,51.719047316557,43.2225650508649,51.3519314539676,62.3729847910413,-13.3247326001689,-6.66539099936199,62.5310911887804,62.5657602103423,66.2443718482409,44.8398089730085,72.7695504081634,-0.475320517742603,0.957329184759118,75.7810678364936,48.351421504622,62.9188742966747,48.9145078342804,81.9173797555157,-6.28234638281904,-2.06823654513553,81.9051485115058,66.143867050048,58.5591778976839,66.3347837332537,80.097846365925,-4.01218352795703,0.274508441190733,81.4251981628671,69.8532152545165,69.9232153609133,70.0478286665072,81.0719984243559,-11.8346097842971,-0.459536974772817,71.9770725489064,82.0840695167487,74.5373171585874,-13.2574154713089,-0.418677387945706,6.52704158816454,6.8434140554547,56.3932803004841,81.6748329754418,78.6629582348917,58.8097748508545,78.7308805237513,-10.9916774482753,-4.41692998708265,62.6336477579951,44.1442532139795,43.0784361098106,43.0763047302392,73.4774733867908,-11.0447468877159,-7.34636759376355,70.0526669485313,48.4935007354983,44.3420027824812,55.1851826892636,81.2852363268263,-12.600001971072,-6.50592139008447,75.8151428264279,69.8881765051507,62.4349041075321,46.2793974421899,78.1508429286571,-13.7972932258984,-10.1870522767117,54.9714243905663,44.7950209231822,55.2260653599488,51.3176344792852,58.7814360443389,-12.9397249841938,-1.33305873255068,55.2830694231181,62.642657023906,54.9090020094025,74.8726384004141,45.4065360595321,-13.5527288811092,-9.37436935105958,81.3690492640706,80.2904757630682,80.5145309482055,68.9367870865599,-7.9016918437737,5.13774097121529,8.29303036510083,8.81949801072119,9.29301227186903,9.34224507696527,9.25982376404582,9.14067266035664,9.30239744672244,9.30149118022558
1114.86888641132,1599.24296334609,1636.32414694759,21.235024080376,72.8267304909575,51.6598269063967,-16.0454616481741,-73.3418737346173,-58.2802894663631,49.9524233769453,66.1410445180302,8.96479146186365,-7.18766258597526,39.1215818901299,48.8352193480325,19.2306616701082,9.66146968226386,31.7696805457144,-14.4134902644408,-10.9318754769965,-7.3160548114021,2.64953210405213,14.5627079284791,14.5525777360971,9.20616412360842,13.0374211523239,10.7302122087726,-11.6988710072725,9.75986367528745,12.7564731040158,12.5365754757873,-2.33221076846735,-10.0500820626505,-10.1206020888836,59.5637607072293,71.9138305163777,-7.33042578805708,18.4688091838357,73.6453631859722,45.0362843980071,-6.02425626581169,57.8733790087445,69.5093572651589,74.1500860862147,60.364831830692,41.0426627538996,-14.6801130758312,-10.9291177871475,55.9966943263018,43.6522688777635,40.2402323932125,69.4194537789063,42.435477636966,-2.36934163460637,-13.1061658361522,46.4243786483869,62.1276164576853,40.4736408019739,62.1007050250868,56.0287064101404,-15.0335062359387,-7.28364173116839,69.0757683681364,48.9894053302405,39.1977056978078,46.4631528371346,59.4144227648146,-12.204299663465,-10.9611772113079,59.5674356782875,59.6058940764081,63.1327963108997,41.6660091486748,69.3094397812522,-4.25283670912015,-2.27436374866926,72.1287945278558,45.7460075745595,60.0912715440171,46.159801152688,77.7188934425888,-10.6320606639222,-6.26504308767403,77.7067118669134,63.0446930281845,55.8722016398631,63.364977347398,76.0998116699165,-8.48750726377574,-3.22957927717187,77.341959459338,66.5873690346986,66.6666369212536,66.7934420472153,76.8799523577696,-14.4739730699189,-4.24717413056237,68.4989179174335,77.8792025949382,70.8359284565222,-14.9287254364791,-4.19629552180569,7.81134966744986,8.56229466067151,54.3505588698216,77.545468325368,74.8217935669274,56.0136269060176,74.8900349414636,-14.17412160543,-8.98590392770353,59.7088786275908,40.9877536946709,38.6764687581816,38.6742990911737,70.0216801446699,-14.1904650609835,-11.7180500662346,66.8100960313719,45.7334099344407,41.1659892289427,52.4528529872144,77.0796856613232,-14.7859210408645,-10.9488285899872,72.1775095890974,66.6380577365133,59.4772452891746,43.3376502885499,74.3189812701822,-14.9822594494422,-13.75395827413,52.2814648165008,40.1354246652549,50.1758977958499,46.4235767097089,55.8919541296252,-14.1584150361582,-5.33537601912505,52.5151044217056,57.8360835935696,49.9773805617903,73.675969318746,42.2410431471599,-12.8220849319502,-13.1793675061012,77.1681353172248,76.1355926675555,76.3517604232731,65.7395771286471,-5.64147834377206,5.00344465503548,12.8842409809174,14.7692839566241,16.7014530173929,16.9260743459309,16.5557856003808,16.0582033530705,16.7453982608621,16.7415949293372
1110.48353007433,1595.29236076303,1632.42088512316,18.3883930856251,72.5984414190127,51.5691793449569,-15.7536491736044,-73.7278563849958,-58.4636449704181,50.4216205968495,65.9496543705898,9.10469029666103,-7.07418697624277,39.1101736202728,48.7625597755078,19.3288378584965,9.79713991610889,31.802248179919,-14.6075965159324,-11.231351581304,-7.60465474242358,2.56892288675704,14.9607474432331,14.9501355754401,9.35612192769378,13.3614059372243,10.9500456375079,-11.6501912881908,9.89519459943153,12.8822726569965,12.6639822872656,-2.18111644989861,-10.3600492337019,-10.4261915041967,59.3204648583773,71.9599676799269,-7.00361822383113,18.8983034841023,73.752972021573,44.9880015152946,-5.8938475559992,57.6080064880718,69.7881998145302,74.2597860356861,60.7802002607111,40.763054298355,-14.7206798211443,-11.2341606536225,55.7543530035949,43.3890188178986,39.9020425748461,69.2829892810643,42.090329008312,-2.21794343984982,-13.083207900134,46.0999186433447,61.896490142217,40.1384393275841,61.8700895117566,55.7893675399065,-15.1725471987905,-7.57550842959597,68.824182823635,48.7433904438221,38.8799805264906,46.1400912109899,59.1725523586967,-12.1553261563337,-11.2594063671496,59.325495234088,59.3642761564837,62.8890538147186,41.3886672077875,69.0586799100383,-4.50695188466838,-2.48990962633266,71.8737212318465,45.5058339007812,59.861472244852,45.9096497294414,77.4550048416914,-10.9334409224293,-6.54953957961681,77.4428299849514,62.8013595500442,55.64197840379,63.1322437628754,75.8369790814085,-8.79402053727347,-3.46432381782907,77.0825914684111,66.3414374929226,66.4212725996343,66.5483794220522,76.6243697371052,-14.6701926203023,-4.50193888868162,68.2994899325356,77.6152377529712,70.6213556461448,-15.0630020858634,-4.4503301008767,7.90540837652847,8.68581840912196,54.2425219277918,77.2812666967147,74.5629049332435,55.7743650952036,74.6312664195602,-14.4050248437466,-9.29879077873673,59.4689359105165,40.7079098258457,38.3389628554925,38.336780204291,69.7722487749287,-14.4190162516298,-12.0223260221012,66.5656339196825,45.4804019521842,40.8860962493086,52.2120527680574,76.8239205488912,-14.9532418549952,-11.2565500590418,71.9231944785775,66.3929566683038,59.235440898797,43.0726557415882,74.0597696164016,-15.0851959323925,-14.0091414569088,52.0418144029225,39.7937833979068,49.8601696547459,46.0999931289242,55.6489830565723,-14.2629354500689,-5.6057909479135,52.2729087230563,57.5720971804116,49.6689867924526,73.7243601490547,41.9670440415848,-12.7990085876046,-13.4491388969601,76.9073772941977,75.8805133263903,76.096771727411,65.556805049407,-5.51237666223426,5.00078780782492,13.2015680004739,15.1780434846812,17.208246167486,17.4446438037293,17.0550240964406,16.5320135465454,17.2545114555674,17.2505134675544
1027.07779983107,1504.22534162719,1540.97345480176,-12.2829767910482,67.4761796878163,49.0830797718048,-7.10997852505454,-70.6033114978733,-53.5190581965075,56.7745535336067,60.2347382706891,11.6822056442149,-4.55457303191753,38.2781240788781,46.660280850331,20.9086766663417,12.2845454685538,31.9077311853888,-17.5013883892423,-16.1793476124344,-12.4994548158342,1.04403244797605,21.6194580964711,21.6005402172513,11.7421677943919,18.7419007882806,14.5389770987306,-10.1866696025187,12.3737481003701,15.1155461812935,14.9291724646033,0.88882278857227,-15.5341067819523,-15.5177957890358,55.6205033287611,69.6829111170851,1.56402760649772,27.0744204468745,72.3593396022671,43.3711692252982,-3.09969792957537,51.4005192185308,71.5333218805623,72.8612319417578,65.4668353838846,37.1158070206072,-14.8002471582699,-16.2840275966603,52.2549538629514,39.9646805424219,34.4048523410841,64.2007936505646,36.1746893499595,0.85831993775713,-12.0493680030826,40.0906387715408,55.8730619599937,34.668795271396,55.8565640633121,52.3840452511057,-17.0401820636254,-12.5310511437496,64.4169575517765,45.5148882575912,34.1527278469746,40.1509703481979,55.5264980273324,-10.67347484644,-16.1836224585844,55.6713394209197,55.7140067632806,59.0051809899213,37.7006071755133,64.659841779355,-8.89876630364839,-6.2617059135352,67.1967469505649,42.453207959563,56.3497443757634,42.681615101635,71.9893987376479,-15.9245626713234,-11.4119350484394,71.9773490229746,58.9342145755749,52.3621397185463,59.4050869833562,70.6669263685912,-13.9572284808788,-7.54591556634057,71.7674038510353,62.2209550804186,62.311240680145,62.4393927566749,71.1392770463488,-17.6008707674887,-8.90574368679597,63.6675944910203,72.1396727089875,65.7145729539676,-16.8467581721838,-8.8429224498484,9.3358408848172,10.6193666920829,51.3969621104522,71.9178033828468,69.6112816786579,52.3742985742614,69.6791454570558,-17.9796419458928,-14.5680723584161,55.8614624952545,37.0589814932948,33.1547774237047,33.1526058794092,65.3692997942952,-17.9501339736335,-17.0273453873541,62.4710597494687,42.2588308064473,37.2083033575977,48.9346661839526,71.3187737580336,-17.345654886916,-16.3544389456937,67.2638372435746,62.2913240296121,55.5899568258658,39.6556722909785,69.1262821302512,-16.2946266571328,-18.0418918975488,48.821545619042,34.2480851074002,43.5868467362137,40.105662204881,52.131193745614,-15.5195521929071,-10.2498438019052,48.9496984786918,51.3901017184712,43.5368862747535,71.3493971389999,38.2737781701652,-11.7705124013787,-17.7691449741205,71.4289859624698,70.4519084305119,70.6549705101242,61.2795858762965,-2.75113234944877,4.79292837801567,18.4677543465417,22.0223216100778,25.7478981257968,26.1882338321257,25.4639060784847,24.5010089227767,25.8343526749777,25.8269870839559
1020.00904700302,1497.37563801939,1534.16186143769,-16.0876204338314,67.0825649791054,48.9165494409193,-6.46532763191794,-70.8111103702444,-53.4650987288846,57.4923957403154,59.8416654323916,11.9216167437391,-4.34710990156825,38.2481584023403,46.5251206467241,21.0720520942811,12.5165984411985,31.9542662511414,-17.8024405704272,-16.6612179598852,-12.9683178877765,0.907560130490836,22.2630605635469,22.2433551889975,11.9803643060524,19.2643877419613,14.8913417623258,-10.0837862740043,12.605156107332,15.3290791971773,15.1454172233327,1.15512026805615,-16.0347493287566,-16.011028087007,55.2695018687363,69.6534157758518,2.2385848532077,27.8290467497993,72.4235767354164,43.2770218480719,-2.86497876327132,50.9173109922236,71.8858430722844,72.9272329081529,66.0667787580072,36.7263941372402,-14.8440296466354,-16.7752213055135,51.9119079767839,39.6006635202365,33.881723243594,63.8853171032103,35.6278602361513,1.125144762275,-11.9883084464218,39.559511721685,55.4298101719629,34.1496042180311,55.4141952787856,52.0478186366415,-17.2484201780221,-13.0054162196877,64.0321471337834,45.1772031450844,33.6811864323709,39.6219794827431,55.1790633650889,-10.5697314027531,-16.663372591782,55.3235613721378,55.3666994495575,58.6474162855465,37.3116349331251,64.2762383383299,-9.3144973574874,-6.61596997981664,66.7984886954595,42.1269731842204,56.0191581285859,42.3389534668037,71.5515266086628,-16.4098691938866,-11.8754534357722,71.5394828104391,58.5775059339334,52.0394610053106,59.0640627515041,70.2421237105208,-14.4538225555299,-7.93081754105327,71.339872544047,61.8525188541995,61.943801196316,62.0723250486708,70.7075327662691,-17.9054075550098,-9.3225649676699,63.3189245442881,71.701371909988,65.3415830107666,-17.0471218679276,-9.25859865040937,9.48294000026581,10.814463184775,51.200595248806,71.484022109137,69.1989059024865,52.0383669375586,69.2668855968194,-18.3425696409828,-15.0750847393153,55.5175680383225,36.6692632974695,32.6454350693254,32.6432517277246,64.9870227056125,-18.3091080787826,-17.5161660043153,62.1051618257087,41.9137738810725,36.8173384743258,48.6010595079856,70.8860847703336,-17.6014881952409,-16.8500813100842,66.8670425107625,61.9244722402256,55.2426377411053,39.2903195075133,68.7141809944524,-16.4424818338691,-18.4459436244029,48.491404224748,33.7197307809265,43.0532734271319,39.5759666733542,51.7867254947662,-15.6705296128149,-10.6912035871172,48.6128682052005,50.9092308831607,43.0159393400614,71.3180613341888,37.8877485647414,-11.7094720020989,-18.1983213020551,70.993081621045,70.0227332569387,70.2253986893069,60.9598573262515,-2.51884329796889,4.78294416402106,18.9793739887358,22.6834753582799,26.569499681589,27.0291190977539,26.2731389582967,25.2686195537683,26.6597537104041,26.6520694886169
977.492738193578,1448.59658902401,1484.99363211197,-29.0305677934619,64.4074968782825,47.5280499109565,-2.40183107131298,-68.6681776596752,-50.6552238051169,59.9969661880401,56.8801485303606,13.0417323800711,-3.16239843571664,37.6696722909167,45.3245672528771,21.6866671211437,13.5924538788933,31.8367399230304,-19.0140996504429,-18.8185756741449,-15.1236844169919,0.207934296265833,25.1726962712523,25.1493159179145,13.0004355250614,21.6082785842444,16.4432882338981,-9.34897607196584,13.676468690278,16.2734259830562,16.1052323356439,2.56003925561591,-18.2992110408504,-18.2379482423371,53.3772459133221,68.1611662900791,6.19819492220127,31.400298932229,71.3079571526644,42.3137659295104,-1.5633335253866,47.813078227346,72.1926401812446,71.8052886255726,67.7496334570462,34.9788270254123,-14.7869845267011,-18.978466194106,50.1351170459323,37.9373176382828,31.272342964352,61.1747579404399,32.8072784417938,2.53311192909798,-11.438961868901,36.6565270652358,52.3679415670804,31.5502293118318,52.3568862474454,50.3148656534263,-17.9944347500599,-15.1883213598351,61.7512816627,43.5709028759061,31.4402538293008,36.7275918997951,53.3129759910916,-9.82384262346345,-18.8098511492015,53.4527910914759,53.4974027804237,56.6474667989501,35.5390788574602,61.9977159597953,-11.2621311560144,-8.2966333475274,64.3723634906423,40.6176782098258,54.2060062240377,40.7498078210801,68.7148919424434,-18.5883429545835,-14.0226231773682,68.7029604526367,56.585906759476,50.3612769548671,57.1310062186887,67.5591623201089,-16.7225305862544,-9.74507613105339,68.575953324831,59.7207894698475,59.8163896943988,59.9445736337777,67.8576088474238,-19.1333311279364,-11.275628176556,60.8820726291844,68.8591087475778,62.7706772157912,-17.7559705840666,-11.2069252494748,10.0815718072601,11.6348770447489,49.6363448803645,68.6993266652809,66.6270446977653,50.3080156933951,66.694353366779,-19.8621954697819,-17.3888526717833,53.6675393273885,34.9213193108749,30.1976321072843,30.1954752762596,62.7019593798238,-19.8090528315034,-19.694458681499,59.9839616041294,40.3322202008882,35.0543346672981,46.9497159732221,68.0254203828624,-18.5852323582398,-19.0748249627484,64.4487746890834,59.8011324919218,53.3764730084297,37.6335460800488,66.1539604123497,-16.8924217983223,-20.174321629307,46.8681346656311,31.0898039457789,39.9949568961639,36.679627575623,50.0018796701354,-16.1461983891767,-12.7457627378938,46.9397417261275,47.8165659640575,40.0220454346612,69.7681097533736,36.107123132676,-11.1641279298594,-20.059447636276,68.1498062513323,67.203910242594,67.3989285076038,58.6973742334761,-1.23412328017068,4.6615635069345,21.2727714177519,25.6753326634555,30.3122791053794,30.8622740189135,29.9579771676803,28.7585990901913,30.4203449737467,30.4111689526636
950.941239725381,1416.87466383827,1452.92436333882,-35.6730953444559,62.7039143818432,46.5970059166782,-0.0426792668205991,-67.0315989096842,-48.7413942223851,61.1726437464934,55.0051921125591,13.6378066096366,-2.47581339862846,37.22653976813,44.5067207301145,21.968850833751,14.1617945038344,31.6722885292775,-19.6297432592758,-19.9705146333309,-16.2878463534695,-0.187475632768823,26.7301415521063,26.7047655162617,13.5322966260589,22.8583743443899,17.2637724549112,-8.89605711116667,14.2429574327451,16.7596327297712,16.6006665535002,3.35190711397497,-19.5136868868818,-19.4313824816294,52.1924658691808,67.0536197113346,8.45760946505931,33.31605943861,70.3964829812075,41.6386176088614,-0.816030507327028,45.9064738763978,72.0753964562078,70.887822236736,68.4265347941095,33.94651313212,-14.6991021508191,-20.1558277127839,49.0293575828026,36.9420169853799,29.745023603105,59.4185558099606,31.1492213845297,3.32678877983317,-11.0839104839809,34.9286589817867,50.4605049468689,30.0270170619116,50.4520400565932,49.2342931555421,-18.3500339206136,-16.3678476300465,60.3092375258643,42.588621556045,30.1302122492218,35.0042015815761,52.1438359189084,-9.36308314342837,-19.9556613703869,52.2804378729554,52.3257003720289,55.3881409674133,34.4889458249382,60.5561141075119,-12.322631699832,-9.21669923328113,62.8356046839531,39.6998357230266,53.0616897850583,39.7871529692893,66.9175651674577,-19.7530012906895,-15.1861257710823,66.9057294390189,55.3316984770709,49.3100462623614,55.9065729873281,65.8592828520799,-17.9448866361732,-10.7355453672228,66.8218819144068,58.3733537791326,58.4711155150022,58.5986267833062,66.0502390529844,-19.7577737768865,-12.3391538688353,59.3209265895737,67.0579789571121,61.1290927008554,-18.0913519348392,-12.2680172670537,10.3854182928911,12.0586544218519,48.599595058714,66.934326463645,64.9963423689209,49.2290267387578,65.0630120088847,-20.6492422932753,-18.6345340766502,52.5065169902138,33.8890242611178,28.772250672572,28.7701214458009,61.2539300823141,-20.5851432852181,-20.8551153851988,58.6416822306254,39.3765832526841,34.0124542279055,45.9287074250334,66.2110768002651,-19.0733532036464,-20.2640167686683,62.9163252098672,58.4582881695698,52.207091288954,36.6438452152361,64.5317856296321,-17.0842369786036,-21.0784677351995,45.8641002978396,29.5518704876103,38.1591255047218,34.95539232503,48.8917876337898,-16.3549664759092,-13.8614403704509,45.9059703652028,45.9164304942461,38.2224330026792,68.6203338642014,35.0490818700408,-10.8122568449436,-21.0391718977319,66.348281002189,65.4171611678062,65.6069227152293,57.2416268578662,-0.497465607824893,4.57740419830792,22.4954977002359,27.2775007423739,32.3227312805951,32.9218929232891,31.9369137438013,30.6315752626546,32.4404884474741,32.4305011923381
915.086548240382,1373.88553996437,1409.45236824645,-44.6325931376188,60.4111539332745,45.3308180627508,2.95514380853314,-64.993899330046,-46.3375883267594,62.6409760885315,52.5253045231612,14.3918940796695,-1.58752601588174,36.6052699970775,43.3899109186319,22.3064386572194,14.880557501173,31.4193860611471,-20.4130593531024,-21.4483507862341,-17.7843519443099,-0.700217494503903,28.7273522815761,28.6994095646177,14.2106105073839,24.4602688807711,18.3132406444162,-8.3043584690983,14.9579372362631,17.3677065011927,17.2209339002936,4.37086893154236,-21.0728892063244,-20.9633896211966,50.5619631408395,65.5665118259775,11.3259364925657,35.7414021596737,69.1629230512968,40.7109630202668,0.149370028756863,43.3847996056701,71.8696022171851,69.6465133739296,69.2487951858228,32.5305212352151,-14.5750380795226,-21.6664450308218,47.5033808451113,35.570740400199,27.7059822572207,57.0923756155759,28.9432161960721,4.34812720444464,-10.6169442099465,32.6342107894595,47.9382948316066,27.9933365470158,47.9331902790581,47.7400375892224,-18.7974517645795,-17.8841950140596,58.3411305720973,41.2274260803321,28.3660052829923,32.7155424524635,50.5332484771215,-8.7607209231638,-21.4255679093479,50.6655760726298,50.711648872872,53.6587407897934,33.050383998976,58.5883082570678,-13.6878683198782,-10.4023549180066,60.7439432109365,38.4256097533963,51.4833683183606,38.4545617553902,64.4914289913441,-21.2475536435734,-16.6826218177806,64.4797358625971,53.6088772143743,47.8544152214888,54.2223983194722,63.5568258895956,-19.5157174273306,-12.011258966769,64.4510095911893,56.5281168065804,56.6285321078403,56.7550453626191,63.6152212384684,-20.552372566011,-13.708297707016,57.219062413704,64.6268267788606,58.9198961497021,-18.5128059897545,-13.6340625093178,10.770674483722,12.5980385498517,47.1936727952691,64.548384129972,62.7826765315656,47.7367693370516,62.8484573825161,-21.6537810359262,-20.2348475840948,50.9058464336708,32.473101108253,26.861974736092,26.8598803852032,59.2771617063608,-21.5755390568381,-22.3435411554529,56.8027404550084,38.0527350593712,32.5843710304019,44.5144124123695,63.7670266718747,-19.691881614421,-21.7898747640913,60.8300739029811,56.6188208977403,50.5960997591919,35.279629414006,62.3295193212514,-17.3205242757299,-22.2343800293002,44.4713319161479,27.4991015342864,35.7267367958802,32.6656370338733,47.3605208143734,-16.6140669479523,-15.2969895148351,44.4754804090283,43.4031301905093,35.8368311574527,67.0811340946028,33.6005201872058,-10.3496984259755,-22.2930444592152,63.9187229730204,63.0091292304921,63.1920139206932,55.2790805985947,0.453774402850158,4.46432960465977,24.0622036479563,29.332247112612,34.9026947208652,35.5651111583267,34.4763326089724,33.0346833582752,35.0329203708571,35.0218895138771
847.898461649512,1291.21334728629,1325.70137890234,-58.8369783049797,56.0490987912066,42.8529884920921,8.44413700489787,-60.4616424295649,-41.3615607836237,64.8166112821324,47.7811387359241,15.6695904741336,0.0198669270666159,35.3172727430276,41.18788593891,22.799739395472,16.0929340983795,30.8129013253766,-21.6745602212754,-23.9430309597514,-20.3361508115712,-1.60746074809757,32.1072920010408,32.0749514670742,15.3317272260986,27.1626304442719,20.0699085347957,-7.18644046071977,16.1631319323772,18.3693380341877,18.2448974106733,6.17655927396434,-23.7152759804803,-23.5579322920903,47.5317660623801,62.457172560143,16.5042871936276,39.8863352652759,66.4697348070193,38.8569590730724,1.88396021138034,38.6643155837906,70.9785291754886,66.9347826207613,70.2118288477711,30.0045304000761,-14.2537223841573,-24.2182684356888,44.6834862022635,33.105882146812,24.044867658437,52.5748572225628,24.9618268749133,6.1581657941711,-9.70782021149708,28.4484786297882,43.1673594116412,24.3386169043914,43.1682309888212,44.9779329240499,-19.4697364864725,-20.4707731015468,54.6428116921629,38.7485206468656,25.215317437524,28.5393181130404,47.5403016728373,-7.6212432935111,-23.9062427844218,47.6640436992913,47.7112200997007,50.428524008818,30.4766589726131,54.8890237192712,-16.0320049232666,-12.4473503033461,56.8027425429343,36.1165958554008,48.5373947475025,36.0430681164614,59.8990003117945,-23.7731691018913,-19.2415685988205,59.8876069892583,50.3911401935434,45.1569976647,51.0664994247279,59.2065266202918,-22.1883270094767,-14.2065215582804,59.9613433434937,53.0674221325976,53.1721156983605,53.2960261172765,58.9984227502568,-21.8331662647481,-16.0592743641597,53.2047255579365,60.0243693636279,54.7090813732629,-19.1404960073044,-15.9799910204822,11.3912508326068,13.4817479246997,44.4583495366286,60.0344660842662,58.6029034714927,44.9784742790545,58.6666520853031,-23.3023209119668,-22.9560468972565,47.9291020753068,29.9476508875088,23.4527890880345,23.4507822509678,55.5571851249881,-23.1993318249163,-24.8513896086284,53.3519653451541,35.6624282895623,30.0350353812859,41.9179074066625,59.1324525518255,-20.6638935862995,-24.3681133740851,56.8983451396365,53.1682036459444,47.602128870474,32.8311754984702,58.1734615327697,-17.6252233884093,-24.1493964818575,41.9155461955659,23.8156311818279,31.2551356703174,28.4879836858493,44.5314032689514,-16.9631759124843,-17.7561553521494,41.8491057286633,38.6973469757106,31.4478281516402,63.8643721350521,31.0022478021977,-9.44994354027074,-24.3825127898478,59.317575646651,58.44587148717,58.6147958797886,51.5224495214031,2.16148624543452,4.23668742245738,26.7043676762953,32.810906558126,39.282212552889,40.0531781120869,38.78628470621,37.1108078663342,39.4338370883124,39.421015994156
842.310252476473,1285.51644260679,1320.01183653743,-61.4438370854194,55.7245274057625,42.7073360561233,8.99286284678202,-60.4597009380321,-41.1880223137614,65.3309879884944,47.4378707702216,15.8541691837976,0.187609759011409,35.2813204954079,41.0675528513461,22.9211040900689,16.2715732412267,30.838715875706,-21.8960373912499,-24.3064982027402,-20.6920790774736,-1.71388207158441,32.5941925104116,32.5612517528426,15.5097233556197,27.5571959497845,20.3348864701721,-7.09718532112097,16.3412236977215,18.5322781634813,18.4099893597166,6.38726612043187,-24.0938466647084,-23.9307328491497,47.2681572506915,62.379645633608,17.0643221842181,40.4709995602771,66.4606176414956,38.7692257820781,2.07213583098407,38.2656887230866,71.1921655944555,66.9263184518798,70.623894967542,29.7241403014239,-14.2762232352181,-24.5889434350946,44.4292158554361,32.8436835446084,23.64903042689,52.285351607501,24.5429312248845,6.36929505817444,-9.65015281724065,28.03394050331,42.7922681501494,23.9453733294575,42.7938306753225,44.7295418465228,-19.6191289235955,-20.8309721322442,54.3435011269897,38.5043205510071,24.8656331048111,28.1263400140875,47.2798981715047,-7.53108281061006,-24.2680538785521,47.403254139894,47.450759298525,50.156611846491,30.1952626401416,54.590519390901,-16.3490587383168,-12.7183532896629,56.4895285753807,35.8825750233289,48.2885729197289,35.7964657592736,59.544767703966,-24.139444427854,-19.5941010256231,59.5333799293142,50.120196817215,44.9184106283173,50.8067760551327,58.8669122383568,-22.5646952270888,-14.5004995586133,59.6162114724126,52.7838686657383,52.8893264631655,53.0134426322901,58.6462587751703,-22.0573048755854,-16.3771730545284,52.9146061423722,59.6696568655401,54.4000306282901,-19.283860302355,-16.2970413672832,11.499960622289,13.6269526298513,44.2887856585252,59.6851240075424,58.2753148505645,44.7303726417968,58.3391047151069,-23.5717651084779,-23.3402656115419,47.6714593247386,29.6670708606495,23.072462514767,23.0704506606942,55.2591962691567,-23.4657113023586,-25.2196960691336,53.0703380959396,35.4149364741309,29.7530378819929,41.6742869531262,58.7792773261061,-20.8502115659475,-24.7422107299392,56.5863168616722,52.8859272824377,47.3417989525045,32.5685897528333,57.8465072158311,-17.7279784825406,-24.4508776586729,41.6751836352712,23.416001114646,30.8317324228586,28.0745331269079,44.2759359263556,-17.0686908484881,-18.092232585717,41.6026710937724,38.3005275061541,31.0342919529958,63.7831347163802,30.7220313744156,-9.39242964181268,-24.7037736546345,58.9637901313976,58.0965022850841,58.264867039974,51.2556938050109,2.34761391174298,4.22619222604558,27.0906590287756,33.3111971646638,39.9048820438795,40.6905609126434,39.399518045318,37.692292143179,40.0594057547458,40.0463416080867
817.38257951892,1253.62129792719,1287.61403084136,-65.4695999039597,54.0902144756635,41.7279098160957,10.7076888235657,-58.6792718103896,-39.3693190863882,65.7027769539756,45.7090987791148,16.1899958160782,0.699934404315528,34.7133140538792,40.1832234196659,22.9753600577191,16.5847571870434,30.5073258976079,-22.1952266371122,-24.9871171796702,-21.4076604772103,-1.99406752349516,33.5193328463237,33.4851452432272,15.7952179250286,28.2900563304649,20.8002703239913,-6.70720668573948,16.6518034138977,18.7681433600747,18.6534898957589,6.93426777367846,-24.8224798925992,-24.6448901303741,46.1117740775043,61.0906950328865,18.639162440997,41.5963488021952,65.2825066937931,38.0055723999661,2.61627988941594,36.59396157863,70.5611126341294,65.7399171413932,70.5838383293001,28.8131132705281,-14.1067663770834,-25.2864480661705,43.3539887141385,31.9373177949781,22.3981080630485,50.6027576396691,23.1838317958259,6.91776060535919,-9.31490065140757,26.5898654380134,41.0799622710177,22.6948747703041,41.0834009541874,43.6716502955432,-19.7412872616825,-21.5569822753175,52.938179307645,37.5669854029432,23.7747671097404,26.6848002825572,46.1355310455696,-7.13226450586477,-24.944392551033,46.2555460423693,46.3031694731356,48.922169360989,29.2662116510846,53.1837184223508,-17.0186955184298,-13.3096186816684,54.9955534147366,35.0112526865993,47.1536294200798,34.8933511445733,57.8241804697654,-24.8306696296069,-20.3170562018225,57.8129378524303,48.8899611076164,43.8795861242891,49.5923930428605,57.2290439486618,-23.3099899549613,-15.1313264832798,57.9286361787163,51.462673915375,51.5690155236187,51.6917070558462,56.9199917074954,-22.3618929054544,-17.0488567395873,51.4022834739361,57.9452483748113,52.8190141267736,-19.393368529491,-16.9674899938708,11.6447490248529,13.8456217873486,43.2204590527936,57.989974268612,56.695658163948,43.6737202285809,56.7584923206784,-23.9864162320125,-24.097486593966,46.5305000450806,28.7564952706093,21.9068587206486,21.9048860054412,53.842564792624,-23.8729750824398,-25.9002764577199,51.7509942196128,34.5208169078665,28.8342436073384,40.684081455856,57.046610452785,-21.0620886308991,-25.4474148399633,55.0949490191015,51.5675042266503,46.196822303572,31.6690342429946,56.2765215644828,-17.741859294841,-24.9462897011235,40.6982170293646,22.1592121365068,29.2805378987974,26.6328163941411,43.1984113776068,-17.0996844439342,-18.7903944875953,40.6031291123382,36.6332785250933,29.5083256485301,62.4528681100086,29.7822005091385,-9.06133636732322,-25.2535486864594,57.2422177241997,56.3901360946416,56.5531726375921,49.8327893961365,2.88195587277689,4.13475469134445,27.8065247988271,34.2644295614228,41.1142318708383,41.9308124041861,40.5890724852897,38.8153489740419,41.2748490644666,41.2612757656064
702.534888321449,1102.23444114863,1133.54136070764,-79.2565415290309,46.4733991884279,36.9918494717108,17.6692367898435,-49.8196437371014,-30.8066437395646,65.920055858875,37.7661439089295,17.2966031844305,2.80778700960776,31.7848655308433,35.8643605978093,22.8060802685913,17.5916336490978,28.622323440377,-23.0133309090227,-27.3245565726279,-23.9549205154283,-3.10632669476134,36.7144362092808,36.6757462248993,16.6839386019949,30.790049372205,22.3372486932447,-4.96970274025284,17.6467754254466,19.4188398900756,19.3373898192594,9.07305604963152,-27.3606720924766,-27.1267345533191,40.7140636381277,54.5998361803498,24.8513651667439,45.4464098374368,59.152588171777,34.217264817109,4.82052301658045,29.1023765021147,66.5573075282309,59.5657634496487,69.0037553279794,24.7629019228286,-13.143160448085,-27.6879438732857,38.3477732304011,27.8475214696257,17.0135343950997,42.7359200994894,17.3239654488785,9.06284671166635,-7.755663283155,20.2907316670416,33.31400099405,17.3049277632345,33.3249836494296,38.7335875488453,-19.8754961109404,-24.144443908423,46.3673207443093,33.2465209729648,19.0485223915651,20.3939361251093,40.7884593119489,-5.35088056870005,-27.2649942698301,40.892296131685,40.9394510262414,43.1451819310292,25.1287821402645,46.6021564328979,-19.4575877972395,-15.4941397036592,48.0124896863708,31.0071711882367,41.8207570122427,30.7634094366161,49.8196355699227,-27.2145005062999,-22.9147554042824,49.809170976189,43.1313599344405,39.0116702974871,43.8817409409512,49.5940120274096,-25.9441053429153,-17.4451841600364,50.0626308631834,45.2739353896748,45.3820828445021,45.4965485088336,48.8931441525632,-23.1992055353586,-19.495620627849,44.3235876338395,49.9224242563853,45.4373351909638,-19.4818142844562,-19.4106664946778,12.0307244698835,14.4951792612143,38.0943700978555,50.0951564528113,49.3185507925549,38.7409514690699,49.3762223461941,-25.2471572711907,-26.7667184079119,41.1908484466626,24.7092738993304,16.9007675597962,16.8990062045914,47.2076114897051,-25.1053772677542,-28.220821382969,45.5648450426838,30.4382330819867,24.7501512552038,36.084377389762,48.9902218413699,-21.5415033787926,-27.8776621385408,48.1211299366729,45.3885646521344,40.8461681630972,27.6144587028584,48.9477629172276,-17.4667691611254,-26.5219455157389,36.154882302907,16.7560190294242,22.4681663880672,20.3424412517501,38.1849865399104,-16.9061353064007,-21.3141096212957,35.9652405887949,29.1591578669726,22.7949141515171,55.762197504556,25.5871627142244,-7.52370932432899,-27.0473724164036,49.2375278131691,48.4570287811045,48.594431942996,43.148288611728,5.04124607492355,3.68661879385904,30.2454708312375,37.5614334773344,45.3392349002597,46.2679627354938,44.7422724022729,42.7275193564575,45.5219737273389,45.5065547985447
676.20770100276,1068.13022501163,1098.87034705968,-83.1994684684797,44.7535952327166,35.9380415958832,19.2569647503798,-48.0505804733146,-29.0337790899843,66.1185851526042,35.9932059389187,17.5755060095155,3.29578799492006,31.1458944105599,34.9061423321803,22.7965877448177,17.8476983698325,28.2222384191423,-23.2476114931884,-27.9180709344239,-24.5905814943788,-3.3708041443025,37.5213998802922,37.4815953972221,16.9195996787068,31.4250391508154,22.7335292777155,-4.58061553556468,17.9001661782903,19.594919382783,19.5211390830451,9.57865644688881,-28.0006453431243,-27.7532471593324,39.4597092491308,53.2181938686338,26.2896697290197,46.4116481364005,57.8688304016877,33.3812896612464,5.33429654262289,27.4006615446296,65.7866935055491,58.2731993442327,68.7986098572974,23.7864035772755,-12.9474060051041,-28.2969324044434,37.1775604589893,26.8675584578518,15.7355317738689,40.9978981654916,15.9425182537373,9.56989904794668,-7.41260549373104,18.8228614709427,31.5653678643375,16.0267986285931,31.5781450300048,37.5787847396757,-19.9458369687635,-24.7897505183946,44.8594038370163,32.2220783226408,17.9168143075915,18.9283063843834,39.5453335695082,-4.95220891458692,-27.8545041692123,39.6456800638556,39.6928373889981,41.809444995099,24.1345149588027,45.0921921828835,-20.0597043742928,-16.0299616309552,46.4154147328931,30.0529153089877,40.5848151777645,29.7787224374624,48.0026138530715,-27.8186057680653,-23.560110309148,47.9923210929667,41.7996742953418,37.8751389311761,42.5639716631959,47.8555262666836,-26.603818417793,-18.0145930134973,48.2764627546911,43.8494122154297,43.9581122945373,44.070905227601,47.0750641342733,-23.4382550810856,-20.0996289606777,42.729583696986,48.1014649020379,43.7729735597249,-19.5408713324509,-20.0136852164985,12.1413203126404,14.6713911978914,36.9509557009214,48.3010519010748,47.6361829742862,37.5872965948016,47.6927840151887,-25.587879473967,-27.4358653593469,39.9498616532661,23.7333420346629,15.7032074492904,15.7014866886951,45.6866076440302,-25.4392857734753,-28.8120906986726,44.1413065720762,29.4626305362307,23.7663742122872,35.0016711589073,47.1657876548658,-21.6947361076731,-28.4936492939017,46.5262515252734,43.9663820648868,39.6022874287639,26.6413924573087,47.2756525049275,-17.4380791317379,-26.9378422469324,35.0845201266414,15.4728638335178,20.8939750623895,18.8767389617007,37.0130713506357,-16.895571787606,-21.9393426577392,34.8739713769299,27.4616532651854,21.2443586630899,54.3383970869888,24.5817678644954,-7.18529486411774,-27.5146959205883,47.4219621934297,46.6591427497231,46.7911036467997,41.6445157787314,5.54490681771139,3.58855434352552,30.8653122604251,38.3935681344568,46.4007184478849,47.3571420655665,45.7860192128294,43.7117072164323,46.5889195671841,46.5730445951866
617.136117460549,987.173062433845,1016.27249219068,-87.1786873891234,40.8058898079198,33.354364533436,22.0017541160032,-43.2790292542958,-24.7315607637482,65.1288496558722,32.0048032525046,17.7842761762963,4.15772564338685,29.4111796010919,32.5175539010337,22.3760027700386,18.0094687985215,26.9803731580887,-23.2306119267859,-28.4827058797529,-25.2983766619412,-3.7954616588304,38.3071440269804,38.266027937879,17.0368018114409,32.0075156991172,23.0382712337229,-3.755125492747,18.0559947005112,19.5764309714157,19.5179950611016,10.3558271523795,-28.6505907778742,-28.3827931232999,36.5948012419687,49.5542424189212,28.5888495466001,47.3368524273835,54.2798592982062,31.2429950076144,6.20585346523052,23.7623160142675,62.9787674859754,54.658057091113,66.9857718751816,21.7573794029795,-12.3243285034262,-28.8832244607656,34.5201501357008,24.7723733249691,13.2361850924724,36.9537111034424,13.2285632760761,10.3499105325155,-6.6196243650236,15.8631152199418,27.7329091666383,13.5198677925242,27.7486953212566,34.9455209954748,-19.6859833065782,-25.5117417846945,41.3942696031757,29.9432109789491,15.6771323225302,15.9702946997733,36.7015726812633,-4.10206084088588,-28.4128810984238,36.7932737921482,36.8394530457702,38.7414255553349,22.0604719734283,41.6187348518486,-20.792451323786,-16.7167556020704,42.7441935176837,27.9437469244917,37.7284208056358,27.6207022626952,43.8510911851725,-28.4047569586326,-24.3059721228099,43.8412855517349,38.7399320206023,35.2656554238709,39.5111042642189,43.8729618712276,-27.3170180500015,-18.7257695983563,44.1821959687964,40.5684855893545,40.6763021160727,40.7837281677833,42.9222581071874,-23.4265463723146,-20.8351394750856,39.0403740593709,43.9403713400914,39.939031730284,-19.2676471879276,-20.7490081173171,12.1173317941763,14.7210339093784,34.1844901110938,44.1954007484977,43.7717297687582,34.9562766834801,43.8251830816786,-25.7248914148406,-28.1512724322918,37.1031962179784,21.7064805492081,13.3750438282658,13.3734470508625,42.1804333905813,-25.5664191404452,-29.3553228815745,40.8570086542812,27.3314371432608,21.7224324612183,32.5568570316243,42.9984620486885,-21.5561780071191,-29.0892374362352,42.8574080530244,40.6879673134594,36.7561071635314,24.5658819661884,43.4380659895257,-17.0412121884152,-27.1893719154058,32.6635827538203,12.9700847910484,17.6709126487601,15.9198575835908,34.3548911444046,-16.54214259384,-22.6789333824641,32.4141957017857,23.8297835600358,18.0581884393361,50.5685994982568,22.4743014913426,-6.40515244604002,-27.8512100665857,43.2767840463332,42.5541539513816,42.6726975708996,38.1412770339436,6.39386951577656,3.34018720397457,31.4303209888632,39.2094502503504,47.4900483203416,48.4796947676107,46.8541148666101,44.7086952316946,47.6848100415733,47.6683904424615
544.425628388687,885.934958898544,912.881636334486,-90.4792821738266,35.929849228313,30.0972936040323,24.9461972773366,-37.299654390589,-19.4927215872929,63.3406602782961,27.1447778384375,17.8561196326911,5.10464946964515,27.1579061241554,29.4906774087157,21.6867866685553,18.0256506975298,25.3113985905302,-22.9851897920451,-28.8507448996975,-25.8606859765789,-4.24248027082945,38.8347276411712,38.7925119283468,17.0069151860476,32.3639850001814,23.1644318062812,-2.77402169532559,18.0649538806687,19.3721886096468,19.3317552118711,11.14672289566,-29.1144332422279,-28.8259268866124,33.0227316261226,44.8752779210346,30.9539004324513,47.9291469878501,49.6360658739839,28.5126815396065,7.14411484557691,19.3942721858959,59.134974540427,49.9802948217349,64.236882931073,19.2885491000374,-11.4920217130303,-29.2721317069666,31.2068330063143,22.1984349357047,10.2994843338503,31.975931795484,10.0429668730929,11.1440993642214,-5.64817180299767,12.364539186429,23.098449416632,10.5713366961256,23.1174875373357,31.6563171305404,-19.1974736058892,-26.0882016253178,37.0844743345203,27.1094841302001,13.0195306198483,12.4725530865253,33.1530226271522,-3.08952663781248,-28.7744489270694,33.2339071656412,33.2785019503984,34.9150236705329,19.5361138777648,37.2972341906485,-21.4268336817968,-17.3380874789382,38.1835868557889,25.3225653244545,34.1539989310759,24.9476096460276,38.7219880386855,-28.7980816583005,-24.9213495593117,38.7128269928963,34.9231168009664,31.999343428423,35.6935410675814,38.9411737665669,-27.8658630696324,-19.3555110809889,39.1164319168961,36.4792449009622,36.5850384548549,36.6852680068869,37.7967331885817,-23.1852829013115,-21.4722645645354,34.4731831805004,38.7993919413601,35.1993532870897,-18.7678945554374,-21.3867519393564,11.9738392664881,14.636418205752,30.7115128187178,39.1173929381117,38.977952205261,31.6695889665915,39.0272745036239,-25.6312718133161,-28.69469410586,33.5476010503829,19.2406359477833,10.6370739818548,10.6356377822893,37.8159233057207,-25.4630486779654,-29.6905005719558,36.7611902237942,24.692660255073,19.2365237139845,29.50721554702,37.8553980487428,-21.1881229830342,-29.4867711939767,38.2985052367275,36.6005168764428,33.2042790939608,22.0169801146179,38.6784123960154,-16.4217475938614,-27.2123776700426,29.640708787829,10.0323341336794,13.8483875257805,12.4239617503973,31.0421427624186,-15.976926887338,-23.3028836860783,29.3485398350467,19.4684155635529,14.2738485498022,45.7577940668074,19.906821079248,-5.4503910920065,-27.9648606541841,38.1587626409822,37.4873263096288,37.5892214670442,33.7944541977651,7.30458345713041,3.02542135995581,31.7724316039665,39.7627107807466,48.2753750056478,49.2933749936386,47.6213523831131,45.4155100231955,48.4757422083429,48.4588596981757
539.076732368519,879.074838198698,905.912249685009,-91.3334599471615,35.5801507990676,29.8867091580025,25.304138334413,-36.9242054969512,-19.1102687430115,63.4130279269941,26.7771011131916,17.9245094110563,5.21186477991258,27.0345015395977,29.3002262240269,21.6953161911124,18.0892424893779,25.2381447238577,-23.0454790573998,-28.9906834605215,-26.0083584373222,-4.30105897727183,39.0248569593312,38.9823836801625,17.0649313226104,32.5143892922102,23.2596001243396,-2.69159897202227,18.1279918299841,19.4193066440313,19.3804900895348,11.2604844948551,-29.2644562914778,-28.9729352265868,32.7728238682795,44.5991274316509,31.2819028119059,48.1613099235385,49.3829298479277,28.3478361389911,7.25778034621465,19.0389614258647,58.9963992025632,49.7253880234262,64.2224288423171,19.0916714708042,-11.4549805477913,-29.4155762239991,30.9741512711372,22.0022210919651,10.03261570488,31.6177014478373,9.75350644096819,11.2581699896521,-5.57692139512819,12.0572072269437,22.7344389327062,10.3045447334403,22.7538719340141,31.427207177515,-19.2209268856725,-26.2380435193567,36.7819272530671,26.9061839504446,12.7857964585201,12.1657477686986,32.9056134969667,-3.00520030268506,-28.9134949578842,32.9857875937434,33.0304030220916,34.6485291067304,19.3354622110345,36.9943524451894,-21.5653688909211,-17.4606102328175,37.8623482857802,25.1334071217086,33.9085279765343,24.7517583690318,38.3533766967067,-28.9402625522696,-25.0706909369345,38.3442475869305,34.6575021728808,31.7742664766937,35.4312306357514,38.5897524016751,-28.0195537246647,-19.4861225680125,38.7546742877855,36.1943883850386,36.3003546845129,36.4002739153787,37.4272121099622,-23.2466848653228,-21.6112255130169,34.1495055108201,38.4299704986065,34.8610541172814,-18.7887356203847,-21.5254631373558,12.0028225501979,14.6806433414596,30.4820915441748,38.7540009878655,38.6386904746962,31.4407360440939,38.6878066470177,-25.7155637578708,-28.8507924501281,33.300857737955,19.0438579263991,10.3879391729301,10.3865112300789,37.51092083151,-25.5458047625527,-29.8303274101609,36.4766883990283,24.4986948254439,19.0380323422602,29.2925533025175,37.4845321668452,-21.2302357084193,-29.6318116275759,37.9777988859217,36.3162268402076,32.9567352282625,21.8221969919973,38.3412125912312,-16.4227284444707,-27.3134922064414,29.4287969431745,9.76424683561569,13.5185676331126,12.1171218047465,30.8090023696055,-15.9815737986273,-23.4471994304323,29.1319425435709,19.1140432066448,13.9493053911454,45.4728768743188,19.7038971245145,-5.3800424653275,-28.0773376996362,37.7900873371256,37.1220088608655,37.2227780565403,33.489722338179,7.41616176846191,3.00572428309444,31.9193272537347,39.9586460856269,48.5242374304095,49.548624437197,47.8661235661886,45.6465388125149,48.7258641323958,48.708876399998
529.171819472723,865.476573716964,892.03669913572,-92.0029427804209,34.9214438888627,29.4531104077446,25.7340437338015,-36.1539785733136,-18.4195581603931,63.2301519449825,26.1191343723081,17.9500857266987,5.34894270940461,26.7402768730366,28.8985968673183,21.6170146977643,18.1071037293699,25.0248581287698,-23.0334685636569,-29.0704718386417,-26.1125680048373,-4.36827874490014,39.1360655419075,39.0933970731337,17.0767774267107,32.5953185218831,23.2993052030656,-2.55706103937771,18.1448720849836,19.4073138133645,19.371013676181,11.3812225196565,-29.3579546618612,-29.0632482299906,32.2867454746558,43.9892094406044,31.6382063813471,48.2915442363176,48.7838752910235,27.9874151123144,7.39555021094247,18.4390476037748,58.5209797342266,49.1220181100815,63.9063630265232,18.7460435234072,-11.3495574059035,-29.4986978902604,30.5221977033477,21.6447060492597,9.61661885481585,30.9496052866907,9.30345224793006,11.3793706854708,-5.44642824872491,11.567402898322,22.1024931308202,9.88726993818641,22.1224097995549,30.9788750438325,-19.1711399079642,-26.3444587383894,36.1977681175085,26.5168331434612,12.4097679255095,11.6761955505777,32.4228442754492,-2.86652375462229,-28.9923009705573,32.5015919449988,32.546033379188,34.12898717009,18.982619589234,36.4087593014443,-21.6754431006776,-17.5649201813931,37.2446978820592,24.7723899170199,33.4235198022928,24.3828772279856,37.6590830204049,-29.0235647873708,-25.1814531253032,37.6500376881161,34.1392795236653,31.3298157847885,34.9139674106601,37.9220495684775,-28.1238341107758,-19.5935535408413,38.0693194372264,35.6399971816398,35.7457711971164,35.8447828461524,36.7336970014171,-23.2354471760773,-21.7217287612791,33.5338157458389,37.7341060001463,34.2213820044579,-18.7369628071219,-21.635971154219,11.9938588924754,14.6825164116287,30.0184861104669,38.0666643343306,37.9897841635643,30.9927528583724,38.0383724475874,-25.7274053369876,-28.9550681980174,32.8174268678452,18.6985969183396,9.99882654148864,9.99741874267619,36.9198401933547,-25.5561156899068,-29.9063003883022,35.9216222302381,24.1341312664994,18.6900684477904,28.8754735903637,36.7886731948941,-21.1992745638536,-29.7163504084871,37.3604725436602,35.7621795491746,32.4735503026084,21.4678577661623,37.6967531273749,-16.3518994756972,-27.3432322192428,29.0154468126419,9.34776186587418,12.9863690809372,11.6277628590788,30.3570171966476,-15.9179952631431,-23.5576113718478,28.7125533473059,18.5151566634907,13.4229316167162,44.845633324017,19.3456300337596,-5.25171811742729,-28.1205355578437,37.0973191071376,36.4362915815925,36.5348710536981,32.9045583757364,7.5501930232982,2.96408171721282,31.997669089482,40.0743571064189,48.6807615625791,49.7101139302881,48.0194755068051,45.789274439793,48.8833690610843,48.8663000111784
517.210387612894,849.12318862242,875.35376553466,-92.9347041640447,34.1337675867796,28.9342684447671,26.2213787706821,-35.2946168005634,-17.6458952372183,63.0156524391115,25.3434098416127,17.9750163036963,5.50740297732568,26.3866287151396,28.4175594488986,21.5189095298744,18.1228985588377,24.7670821039162,-23.0165298282088,-29.1600518955656,-26.2311645693665,-4.44674838259304,39.2601842329368,39.2172934051758,17.0877542079206,32.6849312685218,23.3419985840135,-2.40008333135522,18.1595072769031,19.3877159070061,19.3544032061593,11.5193473271256,-29.4635338517186,-29.1651443915484,31.6911880485297,43.2742330491751,32.0412836982515,48.4366928944399,48.082642860749,27.555422080154,7.55444657482304,17.727629016051,57.9655844214357,48.415856992454,63.5372676550533,18.3153502919373,-11.225124365293,-29.59211140183,29.9662362671097,21.1997318318925,9.11048822890211,30.1636216185712,8.75908088358501,11.5180409457414,-5.2936552892174,10.9788283174775,21.3554719609246,9.37976532901428,21.3759620161954,30.4268081774469,-19.1105763997289,-26.4656012842457,35.4889607040391,26.0336997011614,11.9474445136634,11.0879399580315,31.8309751602546,-2.70461896287659,-29.0807428942032,31.9080604068192,31.9522987558299,33.4945491877376,18.5439158114208,35.6982460854998,-21.8015535795763,-17.68488495692,36.4974312712727,24.3229632452798,32.8294489364997,23.9240367712186,36.8256462792612,-29.1172817461587,-25.3078545852068,36.8167032253358,33.5063365823309,30.7826797646923,34.2824517771891,37.1179040529405,-28.2422705248212,-19.7168747340484,37.2458315443165,34.9652794338532,35.0707976341303,35.1687399100212,35.9028866261851,-23.2193779089352,-21.8483346479677,32.7981099843699,36.8988491108304,33.456884160984,-18.6741481388634,-21.7625952183146,11.981209836797,14.6821643007845,29.4640655872895,37.2404994850715,37.2067921759241,30.4410685880383,37.2547612485391,-25.7379620981551,-29.0733204854102,32.2246481548539,18.2683322306888,9.52225824213241,9.52087284762327,36.2028937681361,-25.5649074403724,-29.9912846541977,35.2460381942831,23.6800348190137,18.2568041970352,28.3598909360528,35.955195274443,-21.1604327121298,-29.8113890071862,36.6135316157797,35.0878116045752,31.8811798513733,21.0264030561261,36.918935914327,-16.2671558589579,-27.3744915377621,28.5039904438799,8.84099165842856,12.3502358176433,11.0397152285813,29.8011101406694,-15.8418821517719,-23.6838418535493,28.1944199793054,17.8049512427588,12.793609165682,44.1107351861975,18.9008938132364,-5.10153223135259,-28.1674313212941,36.2664443120476,35.6144566617097,35.7105251173662,32.2049891323607,7.70465828162313,2.91448797538428,32.0843391362455,40.2036119368289,48.8565584595427,49.8915758847316,48.1916537622066,45.9493448632844,49.0602850740629,49.0431232801311
496.353954541975,818.563040490824,844.047539149045,-92.4908838767684,32.7378794931089,27.9307669523104,26.5243947935227,-33.6443862732604,-16.3553570651061,61.9132142211879,24.0502670846012,17.7828496142279,5.63919260984994,25.6189667114575,27.4673882308517,21.1292291497434,17.9175753271867,24.1382971198133,-22.7001383795998,-28.8991050532523,-26.0440249818615,-4.48727738606436,38.9159027800249,38.8732805559358,16.8845872732488,32.3813046569109,23.0987801483289,-2.17004561726014,17.9522744325522,19.1224339000612,19.0932060256968,11.5496653097147,-29.2188150596113,-28.9196039606186,30.5961146716671,41.8078354977169,32.1569267039214,47.9952048467018,46.5671459751314,26.6761326639329,7.66083864895756,16.6256858004782,56.4990410683266,46.889464034628,62.2309267277272,17.6033287798067,-10.9239227196791,-29.3304769887898,28.9447160275582,20.4325859362026,8.40699229826441,28.7895516278454,8.00788123047668,11.5490517230874,-5.03222730510973,10.1365466175091,20.1557972821996,8.67065680665406,20.176713349469,29.4050044574136,-18.7891942295247,-26.2786706806783,34.1970219688107,25.1569981781827,11.2693917565155,10.2445509883053,30.73918144258,-2.46459834767712,-28.8193785578019,30.8131360503885,30.8565330097611,32.3259368297756,17.8176537764407,34.4014658975386,-21.6803762583717,-17.6085290776459,35.1417783944508,23.5097813984677,31.7205497954822,23.1049107754096,35.3477090762353,-28.8620338187887,-25.1422991705232,35.3390015175141,32.339579266066,29.7612927099473,33.1063818489825,35.6778963724737,-28.029143291914,-19.6188001976959,35.7762577263107,33.7251734030411,33.8290559804875,33.9243763609338,34.4358191527683,-22.9015027587046,-21.7271822621667,31.4808681266797,35.4176046794858,32.0966693092482,-18.3554856000871,-21.6425597174602,11.8135860268497,14.4954916313407,28.4100508197582,35.7685768636924,35.7945034750727,29.4196253170456,35.8410628022119,-25.4214315926418,-28.8494930503977,31.1268608548946,17.5574735929887,8.85553528956483,8.8541994828061,34.8913731843471,-25.2483656645784,-29.7139794793826,34.0013321782764,22.8709194885776,17.5418933410074,27.4115853157631,34.4838759760298,-20.8402041046671,-29.5490009556625,35.2568965685579,33.8466653099847,30.788129898151,20.2664969991939,35.5170447094796,-15.9516124989962,-27.0630947005981,27.559599136286,8.14044312245939,11.4245871450345,10.1972739212636,28.7816021537299,-15.5424067936486,-23.5387934570654,27.2446912932951,16.703475593242,11.8706532187857,42.6073993326817,18.1614893636862,-4.84575653225732,-27.8655512223369,34.7970252082568,34.1629021310701,34.2544013831895,30.9399386370068,7.80364769918693,2.81623607677601,31.7846875844482,39.853728797849,48.4545902097109,49.4834999501448,47.7936349494008,45.5647645428937,48.6571196737492,48.6400606386813
452.624995696243,752.951490273278,776.742536397442,-90.051022347272,29.8000743796656,25.7537005182121,26.7074016675682,-30.1247749918057,-13.7451569627664,59.0394806377275,21.4008383160874,17.1914617318344,5.79709558536229,23.893146320097,25.3916711682998,20.138962109696,17.300911883422,22.6800772266818,-21.811319447327,-28.021464776851,-25.3388218448949,-4.49500792470082,37.7489086490533,37.7073718560041,16.2827067622,31.3797842664951,22.3370596216216,-1.72629569289503,17.3317153331595,18.381966504522,18.3603850487241,11.4428954654078,-28.3656497548158,-28.0692134283934,28.2489215758784,38.579897068358,31.9193839241584,46.5183537973084,43.1798583106055,24.7370386940425,7.74478558131529,14.4339545294129,53.0515576257005,43.4777712703022,58.9859949341026,16.1298265876995,-10.2291704336576,-28.4454944354961,26.7539248676441,18.820021625224,7.06835107434379,25.9229629390236,6.58638543416649,11.4435223003,-4.49193845853566,8.51630444748096,17.7339214398448,7.31788144485805,17.7552748081376,27.2077128185104,-17.9469226683588,-25.5705134144369,31.4418161232372,23.2814523004408,9.940732544823,8.62070330224247,28.3961556340157,-1.99889174952482,-27.9421233463842,28.4634151598457,28.5046742020997,29.8213420109197,16.3146604947886,31.6346758597853,-21.1550047883925,-17.2210661898064,32.2572269682894,21.7706932828189,29.3317384165186,21.3615857802526,32.2338168196737,-27.9950747842537,-24.4884733772506,32.2256484593119,29.8382072573617,27.5587015105366,30.5765117190474,32.6309656385183,-27.2492253416154,-19.1639839054467,32.6722052108463,31.0711854000921,31.1706923983432,31.259947501096,31.3510076540737,-22.0071836669587,-21.201190882381,28.6986512512313,32.2967375112363,29.2301238094286,-17.5242135779357,-21.1197656107592,11.3472439455068,13.9570189947799,26.1365933182583,32.661171862663,32.7972765156693,27.2228184981322,32.8406379951113,-24.4937874463257,-28.0389078693274,28.7677434770477,16.0867213459197,7.58009055420622,7.57886532818842,32.0910921483197,-24.3231552571766,-28.7955509442568,31.3352504192512,21.1495503618913,16.0637808308327,25.3750587674452,31.3905952566532,-19.9709109006116,-28.6595728158414,32.3690241657743,31.1891566084855,28.4421730346943,18.669711117827,32.5425277621078,-15.1599889342355,-26.1213415479059,25.528412440125,6.81110527209864,9.6322091504779,8.57584795737603,26.5966002161487,-14.7851634068517,-22.9443778118126,25.2077337758145,14.5114182706546,10.0765825576371,39.3011264018454,16.6293241962799,-4.31818134822474,-26.9294186398818,31.7047419016185,31.1101456956342,31.1920260065079,28.2581237989551,7.8723948076609,2.6016376714028,30.7987448126789,38.6634019730514,47.0490080473984,48.0523868032579,46.4044997845402,44.231306311317,47.2465210799017,47.2298880080811
425.485185107104,713.102233800854,735.915390989065,-89.409116575075,27.9851515865086,24.444391237962,27.0622575423039,-27.9941397063772,-12.0898934824899,57.569292276388,19.7277057300218,16.9271369086147,5.95865781130306,22.8869521793095,24.1508309891853,19.6193297016301,17.0196727913792,21.8524908187208,-21.3839219078089,-27.657970546736,-25.0724069410231,-4.54182448389236,37.2683707551503,37.2272220737143,16.0056790121084,30.958079566393,22.0023129367582,-1.43111825846953,17.048005762301,18.02302290868,18.0066810144261,11.4687893922671,-28.0224756435224,-27.725316632718,26.8180373941169,36.6677691332598,32.0299250321323,45.9035829961439,41.2002655734275,23.5874297264452,7.87180648059567,13.0117223933205,51.1238127254434,41.4839785403061,57.2560473067583,15.2007250165626,-9.83386411682859,-28.080657556727,25.418432358093,17.8176457114781,6.16090264913671,24.1419338089709,5.6188425310405,11.4702997919376,-4.1536742391518,7.4308244047396,16.1837286746566,6.40302113929896,16.2056028790396,25.8713191813868,-17.5173996737722,-25.3041108171636,29.7565745148911,22.1343799350001,9.0622111259031,7.53370114030324,26.9692694909906,-1.69067618507249,-27.5781836214231,27.03246383828,27.0726051652256,28.2949918293988,15.3672563993274,29.9430462131546,-20.9773089779958,-17.1048510796131,30.489932600965,20.7063483628124,27.8820785396653,20.2900782699954,30.3110464062362,-27.6388812142254,-24.2505203813972,30.3031878387581,28.3141981642212,26.2225093087381,29.0398646300907,30.755898732779,-26.9475785988471,-19.0179375226814,30.7595610052172,29.4523579861552,29.5496667223779,29.6354798853077,29.4432894938608,-21.5776780935871,-21.0234762468436,26.9854574365585,30.3696829874168,27.4614427104444,-17.0986243381187,-20.9435647918061,11.1209590881083,13.7035778440789,24.7623757392362,30.7454931744692,30.9572720587882,25.8868645929841,30.9987882356124,-24.0632675792216,-27.7227381092174,27.3327911402209,15.1591495235677,6.71872517941475,6.71756436250457,30.3801649900423,-23.892808292398,-28.4103424401973,29.710259200865,20.0909973178923,15.1310883926918,24.134386959476,29.4774211237643,-19.5406380125299,-28.2935397556285,30.6003486878038,29.5688673265626,27.0136325534056,17.6767044041111,30.7160574086208,-14.7409739439027,-25.6955838103994,24.2925336982157,5.90768565396478,8.43947900325302,7.49010051645959,25.2638576923879,-14.3870668950583,-22.7342736990879,23.9654492675333,13.0896995713577,8.88680280939555,37.3411650913952,15.664861114291,-3.98732034722608,-26.5149131575415,29.7935142386364,29.2224551199141,29.2984256420443,26.6120348152397,7.98982844709004,2.47341944717528,30.3827469094841,38.174717247263,46.4847017581383,47.4791909077096,45.8459370983455,43.6922652963899,46.6804714399202,46.6639876596357
423.873271008892,711.319617498313,734.123359376494,-90.0012560779519,27.8881495052267,24.3954888096936,27.2017026896223,-27.9597077922192,-12.0213500363944,57.6754481900387,19.6259774657324,16.9689280689183,6.00112407880263,22.8676470401186,24.10875522025,19.6431248348782,17.0598543389948,21.8499514023077,-21.4321158472053,-27.7410761953901,-25.1548382520424,-4.56791828122945,37.3798842150178,37.3385957354353,16.0452893856066,31.0480771239328,22.0621650916664,-1.40603915784936,17.0880281367593,18.0585753076096,18.0428051168714,11.5200743052205,-28.1094537499722,-27.8108979243674,26.7416971398367,36.6263183626765,32.1687658607306,46.0382958880396,41.1742665409062,23.5541327458123,7.91879954149859,12.9002891506916,51.151814902721,41.4579413267464,57.3342087152024,15.126230974583,-9.83454663146911,-28.1654822935894,25.3455143822979,17.7467010358046,6.05787168380011,24.0515702892863,5.50930174682559,11.521695869344,-4.13571175742073,7.32055307696913,16.076112300478,6.30050478697871,16.0981581699151,25.799855780586,-17.5482249444805,-25.3875698751292,29.6684249660068,22.0661784673017,8.97106857042533,7.42378241684914,26.8937749442722,-1.66523505340601,-27.6608856511349,26.9568275826422,26.9970342713167,28.2154867157202,15.2922331528821,29.8550186680739,-21.0514304915356,-17.1686171905455,30.3973649096271,20.6414944500149,27.8090281398871,20.2221431186959,30.2062681153882,-27.7227439160194,-24.3324689817522,30.1984139240401,28.2349609166404,26.153347250518,28.9631264611345,30.655466171559,-27.0345013522531,-19.0868798666875,30.6571586883044,29.3688882112507,29.466359000512,29.5521818533849,29.3389288518353,-21.6264887076526,-21.0978007570221,26.89768029831,30.2647360230286,27.3685760332157,-17.1280436481902,-21.017702998153,11.1445011647493,13.7355785142405,24.7070374990325,30.6421021764739,30.8602662246832,25.8154800590209,30.9017706237259,-24.1229683959996,-27.8113916025806,27.2578847000279,15.0846283298279,6.62026643442584,6.61910537063785,30.2920341251179,-23.9517736710591,-28.4943589743856,29.6271902339565,20.0230526859496,15.0561398124019,24.0652145841984,29.3727418686061,-19.5803395798849,-28.3791739992467,30.5080571875122,29.4856947552621,26.9381385404105,17.6058101992777,30.6193686618066,-14.7606969968987,-25.7630484337714,24.2242381959014,5.80380259680508,8.32547005460237,7.38008631952245,25.1906703219135,-14.4076816416655,-22.8125907485828,23.89555847223,12.9787054822943,8.77520141030506,37.2981746888417,15.5898667987777,-3.96947697112304,-26.5872676467484,29.6888638594866,29.1190250391227,29.1947834440096,26.5305950500543,8.03622378521618,2.4694420625725,30.4708214849909,38.2893553454071,46.627883968818,47.6258072570649,45.9869173705579,43.8258391698038,46.8243304248768,46.8077899436625
377.910830734531,640.755679030017,661.642933039299,-86.1262379148373,24.823804442502,22.0388875369711,26.6831652269098,-24.5139643207802,-9.67706350439144,53.984606372652,17.0068584744575,16.083915740339,5.98591986156333,20.9165289953415,21.8417977752673,18.3693007845032,16.1520196431128,20.1417742293207,-20.2045417033083,-26.3735486000364,-23.988468504091,-4.46683894974744,35.5488037374489,35.5093718325682,15.1769941323422,29.5009129966076,20.9219633644491,-1.0135372078296,16.1763520967863,17.0261183830964,17.016993201476,11.1589517728224,-26.7531028946382,-26.4638542000505,24.1708255372903,33.1437703239581,31.1951993593045,43.7435307541497,37.4568550897344,21.4123640977609,7.79810178394082,10.8057898415972,47.1520332029014,37.7142493248545,53.3525153440914,13.5389437338834,-9.03868935576232,-26.7819598988126,22.9340881255771,15.9843567387364,4.80296470778562,21.1543018385532,4.20228545925053,11.1615492182402,-3.60014155140476,5.81282280630101,13.7227436245572,5.02858811127483,13.7446322357516,23.3719873659343,-16.4502120539803,-24.2133022074172,26.6992771366141,19.9873864344032,7.65163763850357,5.91073056108719,24.3224570540022,-1.24870755855196,-26.2955646292534,24.378595821022,24.4161225693443,25.4824472818885,13.6777063798555,26.8720348099519,-20.1280513159819,-16.4489598328427,27.3069680494931,18.7077778043001,25.1795873973718,18.2945999039564,26.9387463410703,-26.3643577203576,-23.2272559218859,26.9315205735903,25.5040146729901,23.7133708581397,26.1923181432672,27.4293352381632,-25.7631397878505,-18.2672087564951,27.3863763947391,26.4880241364169,26.5796066571606,26.6584741531125,26.1177495587456,-20.3898471223834,-20.1728230623266,23.9852880166244,26.9901970515379,24.3755875431543,-16.0489046332942,-20.0972142015757,10.5020237009033,12.9733272037655,22.2641408804156,27.3684355190642,27.6685779157462,23.3876013962239,27.7065066135608,-22.8002703500868,-26.4966713703494,24.6647457322954,13.5005510192109,5.40079803747683,5.39975240620758,27.2715506576504,-22.6350974152758,-27.0758950371644,26.7303246637108,18.117582625252,13.4669857300734,21.8086382560114,26.1439877558478,-18.4123660330563,-26.9869915172003,27.4122881924737,26.5991527446371,24.3633745522635,15.859312362729,27.4517554689089,-13.7697094618626,-24.3901467987583,21.9679252021955,4.56233073454658,6.65723547634887,5.8700022892988,22.7877175408057,-13.4531000654113,-21.7915335774639,21.6428318836264,10.8821080494551,7.09499500008067,33.7368446397553,13.9451005487099,-3.4481966948576,-25.199469041094,26.4521133111421,25.9288583234846,25.9950901960397,23.7089994887643,7.90034699844556,2.23630401005322,28.9499412111018,36.4178483443559,44.3846442433586,45.3382669864016,43.7721712953386,41.7073445294624,44.5723776113426,44.5565736761081
334.637878166198,572.19085259696,591.094705142178,-80.3943814700128,21.926430343206,19.7203066723999,25.5641833476144,-21.1945659028239,-7.60902916606346,49.7317268281873,14.6311785605525,14.9867387173184,5.8050215977994,18.9184733844204,19.5927819510954,16.9279958448009,15.0366295072869,18.3390114696,-18.733532981819,-24.6232618980454,-22.452202602807,-4.26342451544093,33.2011534858677,33.1642013613767,14.1130787063917,27.5329992461488,19.4957435235175,-0.698840741115184,15.0575029362466,15.7962458675604,15.7920799783333,10.5798267611426,-24.9999047900365,-24.7257291961235,21.6777263201417,29.6571308851872,29.6100110172369,40.8177304702258,33.6708958561052,19.2642501029398,7.48890732838336,9.00157019107797,42.8735988341709,33.9014219861227,48.9049827403287,12.0681363208693,-8.2016404177713,-25.0083392854392,20.5936210494309,14.3161902998935,3.80972539517015,18.4512859068704,3.18451129863941,10.5830434484314,-3.10773633672617,4.59619132970444,11.6404838616143,4.01608781756083,11.6615919195112,21.0077301666617,-15.1811655178598,-22.6648416851232,23.8394274616422,17.9753087327313,6.5363793323786,4.6873094900076,21.8250994530823,-0.909980678865296,-24.5491244069318,21.8745674276365,21.9090535749954,22.8327078303787,12.1819275154472,23.9971817441075,-18.8786524189264,-15.4528766116002,24.3394609770233,16.8366512839285,22.6138608049438,16.4406975079454,23.8438800665582,-24.6208839015983,-21.7571041524167,23.8373090618963,22.855293906274,21.3292216043493,23.4936930756172,24.355201916855,-24.0997104043873,-17.1464153212291,24.2774942048872,23.7003785535766,23.7850997203646,23.856640435243,23.0756648375674,-18.9069540207786,-18.9209762808038,21.2179118984256,23.888691866295,21.5404684333386,-14.8050510803354,-18.8507909958282,9.73620661997928,12.0496397503352,19.8777910060681,24.2589771893632,24.6147428156205,21.0229496793966,24.6489753194523,-21.1856537874498,-24.7809036241575,22.1419325653835,12.0331943937058,4.42092523579589,4.41999701306956,24.3578713981721,-21.029597253183,-25.2685878227441,23.9242060652343,16.2856949579855,11.9964890464482,19.6144706127386,23.0954381332432,-17.036153942019,-25.2011999860567,24.4379552122131,23.804286152746,21.8623631731059,14.2068224845975,24.4217863784246,-12.6552825742209,-22.693363124413,19.7699348796833,3.58606413458223,5.29405085607866,4.64997335764811,20.4574241705135,-12.3738747828142,-20.42358710082,19.4558910778008,9.07409568981205,5.71030375939016,30.1749478171985,12.4187294115797,-2.97043939498366,-23.4685325158305,23.3915979941488,22.9151830165651,22.9724321798316,21.0142911191928,7.57733303543979,2.00479411648216,27.0169228178162,34.0158983950366,41.4841003619793,42.378182123872,40.9098977500353,38.9742286790923,41.6601180833862,41.6453025968937
303.700764961941,522.599843360231,540.037041731824,-75.81317736409,19.8619931756927,18.0381662026225,24.5251077192459,-18.8930804371751,-6.25503719768881,46.4577890648809,12.986465888509,14.1118749956175,5.61408165035295,17.4420904820502,17.95464419028,15.8172516580215,14.1500151631754,16.9892467555129,-17.5801133822392,-23.2182298876256,-21.2072327124629,-4.08054228415433,31.3141387241918,31.2792061299966,13.2709581642618,25.9553751322998,18.3587887529228,-0.498426923665612,14.1684990245357,14.8295771356598,14.8284811283142,10.080716873462,-23.5878411247934,-23.3266343711906,19.861120625404,27.1290959305013,28.2320965099034,38.4715889304565,30.9053669773689,17.69196332028,7.19665560256551,7.78165121290622,39.6807375740612,31.1164037410824,45.5249760679129,11.0057936340195,-7.57970758586321,-23.5837808184681,18.8846966259469,13.1027265456172,3.15306182168698,16.5548582794438,2.52188048719278,10.0842645965151,-2.76592148595988,3.79349401270729,10.2152972177205,3.34487373238098,10.2356361753081,19.2785584371075,-14.1998170969429,-21.4095079090234,21.7703295980305,16.5020762669337,5.76732648927568,3.87922384163982,20.0038340041028,-0.692043486583508,-23.1474601468414,20.0485656762293,20.0807264729321,20.9049928778645,11.1028986021977,21.9167785998374,-17.8575030697959,-14.6331480717117,22.1981483184947,15.464840343524,20.7401529037106,15.0848625879474,21.632541406987,-23.2200175713652,-20.5619212576837,21.6264596206666,20.9278764936582,19.5835190113045,21.527113882949,22.149143928894,-22.7546483277145,-16.2274272727085,22.051564130049,21.6769498813378,21.756323580941,21.822420834527,20.9072099994893,-17.7439061450221,-17.8977516195286,19.2423501387131,21.6727025467434,19.5192549026935,-13.8442313145229,-17.8318346186051,9.13594534849835,11.3213550656769,18.1523119821929,22.0329190068236,22.4173002757672,19.2933232719236,22.4488128876223,-19.9109111509439,-23.3945864789485,20.3007900497129,10.9734322258666,3.76363335700339,3.76278917240128,22.2488820300058,-19.7625617814852,-23.8199746282705,21.8864406255027,14.9453427511414,10.9353529292423,18.0079102986157,20.9227926545087,-15.9639193653299,-23.7665685459505,22.2911224390714,21.7750218802668,20.0383595570569,13.0043719987176,22.2415105241238,-11.8029636088936,-21.3477411561809,18.1588595479307,2.94281256393292,4.39295757844582,3.84446440847807,18.7565820147296,-11.5468394001362,-19.3089909072304,17.8559439977457,7.85086243908782,4.79034445243884,27.5941219355571,11.3178747654383,-2.63942564694733,-22.0913737546972,21.2074739953702,20.7661864993895,20.8171926706666,19.0856806390104,7.27546315486837,1.83644917414224,25.46766273989,32.0845836463694,39.1461933653076,39.9916893809289,38.6032129158126,36.7728841324992,39.3126497620994,39.2986404731174
248.990336585037,434.110289479305,448.88693564951,-66.9882929582366,16.2130669350652,15.0276554190443,22.4068507522199,-14.8560753127209,-3.97014465658393,40.3623964646219,10.1306106371288,12.453911306537,5.20353547301713,14.7682181505254,15.0153109884491,13.7530423639554,12.4727399455453,14.5242740625845,-15.4121904872815,-20.542531089762,-18.8240171818552,-3.71145121651765,27.7187474897886,27.6876906765969,11.6802765711491,22.9538893726937,16.2025104624164,-0.170810862209134,12.487083067976,13.0124511169811,13.0162201165721,9.0956516901079,-20.8938425692415,-20.6582380994825,16.6119177842315,22.5943378179077,25.5036207584469,34.0055952910202,25.9198956004788,14.8616673784627,6.59500809179261,5.70289627281008,33.8458369471942,26.0958680614197,39.2792262379445,9.12476908546947,-6.44733845293769,-20.8700727073136,15.8255043835984,10.9415039094942,2.06372875261607,13.2294256704929,1.43435559810837,9.09965335376593,-2.17044912814614,2.45767511025364,7.7625386824387,2.2286603257567,7.78125494589765,16.1798136171867,-12.3699317068963,-19.0059579408994,18.0824792963916,13.8633313411574,4.45079611937773,2.53317723017999,16.7445836774212,-0.332936823382358,-20.4784668736129,16.7809279421683,16.8087757977256,17.4590657836088,9.19325583425889,18.2081678083598,-15.8937030435957,-13.0508587110074,18.3869402506176,13.0067478041432,17.3831469235523,12.659661823515,17.7188876023844,-20.5508743662128,-18.2700664195526,17.7136971850353,17.4820081752361,16.452357705336,18.0072778909989,18.2350474124576,-20.1828915553481,-14.4570273753426,18.1069832863873,18.0638584351315,18.1332276554441,18.1894106668162,17.0745414804947,-15.5575615102514,-15.9298844977941,15.7453922443063,17.7508791692049,15.9449671541636,-12.0537474108758,-15.8720052793452,8.00848362891417,9.94876278222084,15.0711284400115,18.0887160173942,18.5122256211951,16.193586154455,18.5388125326347,-17.5056697978367,-20.7451100912338,17.0043263943299,9.09712971101939,2.66262523956089,2.66193146289581,18.4884809443952,-17.3724019234503,-21.0635925431173,18.2465873922382,12.5475998024132,9.05751022037878,15.128415534725,17.0831236264044,-13.955900971108,-21.0333645935793,18.4693873367125,18.150802706996,16.7741037838585,10.862649400078,18.3671015433139,-10.2238785385496,-18.8023942978059,15.2694185684105,1.87888275015706,2.88817102478524,2.50319116533278,15.7126429215565,-10.0127265093866,-17.1690546725143,14.9897954935599,5.76549519474349,3.2479031878148,22.9664625711781,9.369244084217,-2.06350358926221,-19.481664511379,17.3447346164975,16.9672241241483,17.0073021488293,15.6659877156352,6.65706882677665,1.53456281304643,22.5205551426585,28.4040928788199,34.6848336844519,35.4369872456495,34.2018300856148,32.5738251263914,34.8329196170075,34.8204587916431
245.352422872549,428.632966856434,443.26682790663,-66.8078154252981,15.974024482364,14.8468512376978,22.3788329244989,-14.6121380509246,-3.80124510270232,40.1030830270117,9.92683939222156,12.3918545240267,5.20613359282643,14.6206894639087,14.841870864886,13.6602750259712,12.4088189745605,14.3965565427407,-15.3262846813966,-20.4496270861391,-18.7459100417673,-3.70663018044003,27.5940788177169,27.5631456895774,11.6198067439043,22.8481217864697,16.1239034376088,-0.13966796786999,12.422861403267,12.9388057575543,12.9431311942655,9.07344891952006,-20.8021347628647,-20.5670843324405,16.4080950372585,22.3348885471305,25.4427631104916,33.8494841364405,25.6451397326369,14.6985162283845,6.59022636435232,5.53545031523833,33.556293890789,25.8192189958587,38.9961086475566,8.9932120579041,-6.38880099165879,-20.7761506363196,15.6335871742296,10.7973927961508,1.95562749695235,13.0069327705695,1.32225644544039,9.07753438155376,-2.12939000372974,2.33150092586074,7.57709635018056,2.11940282089414,7.595821057393,15.986740124622,-12.2919366765409,-18.9273655539895,17.8487925549496,13.6960885406403,4.33830650008785,2.40665670378972,16.5407596258138,-0.299973628134289,-20.3856871872493,16.5765860460509,16.6042446081605,17.2431475581842,9.05977963709796,17.9734734011304,-15.832749774061,-13.0039612916354,18.1441588195338,12.850620338566,17.1754438440061,12.5036067281963,17.4629702032524,-20.4587232648225,-18.1964309285673,17.4578274556073,17.2662557078546,16.2587499698423,17.7889553843361,17.9820505126929,-20.0974734010356,-14.4032383759504,17.8509129596161,17.8368786608688,17.9058245425448,17.9614977359018,16.8225681137591,-15.4710434920396,-15.8688326390102,15.5188823076855,17.4944369229422,15.7118311823905,-11.9770144452385,-15.8112671743701,7.96314917948298,9.89539427770815,14.8832236219262,17.8322295735964,18.2618421902788,16.0005123609694,18.2881659786166,-17.4138337024001,-20.6566388923298,16.7989261821543,8.96580448706163,2.55702033511815,2.55633463400525,18.2510303425639,-17.2809404896555,-20.9670105980127,18.0184553076694,12.3930676343297,8.92581834806721,14.9480731646457,16.8305865759064,-13.8735853070384,-20.9388799849803,18.2262250306515,17.9234221672021,16.570023457035,10.719644666139,18.1185021493351,-10.1527342375313,-18.7075920904973,15.0891142820794,1.7716572898293,2.75047971713445,2.37687269646455,15.5213448874981,-9.94438033400391,-17.1012881076468,14.80970671224,5.59794402133444,3.10958038137781,22.7011886626199,9.23365154060103,-2.02351724348596,-19.3862310603425,17.0913127665012,16.7175681510034,16.7569433934603,15.446882472396,6.65109914085996,1.51682073462054,22.4165440781139,28.2767388795363,34.5327690066531,35.2819809015063,34.0516581302586,32.4300498910455,34.6802765003408,34.6678646222691
242.825917983402,424.798254179609,439.330512381543,-66.6331472372142,15.8052404469326,14.7192644010455,22.3678760956051,-14.41843219368,-3.66393545325788,39.9179577773382,9.77917584005544,12.3498861587617,5.20979133813258,14.51708147665,14.7196250069085,13.5962214455045,12.3655045200604,14.3072395462445,-15.2663830457299,-20.3858476863692,-18.692652556224,-3.70383525945068,27.5088645571809,27.4780152462531,11.5781171777611,22.7757116943824,16.0699153924126,-0.116346447890727,12.3793300312609,12.8885197090106,12.8932449890023,9.05984017336561,-20.7393309393485,-20.5046307527823,16.2692044943035,22.1465362887481,25.4072876437919,33.7423716219715,25.4456604765353,14.5836077974666,6.58879663894394,5.41528867857195,33.3469078405504,25.6183209809987,38.792606890129,8.90651459871036,-6.34686277621233,-20.7117016933034,15.5035345141434,10.7018312617216,1.88253821826248,12.8453517759946,1.24548614300333,9.06398738813144,-2.09926749221305,2.2436127730473,7.44325339475084,2.04544061147862,7.4619852516118,15.856018771334,-12.2371185345036,-18.8737951174012,17.687389324008,13.5841904635843,4.26348094900974,2.31851658911116,16.4019602949514,-0.275358607859879,-20.3219836537275,16.4374055442562,16.4649283523683,17.0953104117708,8.97151041121138,17.8113539831023,-15.791454830106,-12.9723579049542,17.9757747125558,12.7466358578138,17.0337282115964,12.3996862597579,17.2833973225202,-20.3954972129934,-18.1463448151265,17.2782875405279,17.1185641107441,16.1275424684848,17.6393410471544,17.8054142886914,-20.0391269929238,-14.3668862896564,17.6714874071378,17.6807376638086,17.749392807367,17.8046997898514,16.6451873711006,-15.4107270924324,-15.8274737873576,15.3587533567192,17.3144727642085,15.5470681534336,-11.9230477922946,-15.7701260357418,7.93174689726688,9.85852928025818,14.7505236505927,17.6526193153611,18.087511627688,15.8698027264326,18.1136451135444,-17.3500773951644,-20.5961936474102,16.6590520561445,8.87927461423497,2.48659082911774,2.48591142875289,18.0869164942156,-17.2174275607799,-20.900642169775,17.8615190831725,12.2903708130441,8.83894883871226,14.8266631230488,16.6527603627641,-13.8159725534654,-20.8740562142366,18.0575926004301,17.7670185577739,16.4310443028439,10.6249627706128,17.9454828162099,-10.102436078328,-18.6419691152659,14.96784579546,1.69920917323689,2.65335832894412,2.28888380956283,15.39169862365,-9.89607202688872,-17.0552696546305,14.6884038543271,5.47771205698819,3.01205996328245,22.508446242644,9.14372664588527,-1.99415493631416,-19.3203117660598,16.9132450337006,16.541946968862,16.5807878853854,15.2921042190563,6.64881708289642,1.50422535930048,22.3453261507915,28.1897074710896,34.4290098902698,35.1762314934609,33.9491798259225,32.3319012968297,34.5761260633419,34.5637473150916
240.640895177517,421.557914164595,436.008645873708,-66.5633609628236,15.6605351393058,14.6126380221747,22.3745021606369,-14.2619654683931,-3.54817765722258,39.7832502267621,9.65082647673202,12.3212945534835,5.21742479586793,14.4327855755347,14.6179979109055,13.548109910385,12.3356653258979,14.2361527686685,-15.2243570307081,-20.3446604907653,-18.659720654019,-3.70454809350625,27.4538817206251,27.4230831150138,11.5495421208163,22.7284568374543,16.0338700206726,-0.0950844341354831,12.3493011282089,12.852636986455,12.8577435102077,9.05478348249154,-20.6993497446931,-20.4647704720911,16.150371733875,21.9927738440759,25.3944696618353,33.6724960229366,25.2848321772393,14.4887847576179,6.59290745486551,5.30757941839774,33.1842880660005,25.4563673755657,38.6402458988585,8.82922433293054,-6.31374097782749,-20.6701768048291,15.3920798064455,10.6179157435242,1.81291238193007,12.7072764159458,1.172237326572,9.05899211250049,-2.07341556462331,2.16150909590329,7.32516410092355,1.97518284192533,7.3439208502131,15.7441932225409,-12.1971726972259,-18.8407305028985,17.5494234895484,13.4876351068005,4.19377500713479,2.23625320902383,16.2832922184891,-0.253031122264321,-20.2808113264204,16.3184198108467,16.3458424774819,16.9690415374935,8.89292198100113,17.6728343657855,-15.7670637642613,-12.9544805049255,17.8317942160731,12.6567278053495,16.9130299587402,12.3094821435409,17.1292288303207,-20.3548332849304,-18.1158698014183,17.1241456915033,16.9924399073934,16.0155938858778,17.5119777091208,17.6540372174099,-20.0026699474418,-14.3458287563851,17.5176965079252,17.5474547027178,17.6158974137582,17.6709154055997,16.4928215505247,-15.3684416358307,-15.8030548560753,15.2219551275467,17.1599757409071,15.4060211852541,-11.8836188637074,-15.7458586171993,7.90951723759804,9.83292182847612,14.6391213698697,17.4985666751766,17.9383347187065,15.7579949554535,17.9643161765763,-17.3062875735699,-20.5582675058607,16.5395971140809,8.80211398053006,2.41955914155115,2.41888468696087,17.946805845841,-17.1737480991451,-20.8575069554961,17.727650422225,12.2011304872006,8.76147351147936,14.7224668280186,16.5000069537231,-13.774807846448,-20.8323251803416,17.9134457980389,17.6335603207565,16.3122336857294,10.5417468235259,17.7973794130559,-10.0648262946161,-18.5975706553035,14.8638567862573,1.62999473552999,2.5635520342875,2.20672923078024,15.2805367256385,-9.86013915244086,-17.0276085689488,14.5842138297,5.36999633638374,2.92220699634151,22.3510425115896,9.06383465268651,-1.96891866920583,-19.2762263039312,16.7602917678592,16.3910770309017,16.4294716652728,15.1602584611395,6.65218545408717,1.49380410456917,22.2987998247249,28.1336358612378,34.3628909958495,35.1089214031755,33.8838284014857,32.269148419159,34.5097731384301,34.4974142703294
237.081666283446,416.260747891974,430.577238231756,-66.4114552210037,15.4222887904634,14.4376079280835,22.3981157387808,-13.9823898306743,-3.33800030573581,39.5637039576903,9.43509728947199,12.2773524759898,5.23265565797292,14.2953113349762,14.4514136688252,13.4715103482946,12.2896229032697,14.1208976978505,-15.1573889564351,-20.2808619211143,-18.6094844875489,-3.70687562066093,27.3690990273386,27.3383769068526,11.5046380546751,22.6553209229864,15.9776801713862,-0.0584360918430562,12.3029408731318,12.7965211807755,12.80226877372,9.04970638951758,-20.6377361606814,-20.4032843224507,15.9599348068981,21.7354767225829,25.384890943921,33.5649576387476,25.0160045194238,14.3335613321088,6.60259898429199,5.12725794121413,32.9143124655781,25.1856134429171,38.389575857213,8.70779495416248,-6.25897367170074,-20.605911492557,15.2141953478058,10.4857528598074,1.70030342212083,12.4751944019637,1.05268211752726,9.05402019738496,-2.02961547274077,2.02626002945931,7.12696877292787,1.86149480055776,7.14577154160693,15.5658887600816,-12.1327396130304,-18.7903285690525,17.3260578709174,13.3349105796984,4.08270717921475,2.10074346668425,16.0932377535251,-0.214626383495727,-20.217016695837,16.1278282592674,16.1550866761305,16.7659898048553,8.76913691827667,17.4485632308148,-15.7304731106441,-12.9280932524045,17.5979481681805,12.5149899472774,16.7195320527308,12.1672028719884,16.87653751123,-20.2919272092363,-18.0696560530408,16.8714972223144,16.7896594213396,15.8370289738453,17.3071195897346,17.4068902290966,-19.9468327302622,-14.3144660296698,17.2659311933526,17.3323691930392,17.4004773045902,17.4550176835553,16.2424709504075,-15.3010799432977,-15.7664285897628,14.9966036662304,16.9067236020685,15.1736766543054,-11.8199616421012,-15.7094724312705,7.87425498569453,9.79252234296963,14.4560613486212,17.2464680254806,17.6953225488311,15.5797336692219,17.7210510982002,-17.2370097555652,-20.5001235997303,16.3483114297116,8.68089961819106,2.31221479271939,2.31154902839862,17.7198874051601,-17.1046141393449,-20.7905495232738,17.5116370827315,12.0605784498388,8.63965229195141,14.5569867823721,16.2489685044362,-13.7088240891958,-20.7677621116355,17.6793555524094,17.4182162911826,16.1219480394982,10.4108292587219,17.5561782631028,-10.003662415748,-18.5276882057953,14.6988532081119,1.51806210753145,2.4145051740072,2.0714039258812,15.1030918044537,-9.80174694283417,-16.9858447579232,14.4186539573998,5.18967845043296,2.7731863077404,22.0874680792434,8.93775475236831,-1.9261296504859,-19.2071077685351,16.509321799578,16.1433132932864,16.1809361824179,14.9432459512433,6.66063831302417,1.47660265819834,22.2267670572196,28.0472168647784,34.2613578029685,35.0055987346193,33.7834486618929,32.1726765168657,34.4078884746927,34.3955595015344
235.941355327688,414.829322261952,429.125048045053,-66.6347644304371,15.3492469875888,14.3944224592352,22.4735136828919,-13.9166369630934,-3.26697896246054,39.586752410974,9.35949501953903,12.2930532137357,5.25559664491572,14.2706583227079,14.4124985414678,13.474709181419,12.3043063432128,14.1068754975812,-15.1724869631868,-20.313383510613,-18.643352333177,-3.71977514200373,27.4130673414961,27.382286555648,11.5184987266786,22.6902449639199,16.0000093550531,-0.0414368775913516,12.3175095481484,12.8077906413252,12.8138845266602,9.07454851280622,-20.6724171167123,-20.4372994352834,15.9056436494526,21.6823746707439,25.4551073806849,33.6184353066509,24.9685794593708,14.3001176152355,6.62708750860813,5.05255850467117,32.892538773338,25.1378826889954,38.3946459422116,8.66314162739755,-6.25237619191405,-20.6392151606732,15.1632591573976,10.4415246679686,1.64114285669444,12.4025214066196,0.989040688288291,9.07892829186869,-2.01523764921118,1.95960176780175,7.05127785538178,1.80240938677274,7.07016794474228,15.5156936227574,-12.1396760846864,-18.8246774724148,17.2614316217036,13.2896023630317,4.03028743229449,2.03421504529844,16.0394538350535,-0.197246486815917,-20.2493419550413,16.0739052241073,16.1011736825926,16.7084762725905,8.72380481696117,17.3838866995826,-15.7619751244779,-12.9558073574222,17.5296487785202,12.4725673982652,16.6663687134697,12.1232751026635,16.7989910455735,-20.3249222255893,-18.1037856080131,16.7939572552092,16.7323231889989,15.7878090571632,17.2506403894343,17.3326380715345,-19.9821811710143,-14.3440889449448,17.1897814816754,17.2712625166245,17.3394139605406,17.3938995001889,16.1649688333014,-15.3164317735146,-15.7980251585773,14.9292281934736,16.8290188254599,15.1031445051838,-11.8263054028085,-15.7410078146405,7.88147683952794,9.80323141780825,14.4088665134991,17.1698979979778,17.6234780642692,15.5295892570883,17.6491687568714,-17.2574407081247,-20.5360498227171,16.2946893641714,8.6362612515412,2.2564585792214,2.25579414234135,17.6548234274844,-17.124703888911,-20.8231275077132,17.4506246842335,12.0169543920112,8.59468448534479,14.50956847109,16.1712042212571,-13.7199010935348,-20.8014241608928,17.6111721259877,17.3572337625879,16.0681388110369,10.3668406598749,17.4847275139126,-10.0055790483354,-18.5518322769266,14.6519845493942,1.45859636106624,2.34369514245207,2.00485836009789,15.0520570793174,-9.80441412004135,-17.0187531386045,14.3708375837724,5.11518896530985,2.70354447789487,22.0326974993784,8.89205294039783,-1.91192796213765,-19.2337302623113,16.4318512513723,16.0666326004801,16.1040401511968,14.8798849376424,6.68469337184546,1.47264432790099,22.2608903795969,28.0925053635864,34.3186860821662,35.0643790495337,33.8398466488234,32.2259488236849,34.4655030549376,34.4531501498806
178.707966469131,317.363356158902,328.460501304523,-53.1095737399594,11.5757760974857,11.0333094724962,18.3620701345934,-10.1129785149178,-1.75757184970948,31.2717402984561,6.77477204739881,9.82240817692285,4.33134679380821,11.0741117572842,11.0799802482799,10.6581685999739,9.8236187651118,11.0249187389193,-12.0658053697401,-16.2544529799072,-14.9500688408463,-3.02934852559563,21.9436920802974,21.9189821249311,9.18544407047418,18.1520026296306,12.7825017607944,0.110115768934136,9.83312852740703,10.1942818564341,10.2016243548354,7.35607161144491,-16.5545606933417,-16.3640438904053,12.24340093314,16.6004269804328,20.6486949664161,26.878066212317,19.2196614004352,11.0309678692781,5.4242927497037,3.42734919066404,25.6417233463929,19.3493016305449,30.1811366084363,6.63415997516872,-4.86610928247484,-16.517361497976,11.6910400384782,8.03660764227184,0.950325191165113,9.17623861856002,0.389516409730209,7.36002826683602,-1.46597850036337,1.10957968434215,4.97461862269184,1.07666386626087,4.99009807213164,11.9763872465027,-9.61174688481583,-15.0967370254485,13.210277061916,10.2701604623074,2.90363490972801,1.16905060850931,12.3540131745149,-0.00975687310212336,-16.2024418293898,12.3798476288216,12.4013376867328,12.8447298828257,6.67301188491503,13.3061948584877,-12.6619442449424,-10.42164664044,13.3847560409389,9.64841746532782,12.848184608696,9.36353072825527,12.7076366472862,-16.2672363319389,-14.5272546399533,12.7037066620488,12.8652842930499,12.1950448616382,13.2769250785591,13.1677916199921,-16.0159982768259,-11.5302571053759,13.0300022612886,13.2528778951798,13.3069679079612,13.3493388315081,12.1972704599553,-12.1812353889552,-12.69109285013,11.2807824773646,12.7297579084338,11.3965892868819,-9.36014505427121,-12.6456993629629,6.26806073587084,7.80940427490534,11.0148636899055,13.0135212013261,13.4225071764894,11.9879036663047,13.4423718376286,-13.750719978347,-16.4571608697037,12.5567213207756,6.61318555518164,1.47554216151222,1.4750400180005,13.5157530580531,-13.6434395658802,-16.6563907183819,13.3950357765165,9.28482967523782,6.57662243046578,11.2103352748398,12.1994170614285,-10.8895363954721,-16.6479914002175,13.4501207938649,13.3217914028534,12.3764274632436,7.98139548130763,13.3170741033083,-7.89059301267006,-14.7999409958301,11.3284400980373,0.805008085795738,1.36181811402509,1.14599407483926,11.6022604005759,-7.73769951131523,-13.6629632587609,11.0970036618096,3.47815054385996,1.65394826287895,16.8595820828233,6.79973966350732,-1.38591417567734,-15.356846607472,12.4141560118621,12.1280300942864,12.1552183479943,11.2722687565423,5.46637513192346,1.13142055100544,17.807467712776,22.4893249524225,27.4888947105108,28.0877589943209,27.1043565501315,25.8083724321597,27.6068063406661,27.5968867114652
148.919978086993,266.652746834141,276.086216937952,-46.1341261481103,9.6181749040693,9.28611579633068,16.1838144847012,-8.19103578961941,-1.0250908443721,26.934843596602,5.44698764684354,8.5265289617457,3.84121351814444,9.40878301917632,9.34671252742258,9.18470384349844,8.52272726540291,9.41702210575218,-10.4408730927552,-14.1274762304199,-13.0134681778556,-2.66569087290375,19.0767179761274,19.0551927367506,7.96370552502692,15.7735075836002,11.0968073727295,0.183346518218233,8.53033871376799,8.82486996561981,8.83279434187016,6.45069037997728,-14.3961935361193,-14.2291467228594,10.3288117026447,13.9696379447084,18.1118926029229,23.3455049853658,16.2407978857301,9.32975224014114,4.78830229845394,2.59554284614805,21.8740331088913,16.3499914935012,25.903777440433,5.56740721482389,-4.14535792693738,-14.3573177694772,9.87403692209286,6.77365106185942,0.591113487235464,7.51497575758226,0.0807009335347963,6.45440997642385,-1.18437029864744,0.673391995433214,3.90979028012694,0.699354688827334,3.92347388770185,10.1239110553768,-8.29122293678425,-13.1419098624567,11.0978056554001,8.68675655362045,2.31270177932643,0.724960751162889,10.4270200648081,0.0821450525259344,-14.0818004025782,10.4484175190052,10.4668963608506,10.8264830312335,5.59550854139263,11.179896980956,-11.0355742606265,-9.0916418182779,11.2252914628533,8.16630469667923,10.8522693652777,7.91522124499136,10.5821454654483,-14.1407840878727,-12.6514909153764,10.5787920593242,10.8452235133645,10.3147913837517,11.20133748296,11.0013386068671,-13.9366197869469,-10.0537683105051,10.8679815072996,11.1556928052934,11.2024200423395,11.2384937807486,10.1377224303834,-10.5413452419342,-11.0610940144797,9.38801711931594,10.6002158337018,9.47387961489215,-8.07203355664402,-11.0217834497147,5.42374994150551,6.76558620435363,9.25136204584149,10.8530748978368,11.2357257816295,10.1341494679935,11.2525674963838,-11.9154599325804,-14.3187551901897,10.6022056477209,5.54950235922415,1.06662820877646,1.06620908434515,11.3576078086392,-11.8215639560287,-14.4731424014958,11.2783809041766,7.85052421392225,5.51580114372303,9.48191142197937,10.1378905998325,-9.40997370074366,-14.4713634056162,11.2821581324538,11.2156384188676,10.4461637808552,6.7283227083498,11.1474908260723,-6.78704388008358,-12.835652456738,9.5869702927805,0.46521177570401,0.860141773527815,0.705173079823208,9.79704566859745,-6.65918604656953,-11.9027343552874,9.38206644736111,2.64013065634091,1.11664776684307,14.1821603370311,5.70102149744597,-1.11640010981617,-13.3266066642779,10.3277054977944,10.0832387933246,10.105220329096,9.39989771505171,4.82238455919128,0.95417494439809,15.4734631087413,19.5521499134235,23.9081953536664,24.4300249692644,23.5731323561837,22.4439386872765,24.0109414736455,24.0022984422635
146.793069888822,263.354985748036,272.697078437452,-45.9186437586334,9.47566587466066,9.17545529406953,16.1544141517127,-8.02498899649839,-0.913539881885129,26.7537869535702,5.32549507222609,8.48266660944869,3.83892672249398,9.31633419433326,9.24007020745599,9.12295022138958,8.47783721229059,9.33552680851051,-10.3802190696668,-14.0587929076448,-12.9544462327083,-2.6598403303775,18.9847790053568,18.963348019306,7.92062189454197,15.6959875325973,11.0399286676838,0.201232808091302,8.4852710442777,8.77420034034992,8.78241941785916,6.43151594545868,-14.3278986330087,-14.1613506512151,10.2095886434341,13.8042272177261,18.060594567038,23.2306615618367,16.0634834436486,9.2287388979895,4.78079405899807,2.49974527389049,21.6810623825012,16.1714118719034,25.7097730753238,5.49525509504142,-4.10718373752256,-14.2878031772505,9.76234171132599,6.69298317549041,0.535697141473509,7.37963616662457,0.0229647272710167,6.43527786540334,-1.15936589768079,0.605955899452365,3.80134704832577,0.643097401184672,3.81501629988848,10.0113864129624,-8.23743427600442,-13.0824706006018,10.9598759180189,8.59084807032712,2.25386326377008,0.657254833513733,10.3077510694794,0.101166385840113,-14.0132381153829,10.3288221993276,10.3471699588585,10.6995943215073,5.52205129433965,11.041300285324,-10.9885078129995,-9.05472765108819,11.0816871187077,8.07720108998806,10.7301007828442,7.82654018190377,10.4303696163769,-14.0725089269226,-12.5954168503816,10.4270459955821,10.7184269696274,10.2015814813321,11.0725204193039,10.8514573342479,-13.8723950495699,-10.011866537538,10.7159786454016,11.0218474527586,11.0682874190975,11.1040275839362,9.98807960062246,-10.4802337175843,-11.0139432767806,9.25236846424155,10.4481092397614,9.33459392748632,-8.01920193951624,-10.9748548173853,5.39209473278493,6.72787180162712,9.13683190427473,10.7009877793301,11.0873995628674,10.0216224430345,11.1040703334173,-11.849813209919,-14.2523907547571,10.4818735425045,5.47750526853891,1.01281877988185,1.01240525283529,11.2172174601943,-11.75623357701,-14.4019849124301,11.1437560893254,7.76291576371693,5.44356981447804,9.3775154420426,9.98789364163281,-9.35249711379528,-14.4014032875341,11.1382878160222,11.0815116091692,10.3267301974223,6.64842156921623,11.0003080429704,-6.73880220936166,-12.7673061947476,9.4825636688798,0.410475463004765,0.785061075054205,0.6376139802449,9.68576309762015,-6.61265010544987,-11.8508294817578,9.27787611613417,2.54421521892406,1.04090096878827,14.0130117174174,5.62609892215245,-1.09207459476461,-13.257360947101,10.1773671864417,9.93505352007459,9.95658423659231,9.26834033692222,4.81417370858421,0.943174647154066,15.3972752724237,19.4581555166424,23.7953079404331,24.3148847756704,23.4616936453805,22.3373924737739,23.8976109292971,23.8890053377768
143.184865876985,257.393689601655,266.549671416061,-45.2283344177853,9.23649628909525,8.97161670875031,15.9649417426632,-7.77127382820829,-0.787068078896386,26.301908391022,5.14818440098738,8.35400312695964,3.79877124756522,9.12970279185916,9.03970371058124,8.96963623257537,8.34817093486974,9.1599011125141,-10.2153270967647,-13.8493249496256,-12.7658106073592,-2.62750496152248,18.702866428912,18.681743952148,7.79818334988652,15.4613723739821,10.8725079090251,0.217708223137947,8.35534913609219,8.63568446993637,8.64412252580849,6.34842523904959,-14.1161723558311,-13.951781542625,9.98823745989509,13.4971165183893,17.8295325872377,22.8823914276622,15.7216065053969,9.03421679213509,4.72597679476793,2.37728887963165,21.267196034308,15.8271526366146,25.2548476897943,5.3691629021169,-4.02733058205281,-14.075219845019,9.55323170008846,6.54627407116987,0.475328528851165,7.1675305426983,-0.0348743220343621,6.35219327429638,-1.12214677161262,0.53210754605664,3.65276777202312,0.580785317634454,3.66628553092679,9.79898685592417,-8.10075593316918,-12.8921419773734,10.7116085284308,8.40969163024555,2.17323390678032,0.582617421495915,10.0853983864734,0.119794037842613,-13.8043443855038,10.1059229078011,10.1239536669351,10.4654413997047,5.39430520428772,10.7915403725142,-10.8315708314752,-8.92731932657914,10.8262741493726,7.90810002649144,10.5005293763518,7.6603854430992,10.1725962072898,-13.8633238599262,-12.4133556607556,10.1693358247396,10.4841876194976,9.98654763530598,10.832654839673,10.5916619895916,-13.669345518314,-9.86988113959241,10.4551993692094,10.7772639797866,10.8229504319662,10.857992810965,9.73671195075653,-10.3138843158069,-10.8566684886452,9.02233198936191,10.1898166042857,9.10005930114808,-7.88566148141336,-10.818194254743,5.30637138427727,6.6227301339181,8.92942446161944,10.4403036995374,10.8269627068907,9.80912148265192,10.8432919624745,-11.6652800194707,-14.0433934736333,10.2567117020142,5.3517489629817,0.94956783910521,0.94916429649642,10.9638637327805,-11.5729494799771,-14.1865862836646,10.8971679911248,7.59852791376366,5.31789214612597,9.17980103466463,9.73615414042874,-9.20101865329367,-14.1872404410098,10.8820451578105,10.8360518996239,10.1040208849362,6.50296410031427,10.7419178503525,-6.62262078198411,-12.5709390968021,9.28382084933664,0.35205623648255,0.701352519489099,0.563324378248979,9.47782900336667,-6.49946192857698,-11.6804051576115,9.08134594440583,2.42119490875614,0.953968898052509,13.6999563933238,5.49577965913965,-1.0562163771951,-13.0552300546698,9.92350359509083,9.6857323171386,9.706578778776,9.04233167526478,4.75830682712255,0.92261225696808,15.1669791696365,19.1694556067155,23.4443589705146,23.9564893748496,23.1155282163658,22.0073584149958,23.5451962261594,23.5367140985168
142.11617282003,255.661809406495,264.765540904782,-45.0523577491215,9.16518874504509,8.91266063682745,15.9228996177701,-7.69189376304458,-0.742265833027449,26.1817709428736,5.09244303328674,8.32126778576978,3.7905453939399,9.07724454575266,8.98211934299124,8.92898856173727,8.31506246935145,9.1114816262885,-10.1725344782148,-13.7964207774671,-12.7186580092625,-2.62015304780035,18.6317770166804,18.6107312458821,7.76676782954239,15.402037354294,10.8298992014771,0.22405497525806,8.32215992142611,8.59984600530747,8.60837738154082,6.32887554725758,-14.0628939913282,-13.8990116450463,9.92471058791094,13.4081640777958,17.7754937509121,22.7941983461186,15.623740110345,8.97873998496802,4.71397811428777,2.33685699405037,21.1524455710406,15.7285968720663,25.1318489864407,5.33250368433252,-4.00507035421464,-14.02156214135,9.49342441374245,6.50409746711862,0.454319284466713,7.10251910714358,-0.0558263213784116,6.33265206699756,-1.11050895628869,0.506276673110872,3.6049706713392,0.559245862778923,3.61845595570944,9.73839761136815,-8.06467280700322,-12.8445858394916,10.6395092821771,8.35812567182083,2.14772100628934,0.556584271040958,10.0216712009195,0.126758178728078,-13.7515735303017,10.0420315153539,10.0599772897211,10.3980622245529,5.35708502230314,10.7190328950488,-10.792693390817,-8.89597965222377,10.7517681083562,7.86006989060964,10.4348721072785,7.6130126498263,10.0961217964703,-13.8105455987949,-12.3680006570919,10.0928789035672,10.4168086427656,9.92531287652671,10.7638132859004,10.5151636774752,-13.6184698129858,-9.83482457350097,10.378108429395,10.7066159417678,10.7521052919758,10.7869528970016,9.66182535602666,-10.2707273177989,-10.8177103444623,8.9539728061458,10.1131823456964,9.03020126282597,-7.85035805191894,-10.7793947990003,5.28412110524294,6.59562988241789,8.86910519079304,10.3632245716832,10.7506291464955,9.7485124938531,10.7668616912164,-11.617779652935,-13.9909839553886,10.1922514810192,5.31518261713919,0.928314940488445,0.927914355712286,10.8903393450002,-11.5257483066112,-14.1320928197179,10.8259928217686,7.55169509719009,5.28129687839112,9.12350970515039,9.66113119056594,-9.16140093089076,-14.1331964990529,10.807331326006,10.7651842040017,10.0401954085554,6.46117072867234,10.6661854753868,-6.59150884419806,-12.520655746433,9.22733120349804,0.331549302043303,0.672212681401096,0.537385394074743,9.41832220151801,-6.46923018091303,-11.6380498677542,9.02531929250401,2.38063153090883,0.924080538768933,13.6091824084165,5.45779289070134,-1.04496227076845,-13.0036632663825,9.84802820082964,9.61150438700896,9.63213695076726,8.97546554074966,4.74598140776932,0.916692581599094,15.1087202101579,19.096681775642,23.3561294745505,23.8664122782464,23.0284858720548,21.9243206865405,23.4566031057502,23.4481516270675
128.8353715254,232.430988914031,240.740270897349,-41.3914829767809,8.29770073524734,8.10689479640442,14.7169105399023,-6.88099254728698,-0.520548061404838,24.0046940653385,4.54978612404824,7.65123426924746,3.51022358222455,8.28450481664843,8.17682691608823,8.18960558003874,7.64406444527506,8.33135303504475,-9.34250652972412,-12.6898208758182,-11.704504068169,-2.41989449116703,17.1389417273975,17.1195690184605,7.13793474345452,14.1658912585783,9.95745137253491,0.23304606761114,7.65039444208125,7.89995888460403,7.90826823104752,5.83911873628687,-12.9373287456023,-12.7861438005161,9.03870770843731,12.1914232639339,16.4021411389227,20.9609895347301,14.2272245613335,8.1813830237368,4.35874705505281,2.0341032939085,19.3275269872006,14.322566701206,23.0132934470616,4.85001233569181,-3.65806976275589,-12.897314680294,8.64989890286231,5.92374012691405,0.350683378235551,6.39218484187286,-0.125949909159729,5.84267720240529,-0.993857355795221,0.380288197369985,3.19057071047059,0.446675658906472,3.20304166366867,8.87586020349666,-7.39858913548827,-11.8206275154662,9.67383734915289,7.62048706723402,1.91617754091674,0.426513913741934,9.12856390464338,0.144454914616047,-12.6484267414928,9.14696357335209,9.1634073398578,9.46632182218651,4.87077616280663,9.74659162555159,-9.93630422168156,-8.19268823273065,9.76948617475834,7.16839782815459,9.50718019921559,6.94016541451114,9.14884120802637,-12.7034794532084,-11.3836511341864,9.14587675233158,9.48384384372897,9.04792662819839,9.80240182788939,9.54060036803084,-12.5311330659221,-9.05580472932808,9.4100512616506,9.74214295803726,9.78390021997992,9.81572075765429,8.74873004954798,-9.4328702934414,-9.95937136596956,8.11108989694567,9.16417269733978,8.1768392907356,-7.20130440059278,-9.92417236603898,4.85308127172896,6.06007119038594,8.0612060596551,9.39627096093328,9.76136022734861,8.88523950205872,9.77615987276647,-10.6749465912077,-12.8733880255974,9.28517570389939,4.83418182832835,0.792924389315903,0.7925615623186,9.90278884731985,-10.5900963722128,-12.9974519333161,9.85168782568825,6.88498308661066,4.80238697733713,8.31767032705886,8.74755198808628,-8.40985486767012,-13.0001517237896,9.82061851752939,9.7960371204706,9.14550083068718,5.88512369844367,9.68474750069028,-6.04104881398759,-11.5079367020885,8.41395339987651,0.237910079079668,0.522436235993835,0.408938165044969,8.58085680267548,-5.93009300422193,-10.7129865187766,8.22691402785927,2.07449334675756,0.754880544193266,12.3723212059199,4.96190046456639,-0.9340565139549,-11.9543194986963,8.92066936168504,8.70423448885376,8.72269169977472,8.13667135759458,4.38743019428797,0.834374975204332,13.8959176647047,17.5669253587917,21.4880171569827,21.9577796070568,21.1863940654493,20.1699328923219,21.5805130216468,21.5727328337647
110.933388604357,200.860822841516,208.077453768273,-36.2389244196373,7.13166791927204,7.00995112426617,12.9863234087285,-5.81771503383343,-0.275159089697159,20.9668266259221,3.84201353809271,6.70780963804029,3.10497552787223,7.19466772411501,7.07796176047232,7.15722903262787,6.69990704492773,7.25270866047593,-8.1782512341771,-11.1296294688404,-10.2720893204317,-2.13329212781518,15.033606600431,15.0165990811513,6.25391220206783,12.4234622129766,8.72907945560146,0.234288977097636,6.70523969525876,6.91766014520531,6.92545756294839,5.14109941693199,-11.3493721373074,-11.2162794012996,7.82936198611567,10.5355646828805,14.4434017872723,18.3777235220062,12.3186134125046,7.09040251871618,3.84824961564114,1.65693117244614,16.8081623336138,12.4009999092673,20.0688634650779,4.19484860399839,-3.17977893603414,-11.3120678230596,7.49715073618638,5.13222437396257,0.234630566427072,5.45054214934896,-0.191708230564323,5.14431413816293,-0.841095846408015,0.240147636913687,2.66001636158845,0.318233227494126,2.67102711020897,7.69605179665018,-6.46765592455517,-10.3742637836168,8.36146623085804,6.6108363157524,1.61657760885229,0.280634299039617,7.90892616285589,0.157585728565378,-11.0931651353685,7.92469861059867,7.93905053713453,8.19573582904157,4.2109810386222,8.42484050970379,-8.72491415043132,-7.19673293424058,8.43685249620487,6.22098420933733,8.23934466239797,6.01974414006296,7.87275060892332,-11.142345782905,-9.99254050661538,7.87017077310492,8.21141620672315,7.8470820734956,8.49008823267624,8.22349052252581,-10.9959699603386,-7.95326423106644,8.10391983619644,8.42873298528323,8.46526408242436,8.49291398901917,7.52099857231396,-8.25755736791946,-8.74520812642951,6.97639248720774,7.88579477636433,7.02926494955231,-6.2944488508808,-8.71438454246693,4.24849062499538,5.30783494248582,6.96367103283848,8.09175868048566,8.42180399478011,7.70436328572574,8.43463822459862,-9.35032462106424,-11.2957281020386,8.04596763014968,4.18107747188518,0.629563177701382,0.629251298038934,8.56030810175596,-9.27568423381976,-11.3982036153564,8.52452518062798,5.97272026154156,4.15248611732781,7.21471272798781,7.5193607505898,-7.35736453869947,-11.4024351603976,8.48172864409622,8.47602865151849,7.92366829729599,5.09933308816775,8.35579032005034,-5.27420862300238,-10.0837059635929,7.3000458094312,0.135898527912129,0.353047352958402,0.265313770309332,7.43663429446846,-5.17856706741146,-9.405146262482,7.13461785240952,1.69249260265613,0.557764646270499,10.689769652215,4.2892055108064,-0.789186830668694,-10.4775505022896,7.67260757917185,7.48397294691965,7.49957851383983,7.00524889663317,3.87257419414906,0.722110453221507,12.1864779684689,15.4093792170273,18.8520310064735,19.2644907291859,18.5872040366069,17.6947606307672,18.933244678866,18.9264137339802
97.2838047456232,176.965449710553,183.363885014034,-32.4636593862026,6.24101028801291,6.1811858935598,11.7355716793417,-4.99104465768218,-0.0555769529259464,18.720468533044,3.28768082034714,6.01505781591082,2.81387428255993,6.37809720839,6.24938861155578,6.39378953205778,6.00622941347477,6.44842811195769,-7.3207718751345,-9.98546577062769,-9.22320753726079,-1.92575469780964,13.4899590811622,13.4746822098418,5.60399165665508,11.1453422223114,7.82716444588047,0.242174544379525,6.0107784515241,6.19441106013261,6.20195677523504,4.63373480523254,-10.1854764124864,-10.0655352085949,6.91685510798075,9.28505746018556,13.0206845381073,16.4828616256142,10.8824360315652,6.26967097138767,3.47973477829346,1.34942869436838,14.9284636170043,10.9550488613177,17.8843502790192,3.69761898595546,-2.82233221974367,-10.1496360245134,6.62812148690888,4.53401919807968,0.129983042422982,4.72329851594076,-0.261254986342941,4.63671987018882,-0.721920338839524,0.113524154833161,2.23771233513203,0.204383261113627,2.24767169342974,6.80732132787799,-5.77995127876741,-9.3152294618322,7.36785421810434,5.85046112040984,1.37916433527167,0.149795129440832,6.98903190165997,0.174428038348637,-9.95257917731075,7.00279524243103,7.01559784216635,7.2363729512325,3.70992149539861,7.42425043303424,-7.83898970652944,-6.46905798702591,7.42650612199615,5.50783687386308,7.28379702098548,5.32609405117225,6.89967972635074,-9.99766667680905,-8.9743903827212,6.89738695283675,7.25077078760908,6.94301599993831,7.50008641761798,7.22179644147795,-9.8714721173346,-7.14730994089194,7.10924976754041,7.43597867476846,7.4686549405705,7.49318768138514,6.58338258283553,-7.39198041539802,-7.85726475786931,6.11084673483207,6.91095640244439,6.15308042796073,-5.6243611908482,-7.82966139325655,3.80314944359727,4.75439049703563,6.13297268917973,7.09821765667369,7.40464840786635,6.81486734419394,7.41600828154914,-8.37604888742169,-10.1399606821527,7.11164331987499,3.68538329424168,0.491676583889276,0.491403386440503,7.54417131977547,-8.30884381337963,-10.2251027592348,7.52161764559507,5.2853342791363,3.65899345971713,6.38419752081878,6.58127655962181,-6.58116652258549,-10.2308991741386,7.4667982568929,7.47843912894549,7.0021379875371,4.50552907033956,7.34667247494764,-4.7061855051751,-9.03704122684218,6.46168617410664,0.0415730090540407,0.202475195034497,0.136147203576719,6.57387141999191,-4.6221771690103,-8.448258893829,6.31181723189314,1.38148594063021,0.387075334827536,9.41868244717592,3.77833273346936,-0.675928162360021,-9.39290937380736,6.72016638935023,6.55227737775187,6.56566414770834,6.14364509216774,3.50066365667496,0.637416975586044,10.9325036935748,13.827537887432,16.9201748558188,17.2907172476526,16.6822653217937,15.8805483518606,16.9931356900462,16.9869991703248
95.6959887281263,174.440524844397,180.765392491757,-32.2480961034428,6.13525704736941,6.09586176310574,11.6886915650349,-4.8731790799571,0.0157010870724488,18.5601546885039,3.20238485547518,5.97269032747388,2.80567310849128,6.30390319610974,6.16646103867462,6.33911455881276,5.96322834411482,6.38104392405291,-7.26456816772325,-9.91775669374662,-9.16348234489928,-1.9174075553736,13.3990318164772,13.3838516335471,5.56310360669488,11.0692245096128,7.77215556019311,0.252993451940107,5.96765330013304,6.14727629531596,6.15499164603893,4.61040967963886,-10.1175352732666,-9.99819950511212,6.82435289302299,9.15736670856602,12.9567625885689,16.3701240052451,10.7433230736,6.19028042315253,3.46661004888585,1.28516943540311,14.7696585532463,10.8149551746527,17.7177908041421,3.64284183975463,-2.79123839076916,-10.0810036388436,6.54111132779951,4.47180870150725,0.0944133719450981,4.62572831066021,-0.29736887499153,4.61341455227038,-0.704254281546987,0.0703225704153052,2.16325715395031,0.168098783278577,2.17318342407405,6.7193535077265,-5.73181656948078,-9.25501771633932,7.26234147652559,5.77538049655511,1.33842455108316,0.106334481056097,6.89632775543594,0.186132596958846,-9.88502607609772,6.90985004809091,6.92253838681059,7.13821712878325,3.65428185187769,7.31817734870453,-7.79020150176016,-6.43002351647938,7.31723336812396,5.43791393181342,7.18853638232082,5.25687731163738,6.78645156688058,-9.93018840991938,-8.9171401681695,6.78418326651707,7.15263930886263,6.85428459611974,7.40006799584843,7.10900864253401,-9.80687731397256,-7.10347111505426,6.99537584930403,7.33290820938924,7.36532306402076,7.38958434757924,6.4722677629158,-7.33531445785477,-7.80837902496924,6.00977401913126,6.79749031480995,6.04959014710709,-5.57720935586504,-7.78098337056474,3.77386154002812,4.7189608450781,6.04529893233831,6.9843174054984,7.29241571866619,6.72687996798235,7.30363938290359,-8.31413363050488,-10.0733587650759,7.01796776298102,3.63073431575341,0.456268476097003,0.455999504718326,7.43666728114756,-8.24729126616142,-10.1552425818732,7.41784511677073,5.21689978876506,3.60425806568061,6.30242643047011,6.46994083943749,-6.52876081535596,-10.1617880573919,7.35725946883147,7.3750875492967,6.90929752443745,4.44387614296015,7.23530779681641,-4.66415985749324,-8.97182097454061,6.37972303003372,0.00664908379500595,0.154182409105589,0.092812922764514,6.4872541916678,-4.58143974553168,-8.39492679377051,6.23035044977877,1.31707458821126,0.337915029069743,9.28828843232929,3.7215941818628,-0.658804948403599,-9.32626272180451,6.60828288164256,6.44216669531577,6.4552338397915,6.04510042961081,3.48704107337082,0.628880966826458,10.857745201147,13.7344914725482,16.8076744159701,17.1758928643167,16.5712584449864,15.7745812980104,16.8801779444208,16.8740799952716
93.9725599376794,171.531736998562,177.762508232373,-31.8633522370648,6.02136260917831,5.99578025835182,11.5753916027876,-4.75591328309769,0.066323293033161,18.3202792292373,3.12226434249741,5.90231546626781,2.78056135179535,6.20980793698744,6.0674928443733,6.25788374508459,5.89249518238936,6.29097118882957,-7.17557271263124,-9.80239101338891,-9.05880714084087,-1.8982810634202,13.2436386128386,13.22863024687,5.49648859674171,10.9401810673841,7.6805032859016,0.258623807502634,5.89680533635603,6.07246730554495,6.08024128991294,4.56243163001632,-10.0006137935215,-9.8825236741696,6.71555279896844,9.00606154610231,12.8228150079461,16.1784811844446,10.5729923167566,6.09349818402666,3.43353863622701,1.23317606744731,14.5574546154023,10.6434445656537,17.4795290216449,3.58214440705668,-2.75056955619845,-9.96386966663468,6.43808785645154,4.400241009446,0.0711903453915426,4.52709539991558,-0.318343456778752,4.56542869110947,-0.687288067841992,0.0417350714473077,2.09798057025107,0.14386009681103,2.10781352799109,6.61445209742057,-5.65901867341972,-9.14937203609276,7.14142717324137,5.68593286851575,1.30317726933896,0.0773150719787274,6.78689960940099,0.192829230990283,-9.769995233378,6.80016132272906,6.81268250450261,7.02331940626359,3.59287982523505,7.1964900658805,-7.702552031122,-6.35850653015956,7.19329559144066,5.35431465496478,7.07527409381142,5.17505378278041,6.66322285513746,-9.81489117611254,-8.81586672044923,6.66098685366743,7.03766114184152,6.74787855243872,7.2820355102807,6.98397716383951,-9.69439519522508,-7.02398351161944,6.8702864976785,7.21323603948031,7.24524714774221,7.26915300448306,6.35254244193082,-7.24551076093466,-7.72053619307192,5.8998272332513,6.67401970475501,5.93776971310567,-5.50615937882101,-7.69347308859986,3.72763567877641,4.66195545360864,5.94400167796895,6.85931588369684,7.16655124118004,6.62191440677984,7.17760305343223,-8.21392113484347,-9.9576539050764,6.90703244222978,3.5702095434559,0.43077055702938,0.430506455813289,7.31317009000557,-8.14779244999538,-10.0367571550401,7.29710298495749,5.13591641202238,3.54384689820278,6.20470116797412,6.35007406946855,-6.44749006309946,-10.0437641956151,7.232863413688,7.25493150489227,6.7996862006235,4.37290147573121,7.11044070159287,-4.6029745186759,-8.86476479669094,6.28134321246278,-0.0155105178073889,0.121361705311044,0.0639762617072819,6.38487024163388,-4.52170192902281,-8.29996440387515,6.13332665440082,1.26475187252409,0.30321026169263,9.13419930137023,3.65894317980519,-0.642523735336379,-9.21575840455805,6.48715767791443,6.32335300003565,6.33610522202302,5.93660309355968,3.45349099057774,0.618738177419781,10.7311036436943,13.5753131914182,16.613793450178,16.977858643075,16.3800450811751,15.5923618350727,16.6854793813627,16.6794502699418
93.1867561459529,170.180860705312,176.366640492349,-31.6664285886465,5.96964927453826,5.94907868786612,11.5141149864556,-4.70466103049915,0.0848736390287552,18.2011167084423,3.08777891463584,5.86651339530013,2.76661313215248,6.16489008506426,6.0210676228452,6.2175311751466,5.8565809738286,6.24736327111962,-7.13076963677391,-9.743440133414,-9.00503043081659,-1.88802475251857,13.164177944867,13.1492580833867,5.46274487518935,10.8742965280317,7.63386792677875,0.260222911070715,5.86084201054526,6.03476287088362,6.0425442368027,4.53708375861884,-9.94075267087327,-9.82332037711527,6.66460850478186,8.93537917961824,12.7518436690511,16.080633853855,10.4926488553236,6.04781424171196,3.41556485822646,1.21225190524544,14.4549189174266,10.562548419862,17.3624154220903,3.55415375990639,-2.73101396836356,-9.90399573199828,6.38973326151139,4.36687564111078,0.062866763053103,4.48341135379081,-0.325188922471456,4.54007272910225,-0.67992803066501,0.0314672243232241,2.07069775565475,0.135039152068488,2.08047949333286,6.5651111449425,-5.62273630233751,-9.09508533155841,7.08531286297491,5.64383363474708,1.28836822385834,0.0668278720711903,6.73560474963303,0.194929562523258,-9.71122232283362,6.74874843579614,6.76118701176913,6.96961647325783,3.56460934870866,7.13999894810779,-7.65731635653707,-6.3214668104604,7.1359811881275,5.31491403612774,7.02207738766226,5.13661449131036,6.60704455019948,-9.75594316087882,-8.76374752429284,6.60482414292175,6.98390456245898,6.69775288675183,7.22673841689514,6.92660738256853,-9.63667787788032,-6.98289191185253,6.81307763171212,7.15745842439194,7.18926726420225,7.21300224998908,6.29815896425,-7.20029256040575,-7.67519900714952,5.84974345427383,6.61773433811846,5.88694620442715,-5.47077758911827,-7.6483037278196,3.7043732795111,4.63315318572539,5.89695265701503,6.8021619230747,7.10857127609672,6.57253740812452,7.11954132935227,-8.16323818444302,-9.89830882225923,6.85498160217571,3.54230249650721,0.421014892865792,0.420753036085689,7.25581734166941,-8.0974837180061,-9.97626603775774,7.24079096366873,5.09785433545819,3.5160252474443,6.15868648749787,6.29564245638465,-6.40675901526708,-9.98342812196499,7.17531404236778,7.19890587810443,6.74830257734344,4.33980163478378,7.05292175290885,-4.57274624252248,-8.8104641151027,6.23495966308799,-0.0232954554402127,0.109392414258883,0.0535789669610534,6.33683997662557,-4.49213979556385,-8.25103417709426,6.08768968061025,1.24365271081959,0.290238740908968,9.0622790860122,3.63009981494234,-0.635490085132075,-9.1595946116315,6.43204184668845,6.26935401429466,6.28196878635226,5.88697859864637,3.43530904642502,0.613987156450735,10.6664550581773,13.4939009628009,16.5144929732144,16.8764165498825,16.2821199928268,15.4990731978645,16.5857572822022,16.579763657924
84.2876495157927,154.215454248816,159.834917082816,-28.8794382216113,5.39458965559054,5.39264585967062,10.5376028165804,-4.21431152186275,0.143882457390278,16.5800237701299,2.76352686905292,5.35320128692786,2.53469546097732,5.60027501317647,5.46080734081816,5.66518495242996,5.34354156925253,5.6817911680234,-6.50233921578044,-8.89260267300797,-8.22111537064255,-1.72717707610392,12.0153029941616,12.0016798764934,4.98334265520889,9.92441851847739,6.96572151287021,0.248490359961377,5.34734986070681,5.50370406532716,5.51099377949147,4.14818901938214,-9.0736657004738,-8.96630576220552,6.046329020865,8.09743148686316,11.6595646071275,14.6742032300961,9.51783237738115,5.48833153355011,3.12663677329473,1.05956156126437,13.1401441595897,9.58117587266508,15.804099972875,3.22188292518412,-2.482035379607,-9.03930538070505,5.79868432192351,3.96204074474648,0.0303438582078019,4.03461003003253,-0.326865330878606,4.1509515065651,-0.60931372989441,-0.00579170395754147,1.83895241243744,0.0959995508458196,1.84790701945156,5.95901028831294,-5.12390497490742,-8.30342700024659,6.42114805037222,5.12398782625594,1.15208911549578,0.0264611178407019,6.1114019396498,0.189265413085701,-8.86313957300251,6.12326385434559,6.13459054652361,6.32152194563664,3.23066576945861,6.47089888986271,-6.99242488562607,-5.77361814629902,6.46427445744884,4.82624076783616,6.37225915978915,4.66311439481511,5.97429589481988,-8.90428520173519,-8.0015852962969,5.97227681933077,6.33467686258023,6.08011827176029,6.55604582374594,6.26856281408315,-8.79719417775952,-6.37711282304397,6.16309548808812,6.48969125870697,6.51868841868757,6.54025587722051,5.69209330239991,-6.56581032223938,-7.00876908293557,5.2882558698396,5.98390456840708,5.3204405145397,-4.98515053631649,-6.98424000097176,3.37797308900548,4.22592423578909,5.3427841391909,6.15310170992236,6.43635509599103,5.96581923045679,6.44631364903583,-7.44591863386487,-9.035824351327,6.22023784332634,3.21110803963318,0.359797047817422,0.359560374293368,6.57604342578035,-7.38582435229405,-9.10464290381304,6.56564208090799,4.62824066148311,3.18686749748908,5.59109511175705,5.68957508716668,-5.84048453625317,-9.11186534350889,6.50018347905443,6.52752925018156,6.12294955256186,3.93768809433378,6.38599808507703,-4.16456978170162,-8.03765812459729,5.6610322725104,-0.0482309203421831,0.0610221863015585,0.0144035667852904,5.75042408538645,-4.09161827879892,-7.5339437887931,5.52611646509368,1.08827115747749,0.226390668621804,8.21161640497513,3.28981732294073,-0.568954943914626,-8.35716329159914,5.81457332750961,5.66653686275274,5.67783661643459,5.32460409163822,3.14435041763579,0.556803726393026,9.73465186772445,12.3163835228556,15.0745471855703,15.4050329029118,14.862360135929,14.1473414013709,15.1396214908547,15.1341485646979
66.681926928911,122.46142954805,126.94616368224,-23.223849062746,4.25937414482777,4.28479082763985,8.5352736811554,-3.26563472448401,0.223713467884182,13.304544406991,2.13830329002428,4.31074367976058,2.05746579446916,4.46918272777852,4.34365283917374,4.54858723499128,4.30200642907757,4.54488558916285,-5.22877344348687,-7.16352455313051,-6.62652967467477,-1.39780303532574,9.68017890074741,9.66919478483324,4.01059281022438,7.99428879289894,5.60888552611199,0.217898799613535,4.30494446134418,4.42707143933507,4.4332453781475,3.3534219584763,-7.31096084548288,-7.22418216422959,4.81292494120597,6.42981058553667,9.42662271924842,11.8170267318665,7.57252762937104,4.37082140355273,2.53376338790057,0.778383860434104,10.5000832316674,7.62282115224587,12.6626402092565,2.56096825667198,-1.98251327329991,-7.28197248344634,4.61866258277304,3.15462765397066,-0.0184111024692832,3.15782506459232,-0.311111444927597,3.35570283865207,-0.472717014184987,-0.0597138115950813,1.39954316128004,0.0341267109570538,1.4067994952892,4.74824526515219,-4.11499567697909,-6.69303116617637,5.10002826373309,4.08498688843756,0.890546327149655,-0.0337663220647642,4.86579526149723,0.17077919617577,-7.13969571136436,4.87513372052486,4.88421626222201,5.02945544616447,2.56680320021312,5.13984689764255,-5.63889285660311,-4.6576972890296,5.1297083829783,3.84907659280521,5.07494138073093,3.71704372697286,4.72321526368455,-7.17337207129092,-6.45078400573485,4.7216006918906,5.04023863718145,4.84586503421082,5.2181269411077,4.96453486046513,-7.08993544759217,-5.14357291902698,4.87654284824017,5.15962401143476,5.18292822583204,5.20014848500626,4.49536293500318,-5.27993441070294,-5.65209636608604,4.17866876279973,4.7307163281786,4.20176332451111,-4.0031148605012,-5.63236497519378,2.71648878355452,3.40001053014801,4.24094889263327,4.86845344737861,5.10250093932212,4.75378118943663,5.11043644357722,-5.99093112671442,-7.28191983007368,4.95328216524154,2.55235571420682,0.251199313649256,0.251012442139547,5.22363994684014,-5.94238976615275,-7.33360499302167,5.22063808260145,3.6897715227088,2.53240771652387,4.45675661512052,4.49297419341584,-4.69388918553733,-7.34052703456711,5.15865359780661,5.19012140247054,4.87503081431203,3.13559354660855,5.06263695029214,-3.3405249753184,-6.46927580821504,4.51362446860924,-0.0816005717086732,-0.012908462192124,-0.0434229334195724,4.5798075937373,-3.2827483126607,-6.07455182104822,4.40411630451341,0.801591606235327,0.120807022586611,6.51914980433057,2.61344086038243,-0.440524993790625,-6.72804515622035,4.59452324162549,4.47596548466204,4.48472133144285,4.21175164413837,2.54754008238743,0.442817715031865,7.84129966304933,9.92295979413691,12.1469917427669,12.4134869147655,11.975891591508,11.3993350797037,12.1994663822084,12.1950532718826
52.8546403081339,97.4406034150025,101.027191432817,-18.7127993749691,3.36889885244775,3.41126674293248,6.92895837270861,-2.53037374138756,0.269055141149263,10.6990252739823,1.65494104368878,3.47909490564071,1.67385228642731,3.57404391908853,3.46200097998727,3.66017278978838,3.47126482718631,3.6433113558024,-4.21397445464457,-5.78354415172431,-5.35318915311719,-1.13376850744515,7.81634844739261,7.80747225541628,3.23493788120354,6.45395823527751,4.52645116641376,0.190363918607935,3.47353139686883,3.56902442055602,3.57425365217607,2.71706547144098,-5.90386304305366,-5.83356218387945,3.83937105868856,5.11515483761253,7.63839015405649,9.53710262843295,6.03645002470596,3.48798551959871,2.05795379919543,0.567512208809402,8.40768714267835,6.07645379166158,10.1670630830027,2.04029556000531,-1.58682941929925,-5.87939435654353,3.6868138960445,2.51747940788415,-0.0491569317047738,2.47438847064419,-0.289539445936012,2.71895207944751,-0.366892496753025,-0.0925503191414654,1.06348998581194,-0.00703177658271947,1.06938275102673,3.79179028794787,-3.31201358249461,-5.40703821942683,4.0590101222978,3.2639951294193,0.689094773128216,-0.0716306721660818,3.88242706138483,0.152800333351775,-5.76422873501163,3.88978899878776,3.89708754756069,4.00996966921052,2.04398341858075,4.0909466614422,-4.55755405813745,-3.76588276723432,4.07882153797755,3.07673574106862,4.05045724422153,2.96964102906236,3.74092776726383,-5.79184945526833,-5.21219238038621,3.73963386573474,4.01882843015855,3.87063753254306,4.16207598358351,3.93929019683834,-5.72678809838832,-4.15793654002326,3.86574020057511,4.11071868499557,4.12948908601033,4.14326639702009,3.55649918198172,-4.25530536218397,-4.56824439394504,3.30773444508181,3.74678786544159,3.32409087940011,-3.2215989771229,-4.55233698214409,2.18940939059193,2.74162196942258,3.37288786164687,3.85918736576882,4.05298309386545,3.79630180261071,4.05931897699946,-4.83097812962829,-5.88158945342831,3.95290902922727,2.03339726364399,0.171997694210258,0.171849943329182,4.1578555554287,-4.79168041716528,-5.92026672124888,4.15984157294794,2.94830090626437,2.01694512527822,3.56045423255207,3.55427463341331,-3.78072932394296,-5.92675304246738,4.10220639934237,4.13535518030613,3.88982911937443,2.5025936326462,4.02137288840936,-2.68537707516131,-5.21852846841935,3.60680340359661,-0.100082082387173,-0.0605395753640883,-0.0793802043990279,3.65546027496539,-2.63953434216899,-4.90882775199437,3.51771047093855,0.586313485841329,0.0478206293589913,5.18512205414859,2.0808013424894,-0.34116134726873,-5.42857863739109,3.63698638164008,3.54181403743105,3.54859848644776,3.33753244730013,2.06867633771886,0.35287905903694,6.33034242767033,8.0125577120881,9.80991796432199,10.0252948952387,9.67163933062684,9.20568915580672,9.85232740920332,9.84876090186576
49.8881210319718,92.0989630433344,95.4951071218078,-17.7668516071369,3.17740939128407,3.22493953860644,6.59562255419259,-2.36890464870223,0.284908203254364,10.1507978517873,1.54855920558299,3.30497461283795,1.59450906701915,3.38421674906268,3.27420888445774,3.47337040100759,3.29727732076383,3.45273660923216,-4.00107832635249,-5.49478495080501,-5.08697844050135,-1.07890577599656,7.42640817961015,7.41797248152802,3.07240485189114,6.13161743097315,4.29980611936616,0.185656125620259,3.2993956525851,3.38908735127615,3.39413692580982,2.58460848221763,-5.60952361720123,-5.54265323899037,3.63216617475674,4.83453912851686,7.26625257620325,9.05983184089569,5.70941905406431,3.30024438404034,1.95928590073878,0.518891897214025,7.96483052839593,5.74722640536473,9.64083690690551,1.92923251383882,-1.50302665702007,-5.58592266767811,3.48864461834624,2.38189160007966,-0.058193715965019,2.32588639787464,-0.287919706514991,2.58641590062339,-0.343671076121491,-0.102739569221979,0.988284752074965,-0.0182678366960261,0.993894802308048,3.58849731988613,-3.14323960414052,-5.13819157569388,3.83681309684845,3.08960320713265,0.644649855942124,-0.0828738728186762,3.67319498766684,0.150127300943206,-5.4764083353156,3.68013051473747,3.68705330954347,3.7928492343673,1.93239847865348,3.86708502665712,-4.33164764618511,-3.57967162925334,3.85426125626547,2.91275882433967,3.8325646585592,2.81084406712334,3.53003057772377,-5.50279357132248,-4.95331835932651,3.52880448942179,3.80131627013952,3.66342147361985,3.93729075213043,3.71965353007038,-5.44174600034374,-3.95207676272819,3.64894870313158,3.88712938908119,3.90494784347954,3.91799564249873,3.3546612613448,-4.04035414576907,-4.34181432185252,3.12063180192198,3.53553317696879,3.13540842167045,-3.05731051196233,-4.3267087614723,2.07883814876348,2.60360090209072,3.1874843568069,3.64271424542637,3.82843157963459,3.59279745954342,3.83442761966671,-4.58783050555925,-5.58875206573368,3.74010755233031,1.92269688871725,0.153068233709659,0.152928890159172,3.9304073376911,-4.55045917487957,-5.62448383138916,3.93375403970564,2.79079315250303,1.90695158904584,3.37003701728302,3.35244989045948,-3.58899867922153,-5.63094476182529,3.8764836601568,3.91054044917336,3.68020942709845,2.36790798474334,3.79858989934595,-2.5474380275879,-4.95648120290222,3.41421620710052,-0.106546590006177,-0.0742363939219937,-0.0902210697958292,3.4588620104922,-2.50415154993719,-4.66522993778034,3.32934671999746,0.536776033516073,0.0288485290744926,4.90029623345056,1.96710238936689,-0.319310911340708,-5.156419632389,3.43126835659686,3.34103230531847,3.34738382678706,3.14996922266775,1.96933997231775,0.333716881493749,6.01414079080364,7.61288679448809,9.3210951788331,9.52579167025585,9.18967426189928,8.74683469863,9.36140166615791,9.35801205160869
49.8350096258605,92.0050433609388,95.3979239110174,-17.7513396936923,3.17395229534569,3.22167395259412,6.59038780031716,-2.36577303485051,0.285589056051773,10.141682735196,1.54648075252135,3.30213681351102,1.59328065161202,3.38096235217061,3.27093517833145,3.470272875697,3.29443788341977,3.44950993536033,-3.99758000763197,-5.49008975181802,-5.08266546776463,-1.07803942466953,7.42007201463548,7.41164343992032,3.06974687279993,6.12637427396648,4.29611108646053,0.185649696141842,3.29655329005604,3.38613546900698,3.39118332224939,2.58250128712323,-5.60474394389619,-5.53792818162433,3.62856434468937,4.82960878084676,7.26033799480573,9.05205841240121,5.70372852440071,3.29699139726143,1.95774108553161,0.517801981975619,7.95729560642743,5.74149728407414,9.63201271619801,1.92728550344986,-1.50159706321124,-5.58115191250829,3.48521023990111,2.37953568647272,-0.0585143259393028,2.3231061709757,-0.288086371034721,2.58430763833163,-0.343221784313823,-0.103126407169581,0.986736617999846,-0.0186255628421144,0.992342245449603,3.58498129952941,-3.14044538102308,-5.13383651305423,3.83290930686237,3.08659405358956,0.643774218017924,-0.0832779718915218,3.66956195231574,0.150156298034059,-5.47172802667403,3.67648969318531,3.68340621509124,3.78906594280937,1.93043815993659,3.86315315342403,-4.32799855042556,-3.57667047623284,3.85029921692621,2.90993464996151,3.82878702247671,2.80810155922948,3.52624478497679,-5.49809528042509,-4.94912904205532,3.52501984682656,3.79752733746645,3.65984201117196,3.93338193913361,3.71574218032072,-5.43712420714142,-3.94875502344878,3.64507188044918,3.88322011630569,3.9010228757065,3.91405820918411,3.35102100207528,-4.03682253378081,-4.3381568590438,3.11726588649431,3.53174063199599,3.1320055026708,-3.05458880625778,-4.32306444911244,2.07702158244398,2.60133976375373,3.18421918086904,3.63884238280515,3.82445122808074,3.5892782002145,3.83044140155314,-4.58384840481686,-5.58400253672051,3.73641573690163,1.92075603906514,0.152603145216893,0.152463953069766,3.92641358336616,-4.54650787524786,-5.61967152589519,3.92980347890337,2.78807478868689,1.90502059441497,3.36674956482038,3.34880843814422,-3.58583769680353,-5.62613642166979,3.87250278801844,3.90661131371592,3.67656982547694,2.36556900615189,3.79464105844117,-2.54513857797955,-4.95219838103681,3.41089553243301,-0.106824979991886,-0.0747076199723136,-0.0906184092219231,3.45545326802604,-2.50189759888816,-4.66129092515319,3.32609150261435,0.535671533122857,0.0282935456279425,4.89528701975498,1.96510376288931,-0.318885180100146,-5.15197789733815,3.42756679930992,3.3374138820663,3.34375700743298,3.14661091401953,1.96778233160728,0.333382489346184,6.00899697954277,7.60639336846875,9.31316071109625,9.5176846033284,9.18185062504436,8.73938460095748,9.35343321555765,9.35004646011489
48.6530820578266,89.9331669446027,93.2549698447353,-17.4214304351614,3.09674975624451,3.14975975346386,6.48151512314517,-2.29374483328549,0.304749229032407,9.94622076184998,1.4984631702044,3.24189774098241,1.56793558466473,3.31006000322159,3.19902720541026,3.40391986197855,3.23412091508172,3.37964874903187,-3.92300394152641,-5.39055590646217,-4.99141136110498,-1.05996642541623,7.28579569997341,7.27751769353713,3.01322535392268,6.01519924741724,4.21766594372686,0.18630597037253,3.23616846788816,3.32325634967484,3.32828137908519,2.53835435318601,-5.5034902521835,-5.43781913128077,3.54951722291539,4.72094677576886,7.13650605803643,8.88714957867568,5.57889565874936,3.22574941141012,1.9256636784049,0.491284495955643,7.79381718039305,5.6158141179765,9.44196148272637,1.88434662244486,-1.47053325931359,-5.48002842306696,3.40994304383356,2.32781479021756,-0.0673318949429245,2.26002797542491,-0.293855433637049,2.54014058394258,-0.3328862456563,-0.113874226202456,0.950218848503394,-0.0282448070151782,0.955732744321905,3.50800170196193,-3.08064470565961,-5.04169885217058,3.74680968191574,3.02077399697326,0.623419253603469,-0.0943929678671287,3.58987280746494,0.151590187588989,-5.37250560327049,3.59662591857054,3.60340764333346,3.7059451943238,1.88716382175559,3.77644676321867,-4.25091499924418,-3.51335129447333,3.76274330391465,2.84821332907695,3.74599154731972,2.74808140775717,3.44191593491239,-5.3985155469983,-4.86054580978331,3.44071592223401,3.71429512250277,3.58152291141969,3.8475915256498,3.62893384874274,-5.33929359373209,-3.87862711374917,3.55886644502625,3.79719586591566,3.81466345063448,3.82742774717519,3.26976151071559,-3.9615420475644,-4.26089760496374,3.04222450550476,3.44725811701501,3.05605008717105,-2.9963207506042,-4.24608525169414,2.03829801242673,2.55321149814963,3.11214745711968,3.55273873210265,3.73630125387949,3.51223212616034,3.74216323692587,-4.4991082695956,-5.48345275431684,3.65547204780796,1.8779507113076,0.140903504800841,0.140767684762034,3.83835538936489,-4.46241479438713,-5.51762217137093,3.84289641080914,2.72860152671567,1.86240604797116,3.29483092835864,3.26750798428002,-3.51833575322648,-5.52422077163481,3.78454834843574,3.82016664966402,3.5967385007376,2.31423214506427,3.70718995666156,-2.49575205978896,-4.86115776958491,3.33829544333252,-0.114743446819624,-0.0875479318281736,-0.101587722911745,3.38073067382949,-2.45352033991244,-4.57803572229276,3.25484343631404,0.508848675918605,0.0137009110496695,4.78483619162531,1.92097385240206,-0.309063517270159,-5.05763080137974,3.34502572644771,3.25666941426077,3.26281941411284,3.07190230446625,1.93541081171915,0.326033282750799,5.89992261580213,7.46879409080829,9.14510934999159,9.34598631545365,9.01614115222992,8.58156854539256,9.18466383311839,9.18133749434519
48.4063695566462,89.5045054786827,92.8117966680196,-17.3557743124772,3.08057820475044,3.13490748722557,6.46038837512928,-2.27821922185503,0.309589866087827,9.90696991761127,1.48806989239964,3.2299347818323,1.56306308320723,3.29557902773501,3.18421546481882,3.39061059274841,3.22213299941937,3.3654741236111,-3.90812428642723,-5.3708185980046,-4.97335487165776,-1.05644710407213,7.25917884669852,7.25093060054137,3.00197876643244,5.99314801928704,4.20208538393016,0.186610699235666,3.2241658099443,3.31072106214749,3.31574457604052,2.52971547792163,-5.48342752743606,-5.41798048581785,3.53324944526255,4.69848668906744,7.11229231041085,8.85442227653639,5.55321665940157,3.21111968517076,1.9194506729083,0.48527447053033,7.7605748381541,5.58995941440485,9.40361690347898,1.87546538225425,-1.46420646635827,-5.45997855251694,3.39447550483634,2.31716706389814,-0.0695255767688865,2.24660775857686,-0.295491964143252,2.53149827024558,-0.330658090561528,-0.116566602580741,0.942162687271472,-0.0306007295258919,0.947658839513167,3.49219863612731,-3.06866175847162,-5.0234690753967,3.7289999542213,3.00727513357173,0.618988110231013,-0.0971584314330833,3.57348201378243,0.152054976266504,-5.35282911509898,3.5801983882283,3.58695298269311,3.68881966372317,1.87820431283833,3.75851419842133,-4.23568985849975,-3.50086189042049,3.74459601473443,2.83556630189267,3.72897576011698,2.73576509111423,3.42429639525013,-5.3787734693006,-4.84302985061476,3.42310144491558,3.69714927707058,3.56545541767811,3.82993468475828,3.6108627721848,-5.31992643513451,-3.86478478115066,3.54088649455525,3.77944329226743,3.79684387182364,3.80955292910779,3.25274713318302,-3.9465230086908,-4.2456379908212,3.02653177859528,3.42960578771552,3.04014756219658,-2.98464068665926,-4.23088145390591,2.0305720737926,2.54362499768807,3.09722733899095,3.53477822425635,3.71799081632486,3.49641635990452,3.72382653698736,-4.48223329649626,-5.46354390468182,3.63883061729085,1.86909660452537,0.138178129402418,0.138043013839878,3.82014595784604,-4.44566683073591,-5.49737878320894,3.82496711351067,2.71640137949287,1.85358577757345,3.28007891712002,3.2504820319031,-3.5048418962931,-5.50401483230329,3.7663221891222,3.80233085371515,3.58031885646166,2.30366608535014,3.68902490522857,-2.48581778460928,-4.84304984617676,3.32341333023127,-0.116757940707952,-0.0907221100826723,-0.104323772877743,3.36537137978226,-2.44379605205162,-4.56158110090701,3.24022158143021,0.502778937762506,0.0101843745985146,4.76199562653823,1.91183510695259,-0.306940437566696,-5.038880940157,3.32776115310516,3.23976864587365,3.24587701521116,3.05631334728674,1.92913458880545,0.324518590766292,5.87828675985471,7.44152068692439,9.11181866778711,9.31197510372622,8.9833131812533,8.55030025339638,9.15123129420419,9.14791689322849
47.2947816469873,87.5081666360115,90.7445422255863,-17.0056614485628,3.00873703883432,3.06530319942732,6.33772199141254,-2.21697903532972,0.316742968709566,9.70367978722803,1.44767647739742,3.16554346257627,1.53391883037107,3.22488875239994,3.11411755158019,3.321367377267,3.15777917642159,3.29462923785828,-3.82930606653631,-5.26406619918753,-4.87498610600904,-1.03624321378479,7.11503340012758,7.10694788252255,2.94184494301131,5.87397486345677,4.11826626127439,0.185084385383745,3.15975561227663,3.24411976865625,3.24908052814886,2.4808891389369,-5.3746312702037,-5.31044890249918,3.45593690966835,4.59362237186017,6.97513176371284,8.67793835789471,5.43117616898198,3.14110134176621,1.88315554960019,0.466385872222728,7.59583313782714,5.4670981323301,9.20825646949089,1.83397551144685,-1.43302062902527,-5.3514872403611,3.32056609037628,2.26657959979972,-0.0733964290786391,2.19059110626669,-0.29548221495101,2.48264332841794,-0.321854287970263,-0.121008596796656,0.913366528989166,-0.0352887840245968,0.918758694764728,3.41640012607189,-3.00611451488956,-4.92412817482501,3.64596718699783,2.94227397178796,0.602090362006948,-0.101990443793211,3.49542540580166,0.151288049877169,-5.24642264145633,3.50198153443016,3.50859671664163,3.60777960748457,1.83650676787494,3.67486293033742,-4.15224738418539,-3.43210213667847,3.66062901663101,2.77446323283998,3.64770585834273,2.67656920958416,3.34524028439059,-5.27191667775033,-4.74738673001462,3.34407054922679,3.61596662731325,3.48820761730349,3.74605826939502,3.52862629007817,-5.21458781709531,-3.78875769154123,3.45966599526315,3.69594821405675,3.7129962042656,3.725433721756,3.17703474680799,-3.86694540960351,-4.16200237353723,2.95637298906048,3.35041464278938,2.96937017929841,-2.92375043567049,-4.14754261911806,1.98963755349124,2.49254782958241,3.0279199302442,3.45367477052553,3.63397068661174,3.42054031073132,3.63967972878677,-4.39225604465381,-5.35532041142165,3.55945215902875,1.82774161647802,0.13070005197291,0.130568089460812,3.73515786927705,-4.35640015662531,-5.38802091133282,3.74054641668848,2.65769183130185,1.8124870985169,3.20909915935224,3.17477021821757,-3.43382761452081,-5.3946609426755,3.68192564809591,3.718382932122,3.50211814337207,2.25341906713915,3.6056670011836,-2.4346498602698,-4.74610562941934,3.25163764267139,-0.119676630534969,-0.0965444001166897,-0.109006379214089,3.29204303729162,-2.39358517086818,-4.47159134127628,3.16999745026079,0.483552277807251,0.00241800774212919,4.65554306442974,1.86934400539293,-0.298647352290235,-4.93821528258938,3.2506198042691,3.16446096713271,3.17040514161959,2.98603037757811,1.89258636422206,0.31736479586089,5.76138175889004,7.2937808093553,8.93114606443769,9.12735726002689,8.80517376991286,8.38069785249298,8.96978188559851,8.96653282834917
46.3743848753202,85.9103051961708,89.092655294143,-16.7618333164836,2.94838714732627,3.00994972523289,6.25945960915054,-2.15888850342589,0.335093110941911,9.55778562593505,1.40877458153373,3.12112566373382,1.51588606615838,3.17097589423123,3.05892885462343,3.27190268556574,3.11326526057417,3.24189010551714,-3.77403343166297,-5.19079332871536,-4.80796732720442,-1.02320159638657,7.01622445087756,7.00824938007675,2.90007901601894,5.79210978045502,4.06041577322727,0.186279336590233,3.11518649772821,3.19755945276833,3.20251568395396,2.44886020912159,-5.30015602134707,-5.23680446884609,3.39532809409493,4.50990858532318,6.88536520106483,8.55643178626193,5.33550800131343,3.08660657302679,1.86014428712679,0.443800087282508,7.47212324372397,5.37077509310873,9.0656659444953,1.80087106656345,-1.40947213859559,-5.27705498322805,3.26294657085758,2.22690811372171,-0.081702622849197,2.14043723346424,-0.301737310082922,2.45060183484964,-0.313517322742008,-0.131208427047762,0.883161645755147,-0.0441984736077687,0.888488103065793,3.35753646794122,-2.96158351765373,-4.85646678334262,3.57958170990891,2.89199774024544,0.585496178086793,-0.112461704239529,3.43436147157813,0.153079345260479,-5.17337521988405,3.44078045006272,3.44729476762032,3.54396824427492,1.80310747311266,3.60802051425052,-4.09574750813864,-3.38576071815854,3.59297258327335,2.72736360988362,3.58431840720518,2.63069490097786,3.27950216204987,-5.19862768119565,-4.68237859445458,3.2783512640037,3.55208049957814,3.42836273056967,3.68027376638153,3.46122651873219,-5.14270091024907,-3.73739264305829,3.39259415343057,3.62979030919662,3.64658935188567,3.65882125429526,3.11354196041464,-3.81115543555014,-4.10537465252236,2.89781902267388,3.2845539465678,2.91002694627933,-2.88034348737586,-4.09112221376685,1.96093854800554,2.45694325829326,2.97230120864171,3.38667483732163,3.56569204200902,3.36162967917891,3.57130328031287,-4.32958334627942,-5.2814216214647,3.49745707974624,1.79473813888816,0.120434516989063,0.120305182832674,3.66728439982716,-4.29419849464376,-5.31286662035367,3.67373183561629,2.61225160704379,1.77960777824691,3.15415475672385,3.11123320232704,-3.38369342927958,-5.31964966516216,3.61397647404874,3.65191612518613,3.44094686458299,2.21405277129533,3.5379305692004,-2.39771837027769,-4.67886170868707,3.19621208322608,-0.127317278618829,-0.108557260121158,-0.11936825294939,3.23482545862682,-2.35743683244895,-4.41052507247188,3.11553521364261,0.460745121999122,-0.0108639559668404,4.57040739369677,1.83527581873018,-0.290701627389888,-4.86859323638117,3.18619962626231,3.10139413111743,3.10718254029232,2.92787542569806,1.86933862767799,0.311720726088532,5.68105827362228,7.19253534838739,8.80756979850113,9.00110706242601,8.68331466273022,8.26462687459529,8.84567918169589,8.84247442681472
45.5896911822145,84.4925469346587,87.6241120055476,-16.507628478788,2.89781634081308,2.96046622262234,6.16922885455655,-2.1168566331764,0.338169464563375,9.4108075625189,1.38112370000487,3.07428334907386,1.49435911211599,3.1203591958733,3.00900701232351,3.22179757131385,3.0664693472623,3.19096020977903,-3.71683991173641,-5.11307990454565,-4.73627855713735,-1.00836425030854,6.91126832607031,6.90341191455169,2.85637935865871,5.70536391333485,3.99944654147971,0.184815291295743,3.06835213560928,3.14920645498387,3.1541109656651,2.41308136639393,-5.22092321138219,-5.15849816906949,3.34021581560941,4.43541995794157,6.78482934992062,8.42802175708696,5.24854321001823,3.03664259330829,1.83342263071122,0.431555537104446,7.35387736820333,5.28322727846533,8.92479676987935,1.77137586264971,-1.38710657137097,-5.1980702902253,3.21020828825273,2.19084108375951,-0.0836479392539164,2.10149824692678,-0.300760254649719,2.41480106077696,-0.307469284721394,-0.1333302195916,0.863835404287476,-0.0467318567936674,0.869085286823454,3.30341455098085,-2.91630198628835,-4.78406644432464,3.52059827808158,2.84555005704928,0.573963208263849,-0.114866793617691,3.37869867351834,0.152156335760333,-5.09591550636668,3.38500529075439,3.3914189412313,3.48624431251275,1.77348539042184,3.54859194704202,-4.03488182140136,-3.33557115250436,3.53340889474824,2.6836749914814,3.52633548317739,2.58840752317978,3.22374484916043,-5.12082954534415,-4.61265208753428,3.22261206822657,3.49424909414283,3.37318405502931,3.62048955558047,3.40307055588463,-5.06595144158743,-3.68191815311364,3.33523696563476,3.57038391665468,3.5869273710637,3.59896463837109,3.06022782416685,-3.75340848818402,-4.04436761897084,2.84837313692001,3.22870306212691,2.86018764818975,-2.83627030830896,-4.03033066583857,1.93123309119422,2.41984531557612,2.92310732945556,3.32940392247448,3.50618263475833,3.30745031765728,3.51170336961068,-4.26422550303315,-5.20257698044193,3.44083573553901,1.76533979846507,0.11578068120269,0.115653568307534,3.60690060052418,-4.22936056218018,-5.23327107030675,3.61365496923467,2.57030223111954,1.7504042803221,3.10344405971648,3.05792657260062,-3.3322152932689,-5.24003498195094,3.55409974032341,3.59217975507914,3.38518048799356,2.17822215777981,3.47888937648737,-2.36075395403415,-4.6083989235991,3.14491157801017,-0.128571439918344,-0.111546041458961,-0.121665675831988,3.1825097264521,-2.32114932889618,-4.34490445568274,3.06538041201317,0.448252825249253,-0.0152781291522688,4.49481497365937,1.80509587154506,-0.28501899799361,-4.7953936300444,3.13183615258641,3.04835113044351,3.05402684341921,2.87826318297116,1.84244256245219,0.306627693812415,5.59596597291858,7.08495773164953,8.67597478834292,8.86663464850853,8.55356715875082,8.14110538997084,8.71351761195671,8.71036051223412
45.505804986016,84.3439944806924,87.4703869567385,-16.4829500770179,2.89235921003707,2.95529959925179,6.16087202111153,-2.11193770706144,0.339198083221904,9.39632469533538,1.37786148463449,3.06976725497849,1.49239567876506,3.11520134913586,3.00382538387984,3.21687515168961,3.0619511493119,3.18584120283235,-3.71127634609193,-5.10560638072057,-4.72941137425146,-1.00698183155703,6.90118229659883,6.89333722874628,2.85215059278393,5.69701847555608,3.9935663474892,0.184795814751831,3.06382934966569,3.1445113549041,3.14941296637786,2.40972115879275,-5.21331439947771,-5.15097644492766,3.33451403669709,4.42762045493277,6.77539679476819,8.4156498924829,5.23953434656004,3.0314913003329,1.83095586302334,0.429860470386433,7.34192742414687,5.27415736269668,8.91078580351951,1.76829613881025,-1.384839869817,-5.19047635996816,3.20477036498006,2.18711181866723,-0.0841346992217717,2.0971211336418,-0.300999466753628,2.41143912528776,-0.306763587192392,-0.133916259962086,0.861414314158351,-0.0472775228248867,0.866657133144086,3.29784646145946,-2.91186091425475,-4.77713216376611,3.51442345256694,2.84078393348598,0.572590322822467,-0.115480294506504,3.37294699659327,0.152192938759847,-5.08846573349978,3.37924133183618,3.38564501869804,3.48025633950336,1.77038510515605,3.54237255362257,-4.02907022538508,-3.3307905778161,3.52714393404414,2.67920123802923,3.52035411715475,2.58406411214599,3.21776636473465,-5.11335087077535,-4.6059811545124,3.21663540820441,3.48825204727008,3.36751491925827,3.61430188717602,3.39689009286061,-5.05859304513213,-3.67662743619572,3.32911296548465,3.56419812960384,3.58071663033111,3.59273413482307,3.05448117525027,-3.74779191246886,-4.03854268532621,2.84305848025543,3.22271395265542,2.85481560279278,-2.83194471955101,-4.02452664933569,1.92834409083508,2.41624844221511,2.91794329714615,3.32328785666767,3.49989092642233,3.30187704704265,3.50540236785492,-4.25789081457854,-5.19501539376209,3.43499059483717,1.76226984648386,0.115061841710671,0.114934967914955,3.60058317490543,-4.22307496981336,-5.22561152803756,3.60740355053087,2.56599684229767,1.74735022643717,3.09823727682749,3.05217820741465,-3.32718957744329,-5.23238117255298,3.54780479445473,3.58596234419662,3.37941839405374,2.17451955691669,3.47264746477286,-2.35710130120989,-4.60158469694575,3.13965164789884,-0.128991044303517,-0.112262865788681,-0.12226844493983,3.17711259559701,-2.31756857619167,-4.33863168765804,3.0602250879792,0.446534498242384,-0.0161285444600132,4.48689130029319,1.80193511746134,-0.284350634616114,-4.78832572851112,3.12599172482472,3.04263863093711,3.04830115602986,2.8729586342015,1.83995563909414,0.306098466003004,5.58777873015267,7.07462125766109,8.66334342718341,8.8537284146471,8.54111230014792,8.12924540228545,8.70083213120514,8.69767958468835
44.206448907008,82.0160464812992,85.06002239695,-16.0783457945321,2.80828698522876,2.87416740834941,6.01989077415696,-2.03955510485811,0.348867923154382,9.16098735730408,1.3300724038657,2.99541613200103,1.45895905814895,3.03304228920016,2.92217566104241,3.13674508664207,2.98763066643271,3.10363645102267,-3.62017139791724,-4.98237805868496,-4.61591252260812,-0.983745306846791,6.73480402312155,6.72714666888192,2.7826853117515,5.55944614703803,3.89677824089556,0.183267630333478,2.98944207655358,3.06754423042725,3.0723773963702,2.35351431580303,-5.08774762873395,-5.02686565836328,3.24449665325811,4.30534603410996,6.61752110709373,8.21188301304352,5.09741428155339,2.94999962906048,1.78925746371242,0.407060312968193,7.15064479931775,5.13108021835162,8.68437940372008,1.71993572545949,-1.34861772156457,-5.06524430569169,3.11874986342662,2.12821589640786,-0.0891790268355841,2.03124087219088,-0.30162885660644,2.3551999990247,-0.296362031120243,-0.139778656312428,0.8270906687273,-0.0532697207041526,0.832214029765201,3.20965089312046,-2.83949375892569,-4.66251370638269,3.41760874204325,2.76517541063633,0.552577822023951,-0.121793323646724,3.28207657404746,0.15154914140442,-4.96563547817245,3.28818308584566,3.29442529875597,3.38586860411104,1.72176883695989,3.4448404919775,-3.9328297675681,-3.2515072591048,3.42918461291006,2.6081444991222,3.42576177786413,2.51520043799149,3.12532237160465,-4.99000781346374,-4.49564314486026,3.12422067995833,3.39370214351678,3.27764746565956,3.5166369955287,3.30083025408727,-4.93703989189748,-3.58895149481499,3.23418662978038,3.4669070434648,3.48301781610034,3.4947198576024,2.96589087164898,-3.65581079255615,-3.94207976718033,2.76099426407695,3.13011094947748,2.77199968717035,-2.76148890339334,-3.92840669267364,1.88102968084821,2.35723185956545,2.83710516633563,3.22849595257081,3.40180863471355,3.21359263461428,3.40717270946296,-4.1539315840168,-5.0701288443925,3.34259184159451,1.7140660138105,0.105908344430169,0.105785159491724,3.50149607972648,-4.11993424740342,-5.09936594591401,3.50904176573807,2.49770520856513,1.69943678306384,3.01566827461691,2.96358386317115,-3.24507030825,-5.10615477182024,3.44934986764517,3.48814873565104,3.28838074696578,2.11602420440383,3.37533879828574,-2.29784772650899,-4.48960517955476,3.05617076734671,-0.132934919809689,-0.1198100329291,-0.128408279786119,3.09176314687139,-2.25943285163831,-4.23482594028148,2.9785244751795,0.423345189229801,-0.0259131276227214,4.36274877828417,1.75238965791717,-0.274542842856975,-4.67206874562344,3.03575800282564,2.95453106395332,2.95999952132981,2.79080134226018,1.79795856070442,0.297764644680778,5.45282302943283,6.90409699170881,8.45483220630011,8.64066659994308,8.33552298844266,7.93350322605191,8.4914249181557,8.48834774318526
43.9579883443346,81.5664507862024,84.5942880409896,-15.9972873790663,2.79228616031934,2.85847117729934,5.9910271209824,-2.0263433039761,0.349682661284948,9.11416915156364,1.3213869358492,2.98047235249955,1.45206596113929,3.01695766622403,2.90633338315931,3.12078129280484,2.97270318778103,3.08743619080848,-3.60193661804442,-4.95758138552592,-4.59303204640639,-0.979000907662645,6.70131311663578,6.69369363938403,2.76874767775358,5.53176816454256,3.87732813058516,0.182772859941029,2.97450253248545,3.05212610459149,3.05694229522416,2.34207971585829,-5.06246368682137,-5.00187780411112,3.22700300088242,4.28172317043398,6.58538860839578,8.17091537845783,5.06981271976963,2.93413607560337,1.78070770833542,0.4032711900078,7.11304682916902,5.10329376139532,8.6395367303895,1.71057983122439,-1.34150773421116,-5.04004157719106,3.1020056058307,2.11676706945644,-0.0897314943038099,2.01896029644661,-0.301241232399732,2.34375831445897,-0.294460485295179,-0.140368690884292,0.821052176624323,-0.0540092917605355,0.826151035886913,3.19246448856219,-2.82506508694658,-4.63940588053756,3.39890283391625,2.75042312553585,0.548957967468507,-0.122473702812179,3.26440656958341,0.151226081754604,-4.94091990611149,3.27047756554337,3.27668772213648,3.36754960800383,1.71237436205793,3.42599295160159,-3.91339934324293,-3.23548236977093,3.41030137544087,2.59426641531148,3.40735296693919,2.50177046434884,3.10767178615278,-4.96518342846782,-4.47338706667248,3.10657585658521,3.37534856759714,3.26012374025745,3.49766096485007,3.28240777735784,-4.91254568947883,-3.57124073376439,3.21602365959843,3.4480594116231,3.46408871680556,3.47572889245775,2.94902056131646,-3.63739937772773,-3.92260418399191,2.74534456818459,3.11243087773336,2.75622891481741,-2.74744595473335,-3.90899982202607,1.87155866559116,2.34540136839666,2.82150710012721,3.21036059272755,3.38294999660404,3.19638782258403,3.38828532798719,-4.13308855224672,-5.04496650539915,3.32461627783612,1.70474092262181,0.104485181703435,0.104362699718048,3.48234515034744,-4.09925731344203,-5.07396986988815,3.48998046290269,2.48438182765751,1.69017450847806,2.99956274354593,2.94671650319982,-3.22866186751647,-5.08075086639729,3.43036671696899,3.46919579020086,3.27067779669186,2.10464991824715,3.3566284712489,-2.28607546631278,-4.4671306770489,3.03987622755476,-0.133267011467891,-0.120665909682378,-0.129054390915868,3.07515368029807,-2.24787503054073,-4.21387920893334,2.96259677380127,0.419476887053712,-0.0272246098264493,4.33877782183244,1.74281873355961,-0.272757391509858,-4.64871881506233,3.01855215806831,2.93774542837879,2.94317846198696,2.7750926208383,1.78935392562977,0.296148549658859,5.42567285202104,6.8697692461969,8.41283765726623,8.59775351444645,8.29411820462776,7.89408591190303,8.44924950906067,8.4461875465799
43.9439473445139,81.5410432406091,84.5679684676207,-15.9927066070324,2.79138192192726,2.85758415211118,5.98939597862044,-2.02559667887063,0.349728703754696,9.1115233617798,1.32089610280292,2.97962784984271,1.45167641853811,3.01604869223681,2.90543810457457,3.11987914711221,2.97185960631758,3.08652068193129,-3.60090613442091,-4.95618007628137,-4.59173902525733,-0.978732792242736,6.69942047899983,6.6918031422519,2.76796003437725,5.53020402678535,3.87622896622506,0.182744899483581,2.97365826918136,3.05125479568129,3.05607002700547,2.34143352390717,-5.06103484105189,-5.00046569084334,3.22601439984557,4.28038819549444,6.58357273708161,8.16860021606873,5.06825290069861,2.93323959469369,1.78022454467991,0.403057059144411,7.11092209320917,5.10172349353091,8.6370025818654,1.71005111106105,-1.34110593470591,-5.03861732095277,3.1010593545811,2.11612007350889,-0.0897627153375904,2.01826629672302,-0.301219326986008,2.34311172214185,-0.29435302516427,-0.140402034909701,0.820710929443608,-0.0540510863896557,0.82580840406222,3.19149325070968,-2.82424969403878,-4.63810001140866,3.39784572589944,2.74958944460788,0.548753402298822,-0.122512152389987,3.26340800253982,0.151207825012229,-4.93952318005106,3.26947699142923,3.2756853364562,3.36651436515364,1.71184346162449,3.42492783966512,-3.91230129137696,-3.23457677145045,3.40923424619077,2.59348213723449,3.40631264847529,2.50101150986736,3.10667431651614,-4.96378055317234,-4.4721293314952,3.10557871257509,3.37431137057307,3.25913343973416,3.49658859167143,3.28136668661218,-4.91116147345651,-3.57023986348518,3.21499723408314,3.44699429451773,3.46301899581263,3.47465567530277,2.94806718657639,-3.63635891211209,-3.92150358010889,2.74446017279059,3.11143174176779,2.75533767715217,-2.74665235981634,-3.9079031012252,1.87102343971026,2.34473280384623,2.82062562242918,3.20933572752732,3.38188425751261,3.19541554448872,3.38721796455105,-4.1319106711287,-5.04354453165213,3.32360044302999,1.7042139431998,0.104404755951458,0.104282313691343,3.4812628932959,-4.09808881884104,-5.07253468719724,3.48890327082512,2.48362889694317,1.68965107894703,2.99865258800071,2.94576329519052,-3.22773459394469,-5.0793152412516,3.42929394142515,3.46812472161432,3.26967736781513,2.10400713474794,3.35557111351073,-2.28541019251026,-4.46586059827962,3.03895539075136,-0.133285778626997,-0.120714276977395,-0.129090903938923,3.07421504635684,-2.24722187511755,-4.21269546754622,2.96169666776515,0.419258281615604,-0.0272987242902722,4.33742317547885,1.74227786161702,-0.272656492108452,-4.64739926411512,3.01757982161154,2.93679683877745,2.94222787051812,2.77420488979441,1.78886766061356,0.296057220919723,5.42413854157729,6.86782931712569,8.4104644619023,8.59532841076287,8.29177833806758,7.89185836120063,8.44686609293551,8.44380499014274
34.2839771780376,63.6140177667627,65.9753552089149,-12.4752459120084,2.17781041258313,2.22932440969945,4.67178123354628,-1.58067092021702,0.272293045016979,7.10764772900219,1.03077298447467,2.32425231227332,1.13229982346633,2.35285332647926,2.26663405247089,2.43371815220602,2.31819722773729,2.40777744481036,-2.8089140102138,-3.86604564674981,-3.58174656222469,-0.763425670323613,5.22584688069891,5.21990505857254,2.15915233806378,4.3138122757711,3.02364600178185,0.142465689955872,2.31960087777936,2.38014770587885,2.38390238648056,1.82636871115133,-3.9478296839022,-3.90058438039824,2.51670759211439,3.33933730183609,5.13532512390196,6.37189897761196,3.95391491855302,2.28829699036067,1.38858485572712,0.314756179542043,5.5472451561077,3.98002697753904,6.73757941807677,1.33407708372709,-1.04620334122075,-3.93034916868678,2.41921221566128,1.65084154377183,-0.0698193332642596,1.5747745598422,-0.234741601668916,1.82767752053377,-0.229694224130754,-0.109262307257142,0.640577025152509,-0.0419609592191854,0.644553087248421,2.48975270819377,-2.20310257631665,-3.61790932028655,2.65081411528286,2.14500316732776,0.428226887371117,-0.095307218948081,2.5458741612019,0.117862562999871,-3.85305295669998,2.5506092752556,2.55545226477783,2.62632834865601,1.33548110202031,2.67194061762885,-3.05174415183309,-2.52308529190346,2.65972167052298,2.02321380163451,2.65735102821624,1.95108540883808,2.42376721797626,-3.87197230780652,-3.48844038962659,2.42291254119044,2.63240948401548,2.54251491054724,2.72779340118633,2.56001484490811,-3.83091369434616,-2.78491904815378,2.50825811968227,2.68913146442458,2.70163171727766,2.7107095827173,2.30004909465163,-2.83656863976249,-3.05892217935521,2.14118611769526,2.42747935894433,2.14968435291619,-2.14257363036861,-3.04831305493957,1.45950521148533,1.82901792997784,2.20051237008281,2.50384202991251,2.63840981134976,2.49281203304723,2.64257075541559,-3.22311201470542,-3.9341796508797,2.59282787791321,1.32952350889151,0.0816200298741379,0.0815245013362436,2.71588881199069,-3.19673005499618,-3.95681097061038,2.72182316606155,1.93752226883681,1.31816581539337,2.3393050934904,2.29825366440959,-2.51783136815773,-3.96209490880206,2.67536905470098,2.70561407674329,2.55076486575053,1.64139012271689,2.61788104196776,-1.78279115706963,-3.4836002883193,2.37074059231067,-0.103769822823115,-0.0938716020340102,-0.100439213855788,2.3982723390619,-1.75299787437216,-3.28606792519336,2.31047920550601,0.327393494710858,-0.021005572821724,3.38383968418981,1.35922613724309,-0.212768438895021,-3.62520214871723,2.35426966628916,2.29125207222654,2.29549016865509,2.16437044817874,1.39532919862881,0.230964969659787,4.23107694827621,5.35721228170546,6.5605275622385,6.70472857157915,6.46794779906425,6.15599471837226,6.58892223640857,6.58653445763353
16.1062977796973,29.8948473558882,31.0049978297973,-5.86858653242663,1.02293284404861,1.04770131687059,2.19894122148552,-0.741113881736211,0.130255420140161,3.34303647354258,0.483230019303197,1.09350372268668,0.533043384431685,1.10615847784439,1.06533316368873,1.14473993782006,1.09063600401188,1.13219780115806,-1.32137873900711,-1.81892997941395,-1.68524816730075,-0.359310425410889,2.45872382085833,2.45592806629592,1.01578187246591,2.02959119460971,1.42254328320578,0.067379323366634,1.09129384080144,1.11970486537121,1.12147735060338,0.859519636364618,-1.85743965383502,-1.83520546935337,1.18295018448644,1.56927380887868,2.41678568379546,2.99782263969781,1.85839467195588,1.07562385931487,0.65361177739611,0.146606779155551,2.60822507035768,1.87066551376741,3.16859026045936,0.626998711819241,-0.491891953448982,-1.84918939300076,1.1371836182815,0.775981483105358,-0.0336867988830609,0.739087820507416,-0.111379397411059,0.860136513093504,-0.107709848271289,-0.0524875634485991,0.299768121353448,-0.0205868060133865,0.301639650624127,1.17038073058998,-1.03628482451485,-1.70226617807006,1.24575092205576,1.00836669592448,0.200744613725484,-0.0459225560422625,1.19668169711804,0.0558154807362627,-1.81281519800246,1.19890520553497,1.20118294438745,1.23442312880234,0.627634520858519,1.25568556716017,-1.43593053441423,-1.18721496559418,1.24984117563798,0.951144117115602,1.24911035234068,0.917196381043,1.1385922299175,-1.82172703139823,-1.64137040470875,1.13819034896844,1.23728793781105,1.19520565556258,1.28215604175753,1.20278057820434,-1.80246539103346,-1.31039930834732,1.17836895980715,1.26386591538584,1.26974605919,1.27401404174558,1.08037318315557,-1.33439054424113,-1.43930845124693,1.00579885539283,1.14033399598927,1.00974143451173,-1.00780455276703,-1.43431753801354,0.686588457991988,0.860448785754454,1.03407303900325,1.17629064227023,1.23972032732144,1.17182112505815,1.24167628263547,-1.51629466025795,-1.85104598451155,1.21876919607404,0.62485764419813,0.0376479436397297,0.0376030741232527,1.27634467759798,-1.50387964338412,-1.86161958553364,1.2792436456198,0.910831491546827,0.619505580321946,1.09969391704811,1.0795212814599,-1.1843936638222,-1.86412744073855,1.25720346538287,1.27162113411704,1.19898139677946,0.771546354201386,1.23007571164822,-0.838500105303841,-1.63888429611334,1.11449452281735,-0.0496579207030132,-0.045386360165995,-0.0483359687841709,1.12733205216493,-0.824502257946191,-1.54616598299385,1.08612575799417,0.152554061434916,-0.0110938892231021,1.5901592013946,0.638786064492626,-0.0997527691136835,-1.70553380809985,1.10589358264438,1.07625794178703,1.07824501682679,1.01678190932406,0.656775181454046,0.108553571364459,1.99066278357528,2.52053453131604,3.08672340745561,3.15457365117102,3.04316231321738,2.89638077044057,3.10008383186396,3.09896032349026
14.4821032224613,26.8801850772584,27.8783855312374,-5.27678533546562,0.919778042091824,0.9420488075388,1.97719514349355,-0.666378324907928,0.117120176564262,3.00591730939714,0.4345000393922,0.983232397829903,0.479290115020764,0.994611019593622,0.957902620073217,1.02930184013372,0.980653866225093,1.01802448016846,-1.18812799539749,-1.63550507240141,-1.51530402878047,-0.323076770396379,2.21078069313234,2.20826686862025,0.913348190240207,1.82492274647918,1.27909088404998,0.0605846439325854,0.981245365303302,1.0067913595537,1.0083851034695,0.772843782340573,-1.6701313464004,-1.6501393060734,1.06365888133258,1.4110247802033,2.17307169021871,2.69551559921247,1.67099005838964,0.967155579277568,0.587700125574406,0.131822628507448,2.34520590721634,1.68202348147493,2.8490626368216,0.56377078017039,-0.44228848501274,-1.66271306004756,1.02250751650726,0.697729800526616,-0.0302897478571202,0.66455657615773,-0.1001476535592,0.773398451860873,-0.0968481498402933,-0.0471946018976628,0.269538843477513,-0.0185107871333672,0.27122164361275,1.05235695886298,-0.931783579427674,-1.53060590584578,1.12012665414826,0.906680776440048,0.180501084550312,-0.0412916243037282,1.07600567797396,0.0501869246732007,-1.63000691902095,1.07800496290277,1.08005300955053,1.10994118052654,0.564342472825186,1.12905946775003,-1.29112813534867,-1.06749359251627,1.12380443754665,0.855228648564321,1.12314731208098,0.824704276998806,1.02377408064211,-1.63802006350047,-1.47585099644992,1.02341272625347,1.1125170958824,1.07467848370131,1.1528606013631,1.08148953445305,-1.6207008093918,-1.17825575471786,1.05953963744437,1.13641489163578,1.14170206878223,1.1455396585727,0.971425970837368,-1.19982766152109,-1.29416541560495,0.904371882605671,1.02534020318534,0.90791688335902,-0.906175321037244,-1.28967779705916,0.617351365037129,0.773679234258625,0.92979483524058,1.05767090202731,1.11470419787496,1.05365210077916,1.1164629103453,-1.36338816566543,-1.66438242877953,1.09586582486693,0.561845622525888,0.0338514420484199,0.0338110972728518,1.14763526797035,-1.3522251064488,-1.67388976457634,1.15024189766917,0.818981236984027,0.557033272563887,0.98879835935226,0.970659976785787,-1.06495679703152,-1.6761447221365,1.13042429777136,1.14338805702203,1.07807347085429,0.693741919793824,1.10603216649748,-0.753943907107077,-1.47361559252324,1.0021064394236,-0.0446503065614687,-0.0408094996010944,-0.0434616631869515,1.01364940402514,-0.741357633520276,-1.39024719839722,0.976598443353834,0.13717017373733,-0.0099751569892097,1.42980404371837,0.574369470227562,-0.0896934800778231,-1.53354402086337,0.994372837009258,0.967725719476079,0.969512413490445,0.914247381178064,0.590544524996794,0.0976067900376607,1.78991996218956,2.2663582753518,2.77545141766279,2.83645949329854,2.73628312015146,2.60430335157139,2.78746454743501,2.7864543361213
9.11266354396039,16.9139854098354,17.5420892664928,-3.3203443323911,0.578757636508608,0.592771208243823,1.24412275113912,-0.419309362362198,0.0736962543937747,1.89143197370799,0.273403152014387,0.61868541394242,0.301586688828201,0.625845254618456,0.602747000937463,0.647673974576448,0.617062908523755,0.640577851489286,-0.747613140363828,-1.0291189905427,-0.953484143081345,-0.203291598068806,1.39110323386954,1.38952144449577,0.574711740987683,1.14830744726307,0.80485028241038,0.0381220508932754,0.617435101153754,0.633509565402754,0.634512406761974,0.486301281818545,-1.05090709548069,-1.03832738007204,0.669292668491405,0.887867865369212,1.36737536431555,1.69611598231278,1.05144742814639,0.608569297790345,0.369802191493609,0.0829475693285853,1.47568844424648,1.0583900573191,1.79273333618812,0.354744981215215,-0.278303923910578,-1.04623924119408,0.643398740222323,0.439036845624213,-0.0190594057239719,0.418163052108285,-0.0630165285789888,0.486650299957619,-0.0609403614097166,-0.0296965517769223,0.169603596584592,-0.0116476572835511,0.17066247534057,0.662181089787443,-0.58631195515456,-0.96311263799988,0.704824235063033,0.570516362889915,0.113577815843478,-0.0259821846097537,0.677061719844669,0.0315794295778591,-1.02565935342373,0.678319742288299,0.679608447370471,0.698415166385312,0.355104710926685,0.71044508471473,-0.812424556629681,-0.671705607569962,0.707138429498903,0.538140821661544,0.706724942370489,0.518933782207774,0.644195708220711,-1.03070151397523,-0.928658867091063,0.643968330959743,0.700036025565438,0.676226601168994,0.725421619493491,0.680512360835808,-1.01980361239973,-0.741401169191098,0.666700691136168,0.715073383661674,0.718400266897685,0.720815017299825,0.611256382731506,-0.754974993771671,-0.814335723304785,0.569063523316254,0.64518116921252,0.571294166105642,-0.570198312054926,-0.811511951281254,0.388459824624276,0.486826978405523,0.585060565327158,0.665524815170726,0.701412229303829,0.662996039960261,0.702518874848789,-0.857893183239915,-1.04728966842495,0.689558443130595,0.353533602341998,0.0213005526287573,0.0212751662356436,0.722133650585815,-0.850868982321042,-1.05327202823726,0.723773836342273,0.515332638278458,0.350505497557364,0.622187718398668,0.610774391548216,-0.670109364028728,-1.0546909291549,0.711303885165747,0.719461151724449,0.678362849971116,0.436527526721209,0.695955473266963,-0.474408796218896,-0.927252270027378,0.630561644080822,-0.0280955890576919,-0.0256788142957987,-0.0273476516221323,0.637824895219,-0.466489057303428,-0.874793858828346,0.614511089662463,0.0863124383477789,-0.00627672983989513,0.89968445770994,0.361414060630967,-0.0564383842236666,-0.964961406317399,0.625695381515082,0.608928050640129,0.610052303185413,0.575277544473036,0.371591990566486,0.0614177252817558,1.12628242842199,1.42607466029656,1.74641449265063,1.78480298209813,1.72176838211491,1.63872193456477,1.75397358873236,1.75333792720802
3.60604370239287,6.69316608423734,6.94171799727811,-1.31391954853094,0.229024732480864,0.234570153077161,0.492321590729895,-0.165928202902071,0.0291629239645038,0.748473410039889,0.108190509808657,0.244824867059646,0.119343238640171,0.247658143878812,0.238517752398231,0.256296158193297,0.244182812690049,0.253488095561947,-0.295843870853976,-0.407240763027951,-0.377310703166339,-0.0804461158286989,0.550484392589953,0.549858450286443,0.227423699369811,0.454405763873315,0.318493630128445,0.0150855763392143,0.244330095960523,0.250691048528871,0.251087890763907,0.192438101802803,-0.415862705253701,-0.410884687212276,0.264851061451813,0.351345170270621,0.54109485086446,0.671183384203906,0.416076524539021,0.240821739240114,0.146337331268028,0.0328238344983541,0.583956270896868,0.418823846887257,0.709416596568578,0.140378924262428,-0.110129832768172,-0.414015551951844,0.254604371610309,0.173734720331128,-0.00754214721642288,0.165474587463274,-0.0249367657362408,0.192576214513358,-0.0241151893102327,-0.0117514558725183,0.0671151720258998,-0.0046091859962083,0.0675341892595741,0.262036882756881,-0.232014111277491,-0.3811208705556,0.278911536882917,0.225763513333572,0.0449447700530279,-0.0102816144516286,0.267925413815516,0.0124965442436277,-0.405871722836217,0.268423235762791,0.268933199378082,0.276375353951109,0.140521275733472,0.281135807469757,-0.32149090570182,-0.265805904536551,0.279827304949116,0.212951933492516,0.279663680708164,0.205351364972703,0.254919746079885,-0.407866995811619,-0.36748689811603,0.254829768837114,0.277016756874718,0.267594942441626,0.287062289739412,0.26929089407881,-0.40355450153856,-0.293385682924748,0.263825369723647,0.282967308017309,0.284283815126777,0.285239374984603,0.241885066738504,-0.298757087718751,-0.322247188485634,0.225188598768812,0.25530971059315,0.226071303956395,-0.225637654938273,-0.321129771467731,0.153720489894245,0.192646129330397,0.231518913974904,0.263360054604799,0.277561345270865,0.262359373094012,0.27799926467598,-0.339483653250693,-0.414431224766103,0.272870590391867,0.139899560008947,0.00842900907005684,0.00841896322093999,0.285761181724616,-0.336704051505753,-0.416798551379509,0.286410232519622,0.203926328009023,0.138701284868408,0.246210791478713,0.241694334219661,-0.265174242460849,-0.417360035811988,0.281475650145069,0.284703626198485,0.268440294242718,0.172741738028663,0.275402009457871,-0.187732032869662,-0.366930282538287,0.249524503416476,-0.0111179263338057,-0.0101615654006728,-0.0108219541335514,0.252398701602261,-0.184598050746549,-0.346171552400907,0.243173012395105,0.0341553732605946,-0.00248381409031367,0.356021206885873,0.143017998086663,-0.0223336765393773,-0.381852461194979,0.247598836415305,0.240963704149543,0.24140859095912,0.227647597913337,0.147045586724202,0.0243040907193771,0.4456900705852,0.564323210562597,0.691087402998036,0.706278413831338,0.681334496917713,0.648471534541278,0.694078672311318,0.693827129694204
3.60604370239287,6.69316608423734,6.94171799727811,-1.31391954853094,0.229024732480864,0.234570153077161,0.492321590729895,-0.165928202902071,0.0291629239645038,0.748473410039889,0.108190509808657,0.244824867059646,0.119343238640171,0.247658143878812,0.238517752398231,0.256296158193297,0.244182812690049,0.253488095561947,-0.295843870853976,-0.407240763027951,-0.377310703166339,-0.0804461158286989,0.550484392589953,0.549858450286443,0.227423699369811,0.454405763873315,0.318493630128445,0.0150855763392143,0.244330095960523,0.250691048528871,0.251087890763907,0.192438101802803,-0.415862705253701,-0.410884687212276,0.264851061451813,0.351345170270621,0.54109485086446,0.671183384203906,0.416076524539021,0.240821739240114,0.146337331268028,0.0328238344983541,0.583956270896868,0.418823846887257,0.709416596568578,0.140378924262428,-0.110129832768172,-0.414015551951844,0.254604371610309,0.173734720331128,-0.00754214721642288,0.165474587463274,-0.0249367657362408,0.192576214513358,-0.0241151893102327,-0.0117514558725183,0.0671151720258998,-0.0046091859962083,0.0675341892595741,0.262036882756881,-0.232014111277491,-0.3811208705556,0.278911536882917,0.225763513333572,0.0449447700530279,-0.0102816144516286,0.267925413815516,0.0124965442436277,-0.405871722836217,0.268423235762791,0.268933199378082,0.276375353951109,0.140521275733472,0.281135807469757,-0.32149090570182,-0.265805904536551,0.279827304949116,0.212951933492516,0.279663680708164,0.205351364972703,0.254919746079885,-0.407866995811619,-0.36748689811603,0.254829768837114,0.277016756874718,0.267594942441626,0.287062289739412,0.26929089407881,-0.40355450153856,-0.293385682924748,0.263825369723647,0.282967308017309,0.284283815126777,0.285239374984603,0.241885066738504,-0.298757087718751,-0.322247188485634,0.225188598768812,0.25530971059315,0.226071303956395,-0.225637654938273,-0.321129771467731,0.153720489894245,0.192646129330397,0.231518913974904,0.263360054604799,0.277561345270865,0.262359373094012,0.27799926467598,-0.339483653250693,-0.414431224766103,0.272870590391867,0.139899560008947,0.00842900907005684,0.00841896322093999,0.285761181724616,-0.336704051505753,-0.416798551379509,0.286410232519622,0.203926328009023,0.138701284868408,0.246210791478713,0.241694334219661,-0.265174242460849,-0.417360035811988,0.281475650145069,0.284703626198485,0.268440294242718,0.172741738028663,0.275402009457871,-0.187732032869662,-0.366930282538287,0.249524503416476,-0.0111179263338057,-0.0101615654006728,-0.0108219541335514,0.252398701602261,-0.184598050746549,-0.346171552400907,0.243173012395105,0.0341553732605946,-0.00248381409031367,0.356021206885873,0.143017998086663,-0.0223336765393773,-0.381852461194979,0.247598836415305,0.240963704149543,0.24140859095912,0.227647597913337,0.147045586724202,0.0243040907193771,0.4456900705852,0.564323210562597,0.691087402998036,0.706278413831338,0.681334496917713,0.648471534541278,0.694078672311318,0.693827129694204
2.89642064449226,5.37603701545168,5.57567710624748,-1.05535706709312,0.183955608418364,0.18840976150776,0.39543902869871,-0.133275664981585,0.0234240353128533,0.601183461879429,0.0869000078784399,0.196646479565981,0.0958580230041532,0.198922203918724,0.191580524014643,0.205860368026744,0.196130773245019,0.203604896033692,-0.237625599079498,-0.327101014480281,-0.303060805756095,-0.0646153540792767,0.442156138626466,0.44165337372405,0.18266963804804,0.364984549295834,0.255818176809995,0.0121169287865177,0.196249073060661,0.201358271910739,0.201677020693901,0.154568756468115,-0.334026269280081,-0.33002786121468,0.212731776266516,0.28220495604066,0.434614338043742,0.539103119842494,0.334198011677928,0.193431115855514,0.117540025114882,0.0263645257014895,0.469041181443267,0.336404696294986,0.56981252736432,0.112754156034078,-0.0884576970025475,-0.332542612009513,0.204501503301453,0.139545960105323,-0.00605794957142403,0.132911315231546,-0.0200295307118399,0.154679690372175,-0.0193696299680582,-0.00943892037953242,0.0539077686955023,-0.00370215742667335,0.0542443287225498,0.210471391772595,-0.186356715885535,-0.306121181169156,0.224025330829652,0.18133615528801,0.0361002169100623,-0.00825832486074579,0.215201135594791,0.0100373849346408,-0.32600138380419,0.215600992580555,0.216010601910106,0.221988236105308,0.112868494565037,0.225811893550005,-0.258225627069735,-0.213498718503254,0.22476088750933,0.171045729712864,0.224629462416196,0.164940855399761,0.204754816128422,-0.327604012700095,-0.295170199289984,0.204682545250694,0.22250341917648,0.214935696740261,0.23057212027262,0.21629790689061,-0.324140161878361,-0.235651150943573,0.211907927488873,0.227282978327155,0.228340413756447,0.22910793171454,0.194285194167473,-0.239965532304218,-0.258833083120991,0.180874376521134,0.205068040637068,0.181583376671804,-0.181235064207448,-0.257935559411832,0.123470273007425,0.154735846851724,0.185958967048116,0.211534180405461,0.222940839574992,0.210730420155833,0.22329258206906,-0.272677633133086,-0.332876485755906,0.219173164973387,0.112369124505178,0.00677028840968419,0.00676221945457028,0.229527053594069,-0.270445021289761,-0.334777952915268,0.230048379533833,0.163796247396806,0.111406654512778,0.197759671870452,0.194131995357157,-0.212991359406305,-0.335228944427299,0.226084859554272,0.228677611404406,0.215614694170858,0.138748383958765,0.221206433299495,-0.150788781421415,-0.294723118504647,0.200421287884719,-0.00893006131229374,-0.00816189992021904,-0.0086923326373905,0.202729880805029,-0.148271526704055,-0.278049439679444,0.195319688670767,0.0274340347474659,-0.00199503139784202,0.285960808743673,0.114873894045512,-0.0179386960155642,-0.306708804172674,0.198874567401851,0.193545143895216,0.193902482698089,0.182849476235612,0.118108904999359,0.0195213580075314,0.35798399243791,0.453271655070358,0.555090283532558,0.567291898659708,0.54725662403029,0.520860670314278,0.557492909487001,0.557290867224259
2.89642064449226,5.37603701545168,5.57567710624748,-1.05535706709312,0.183955608418364,0.18840976150776,0.39543902869871,-0.133275664981585,0.0234240353128533,0.601183461879429,0.0869000078784399,0.196646479565981,0.0958580230041532,0.198922203918724,0.191580524014643,0.205860368026744,0.196130773245019,0.203604896033692,-0.237625599079498,-0.327101014480281,-0.303060805756095,-0.0646153540792767,0.442156138626466,0.44165337372405,0.18266963804804,0.364984549295834,0.255818176809995,0.0121169287865177,0.196249073060661,0.201358271910739,0.201677020693901,0.154568756468115,-0.334026269280081,-0.33002786121468,0.212731776266516,0.28220495604066,0.434614338043742,0.539103119842494,0.334198011677928,0.193431115855514,0.117540025114882,0.0263645257014895,0.469041181443267,0.336404696294986,0.56981252736432,0.112754156034078,-0.0884576970025475,-0.332542612009513,0.204501503301453,0.139545960105323,-0.00605794957142403,0.132911315231546,-0.0200295307118399,0.154679690372175,-0.0193696299680582,-0.00943892037953242,0.0539077686955023,-0.00370215742667335,0.0542443287225498,0.210471391772595,-0.186356715885535,-0.306121181169156,0.224025330829652,0.18133615528801,0.0361002169100623,-0.00825832486074579,0.215201135594791,0.0100373849346408,-0.32600138380419,0.215600992580555,0.216010601910106,0.221988236105308,0.112868494565037,0.225811893550005,-0.258225627069735,-0.213498718503254,0.22476088750933,0.171045729712864,0.224629462416196,0.164940855399761,0.204754816128422,-0.327604012700095,-0.295170199289984,0.204682545250694,0.22250341917648,0.214935696740261,0.23057212027262,0.21629790689061,-0.324140161878361,-0.235651150943573,0.211907927488873,0.227282978327155,0.228340413756447,0.22910793171454,0.194285194167473,-0.239965532304218,-0.258833083120991,0.180874376521134,0.205068040637068,0.181583376671804,-0.181235064207448,-0.257935559411832,0.123470273007425,0.154735846851724,0.185958967048116,0.211534180405461,0.222940839574992,0.210730420155833,0.22329258206906,-0.272677633133086,-0.332876485755906,0.219173164973387,0.112369124505178,0.00677028840968419,0.00676221945457028,0.229527053594069,-0.270445021289761,-0.334777952915268,0.230048379533833,0.163796247396806,0.111406654512778,0.197759671870452,0.194131995357157,-0.212991359406305,-0.335228944427299,0.226084859554272,0.228677611404406,0.215614694170858,0.138748383958765,0.221206433299495,-0.150788781421415,-0.294723118504647,0.200421287884719,-0.00893006131229374,-0.00816189992021904,-0.0086923326373905,0.202729880805029,-0.148271526704055,-0.278049439679444,0.195319688670767,0.0274340347474659,-0.00199503139784202,0.285960808743673,0.114873894045512,-0.0179386960155642,-0.306708804172674,0.198874567401851,0.193545143895216,0.193902482698089,0.182849476235612,0.118108904999359,0.0195213580075314,0.35798399243791,0.453271655070358,0.555090283532558,0.567291898659708,0.54725662403029,0.520860670314278,0.557492909487001,0.557290867224259
2.89642064449226,5.37603701545168,5.57567710624748,-1.05535706709312,0.183955608418364,0.18840976150776,0.39543902869871,-0.133275664981585,0.0234240353128533,0.601183461879429,0.0869000078784399,0.196646479565981,0.0958580230041532,0.198922203918724,0.191580524014643,0.205860368026744,0.196130773245019,0.203604896033692,-0.237625599079498,-0.327101014480281,-0.303060805756095,-0.0646153540792767,0.442156138626466,0.44165337372405,0.18266963804804,0.364984549295834,0.255818176809995,0.0121169287865177,0.196249073060661,0.201358271910739,0.201677020693901,0.154568756468115,-0.334026269280081,-0.33002786121468,0.212731776266516,0.28220495604066,0.434614338043742,0.539103119842494,0.334198011677928,0.193431115855514,0.117540025114882,0.0263645257014895,0.469041181443267,0.336404696294986,0.56981252736432,0.112754156034078,-0.0884576970025475,-0.332542612009513,0.204501503301453,0.139545960105323,-0.00605794957142403,0.132911315231546,-0.0200295307118399,0.154679690372175,-0.0193696299680582,-0.00943892037953242,0.0539077686955023,-0.00370215742667335,0.0542443287225498,0.210471391772595,-0.186356715885535,-0.306121181169156,0.224025330829652,0.18133615528801,0.0361002169100623,-0.00825832486074579,0.215201135594791,0.0100373849346408,-0.32600138380419,0.215600992580555,0.216010601910106,0.221988236105308,0.112868494565037,0.225811893550005,-0.258225627069735,-0.213498718503254,0.22476088750933,0.171045729712864,0.224629462416196,0.164940855399761,0.204754816128422,-0.327604012700095,-0.295170199289984,0.204682545250694,0.22250341917648,0.214935696740261,0.23057212027262,0.21629790689061,-0.324140161878361,-0.235651150943573,0.211907927488873,0.227282978327155,0.228340413756447,0.22910793171454,0.194285194167473,-0.239965532304218,-0.258833083120991,0.180874376521134,0.205068040637068,0.181583376671804,-0.181235064207448,-0.257935559411832,0.123470273007425,0.154735846851724,0.185958967048116,0.211534180405461,0.222940839574992,0.210730420155833,0.22329258206906,-0.272677633133086,-0.332876485755906,0.219173164973387,0.112369124505178,0.00677028840968419,0.00676221945457028,0.229527053594069,-0.270445021289761,-0.334777952915268,0.230048379533833,0.163796247396806,0.111406654512778,0.197759671870452,0.194131995357157,-0.212991359406305,-0.335228944427299,0.226084859554272,0.228677611404406,0.215614694170858,0.138748383958765,0.221206433299495,-0.150788781421415,-0.294723118504647,0.200421287884719,-0.00893006131229374,-0.00816189992021904,-0.0086923326373905,0.202729880805029,-0.148271526704055,-0.278049439679444,0.195319688670767,0.0274340347474659,-0.00199503139784202,0.285960808743673,0.114873894045512,-0.0179386960155642,-0.306708804172674,0.198874567401851,0.193545143895216,0.193902482698089,0.182849476235612,0.118108904999359,0.0195213580075314,0.35798399243791,0.453271655070358,0.555090283532558,0.567291898659708,0.54725662403029,0.520860670314278,0.557492909487001,0.557290867224259
2.89642064449226,5.37603701545168,5.57567710624748,-1.05535706709312,0.183955608418364,0.18840976150776,0.39543902869871,-0.133275664981585,0.0234240353128533,0.601183461879429,0.0869000078784399,0.196646479565981,0.0958580230041532,0.198922203918724,0.191580524014643,0.205860368026744,0.196130773245019,0.203604896033692,-0.237625599079498,-0.327101014480281,-0.303060805756095,-0.0646153540792767,0.442156138626466,0.44165337372405,0.18266963804804,0.364984549295834,0.255818176809995,0.0121169287865177,0.196249073060661,0.201358271910739,0.201677020693901,0.154568756468115,-0.334026269280081,-0.33002786121468,0.212731776266516,0.28220495604066,0.434614338043742,0.539103119842494,0.334198011677928,0.193431115855514,0.117540025114882,0.0263645257014895,0.469041181443267,0.336404696294986,0.56981252736432,0.112754156034078,-0.0884576970025475,-0.332542612009513,0.204501503301453,0.139545960105323,-0.00605794957142403,0.132911315231546,-0.0200295307118399,0.154679690372175,-0.0193696299680582,-0.00943892037953242,0.0539077686955023,-0.00370215742667335,0.0542443287225498,0.210471391772595,-0.186356715885535,-0.306121181169156,0.224025330829652,0.18133615528801,0.0361002169100623,-0.00825832486074579,0.215201135594791,0.0100373849346408,-0.32600138380419,0.215600992580555,0.216010601910106,0.221988236105308,0.112868494565037,0.225811893550005,-0.258225627069735,-0.213498718503254,0.22476088750933,0.171045729712864,0.224629462416196,0.164940855399761,0.204754816128422,-0.327604012700095,-0.295170199289984,0.204682545250694,0.22250341917648,0.214935696740261,0.23057212027262,0.21629790689061,-0.324140161878361,-0.235651150943573,0.211907927488873,0.227282978327155,0.228340413756447,0.22910793171454,0.194285194167473,-0.239965532304218,-0.258833083120991,0.180874376521134,0.205068040637068,0.181583376671804,-0.181235064207448,-0.257935559411832,0.123470273007425,0.154735846851724,0.185958967048116,0.211534180405461,0.222940839574992,0.210730420155833,0.22329258206906,-0.272677633133086,-0.332876485755906,0.219173164973387,0.112369124505178,0.00677028840968419,0.00676221945457028,0.229527053594069,-0.270445021289761,-0.334777952915268,0.230048379533833,0.163796247396806,0.111406654512778,0.197759671870452,0.194131995357157,-0.212991359406305,-0.335228944427299,0.226084859554272,0.228677611404406,0.215614694170858,0.138748383958765,0.221206433299495,-0.150788781421415,-0.294723118504647,0.200421287884719,-0.00893006131229374,-0.00816189992021904,-0.0086923326373905,0.202729880805029,-0.148271526704055,-0.278049439679444,0.195319688670767,0.0274340347474659,-0.00199503139784202,0.285960808743673,0.114873894045512,-0.0179386960155642,-0.306708804172674,0.198874567401851,0.193545143895216,0.193902482698089,0.182849476235612,0.118108904999359,0.0195213580075314,0.35798399243791,0.453271655070358,0.555090283532558,0.567291898659708,0.54725662403029,0.520860670314278,0.557492909487001,0.557290867224259
2.89642064449226,5.37603701545168,5.57567710624748,-1.05535706709312,0.183955608418364,0.18840976150776,0.39543902869871,-0.133275664981585,0.0234240353128532,0.601183461879429,0.0869000078784399,0.196646479565981,0.0958580230041532,0.198922203918724,0.191580524014643,0.205860368026745,0.196130773245019,0.203604896033692,-0.237625599079498,-0.327101014480281,-0.303060805756095,-0.0646153540792765,0.442156138626466,0.44165337372405,0.18266963804804,0.364984549295834,0.255818176809995,0.0121169287865177,0.196249073060661,0.201358271910739,0.201677020693901,0.154568756468115,-0.334026269280081,-0.33002786121468,0.212731776266516,0.28220495604066,0.434614338043742,0.539103119842494,0.334198011677928,0.193431115855514,0.117540025114882,0.0263645257014896,0.469041181443267,0.336404696294986,0.56981252736432,0.112754156034078,-0.0884576970025475,-0.332542612009513,0.204501503301453,0.139545960105323,-0.00605794957142392,0.132911315231546,-0.0200295307118398,0.154679690372175,-0.0193696299680582,-0.00943892037953242,0.0539077686955023,-0.00370215742667324,0.0542443287225499,0.210471391772595,-0.186356715885535,-0.306121181169156,0.224025330829652,0.18133615528801,0.0361002169100624,-0.00825832486074568,0.215201135594791,0.0100373849346407,-0.32600138380419,0.215600992580555,0.216010601910106,0.221988236105308,0.112868494565037,0.225811893550005,-0.258225627069735,-0.213498718503254,0.22476088750933,0.171045729712864,0.224629462416196,0.164940855399761,0.204754816128422,-0.327604012700095,-0.295170199289984,0.204682545250694,0.22250341917648,0.214935696740261,0.23057212027262,0.21629790689061,-0.324140161878361,-0.235651150943573,0.211907927488873,0.227282978327155,0.228340413756447,0.22910793171454,0.194285194167473,-0.239965532304218,-0.258833083120991,0.180874376521134,0.205068040637068,0.181583376671804,-0.181235064207449,-0.257935559411832,0.123470273007425,0.154735846851724,0.185958967048116,0.211534180405461,0.222940839574992,0.210730420155833,0.22329258206906,-0.272677633133086,-0.332876485755906,0.219173164973387,0.112369124505178,0.00677028840968419,0.0067622194545704,0.229527053594069,-0.270445021289761,-0.334777952915268,0.230048379533833,0.163796247396806,0.111406654512778,0.197759671870452,0.194131995357157,-0.212991359406305,-0.3352289444273,0.226084859554272,0.228677611404406,0.215614694170858,0.138748383958765,0.221206433299495,-0.150788781421415,-0.294723118504648,0.200421287884719,-0.00893006131229362,-0.00816189992021898,-0.00869233263739039,0.202729880805029,-0.148271526704055,-0.278049439679444,0.195319688670767,0.0274340347474659,-0.00199503139784191,0.285960808743673,0.114873894045512,-0.0179386960155643,-0.306708804172674,0.198874567401851,0.193545143895215,0.193902482698089,0.182849476235612,0.118108904999359,0.0195213580075314,0.35798399243791,0.453271655070358,0.555090283532558,0.567291898659708,0.54725662403029,0.520860670314278,0.557492909487002,0.557290867224259
2.89642064449226,5.37603701545168,5.57567710624748,-1.05535706709312,0.183955608418364,0.18840976150776,0.39543902869871,-0.133275664981585,0.0234240353128532,0.601183461879429,0.0869000078784399,0.196646479565981,0.0958580230041532,0.198922203918724,0.191580524014643,0.205860368026745,0.196130773245019,0.203604896033692,-0.237625599079498,-0.327101014480281,-0.303060805756095,-0.0646153540792767,0.442156138626466,0.44165337372405,0.18266963804804,0.364984549295834,0.255818176809995,0.0121169287865177,0.196249073060661,0.201358271910739,0.201677020693901,0.154568756468115,-0.334026269280081,-0.33002786121468,0.212731776266516,0.28220495604066,0.434614338043742,0.539103119842494,0.334198011677928,0.193431115855514,0.117540025114882,0.0263645257014896,0.469041181443267,0.336404696294986,0.569812527364319,0.112754156034078,-0.0884576970025475,-0.332542612009513,0.204501503301453,0.139545960105323,-0.00605794957142392,0.132911315231546,-0.0200295307118398,0.154679690372175,-0.0193696299680581,-0.00943892037953242,0.0539077686955023,-0.00370215742667312,0.0542443287225499,0.210471391772595,-0.186356715885535,-0.306121181169156,0.224025330829652,0.18133615528801,0.0361002169100625,-0.00825832486074568,0.215201135594791,0.0100373849346407,-0.32600138380419,0.215600992580555,0.216010601910106,0.221988236105308,0.112868494565037,0.225811893550005,-0.258225627069735,-0.213498718503254,0.22476088750933,0.171045729712864,0.224629462416196,0.164940855399761,0.204754816128422,-0.327604012700095,-0.295170199289984,0.204682545250694,0.22250341917648,0.214935696740261,0.23057212027262,0.21629790689061,-0.324140161878361,-0.235651150943573,0.211907927488873,0.227282978327155,0.228340413756447,0.22910793171454,0.194285194167473,-0.239965532304218,-0.258833083120991,0.180874376521134,0.205068040637068,0.181583376671804,-0.181235064207449,-0.257935559411832,0.123470273007425,0.154735846851724,0.185958967048116,0.211534180405461,0.222940839574992,0.210730420155833,0.22329258206906,-0.272677633133086,-0.332876485755906,0.219173164973387,0.112369124505178,0.0067702884096843,0.00676221945457051,0.229527053594069,-0.270445021289761,-0.334777952915268,0.230048379533833,0.163796247396806,0.111406654512778,0.197759671870452,0.194131995357157,-0.212991359406305,-0.335228944427299,0.226084859554272,0.228677611404406,0.215614694170858,0.138748383958765,0.221206433299495,-0.150788781421415,-0.294723118504648,0.200421287884719,-0.00893006131229362,-0.00816189992021898,-0.00869233263739039,0.202729880805029,-0.148271526704055,-0.278049439679444,0.195319688670767,0.0274340347474659,-0.00199503139784191,0.285960808743673,0.114873894045512,-0.0179386960155642,-0.306708804172674,0.198874567401851,0.193545143895215,0.193902482698089,0.182849476235612,0.118108904999359,0.0195213580075314,0.35798399243791,0.453271655070358,0.555090283532558,0.567291898659708,0.54725662403029,0.520860670314278,0.557492909487001,0.557290867224259
2.1723154833692,4.03202776158876,4.18175782968561,-0.791517800319841,0.137966706313773,0.14130732113082,0.296579271524033,-0.0999567487361883,0.0175680264846402,0.450887596409572,0.0651750059088295,0.147484859674486,0.0718935172531147,0.149191652939043,0.143685393010982,0.154395276020058,0.147098079933764,0.152703672025269,-0.178219199309624,-0.245325760860211,-0.227295604317071,-0.0484615155594568,0.331617103969851,0.331240030293038,0.137002228536031,0.273738411971876,0.191863632607497,0.00908769658988801,0.147186804795495,0.151018703933054,0.151257765520425,0.115926567351086,-0.250519701960061,-0.24752089591101,0.159548832199887,0.211653717030495,0.325960753532806,0.40432733988187,0.250648508758446,0.145073336891635,0.0881550188361609,0.019773394276117,0.35178088608245,0.252303522221239,0.42735939552324,0.0845656170255586,-0.0663432727519108,-0.249406959007135,0.15337612747609,0.104659470078992,-0.0045434621785681,0.099683486423659,-0.0150221480338801,0.116009767779131,-0.0145272224760438,-0.00707919028464954,0.0404308265216266,-0.00277661807000512,0.0406832465419122,0.157853543829446,-0.139767536914151,-0.229590885876867,0.168018998122239,0.136002116466007,0.0270751626825467,-0.00619374364555941,0.161400851696094,0.00752803870098023,-0.244501037853142,0.161700744435416,0.16200795143258,0.166491177078981,0.0846513709237779,0.169358920162504,-0.193669220302301,-0.16012403887744,0.168570665631998,0.128284297284648,0.168472096812147,0.123705641549821,0.153566112096316,-0.245703009525071,-0.221377649467488,0.153511908938021,0.16687756438236,0.161201772555196,0.172929090204465,0.162223430167958,-0.24310512140877,-0.176738363207679,0.158930945616655,0.170462233745366,0.171255310317335,0.171830948785905,0.145713895625605,-0.179974149228163,-0.194124812340743,0.13565578239085,0.153801030477801,0.136187532503853,-0.135926298155586,-0.193451669558874,0.0926027047555694,0.116051885138794,0.139469225286087,0.158650635304096,0.167205629681244,0.158047815116875,0.167469436551795,-0.204508224849815,-0.249657364316929,0.16437987373004,0.0842768433788834,0.005077716307263,0.00507166459092767,0.172145290195552,-0.202833765967321,-0.251083464686451,0.172536284650375,0.122847185547604,0.0835549908845832,0.148319753902839,0.145598996517868,-0.159743519554728,-0.251421708320474,0.169563644665704,0.171508208553304,0.161711020628143,0.104061287969074,0.165904824974621,-0.113091586066061,-0.221042338878486,0.15031596591354,-0.00669754598422045,-0.00612142494016449,-0.006519249478043,0.152047410603772,-0.111203645028041,-0.208537079759582,0.146489766503075,0.0205755260605992,-0.00149627354838178,0.214470606557755,0.0861554205341342,-0.0134540220116734,-0.230031603129505,0.149155925551389,0.145158857921412,0.145426862023567,0.137137107176709,0.0885816787495191,0.0146410185056493,0.268487994328434,0.33995374130277,0.416317712649419,0.425468923994782,0.410442468022719,0.390645502735709,0.418119682115252,0.417968150418195
1.44781195110671,2.68727909233895,2.78707167941494,-0.527533380666879,0.0919525031171363,0.0941789670415486,0.197665126014312,-0.0666195018734436,0.0117087959352803,0.300509044696896,0.0434380517888227,0.0982961931997261,0.0479158272741847,0.0994337423749786,0.0957639121911132,0.10290187016002,0.0980384109690373,0.101774444379121,-0.11878011672455,-0.163505518055267,-0.151488720162267,-0.0322987899008592,0.221017255548118,0.220765942246751,0.0913096948032047,0.182442074995097,0.127873903398713,0.00605679784156643,0.0980975446060061,0.100651441316344,0.100810771867499,0.0772631189836956,-0.166967192961733,-0.164968538866549,0.106336629192481,0.141063663799714,0.217247392549352,0.269477412153888,0.167053040539358,0.0966889535827796,0.0587538462061124,0.0131786366971454,0.234456079211454,0.168156079342432,0.28482789216999,0.0563615699099211,-0.0442166821076894,-0.16622556838736,0.10222262469443,0.0697537870244548,-0.00302814158067394,0.066437377110766,-0.0100120105119414,0.0773185706779743,-0.00968215090221639,-0.00471816196898706,0.0269464699208165,-0.00185056952187126,0.0271147036441711,0.105206747836809,-0.0931527266045191,-0.153018486947464,0.111981853168521,0.0906431368292316,0.018045143263055,-0.0041280265876594,0.107570969223116,0.00501731193425412,-0.162955853959454,0.107770842720021,0.107975591047491,0.110963585986559,0.05641872344938,0.112874888806437,-0.129077297409997,-0.106719994826291,0.112349530340543,0.0854993393777113,0.112283835870067,0.0824477418801855,0.102349246267492,-0.163756947983242,-0.147544502196261,0.102313120768701,0.111221106664321,0.107438286304077,0.115254347450362,0.108119204022069,-0.16202549898736,-0.117793164220441,0.105924818115093,0.11361022886331,0.11413880113922,0.114522454554525,0.0971158752695825,-0.119949761504559,-0.129380941886656,0.0904123109584371,0.102505815441192,0.090766713518517,-0.0905926051929281,-0.128932303476695,0.0617181545113227,0.0773466411940368,0.0929539068918339,0.105737995978231,0.111439756701161,0.105336226401893,0.111615579569842,-0.136301312725512,-0.166392459339856,0.109556437602998,0.0561691071023677,0.00338421302534891,0.00338017965758897,0.114731957848635,-0.135185313875313,-0.167342931393422,0.114992549115808,0.0818755953070823,0.0556880044834409,0.0988526362444753,0.0970392969352537,-0.106466385059538,-0.167568365120464,0.113011334265067,0.114307353585333,0.107777691630668,0.0693551086490951,0.110572792112121,-0.0753736513547777,-0.14732102329469,0.100183078175291,-0.0044638024233945,-0.00407982737959744,-0.00434497078293522,0.101337057113613,-0.0741153702170901,-0.138986477165159,0.0976329802377688,0.0137132441208031,-0.000997241304063395,0.142941073574554,0.0574211473687428,-0.00896688073536248,-0.153312217628073,0.0994099306684272,0.0967459519193151,0.0969245721726881,0.0913995891622046,0.059038207905114,0.00975799405341296,0.178942759416548,0.226573484951742,0.277468795138535,0.283567924502733,0.273553042822016,0.26035869644019,0.278669777660703,0.278568784318047
0.724105161123066,1.34400925386292,1.39391927656187,-0.26383926677328,0.0459889021045911,0.04710244037694,0.0988597571746776,-0.0333189162453962,0.0058560088282133,0.150295865469857,0.02172500196961,0.0491616198914953,0.0239645057510383,0.0497305509796811,0.0478951310036608,0.0514650920066861,0.0490326933112547,0.050901224008423,-0.0594063997698746,-0.0817752536200703,-0.0757652014390238,-0.0161538385198192,0.110539034656617,0.110413343431012,0.0456674095120101,0.0912461373239585,0.0639545442024988,0.00302923219662943,0.0490622682651652,0.0503395679776849,0.0504192551734752,0.0386421891170288,-0.0835065673200203,-0.08250696530367,0.053182944066629,0.0705512390101649,0.108653584510935,0.134775779960623,0.0835495029194821,0.0483577789638784,0.0293850062787205,0.0065911314253724,0.117260295360817,0.0841011740737465,0.14245313184108,0.0281885390085196,-0.0221144242506369,-0.0831356530023783,0.0511253758253633,0.0348864900263308,-0.00151448739285598,0.0332278288078864,-0.00500738267795996,0.0386699225930438,-0.00484240749201452,-0.00235973009488311,0.0134769421738756,-0.000925539356668281,0.0135610821806375,0.0526178479431488,-0.0465891789713837,-0.0765302952922891,0.0560063327074129,0.0453340388220024,0.00902505422751564,-0.00206458121518642,0.0538002838986979,0.00250934623366018,-0.0815003459510475,0.0539002481451387,0.0540026504775265,0.055497059026327,0.0282171236412593,0.0564529733875012,-0.0645564067674338,-0.0533746796258135,0.0561902218773326,0.0427614324282161,0.0561573656040489,0.0412352138499403,0.0511887040321054,-0.0819010031750237,-0.0737925498224959,0.0511706363126735,0.05562585479412,0.0537339241850653,0.057643030068155,0.0540744767226525,-0.0810350404695903,-0.0589127877358932,0.0529769818722182,0.0568207445817888,0.0570851034391116,0.0572769829286351,0.0485712985418682,-0.0599913830760544,-0.0647082707802478,0.0452185941302835,0.051267010159267,0.0453958441679509,-0.0453087660518621,-0.064483889852958,0.0308675682518562,0.0386839617129311,0.0464897417620289,0.0528835451013653,0.0557352098937479,0.0526826050389582,0.0558231455172649,-0.0681694082832716,-0.0832191214389764,0.0547932912433467,0.0280922811262945,0.00169257210242107,0.00169055486364263,0.0573817633985173,-0.0676112553224402,-0.083694488228817,0.0575120948834582,0.0409490618492014,0.0278516636281944,0.049439917967613,0.0485329988392892,-0.0532478398515762,-0.0838072361068249,0.056521214888568,0.0571694028511015,0.0539036735427145,0.0346870959896912,0.0553016083248737,-0.0376971953553538,-0.0736807796261619,0.0501053219711798,-0.00223251532807341,-0.00204047498005475,-0.0021730831593476,0.0506824702012572,-0.0370678816760137,-0.0695123599198609,0.0488299221676917,0.00685850868686647,-0.000498757849460477,0.0714902021859182,0.0287184735113781,-0.00448467400389105,-0.0766772010431684,0.0497186418504628,0.0483862859738039,0.0484756206745221,0.0457123690589031,0.0295272262498398,0.00488033950188284,0.0894959981094776,0.11331791376759,0.138772570883139,0.141822974664927,0.136814156007573,0.13021516757857,0.13937322737175,0.139322716806065
0.677322200524781,1.25717555160111,1.3038609893216,-0.246793148772145,0.0430176527465826,0.0440592475776788,0.0924726294852602,-0.0311662488849423,0.00547766401729011,0.140585555517838,0.0203213938119694,0.0459853876951044,0.0224162078124219,0.0465175613036993,0.0448007240764697,0.048140037165478,0.0458647907987929,0.0476125995308715,-0.0555682731980246,-0.0764919209310874,-0.0708701659884468,-0.0151101718929831,0.103397332621387,0.103279762050034,0.0427169311360345,0.0853509101161429,0.059822571276265,0.0028335196701806,0.0458924549751288,0.0470872309530705,0.0471617697213382,0.036145595931462,-0.0781113779768431,-0.0771763582121541,0.0497469023003876,0.0659930670594863,0.101633697571925,0.126068191143383,0.0781515395946161,0.0452334812936629,0.0274865008340337,0.00616529183973392,0.109684346352112,0.0786675683984888,0.133249524945519,0.0263673348788411,-0.0206856563120591,-0.0777644276782956,0.0478222693551637,0.0326325449145697,-0.00141663944502937,0.0310810464213681,-0.00468386587528975,0.0361715376040411,-0.00452954940031365,-0.00220727273650678,0.0126062243713288,-0.000865742142700091,0.0126849282635146,0.0492183158872345,-0.0435791469468303,-0.0715858286851439,0.0523878775478867,0.0424050988477569,0.00844196384369841,-0.00193119282517382,0.0503243570624554,0.00234722248108983,-0.0762347744870063,0.0504178628224035,0.050513649148528,0.0519115070027473,0.0263940727166414,0.0528056616827382,-0.0603855487259253,-0.0499262502153561,0.0525598860128305,0.0399987033167253,0.0525291525164872,0.0385710906142881,0.0478815060553681,-0.0766095460632491,-0.069024963377678,0.0478646056545132,0.0520319815381373,0.0502622847148504,0.0539188312235262,0.0505808348461533,-0.0757995314456114,-0.0551065524328483,0.049554246904137,0.0531496719287336,0.0533969510983675,0.0535764336446291,0.0454332058063221,-0.056115461923482,-0.0605276011139792,0.0422971128025908,0.04795475298304,0.0424629110761037,-0.0423814588998544,-0.060317716981691,0.0288732774957296,0.0361846696849683,0.043486134173175,0.0494668468928653,0.0521342714273624,0.0492788891588918,0.0522165257092304,-0.0637651215678191,-0.0778425033890989,0.0512532082237586,0.0262772960224609,0.0015832184639875,0.00158133155490059,0.053674444461625,-0.0632430297337086,-0.0782871576982215,0.053796355494604,0.038303426311876,0.0260522243311542,0.0462457054989793,0.0453973805695706,-0.0498076053007595,-0.0783926211653211,0.0528694942393215,0.0534758040969338,0.050421066912014,0.0324460333207858,0.0517286839732895,-0.0352616562932648,-0.0689204144262293,0.0468681191042558,-0.0020882770568445,-0.00190864404482755,-0.00203268467957032,0.0474079789619299,-0.034673001289826,-0.0650213078326459,0.0456751202860902,0.00641539440058929,-0.000466534119991147,0.0668713657356435,0.026863031392112,-0.00419492834471809,-0.0717232431544746,0.0465064215990799,0.0452601465237011,0.0453437094912401,0.0427589859381142,0.0276195322622973,0.00456503070023236,0.0837138438340323,0.1059966740092,0.129806757539564,0.132660080941879,0.127974871862901,0.121802230644549,0.130368606835038,0.13032135965419
0.65169464501076,1.20960832847663,1.25452734890568,-0.237455340095953,0.041390011894132,0.0423921963392459,0.0889737814572096,-0.0299870246208568,0.00527040794539171,0.135266278922871,0.019552501772649,0.0442454579023456,0.0215680551759344,0.0447574958817129,0.0431056179032946,0.0463185828060174,0.0441294239801291,0.0458111016075805,-0.0534657597928869,-0.073597728258063,-0.0681886812951211,-0.014538454667837,0.0994851311909549,0.0993720090879113,0.0411006685608093,0.0821215235915629,0.057559089782249,0.00272630897696649,0.0441560414386485,0.0453056111799162,0.0453773296561275,0.0347779702053258,-0.075155910588018,-0.0742562687733027,0.0478646496599662,0.0634961151091485,0.0977882260598417,0.121298201964561,0.0751945526275339,0.0435220010674904,0.0264465056508483,0.00593201828283517,0.105534265824735,0.0756910566663719,0.128207818656972,0.0253696851076676,-0.0199029818255731,-0.0748220877021401,0.046012838242827,0.0313978410236977,-0.00136303865357038,0.0299050459270978,-0.00450664441016399,0.0348029303337392,-0.00435816674281307,-0.00212375708539481,0.012129247956488,-0.000832985421001492,0.0122049739625737,0.047356063148834,-0.0419302610742451,-0.0688772657630598,0.0504056994366717,0.0408006349398022,0.00812254880476404,-0.00185812309366774,0.0484202555088281,0.00225841161029416,-0.0733503113559425,0.0485102233306249,0.0486023854297739,0.0499473531236944,0.0253954112771334,0.0508076760487512,-0.0581007660906901,-0.0480372116632319,0.0505711996895994,0.0384852891853945,0.0505416290436441,0.0371116924649463,0.0460698336288949,-0.0737109028575211,-0.066413294840246,0.0460535726814063,0.0500632693147081,0.0483605317665588,0.0518787270613395,0.0486670290503873,-0.0729315364226309,-0.0530215089623036,0.0476792836849965,0.05113867012361,0.0513765930952006,0.0515492846357716,0.0437141686876815,-0.0539922447684488,-0.0582374437022227,0.0406967347172551,0.0461403091433404,0.0408562597511558,-0.0407778894466757,-0.0580355008676619,0.0277808114266707,0.0348155655416381,0.041840767585826,0.0475951905912289,0.0501616889043732,0.0474143445350624,0.0502408309655385,-0.0613524674549442,-0.0748972092950785,0.0493139621190121,0.025283053013665,0.00152331489217895,0.00152149937727834,0.0516435870586656,-0.060850129790196,-0.075325039405935,0.0517608853951125,0.0368541556642813,0.025066497265375,0.0444959261708517,0.0436796989553604,-0.0479230558664183,-0.0754265124961421,0.0508690933997113,0.0514524625659914,0.048513306188443,0.0312183863907221,0.0497714474923864,-0.0339274758198183,-0.0663127016635454,0.0450947897740619,-0.00200926379526607,-0.00183642748204926,-0.00195577484341283,0.0456142231811315,-0.0333610935084122,-0.0625611239278745,0.0439469299509226,0.00617265781817986,-0.000448882064514447,0.0643411819673265,0.0258466261602403,-0.00403620660350193,-0.0690094809388514,0.0447467776654166,0.0435476573764236,0.04362805860707,0.0411411321530128,0.0265745036248558,0.00439230555169476,0.0805463982985301,0.101986122390831,0.124895313794825,0.127640677198434,0.123132740406815,0.117193650820712,0.125435904634575,0.125390445125458
0.452855374395746,0.840543399670641,0.871757128323505,-0.16500507985553,0.0287614597972522,0.0294578666429739,0.0618268930421317,-0.020837650524914,0.00366234797477841,0.0939950356408485,0.0135868164306923,0.0307456775302292,0.0149874021161009,0.0311014870379893,0.0299536153681824,0.0321862690121585,0.0306650468457664,0.0318336259608823,-0.0371527629599614,-0.0511422443626667,-0.0473835576736166,-0.0101026107581877,0.0691311132862632,0.0690525059926195,0.0285603983269087,0.0570653351177869,0.0399971725297641,0.00189448184350548,0.0306835430222128,0.0314823662741166,0.0315322026470934,0.0241668254275696,-0.0522250079664661,-0.051599856856289,0.0332606137061743,0.044122745522873,0.0679519527478926,0.0842887740212832,0.0522518598907625,0.0302429554067382,0.0183773831957395,0.0041220936537714,0.0733345897922049,0.0525968750356902,0.0890901899576088,0.0176291125540019,-0.0138303611288119,-0.051993038148817,0.031973810509249,0.0218180111818627,-0.000947160429357712,0.0207806844406619,-0.00313161717264016,0.0241841699437232,-0.00302844168983947,-0.00147577522294396,0.00842847975892679,-0.000578832322133967,0.00848110091992597,0.0329072025853761,-0.02913687295524,-0.0478620473764533,0.0350263609879694,0.0283519082943259,0.00564426899651509,-0.00129118911087944,0.033646698042802,0.00156934515750481,-0.0509703171039431,0.0337092156834413,0.0337732581030542,0.0347078612231557,0.0176469893835791,0.0353056900733857,-0.0403735773833846,-0.0333805251266435,0.0351413652765207,0.026743000232099,0.0351208169629082,0.0257885031192724,0.0320134159703253,-0.0512208881354859,-0.0461498613345799,0.0320021164184272,0.0347884100975126,0.0336051966772887,0.0360499515323619,0.0338181782374135,-0.0506793150515797,-0.0368440579893903,0.0331318049479041,0.0355356941816602,0.0357010242134502,0.0358210256479549,0.0303764905527679,-0.0375186115250019,-0.0404685531383889,0.0282797091830679,0.0320623886229691,0.0283905613582478,-0.0283361027036487,-0.0403282253044075,0.0193045774673119,0.0241929500094293,0.0290746849235992,0.0330733695905572,0.034856800777821,0.0329477016736882,0.0349117957175737,-0.0426331485644676,-0.0520452393098296,0.0342677248452366,0.0175689128735771,0.00105853460835007,0.00105727302719957,0.0358865553547785,-0.0422840796976536,-0.052342533704548,0.0359680646666538,0.0256095436553905,0.0174184306880624,0.0309197251495812,0.0303525379184244,-0.0333011995306742,-0.0524130462284864,0.0353483683087777,0.0357537450664804,0.0337113579271165,0.0216933101495228,0.0345856263526774,-0.0235758263203664,-0.0460799602527693,0.0313358688195038,-0.00139621510661642,-0.00127611307120739,-0.00135904622775122,0.0316968173278782,-0.0231822535395456,-0.0434730305302857,0.0305382337707257,0.00428931139555775,-0.000311923163618923,0.0447099731015855,0.0179605335969414,-0.00280471516309189,-0.0479539222343983,0.0310940390684672,0.0302607836910066,0.0303166536136537,0.0285885160279472,0.0184663275669796,0.00305216436915837,0.0559707980370277,0.070869024307707,0.0867883671008162,0.0886960896538735,0.0855635744197069,0.0814365669957927,0.0871640176742926,0.0871324283660504
